name,street,city,state,zip,capacity,license_id,license_type,status
HOLBROOK SENIOR CENTER EXTENDED CARE,216 JOY NEVIN AVE,HOLBROOK,AZ,86025,16,AL0054C,ASSISTED LIVING CENTER,ACTIVE
QUAIL MANOR ASSISTED LIVING LLC,13820 N 65TH AVE,GLENDALE,AZ,85306,10,AL10791H,ASSISTED LIVING HOME,ACTIVE
DOC'S PLACE LLC,1722 E TAMAR RD,PHOENIX,AZ,85086,10,AL11222H,ASSISTED LIVING HOME,ACTIVE
THE LODGE AT 14TH STREET,2941 N 14TH ST,PHOENIX,AZ,85014,40,AL0021C,ASSISTED LIVING CENTER,ACTIVE
SIMPLY TOGETHER ALH LLC,8635 N VIA LA SERENA,PARADISE VALLEY,AZ,85253,10,AL11237H,ASSISTED LIVING HOME,ACTIVE
COPPER SKY ASSISTED LIVING,1580 E VALERIE ST,CASA GRANDE,AZ,85122,46,AL11240C,ASSISTED LIVING CENTER,ACTIVE
JANE'S PLACE,8002 W GRANT ST,PEORIA,AZ,85345,8,AL10372H,ASSISTED LIVING HOME,ACTIVE
PERPETUAL HELP ASSISTED LIVING,8201 E LEWIS AVE,SCOTTSDALE,AZ,85257,5,AL10377H,ASSISTED LIVING HOME,ACTIVE
JOYCE RIDGE CIVITAN HOUSE,5038 N 17TH AVE,PHOENIX,AZ,85015,26,AL0076C,ASSISTED LIVING CENTER,ACTIVE
MARSHALL HOME FOR MEN,3314 S 16TH AVE,TUCSON,AZ,85713,52,AL0057C,ASSISTED LIVING CENTER,ACTIVE
"VILLAS AT GREEN VALLEY, VILLA F",865 N DESERT BELL # B,GREEN VALLEY,AZ,85614,10,AL10363H,ASSISTED LIVING HOME,ACTIVE
ASSISTED SENIOR LIVING CARE LLC,4149 E GREENWAY CIR,MESA,AZ,85205,10,AL10379H,ASSISTED LIVING HOME,ACTIVE
SONORAN SKY ASSISTED LIVING CARE HOME,3411 E POINSETTIA DR,PHOENIX,AZ,85028,9,AL11224H,ASSISTED LIVING HOME,ACTIVE
HELPING HANDS ASSISTED CARE HOME,4411 S NEWPORT ST,CHANDLER,AZ,85249,5,AL11235H,ASSISTED LIVING HOME,ACTIVE
LIFESTREAM AT YOUNGTOWN,11315 W PEORIA AVE,YOUNGTOWN,AZ,85363,30,AL0015C,ASSISTED LIVING CENTER,ACTIVE
"ALERT ADULT CARE, INC",10247 W MISSOURI AVE,GLENDALE,AZ,85307,9,AL10797H,ASSISTED LIVING HOME,ACTIVE
PASEO HIGHLANDS ASSISTED LIVING,3134 W ADOBE DAM RD,PHOENIX,AZ,85027,10,AL11215H,ASSISTED LIVING HOME,ACTIVE
"NEURO REHABCARE SCOTTSDALE-AZ, LLC",7480 E CAMINO SANTO,SCOTTSDALE,AZ,85260,10,AL11220H,ASSISTED LIVING HOME,ACTIVE
"MCCORMICK RANCH ASSISTED LIVING HOME, LLC",7002 N VIA DE LA CAMPANA,SCOTTSDALE,AZ,85258,10,AL11225H,ASSISTED LIVING HOME,ACTIVE
B AND H ADULT CARE HOME,1884 E GREENWAY DR,TEMPE,AZ,85282,10,AL1080H,ASSISTED LIVING HOME,ACTIVE
MOUNTAIN COVE LUXURY CARE,42132 N MOUNTAIN COVE DR,ANTHEM,AZ,85086,10,AL11228H,ASSISTED LIVING HOME,ACTIVE
ABUNDANT LIFE ALH II,2028 W CALLE DEL SOL,PHOENIX,AZ,85085,10,AL11244H,ASSISTED LIVING HOME,ACTIVE
FAMILY CARE HOMES-GILBERT HOUSE,1511 N GILBERT RD,MESA,AZ,85203,10,AL0223H,ASSISTED LIVING HOME,ACTIVE
MOUNTAIN PARK SENIOR LIVING,4475 E KNOX RD,PHOENIX,AZ,85044,86,AL11243C,ASSISTED LIVING CENTER,ACTIVE
APOLLO RESIDENTIAL ASSISTED LIVING,4719 W HARMONT DR,GLENDALE,AZ,85302,10,AL11245,ASSISTED LIVING HOME,ACTIVE
THE VILLA ROSA,1001 W CALLE SAN JOSE,SAHUARITA,AZ,85629,10,AL10818H,ASSISTED LIVING HOME,ACTIVE
KLEIN'S HOME CARE,8846 E CALLE PLAYA,TUCSON,AZ,85715,5,AL0338H,ASSISTED LIVING HOME,ACTIVE
ORCHARD POINTE AT ARROWHEAD,17200 N 67TH AVE,GLENDALE,AZ,85308,120,AL10380C,ASSISTED LIVING CENTER,ACTIVE
MONTE CRISTO 1 ALH LLC,15861 N 20TH ST,PHOENIX,AZ,85022,5,AL11234H,ASSISTED LIVING HOME,ACTIVE
SHEA MANOR ASSISTED LIVING HOME,10433 N 43RD ST,PHOENIX,AZ,85028,10,AL10828H,ASSISTED LIVING HOME,ACTIVE
MEADOWS ASSISTED LIVING,22412 N 101ST AVE,PEORIA,AZ,85383,10,AL10829H,ASSISTED LIVING HOME,ACTIVE
AFFIRMATIVE CARE HOME,8074 E 8TH ST,TUCSON,AZ,85710,10,AL0438H,ASSISTED LIVING HOME,ACTIVE
A CARING MANOR,18642 East Cloud Road,Queen Creek,AZ,85142,5,AL0355H,ASSISTED LIVING HOME,ACTIVE
G & G COMFORTABLE CARE HOME,15247 N 63RD DR,GLENDALE,AZ,85306,10,AL0796H,ASSISTED LIVING HOME,ACTIVE
INSIGHT GUEST HOME,15433 N 45TH ST,PHOENIX,AZ,85032,5,AL0411H,ASSISTED LIVING HOME,ACTIVE
DESERT POND ASSISTED LIVING,6361 W POST RD,CHANDLER,AZ,85226,5,AL10840H,ASSISTED LIVING HOME,ACTIVE
ABSOLUTE BEST CARE,8504 W AUDREY LN,PEORIA,AZ,85382,5,AL10852H,ASSISTED LIVING HOME,ACTIVE
"LINCOLN RESIDENTIAL ASSISTED LIVING, LLC",6501 N 48TH ST,PARADISE VALLEY,AZ,85253,10,AL11236H,ASSISTED LIVING HOME,ACTIVE
LEGACY OF HEARTS ASSISTED LIVING LLC,4638 E SUMMERHAVEN DR,PHOENIX,AZ,85044,5,AL10375H,ASSISTED LIVING HOME,ACTIVE
RIDGECREST I,685 W ROLLER COASTER RD,TUCSON,AZ,85704,10,AL0128H,ASSISTED LIVING HOME,ACTIVE
"PARADISE VALLEY CARE HOME, LLC",6838 N ROCKING RD,SCOTTSDALE,AZ,85250,10,AL10820H,ASSISTED LIVING HOME,ACTIVE
NEIGHBORS ASSISTED LIVING SOUTH,2731 JAMAICA BLVD S,LAKE HAVASU CITY,AZ,86406,16,AL11246C,ASSISTED LIVING CENTER,ACTIVE
NEIGHBORS ASSISTED LIVING NORTH,2845 HAVASUPAI BLVD,LAKE HAVASU CITY,AZ,86404,16,AL11247C,ASSISTED LIVING CENTER,ACTIVE
GRACIOUS GRANNY'S,1420 S BATES RD,COTTONWOOD,AZ,86326,10,AL10813H,ASSISTED LIVING HOME,ACTIVE
"TBI CARE, INC",6617 W MADRE DEL ORO DR,PHOENIX,AZ,85083,10,AL10823H,ASSISTED LIVING HOME,ACTIVE
ASLAN ADULT CARE HOME,7511 E 39TH ST,TUCSON,AZ,85730,7,AL0367H,ASSISTED LIVING HOME,ACTIVE
HIGHLAND ASSISTED LIVING LLC,1040 N VILLAS LN,CHANDLER,AZ,85224,5,AL10794H,ASSISTED LIVING HOME,ACTIVE
VALLEY DESERT SPRINGS LLC,3445 W ACOMA DR,PHOENIX,AZ,85053,10,AL11219H,ASSISTED LIVING HOME,ACTIVE
THE OASIS AT FELLOWSHIP SQUARE SURPRISE,16640 N SARIVAL RD,SURPRISE,AZ,85388,88,AL10834C,ASSISTED LIVING CENTER,ACTIVE
SILVER BELLS ADULT CARE HOME,5248 E MARCONI AVE,SCOTTSDALE,AZ,85254,10,AL0755H,ASSISTED LIVING HOME,ACTIVE
NORTH VALLEY CARE HOME,15821 N 20TH ST,PHOENIX,AZ,85022,10,AL0503H,ASSISTED LIVING HOME,ACTIVE
RED MOUNTAIN SENIOR HOME #1 INC,8411 E CULVER ST,MESA,AZ,85207,10,AL0783H,ASSISTED LIVING HOME,ACTIVE
"FISHER FAMILY HOME, LLC",2927 W REDFIELD RD,PHOENIX,AZ,85053,10,AL0792H,ASSISTED LIVING HOME,ACTIVE
MULBERRY ASSISTED LIVING,10611 E MONTEREY AVE,MESA,AZ,85209,4,AL10809H,ASSISTED LIVING HOME,ACTIVE
ST. LUKE'S HOME,615 E ADAMS ST,TUCSON,AZ,85705,80,AL0059C,ASSISTED LIVING CENTER,ACTIVE
ELITE QUALITY HOME CARE,10420 N 57TH ST,PARADISE VALLEY,AZ,85253,10,AL0217H,ASSISTED LIVING HOME,ACTIVE
"LOVE AND CARE II ASSISTED LIVING, LLC",16786 W ELECTRA LN,SURPRISE,AZ,85387,10,AL10817H,ASSISTED LIVING HOME,ACTIVE
PLEASANT SUNSET ASSISTED LIVING LLC,21393 N 94TH AVE,PEORIA,AZ,85382,10,AL10825H,ASSISTED LIVING HOME,ACTIVE
HUGER MERCY LIVING CENTER,2345 W ORANGEWOOD AVE,PHOENIX,AZ,85021,48,AL0227C,ASSISTED LIVING CENTER,ACTIVE
EMMANUEL CARE HOME,6414 E CALLE CAPPELA,TUCSON,AZ,85710,10,AL0453H,ASSISTED LIVING HOME,ACTIVE
CIRCLES OF LIFE RESIDENTIAL CARE,1529 E LAREDO ST,CHANDLER,AZ,85225,5,AL10835H,ASSISTED LIVING HOME,ACTIVE
NEW REFLECTIONS ADULT CARE HOME,6412 W VILLA THERESA DR,GLENDALE,AZ,85308,10,AL0600H,ASSISTED LIVING HOME,ACTIVE
KELLYS ADULT CARE HOME,3802 E BECK LN,PHOENIX,AZ,85032,10,AL0804H,ASSISTED LIVING HOME,ACTIVE
LOPEZ ADULT HOME CARE,6010 E WENDREW LN,TUCSON,AZ,85711,9,AL0852H,ASSISTED LIVING HOME,ACTIVE
FORUM PUEBLO NORTE ASSISTED LIVING,7108 E MESCAL ST,SCOTTSDALE,AZ,85254,60,AL11255C,ASSISTED LIVING CENTER,ACTIVE
"MARY GRACE CARE HOME, LLC",74 S PRAIRIE RD,GILBERT,AZ,85296,7,AL11257H,ASSISTED LIVING HOME,ACTIVE
IMMANUEL CAMPUS OF CARE,11295 N 99TH AVE,PEORIA,AZ,85345,210,AL0976C,ASSISTED LIVING CENTER,ACTIVE
CAMI ASSISTED LIVING HOME LLC,14335 W CORONADO RD,GOODYEAR,AZ,85395,10,AL11275H,ASSISTED LIVING HOME,ACTIVE
ACTIVE CARE HOME III LLC,17826 N 56TH ST,SCOTTSDALE,AZ,85254,10,AL10008H,ASSISTED LIVING HOME,ACTIVE
FAUBUSH FAMILY HOMES,300 E HUNTER DR,GLOBE,AZ,85501,10,AL10858H,ASSISTED LIVING HOME,ACTIVE
"STARFISH CARE HOMES, LLC",5530 E 2ND ST,TUCSON,AZ,85711,10,AL10855H,ASSISTED LIVING HOME,ACTIVE
SUNRISE ADULT CARE HOME #2,16768 W BRISTOL LN,SURPRISE,AZ,85374,10,AL10030H,ASSISTED LIVING HOME,ACTIVE
DEVOTED HEARTS ASSISTED LIVING LLC,1621 W CORONA DR,CHANDLER,AZ,85224,5,AL10031H,ASSISTED LIVING HOME,ACTIVE
GRANDMA'S ANGEL #2,1532 S PERLMAN AVE,TUCSON,AZ,85710,9,AL10039H,ASSISTED LIVING HOME,ACTIVE
OLIVE PARK ASSISTED LIVING,10161 W LAWRENCE LN,PEORIA,AZ,85345,10,AL10875H,ASSISTED LIVING HOME,ACTIVE
FAMILY CARE HOMES-IVY HOUSE,434 E IVY ST,MESA,AZ,85203,10,AL0435H,ASSISTED LIVING HOME,ACTIVE
CLARENDALE OF CHANDLER,5900 South Gilbert Road,Chandler,AZ,85249,114,AL11263C,ASSISTED LIVING CENTER,ACTIVE
FAMILY CARE HOMES-JENSEN HOUSE,2222 E JENSEN ST,MESA,AZ,85213,10,AL0892H,ASSISTED LIVING HOME,ACTIVE
HOLMLUND ASSISTED LIVING SUITES AT LA POSADA,750 S La Posada Cir,Green Valley,AZ,85614,176,AL0962C,ASSISTED LIVING CENTER,ACTIVE
THE FORUM AT TUCSON,2500 N ROSEMONT BLVD,TUCSON,AZ,85712,130,AL11254C,ASSISTED LIVING CENTER,ACTIVE
HACIENDA AT THE CANYON,3900 N SABINO CANYON RD,TUCSON,AZ,85750,108,AL11264C,ASSISTED LIVING CENTER,ACTIVE
MESA SERENITY ASSISTED LIVING HOME LLC,3759 E CLOVIS AVE,MESA,AZ,85206,6,AL11272H,ASSISTED LIVING HOME,ACTIVE
PARKVIEW DRIVE HOMECARE LLC,2771 E PARKVIEW DR,GILBERT,AZ,85295,8,AL11250H,ASSISTED LIVING HOME,ACTIVE
SILVER CREEK LEISURE LIVING,1670 HIGHWAY 95,BULLHEAD CITY,AZ,86442,62,AL0881C,ASSISTED LIVING CENTER,ACTIVE
BELLA VITA RESIDENTIAL ASSISTED LIVING LLC,1002 W LAS PALMARITAS DR,PHOENIX,AZ,85021,10,AL11258,ASSISTED LIVING HOME,ACTIVE
CAREFREE ASSISTED LIVING CENTER,22 S 7TH ST,COTTONWOOD,AZ,86326,20,AL11262C,ASSISTED LIVING CENTER,ACTIVE
PLEASANT VILLE ASSISTED LIVING HOME LLC,1465 N ROBIN LN,MESA,AZ,85213,10,AL10849H,ASSISTED LIVING HOME,ACTIVE
BLUE LAKES ASSISTED LIVING LLC,9815 N 96TH PL,SCOTTSDALE,AZ,85258,10,AL10022H,ASSISTED LIVING HOME,ACTIVE
ARIZONA SUNSET ASSISTED LIVING,35605 N MOYES RD,QUEEN CREEK,AZ,85144,10,AL10864H,ASSISTED LIVING HOME,ACTIVE
ALMOND CARE CONCEPTS AT AMERICAN ORCHARDS,765 N LINDSAY RD,GILBERT,AZ,85234,45,AL10047C,ASSISTED LIVING CENTER,ACTIVE
PECAN CARE CONCEPTS AT AMERICAN ORCHARDS,765 N LINDSAY RD,GILBERT,AZ,85234,53,AL10048C,ASSISTED LIVING CENTER,ACTIVE
"VILLAS AT GREEN VALLEY, VILLA D",865 N DESERT BELL # B,GREEN VALLEY,AZ,85614,10,AL10050H,ASSISTED LIVING HOME,ACTIVE
"HAVEN OF CAMP VERDE ALF, LLC",86 W SALT MINE RD,CAMP VERDE,AZ,86322,32,AL10034C,ASSISTED LIVING CENTER,ACTIVE
AZALEA ASSISTED LIVING LLC,3281 E AZALEA DR,GILBERT,AZ,85298,10,AL10887H,ASSISTED LIVING HOME,ACTIVE
"SUN CITY WEST, ASSISTED LIVING & MEMORY CARE",13810 W SANDRIDGE DR,SUN CITY,AZ,85375,99,AL10877C,ASSISTED LIVING CENTER,ACTIVE
THE ENCLAVE AT CHANDLER SENIOR LIVING,4950 W CHANDLER BLVD,CHANDLER,AZ,85226,115,AL10888C,ASSISTED LIVING CENTER,ACTIVE
"MOON VALLEY ASSISTED LIVING II, LLC",14201 N CORAL GABLES DR,PHOENIX,AZ,85023,10,AL10060H,ASSISTED LIVING HOME,ACTIVE
VISIONS SENIOR LIVING AT APACHE JUNCTION 2,1510 E BROADWAY AVE,APACHE JUNCTION,AZ,85119,40,AL10069C,ASSISTED LIVING CENTER,ACTIVE
LOVIN TOUCH ASSISTED LIVING,4130 W NORTHERN AVE,PHOENIX,AZ,85051,9,AL10880H,ASSISTED LIVING HOME,ACTIVE
GRACE ASSISTED LIVING HOME,5372 W GERONIMO ST,CHANDLER,AZ,85226,5,AL10889H,ASSISTED LIVING HOME,ACTIVE
"SPRING ASSISTED LIVING, LLC",10535 E CORBIN AVE,MESA,AZ,85212,5,AL10890H,ASSISTED LIVING HOME,ACTIVE
"STARFISH CARE HOMES, LLC",5536 E 2ND ST,TUCSON,AZ,85711,10,AL10856H,ASSISTED LIVING HOME,ACTIVE
AEGIS AT FAIRVIEW ASSISTED LIVING HOME,2371 E FAIRVIEW ST,CHANDLER,AZ,85225,5,AL10029H,ASSISTED LIVING HOME,ACTIVE
KING ASSISTED LIVING II,3318 E MARCONI AVE,PHOENIX,AZ,85032,5,AL10874H,ASSISTED LIVING HOME,ACTIVE
ANGELS PARADISE CARE HOME 2,5582 W BECKER LN,GLENDALE,AZ,85304,5,AL10884H,ASSISTED LIVING HOME,ACTIVE
THE GROVES,2655 N PEBBLE CREEK PKWY,GOODYEAR,AZ,85395,142,AL10080C,ASSISTED LIVING CENTER,ACTIVE
BENZEN HEALING HANDS,1502 N ROCHESTER DR,GILBERT,AZ,85234,5,AL10898H,ASSISTED LIVING HOME,ACTIVE
CONSTANT CARE ASSISTED LIVING - OCOTILLO,6730 N 7TH ST,PHOENIX,AZ,85014,10,AL10899H,ASSISTED LIVING HOME,ACTIVE
FRIENDS AND FAMILY ASSISTED LIVING INC,10601 E MESETO AVE,MESA,AZ,85209,5,AL10903H,ASSISTED LIVING HOME,ACTIVE
AMAZING COMFORT HOMES LLC,381 S 132ND ST,CHANDLER,AZ,85225,5,AL10911H,ASSISTED LIVING HOME,ACTIVE
LIBERTY HOME CARE ASSISTED LIVING LLC,10509 W LOUISE DR,PEORIA,AZ,85383,5,AL10912H,ASSISTED LIVING HOME,ACTIVE
VISIONS SENIOR LIVING AT MESA 2,537 S HIGLEY RD BLDG 2,MESA,AZ,85206,20,AL10067C,ASSISTED LIVING CENTER,ACTIVE
VISIONS SENIOR LIVING AT MESA 1,537 S HIGLEY RD,MESA,AZ,85206,15,AL10068C,ASSISTED LIVING CENTER,ACTIVE
VISIONS SENIOR LIVING AT APACHE JUNCTION 1,1510 E BROADWAY AVE,APACHE JUNCTION,AZ,85119,16,AL10066C,ASSISTED LIVING CENTER,ACTIVE
"TUCSON PLACE, ASSISTED LIVING & MEMORY CARE",5660 N KOLB RD,TUCSON,AZ,85750,99,AL10878C,ASSISTED LIVING CENTER,ACTIVE
BROADWAY MESA VILLAGE,7231 E BROADWAY RD,MESA,AZ,85208,127,AL10879C,ASSISTED LIVING CENTER,ACTIVE
GOLD STAR CARE HOME,1922 W BONANZA LN,PHOENIX,AZ,85085,10,AL10881H,ASSISTED LIVING HOME,ACTIVE
GIFTS OF GRACE ASSISTED LIVING HOMES,2866 E COTTON CT,GILBERT,AZ,85234,9,AL10058H,ASSISTED LIVING HOME,ACTIVE
THE OAKS,3675 S ROME ST,GILBERT,AZ,85297,142,AL10081C,ASSISTED LIVING CENTER,ACTIVE
ABUELOS AT LA CANADA,1415 W PLACITA PINGO,TUCSON,AZ,85704,9,AL10905H,ASSISTED LIVING HOME,ACTIVE
HAYDEN VILLA,7917 E CACTUS RD,SCOTTSDALE,AZ,85260,10,AL10089H,ASSISTED LIVING HOME,ACTIVE
HARMONY GARDENS LLC,6301 W EARLL DR,PHOENIX,AZ,85033,10,AL10093H,ASSISTED LIVING HOME,ACTIVE
ARROWHEAD SENIOR LIVING,7886 W PIUTE AVE,GLENDALE,AZ,85308,10,AL10052H,ASSISTED LIVING HOME,ACTIVE
A PARENT'S PARADISE LLC,15922 N 164TH LN,SURPRISE,AZ,85388,10,AL10120H,ASSISTED LIVING HOME,ACTIVE
GLORIA'S ASSISTED LIVING LLC,3340 S WATSON DR,TUCSON,AZ,85730,10,AL10117H,ASSISTED LIVING HOME,ACTIVE
A PARENT'S PARADISE AND CARE LLC,18175 W BANFF LN,SURPRISE,AZ,85388,10,AL10124H,ASSISTED LIVING HOME,ACTIVE
A PARADISE FOR PARENT'S SENIOR LIVING LLC,15292 W CAMPBELL AVE,GOODYEAR,AZ,85395,10,AL10123H,ASSISTED LIVING HOME,ACTIVE
HEAVENLY ASSISTED LIVING FACILITY,444 S COLONIA AVE,TUCSON,AZ,85711,10,AL10904H,ASSISTED LIVING HOME,ACTIVE
ANNA'S ANGELS ASSISTED LIVING HOME,4670 W AIRE LIBRE AVE,GLENDALE,AZ,85306,8,AL10086H,ASSISTED LIVING HOME,ACTIVE
MARIE SILVER ASSISTED LIVING FACILITY LLC,15956 W CORTEZ ST,SURPRISE,AZ,85379,8,AL10091H,ASSISTED LIVING HOME,ACTIVE
FIREBIRD ASSISTED LIVING #2,7186 W FIREBIRD DR,GLENDALE,AZ,85308,5,AL10098H,ASSISTED LIVING HOME,ACTIVE
"AZURE CARE HOME, LLC",1955 N ONEIDA DR,TUCSON,AZ,85715,5,AL10104H,ASSISTED LIVING HOME,ACTIVE
ASTER MANOR ADULT FOSTER CARE,6940 W ASTER DR,PEORIA,AZ,85381,4,AL10914F,ADULT FOSTER CARE,ACTIVE
ABUELOS AT EDGEWOOD PLACE,7141 N EDGEWOOD PL,TUCSON,AZ,85704,10,AL10149H,ASSISTED LIVING HOME,ACTIVE
THE ENCLAVE AT GILBERT SENIOR LIVING,4929 S VAL VISTA DR,GILBERT,AZ,85298,133,AL10935C,ASSISTED LIVING CENTER,ACTIVE
ROYAL PARADISE CARE LLC,15257 N 135TH DR,SURPRISE,AZ,85379,10,AL10121H,ASSISTED LIVING HOME,ACTIVE
EDEN ESTATES ASSISTED LIVING,20393 E CALLE DE FLORES,QUEEN CREEK,AZ,85142,10,AL11306H,ASSISTED LIVING HOME,ACTIVE
MAXI'S LOVING PLACE,3126 W 26TH ST,YUMA,AZ,85364,8,AL11319H,ASSISTED LIVING HOME,ACTIVE
PRONGHORN ASSISTED LIVING LLC,8554 N RIDGE RIDER TRL,PRESCOTT VALLEY,AZ,86315,10,AL11324H,ASSISTED LIVING HOME,ACTIVE
GIFTS OF GRACE ASSISTED LIVING HOMES II,9924 E MONTE AVE,MESA,AZ,85209,5,AL11328H,ASSISTED LIVING HOME,ACTIVE
"GOLDEN HERITAGE ASSISTED LIVING HOME, LLC",17015 N 58TH WAY,SCOTTSDALE,AZ,85254,10,AL10909H,ASSISTED LIVING HOME,ACTIVE
INGE'S UNIQUELY WARM ASSISTED LIVING HOME,1625 S SULLIVAN LN,CAMP VERDE,AZ,86322,10,AL10918H,ASSISTED LIVING HOME,ACTIVE
OTILIA'S HOME CARE,22365 N 69TH AVE,GLENDALE,AZ,85310,10,AL10119H,ASSISTED LIVING HOME,ACTIVE
AA LOVE CARE HOME LLC,13401 W SAGUARO LN,SURPRISE,AZ,85374,6,AL10931H,ASSISTED LIVING HOME,ACTIVE
GOLDEN AGE ASSISTED LIVING LLC,17176 W WATKINS ST,GOODYEAR,AZ,85338,10,AL10940H,ASSISTED LIVING HOME,ACTIVE
"HAVEN OF SHOW LOW ALF, LLC",2401 E HUNT DR,SHOW LOW,AZ,85901,36,AL10936C,ASSISTED LIVING CENTER,ACTIVE
"SERENE VALLEY ASSISTED LIVING HOME, LLC",8704 E AMELIA AVE,SCOTTSDALE,AZ,85251,10,AL10953H,ASSISTED LIVING HOME,ACTIVE
WOODRIDGE ASSISTED LIVING,6020 E WOODRIDGE DR,SCOTTSDALE,AZ,85254,4,AL10130H,ASSISTED LIVING HOME,ACTIVE
"GRACE HILL SPECIAL CARE, LLC",2866 W MURIEL DR,PHOENIX,AZ,85053,5,AL10950H,ASSISTED LIVING HOME,ACTIVE
MOM AND DAD SOLUTIONS ASSISTED LIVING LLC,7412 W WOLF ST,PHOENIX,AZ,85033,4,AL11295H,ASSISTED LIVING HOME,ACTIVE
AEGIS AT 38TH PLACE ASSISTED LIVING,13205 S 38TH PL,PHOENIX,AZ,85044,5,AL11297H,ASSISTED LIVING HOME,ACTIVE
"PARADISE VALLEY FOOTHILLS ASSISTED LIVING, LLC",10431 N 42ND ST,PHOENIX,AZ,85028,10,AL11325H,ASSISTED LIVING HOME,ACTIVE
THE FORUM AT DESERT HARBOR,13836 N DESERT HARBOR DR,PEORIA,AZ,85381,50,AL11298C,ASSISTED LIVING CENTER,ACTIVE
TRAMONTO DESERT ROSE ASSISTED LIVING,2405 W FLORENTINE RD,PHOENIX,AZ,85086,10,AL11313H,ASSISTED LIVING HOME,ACTIVE
"BRIDGEWATER LA CHOLLA OPERATIONS, LLC",6505 N LA CHOLLA BLVD,TUCSON,AZ,85741,133,AL11318C,ASSISTED LIVING CENTER,ACTIVE
"CHESTER'S HOUSE, LLC",5105 E BURNS PL,TUCSON,AZ,85711,10,AL10134H,ASSISTED LIVING HOME,ACTIVE
ORDINARY LIFESTYLES II,718 N FOX HILL CIR,PAYSON,AZ,85541,7,AL10945H,ASSISTED LIVING HOME,ACTIVE
HARVARD HOUSE OF CARE 2 LLC,14628 W HARVARD ST,GOODYEAR,AZ,85395,5,AL10139H,ASSISTED LIVING HOME,ACTIVE
SUN HEALTH GRANDVIEW ASSISTED LIVING SERVICES,14505 W GRANITE VALLEY DR,SUN CITY WEST,AZ,85375,54,AL10962C,ASSISTED LIVING CENTER,ACTIVE
ENTRADA ASSISTED LIVING HOMES LLC,1663 E SARATOGA ST,GILBERT,AZ,85296,5,AL11293H,ASSISTED LIVING HOME,ACTIVE
"VILLAS AT GREEN VALLEY, VILLA E",865 N DESERT BELL # B,GREEN VALLEY,AZ,85614,10,AL10159H,ASSISTED LIVING HOME,ACTIVE
THE WOODMARK AT SUN CITY,17207 N BOSWELL BLVD,SUN CITY,AZ,85373,138,AL11305C,ASSISTED LIVING CENTER,ACTIVE
GOOD NURSES ASSISTED LIVING FACILITY,16135 W CAMDEN AVE,WADDELL,AZ,85355,10,AL10963H,ASSISTED LIVING HOME,ACTIVE
MORNINGSTAR AT ARROWHEAD,21432 N 75TH AVE,GLENDALE,AZ,85308,105,AL10966C,ASSISTED LIVING CENTER,ACTIVE
MORENO'S ASSISTED LIVING LLC,10761 E AVENIDA DEL CAMPO,TUCSON,AZ,85748,7,AL10160H,ASSISTED LIVING HOME,ACTIVE
FAIRMONT VILLAGE,10401 N 79TH AVE,PEORIA,AZ,85345,100,AL11352C,ASSISTED LIVING CENTER,ACTIVE
EAST VALLEY MANSION ASSISTED LIVING,3368 E SUNNYDALE DR,QUEEN CREEK,AZ,85142,10,AL11361H,ASSISTED LIVING HOME,ACTIVE
BROOKDALE NORTH GLENDALE,6735 W HILLCREST BLVD,GLENDALE,AZ,85310,38,AL11372C,ASSISTED LIVING CENTER,ACTIVE
ETERNAL SPRING OF GILBERT,940 E WILLIAMS FIELD RD,GILBERT,AZ,85295,128,AL11350C,ASSISTED LIVING CENTER,ACTIVE
"KLARA'S ADULT CARE HOME, LLC",1934 E SMOKE TREE RD,GILBERT,AZ,85296,10,AL10198H,ASSISTED LIVING HOME,ACTIVE
PARKVIEW CARE HOME LLC,15055 W ROCKROSE WAY,SURPRISE,AZ,85374,5,AL10960H,ASSISTED LIVING HOME,ACTIVE
TJ'S ASSISTED LIVING FACILITY LLC,6915 CHRIS LN,FLAGSTAFF,AZ,86004,5,AL10168H,ASSISTED LIVING HOME,ACTIVE
"ARCADIA GROVE ASSISTED LIVING HOME, LLC",4248 E LEWIS AVE,PHOENIX,AZ,85008,10,AL11337H,ASSISTED LIVING HOME,ACTIVE
DESERT HAVEN HOME CARE,4123 N 21ST ST,PHOENIX,AZ,85016,5,AL10165H,ASSISTED LIVING HOME,ACTIVE
DESERT SANCTUARY ASSISTED LIVING LLC,5216 W SPUR DR,PHOENIX,AZ,85083,10,AL11322H,ASSISTED LIVING HOME,ACTIVE
"TBI CARE, INC",908 E RELIANT ST,GILBERT,AZ,85298,10,AL10173H,ASSISTED LIVING HOME,ACTIVE
MARY & PETE'S ASSISTED LIVING,6431 N MONTROSE DR,TUCSON,AZ,85741,10,AL10967H,ASSISTED LIVING HOME,ACTIVE
ARDEN VILLA LLC,1238 E GREENWAY CIR,MESA,AZ,85203,10,AL11308H,ASSISTED LIVING HOME,ACTIVE
"AHWATUKEE COMFORT CARE, LLC",12813 S 40TH PL,PHOENIX,AZ,85044,5,AL10156H,ASSISTED LIVING HOME,ACTIVE
SUNNY DAYS SENIOR LIVING,1659 E HALE ST,MESA,AZ,85203,10,AL10955H,ASSISTED LIVING HOME,ACTIVE
"GIFT OF LOVE ASSISTED LIVING, LLC",4644 E LAVENDER LN,PHOENIX,AZ,85044,5,AL10200H,ASSISTED LIVING HOME,ACTIVE
"ST THERESE CARE HOME 2, LLC",809 E CHERRYWOOD PL,CHANDLER,AZ,85249,5,AL11347H,ASSISTED LIVING HOME,ACTIVE
ANNIE'S LOVING CARE,5929 W GREENBRIAR DR,GLENDALE,AZ,85308,10,AL10206H,ASSISTED LIVING HOME,ACTIVE
NETTIE'S NEST ASSISTED LIVING CARE HOME,4119 W ACORN VALLEY TRL,PHOENIX,AZ,85087,5,AL11364H,ASSISTED LIVING HOME,ACTIVE
BROOKDALE NORTH GILBERT,845 N EL DORADO DR,GILBERT,AZ,85233,56,AL11371C,ASSISTED LIVING CENTER,ACTIVE
AGELESS ANGELS ALH 2,783 E GEMINI PL,CHANDLER,AZ,85249,5,AL11375H,ASSISTED LIVING HOME,ACTIVE
"ESTANCIA ASSISTED LIVING, LLC",3260 E TONTO CT,GILBERT,AZ,85298,10,AL10216H,ASSISTED LIVING HOME,ACTIVE
SENIOR CARE ASSISTED LIVING LLC,5901 E JUAREZ ST,TUCSON,AZ,85711,9,AL11384H,ASSISTED LIVING HOME,ACTIVE
SILVER CREEK ASSISTED LIVING,11524 N 86TH AVE,PEORIA,AZ,85345,10,AL10184H,ASSISTED LIVING HOME,ACTIVE
"SUNSHINE TUCSON ACH, LLC",5674 E 25TH ST,TUCSON,AZ,85711,10,AL11379H,ASSISTED LIVING HOME,ACTIVE
GEMS ASSISTED LIVING #4,1502 AVALON AVE APT A,LAKE HAVASU CITY,AZ,86404,10,AL11387H,ASSISTED LIVING HOME,ACTIVE
CAREFREE HEIGHT ASSISTED LIVING,35720 N 34TH DR,PHOENIX,AZ,85086,5,AL10982H,ASSISTED LIVING HOME,ACTIVE
MAELEE CARE HOME LLC,10462 E ABILENE AVE,MESA,AZ,85208,5,AL11396H,ASSISTED LIVING HOME,ACTIVE
GOLDMINE MOUNTAIN ASSISTED LIVING HOME,2785 W GOLDMINE MOUNTAIN DR,SAN TAN VALLEY,AZ,85144,6,AL11416H,ASSISTED LIVING HOME,ACTIVE
ARK OF ANGEL ASSISTED LIVING,3841 E ISABELLA AVE,MESA,AZ,85206,5,AL11417H,ASSISTED LIVING HOME,ACTIVE
WHITE CLIFFS SENIOR LIVING,3600 PETERSON RD,KINGMAN,AZ,86409,130,AL11006C,ASSISTED LIVING CENTER,ACTIVE
SUNSHINE ASSISTED LIVING LLC,21984 E DOMINGO RD,QUEEN CREEK,AZ,85142,10,AL11418H,ASSISTED LIVING HOME,ACTIVE
ARMADA CARE HOMES,10038 E GLENCOVE CIR,MESA,AZ,85207,10,AL10989H,ASSISTED LIVING HOME,ACTIVE
AVANA ASSISTED LIVING,44 W KNIGHT LN,TEMPE,AZ,85284,10,AL11402H,ASSISTED LIVING HOME,ACTIVE
HAWTHORN COURT AT AHWATUKEE,13822 S 46TH PL,PHOENIX,AZ,85044,55,AL10994C,ASSISTED LIVING CENTER,ACTIVE
"EMBRACE ASSISTED LIVING, LLC",7256 E ONZA AVE,MESA,AZ,85212,5,AL11409H,ASSISTED LIVING HOME,ACTIVE
"CIRCLE OF LIFE ALZHEIMER HOMES, LLC",9240 N AMERICAN RANCH RD,PRESCOTT,AZ,86305,5,AL10203H,ASSISTED LIVING HOME,ACTIVE
BARAKA AT ROSEGARDEN ASSISTED LIVING,10435 E MONTEREY AVE,MESA,AZ,85209,5,AL10208H,ASSISTED LIVING HOME,ACTIVE
"TENDER LOVING CAREHOME OF SURPRISE, LLC",14239 W CHARTER OAK RD,SURPRISE,AZ,85379,8,AL11368H,ASSISTED LIVING HOME,ACTIVE
BROOKDALE TANQUE VERDE,9050 E TANQUE VERDE RD,TUCSON,AZ,85749,42,AL11370C,ASSISTED LIVING CENTER,ACTIVE
HEALING HEARTS ASSISTED LIVING,777 GOLF LINKS RD,SIERRA VISTA,AZ,85635,10,AL11376H,ASSISTED LIVING HOME,ACTIVE
SUNCREEK SURPRISE LLC,16437 N 169TH DR,SURPRISE,AZ,85388,9,AL11333H,ASSISTED LIVING HOME,ACTIVE
ADAGIO CARE LLC,1033 E BETHANY HOME RD,PHOENIX,AZ,85014,10,AL10974H,ASSISTED LIVING HOME,ACTIVE
BROOKDALE BAYWOOD,310 S 63RD ST,MESA,AZ,85206,145,AL10980C,ASSISTED LIVING CENTER,ACTIVE
"WHISPERING WIND ASSISTED LIVING, LLC",24707 N 93RD DR,PEORIA,AZ,85383,10,AL10998H,ASSISTED LIVING HOME,ACTIVE
VALENCIA CARE HOMES,26639 N 71ST PL,SCOTTSDALE,AZ,85266,10,AL10971H,ASSISTED LIVING HOME,ACTIVE
ADAGIO ALH LLC,1045 E BETHANY HOME RD,PHOENIX,AZ,85014,8,AL10975H,ASSISTED LIVING HOME,ACTIVE
BARAKA AT ROSEGARDENS II ASSISTED LIVING,10702 E NIDO AVE,MESA,AZ,85209,5,AL11403H,ASSISTED LIVING HOME,ACTIVE
DAYLIGHT ASSISTED LIVING FACILITY LLC,1345 W ATLANTA AVE,PHOENIX,AZ,85041,5,AL11404H,ASSISTED LIVING HOME,ACTIVE
JOSHUA SPRINGS SENIOR LIVING,2995 DESERT SKY BLVD,BULLHEAD CITY,AZ,86442,120,AL11003C,ASSISTED LIVING CENTER,ACTIVE
CALICHE SENIOR LIVING,1640 N PEART RD,CASA GRANDE,AZ,85122,130,AL11004C,ASSISTED LIVING CENTER,ACTIVE
"MOUNTAIN CARE OF SNOWFLAKE, LLC",48 E 1st St S,Snowflake,AZ,85937,20,AL11012C,ASSISTED LIVING CENTER,ACTIVE
"ROYALTY HOME CARE SOLUTIONS, LLC",6551 E MENLO ST,MESA,AZ,85215,5,AL11013H,ASSISTED LIVING HOME,ACTIVE
CASA DE VIDA LIVING LLC,7036 W PARKWAY DR,PHOENIX,AZ,85043,5,AL11028H,ASSISTED LIVING HOME,ACTIVE
HOPE ASSISTED LIVING,14123 W HOPE DR,SURPRISE,AZ,85379,10,AL11024H,ASSISTED LIVING HOME,ACTIVE
"NORMANDEL PLACE, LLC",7572 N CASABLANCA DR,TUCSON,AZ,85704,10,AL10990H,ASSISTED LIVING HOME,ACTIVE
TRUE CARE ASSISTED HOME,453 W SUNSET CIR,MESA,AZ,85201,10,AL11406H,ASSISTED LIVING HOME,ACTIVE
"PARADISE SENIOR LIVING, LLC",6108 W PARADISE LN,GLENDALE,AZ,85306,10,AL11410H,ASSISTED LIVING HOME,ACTIVE
"VIA ELEGANTE, TUCSON MOUNTAINS",2797 North Cerrada De Beto,Tucson,AZ,85745,98,AL10997C,ASSISTED LIVING CENTER,ACTIVE
ELITE ASSISTED LIVING 4,10754 W BRONCO TRL,PEORIA,AZ,85383,10,AL11011H,ASSISTED LIVING HOME,ACTIVE
CORNERSTONE AL LLC,5554 E CAMPO BELLO DR,SCOTTSDALE,AZ,85254,10,AL11426H,ASSISTED LIVING HOME,ACTIVE
YOUNG LIFE ASSISTED LIVING 5,5826 N 27TH AVE,PHOENIX,AZ,85017,5,AL10210H,ASSISTED LIVING HOME,ACTIVE
NICOLETTE ASSISTED LIVING HOME,8559 W BROWN ST,PEORIA,AZ,85345,9,AL11380H,ASSISTED LIVING HOME,ACTIVE
FIRST ADULT CARE HOME,3925 N 1ST AVE,TUCSON,AZ,85719,10,AL11385H,ASSISTED LIVING HOME,ACTIVE
ARK OF LIFE MEMORY CARE,4341 W SHAW BUTTE DR,GLENDALE,AZ,85304,5,AL10979H,ASSISTED LIVING HOME,ACTIVE
THE COUNTRY CLUB OF LA CHOLLA,8700 N LA CHOLLA BLVD,TUCSON,AZ,85742,97,AL11009C,ASSISTED LIVING CENTER,ACTIVE
MARIGOLD AT REDWOOD ASSISTED LIVING HOME,4312 E REDWOOD LN,PHOENIX,AZ,85048,5,AL11014H,ASSISTED LIVING HOME,ACTIVE
CHARLES RESIDENTIAL CARE LLC III,2707 N 145TH AVE,GOODYEAR,AZ,85395,10,AL11030H,ASSISTED LIVING HOME,ACTIVE
LIBERTY ASSISTED LIVING HOME LLC,12152 W DAVIS LN,AVONDALE,AZ,85323,6,AL11035H,ASSISTED LIVING HOME,ACTIVE
BLESSED ASSISTED LIVING HOME LLC - MESA,10720 E NIDO AVE,MESA,AZ,85209,5,AL11444H,ASSISTED LIVING HOME,ACTIVE
INTOUCH ASSISTED LIVING,4350 E SAINT JOHN RD,PHOENIX,AZ,85032,8,AL11452H,ASSISTED LIVING HOME,ACTIVE
WEST VALLEY HELPING HANDS,15021 N 91ST LN,PEORIA,AZ,85381,7,AL11062H,ASSISTED LIVING HOME,ACTIVE
CARING FOR LOVED ONES,14810 N 52ND ST,SCOTTSDALE,AZ,85254,10,AL11445H,ASSISTED LIVING HOME,ACTIVE
"VITALITY ASSISTED LIVING, LLC",8223 W MONTE LINDO LN,PEORIA,AZ,85383,10,AL11458H,ASSISTED LIVING HOME,ACTIVE
BEVERLY ASSISTED LIVING I,17647 N 33RD LN,PHOENIX,AZ,85053,8,AL11057H,ASSISTED LIVING HOME,ACTIVE
NEW YOU 1,26009 N HORSESHOE TRL,SCOTTSDALE,AZ,85255,10,AL11463H,ASSISTED LIVING HOME,ACTIVE
MORNINGSTAR AT GOLDEN RIDGE,6735 W GOLDEN LN,PEORIA,AZ,85345,124,AL11067C,ASSISTED LIVING CENTER,ACTIVE
COUNTRYSIDE SENIOR LIVING,22773 E OCOTILLO RD,QUEEN CREEK,AZ,85142,50,AL11483C,ASSISTED LIVING CENTER,ACTIVE
PEARL MANOR ASSISTED LIVING,3236 W EUGIE AVE,PHOENIX,AZ,85029,5,AL11023H,ASSISTED LIVING HOME,ACTIVE
PARADISE WEST ASSISTED SENIOR LIVING LLC,7482 W PORT AU PRINCE LN,PEORIA,AZ,85381,10,AL11353H,ASSISTED LIVING HOME,ACTIVE
"ASPEN CARE ASSISTED LIVING HOME, LLC",1455 W ROLLER COASTER RD,TUCSON,AZ,85704,10,AL11358H,ASSISTED LIVING HOME,ACTIVE
MARIPOSA GRANDE SENIOR LIVING LLC,4651 W MARIPOSA GRANDE,GLENDALE,AZ,85310,10,AL11381H,ASSISTED LIVING HOME,ACTIVE
AEGIS AT 38TH PLACE ASSISTED LIVING II,13201 S 38TH PL,PHOENIX,AZ,85044,5,AL11413H,ASSISTED LIVING HOME,ACTIVE
"BRIDGEWATER AVONDALE OPERATIONS, LLC",295 E VAN BUREN ST,AVONDALE,AZ,85323,164,AL10996C,ASSISTED LIVING CENTER,ACTIVE
MEDISYS HOME CARE II,9457 W BARTLE DR,CASA GRANDE,AZ,85194,6,AL11042H,ASSISTED LIVING HOME,ACTIVE
ARC OF CARE LLC,4113 W HAYWARD AVE,PHOENIX,AZ,85051,5,AL11049H,ASSISTED LIVING HOME,ACTIVE
WELLSPRING ALH IN CHANDLER,6880 S PEARL DR,CHANDLER,AZ,85249,5,AL11029H,ASSISTED LIVING HOME,ACTIVE
BLESSED ASSISTED LIVING HOME LLC,10714 E NIDO AVE,MESA,AZ,85209,5,AL11037H,ASSISTED LIVING HOME,ACTIVE
"CIRCLE OF LIFE ALZHEIMER HOMES, LLC",3040 S LORETO TRL,COTTONWOOD,AZ,86326,6,AL11058H,ASSISTED LIVING HOME,ACTIVE
KOZY GARDENS ASSISTED LIVING LLC,5551 E BELLEVUE ST,TUCSON,AZ,85712,10,AL11414H,ASSISTED LIVING HOME,ACTIVE
SERENITY ASSISTED LIVING,3677 BLUE COLT DR,LAKE HAVASU CITY,AZ,86406,10,AL11034H,ASSISTED LIVING HOME,ACTIVE
SIMPLY TOGETHER LLC,6710 E FANFOL DR,PARADISE VALLEY,AZ,85253,10,AL11044H,ASSISTED LIVING HOME,ACTIVE
LITTLE FLOWER ASSISTED LIVING HOME,9031 E PLATA AVE,MESA,AZ,85212,5,AL11050H,ASSISTED LIVING HOME,ACTIVE
"TOUCHMARK AT THE RANCH, LLC",3180 TOUCHMARK BLVD,PRESCOTT,AZ,86301,138,AL11059C,ASSISTED LIVING CENTER,ACTIVE
AGAVE HILLS LLC,7131 N VIA ASSISI,TUCSON,AZ,85704,10,AL11036H,ASSISTED LIVING HOME,ACTIVE
BEEHIVE HOME OF SNOWFLAKE,33 Porter Dr,Snowflake,AZ,85937,15,AL11449C,ASSISTED LIVING CENTER,ACTIVE
CARING FOR LOVED ONES,5718 E SHARON DR,SCOTTSDALE,AZ,85254,5,AL11447H,ASSISTED LIVING HOME,ACTIVE
"ABUELITOS HOME, LLC",823 S MARIE DR,CHANDLER,AZ,85225,5,AL11450H,ASSISTED LIVING HOME,ACTIVE
EMERALD SPRINGS SENIOR LIVING,1475 S 46TH AVE,YUMA,AZ,85364,200,AL11478C,ASSISTED LIVING CENTER,ACTIVE
GARDEN RIDGE,18170 N 91ST AVE,PEORIA,AZ,85382,259,AL11479C,ASSISTED LIVING CENTER,ACTIVE
BETTER LIFE ASSISTED LIVING 2,7452 E ONZA AVE,MESA,AZ,85212,5,AL11480H,ASSISTED LIVING HOME,ACTIVE
HILDA'S HAVEN ALF #3,2530 E YELLOWSTONE PL,CHANDLER,AZ,85249,5,AL11454H,ASSISTED LIVING HOME,ACTIVE
SHEPHERD MANOR LLC,1651 N 58TH ST,MESA,AZ,85205,10,AL11461H,ASSISTED LIVING HOME,ACTIVE
THE WATERMARK AT MORRISON RANCH,3333 E MORRISON RANCH PKWY,GILBERT,AZ,85296,136,AL11086C,ASSISTED LIVING CENTER,ACTIVE
"CAISSA ASSISTED LIVING HOME, INC",2049 E CLAXTON AVE,GILBERT,AZ,85297,10,AL11462H,ASSISTED LIVING HOME,ACTIVE
BLOOMING MEADOWS,2432 W PORTOBELLO AVE,MESA,AZ,85202,5,AL11467H,ASSISTED LIVING HOME,ACTIVE
MERIDIAN 2 ASSISTED LIVING HOME LLC,17931 N WOODROSE AVE,SURPRISE,AZ,85374,6,AL11038H,ASSISTED LIVING HOME,ACTIVE
MAGNOLIA HOMECARE AT MULBERRY LLC,10751 E MONTEREY AVE,MESA,AZ,85209,5,AL11438H,ASSISTED LIVING HOME,ACTIVE
"CARING FOR GENERATIONS, LLC",4644 E SAN CARLOS PL S,TUCSON,AZ,85712,10,AL11439H,ASSISTED LIVING HOME,ACTIVE
"ROYAL ASSISTED LIVING, INC",1045 CAMINO CARALAMPI,RIO RICO,AZ,85648,10,AL11440H,ASSISTED LIVING HOME,ACTIVE
PRESTIGE ASSISTED LIVING LLC,2505 S 116TH AVE,AVONDALE,AZ,85323,6,AL11045H,ASSISTED LIVING HOME,ACTIVE
DESERT GARDENS ASSISTED LIVING,3700 N RIVER HILLS DR,TUCSON,AZ,85750,10,AL11065H,ASSISTED LIVING HOME,ACTIVE
NEW HORIZON ASSISTED LIVING,2596 E REMINGTON PL,CHANDLER,AZ,85286,5,AL11457H,ASSISTED LIVING HOME,ACTIVE
ASLAN ASSISTED LIVING LLC,7642 E 38TH ST,TUCSON,AZ,85730,10,AL11097H,ASSISTED LIVING HOME,ACTIVE
LA SOLANA ASSISTED LIVING LLC,2551 W RABJOHN RD,PHOENIX,AZ,85085,8,AL11104H,ASSISTED LIVING HOME,ACTIVE
JOYVILLE ASSISTED LIVING HOME,263 W ELMWOOD PL,CHANDLER,AZ,85248,5,AL11103H,ASSISTED LIVING HOME,ACTIVE
CONSTANT CARE WINDSOR,5301 N 6TH ST,PHOENIX,AZ,85012,10,AL10243H,ASSISTED LIVING HOME,ACTIVE
MOM AND DAD PLACE IIII,2655 S MARIO RANCH LN,TUCSON,AZ,85730,10,AL11112,ASSISTED LIVING HOME,ACTIVE
NEXT DOOR CARE HOME,12825 W SAINT MORITZ LN,EL MIRAGE,AZ,85335,6,AL11120H,ASSISTED LIVING HOME,ACTIVE
QUAIL PARK OF ORO VALLEY,9005 N ORACLE RD,ORO VALLEY,AZ,85704,103,AL11080C,ASSISTED LIVING CENTER,ACTIVE
KRISTAL BELL ASSISTED LIVING HOME LLC,4950 W PHELPS RD,GLENDALE,AZ,85306,10,AL11088H,ASSISTED LIVING HOME,ACTIVE
THE GROVES ASSISTED AND INDEPENDENT SENIOR LIVING,5848 E UNIVERSITY DR,MESA,AZ,85205,24,AL11094C,ASSISTED LIVING CENTER,ACTIVE
JENNINA'S ADULT CARE HOME LLC,5112 E 8TH ST,TUCSON,AZ,85711,10,AL10221H,ASSISTED LIVING HOME,ACTIVE
CHARLES RESIDENTIAL CARE LLC,15813 W MONROE ST,GOODYEAR,AZ,85338,5,AL10253H,ASSISTED LIVING HOME,ACTIVE
M&K CADENCE ASSISTED LIVING,9752 E TUMBLEWEED AVE,MESA,AZ,85212,5,AL11498H,ASSISTED LIVING HOME,ACTIVE
VANDERMEYER SENIOR HOMECARE LLC,7554 W LIBBY ST,GLENDALE,AZ,85308,10,AL11506H,ASSISTED LIVING HOME,ACTIVE
ARBOR RIDGE,9257 W UNION HILLS DR,PEORIA,AZ,85382,130,AL11476C,ASSISTED LIVING CENTER,ACTIVE
"CASA BUENA ASSISTED LIVING, LLC",2391 W THOMPSON WAY,CHANDLER,AZ,85286,5,AL11473H,ASSISTED LIVING HOME,ACTIVE
SENITA RIDGE,18172 N 91ST AVE,PEORIA,AZ,85382,88,AL11477C,ASSISTED LIVING CENTER,ACTIVE
"PREMIER GROUP HOME AVONDALE, LLC",11003 W ALVARADO RD,AVONDALE,AZ,85392,6,AL11432H,ASSISTED LIVING HOME,ACTIVE
CASA DE VIDA LIVING LLC,6713 N 41ST DR,PHOENIX,AZ,85019,5,AL11436H,ASSISTED LIVING HOME,ACTIVE
REDFIELD ASSISTED LIVING CARE HOME,15978 W REDFIELD RD,SURPRISE,AZ,85379,7,AL11053H,ASSISTED LIVING HOME,ACTIVE
ARIZONA CARE L.L.C.,14451 N 155TH DR,SURPRISE,AZ,85379,7,AL11063H,ASSISTED LIVING HOME,ACTIVE
FIRST CHOICE ASSISTED LIVING LLC,6819 N 14TH ST,PHOENIX,AZ,85014,10,AL11107H,ASSISTED LIVING HOME,ACTIVE
GEMS ASSISTED LIVING LLC,2136 SENITA DR,LAKE HAVASU CITY,AZ,86403,6,AL11108H,ASSISTED LIVING HOME,ACTIVE
CEDAR PASTURES,607 N BULLMOOSE DR,CHANDLER,AZ,85224,7,AL10236H,ASSISTED LIVING HOME,ACTIVE
BEE HIVE HOMES OF ARROWHEAD,17202 N 69TH AVE,GLENDALE,AZ,85308,22,AL11092C,ASSISTED LIVING CENTER,ACTIVE
GREEN ACRES ASSISTED LIVING HOME LLC,2821 E IRIS DR,CHANDLER,AZ,85286,5,AL10224H,ASSISTED LIVING HOME,ACTIVE
ARIZONA ROYAL RANCH,14350 W CROCUS DR,SURPRISE,AZ,85379,10,AL10226H,ASSISTED LIVING HOME,ACTIVE
"LITCHFIELD TERRACE ASSISTED LIVING HOME, LLC",13850 W BLOSSOM WAY,LITCHFIELD PARK,AZ,85340,8,AL11100H,ASSISTED LIVING HOME,ACTIVE
TUCSON ASSISTED LIVING RETREAT,250 S VOZACK LN,TUCSON,AZ,85748,40,AL11125C,ASSISTED LIVING CENTER,ACTIVE
CAREMERIDIAN LLC,6512 E LUDLOW DR,SCOTTSDALE,AZ,85254,8,AL11126H,ASSISTED LIVING HOME,ACTIVE
SACRED LIFE ASSISTED LIVING HOME LLC,4941 E ENCANTO ST,MESA,AZ,85205,5,AL11482H,ASSISTED LIVING HOME,ACTIVE
AZ JOYFUL LIVING,2122 S 106TH PL,MESA,AZ,85209,10,AL11102H,ASSISTED LIVING HOME,ACTIVE
AZ HAPPY VALLEY ROYAL CARE HOME LLC,8307 West Misty Willow Lane,Peoria,AZ,85383,10,AL11501H,ASSISTED LIVING HOME,ACTIVE
QUALITY SENIOR CARE,17403 N 29TH AVE,PHOENIX,AZ,85053,10,AL11110H,ASSISTED LIVING HOME,ACTIVE
WYNS GARDEN ASSISTED LIVING LLC,841 E SAN ANGELO AVE,GILBERT,AZ,85234,10,AL11113H,ASSISTED LIVING HOME,ACTIVE
COTTONWOOD VILLAGE,201 E MINGUS AVE,COTTONWOOD,AZ,86326,93,AL10262C,ASSISTED LIVING CENTER,ACTIVE
PARK SENIOR VILLAS - CHANDLER,4950 South Lindsay Road,Chandler,AZ,85249,60,AL11510C,ASSISTED LIVING CENTER,ACTIVE
MONTEBELLO ASSISTED LIVING 4 LLC,2038 E MAPLEWOOD ST,GILBERT,AZ,85297,10,AL11517H,ASSISTED LIVING HOME,ACTIVE
METROPOLITAN ASSISTED LIVING LLC,1781 E FOLLEY CT,CHANDLER,AZ,85225,5,AL11520H,ASSISTED LIVING HOME,ACTIVE
BEST CHOICE 2 ASSISTED LIVING HOME,3190 W DRAKE ST,CHANDLER,AZ,85226,5,AL11513H,ASSISTED LIVING HOME,ACTIVE
"LESAN ASSISTED LIVING, L L C",2340 E PRIMROSE ST,DOUGLAS,AZ,85607,10,AL10280H,ASSISTED LIVING HOME,ACTIVE
"AHWATUKEE MANOR ASSISTED LIVING, LLC",3539 E AHWATUKEE CT,PHOENIX,AZ,85044,5,AL11527H,ASSISTED LIVING HOME,ACTIVE
"QUEEN OF HEARTS, CORPORATION",1073 E ESTATE RD,SAN TAN VALLEY,AZ,85140,5,AL10279H,ASSISTED LIVING HOME,ACTIVE
"AZ ASSISTED LIVING, LLC",21894 S 199TH WAY,QUEEN CREEK,AZ,85142,10,AL11536H,ASSISTED LIVING HOME,ACTIVE
MOUNT ZION ASSISTED LIVING HOME LLC,7019 W CAMBRIDGE AVE,PHOENIX,AZ,85035,5,AL10255H,ASSISTED LIVING HOME,ACTIVE
SPRINGDALE VILLAGE ASSISTED LIVING,7255 E BROADWAY RD,MESA,AZ,85208,82,AL10288C,ASSISTED LIVING CENTER,ACTIVE
LEGACY ASSISTED LIVING LLC,15364 W ASTER DR,SURPRISE,AZ,85379,10,AL11553H,ASSISTED LIVING HOME,ACTIVE
CARE FIRST - GROUP HOME,14335 W YUCATAN ST,SURPRISE,AZ,85379,10,AL11540H,ASSISTED LIVING HOME,ACTIVE
BEEHIVE HOMES OF GILBERT,4423 E GUADALUPE RD,GILBERT,AZ,85234,26,AL11558C,ASSISTED LIVING CENTER,ACTIVE
AMAZING COMFORT HOMES,1670 E CARLA VISTA DR,CHANDLER,AZ,85225,5,AL10289H,ASSISTED LIVING HOME,ACTIVE
CRESCENT SURPRISE ASSISTED LIVING,15244 W WATSON LN,SURPRISE,AZ,85379,7,AL11496H,ASSISTED LIVING HOME,ACTIVE
KLEIN'S HOME CARE,8850 E CALLE BOLIVAR,TUCSON,AZ,85715,10,AL10259H,ASSISTED LIVING HOME,ACTIVE
BLISSFUL ASSISTED LIVING LLC,8222 W TONTO LN,PEORIA,AZ,85382,4,AL10260H,ASSISTED LIVING HOME,ACTIVE
PARADISE FOR PARENTS QUALITY CARE LLC,14210 N 138TH CT,SURPRISE,AZ,85379,10,AL10261H,ASSISTED LIVING HOME,ACTIVE
AMENITY HOME ASSISTED LIVING LLC,3921 E LEO PL,CHANDLER,AZ,85249,5,AL10265H,ASSISTED LIVING HOME,ACTIVE
SKYLINE AT MINA VISTA ASSISTED LIVING,5910 N MINA VIS,TUCSON,AZ,85718,10,AL11507H,ASSISTED LIVING HOME,ACTIVE
HARTFORD ASSISTED LIVING,3736 W HARTFORD AVE,GLENDALE,AZ,85308,10,AL11526H,ASSISTED LIVING HOME,ACTIVE
SWEETWATER SENIOR LIVING HOME,7924 E SWEETWATER AVE,SCOTTSDALE,AZ,85260,10,AL11530H,ASSISTED LIVING HOME,ACTIVE
ASHBROOK HOME CARE LLC,910 S ASHBROOK,MESA,AZ,85204,10,AL11531H,ASSISTED LIVING HOME,ACTIVE
"NEW BEGINNINGS IN PHOENIX, LLC",16948 W MAGNOLIA ST,GOODYEAR,AZ,85338,10,AL11534H,ASSISTED LIVING HOME,ACTIVE
DESERT SPRINGS ESCONDIDO,5338 E ESCONDIDO CIR,MESA,AZ,85206,5,AL11490H,ASSISTED LIVING HOME,ACTIVE
PEORIA VISTA,10430 W ROYAL PALM RD,PEORIA,AZ,85345,10,AL11503H,ASSISTED LIVING HOME,ACTIVE
NORTERRA ASSISTED LIVING LLC,2019 W DUANE LN,PHOENIX,AZ,85085,10,AL11504H,ASSISTED LIVING HOME,ACTIVE
"PRECIOUS LOVING HOME CARE, LLC",12323 N 72ND AVE,PEORIA,AZ,85381,5,AL11544H,ASSISTED LIVING HOME,ACTIVE
CARING HANDS COMFORT ASSISTED LIVING HOME LLC,5527 E HAWTHORNE ST,TUCSON,AZ,85711,10,AL10278H,ASSISTED LIVING HOME,ACTIVE
RIALTO HOUSE ASSISTED LIVING,1910 S RIALTO,MESA,AZ,85209,5,AL11547H,ASSISTED LIVING HOME,ACTIVE
SUNCREEK 2 ASSISTED LIVING LLC,14245 W POINSETTIA DR,SURPRISE,AZ,85379,8,AL11567H,ASSISTED LIVING HOME,ACTIVE
"SENIOR SANCTUARY OF ANTHEM, LLC",2213 W KELLER CT,ANTHEM,AZ,85086,10,AL11573H,ASSISTED LIVING HOME,ACTIVE
DORA CARING,208 E MELROSE DR,CASA GRANDE,AZ,85122,5,AL10290H,ASSISTED LIVING HOME,ACTIVE
MARILYN MANOR ASSISTED LIVING HOME LLC,6327 E MARILYN RD,SCOTTSDALE,AZ,85254,10,AL10291H,ASSISTED LIVING HOME,ACTIVE
TWILIGHT HAVEN - MESA,10664 E HAWK AVE,MESA,AZ,85212,8,AL10297H,ASSISTED LIVING HOME,ACTIVE
MERRILL GARDENS AT ANTHEM,2800 W ROSE CANYON CIR,ANTHEM,AZ,85086,149,AL10298C,ASSISTED LIVING CENTER,ACTIVE
BEE HIVE HOMES,1839 W 25TH ST,YUMA,AZ,85364,13,AL11585C,ASSISTED LIVING CENTER,ACTIVE
JIM AND PATTI JONES ASSISTED LIVING HOME III,3529 E DOWNING CIR,MESA,AZ,85213,10,AL10312H,ASSISTED LIVING HOME,ACTIVE
DESERT MARIGOLD SENIOR LIVING OF TEMPE,601 E WESTCHESTER DR,TEMPE,AZ,85283,72,AL11565C,ASSISTED LIVING CENTER,ACTIVE
THE PINES AT PLEASANT VALLEY ASSISTED LIVING LLC,9743 W HEDGE HOG PL,PEORIA,AZ,85383,10,AL11598H,ASSISTED LIVING HOME,ACTIVE
ARIZONA BEST CARE FOR SENIORS,5330 W TONTO RD,GLENDALE,AZ,85308,10,AL11604H,ASSISTED LIVING HOME,ACTIVE
HACIENDA AT THE RIVER,2720 E RIVER RD,TUCSON,AZ,85718,84,AL10271C,ASSISTED LIVING CENTER,ACTIVE
CHRIST-CENTERED CARE ASSISTED LIVING LLC,10217 E AMPERE AVE,MESA,AZ,85212,5,AL11529H,ASSISTED LIVING HOME,ACTIVE
VILLA HERMOSA ASSISTED LIVING,6981 W VILLA HERMOSA,GLENDALE,AZ,85310,10,AL11543H,ASSISTED LIVING HOME,ACTIVE
"AMERICAN ASSISTED LIVING, LLC",23430 N 89TH AVE,PEORIA,AZ,85383,10,AL11564H,ASSISTED LIVING HOME,ACTIVE
VILLA LINDO SENIOR LIVING LLC,6982 W VILLA LINDO DR,PEORIA,AZ,85383,10,AL11569H,ASSISTED LIVING HOME,ACTIVE
MY PARENTS PARADISE AT MONTORO PRESERVE,8838 W BROOKLITE LN,PEORIA,AZ,85383,10,AL11597H,ASSISTED LIVING HOME,ACTIVE
GRANDVIEW GARDENS,9580 S GRANDVIEW DR,TEMPE,AZ,85284,5,AL11603H,ASSISTED LIVING HOME,ACTIVE
"STARFISH CARE HOMES, LLC",4155 N GARDEN VIEW CIR,TUCSON,AZ,85705,10,AL11641H,ASSISTED LIVING HOME,ACTIVE
"STARFISH CARE HOMES, LLC",4173 N GARDEN VIEW CIR,TUCSON,AZ,85705,10,AL11642H,ASSISTED LIVING HOME,ACTIVE
PATHWAYS ASSISTED LIVING LLC,4015 E SAINT JOHN RD,PHOENIX,AZ,85032,10,AL11647H,ASSISTED LIVING HOME,ACTIVE
"JUBILEE CARE ASSISTED LIVING, LLC",4541 E CHUCKWALLA CYN,PHOENIX,AZ,85044,10,AL11649H,ASSISTED LIVING HOME,ACTIVE
ANGEL CARE HOME,2231 N 38TH ST,PHOENIX,AZ,85008,10,AL11606H,ASSISTED LIVING HOME,ACTIVE
PEBBLE HEIGHTS ASSISTED LIVING & MEMORY CARE LLC,2396 N 160TH AVE,GOODYEAR,AZ,85395,10,AL11673H,ASSISTED LIVING HOME,ACTIVE
PORTOBELLO ASSISTED LIVING HOME LLC,8435 E PORTOBELLO AVE,MESA,AZ,85212,8,AL11620H,ASSISTED LIVING HOME,ACTIVE
AT HOME CHOLLA,3429 E CHOLLA ST,PHOENIX,AZ,85028,10,AL11624H,ASSISTED LIVING HOME,ACTIVE
LIGHTHOUSE ADULT CARE HOME,5660 North Bentley Court,Prescott Valley,AZ,86314,4,AL11626F,ADULT FOSTER CARE,ACTIVE
SUNRISE CARE HOMES SUNNYVALE,7139 E SUNNYVALE RD,PARADISE VALLEY,AZ,85253,10,AL11619H,ASSISTED LIVING HOME,ACTIVE
LA PAZ ASSISTED LIVING II,2914 E 4TH ST,TUCSON,AZ,85716,9,AL11621H,ASSISTED LIVING HOME,ACTIVE
BEE HIVE HOMES,1843 W 25TH ST,YUMA,AZ,85364,17,AL11586C,ASSISTED LIVING CENTER,ACTIVE
"SERENDIPITY IN THE SUN, LLC",6501 E CORRINE DR,SCOTTSDALE,AZ,85254,10,AL11590H,ASSISTED LIVING HOME,ACTIVE
BELLA VITA RESIDENTIAL ASSISTED LIVING LLC,4511 E CHOLLA ST,PHOENIX,AZ,85028,10,AL11605H,ASSISTED LIVING HOME,ACTIVE
PENZI CARE HOME LLC,43448 W WILD HORSE TRL,MARICOPA,AZ,85138,6,AL11601H,ASSISTED LIVING HOME,ACTIVE
PARADISE LIFE CARE 2,14384 W MAUI LN,SURPRISE,AZ,85379,8,AL11602H,ASSISTED LIVING HOME,ACTIVE
NORTH HAVEN ASSISTED LIVING HOME LLC,3943 E LUPINE AVE,PHOENIX,AZ,85028,10,AL11589H,ASSISTED LIVING HOME,ACTIVE
THUNDERBIRD SENIOR LIVING,5401 W DAILEY ST,GLENDALE,AZ,85306,84,AL10301C,ASSISTED LIVING CENTER,ACTIVE
CARING FOR LOVED ONES,12414 N 38TH ST,PHOENIX,AZ,85032,10,AL11523H,ASSISTED LIVING HOME,ACTIVE
SAVANNA HOUSE ASSISTED LIVING & MEMORY CARE,1415 N SAN BENITO DR,GILBERT,AZ,85234,135,AL10284C,ASSISTED LIVING CENTER,ACTIVE
NORTH STAR CARE HOME,26723 N 19TH DR,PHOENIX,AZ,85085,10,AL11557H,ASSISTED LIVING HOME,ACTIVE
BEEHIVE HOMES OF PAGE - GRANDVIEW,1107 GRANDVIEW ST,PAGE,AZ,86040,10,AL11572H,ASSISTED LIVING HOME,ACTIVE
ALOHA ASSISTED LIVING LLC,3414 N 81ST ST,SCOTTSDALE,AZ,85251,10,AL11576H,ASSISTED LIVING HOME,ACTIVE
"STARFISH CARE HOMES, LLC",4179 N GARDEN VIEW CIR,TUCSON,AZ,85705,10,AL11640H,ASSISTED LIVING HOME,ACTIVE
COUNTRY OAKS LLC,544 W NIDO AVE,MESA,AZ,85210,10,AL11623H,ASSISTED LIVING HOME,ACTIVE
EMERALD ASSISTED LIVING HOME,8525 W IRMA LN,PEORIA,AZ,85382,10,AL11657H,ASSISTED LIVING HOME,ACTIVE
CACTUS VILLA LLC,7366 E PARADISE DR,SCOTTSDALE,AZ,85260,10,AL11658H,ASSISTED LIVING HOME,ACTIVE
"SOLTERRA AT WHITE MOUNTAINS TWO, LLC",5408 HIGHWAY 260,LAKESIDE,AZ,85929,78,AL11659C,ASSISTED LIVING CENTER,ACTIVE
AEGIS AT COCONINO ASSISTED LIVING HOME,4404 E COCONINO ST,PHOENIX,AZ,85044,5,AL11127H,ASSISTED LIVING HOME,ACTIVE
"SUMMER BLOSSOMS ASSISTED LIVING, LLC",7357 E OLLA AVE,MESA,AZ,85212,5,AL11612H,ASSISTED LIVING HOME,ACTIVE
THE RANCH ESTATES AT SCOTTSDALE,9160 E DESERT COVE AVE,SCOTTSDALE,AZ,85260,137,AL11613C,ASSISTED LIVING CENTER,ACTIVE
SANCTUARY ASSISTED LIVING LLC,18003 W MAUNA LOA LN,SURPRISE,AZ,85388,10,AL11629H,ASSISTED LIVING HOME,ACTIVE
SALTER SPRINGS ASSISTED LIVING LLC,8648 W SALTER DR,PEORIA,AZ,85382,10,AL11630H,ASSISTED LIVING HOME,ACTIVE
FAITH CARE HOMES,2223 S FAITH,MESA,AZ,85209,5,AL11631H,ASSISTED LIVING HOME,ACTIVE
SHADOW MOUNTAIN MEMORY CARE,10030 N 32ND ST,PHOENIX,AZ,85028,72,AL11632C,ASSISTED LIVING CENTER,ACTIVE
"STARFISH CARE HOMES, LLC",4185 N GARDEN VIEW CIR,TUCSON,AZ,85705,10,AL11638H,ASSISTED LIVING HOME,ACTIVE
LOVING MOTHER RESIDENCY LLC,629 N ENTRADA ST,CHANDLER,AZ,85226,4,AL11655H,ASSISTED LIVING HOME,ACTIVE
ACOYA SCOTTSDALE AT TROON,10455 E PINNACLE PEAK PKWY,SCOTTSDALE,AZ,85255,155,AL11675C,ASSISTED LIVING CENTER,ACTIVE
"SANTORINI VILLAS ASSISTED LIVING, LLC",10862 E REMBRANDT AVE,MESA,AZ,85212,10,AL11701H,ASSISTED LIVING HOME,ACTIVE
THE GARDENS AT BLENMAN ELM,1615 N NORTON AVE,TUCSON,AZ,85719,10,AL11702H,ASSISTED LIVING HOME,ACTIVE
"CORINTHIAN HOME CARE, LLC",1769 N ELLIS ST,CHANDLER,AZ,85224,5,AL11677H,ASSISTED LIVING HOME,ACTIVE
"OUR HOME ON ROSEWOOD, LLC",12619 N ROSEWOOD AVE,PHOENIX,AZ,85029,9,AL11713H,ASSISTED LIVING HOME,ACTIVE
ORANGE GARDEN ASSISTED LIVING LLC,10858 W CARLOTA LN,SUN CITY,AZ,85373,10,AL11714H,ASSISTED LIVING HOME,ACTIVE
"ARIZONA SUN ASSISTED LIVING 1, LLC",3142 E ACOMA DR,PHOENIX,AZ,85032,10,AL11662H,ASSISTED LIVING HOME,ACTIVE
SCOTTSDALE PALMS ASSISTED LIVING LLC,12202 N 68TH PL,SCOTTSDALE,AZ,85254,10,AL11670H,ASSISTED LIVING HOME,ACTIVE
PINNACLE PEAK ASSISTED LIVING HOME LLC,7878 E VISTA BONITA DR,SCOTTSDALE,AZ,85255,10,AL11652H,ASSISTED LIVING HOME,ACTIVE
DANILA CARE HOME II,16033 N 17TH PL,PHOENIX,AZ,85022,5,AL10319H,ASSISTED LIVING HOME,ACTIVE
SHERIDAN GARDEN ASSISTED LIVING HOME,8322 W OREGON AVE,GLENDALE,AZ,85305,10,AL11690H,ASSISTED LIVING HOME,ACTIVE
ABOUT SENIORS ASSISTED LIVING II,15421 N 177TH DR,SURPRISE,AZ,85388,9,AL11691H,ASSISTED LIVING HOME,ACTIVE
FAWN ASSISTED LIVING,13332 E BOSTON ST,CHANDLER,AZ,85225,5,AL10329H,ASSISTED LIVING HOME,ACTIVE
HEART TO HEART ASSISTED LIVING LLC,16224 W ACAPULCO CIR,SURPRISE,AZ,85379,8,AL11727H,ASSISTED LIVING HOME,ACTIVE
SERENITY ASSISTED LIVING AT LAKEWOOD,3540 E BROOKWOOD CT,PHOENIX,AZ,85048,5,AL11683H,ASSISTED LIVING HOME,ACTIVE
ROSE ALLEY SENIOR LIVING LLC,8408 W PATRICK LN,PEORIA,AZ,85383,10,AL11137H,ASSISTED LIVING HOME,ACTIVE
KRISTAL BELL CARE HOME OF GLENDALE,5748 W MARCONI AVE,GLENDALE,AZ,85306,10,AL10344H,ASSISTED LIVING HOME,ACTIVE
PRESTIGE HOME,1274 W LANTANA DR,CHANDLER,AZ,85248,5,AL11746H,ASSISTED LIVING HOME,ACTIVE
THE GROVES ASSISTED LIVING PLACE LLC-APPLE,4034 E PIMA ST,TUCSON,AZ,85712,10,AL11748H,ASSISTED LIVING HOME,ACTIVE
THE GROVES ASSISTED LIVING PLACE LLC-PEPPER,4110 E SPRING ST,TUCSON,AZ,85712,10,AL11749H,ASSISTED LIVING HOME,ACTIVE
"ANASTASIA ASSISTED LIVING HOME, LLC",12805 N 145TH AVE,SURPRISE,AZ,85379,10,AL10320H,ASSISTED LIVING HOME,ACTIVE
ABIGAIL'S ASSISTED LIVING HOME LLC,14631 W WETHERSFIELD RD,SURPRISE,AZ,85379,8,AL11719,ASSISTED LIVING HOME,ACTIVE
"CIRCLE OF LIFE ALZHEIMER HOMES, LLC",1780 SILVER SPUR CIR,CLARKDALE,AZ,86324,6,AL11689H,ASSISTED LIVING HOME,ACTIVE
THE LANDINGS OF PRESCOTT VALLEY,3500 N WINDSONG DR,PRESCOTT VALLEY,AZ,86314,125,AL11695C,ASSISTED LIVING CENTER,ACTIVE
"STARFISH CARE HOMES, LLC",4143 N GARDEN VIEW CIR,TUCSON,AZ,85705,10,AL11637H,ASSISTED LIVING HOME,ACTIVE
"STARFISH CARE HOMES, LLC",4149 N GARDEN VIEW CIR,TUCSON,AZ,85705,10,AL11639H,ASSISTED LIVING HOME,ACTIVE
HEART TO HEART ADULT CARE HOME,14801 N B ST,EL MIRAGE,AZ,85335,5,AL11660H,ASSISTED LIVING HOME,ACTIVE
"ARIZONA SUN ASSISTED LIVING 2, LLC",4618 W VILLA LINDA DR,GLENDALE,AZ,85310,10,AL11661H,ASSISTED LIVING HOME,ACTIVE
LAVENDER ADULT CARE HOME,12900 N 57TH AVE,GLENDALE,AZ,85304,5,AL11656H,ASSISTED LIVING HOME,ACTIVE
"SOUTHWEST COMFORT CARE, LLC",8608 E ROANOKE AVE,SCOTTSDALE,AZ,85257,10,AL11681H,ASSISTED LIVING HOME,ACTIVE
"MONTEREY CARE HOME, LLC",10739 E MONTEREY AVE,MESA,AZ,85209,5,AL11693H,ASSISTED LIVING HOME,ACTIVE
LIDIA'S CARE HOME LLC,6559 W PINNACLE PEAK RD,GLENDALE,AZ,85310,10,AL10328H,ASSISTED LIVING HOME,ACTIVE
SUNSET VISTA FIRST LLC,18606 N 2ND AVE,PHOENIX,AZ,85027,8,AL11715H,ASSISTED LIVING HOME,ACTIVE
"AGAPE TERRACE, LLC",11390 E HARMONY LN,CORNVILLE,AZ,86325,10,AL11723H,ASSISTED LIVING HOME,ACTIVE
KIKO'S RANCH,4960 E CALLE JABALI,TUCSON,AZ,85711,10,AL11141H,ASSISTED LIVING HOME,ACTIVE
"AMANDA'S CARE HOME II, LLC",708 S SABRINA,MESA,AZ,85208,6,AL11742H,ASSISTED LIVING HOME,ACTIVE
THE GROVES ASSISTED LIVING PLACE LLC-PEACH,4024 E PIMA ST,TUCSON,AZ,85712,10,AL11751H,ASSISTED LIVING HOME,ACTIVE
THE GROVES ASSISTED LIVING PLACE LLC-LEMON,4110 E SPRING ST,TUCSON,AZ,85712,10,AL11752H,ASSISTED LIVING HOME,ACTIVE
COMFORT HOME CARE LLC,20506 N 80TH LN,PEORIA,AZ,85382,10,AL10321H,ASSISTED LIVING HOME,ACTIVE
GEMS ASSISTED LIVING 3,871 THUNDERBOLT AVE,LAKE HAVASU CITY,AZ,86406,8,AL10322H,ASSISTED LIVING HOME,ACTIVE
LEGACY VILLAGE OF SALT RIVER,8170 N 90TH ST,SCOTTSDALE,AZ,85258,235,AL11712C,ASSISTED LIVING CENTER,ACTIVE
THE PALMS AT SUN CITY,17233 N BOSWELL BLVD,SUN CITY,AZ,85373,45,AL11716C,ASSISTED LIVING CENTER,ACTIVE
CLASSIC ASSISTED LIVING LLC,14002 N 64TH ST,SCOTTSDALE,AZ,85254,10,AL10327H,ASSISTED LIVING HOME,ACTIVE
SENIOR SERENITY ASSISTED LIVING,3123 W SEQUOIA WAY,PHOENIX,AZ,85053,5,AL11135H,ASSISTED LIVING HOME,ACTIVE
LAKE VIEW TERRACE MEMORY CARE RESIDENCE,320 LAKE HAVASU AVE N,LAKE HAVASU CITY,AZ,86403,72,AL11734C,ASSISTED LIVING CENTER,ACTIVE
MAJESTIC VILLA ASSISTED LIVING,8236 N 57TH DR,GLENDALE,AZ,85302,10,AL11744H,ASSISTED LIVING HOME,ACTIVE
ARCADIA WOODS ASSISTED LIVING LLC,4654 E HOLLY ST,PHOENIX,AZ,85008,10,AL11729H,ASSISTED LIVING HOME,ACTIVE
THE VILLA AT TUCKEY LANE,906 E TUCKEY LN,PHOENIX,AZ,85014,10,AL11769H,ASSISTED LIVING HOME,ACTIVE
LEISURE TIMES HOME LLC,11678 W YUCCA CT,SURPRISE,AZ,85378,6,AL10340H,ASSISTED LIVING HOME,ACTIVE
AMAZING CARE ASSISTED LIVING,16345 W ROOSEVELT ST,GOODYEAR,AZ,85338,10,AL10341H,ASSISTED LIVING HOME,ACTIVE
SUN HEALTH ASSISTED LIVING AT THE COLONNADE,14900 W GOLDWATER RIDGE DR,SURPRISE,AZ,85374,64,AL11146C,ASSISTED LIVING CENTER,ACTIVE
HEAVENLY HAVEN ASSISTED LIVING HOME LLC,8174 N PLANTATION PL,TUCSON,AZ,85741,8,AL11150H,ASSISTED LIVING HOME,ACTIVE
BROOKDALE DESERT RIDGE,4050 E BLUEFIELD AVE,PHOENIX,AZ,85032,120,AL11160C,ASSISTED LIVING CENTER,ACTIVE
BROOKDALE FLAGSTAFF,2100 S WOODLANDS VILLAGE BLVD,FLAGSTAFF,AZ,86001,74,AL11161C,ASSISTED LIVING CENTER,ACTIVE
AMANDA'S CARE HOME,8647 E PAMPA AVE,MESA,AZ,85212,10,AL11743H,ASSISTED LIVING HOME,ACTIVE
THE GROVES ASSISTED LIVING PLACE LLC-OAK,4110 E SPRING ST,TUCSON,AZ,85712,10,AL11750H,ASSISTED LIVING HOME,ACTIVE
VISTA LIVING CAMELBACK VIEW,4602 E CAMELBACK RD,PHOENIX,AZ,85018,10,AL11139H,ASSISTED LIVING HOME,ACTIVE
MAJESTIC ROSE LLC-PR,4723 E BUCKBOARD CT,GILBERT,AZ,85297,10,AL10352H,ASSISTED LIVING HOME,ACTIVE
THE RIGHT CARE ASSISTED LIVING LLC,12309 W DOVE WING WAY,PEORIA,AZ,85383,10,AL11794H,ASSISTED LIVING HOME,ACTIVE
JUBILEE IN THE DESERT ASSISTED LIVING,4321 W CHOLLA ST,GLENDALE,AZ,85304,8,AL11174H,ASSISTED LIVING HOME,ACTIVE
WATERMARK AT CONTINENTAL RANCH,8689 N SILVERBELL RD,TUCSON,AZ,85743,118,AL11183C,ASSISTED LIVING CENTER,ACTIVE
LAS PALOMAS SENIOR LIVING,9050 E BROWN RD,MESA,AZ,85207,111,AL11154C,ASSISTED LIVING CENTER,ACTIVE
PARADISE LIVING CENTERS CAMELBACK LLC,6021 E LINCOLN DR,PARADISE VALLEY,AZ,85253,10,AL11156H,ASSISTED LIVING HOME,ACTIVE
HELPING HANDS ASSISTED LIVING,17039 West Alameda Road,Surprise,AZ,85387,10,AL11796H,ASSISTED LIVING HOME,ACTIVE
ARIZONA PIONEERS' HOME,300 S MCCORMICK ST,PRESCOTT,AZ,86303,125,AL11177C,ASSISTED LIVING CENTER,ACTIVE
DESERT BREEZE OF AHWATUKEE,4823 E APACHE CIR,PHOENIX,AZ,85044,5,AL11768H,ASSISTED LIVING HOME,ACTIVE
AMERICAN GROVES SENIOR LIVING LP,941 E ELLIOT RD,GILBERT,AZ,85234,116,AL11789C,ASSISTED LIVING CENTER,ACTIVE
"CIRCLE OF LIFE ALZHEIMER HOMES, LLC",5600 W ALMOSTA RANCH RD,PRESCOTT,AZ,86305,7,AL11790H,ASSISTED LIVING HOME,ACTIVE
WOODLAND PALMS,1020 N WOODLAND AVE,TUCSON,AZ,85711,60,AL11793C,ASSISTED LIVING CENTER,ACTIVE
"VIA ELEGANTE, SIERRA VISTA HIGHLANDS",4255 CALLE VIS,SIERRA VISTA,AZ,85635,42,AL11800C,ASSISTED LIVING CENTER,ACTIVE
"STARFISH CARE HOMES, LLC",8742 E 27TH ST,TUCSON,AZ,85710,10,AL10330H,ASSISTED LIVING HOME,ACTIVE
ARROWHEAD VILLAGE ADULT HOME CARE LLC,19953 N 63RD DR,GLENDALE,AZ,85308,9,AL10334H,ASSISTED LIVING HOME,ACTIVE
LINCOLN HEIGHTS ASSISTED LIVING,1930 E GLENDALE AVE,PHOENIX,AZ,85020,10,AL11765H,ASSISTED LIVING HOME,ACTIVE
BOSTON MANOR 1,1239 W BOSTON ST,CHANDLER,AZ,85224,5,AL11761H,ASSISTED LIVING HOME,ACTIVE
"INNOVATIVE CARE ASSISTED LIVING FACILITY, LLC",102 W ELMWOOD PL,CHANDLER,AZ,85248,5,AL11138H,ASSISTED LIVING HOME,ACTIVE
"CIRCLE OF LIFE ALZHEIMER HOMES, LLC",5785 SYMPHONY DR,PRESCOTT,AZ,86305,5,AL11142H,ASSISTED LIVING HOME,ACTIVE
MULBERRY ASSISTED LIVING-NIDO,10743 E NIDO AVE,MESA,AZ,85209,5,AL11770H,ASSISTED LIVING HOME,ACTIVE
ORCHARD POINTE AT TERRAZZA,6775 W HAPPY VALLEY RD,PEORIA,AZ,85383,135,AL11151C,ASSISTED LIVING CENTER,ACTIVE
"CACTUS STAR 1 ASSISTED LIVING HOME, LLC",4422 E SHARON DR,PHOENIX,AZ,85032,5,AL11774H,ASSISTED LIVING HOME,ACTIVE
ESTANCIA ASSISTED LIVING AT DISCOVERY PARK,3517 S 159TH ST,GILBERT,AZ,85297,10,AL11739H,ASSISTED LIVING HOME,ACTIVE
THE GROVES ASSISTED LIVING PLACE LLC-PLUM,4014 E PIMA ST,TUCSON,AZ,85712,10,AL11753H,ASSISTED LIVING HOME,ACTIVE
"COMFORT HOME ASSISTED LIVING OF PEORIA, LLC",7866 W BROWN ST,PEORIA,AZ,85345,5,AL11735H,ASSISTED LIVING HOME,ACTIVE
GLECY INFINITY CARE ASSISTED LIVING LLC,976 W CITRUS WAY,CHANDLER,AZ,85248,5,AL11810H,ASSISTED LIVING HOME,ACTIVE
AHADI CARE HOME,3459 E VAUGHN AVE,GILBERT,AZ,85234,8,AL11811H,ASSISTED LIVING HOME,ACTIVE
"GIFTED HANDS ASSISTED LIVING, LLC",55 N MEADOW LN,MESA,AZ,85201,5,AL11812H,ASSISTED LIVING HOME,ACTIVE
AMBIANCE ASSISTED LIVING,9534 W BENT TREE DR,PEORIA,AZ,85383,10,AL11798H,ASSISTED LIVING HOME,ACTIVE
KAYDIES ASSISTED LIVING HOME LLC,16566 W WOODLANDS AVE,GOODYEAR,AZ,85338,5,AL11780H,ASSISTED LIVING HOME,ACTIVE
VALLEY OASIS ASSISTED LIVING LLC,4411 W CHAMA DR,GLENDALE,AZ,85310,10,AL11163H,ASSISTED LIVING HOME,ACTIVE
"HELEN ASSISTED LIVING HOME, LLC",16407 W RIMROCK ST,SURPRISE,AZ,85388,8,AL11173H,ASSISTED LIVING HOME,ACTIVE
"BETTER LIVING HOME, LLC",3016 E BLUE RIDGE PL,CHANDLER,AZ,85249,5,AL11802H,ASSISTED LIVING HOME,ACTIVE
OAKMONT ASSISTED LIVING OF SCOTTSDALE,5545 E YUCCA ST,SCOTTSDALE,AZ,85254,10,AL11801H,ASSISTED LIVING HOME,ACTIVE
"GOODYEAR ASSISTED LIVING HOME, LLC",14808 W AMELIA AVE,GOODYEAR,AZ,85395,10,AL12046H,ASSISTED LIVING HOME,ACTIVE
BROADWAY PROPER SENIOR LIVING,400 S BROADWAY PL,TUCSON,AZ,85710,232,AL11819C,ASSISTED LIVING CENTER,ACTIVE
A COUNTRY RETREAT,412 OLD MUNDS HWY,FLAGSTAFF,AZ,86005,5,AL11815H,ASSISTED LIVING HOME,ACTIVE
THE RETREAT AT ALAMEDA,1920 W ALAMEDA RD,PHOENIX,AZ,85085,104,AL11776C,ASSISTED LIVING CENTER,ACTIVE
GROVERS ASSISTED LIVING LLC,7230 W GROVERS AVE,GLENDALE,AZ,85308,9,AL10353H,ASSISTED LIVING HOME,ACTIVE
ROYAL CARE ASSISTED LIVING LLC,8603 W ARTEMISA AVE,PEORIA,AZ,85383,10,AL12045H,ASSISTED LIVING HOME,ACTIVE
"MANORS AT GLENCROFT, THE",8611 N 67TH AVE,GLENDALE,AZ,85302,80,AL1205C,ASSISTED LIVING CENTER,ACTIVE
ROBSON RESERVE AT PEBBLECREEK,15833 West Clubhouse Drive,Goodyear,AZ,85395,124,AL11187C,ASSISTED LIVING CENTER,ACTIVE
"CAMELBACK RESIDENTIAL ASSISTED LIVING, LLC",6001 N TATUM BLVD,PARADISE VALLEY,AZ,85253,10,AL12058H,ASSISTED LIVING HOME,ACTIVE
HEALING HEARTS ASSISTED LIVING,799 GOLF LINKS RD,SIERRA VISTA,AZ,85635,9,AL12066H,ASSISTED LIVING HOME,ACTIVE
ACUNA AT MORNING SUN,35597 N BANDOLIER DR,SAN TAN VALLEY,AZ,85144,5,AL12064H,ASSISTED LIVING HOME,ACTIVE
FAITH ASSISTED LIVING,9515 E IMPALA AVE,MESA,AZ,85209,10,AL12070H,ASSISTED LIVING HOME,ACTIVE
GOLDEN RESIDENCE ASSISTED LIVING LLC,4860 W GERONIMO ST,CHANDLER,AZ,85226,5,AL11821H,ASSISTED LIVING HOME,ACTIVE
"ACE CASTLES ASSISTED LIVING, LLC",3864 E DOGWOOD PL,CHANDLER,AZ,85286,5,AL12050H,ASSISTED LIVING HOME,ACTIVE
CORONADO RANCH ACH,2461 E BLUE SPRUCE LN,GILBERT,AZ,85298,10,AL11829H,ASSISTED LIVING HOME,ACTIVE
AMORE GARDEN ASSISTED LIVING,643 E LA COSTA DR,CHANDLER,AZ,85249,5,AL12068H,ASSISTED LIVING HOME,ACTIVE
MAGNOLIA MANOR SENIOR CARE,14221 N 136TH LN,SURPRISE,AZ,85379,7,AL12076H,ASSISTED LIVING HOME,ACTIVE
SHERIDAN GARDEN ASSISTED LIVING,2209 N RASCON LOOP,PHOENIX,AZ,85037,5,AL11213H,ASSISTED LIVING HOME,ACTIVE
ROSE GARDEN ADULT HOME CARE,12211 S SHELL AVE,YUMA,AZ,85367,8,AL11824H,ASSISTED LIVING HOME,ACTIVE
ELLIECARE,4857 W BEVERLY LN,GLENDALE,AZ,85306,10,AL11208H,ASSISTED LIVING HOME,ACTIVE
"LAUREL I AL, LLC",4709 W LAUREL LN,GLENDALE,AZ,85304,10,AL12085H,ASSISTED LIVING HOME,ACTIVE
THE GREENWAY MANOR I,5235 E WAGONER RD,SCOTTSDALE,AZ,85254,10,AL12087H,ASSISTED LIVING HOME,ACTIVE
COLD SPRING ASSISTED LIVING,502 E TERRACE AVE,GILBERT,AZ,85234,10,AL11833H,ASSISTED LIVING HOME,ACTIVE
SKYLIGHT RESIDENCE LLC,2330 W QUAIL TRACK DR,PHOENIX,AZ,85085,10,AL12488H,ASSISTED LIVING HOME,ACTIVE
INTOUCH AT BELMONT,4302 E SAINT JOHN RD,PHOENIX,AZ,85032,10,AL12491H,ASSISTED LIVING HOME,ACTIVE
SAGE HOUSE - 68,12802 N 68TH ST,SCOTTSDALE,AZ,85254,10,AL11805H,ASSISTED LIVING HOME,ACTIVE
HAPPY AND HEALTHY ASSISTED LIVING,4302 E WHITE ASTER ST,PHOENIX,AZ,85044,5,AL11736H,ASSISTED LIVING HOME,ACTIVE
INFINITE CARE IN GILBERT,3092 E KINGBIRD DR,GILBERT,AZ,85297,10,AL11745H,ASSISTED LIVING HOME,ACTIVE
AMOR DE MADRE ADULT CARE HOME LLC,7515 S GILA AVE,TUCSON,AZ,85746,4,AL11772F,ADULT FOSTER CARE,ACTIVE
"DAYFLOWER CARE HOME, LLC",4166 West Dayflower Drive,San Tan Valley,AZ,85142,5,AL11817H,ASSISTED LIVING HOME,ACTIVE
CRYSTAL RIDGE ASSISTED LIVING LLC,22922 N 74TH AVE,GLENDALE,AZ,85310,10,AL11775H,ASSISTED LIVING HOME,ACTIVE
SAGE HOUSE - EXPEDITION,3820 E EXPEDITION WAY,PHOENIX,AZ,85050,10,AL11785H,ASSISTED LIVING HOME,ACTIVE
SHERWOOD HEIGHTS ADULT LIVING,5813 E LEWIS AVE,SCOTTSDALE,AZ,85257,10,AL11786H,ASSISTED LIVING HOME,ACTIVE
ELITE SENIOR LIVING LLC,2017 W MAYA WAY,PHOENIX,AZ,85085,10,AL11792H,ASSISTED LIVING HOME,ACTIVE
JOY & CARE ASSISTED LIVING HOME,2532 W LARKSPUR DR,PHOENIX,AZ,85029,8,AL12059H,ASSISTED LIVING HOME,ACTIVE
LEGACY CARE HOME LLC,1929 W SPUR DR,PHOENIX,AZ,85085,5,AL12049H,ASSISTED LIVING HOME,ACTIVE
THE AUBERGE AT PEORIA - A MEMORY CARE COMPANY,13391 N 94TH DR,PEORIA,AZ,85381,90,AL11194C,ASSISTED LIVING CENTER,ACTIVE
STEFAN'S ASSISTED LIVING,16192 N 159TH AVE,SURPRISE,AZ,85374,7,AL11806H,ASSISTED LIVING HOME,ACTIVE
SWEET HOME ASSISTED LIVING,752 E MEGAN ST,CHANDLER,AZ,85225,5,AL11202H,ASSISTED LIVING HOME,ACTIVE
MEADOW ASSISTED LIVING CARE,16610 N MEADOW PARK DR,SUN CITY,AZ,85351,10,AL11809H,ASSISTED LIVING HOME,ACTIVE
ROSEWOOD CARE HOME LLC,3707 W ROSEWOOD AVE,PHOENIX,AZ,85029,5,AL12047H,ASSISTED LIVING HOME,ACTIVE
"GOLDWATER ASSISTED LIVING 3, LLC",24215 N 55TH AVE,GLENDALE,AZ,85310,10,AL11814H,ASSISTED LIVING HOME,ACTIVE
MAGNOLIA SENIOR LIVING LLC,24651 N 49TH AVE,GLENDALE,AZ,85310,10,AL11820H,ASSISTED LIVING HOME,ACTIVE
VISTA WINDS LLC,28783 N VISTANCIA BLVD,PEORIA,AZ,85383,104,AL12079C,ASSISTED LIVING CENTER,ACTIVE
INFINITY ASSISTED LIVING 2,8240 E KEUKA CT,TUCSON,AZ,85715,10,AL12081H,ASSISTED LIVING HOME,ACTIVE
BELLA AMORE ASSISTED LIVING LLC,3530 W WOOD DR,PHOENIX,AZ,85029,9,AL11826H,ASSISTED LIVING HOME,ACTIVE
R & D MARATHON ASSISTED LIVING HOME LLC,6204 W JULIE DR,GLENDALE,AZ,85308,5,AL12077H,ASSISTED LIVING HOME,ACTIVE
ASTORIA MANOR,16451 N 151ST AVE,SURPRISE,AZ,85374,10,AL11199H,ASSISTED LIVING HOME,ACTIVE
"LOVE AND CARE III ASSISTED LIVING, LLC",17030 W SAND HILLS RD,SURPRISE,AZ,85387,10,AL11206H,ASSISTED LIVING HOME,ACTIVE
"LAUREL I AL, LLC",4715 W LAUREL LN,GLENDALE,AZ,85304,10,AL12086H,ASSISTED LIVING HOME,ACTIVE
ROSEMONTE ASSISTED LIVING,902 E ROSEMONTE DR,PHOENIX,AZ,85024,8,AL11836H,ASSISTED LIVING HOME,ACTIVE
CARING FOR GENERATIONS CORNER LLC,4645 E SAN CARLOS PL S,TUCSON,AZ,85712,10,AL12483H,ASSISTED LIVING HOME,ACTIVE
"GARDENS AT SAN CARLOS, THE",4553 E SAN CARLOS PL S,TUCSON,AZ,85712,10,AL11204H,ASSISTED LIVING HOME,ACTIVE
NORTH BEVERLY ASSISTED LIVING,16237 N 35TH DR,PHOENIX,AZ,85053,5,AL12485H,ASSISTED LIVING HOME,ACTIVE
AVONDALE ASSISTED LIVING HOME,13514 W MONTEREY WAY,AVONDALE,AZ,85392,10,AL11837H,ASSISTED LIVING HOME,ACTIVE
"STARLIGHT CARE SENIORS, LLC",16631 N 46TH LN,GLENDALE,AZ,85306,10,AL11840H,ASSISTED LIVING HOME,ACTIVE
SU CASA ASSISTED LIVING,1144 N 59TH AVE,PHOENIX,AZ,85043,5,AL11831H,ASSISTED LIVING HOME,ACTIVE
SUNRISE ADULT CARE HOME #3,8216 W VILLA LINDO DR,PEORIA,AZ,85383,10,AL11191H,ASSISTED LIVING HOME,ACTIVE
ABUNDANT LIFE SENIOR CARE LLC,14010 N 33RD DR,PHOENIX,AZ,85053,10,AL11193H,ASSISTED LIVING HOME,ACTIVE
EVERLASTING SERVICES AT ESTRELLA CENTER,3100 N 91ST AVE,PHOENIX,AZ,85037,124,AL12073C,ASSISTED LIVING CENTER,ACTIVE
CHAPARRAL HOME CARE,5132 N 86TH PL,SCOTTSDALE,AZ,85250,10,AL11848H,ASSISTED LIVING HOME,ACTIVE
"GRACE ASSISTED LIVING, LLC",3426 W ANGELA DR,PHOENIX,AZ,85053,10,AL11853H,ASSISTED LIVING HOME,ACTIVE
PENNINGTON GARDENS,977 S PENNINGTON DR,CHANDLER,AZ,85224,90,AL12107C,ASSISTED LIVING CENTER,ACTIVE
"GRACE ASSISTED LIVING II, LLC",3420 W ANGELA DR,PHOENIX,AZ,85053,5,AL11854H,ASSISTED LIVING HOME,ACTIVE
SIMON ASSISTED LIVING,2912 W GLENDALE AVE,PHOENIX,AZ,85051,10,AL12097H,ASSISTED LIVING HOME,ACTIVE
RUBIDIUM ASSISTED LIVING HOME LLC,10031 E RUBIDIUM AVE,MESA,AZ,85212,5,AL11849H,ASSISTED LIVING HOME,ACTIVE
"THE VILLAS AT WILMOT, VILLA C",622 S WILMOT RD,TUCSON,AZ,85711,10,AL12113H,ASSISTED LIVING HOME,ACTIVE
THE GARDENS AT LA CHOLLA,5830 N FOUNTAINS AVE,TUCSON,AZ,85704,17,AL12120C,ASSISTED LIVING CENTER,ACTIVE
ESSENTIAL PATIENT CARE,1496 E WHIRLWIND WAY,SAFFORD,AZ,85546,6,AL12124H,ASSISTED LIVING HOME,ACTIVE
RUSTIC RANCH SENIOR LIVING,400 N JEFFERSON ST,WICKENBURG,AZ,85390,42,AL12126C,ASSISTED LIVING CENTER,ACTIVE
"CAMI SENIOR LIVING, LLC",14324 W CORONADO RD,GOODYEAR,AZ,85395,10,AL12075H,ASSISTED LIVING HOME,ACTIVE
ADVANTAGE ADULT HEALTH CARE II,16626 N 177TH DR,SURPRISE,AZ,85388,5,AL11827H,ASSISTED LIVING HOME,ACTIVE
BIG HEART ANGELS CARE HOME LLC,3703 W MEGAN ST,CHANDLER,AZ,85226,5,AL11838H,ASSISTED LIVING HOME,ACTIVE
THE RANCH ESTATES OF TUCSON,2365 W ORANGE GROVE RD,TUCSON,AZ,85741,155,AL11845C,ASSISTED LIVING CENTER,ACTIVE
CEDAR CARE AT LAGOS VISTOSO,636 E INDIAN WELLS PL,CHANDLER,AZ,85249,5,AL12490H,ASSISTED LIVING HOME,ACTIVE
EXTENDED FAMILY HOME,2556 E HERMOSA VISTA DR,MESA,AZ,85213,10,AL1250H,ASSISTED LIVING HOME,ACTIVE
AZ OHANA CARE HOME,1090 E KAIBAB PL,CHANDLER,AZ,85249,5,AL12130H,ASSISTED LIVING HOME,ACTIVE
DESERT GARDENS ASSISTED LIVING,5475 N HACIENDA DEL SOL RD,TUCSON,AZ,85718,10,AL12129H,ASSISTED LIVING HOME,ACTIVE
ANA & DAVID ASSISTED LIVING,7410 W CANTERBURY DR,PEORIA,AZ,85345,8,AL12106H,ASSISTED LIVING HOME,ACTIVE
ACOYA MESA,6502 E BROWN RD,MESA,AZ,85205,188,AL12116C,ASSISTED LIVING CENTER,ACTIVE
"KSC CARE, LLC",13827 N 41ST PL,PHOENIX,AZ,85032,5,AL12487H,ASSISTED LIVING HOME,ACTIVE
VERDE VALLEY ASSISTED LIVING,195 S WILLARD ST,COTTONWOOD,AZ,86326,90,AL12478C,ASSISTED LIVING CENTER,ACTIVE
ENCANTO PALMS ASSISTED LIVING,3901 W ENCANTO BLVD,PHOENIX,AZ,85009,97,AL12479C,ASSISTED LIVING CENTER,ACTIVE
"THE VILLAS AT WILMOT, VILLA F",652 S WILMOT RD,TUCSON,AZ,85711,10,AL12051H,ASSISTED LIVING HOME,ACTIVE
M AND L LOVE AND CARE HOME,10224 E SUPERNOVA DR,MESA,AZ,85212,5,AL12065H,ASSISTED LIVING HOME,ACTIVE
BARTON HOUSE I,7001 East Mountain View Road,Paradise Valley,AZ,85253,20,AL11866C,ASSISTED LIVING CENTER,ACTIVE
CENTRAL ASSISTED LIVING LLC,25914 N CENTRAL AVE,PHOENIX,AZ,85085,10,AL12108H,ASSISTED LIVING HOME,ACTIVE
GOLDEN AGE CARE HOME LLC,6134 W BEVERLY LN,GLENDALE,AZ,85306,5,AL12117H,ASSISTED LIVING HOME,ACTIVE
THE MANOR VILLAGE AT DESERT RIDGE,5560 E DEER VALLEY DR,PHOENIX,AZ,85054,146,AL11856C,ASSISTED LIVING CENTER,ACTIVE
ESSENTIAL PATIENT CARE,1500 E WHIRLWIND WAY,SAFFORD,AZ,85546,6,AL12123H,ASSISTED LIVING HOME,ACTIVE
CARE MORE ASSISTED LIVING,2906 W CHOLLA ST,PHOENIX,AZ,85029,5,AL12496H,ASSISTED LIVING HOME,ACTIVE
DESERT BREEZE ALH LLC,14467 W MERRELL ST,GOODYEAR,AZ,85395,10,AL12497H,ASSISTED LIVING HOME,ACTIVE
RED MOUNTAIN ASSISTED LIVING AT GATEWAY INC,2165 S STUART AVE,GILBERT,AZ,85295,10,AL12480H,ASSISTED LIVING HOME,ACTIVE
"NURTURED VALLEY ASSISTED LIVING, LLC",15663 E RICHWOOD AVE,FOUNTAIN HILLS,AZ,85268,10,AL12493H,ASSISTED LIVING HOME,ACTIVE
LA PAZ ASSISTED LIVING III,1436 W LIDDELL DR,TUCSON,AZ,85704,8,AL11846H,ASSISTED LIVING HOME,ACTIVE
EYAL LLC 2,1029 N SERICIN,MESA,AZ,85205,9,AL12131H,ASSISTED LIVING HOME,ACTIVE
MIRABELLA AT ASU,65 E UNIVERSITY DR,TEMPE,AZ,85281,47,AL11869C,ASSISTED LIVING CENTER,ACTIVE
ORCHID LIVING LLC,7722 N 38TH AVE,PHOENIX,AZ,85051,5,AL11851H,ASSISTED LIVING HOME,ACTIVE
ETERNAL LIFE CARE CENTER LLC,3730 E CALLE BARCELONA,TUCSON,AZ,85716,10,AL11874H,ASSISTED LIVING HOME,ACTIVE
PRESCOTT VALLEY ASSISTED LIVING,6081 N DODGE DR,PRESCOTT VALLEY,AZ,86314,10,AL12104H,ASSISTED LIVING HOME,ACTIVE
ARIZUMA HORIZONS ASSISTED LIVING HOMES,23221 N 121ST DR,SUN CITY,AZ,85373,10,AL11852H,ASSISTED LIVING HOME,ACTIVE
MANOR ON PARADISE,7125 E PARADISE DR,SCOTTSDALE,AZ,85254,10,AL11859H,ASSISTED LIVING HOME,ACTIVE
LOVECARE CO,7022 E EDGEMONT ST,TUCSON,AZ,85710,8,AL11876H,ASSISTED LIVING HOME,ACTIVE
MAXCARE ASSISTED LIVING HOME,45596 W WINDMILL DR,MARICOPA,AZ,85139,5,AL11844H,ASSISTED LIVING HOME,ACTIVE
"THE VILLAS AT WILMOT, VILLA E",642 S WILMOT RD,TUCSON,AZ,85711,10,AL12092H,ASSISTED LIVING HOME,ACTIVE
THE CITADEL ASSISTED LIVING FACILITY,520 S HIGLEY RD,MESA,AZ,85206,150,AL12140C,ASSISTED LIVING CENTER,ACTIVE
"ASOV BORROWER, LLC",1734 E INNOVATION PARK DR,ORO VALLEY,AZ,85755,75,AL12144C,ASSISTED LIVING CENTER,ACTIVE
HILDA'S HAVEN ALF #6,975 E LODGEPOLE DR,GILBERT,AZ,85298,10,AL12105H,ASSISTED LIVING HOME,ACTIVE
LA SONORA AT DOVE MOUNTAIN,5250 W DOVE CENTRE RD,MARANA,AZ,85658,116,AL11858C,ASSISTED LIVING CENTER,ACTIVE
GRACEVILLE ESTATE LLC,619 W CITRUS WAY,CHANDLER,AZ,85248,5,AL11860H,ASSISTED LIVING HOME,ACTIVE
SENIOR VALLEY ASSISTED LIVING LLC,5241 E ANDERSON DR,SCOTTSDALE,AZ,85254,10,AL11865H,ASSISTED LIVING HOME,ACTIVE
BARTON HOUSE II,7007 East Mountain View Road,Paradise Valley,AZ,85253,20,AL11867C,ASSISTED LIVING CENTER,ACTIVE
THE INN AT THE FOUNTAINS,5830 N FOUNTAINS AVE,TUCSON,AZ,85704,91,AL12119C,ASSISTED LIVING CENTER,ACTIVE
D & A WHITE DOVE A L H,4935 W BUCKSKIN TRL,PHOENIX,AZ,85083,10,AL12127H,ASSISTED LIVING HOME,ACTIVE
HERITAGE OAKS ASSISTED LIVING LLC,6569 E CARONDELET DR,TUCSON,AZ,85710,16,AL11891C,ASSISTED LIVING CENTER,ACTIVE
"AURORA'S ASSISTED LIVING, LLC",17352 W ELAINE DR,GOODYEAR,AZ,85338,6,AL12507H,ASSISTED LIVING HOME,ACTIVE
GC ASSISTED LIVING,6480 S ALAMEDA RD,GOLD CANYON,AZ,85118,10,AL12513H,ASSISTED LIVING HOME,ACTIVE
AT DANA'S LOVING CARE ASSISTED LIVING LLC,21935 N 97TH DR,PEORIA,AZ,85383,5,AL11883H,ASSISTED LIVING HOME,ACTIVE
"TUSCAN PLACE II, LLC",13637 N 87TH ST,SCOTTSDALE,AZ,85260,10,AL11884H,ASSISTED LIVING HOME,ACTIVE
SHEPHERD HILLS SENIOR CARE LLC,6447 E SHEPHERD HLS,TUCSON,AZ,85710,10,AL11890H,ASSISTED LIVING HOME,ACTIVE
PENDO CARE HOMES LLC,1151 S SEAN DR,CHANDLER,AZ,85286,10,AL12504H,ASSISTED LIVING HOME,ACTIVE
CCC B&B LLC CAREHOME,4623 W MAGDALENA LN,LAVEEN,AZ,85339,6,AL11896H,ASSISTED LIVING HOME,ACTIVE
WEST VALLEY CARE HOME II,20817 N 101ST LN,PEORIA,AZ,85382,10,AL12528H,ASSISTED LIVING HOME,ACTIVE
THE GREENWAY MANOR II,6144 E ANDERSON DR,SCOTTSDALE,AZ,85254,10,AL11904H,ASSISTED LIVING HOME,ACTIVE
EMBRACE ASSISTED LIVING II,3225 S OXLEY,MESA,AZ,85212,5,AL12128H,ASSISTED LIVING HOME,ACTIVE
"THE VILLAS AT WILMOT, VILLA G",662 S WILMOT RD,TUCSON,AZ,85711,10,AL11881H,ASSISTED LIVING HOME,ACTIVE
AMARSI ASSISTED LIVING,5125 N 58TH AVE,GLENDALE,AZ,85301,103,AL12139C,ASSISTED LIVING CENTER,ACTIVE
DESERT HOME BY PLATINUM CARE HOMES,5940 E 5TH ST,TUCSON,AZ,85711,10,AL12506H,ASSISTED LIVING HOME,ACTIVE
LOVING HEARTS ASSISTED LIVING 3,414 S 98TH PL,MESA,AZ,85208,10,AL12510H,ASSISTED LIVING HOME,ACTIVE
KIERLAND SANCTUARY,15841 N 63RD PL,SCOTTSDALE,AZ,85254,10,AL12512H,ASSISTED LIVING HOME,ACTIVE
DESERT GEM ASSISTED LIVING FACILITY,3569 E UTOPIA RD,PHOENIX,AZ,85050,9,AL12536H,ASSISTED LIVING HOME,ACTIVE
VILLAGE ASSISTED LIVING LLP,2516 W VILLAGE DR,PHOENIX,AZ,85023,5,AL12520H,ASSISTED LIVING HOME,ACTIVE
ZOE'S ASSISTED LIVING HOME LLC,2730 S PENNINGTON,MESA,AZ,85202,5,AL12522H,ASSISTED LIVING HOME,ACTIVE
OUR GROUPHOME LLC,12533 W COLDWATER SPRINGS BLVD,AVONDALE,AZ,85323,7,AL11922H,ASSISTED LIVING HOME,ACTIVE
HEAVEN CARE RESIDENTIAL LLC,1707 E CITATION LN,TEMPE,AZ,85284,10,AL12545H,ASSISTED LIVING HOME,ACTIVE
MOSAIC GARDENS MEMORY CARE AT CHANDLER,850 S PENNINGTON DR,CHANDLER,AZ,85224,84,AL12542C,ASSISTED LIVING CENTER,ACTIVE
MAYFAIR EDEN HOMES INC,216 S 98TH WAY,MESA,AZ,85208,10,AL12546H,ASSISTED LIVING HOME,ACTIVE
MAYFAIR EDEN HOMES INC,1625 N 72ND ST,MESA,AZ,85207,10,AL12547H,ASSISTED LIVING HOME,ACTIVE
SKY RIDGE,1445 E WILLIS RD,GILBERT,AZ,85297,121,AL12099C,ASSISTED LIVING CENTER,ACTIVE
DNADEBBS AT LAYTON LAKE LLC,3234 E DOGWOOD PL,CHANDLER,AZ,85286,5,AL11862H,ASSISTED LIVING HOME,ACTIVE
HELPING HEARTS ASSISTED LIVING LLC,5237 W PORT AU PRINCE LN,GLENDALE,AZ,85306,5,AL12114H,ASSISTED LIVING HOME,ACTIVE
"NORTH CENTRAL SHORES, LLC",8825 N 3RD AVE,PHOENIX,AZ,85021,10,AL11886H,ASSISTED LIVING HOME,ACTIVE
HAPPY DAYS ASSISTED LIVING,2859 E VOLTAIRE AVE,PHOENIX,AZ,85032,7,AL12527H,ASSISTED LIVING HOME,ACTIVE
BOSWELL ASSISTED LIVING,14421 N BOSWELL BLVD,SUN CITY,AZ,85351,10,AL12533H,ASSISTED LIVING HOME,ACTIVE
SWEET HOME ADULT CARE HOME LLC,15973 N 77TH AVE,PEORIA,AZ,85382,10,AL11877H,ASSISTED LIVING HOME,ACTIVE
"KIERLAND CARE ASSISTED LIVING, LLC",7044 E THUNDERBIRD RD,SCOTTSDALE,AZ,85254,10,AL11892H,ASSISTED LIVING HOME,ACTIVE
BROOKHAVEN ASSISTED LIVING,15358 W POST CIR,SURPRISE,AZ,85374,8,AL12511H,ASSISTED LIVING HOME,ACTIVE
PRESTIGE HOME LLC,3210 S JOJOBA WAY,CHANDLER,AZ,85248,5,AL12516H,ASSISTED LIVING HOME,ACTIVE
NURSE'S ASSISTED LIVING LLC,8249 W CROCUS DR,PEORIA,AZ,85381,10,AL11905H,ASSISTED LIVING HOME,ACTIVE
A LOVING HEART ASSISTED LIVING LLC,14302 W BECKER LN,SURPRISE,AZ,85379,10,AL12519H,ASSISTED LIVING HOME,ACTIVE
JOLLEY FAMILY ASSISTED LIVING LLC,20104 W BROADWAY RD,BUCKEYE,AZ,85326,10,AL12524H,ASSISTED LIVING HOME,ACTIVE
HIGHLAND PARK ESTATE,3207 E DES MOINES ST,MESA,AZ,85213,10,AL11903H,ASSISTED LIVING HOME,ACTIVE
LOVE AND CARE I ASSISTED LIVING,13417 W RIMROCK ST,SURPRISE,AZ,85374,10,AL11870H,ASSISTED LIVING HOME,ACTIVE
SUNSET VIEW MANOR SENIOR LIVING LLC,24885 N 93RD AVE,PEORIA,AZ,85383,10,AL11872H,ASSISTED LIVING HOME,ACTIVE
CAMINO DE ORO SENIOR LIVING,7198 W CAMINO DE ORO,PEORIA,AZ,85383,10,AL12502H,ASSISTED LIVING HOME,ACTIVE
BLOSSOM VALLEY ASSISTED LIVING LLC,5453 E 4TH ST,TUCSON,AZ,85711,8,AL11913H,ASSISTED LIVING HOME,ACTIVE
HOUSE OF HOPE ASSISTED LIVING LLC,1938 W RIVERVIEW ST,TUCSON,AZ,85745,9,AL11914H,ASSISTED LIVING HOME,ACTIVE
"STARLIGHT ASSISTED LIVING, LLC",8736 E JOSHUA TREE LN,SCOTTSDALE,AZ,85250,10,AL12537H,ASSISTED LIVING HOME,ACTIVE
EAST SHEA II ASSISTED LIVING LLC,12705 E SAHUARO DR,SCOTTSDALE,AZ,85259,10,AL11898H,ASSISTED LIVING HOME,ACTIVE
DESERT SIERRA ASSISTED LIVING,3132 E ACOMA DR,PHOENIX,AZ,85032,10,AL11899H,ASSISTED LIVING HOME,ACTIVE
BRING-HEALING-HOME PERSONAL CARE LLC,1541 W CORONA DR,CHANDLER,AZ,85224,5,AL12534H,ASSISTED LIVING HOME,ACTIVE
SORRENTO ASSISTED LIVING,17652 N AVELINO DR,MARICOPA,AZ,85138,10,AL12539H,ASSISTED LIVING HOME,ACTIVE
OCOTILLO PLACE,3327 N CIVIC CENTER PLZ,SCOTTSDALE,AZ,85251,120,AL12540C,ASSISTED LIVING CENTER,ACTIVE
MOSAIC GARDEN MEMORY CARE AT SCOTTSDALE,9450 E MOUNTAIN VIEW RD,SCOTTSDALE,AZ,85258,86,AL12541C,ASSISTED LIVING CENTER,ACTIVE
"ARIZONA SENIOR LIFE, LLC",2134 E PALM LN,PHOENIX,AZ,85006,8,AL12564H,ASSISTED LIVING HOME,ACTIVE
PLEASANT STAY CARE HOME,3221 E PERSHING AVE,PHOENIX,AZ,85032,10,AL12146H,ASSISTED LIVING HOME,ACTIVE
BLUE ROYALE ASSISTED LIVING LLC,10619 E HAWK AVE,MESA,AZ,85212,5,AL12550H,ASSISTED LIVING HOME,ACTIVE
JOYVILLE ASSISTED LIVING HOME II,2020 E INDIGO DR,CHANDLER,AZ,85286,5,AL11923H,ASSISTED LIVING HOME,ACTIVE
EMMANUEL ASSISTED LIVING LLC,15453 W STATLER CIR,SURPRISE,AZ,85374,6,AL12560H,ASSISTED LIVING HOME,ACTIVE
DOCTOR'S FIRST CHOICE CARE HOME,3933 W BLOOMFIELD RD,PHOENIX,AZ,85029,10,AL12572H,ASSISTED LIVING HOME,ACTIVE
A DIGNIFIED ADULT CARE HOME LLC,14952 N 78TH AVE,PEORIA,AZ,85381,10,AL12576H,ASSISTED LIVING HOME,ACTIVE
FLAMINGO ALH LLC,13330 N 88TH PL,SCOTTSDALE,AZ,85260,10,AL11902H,ASSISTED LIVING HOME,ACTIVE
SECRET GARDEN ASSISTED LIVING II,1320 W 7TH ST,TEMPE,AZ,85281,5,AL12535H,ASSISTED LIVING HOME,ACTIVE
ARABIAN VIEWS,5501 E WOODRIDGE DR,SCOTTSDALE,AZ,85254,10,AL12543H,ASSISTED LIVING HOME,ACTIVE
FOUNTAIN ASSISTED LIVING CENTER,2260 E BROWN RD,MESA,AZ,85213,27,AL11916C,ASSISTED LIVING CENTER,ACTIVE
EDEN ASSISTED LIVING HOME,2664 S FOUR PEAKS WAY,CHANDLER,AZ,85286,5,AL11928H,ASSISTED LIVING HOME,ACTIVE
FOUNTAIN HOME ASSISTED LIVING LLC,8129 E FOUNTAIN ST,MESA,AZ,85207,10,AL11959H,ASSISTED LIVING HOME,ACTIVE
"COMFORT ASSISTED LIVING HOME 2, LLC",4039 W TONOPAH DR,GLENDALE,AZ,85308,10,AL12573H,ASSISTED LIVING HOME,ACTIVE
DESERT PALM AT THE PARK,10234 N 7TH AVE,PHOENIX,AZ,85021,59,AL12145C,ASSISTED LIVING CENTER,ACTIVE
HAPPY VALLEY ASSISTED LIVING,3436 W SANDS DR,PHOENIX,AZ,85027,10,AL12154H,ASSISTED LIVING HOME,ACTIVE
CADENCE CHANDLER,100 W QUEEN CREEK RD,CHANDLER,AZ,85248,234,AL12156C,ASSISTED LIVING CENTER,ACTIVE
FAMIGLIA AMORE LLC,2501 N SOLDIER TRL,TUCSON,AZ,85749,10,AL11940H,ASSISTED LIVING HOME,ACTIVE
EASTMARK CAREHOMES,4640 S PLUTO,MESA,AZ,85212,5,AL12155H,ASSISTED LIVING HOME,ACTIVE
MONTE MANOR ASSISTED LIVING,2729 W MONTE AVE,MESA,AZ,85202,5,AL12167H,ASSISTED LIVING HOME,ACTIVE
SCOTTSDALE QUARTER CARE ASSISTED LIVING LLC,6321 E EVANS DR,SCOTTSDALE,AZ,85254,10,AL11954H,ASSISTED LIVING HOME,ACTIVE
LEANA ASSISTED LIVING HOME LLC,18336 W WOLF ST,GOODYEAR,AZ,85395,10,AL11977H,ASSISTED LIVING HOME,ACTIVE
LT ASSISTED LIVING LLC,111 W BLAKE ST,GLOBE,AZ,85501,10,AL12178H,ASSISTED LIVING HOME,ACTIVE
DESERT PALM ON PALM LANE,7935 E PALM LN,SCOTTSDALE,AZ,85257,10,AL11981H,ASSISTED LIVING HOME,ACTIVE
EVERGREEN ASSISTED LIVING LLC,2112 E MORELOS ST,CHANDLER,AZ,85225,5,AL11985H,ASSISTED LIVING HOME,ACTIVE
"LOVING ARMS ASSISTED LIVING, LLC",15341 N 183RD DR,SURPRISE,AZ,85388,10,AL12185H,ASSISTED LIVING HOME,ACTIVE
ASSISTED LIVING HOMES AT LIFESTREAM,"11521, 11523, AND 11525 WEST P",YOUNGTOWN,AZ,85363,30,AL11975C,ASSISTED LIVING CENTER,ACTIVE
PROVIDE ASSISTED LIVING HOME,10087 W EL CORTEZ PL,PEORIA,AZ,85383,10,AL12551H,ASSISTED LIVING HOME,ACTIVE
METROPOLITAN ASSISTED LIVING LLC,1219 W STRAFORD AVE,GILBERT,AZ,85233,5,AL11927H,ASSISTED LIVING HOME,ACTIVE
TORBROOK MANOR II,6215 E SHEA BLVD,SCOTTSDALE,AZ,85254,10,AL12152H,ASSISTED LIVING HOME,ACTIVE
COMPASSIONATE SENIOR CARE LLC,4029 W HAYWARD AVE,PHOENIX,AZ,85051,5,AL12544H,ASSISTED LIVING HOME,ACTIVE
MAYFAIR EDEN HOMES INC,210 S 98TH WAY,MESA,AZ,85208,10,AL12549H,ASSISTED LIVING HOME,ACTIVE
D & V ASSISTED LIVING,3239 E SEQUOIA DR,PHOENIX,AZ,85050,5,AL11935H,ASSISTED LIVING HOME,ACTIVE
DIGNITY CARE HOMES LLC,2498 S 43RD DR,YUMA,AZ,85364,8,AL11946H,ASSISTED LIVING HOME,ACTIVE
FOUNTAIN VIEW VILLAGE,16455 East Avenue Of The Fountains,Fountain Hills,AZ,85268,109,AL11934C,ASSISTED LIVING CENTER,ACTIVE
COTTAGES OF TUCSON,619 W CHULA VISTA RD,TUCSON,AZ,85704,80,AL12559C,ASSISTED LIVING CENTER,ACTIVE
COMPASSIONATE HANDS ASSISTED LIVING LLC,13342 W WATSON LN,SURPRISE,AZ,85379,7,AL12574H,ASSISTED LIVING HOME,ACTIVE
PARADISE VALLEY PREMIER CARE LLC,3324 E ORAIBI DR,PHOENIX,AZ,85050,10,AL11943H,ASSISTED LIVING HOME,ACTIVE
COMFORT GARDENS,7259 E ELI DR,TUCSON,AZ,85710,10,AL12170H,ASSISTED LIVING HOME,ACTIVE
"THE VILLAS AT WILMOT, VILLA B",612 S WILMOT RD,TUCSON,AZ,85711,10,AL12171H,ASSISTED LIVING HOME,ACTIVE
CANYON VIEW BY PLATINUM CARE HOMES,1331 E SOBRE LOMAS,TUCSON,AZ,85718,10,AL11969H,ASSISTED LIVING HOME,ACTIVE
"CARING ANGELS RESIDENTIAL FOR ELDERLY II, LLC",2585 E HONEYSUCKLE PL,CHANDLER,AZ,85286,5,AL12184H,ASSISTED LIVING HOME,ACTIVE
"GREENFIELD ASSISTED LIVING HOME, LLC",4023 E HARRISON ST,GILBERT,AZ,85295,8,AL11958H,ASSISTED LIVING HOME,ACTIVE
"THE VILLAS AT WILMOT, VILLA D",632 S WILMOT RD,TUCSON,AZ,85711,10,AL11987H,ASSISTED LIVING HOME,ACTIVE
BELOVED CARE HOME,306 E HARVARD AVE,GILBERT,AZ,85234,9,AL11972H,ASSISTED LIVING HOME,ACTIVE
CASA DEL REY ASSISTED LIVING CARE HOME LLC,22284 N 102ND LN,PEORIA,AZ,85383,6,AL12182H,ASSISTED LIVING HOME,ACTIVE
NURSE BERNIE'S HOME,2406 S PECAN DR,CHANDLER,AZ,85286,5,AL12187H,ASSISTED LIVING HOME,ACTIVE
"JOYFUL HAVEN ASSISTED LIVING HOME, LLC",18027 N 27TH DR,PHOENIX,AZ,85053,8,AL12188H,ASSISTED LIVING HOME,ACTIVE
THE MONTECITO SENIOR LIVING,17271 N 87TH AVE,PEORIA,AZ,85382,141,AL12198C,ASSISTED LIVING CENTER,ACTIVE
"THE VILLAS AT WILMOT, VILLA A",602 S WILMOT RD # A,TUCSON,AZ,85711,10,AL11937H,ASSISTED LIVING HOME,ACTIVE
ATIVO SENIOR LIVING OF YUMA,10565 S COMMERCIAL CENTRE LOOP,YUMA,AZ,85367,85,AL11960C,ASSISTED LIVING CENTER,ACTIVE
EAST DESERT SUN ASSISTED LIVING,561 E VERMONT DR,GILBERT,AZ,85295,10,AL11961H,ASSISTED LIVING HOME,ACTIVE
BLISSFUL LIVING HOME LLC,20706 N 74TH LN,GLENDALE,AZ,85308,10,AL11962H,ASSISTED LIVING HOME,ACTIVE
SEDONA SPRINGS ASSISTED LIVING,6402 N TREASURE DR,TUCSON,AZ,85704,10,AL11964H,ASSISTED LIVING HOME,ACTIVE
LIVING WATERS ASSISTED LIVING LLC,5601 W WINNWOOD AVE,GLENDALE,AZ,85304,10,AL11982H,ASSISTED LIVING HOME,ACTIVE
SIMPLE LIVING ASSISTED HOME,24445 N 168TH LN,SURPRISE,AZ,85387,8,AL12183H,ASSISTED LIVING HOME,ACTIVE
SENIOR VALLEY ASSISTED LIVING II LLC,16810 N 66TH ST,SCOTTSDALE,AZ,85254,10,AL12193H,ASSISTED LIVING HOME,ACTIVE
PARADISE LIVING CENTERS CAMELBACK LLC,3937 E MONTECITO AVE,PHOENIX,AZ,85018,10,AL11998H,ASSISTED LIVING HOME,ACTIVE
A COTTAGE AT PAMPA ASSISTED LIVING,9909 E PAMPA AVE,MESA,AZ,85212,5,AL12002H,ASSISTED LIVING HOME,ACTIVE
HOPE HAVEN AT HELENS PLACE,1025 SUNRISE AVE,KINGMAN,AZ,86401,10,AL12009H,ASSISTED LIVING HOME,ACTIVE
THE RETREAT ASSISTED LIVING LLC,10031 E DESERT COVE AVE,SCOTTSDALE,AZ,85260,10,AL12616H,ASSISTED LIVING HOME,ACTIVE
"ASSISTED LIVING AMBER HILLS, LLC",34226 N 26TH AVE,PHOENIX,AZ,85085,10,AL12041H,ASSISTED LIVING HOME,ACTIVE
SUNNYCARE CHATEAU,3843 W BERYL AVE,PHOENIX,AZ,85051,10,AL12025H,ASSISTED LIVING HOME,ACTIVE
ATRIUM ASSISTED LIVING,7004 N ASTERION LN,TUCSON,AZ,85741,10,AL12012H,ASSISTED LIVING HOME,ACTIVE
HIGHGATE FLAGSTAFF,1831 N JASPER DR,FLAGSTAFF,AZ,86001,105,AL12018C,ASSISTED LIVING CENTER,ACTIVE
VIA LINDA ASSISTED LIVING 2 LLC,11420 N 122ND PL,SCOTTSDALE,AZ,85259,10,AL12033H,ASSISTED LIVING HOME,ACTIVE
DESTINY CARE HOME,2396 N 156TH DR,GOODYEAR,AZ,85395,10,AL12199H,ASSISTED LIVING HOME,ACTIVE
AT HOME AT CENTRAL,50 E PIERSON ST,PHOENIX,AZ,85012,10,AL11990H,ASSISTED LIVING HOME,ACTIVE
ESTANCIA AT ELGIN RANCH,16543 E ELGIN ST,GILBERT,AZ,85295,10,AL11995H,ASSISTED LIVING HOME,ACTIVE
AZ ASSISTED LIVING & MEMORY CARE,2062 N 139TH DR,GOODYEAR,AZ,85395,10,AL12192H,ASSISTED LIVING HOME,ACTIVE
"ELDER'S RANCH BY CARLA, LLC",16802 N 43RD ST,PHOENIX,AZ,85032,10,AL12197H,ASSISTED LIVING HOME,ACTIVE
KIRAN MANOR LLC,2150 E FLINTLOCK WAY,CHANDLER,AZ,85286,10,AL11949H,ASSISTED LIVING HOME,ACTIVE
HUMMINGBIRD GROVE PEORIA,22834 N 90TH DR,PEORIA,AZ,85383,10,AL12169H,ASSISTED LIVING HOME,ACTIVE
SHEPHERD HILLS SENIOR CARE LLC,6451 E SHEPHERD HLS,TUCSON,AZ,85710,10,AL11955H,ASSISTED LIVING HOME,ACTIVE
SENIOR PARADISE LIVING,5045 E PARADISE LN,SCOTTSDALE,AZ,85254,10,AL12180H,ASSISTED LIVING HOME,ACTIVE
ARK OF NOAH CARE HOME,4685 E ALAMO ST,QUEEN CREEK,AZ,85140,5,AL11980H,ASSISTED LIVING HOME,ACTIVE
"ABELLA MANOR SENIOR CARE, LLC",955 N LARRY PL,TUCSON,AZ,85710,10,AL12186H,ASSISTED LIVING HOME,ACTIVE
SKY VISTA,1248 S CRISMON RD,MESA,AZ,85209,121,AL11993C,ASSISTED LIVING CENTER,ACTIVE
PARADISE LIVING CENTERS CAMELBACK LLC,302 E MARYLAND AVE,PHOENIX,AZ,85012,10,AL11999H,ASSISTED LIVING HOME,ACTIVE
DESERT OASIS HEALTHY LIVING LLC,6021 N LA CANADA DR,TUCSON,AZ,85704,9,AL12583H,ASSISTED LIVING HOME,ACTIVE
"ZURI HOMES, LLC",8404 W MIDWAY AVE,GLENDALE,AZ,85305,5,AL12584H,ASSISTED LIVING HOME,ACTIVE
SUMMIT SENIOR LIVING LLC,2560 W MESA OAK CT,PRESCOTT,AZ,86305,10,AL11992H,ASSISTED LIVING HOME,ACTIVE
"RALLY, L L C",16325 N LAGO DEL ORO PKWY,CATALINA,AZ,85739,10,AL12030H,ASSISTED LIVING HOME,ACTIVE
AZALEA VILLA ASSISTED LIVING CENTER,217 N WASHINGTON ST,CHANDLER,AZ,85225,23,AL12593C,ASSISTED LIVING CENTER,ACTIVE
CROCUS AL LLC,5449 E CROCUS DR,SCOTTSDALE,AZ,85254,10,AL12034H,ASSISTED LIVING HOME,ACTIVE
CRESTLANE CARE ASSISTED LIVING,6741 W CREST LN,GLENDALE,AZ,85310,5,AL12001H,ASSISTED LIVING HOME,ACTIVE
A BETTER CHOICE ASSISTED LIVING LLC,9742 E GELDING DR,SCOTTSDALE,AZ,85260,8,AL12565H,ASSISTED LIVING HOME,ACTIVE
"ESTANCIA ASSISTED LIVING AT DANA PARK, LLC",4221 E HOLMES CIR,MESA,AZ,85206,9,AL12601H,ASSISTED LIVING HOME,ACTIVE
PERPETUAL HELP ASSISTED LIVING 2,1116 N WESTWOOD,MESA,AZ,85201,5,AL12021H,ASSISTED LIVING HOME,ACTIVE
FAIR HOME CARE LLC,5632 E FAIRBROOK ST,MESA,AZ,85205,5,AL12597H,ASSISTED LIVING HOME,ACTIVE
BETANIA CARE HOME LLC,5001 S CASSIA WAY,TUCSON,AZ,85706,10,AL12023H,ASSISTED LIVING HOME,ACTIVE
GOLDEN CROWN ASSISTED LIVING LLC,17818 N 54TH LN,GLENDALE,AZ,85308,10,AL12027H,ASSISTED LIVING HOME,ACTIVE
NORTHWOOD GLEN II ASSISTED LIVING,4816 W PARK VIEW LN,GLENDALE,AZ,85310,10,AL12028H,ASSISTED LIVING HOME,ACTIVE
AT HOME SCOTTSDALE,13650 N 57TH PL,SCOTTSDALE,AZ,85254,10,AL12933H,ASSISTED LIVING HOME,ACTIVE
CANYON ASSISTED LIVING LLC,750 E GRAND CANYON DR,CHANDLER,AZ,85249,5,AL12035H,ASSISTED LIVING HOME,ACTIVE
SONORAN SKY ASSISTED LIVING II,3407 E POINSETTIA DR,PHOENIX,AZ,85028,5,AL12624H,ASSISTED LIVING HOME,ACTIVE
SOLANA SENIOR LIVING,16896 W VEREDA SOLANA DR,SURPRISE,AZ,85387,10,AL12627H,ASSISTED LIVING HOME,ACTIVE
HEART TO HEART AL LLC,4329 E 14TH ST,TUCSON,AZ,85711,10,AL12931H,ASSISTED LIVING HOME,ACTIVE
HAVEN SPRINGS AT GREEN VALLEY,17802 S PLACITA OCTUBRE,GREEN VALLEY,AZ,85614,8,AL12932H,ASSISTED LIVING HOME,ACTIVE
ATIVO SENIOR LIVING OF PRESCOTT VALLEY,3951 N VIEWPOINT DR,PRESCOTT VALLEY,AZ,86314,117,AL12628C,ASSISTED LIVING CENTER,ACTIVE
SAGE HOUSE - 102ND,26420 N 102ND AVE,PEORIA,AZ,85383,10,AL12582H,ASSISTED LIVING HOME,ACTIVE
SUN CITY CARE LLC,20032 N SIGNAL BUTTE CIR,SUN CITY,AZ,85373,10,AL12585H,ASSISTED LIVING HOME,ACTIVE
SUNRISE CARE HOMES SHEA,11002 N 66TH ST,SCOTTSDALE,AZ,85254,10,AL12592H,ASSISTED LIVING HOME,ACTIVE
HOPE LIGHT ASSISTED LIVING LLC,3949 E CHOLLA ST,PHOENIX,AZ,85028,5,AL12014H,ASSISTED LIVING HOME,ACTIVE
BLUE IRIS ASSISTED LIVING,7105 N WILLIAMSON VALLEY RD,PRESCOTT,AZ,86305,10,AL12607H,ASSISTED LIVING HOME,ACTIVE
VIEW OF THE MOUNTAINS ASSISTED LIVING LLC,660 S WARNER DR,APACHE JUNCTION,AZ,85120,10,AL12608H,ASSISTED LIVING HOME,ACTIVE
"MD CARE HOMES, LLC",15350 N 29TH ST UNIT 105,PHOENIX,AZ,85032,10,AL12626H,ASSISTED LIVING HOME,ACTIVE
AGING WITH DIGNITY,15298 W VENTURA ST,SURPRISE,AZ,85379,8,AL12210H,ASSISTED LIVING HOME,ACTIVE
DESERT HILLS HEART OF GOLD ASSISTED LIVING,14364 W DESERT HILLS DR,SURPRISE,AZ,85379,10,AL12211H,ASSISTED LIVING HOME,ACTIVE
MAYFAIR EDEN HOMES INC,1614 N MESA DR,MESA,AZ,85201,36,AL12958C,ASSISTED LIVING CENTER,ACTIVE
MIRAMONTE ALH LLC,18120 N 53RD LN,GLENDALE,AZ,85308,10,AL12960H,ASSISTED LIVING HOME,ACTIVE
SILVER CREEK ASSISTED LIVING II,14002 N 90TH LN,PEORIA,AZ,85381,10,AL12961H,ASSISTED LIVING HOME,ACTIVE
DINA'S ASSISTED LIVING HOME,13174 N 82ND DR,PEORIA,AZ,85381,5,AL12214H,ASSISTED LIVING HOME,ACTIVE
GRACEFUL WATERS LLC,32839 N HIDDEN CANYON DR,SAN TAN VALLEY,AZ,85144,5,AL12951H,ASSISTED LIVING HOME,ACTIVE
MONTELENA ASSISTED LIVING & MEMORY CARE,20174 E SONOQUI BLVD,QUEEN CREEK,AZ,85142,10,AL12945H,ASSISTED LIVING HOME,ACTIVE
ABE'S TOUCHING HEARTS AL,5940 W VILLA THERESA DR,GLENDALE,AZ,85308,5,AL12213H,ASSISTED LIVING HOME,ACTIVE
ACOMA SENIOR CARE LLC,5820 W ACOMA DR,GLENDALE,AZ,85306,8,AL12955H,ASSISTED LIVING HOME,ACTIVE
WEST WING LOVING CARE LLC,8332 W ROSEWOOD LN,PEORIA,AZ,85383,5,AL12216H,ASSISTED LIVING HOME,ACTIVE
"HAVEN HEALTH PRESCOTT ALF, LLC",860 DOUGHERTY ST,PRESCOTT,AZ,86305,68,AL12217C,ASSISTED LIVING CENTER,ACTIVE
HAVEN ADULT ASSISTED LIVING HOME INC,14616 N GIL BALCOME,SURPRISE,AZ,85379,8,AL12218H,ASSISTED LIVING HOME,ACTIVE
MINNIE LEE'S SENIOR HOME CARE,1217 E KENWOOD ST,MESA,AZ,85203,10,AL12235H,ASSISTED LIVING HOME,ACTIVE
WELCOME HOME,3064 W SOUSA CT,ANTHEM,AZ,85086,10,AL12981H,ASSISTED LIVING HOME,ACTIVE
SERENE HAVEN LIVING LLC,15835 N 6TH PL,PHOENIX,AZ,85022,10,AL12982H,ASSISTED LIVING HOME,ACTIVE
A PLACE FOR YOUR LOVED ONES,13639 W BANFF LN,SURPRISE,AZ,85379,8,AL12037H,ASSISTED LIVING HOME,ACTIVE
CLOISTER ASSISTED LIVING LLC,40481 N SPOTTED LN,SAN TAN VALLEY,AZ,85140,6,AL12928H,ASSISTED LIVING HOME,ACTIVE
"ABACA HEALTH II, LLC",15233 N 66TH LN,GLENDALE,AZ,85306,5,AL12930H,ASSISTED LIVING HOME,ACTIVE
HACIENDA DE LUNA ASSISTED LIVING LLC,7150 N CAMINO DE FOSFORO,TUCSON,AZ,85718,10,AL12038H,ASSISTED LIVING HOME,ACTIVE
DESERT ROSE ASSISTED LIVING LLC,1341 N LAKESHORE DR,CHANDLER,AZ,85226,5,AL12590H,ASSISTED LIVING HOME,ACTIVE
DESERT HOME OF ARIZONA,13809 N 57TH ST,SCOTTSDALE,AZ,85254,5,AL12591,ASSISTED LIVING HOME,ACTIVE
OAK HAVEN ASSISTED LIVING,7163 N POMONA RD,TUCSON,AZ,85704,10,AL12022H,ASSISTED LIVING HOME,ACTIVE
MEADOW HILLS ASSISTED LIVING,1935 W MEADOW HILLS DR,NOGALES,AZ,85621,10,AL12029H,ASSISTED LIVING HOME,ACTIVE
RISING RAINBOW CARE HOME LLC,7407 W MONTE LINDO,GLENDALE,AZ,85310,10,AL12620H,ASSISTED LIVING HOME,ACTIVE
"HELPING HANDS SENIOR LIVING, LLC",8432 W SAINT JOHN RD,PEORIA,AZ,85382,10,AL12200H,ASSISTED LIVING HOME,ACTIVE
ARROWHEAD LAKES SENIOR LIVING,21680 N 58TH DR,GLENDALE,AZ,85308,10,AL12948H,ASSISTED LIVING HOME,ACTIVE
A TO Z ASSISTED LIVING CARE,17601 N 6TH PL,PHOENIX,AZ,85022,5,AL12949H,ASSISTED LIVING HOME,ACTIVE
LAKE PLEASANT ASSISTED LIVING,9837 W AVENIDA DEL SOL,PEORIA,AZ,85383,10,AL12040H,ASSISTED LIVING HOME,ACTIVE
HOPE FOR TOMORROW ASSISTED LIVING,3344 W BLOOMFIELD RD,PHOENIX,AZ,85029,4,AL12962H,ASSISTED LIVING HOME,ACTIVE
OAKWOOD ASSISTED LIVING LLC,4332 E REDWOOD LN,PHOENIX,AZ,85048,5,AL12939H,ASSISTED LIVING HOME,ACTIVE
"ALMOST FAMILY ASSISTED LIVING, LLC",3645 E WHITEHALL DR,SAN TAN VALLEY,AZ,85140,10,AL12942H,ASSISTED LIVING HOME,ACTIVE
VESSEL LOVING ASSISTED LIVING HOME LLC,5645 E NISBET RD,SCOTTSDALE,AZ,85254,10,AL12952H,ASSISTED LIVING HOME,ACTIVE
CANYON CREEK ASSISTED LIVING & MEMORY CARE,369 E CANYON CREEK DR,GILBERT,AZ,85295,10,AL12227H,ASSISTED LIVING HOME,ACTIVE
GOLDEN TOUCH HOME CARE LLC,18327 W WOLF ST,GOODYEAR,AZ,85395,5,AL12938H,ASSISTED LIVING HOME,ACTIVE
MAYFAIR EDEN HOMES INC,6930 E GRANADA ST,MESA,AZ,85207,10,AL12956H,ASSISTED LIVING HOME,ACTIVE
MIRAMONTE ALH LLC,14601 N 55TH PL,SCOTTSDALE,AZ,85254,10,AL12959H,ASSISTED LIVING HOME,ACTIVE
LAKE HOUSE ASSISTED LIVING,1970 BAHAMA AVE,LAKE HAVASU CITY,AZ,86403,16,AL12973C,ASSISTED LIVING CENTER,ACTIVE
DESERT SAGE ASSISTED LIVING,16430 E DESERT SAGE DR,FOUNTAIN HILLS,AZ,85268,10,AL12250H,ASSISTED LIVING HOME,ACTIVE
"AZALEA BLOSSOMS, LLC",12558 N 76TH ST,SCOTTSDALE,AZ,85260,10,AL12240H,ASSISTED LIVING HOME,ACTIVE
LEGACY ADULT CARE HOME LLC,4021 W HARDY RD,TUCSON,AZ,85742,10,AL12990H,ASSISTED LIVING HOME,ACTIVE
PROVIDENCE MANOIR ASSISTED LIVING,6567 S GARNET WAY,CHANDLER,AZ,85249,5,AL12241H,ASSISTED LIVING HOME,ACTIVE
HOUSE OF BUTTERFLY TEMPE LLC,2519 E RIVIERA DR,TEMPE,AZ,85282,7,AL13001H,ASSISTED LIVING HOME,ACTIVE
PRESTIGE HOME IN ARIZONA,690 N CORDOBA AVE,CHANDLER,AZ,85226,5,AL12972H,ASSISTED LIVING HOME,ACTIVE
DEMENTIA CAMPUS ASSISTED LIVING CENTER,3811 N 44TH ST,PHOENIX,AZ,85018,18,AL12234C,ASSISTED LIVING CENTER,ACTIVE
LITCHFIELD PARK MEMORY HOME LLC,5515 N 132ND DR,LITCHFIELD PARK,AZ,85340,10,AL12978H,ASSISTED LIVING HOME,ACTIVE
HOUSE OF RAINBOW BUTTERFLY 208,1329 S ROYAL PALM RD,APACHE JUNCTION,AZ,85119,10,AL12993H,ASSISTED LIVING HOME,ACTIVE
ABUNDANT LIFE CARE HOME LLC,16118 N 168TH LN,SURPRISE,AZ,85388,6,AL12994H,ASSISTED LIVING HOME,ACTIVE
MERCY'S CAREHOME II,6541 S SALT CEDAR PL,CHANDLER,AZ,85249,5,AL12629H,ASSISTED LIVING HOME,ACTIVE
ACCOLADE ASSISTED LIVING,4689 S BANDIT RD,GILBERT,AZ,85297,10,AL12944H,ASSISTED LIVING HOME,ACTIVE
LAKEVIEW TRAILS ASSISTED LIVING LLC,3760 E SPRING WHEAT LN,GILBERT,AZ,85296,10,AL12947H,ASSISTED LIVING HOME,ACTIVE
LETIS AT VALENCIA MDSL 2,5402 E VERDE LN,PHOENIX,AZ,85018,10,AL12220H,ASSISTED LIVING HOME,ACTIVE
FURAHA CARE HOMES LLC,44157 W COPPER TRL,MARICOPA,AZ,85139,8,AL12221H,ASSISTED LIVING HOME,ACTIVE
HOLISTIC HOME SWEETWATER,6431 E SWEETWATER AVE,SCOTTSDALE,AZ,85254,9,AL12225H,ASSISTED LIVING HOME,ACTIVE
MOUNTAIN LAUREL ASSISTED LIVING LLC,22428 N 67TH DR,GLENDALE,AZ,85310,5,AL12640H,ASSISTED LIVING HOME,ACTIVE
ELMWOOD SENIOR LIVING,2555 N PRICE RD,CHANDLER,AZ,85224,50,AL13009C,ASSISTED LIVING CENTER,ACTIVE
PARKWOOD ADULT CARE HOME I,4511 W CORRINE DR,GLENDALE,AZ,85304,5,AL13014H,ASSISTED LIVING HOME,ACTIVE
PRECIOUS MOMENTS WEST ASSISTED LIVING,2732 W MONTE VISTA DR,TUCSON,AZ,85745,10,AL13022H,ASSISTED LIVING HOME,ACTIVE
THE ARK OF ARCADIA ASSISTED LIVING LLC,3445 E SHERIDAN ST,PHOENIX,AZ,85008,5,AL13034H,ASSISTED LIVING HOME,ACTIVE
PENDA HOME CARE LLC,40968 W PORTIS DR,MARICOPA,AZ,85138,6,AL13024H,ASSISTED LIVING HOME,ACTIVE
KRISTAL BELL ASSISTED LIVING HOME II,4926 W PHELPS RD,GLENDALE,AZ,85306,5,AL13036H,ASSISTED LIVING HOME,ACTIVE
MELIORA HEALTH ASSISTED LIVING LLC,6842 E POSADA CIR,MESA,AZ,85212,5,AL12658H,ASSISTED LIVING HOME,ACTIVE
ARIZONA ASSISTED LIVING AND MEMORY CARE LLC,15739 W BERKELEY RD,GOODYEAR,AZ,85395,10,AL12670H,ASSISTED LIVING HOME,ACTIVE
SIARA ASSISTED LIVING HOME II,5640 W TRENTON WAY,FLORENCE,AZ,85132,8,AL13011H,ASSISTED LIVING HOME,ACTIVE
OHANA ADULT CARE HOME 2 LLC,8207 W CACTUS RD,PEORIA,AZ,85381,10,AL13017H,ASSISTED LIVING HOME,ACTIVE
"WAY OF HOPE, ASSISTED LIVING HOME",6818 S 16TH PL,PHOENIX,AZ,85042,9,AL13018H,ASSISTED LIVING HOME,ACTIVE
MAUI CARE HOME,7736 W MAUI LN,PEORIA,AZ,85381,10,AL12654H,ASSISTED LIVING HOME,ACTIVE
OAKBROOK ASSISTED LIVING LLC,8111 E CHARTER OAK RD,SCOTTSDALE,AZ,85260,10,AL12657H,ASSISTED LIVING HOME,ACTIVE
BLESSED ASSISTED LIVING HOME LLC - GILBERT,2224 E MEADOWVIEW CT,GILBERT,AZ,85298,6,AL12659H,ASSISTED LIVING HOME,ACTIVE
HELLENS ADULT CARE HOME,6245 W KINGS AVE,GLENDALE,AZ,85306,5,AL1266H,ASSISTED LIVING HOME,ACTIVE
MESA CHRIST-CENTERED CARE ASSISTED LIVING LLC,11239 E UTOPIA AVE,MESA,AZ,85212,10,AL12682H,ASSISTED LIVING HOME,ACTIVE
"AZALEA BLOOM, LLC",26808 N 24TH AVE,PHOENIX,AZ,85085,10,AL12238H,ASSISTED LIVING HOME,ACTIVE
EL PUEBLO ASSISTED LIVING,14030 N EL PUEBLO BLVD,FOUNTAIN HILLS,AZ,85268,10,AL12989H,ASSISTED LIVING HOME,ACTIVE
WHITE VIOLET ADULT CARE HOME III,3716 W CHOLLA ST,PHOENIX,AZ,85029,5,AL12634H,ASSISTED LIVING HOME,ACTIVE
COPPER CANYON ALZHEIMER'S SPECIAL CARE CENTER,5901 N LA CHOLLA BLVD,TUCSON,AZ,85741,66,AL12639C,ASSISTED LIVING CENTER,ACTIVE
SUN CITY ASSISTED LIVING LLC,10509 W CHERRY TREE LN,SUN CITY,AZ,85373,10,AL13031H,ASSISTED LIVING HOME,ACTIVE
AMBIENCE CARE HOME,8941 W SELDON LN,PEORIA,AZ,85345,10,AL12967H,ASSISTED LIVING HOME,ACTIVE
WHITE VIOLET ADULT CARE HOME II,3711 W CHOLLA ST,PHOENIX,AZ,85029,5,AL12971H,ASSISTED LIVING HOME,ACTIVE
HARVEST AT QUEEN CREEK ASSISTED LIVING LLC,22664 E STACEY RD,QUEEN CREEK,AZ,85142,10,AL12983H,ASSISTED LIVING HOME,ACTIVE
ASANTE ADULT CARE HOME,23741 N 167TH LN,SURPRISE,AZ,85387,7,AL12212H,ASSISTED LIVING HOME,ACTIVE
LETIS AT VALENCIA MDSL 1,5401 E VERDE LN,PHOENIX,AZ,85018,10,AL12219H,ASSISTED LIVING HOME,ACTIVE
MAYFAIR EDEN HOMES INC,249 S LINDSAY RD,GILBERT,AZ,85296,10,AL12957H,ASSISTED LIVING HOME,ACTIVE
HAPPY DAYS ASSISTED LIVING LLC,12219 W PARKWAY LN,AVONDALE,AZ,85323,5,AL12966H,ASSISTED LIVING HOME,ACTIVE
SAGE HOUSE - CALAVAR,5119 E CALAVAR RD,SCOTTSDALE,AZ,85254,10,AL12230H,ASSISTED LIVING HOME,ACTIVE
"TERRAVELLA ASSISTED LIVING CARE, LLC",20930 E REINS RD,QUEEN CREEK,AZ,85142,5,AL12231H,ASSISTED LIVING HOME,ACTIVE
OLIVE GROVE ASSISTED LIVING,3014 E INDIAN SCHOOL RD,PHOENIX,AZ,85016,115,AL12625C,ASSISTED LIVING CENTER,ACTIVE
BE LOVED ASSISTED LIVING LLC,4232 W NICOLET AVE,PHOENIX,AZ,85051,5,AL13023H,ASSISTED LIVING HOME,ACTIVE
PURE ESSENCE FAMILY LIVING LLC,6416 W SADDLEHORN RD,PHOENIX,AZ,85083,5,AL12641H,ASSISTED LIVING HOME,ACTIVE
PARKRIDGE ASSISTED LIVING,20978 N 99TH DR,PEORIA,AZ,85382,10,AL12644H,ASSISTED LIVING HOME,ACTIVE
ST MICHAEL'S MANOR II,3709 S 77TH LN,PHOENIX,AZ,85043,8,AL13016H,ASSISTED LIVING HOME,ACTIVE
ARROWHEAD SENIOR LIVING II LLC,6958 W KRISTAL WAY,GLENDALE,AZ,85308,8,AL13039H,ASSISTED LIVING HOME,ACTIVE
"ALL COMFORTS OF HOME, LLC",4106 E 5TH ST,TUCSON,AZ,85711,10,AL13040H,ASSISTED LIVING HOME,ACTIVE
MARY GRACE CARE HOME LLC,9837 E TAHOE AVE,MESA,AZ,85212,5,AL12663H,ASSISTED LIVING HOME,ACTIVE
JOYCARE AL,2438 W SUNLAND AVE,PHOENIX,AZ,85041,5,AL12665H,ASSISTED LIVING HOME,ACTIVE
HUMMINGBIRD RETREAT OF ARIZONA #1,5239 E HARTFORD AVE,SCOTTSDALE,AZ,85254,10,AL12655H,ASSISTED LIVING HOME,ACTIVE
R & D MARATHON ASSISTED LIVING HOME IV LLC,16195 W GLENROSA AVE,GOODYEAR,AZ,85395,10,AL12668H,ASSISTED LIVING HOME,ACTIVE
CLOUD RESORT LLC,3126 W CLOUD RD,PHOENIX,AZ,85086,10,AL13020H,ASSISTED LIVING HOME,ACTIVE
HONEYMILK ASSISTED LIVING,42422 W BRAVO DR,MARICOPA,AZ,85138,6,AL13021H,ASSISTED LIVING HOME,ACTIVE
"PRESTIGE ALH, LLC",4695 W TYSON ST,CHANDLER,AZ,85226,5,AL12660H,ASSISTED LIVING HOME,ACTIVE
IMMACULATE HEART OF MARY ASSISTED LIVING HOME LLC,10314 E BERGERON AVE,MESA,AZ,85212,5,AL12666H,ASSISTED LIVING HOME,ACTIVE
HAZELWOOD MANOR ASSISTED LIVING,8319 E HAZELWOOD ST,SCOTTSDALE,AZ,85251,10,AL12675H,ASSISTED LIVING HOME,ACTIVE
INSPIRA ARROWHEAD,20240 N 78TH AVE,GLENDALE,AZ,85308,200,AL12995C,ASSISTED LIVING CENTER,ACTIVE
FOOTHILLS VISTA ADULT CARE HOME LLC,7357 N PASEO RONCEVAL,TUCSON,AZ,85704,10,AL12643H,ASSISTED LIVING HOME,ACTIVE
HOUSE OF RAINBOW BUTTERFLY 209,4819 E LA PUENTE AVE,PHOENIX,AZ,85044,10,AL13002H,ASSISTED LIVING HOME,ACTIVE
DIKAL 1031 LLC - CLINTON HOME,9660 E CLINTON ST,SCOTTSDALE,AZ,85260,10,AL13029H,ASSISTED LIVING HOME,ACTIVE
HIDDEN SERENITY HOME LLC,3151 W 29TH LN,YUMA,AZ,85364,5,AL13030H,ASSISTED LIVING HOME,ACTIVE
"QUEEN CREEK CAREHOMES, LLC",21151 E VIA DE ARBOLES,QUEEN CREEK,AZ,85142,10,AL12664H,ASSISTED LIVING HOME,ACTIVE
ELYSIUM ASSISTED LIVING HOME,15414 N 41ST ST,PHOENIX,AZ,85032,5,AL13035H,ASSISTED LIVING HOME,ACTIVE
"PETRADI GREEN DIAMOND GROUP HOME, LLC",2210 E MADDOCK RD,PHOENIX,AZ,85086,10,AL13038H,ASSISTED LIVING HOME,ACTIVE
ARIZONA'S GOLDEN HEART II,5019 W PARADISE LN,GLENDALE,AZ,85306,5,AL13041H,ASSISTED LIVING HOME,ACTIVE
AT SUGIS ASSISTED LIVING,12241 W OCOTILLO LN,EL MIRAGE,AZ,85335,5,AL13049H,ASSISTED LIVING HOME,ACTIVE
ETERNITY ASSISTED LIVING LLC,15456 W MORNING GLORY ST,GOODYEAR,AZ,85338,7,AL12685H,ASSISTED LIVING HOME,ACTIVE
ACOYA SHEA,7373 E SHEA BLVD,SCOTTSDALE,AZ,85260,220,AL12692C,ASSISTED LIVING CENTER,ACTIVE
"EUROPEAN ADULTS HOME, LLC",3515 W MARLENE PL,TUCSON,AZ,85741,5,AL12693H,ASSISTED LIVING HOME,ACTIVE
DESERT GARDEN HOME HEALTH LLC,7331 E POSADA AVE,MESA,AZ,85212,8,AL13050H,ASSISTED LIVING HOME,ACTIVE
TRUSTWELL LIVING AT KINGSWOOD PLACE,15155 W MONDELL RD,SURPRISE,AZ,85374,62,AL13051C,ASSISTED LIVING CENTER,ACTIVE
RESIDENCES IN THE HILLS LLC,3011 W ESTES WAY,LAVEEN,AZ,85339,5,AL13043H,ASSISTED LIVING HOME,ACTIVE
ARDEN HAVEN ASSISTED LIVING HOME,6827 W ROWEL RD,PEORIA,AZ,85383,10,AL13078H,ASSISTED LIVING HOME,ACTIVE
EVERGREEN ASSISTED LIVING LLC GILBERT,768 E STOTTLER DR,GILBERT,AZ,85296,8,AL13046H,ASSISTED LIVING HOME,ACTIVE
LOVELY HOUSE LLC,7218 W KINGMAN ST,PHOENIX,AZ,85043,5,AL13098H,ASSISTED LIVING HOME,ACTIVE
CAMELLIA ASSISTED LIVING HOME LLC,8340 N 86TH LN,PEORIA,AZ,85345,10,AL13100H,ASSISTED LIVING HOME,ACTIVE
DIKAL 1031 LLC - CENTRAL HOME,5930 N CENTRAL AVE,PHOENIX,AZ,85012,10,AL13052H,ASSISTED LIVING HOME,ACTIVE
ROSE BLOSSOM SENIOR CARE,3965 W MASSINGALE RD,TUCSON,AZ,85741,10,AL13064H,ASSISTED LIVING HOME,ACTIVE
CIMARRON ASSISTED LIVING,1101 W CIMARRON ST,NOGALES,AZ,85621,9,AL13072H,ASSISTED LIVING HOME,ACTIVE
OBSIDIAN HOMES RAL,6720 N 27TH AVE,PHOENIX,AZ,85017,13,AL13073C,ASSISTED LIVING CENTER,ACTIVE
AVISTA SENIOR LIVING YUMA,12234 N FRONTAGE RD,YUMA,AZ,85367,53,AL12702C,ASSISTED LIVING CENTER,ACTIVE
IN ANGEL ARMS II,24015 W ZAK RD,BUCKEYE,AZ,85326,5,AL12705H,ASSISTED LIVING HOME,ACTIVE
VIENNA CARE HOME,13408 N 52ND AVE,GLENDALE,AZ,85304,10,AL13067H,ASSISTED LIVING HOME,ACTIVE
SPRING GARDEN 2 ASSISTED LIVING HOME,930 N LONGMORE ST,CHANDLER,AZ,85224,5,AL13070H,ASSISTED LIVING HOME,ACTIVE
AVISTA SENIOR LIVING APACHE JUNCTION,675 W BROADWAY AVE,APACHE JUNCTION,AZ,85120,48,AL12704C,ASSISTED LIVING CENTER,ACTIVE
MORNINGSTAR AT ARCADIA,3200 E GLENROSA AVE,PHOENIX,AZ,85018,135,AL13075C,ASSISTED LIVING CENTER,ACTIVE
"CAREHEART 24 ASSISTED LIVING, LLC",43204 W MCCORD DR,MARICOPA,AZ,85138,5,AL13088H,ASSISTED LIVING HOME,ACTIVE
INTEGRITY CARE HOME,8952 W MELINDA LN,PEORIA,AZ,85382,10,AL13091H,ASSISTED LIVING HOME,ACTIVE
"DAHLIA ASSISTED LIVING AND MEMORY CARE, LLC",12656 N 48TH DR,GLENDALE,AZ,85304,10,AL12267H,ASSISTED LIVING HOME,ACTIVE
GOLDEN TIMES LLC,13387 W FARGO DR,SURPRISE,AZ,85374,9,AL12268H,ASSISTED LIVING HOME,ACTIVE
ATHOME SENIOR CARE SERVICES LLC,22911 E SONOQUI BLVD,QUEEN CREEK,AZ,85142,10,AL12713H,ASSISTED LIVING HOME,ACTIVE
PRESCOTT CARING HOMES,7539 E CLEAR SKY TRL,PRESCOTT VALLEY,AZ,86315,5,AL12255H,ASSISTED LIVING HOME,ACTIVE
A BREATH OF LIFE CARE HOME LLC,1715 W CALLE ACAPULCO,TUCSON,AZ,85713,5,AL12261H,ASSISTED LIVING HOME,ACTIVE
PLAZA ASSISTED LIVING,8501 E PLAZA AVE,SCOTTSDALE,AZ,85250,10,AL12694H,ASSISTED LIVING HOME,ACTIVE
GENUINE COMPANIONSHIP,5650 S VINCENT,MESA,AZ,85212,5,AL12697H,ASSISTED LIVING HOME,ACTIVE
PREMIUM COMFORT CARE,10751 W ROWEL RD,PEORIA,AZ,85383,8,AL12687H,ASSISTED LIVING HOME,ACTIVE
HOUSE OF LYDIA LLC,902 E LOCUST LN,AVONDALE,AZ,85323,5,AL13057H,ASSISTED LIVING HOME,ACTIVE
HEART OF COMPASSION ASSISTED LIVING,1061 E POWELL WAY,CHANDLER,AZ,85249,5,AL12676H,ASSISTED LIVING HOME,ACTIVE
SUNNYSIDE ASSISTED LIVING LLC,12155 W DAVIS LN,AVONDALE,AZ,85323,6,AL12690H,ASSISTED LIVING HOME,ACTIVE
HOUSING4SENIORSOLUTIONS LLC,651 S VINE ST,CHANDLER,AZ,85225,5,AL12700H,ASSISTED LIVING HOME,ACTIVE
DESERT VIEW ASSISTED LIVING,18468 W MONTEROSA ST,GOODYEAR,AZ,85395,10,AL13054H,ASSISTED LIVING HOME,ACTIVE
"MOUNTAIN VIEW RESIDENTIAL ASSISTED LIVING, LLC",6520 North Mountain View Drive,Paradise Valley,AZ,85253,10,AL13089H,ASSISTED LIVING HOME,ACTIVE
GATEWAY ASSISTED LIVING LLC,21002 E LARK DR,QUEEN CREEK,AZ,85142,10,AL13096H,ASSISTED LIVING HOME,ACTIVE
MISSION GRACE HOME CARE,2020 W CALLE DEL SOL,PHOENIX,AZ,85085,10,AL13044H,ASSISTED LIVING HOME,ACTIVE
"GOLDEN AGES ADULT CARE HOME, LLC",17628 W PERSHING ST,SURPRISE,AZ,85388,8,AL13059H,ASSISTED LIVING HOME,ACTIVE
COMFY COUCH ASSISTED LIVING,4812 E OSBORN RD,PHOENIX,AZ,85018,10,AL12695H,ASSISTED LIVING HOME,ACTIVE
AVISTA SENIOR LIVING LAKE HAVASU,3076 Shoshone Drive,Lake Havasu City,AZ,86406,43,AL12701C,ASSISTED LIVING CENTER,ACTIVE
"PROGRESSIVE LIVING, LLC",1314 E GLASS LN,PHOENIX,AZ,85042,5,AL12689H,ASSISTED LIVING HOME,ACTIVE
AVISTA SENIOR LIVING PAYSON,806 W LONGHORN RD,PAYSON,AZ,85541,47,AL12703C,ASSISTED LIVING CENTER,ACTIVE
MAJESTIC ANGELS LLC,1870 E RAWHIDE ST,GILBERT,AZ,85296,10,AL13060H,ASSISTED LIVING HOME,ACTIVE
ASHAS PLACE LLC,19896 N LAUREN RD,MARICOPA,AZ,85138,5,AL13065H,ASSISTED LIVING HOME,ACTIVE
INTOUCH AT HIGHLANDS LLC,19918 N 65TH AVE,GLENDALE,AZ,85308,5,AL13092H,ASSISTED LIVING HOME,ACTIVE
AVISTA SENIOR LIVING TUCSON,3701 N SWAN RD,TUCSON,AZ,85718,96,AL12706C,ASSISTED LIVING CENTER,ACTIVE
LAKEVIEW ASSISTED LIVING,20044 N 68TH DR,GLENDALE,AZ,85308,9,AL12710H,ASSISTED LIVING HOME,ACTIVE
MARIAN ADULT CARE HOME,3201 W APOLLO RD,PHOENIX,AZ,85041,5,AL13093H,ASSISTED LIVING HOME,ACTIVE
NANANOM ASSISTED LIVING,210 E HUNTER DR,GLOBE,AZ,85501,8,AL13094H,ASSISTED LIVING HOME,ACTIVE
"SUNRISE GARDENS ASSISTED LIVING, LLC",13045 W PORT ROYALE LN,EL MIRAGE,AZ,85335,5,AL13077H,ASSISTED LIVING HOME,ACTIVE
TATA&NANA PLACE LLC,1245 W 18TH PL,YUMA,AZ,85364,6,AL13082H,ASSISTED LIVING HOME,ACTIVE
HARPERS HAVEN,13435 N CORAL GABLES DR,PHOENIX,AZ,85023,10,AL12715H,ASSISTED LIVING HOME,ACTIVE
KT HOMES LLC,43176 W ELIZABETH AVE,MARICOPA,AZ,85138,4,AL12726H,ASSISTED LIVING HOME,ACTIVE
MAGMA CARE HOME,757 W MAGMA RD,SAN TAN VALLEY,AZ,85143,10,AL13095H,ASSISTED LIVING HOME,ACTIVE
"WILLOW CREEK ASSISTED LIVING, LLC",1199 DANDELION PL,PRESCOTT,AZ,86305,10,AL12251H,ASSISTED LIVING HOME,ACTIVE
WE CARE RECOVERY LLC,9129 S 48TH DR,LAVEEN,AZ,85339,10,AL12714H,ASSISTED LIVING HOME,ACTIVE
DELICARE LLC,6332 W IAN DR,LAVEEN,AZ,85339,5,AL12722H,ASSISTED LIVING HOME,ACTIVE
FOREVER MY HEART LLC,9202 W BRIARWOOD CIR N,SUN CITY,AZ,85351,10,AL13104H,ASSISTED LIVING HOME,ACTIVE
SERENE HAVEN ESTATES,8007 N 7TH AVE,PHOENIX,AZ,85021,10,AL13112H,ASSISTED LIVING HOME,ACTIVE
LITCHFIELD PARK ASSISTED LIVING & MEMORY CARE LLC,18244 W MEDLOCK DR,LITCHFIELD PARK,AZ,85340,10,AL13042H,ASSISTED LIVING HOME,ACTIVE
COMPASSIONATE MANOR ASSISTED LIVING,5420 E KAREN DR,SCOTTSDALE,AZ,85254,10,AL13053H,ASSISTED LIVING HOME,ACTIVE
IMMACULATE HEART OF MARY ASSISTED LIVING HOME,21436 E LORDS WAY,QUEEN CREEK,AZ,85142,8,AL12707H,ASSISTED LIVING HOME,ACTIVE
PENAFRANCIA ASSISTED LIVING LLC,1087 E BAJOR ST,GILBERT,AZ,85298,5,AL12708H,ASSISTED LIVING HOME,ACTIVE
GLENEAGLES ASSISTED LIVING LLC,902 W GLENEAGLES DR,PHOENIX,AZ,85023,10,AL13084H,ASSISTED LIVING HOME,ACTIVE
DESERT GARDEN ASSISTED LIVING II LLC,4305 E BRIARWOOD TER,PHOENIX,AZ,85048,5,AL13086H,ASSISTED LIVING HOME,ACTIVE
FLOWERS ASSISTED LIVING HOME 2,2601 PALO VERDE CT,LAKE HAVASU CITY,AZ,86404,6,AL12709H,ASSISTED LIVING HOME,ACTIVE
ELIM PALMTREES ASSISTED LIVING LLC,5721 E WAVERLY ST,TUCSON,AZ,85712,7,AL12720H,ASSISTED LIVING HOME,ACTIVE
ARDEN HAVEN ASSISTED LIVING,14549 W ST MORITZ LN,SURPRISE,AZ,85379,10,AL13120H,ASSISTED LIVING HOME,ACTIVE
VISON OF CARE HOME,3436 W ACOMA DR,PHOENIX,AZ,85053,5,AL13126H,ASSISTED LIVING HOME,ACTIVE
"CAVEO TOO, PREMIER ASSISTED LIVING",5857 E BOSTON ST,MESA,AZ,85205,5,AL13127H,ASSISTED LIVING HOME,ACTIVE
GOOD SAMARITAN HOME CARE LLC,2440 E WHITTEN ST,CHANDLER,AZ,85225,5,AL12744H,ASSISTED LIVING HOME,ACTIVE
HACIENDA DE LUNA ASSISTED LIVING LLC,1330 E INA RD,TUCSON,AZ,85718,10,AL13124H,ASSISTED LIVING HOME,ACTIVE
EMBRACE NORTH ASSISTED LIVING LLC,519 E ANGELA DR,PHOENIX,AZ,85022,5,AL13125H,ASSISTED LIVING HOME,ACTIVE
"IMMACULATE ASSISTED LIVING, LLC",6313 N 40TH DR,PHOENIX,AZ,85019,9,AL13131H,ASSISTED LIVING HOME,ACTIVE
AMIGA 1 ASSISTED LIVING HOME LLC,17406 N 22ND ST,PHOENIX,AZ,85022,5,AL12753H,ASSISTED LIVING HOME,ACTIVE
ROSINA ASSISTED LIVING LLC,3352 E ZION WAY,CHANDLER,AZ,85249,5,AL12754H,ASSISTED LIVING HOME,ACTIVE
HIGHLAND PARK ASSISTED LIVING,19512 N 66TH AVE,GLENDALE,AZ,85308,10,AL12730H,ASSISTED LIVING HOME,ACTIVE
ADVANCED CARE ALH LLC,4234 E SHEA BLVD,PHOENIX,AZ,85028,10,AL12737H,ASSISTED LIVING HOME,ACTIVE
DESERT BREEZE SENIOR LIVING,4124 W BART DR,CHANDLER,AZ,85226,5,AL13114H,ASSISTED LIVING HOME,ACTIVE
LEGATO LIVING AT OLD TOWN,8701 E CHEERY LYNN RD,SCOTTSDALE,AZ,85251,10,AL12757H,ASSISTED LIVING HOME,ACTIVE
HIGH DESERT ASSISTED LIVING LLC,1220 N TAPADERO DR,DEWEY,AZ,86327,10,AL12758H,ASSISTED LIVING HOME,ACTIVE
HEART OF MARY ALMA ASSISTED LIVING,4086 S BIRCH ST,CHANDLER,AZ,85249,5,AL13111H,ASSISTED LIVING HOME,ACTIVE
CORINTHIAN ASSISTED LIVING PLACE LLC,440 E APPALOOSA RD,GILBERT,AZ,85296,8,AL12256H,ASSISTED LIVING HOME,ACTIVE
MARKESH CARE HOME,4820 S ROBINS WAY,CHANDLER,AZ,85249,5,AL12262H,ASSISTED LIVING HOME,ACTIVE
HIDDEN VALLEY ASSISTED LIVING,9409 W HIDDEN VALLEY CIR,SUN CITY,AZ,85351,10,AL12729H,ASSISTED LIVING HOME,ACTIVE
SENIOR LIVING AT SUPERSTITION MOUNTAINS LLC,5465 N WINCHESTER RD,APACHE JUNCTION,AZ,85119,8,AL13144H,ASSISTED LIVING HOME,ACTIVE
DESERT ORCHID ASSISTED LIVING,14628 N 49TH PL,SCOTTSDALE,AZ,85254,10,AL13145H,ASSISTED LIVING HOME,ACTIVE
"STEPHANIE ALDERETE HOME CARE, LLC",311 E CACTUS WREN CT,CASA GRANDE,AZ,85122,6,AL13160H,ASSISTED LIVING HOME,ACTIVE
HOUSE OF RAINBOW BUTTERFLY,201 W 20TH AVE,APACHE JUNCTION,AZ,85120,10,AL13161H,ASSISTED LIVING HOME,ACTIVE
COMPANION CARE HOMES LLC,2471 E COCONINO DR,CHANDLER,AZ,85249,5,AL13163H,ASSISTED LIVING HOME,ACTIVE
PALM HOUSE OF ARIZONA,13604 N 20TH ST,PHOENIX,AZ,85022,10,AL12265H,ASSISTED LIVING HOME,ACTIVE
JMC CARE HOME LLC,2242 W MINERAL BUTTE DR,SAN TAN VALLEY,AZ,85144,5,AL13166H,ASSISTED LIVING HOME,ACTIVE
JOYFUL LIVING CARE HOME LLC,13435 N CORAL GABLES DR,PHOENIX,AZ,85023,10,AL13140H,ASSISTED LIVING HOME,ACTIVE
SAGE HOUSE - 35TH,13238 N 35TH ST,PHOENIX,AZ,85032,10,AL12295H,ASSISTED LIVING HOME,ACTIVE
"AVALON ESTATES ASSISTED LIVING, LLC",13639 E RAY RD,GILBERT,AZ,85296,10,AL12286H,ASSISTED LIVING HOME,ACTIVE
SERENITY SPACE LLC,2045 S COLLEGE AVE,TEMPE,AZ,85282,5,AL12304H,ASSISTED LIVING HOME,ACTIVE
OPEN WINGS ASSISTED LIVING HOME CARE,16037 W SAGUARO PARK LN,SUN CITY,AZ,85387,10,AL13152H,ASSISTED LIVING HOME,ACTIVE
ILLUMINATED HEARTS LLC,7475 E RIO VISTA CIR,TUCSON,AZ,85715,8,AL12291H,ASSISTED LIVING HOME,ACTIVE
EL BETHEL LLC,16823 W EL CAMINITO DR,WADDELL,AZ,85355,5,AL13106H,ASSISTED LIVING HOME,ACTIVE
UR AMAZING ASSISTED LIVING HOME,1890 E WOODSMAN PL,CHANDLER,AZ,85286,5,AL13117H,ASSISTED LIVING HOME,ACTIVE
ASPEN ASSISTED LIVING HOME LLC,6332 W ORAIBI DR,GLENDALE,AZ,85308,5,AL13118H,ASSISTED LIVING HOME,ACTIVE
CLAREMONT ASSISTED LIVING,1221 CLAREMONT DR,LAKE HAVASU CITY,AZ,86406,40,AL13133C,ASSISTED LIVING CENTER,ACTIVE
GOD'S GRACE ASSISTED LIVING LLC,15826 N 10TH ST,PHOENIX,AZ,85022,10,AL12733H,ASSISTED LIVING HOME,ACTIVE
MOUNTAIN VIEW ALH,4801 E MOUNTAIN VIEW RD,PARADISE VALLEY,AZ,85253,10,AL12734H,ASSISTED LIVING HOME,ACTIVE
WHITESTONE SENIOR LIVING LLC,5037 E BROADWAY RD BLDG 2,MESA,AZ,85206,90,AL12743C,ASSISTED LIVING CENTER,ACTIVE
XCIANNA ASSISTED LIVING LLC,40159 W HENSLEY WAY,MARICOPA,AZ,85138,5,AL13148H,ASSISTED LIVING HOME,ACTIVE
GOLDEN SUMMERS CARE HOME LLC,20652 N 16TH WAY,PHOENIX,AZ,85024,10,AL13151H,ASSISTED LIVING HOME,ACTIVE
AEGIS AT TEMPLE ASSISTED LIVING,2940 E TEMPLE CT,GILBERT,AZ,85296,10,AL13156H,ASSISTED LIVING HOME,ACTIVE
"AJ HOMECARE, LLC",10280 S HALE DR,APACHE JUNCTION,AZ,85120,5,AL13129H,ASSISTED LIVING HOME,ACTIVE
LAKESIDE ASSISTED LIVING LLC,13618 N 103RD AVE,SUN CITY,AZ,85351,10,AL12747H,ASSISTED LIVING HOME,ACTIVE
HEAVEN GARDEN FIRST ASSISTED LIVING FACILITY,7012 E ROSEWOOD ST,TUCSON,AZ,85710,10,AL13155H,ASSISTED LIVING HOME,ACTIVE
"ABACA HEALTH, LLC",3548 W SAHUARO DR,PHOENIX,AZ,85029,9,AL13119H,ASSISTED LIVING HOME,ACTIVE
AL GLORY CARE HOME LLC,2532 E HUNTINGTON DR,TEMPE,AZ,85282,10,AL13122H,ASSISTED LIVING HOME,ACTIVE
MARIA'S ADULT CARE HOME,26892 N 89TH DR,PEORIA,AZ,85383,8,AL12254H,ASSISTED LIVING HOME,ACTIVE
A PLACE FOR YOUR LOVED ONES II,18429 W CARIBBEAN LN,SURPRISE,AZ,85388,9,AL13099H,ASSISTED LIVING HOME,ACTIVE
HARMONY CARE ASSISTED LIVING LLC,6401 N 82ND ST,SCOTTSDALE,AZ,85250,10,AL13107H,ASSISTED LIVING HOME,ACTIVE
"SUNSHINE LEGACY ASSISTED LIVING, LLC",1532 W CHARLESTON AVE,PHOENIX,AZ,85023,10,AL13108H,ASSISTED LIVING HOME,ACTIVE
AGELESS ANGELS ASSISTED LIVING HOME 1,6945 S TERESA DR,CHANDLER,AZ,85249,5,AL13113H,ASSISTED LIVING HOME,ACTIVE
AMIGA 3 ASSISTED LIVING HOME LLC,6619 W MISTY WILLOW LN,GLENDALE,AZ,85310,10,AL12738H,ASSISTED LIVING HOME,ACTIVE
DEAC ESTATES LLC,6228 E PERSHING AVE,SCOTTSDALE,AZ,85254,10,AL13149H,ASSISTED LIVING HOME,ACTIVE
MORNINGSTAR OF FOUNTAIN HILLS,16800 E PAUL NORDIN PKWY,FOUNTAIN HILLS,AZ,85268,91,AL13132C,ASSISTED LIVING CENTER,ACTIVE
SUNRISE ASSISTED LIVING HOME,18413 W PUEBLO AVE,GOODYEAR,AZ,85338,8,AL13159H,ASSISTED LIVING HOME,ACTIVE
PEORIA ADULT CARE HOME LLC,9012 W SANDRA TER,PEORIA,AZ,85382,10,AL12732H,ASSISTED LIVING HOME,ACTIVE
PARADISE HOME IN PHOENIX,625 E PARADISE LN,PHOENIX,AZ,85022,10,AL12287H,ASSISTED LIVING HOME,ACTIVE
PRECIOUS MOMENTS ASSISTED LIVING LLC,6922 E EDGEMONT ST,TUCSON,AZ,85710,10,AL12272H,ASSISTED LIVING HOME,ACTIVE
FAMILY TOUCH,2345 E LEONORA ST,MESA,AZ,85213,10,AL12273H,ASSISTED LIVING HOME,ACTIVE
PROACTIVE HOME CARE,17442 N 28TH ST,PHOENIX,AZ,85032,10,AL13165H,ASSISTED LIVING HOME,ACTIVE
ANGELS HOME ASSISTED LIVING CARE LLC,3485 S MARISSA DR,TUCSON,AZ,85730,5,AL13169H,ASSISTED LIVING HOME,ACTIVE
CARDINAL ASSISTED LIVING HOME,25661 N DESERT MESA DR,SURPRISE,AZ,85387,10,AL12297H,ASSISTED LIVING HOME,ACTIVE
BLUE SKY AT VISTA,2065 N VISTA DEL SOL,MESA,AZ,85207,10,AL12298H,ASSISTED LIVING HOME,ACTIVE
DESERT BLOOM HOME AT SCOTTSDALE,6722 E JEAN DR,SCOTTSDALE,AZ,85254,10,AL13173H,ASSISTED LIVING HOME,ACTIVE
GARDENS CARE SENIOR LIVING SCOTTSDALE,9185 E DESERT COVE AVE,SCOTTSDALE,AZ,85260,118,AL13188C,ASSISTED LIVING CENTER,ACTIVE
WELL LIFE CARE HOMES - FEATHER,3649 E FEATHER AVE,GILBERT,AZ,85234,7,AL13177H,ASSISTED LIVING HOME,ACTIVE
"ALL AMERICAN CARE HOME, LLC",17543 W COLUMBINE DR,SURPRISE,AZ,85388,7,AL13192H,ASSISTED LIVING HOME,ACTIVE
SUNFLOWER HILLS ASSISTED LIVING,5225 W TOPEKA DR,GLENDALE,AZ,85308,10,AL13193H,ASSISTED LIVING HOME,ACTIVE
GOLDEN SENIOR LIVING,13701 N 151ST DR,SURPRISE,AZ,85379,10,AL12284H,ASSISTED LIVING HOME,ACTIVE
HEAVEN'S LOVE GROUP HOME,36970 W MEDITERRANEAN WAY,MARICOPA,AZ,85138,6,AL13189H,ASSISTED LIVING HOME,ACTIVE
REFLECTIONS AT THE OASIS,11812 N 19TH AVE,PHOENIX,AZ,85029,50,AL13143C,ASSISTED LIVING CENTER,ACTIVE
IMPERIAL PALACE ASSISTED LIVING LLC,17225 W GAMBIT TRL,SURPRISE,AZ,85387,8,AL12736H,ASSISTED LIVING HOME,ACTIVE
HOPE CARE ASSISTED LIVING,37817 W SAN SISTO AVE,MARICOPA,AZ,85138,10,AL12742H,ASSISTED LIVING HOME,ACTIVE
PARK SENIOR VILLAS AT LA CANADA - VILLA K,1464 W DESERT HARBOR CIR,TUCSON,AZ,85704,10,AL12763H,ASSISTED LIVING HOME,ACTIVE
SAFE HAVEN ASSISTED LIVING HOME LLC,19949 W HARRISON ST,BUCKEYE,AZ,85326,5,AL12772H,ASSISTED LIVING HOME,ACTIVE
SUN GROVES ASSISTED LIVING LLC,6601 S SILVER DR,CHANDLER,AZ,85249,5,AL12776H,ASSISTED LIVING HOME,ACTIVE
MARIAN ADULT CARE HOME,1002 W ROSE LN,PHOENIX,AZ,85013,10,AL12319H,ASSISTED LIVING HOME,ACTIVE
THE BLUFFS OF FLAGSTAFF,3100 E BUTLER AVE,FLAGSTAFF,AZ,86004,113,AL12326C,ASSISTED LIVING CENTER,ACTIVE
THE HILLSMAN HOUSE,2021 S WRANGLERS WAY,COTTONWOOD,AZ,86326,9,AL12803H,ASSISTED LIVING HOME,ACTIVE
ABUNDANT LIFE ASSISTED LIVING AND SENIOR CARE,10435 N 40TH ST,PHOENIX,AZ,85028,10,AL12759H,ASSISTED LIVING HOME,ACTIVE
FREEDOM CARE AT BELLA VISTA LLC,17898 N BELL POINTE BLVD,SURPRISE,AZ,85374,7,AL12762H,ASSISTED LIVING HOME,ACTIVE
ALL STARS ASSISTED LIVING LLC,16422 W SANDRA LN,SURPRISE,AZ,85388,6,AL12783H,ASSISTED LIVING HOME,ACTIVE
SUNRISE OASIS ASSISTED LIVING,2223 W MORNINGSIDE DR,PHOENIX,AZ,85023,5,AL12784H,ASSISTED LIVING HOME,ACTIVE
CHERRY GARDEN ASSISTED LIVING LLC,6120 S KIMBERLEE WAY,CHANDLER,AZ,85249,5,AL12791H,ASSISTED LIVING HOME,ACTIVE
"ELSA ASSISTED LIVING, LLC",37717 W SAN ILDEFANSO AVE,MARICOPA,AZ,85138,6,AL12770H,ASSISTED LIVING HOME,ACTIVE
ST JOSEPH ASSISTED LIVING LLC,14221 N PIPING ROCK CT,PHOENIX,AZ,85023,10,AL12340H,ASSISTED LIVING HOME,ACTIVE
CARE WITH COMPASSION ASSISTED LIVING,688 S LAGO DR,APACHE JUNCTION,AZ,85120,10,AL12799H,ASSISTED LIVING HOME,ACTIVE
ARDEN VILLA LLC,21799 S 230TH WAY,QUEEN CREEK,AZ,85142,5,AL12806H,ASSISTED LIVING HOME,ACTIVE
PARC JOULE ASSISTED LIVING HOME,10440 E SEBRING AVE,MESA,AZ,85212,4,AL12347H,ASSISTED LIVING HOME,ACTIVE
CIRCLES OF LIFE RESIDENTIAL CARE AND MEMORY CARE L,22730 E AVENIDA DEL VALLE,QUEEN CREEK,AZ,85142,10,AL12354H,ASSISTED LIVING HOME,ACTIVE
"MAUI ADULT CARE HOME, LLC",15111 N 172ND DR,SURPRISE,AZ,85388,6,AL12793H,ASSISTED LIVING HOME,ACTIVE
SONORAN FOOTHILLS ASSISTED LIVING LLC,1830 W DUSTY WREN DR,PHOENIX,AZ,85085,10,AL12808H,ASSISTED LIVING HOME,ACTIVE
SWEETWATER MANAGEMENT LLC,7515 E SWEETWATER AVE,SCOTTSDALE,AZ,85260,10,AL13179H,ASSISTED LIVING HOME,ACTIVE
HOLISTIC HARMONY HOME CARE,4538 N 183RD AVE,GOODYEAR,AZ,85395,5,AL13180H,ASSISTED LIVING HOME,ACTIVE
HAPPY FAMILY ASSISTED LIVING LLC,20826 N 39TH DR,GLENDALE,AZ,85308,5,AL13190H,ASSISTED LIVING HOME,ACTIVE
CROSSROADS ASSISTED LIVING,5825 N ESCONDIDO LN,TUCSON,AZ,85704,10,AL13191H,ASSISTED LIVING HOME,ACTIVE
AZALEA HOME,2901 E NORTH LN,PHOENIX,AZ,85028,10,AL13141H,ASSISTED LIVING HOME,ACTIVE
STRAIGHT ARROW 1,6511 W STRAIGHT ARROW LN,PHOENIX,AZ,85083,10,AL12751H,ASSISTED LIVING HOME,ACTIVE
STRAIGHT ARROW 2,6504 W STRAIGHT ARROW LN,PHOENIX,AZ,85083,10,AL12752H,ASSISTED LIVING HOME,ACTIVE
HILLSIDE ASSISTED LIVING LLC,1546 E EL CAMINO DR,PHOENIX,AZ,85020,10,AL12271H,ASSISTED LIVING HOME,ACTIVE
EMBRACE ASSISTED LIVING V,9612 East Thunderbolt Avenue,Mesa,AZ,85212,4,AL13167H,ASSISTED LIVING HOME,ACTIVE
BELMONT VILLAGE SCOTTSDALE,13850 N FRANK LLOYD WRIGHT BLVD,SCOTTSDALE,AZ,85260,149,AL13174C,ASSISTED LIVING CENTER,ACTIVE
ORANGE GROVE SENIOR CARE LLC,1341 W ORANGE GROVE RD,TUCSON,AZ,85704,10,AL12314H,ASSISTED LIVING HOME,ACTIVE
GEMS ASSISTED LIVING LLC,3035 N PRESCOTT ST,KINGMAN,AZ,86401,5,AL12318H,ASSISTED LIVING HOME,ACTIVE
AMIGA 2 ASSISTED LIVING HOME LLC,16250 N 40TH LN,PHOENIX,AZ,85053,10,AL12764H,ASSISTED LIVING HOME,ACTIVE
BELMONT ASSISTED LIVING LLC,8707 W BUCKHORN TRL,PEORIA,AZ,85383,10,AL12761H,ASSISTED LIVING HOME,ACTIVE
"HOMESTEAD MANOR ASSISTED LIVING, LLC",41399 W CURTIS LN,MARICOPA,AZ,85138,6,AL12788H,ASSISTED LIVING HOME,ACTIVE
"WELL HEELED ADULT CARE 71 STREET, LLC",12433 N 71ST ST,SCOTTSDALE,AZ,85254,10,AL12795H,ASSISTED LIVING HOME,ACTIVE
ANDARA SENIOR LIVING,11415 N 114TH ST,SCOTTSDALE,AZ,85259,120,AL12312C,ASSISTED LIVING CENTER,ACTIVE
AEGIS AT CASSIA ASSISTED LIVING,1466 E CASSIA LN,GILBERT,AZ,85298,10,AL12777H,ASSISTED LIVING HOME,ACTIVE
AIMEE'S ARIZONA ANGELS,7859 E LAS FLORES AVE,PRESCOTT VALLEY,AZ,86314,7,AL12778H,ASSISTED LIVING HOME,ACTIVE
"BETTER LIVING HOME, LLC II",2834 E COBALT ST,CHANDLER,AZ,85225,5,AL12315H,ASSISTED LIVING HOME,ACTIVE
STARFISH CARE HOMES,4167 N GARDEN VIEW CIR,TUCSON,AZ,85705,10,AL12316H,ASSISTED LIVING HOME,ACTIVE
INSPIRA GATEWAY,4533 E BANNER GATEWAY DR,MESA,AZ,85206,165,AL12330C,ASSISTED LIVING CENTER,ACTIVE
GARDEN ENCLAVE ASSISTED LIVING HOMES,22835 E PUMMELOS RD,QUEEN CREEK,AZ,85142,5,AL12773H,ASSISTED LIVING HOME,ACTIVE
R & D MARATHON ASSISTED LIVING HOME II,4526 E CAMPO BELLO DR,PHOENIX,AZ,85032,10,AL12332H,ASSISTED LIVING HOME,ACTIVE
AMA VIDA CARE HOME LLC,1962 W COOL WATER WAY,SAN TAN VALLEY,AZ,85144,6,AL12336H,ASSISTED LIVING HOME,ACTIVE
SOULBIRD CARE HOME,760 W LOCUST DR,CHANDLER,AZ,85248,5,AL12797H,ASSISTED LIVING HOME,ACTIVE
"WELL HEELED ADULT CARE SWEETWATER, LLC",6739 E SWEETWATER AVE,SCOTTSDALE,AZ,85254,10,AL12782H,ASSISTED LIVING HOME,ACTIVE
SURPRISE COMFORT HOME CARE,16552 N HOLLYHOCK ST,SURPRISE,AZ,85378,10,AL12786H,ASSISTED LIVING HOME,ACTIVE
LEGACY MANOR,23636 N 79TH AVE,PEORIA,AZ,85383,10,AL12333H,ASSISTED LIVING HOME,ACTIVE
ALY'S SENIOR LIVING LLC,2328 W ANDREA DR,PHOENIX,AZ,85085,10,AL12334H,ASSISTED LIVING HOME,ACTIVE
KHADI CARE CENTER LLC,4734 E EDISON ST,TUCSON,AZ,85712,10,AL12794H,ASSISTED LIVING HOME,ACTIVE
NORTH GARDENS OF SCOTTSDALE ASSISTED LIVING,10720 N 101ST ST,SCOTTSDALE,AZ,85260,8,AL12338H,ASSISTED LIVING HOME,ACTIVE
ASTORIA AZ ASSISTED LIVING,3407 W KRISTAL WAY,PHOENIX,AZ,85027,10,AL12339H,ASSISTED LIVING HOME,ACTIVE
EVERWOOD ALH LLC,14423 N 73RD LN,PEORIA,AZ,85381,10,AL12809H,ASSISTED LIVING HOME,ACTIVE
POST OF ORCHARDS ASSISTED LIVING,15243 W POST DR,SURPRISE,AZ,85374,6,AL12349H,ASSISTED LIVING HOME,ACTIVE
VALLEY ASSISTED LIVING LLC,3122 W CAVEDALE DR,PHOENIX,AZ,85083,5,AL12350H,ASSISTED LIVING HOME,ACTIVE
BRIDGEWATER ASSISTED LIVING,2641 W UNION HILLS DR,PHOENIX,AZ,85027,220,AL12355C,ASSISTED LIVING CENTER,ACTIVE
RANCHO SANTA FE ASSISTED LIVING LLC,12826 W GRANADA RD,AVONDALE,AZ,85392,7,AL12300H,ASSISTED LIVING HOME,ACTIVE
"DANINA'S CARE HOME, LLC",1045 CHUCK WAGON LN,CHINO VALLEY,AZ,86323,10,AL12301H,ASSISTED LIVING HOME,ACTIVE
SUPREME CARE AT GOODYEAR LLC,15269 W BADEN ST,GOODYEAR,AZ,85338,10,AL13194H,ASSISTED LIVING HOME,ACTIVE
MARLEY PARK SENIOR LIVING,14644 W GEORGIA DR,SURPRISE,AZ,85379,10,AL12769H,ASSISTED LIVING HOME,ACTIVE
"AKSAGAR ASSISTED LIVING, LLC",2341 N YAVAPAI CIR,KINGMAN,AZ,86401,5,AL12780H,ASSISTED LIVING HOME,ACTIVE
THE SPRINGS OF SCOTTSDALE,3212 N MILLER RD,SCOTTSDALE,AZ,85251,56,AL12820C,ASSISTED LIVING CENTER,ACTIVE
THE PALAZZO,6246 N 19TH AVE,PHOENIX,AZ,85015,236,AL13211C,ASSISTED LIVING CENTER,ACTIVE
KEMPTON PLACE ASSISTED LIVING,2353 E KEMPTON RD,CHANDLER,AZ,85225,5,AL12814H,ASSISTED LIVING HOME,ACTIVE
DULCE COMPANIA ASSISTED LIVING LLC,2200 S AVENIDA LOS REYES,TUCSON,AZ,85748,9,AL12830H,ASSISTED LIVING HOME,ACTIVE
"DESERT PALMS ADULT CARE HOME, LLC",13535 W CANYON CREEK DR,SURPRISE,AZ,85374,6,AL12831H,ASSISTED LIVING HOME,ACTIVE
OHANA ADULT CARE HOME LLC,3729 W LANE AVE,PHOENIX,AZ,85051,10,AL12370H,ASSISTED LIVING HOME,ACTIVE
IMMACULATE HEART OF MARY ASSISTED LIVING HOME LLC,3678 E THORNTON AVE,GILBERT,AZ,85297,10,AL12371H,ASSISTED LIVING HOME,ACTIVE
PEARL ASSISTED LIVING HOME LLC,17575 W EVANS DR,SURPRISE,AZ,85388,7,AL12818H,ASSISTED LIVING HOME,ACTIVE
ALAGA RESIDENTIAL ASSISTED LIVING LLC,24090 N 165TH DR,SURPRISE,AZ,85387,7,AL12822H,ASSISTED LIVING HOME,ACTIVE
"GRACE HILL ASSISTED LIVINGS, LLC",4550 E BAJADA RD,CAVE CREEK,AZ,85331,10,AL12380H,ASSISTED LIVING HOME,ACTIVE
HALYNA'S CARE,4212 W MISSION LN,PHOENIX,AZ,85051,7,AL13219H,ASSISTED LIVING HOME,ACTIVE
SEDONA SUNSET ASSISTED LIVING,6442 N TREASURE DR,TUCSON,AZ,85704,10,AL13228H,ASSISTED LIVING HOME,ACTIVE
"HARVEST ASSISTED LIVING, LLC",22713 E PEGASUS PKWY,QUEEN CREEK,AZ,85142,10,AL13196H,ASSISTED LIVING HOME,ACTIVE
HUMAN TO HUMAN HOMECARE LLC,35166 W SANTA MONICA AVE,MARICOPA,AZ,85138,6,AL13205H,ASSISTED LIVING HOME,ACTIVE
GOLDEN CARE,9326 W LOUISE DR,PEORIA,AZ,85383,10,AL12398H,ASSISTED LIVING HOME,ACTIVE
VISTA LIVING PARADISE VALLEY,4810 E HUMMINGBIRD LN,PARADISE VALLEY,AZ,85253,10,AL12376H,ASSISTED LIVING HOME,ACTIVE
FAUBUSH FAMILY HOMES,2101 E ASH ST,GLOBE,AZ,85501,10,AL12400H,ASSISTED LIVING HOME,ACTIVE
TRIPLE HEARTS ASSISTED LIVING II LLC,1782 E CAMINA PLATA CT,GILBERT,AZ,85298,10,AL13207H,ASSISTED LIVING HOME,ACTIVE
THE BARK HOMES LLC,35784 N MORO LN,SAN TAN VALLEY,AZ,85144,6,AL13221H,ASSISTED LIVING HOME,ACTIVE
SERENITY OF NORTH SCOTTSDALE,29750 N 77TH PL,SCOTTSDALE,AZ,85266,10,AL12375H,ASSISTED LIVING HOME,ACTIVE
CROSSROADS ASSISTED LIVING,5833 N ESCONDIDO LN,TUCSON,AZ,85704,10,AL13232H,ASSISTED LIVING HOME,ACTIVE
NORTH VALLEY SENIOR LIVING,16239 N 33RD AVE,PHOENIX,AZ,85053,5,AL12396H,ASSISTED LIVING HOME,ACTIVE
HAPPY GALLERY ASSISTED LIVING LLC,512 W ANDERSON AVE,PHOENIX,AZ,85023,5,AL12329H,ASSISTED LIVING HOME,ACTIVE
"WELL HEELED ADULT CARE 68 PLACE, LLC",14203 N 68TH PL,SCOTTSDALE,AZ,85254,10,AL12802H,ASSISTED LIVING HOME,ACTIVE
LOVE AND CARE IV ASSISTED LIVING,29720 N 224TH DR,WITTMANN,AZ,85361,10,AL13199H,ASSISTED LIVING HOME,ACTIVE
INGE'S UNIQUELY WARM ASSISTED LIVING - II,1620 N 25TH PL,PHOENIX,AZ,85008,10,AL13203H,ASSISTED LIVING HOME,ACTIVE
"AMIRA CARE, LLC",14611 W WILSHIRE DR,GOODYEAR,AZ,85395,10,AL13204H,ASSISTED LIVING HOME,ACTIVE
LYDIA'S ADULT CARE HOME LLC,6208 W CARIBE LN,GLENDALE,AZ,85306,10,AL12829H,ASSISTED LIVING HOME,ACTIVE
15TH WAY HOME ASSISTED CARE LLC,15816 N 15TH WAY,PHOENIX,AZ,85022,5,AL13245H,ASSISTED LIVING HOME,ACTIVE
PRIMAVERA ASSISTED LIVING LLC,13644 N 33RD AVE,PHOENIX,AZ,85029,10,AL12841,ASSISTED LIVING HOME,ACTIVE
IMPERIO LLC,6345 E BERNEIL LN,PARADISE VALLEY,AZ,85253,10,AL12302H,ASSISTED LIVING HOME,ACTIVE
STARFISH CARE HOMES,4161 N GARDEN VIEW CIR,TUCSON,AZ,85705,10,AL12317H,ASSISTED LIVING HOME,ACTIVE
SERENDIPITY IN THE SUN II LLC,10250 N 124TH ST,SCOTTSDALE,AZ,85259,10,AL12323H,ASSISTED LIVING HOME,ACTIVE
ARIZONA BLUE HORIZON ASSISTED LIVING,19008 W CHOLLA ST,SURPRISE,AZ,85388,10,AL13182H,ASSISTED LIVING HOME,ACTIVE
HACIENDA DEL REY,12917 W LAS CRUCES DR,LITCHFIELD PARK,AZ,85340,144,AL13208C,ASSISTED LIVING CENTER,ACTIVE
CEST LAVIE HOME,3043 W BUTLER DR,PHOENIX,AZ,85051,10,AL13210H,ASSISTED LIVING HOME,ACTIVE
"BROOKHAVEN ON 131ST PLACE, LLC",10125 N 131ST PL,SCOTTSDALE,AZ,85259,10,AL12363H,ASSISTED LIVING HOME,ACTIVE
COMFORT LIVING SENIOR CARE LLC,3218 E CAPTAIN DREYFUS AVE,PHOENIX,AZ,85032,5,AL13201H,ASSISTED LIVING HOME,ACTIVE
PARKWOOD ADULT CARE HOME LLC,4519 W CORRINE DR,GLENDALE,AZ,85304,10,AL12832H,ASSISTED LIVING HOME,ACTIVE
GOLDEN SUMMERS CARE HOME OF MOON VALLEY LLC,1615 E LE MARCHE AVE,PHOENIX,AZ,85022,10,AL13218H,ASSISTED LIVING HOME,ACTIVE
PINNACLE PEAK SENIOR LIVING,6912 W PINNACLE PEAK RD,PEORIA,AZ,85383,10,AL12345H,ASSISTED LIVING HOME,ACTIVE
JAMA ASSISTED LIVING LLC,2250 N SWAN RD,TUCSON,AZ,85712,10,AL13223H,ASSISTED LIVING HOME,ACTIVE
ACACIA GLEN HOME CARE LLC,8412 S 44TH GLN,LAVEEN,AZ,85339,5,AL13224H,ASSISTED LIVING HOME,ACTIVE
ELITE MEMORY CARE LLC,7702 E DAVENPORT DR,SCOTTSDALE,AZ,85260,10,AL13230H,ASSISTED LIVING HOME,ACTIVE
PALM VALLEY LIVING,13616 W ROANOKE AVE,GOODYEAR,AZ,85395,10,AL13231H,ASSISTED LIVING HOME,ACTIVE
LEGENDS SENIOR LIVING III LLC,20424 N 98TH LN,PEORIA,AZ,85382,10,AL13237H,ASSISTED LIVING HOME,ACTIVE
VINEYARD PARK OF SURPRISE,16650 N STADIUM WAY,SURPRISE,AZ,85374,142,AL12384C,ASSISTED LIVING CENTER,ACTIVE
CLEARWATER AGRITOPIA,2807 E Agritopia Loop S,Gilbert,AZ,85296,138,AL12386C,ASSISTED LIVING CENTER,ACTIVE
THE VILLA AT BELLA VISTA,1825 W EMELITA AVE,MESA,AZ,85202,36,AL12393C,ASSISTED LIVING CENTER,ACTIVE
JMJ ADULT CARE HOME LLC,7754 N 33RD AVE,PHOENIX,AZ,85051,10,AL12361H,ASSISTED LIVING HOME,ACTIVE
CLEARWATER MAYO BLVD,6650 E MAYO BLVD,PHOENIX,AZ,85054,132,AL12385C,ASSISTED LIVING CENTER,ACTIVE
AGAPE SENIOR LIVING,12201 N 61ST ST,SCOTTSDALE,AZ,85254,10,AL12362H,ASSISTED LIVING HOME,ACTIVE
MARQUIS 44 ASSISTED LIVING LLC,18319 N 44TH ST,PHOENIX,AZ,85032,5,AL13220H,ASSISTED LIVING HOME,ACTIVE
"ELDER JOY, LLC",11514 N 170TH LN,SURPRISE,AZ,85388,9,AL13233H,ASSISTED LIVING HOME,ACTIVE
DESERT OASIS AT SUPERSTITION ASSISTED LIVING,2228 S SARANAC,MESA,AZ,85209,5,AL12382H,ASSISTED LIVING HOME,ACTIVE
CLEARWATER AHWATUKEE,15815 S 50TH ST,PHOENIX,AZ,85048,163,AL12388C,ASSISTED LIVING CENTER,ACTIVE
WINDREST MANOR ASSISTED LIVING,4036 AIRWAY AVE,KINGMAN,AZ,86401,10,AL12787H,ASSISTED LIVING HOME,ACTIVE
RANCHO MIRAGE ASSISTED LIVING HOME LLC,37821 W SAN ALVAREZ AVE,MARICOPA,AZ,85138,6,AL12789H,ASSISTED LIVING HOME,ACTIVE
ACACIA HEIGHTS SENIORS LLC,22006 N 85TH AVE,PEORIA,AZ,85383,10,AL12800H,ASSISTED LIVING HOME,ACTIVE
GRATEFUL AND BEYOND ASSISTED LIVING LLC,18744 W SAN JUAN AVE,LITCHFIELD PARK,AZ,85340,10,AL12817H,ASSISTED LIVING HOME,ACTIVE
VERANDA ASSISTED LIVING LLC,13237 W COLTER ST,LITCHFIELD PARK,AZ,85340,10,AL13239H,ASSISTED LIVING HOME,ACTIVE
"AMERICAN DREAM HOME II, LLC",29192 N 76TH ST,SCOTTSDALE,AZ,85266,10,AL12839H,ASSISTED LIVING HOME,ACTIVE
AMORE VILLA ASSISTED LIVING,5700 W PARK AVE,CHANDLER,AZ,85226,5,AL12848H,ASSISTED LIVING HOME,ACTIVE
"HALLY CARE ASSISTED LIVING, LLC",19522 E STRAWBERRY DR,QUEEN CREEK,AZ,85142,4,AL13256H,ASSISTED LIVING HOME,ACTIVE
KRISHNA'S HOME,514 E BLACKLIDGE DR,TUCSON,AZ,85705,10,AL12863H,ASSISTED LIVING HOME,ACTIVE
WILLOW WIND ASSISTED LIVING,3191 ASTER DR,PRESCOTT,AZ,86305,62,AL13264C,ASSISTED LIVING CENTER,ACTIVE
TROPICAL SENIOR LIVING CARE LLC,11133 E TUMBLEWEED AVE,MESA,AZ,85212,10,AL13282H,ASSISTED LIVING HOME,ACTIVE
R & D MARATHON ASSISTED LIVING HOME V LLC,12802 N 57TH ST,SCOTTSDALE,AZ,85254,10,AL12845H,ASSISTED LIVING HOME,ACTIVE
SUNSET GRAND ASSISTED LIVING LLC,1214 N PALM ST,GILBERT,AZ,85234,5,AL13269H,ASSISTED LIVING HOME,ACTIVE
MAISON DE PAIX,14072 W ASTER DR,SURPRISE,AZ,85379,8,AL13270H,ASSISTED LIVING HOME,ACTIVE
CITRUS CANYON CARE,2056 E PIEDMONT PL,CASA GRANDE,AZ,85122,6,AL12851H,ASSISTED LIVING HOME,ACTIVE
LOVING HANDS ASSISTED LIVING,4526 N 124TH AVE,AVONDALE,AZ,85392,5,AL13266H,ASSISTED LIVING HOME,ACTIVE
RAMBLEWOOD CARE HOME LLC,11234 E RAMBLEWOOD CIR,MESA,AZ,85212,4,AL13267H,ASSISTED LIVING HOME,ACTIVE
TRIPLE HEARTS ASSISTED LIVING I LLC,8426 E MILAGRO CIR,MESA,AZ,85209,5,AL13206H,ASSISTED LIVING HOME,ACTIVE
"HAPPY HEARTS 2, LLC",13563 N 143RD AVE,SURPRISE,AZ,85379,7,AL13234H,ASSISTED LIVING HOME,ACTIVE
ONE ON ONE ADULT CARE HOME LLC,15615 N 40TH PL,PHOENIX,AZ,85032,10,AL12834H,ASSISTED LIVING HOME,ACTIVE
MAJESTIC VILLA ASSISTED LIVING 2,7786 N 88TH LN,GLENDALE,AZ,85305,10,AL12836H,ASSISTED LIVING HOME,ACTIVE
R & D MARATHON ASSISTED LIVING HOME III LLC,3213 E MITCHELL DR,PHOENIX,AZ,85018,10,AL12843H,ASSISTED LIVING HOME,ACTIVE
MONA ASSISTED LIVING HOME,9140 W HEARN RD,PEORIA,AZ,85381,9,AL13259H,ASSISTED LIVING HOME,ACTIVE
FAITH & HOPE ASSISTED LIVING LLC,1632 W CHANUTE PASS,PHOENIX,AZ,85041,5,AL12855H,ASSISTED LIVING HOME,ACTIVE
EVERGREEN ASSISTED LIVING II LLC,1080 S AMBER ST,CHANDLER,AZ,85286,5,AL12404H,ASSISTED LIVING HOME,ACTIVE
HERITAGE VILLAGE BLDG 2 LLC,8035 E BROWN RD,MESA,AZ,85207,192,AL12412C,ASSISTED LIVING CENTER,ACTIVE
DESERT PALM ON 10TH PLACE,7022 N 10TH PL,PHOENIX,AZ,85020,10,AL12883H,ASSISTED LIVING HOME,ACTIVE
DESERT PALM ON 87TH PLACE,4235 N 87TH PL,SCOTTSDALE,AZ,85251,10,AL12886H,ASSISTED LIVING HOME,ACTIVE
"CELESTIAL CARE HOMES, LLC",1924 N PENNINGTON DR,CHANDLER,AZ,85224,10,AL12418H,ASSISTED LIVING HOME,ACTIVE
SEDONA TREASURE ASSISTED LIVING,6432 N TREASURE DR,TUCSON,AZ,85704,10,AL12442H,ASSISTED LIVING HOME,ACTIVE
HUMMINGBIRD SENIOR RESORT LIVING,2047 S HIGHWAY 92,SIERRA VISTA,AZ,85635,136,AL12445C,ASSISTED LIVING CENTER,ACTIVE
JONAHS ARK ASSISTED LIVING HOME LLC,6622 S DORSEY LN,TEMPE,AZ,85283,5,AL12459H,ASSISTED LIVING HOME,ACTIVE
SUNTOWN ASSISTANCE HOME LLC,20010 N 41ST LN,GLENDALE,AZ,85308,9,AL12462H,ASSISTED LIVING HOME,ACTIVE
"TINY RESIDENCE, LLC",1354 E RACINE DR,CASA GRANDE,AZ,85122,6,AL12465H,ASSISTED LIVING HOME,ACTIVE
ELITE SERENITY RESIDENCE LLC,12618 W EVENINGSIDE DR,SUN CITY WEST,AZ,85375,10,AL12871H,ASSISTED LIVING HOME,ACTIVE
"GOLDEN ROSE ASSISTED LIVING, LLC",3433 W CORRINE DR,PHOENIX,AZ,85029,5,AL12872H,ASSISTED LIVING HOME,ACTIVE
MOSAIC GARDENS MEMORY CARE AT SURPRISE,16465 N PARKVIEW PL,SURPRISE,AZ,85374,86,AL12424C,ASSISTED LIVING CENTER,ACTIVE
CASA DE BUENA VIDA,1010 W ORANGE GROVE RD,TUCSON,AZ,85704,10,AL13243H,ASSISTED LIVING HOME,ACTIVE
THRIVE ALF WILD LLC,3280 E WILD DR,SAN TAN VALLEY,AZ,85143,8,AL12824H,ASSISTED LIVING HOME,ACTIVE
THRIVE ALF FREEDOM LLC,2949 E MAGDALENA DR,SAN TAN VALLEY,AZ,85143,8,AL12823H,ASSISTED LIVING HOME,ACTIVE
MCARE LLC,22406 N 89TH AVE,PEORIA,AZ,85383,10,AL13246H,ASSISTED LIVING HOME,ACTIVE
CARE R US CAREHOME LLC,4018 N 56TH AVE,PHOENIX,AZ,85031,8,AL13249H,ASSISTED LIVING HOME,ACTIVE
CERBAT HOUSE ASSISTED LIVING LLC,2364 E CARVER AVE,KINGMAN,AZ,86409,35,AL12844C,ASSISTED LIVING CENTER,ACTIVE
PENDO 1 CARE HOMES LLC,46011 W MOUNTAIN VIEW RD,MARICOPA,AZ,85139,6,AL12850H,ASSISTED LIVING HOME,ACTIVE
JNJ PARADISE ASSISTED LIVING LLC,17641 W POST DR,SURPRISE,AZ,85388,0,AL13268H,ASSISTED LIVING HOME,ACTIVE
RIVER ROSE SENIOR CARE LLC,4416 N CAMINO REAL,TUCSON,AZ,85718,10,AL13272H,ASSISTED LIVING HOME,ACTIVE
ABILITY ASSISTED LIVING LLC,18074 W TURNEY AVE,GOODYEAR,AZ,85395,5,AL12357H,ASSISTED LIVING HOME,ACTIVE
STETSON HILLS ASSISTED LIVING LLC,4617 W MOON BLOSSUM LN,PHOENIX,AZ,85083,10,AL12373H,ASSISTED LIVING HOME,ACTIVE
FLETCHER HEIGHTS ASSISTED LIVING HOMES,22131 N 79TH AVE,PEORIA,AZ,85383,10,AL13236H,ASSISTED LIVING HOME,ACTIVE
CLEARWATER PINNACLE PEAK,23733 N SCOTTSDALE RD,SCOTTSDALE,AZ,85255,149,AL12387C,ASSISTED LIVING CENTER,ACTIVE
BETHESDA LLC,4010 W PLYMOUTH DR,ANTHEM,AZ,85086,5,AL12833H,ASSISTED LIVING HOME,ACTIVE
MANNA ASSISTED LIVING HOME LLC,791 N LISBON DR,CHANDLER,AZ,85226,5,AL13248H,ASSISTED LIVING HOME,ACTIVE
GREENFIELD AMAZING HOME LLC,2481 E SIERRA MADRE AVE,GILBERT,AZ,85296,10,AL12846H,ASSISTED LIVING HOME,ACTIVE
DESERT BLOOM HOME AT DESERT COVE,3128 E DESERT COVE AVE,PHOENIX,AZ,85028,10,AL13252H,ASSISTED LIVING HOME,ACTIVE
HILLCREST SENIOR LIVING,7254 W WILLIAMS DR,GLENDALE,AZ,85310,10,AL12861H,ASSISTED LIVING HOME,ACTIVE
DAHLIA ASSISTED LIVING LLC,17882 W DAHLIA DR,SURPRISE,AZ,85388,10,AL13274H,ASSISTED LIVING HOME,ACTIVE
ANGELIC HEART ASSISTED LIVING LLC,4949 W ERIE ST,CHANDLER,AZ,85226,0,AL13280H,ASSISTED LIVING HOME,ACTIVE
NOURISHING ARK LLC,1854 N MANDEVILLE LN,CASA GRANDE,AZ,85122,5,AL12877H,ASSISTED LIVING HOME,ACTIVE
PALM VALLEY ASSISTED LIVING,13755 W CAMBRIDGE AVE,GOODYEAR,AZ,85395,5,AL12859H,ASSISTED LIVING HOME,ACTIVE
BEST OF HEART LLC,41605 W CATHEDRAL ROCK PASS,MARICOPA,AZ,85138,9,AL12866H,ASSISTED LIVING HOME,ACTIVE
INFINITE CARE IN CHANDLER 1,1203 E GERONIMO PL,CHANDLER,AZ,85225,5,AL12430H,ASSISTED LIVING HOME,ACTIVE
BES ASSISTED LIVING LLC,44549 W PALO CENIZA WAY,MARICOPA,AZ,85138,4,AL12441H,ASSISTED LIVING HOME,ACTIVE
DESTINATION ASSISTED LIVING HOME LLC,11238 E UTAH AVE,MESA,AZ,85212,5,AL12864H,ASSISTED LIVING HOME,ACTIVE
THE HANSEN HOUSE,1750 W CAMINO KINO,YUMA,AZ,85364,3,AL12870H,ASSISTED LIVING HOME,ACTIVE
DIGNIFIED CAREHOME LLC,18391 W STATLER ST,SURPRISE,AZ,85388,10,AL12458H,ASSISTED LIVING HOME,ACTIVE
"GOLDEN CARE FOR ELDERLY, LLC",15724 N 168TH LN,SURPRISE,AZ,85388,9,AL12468H,ASSISTED LIVING HOME,ACTIVE
PEACEFUL AND COMFORT ASSISTED LIVING,6532 E HANNIBAL ST,MESA,AZ,85205,9,AL12469H,ASSISTED LIVING HOME,ACTIVE
SILVER STAR ASSISTED LIVING,1851 W BEHREND DR,PHOENIX,AZ,85027,10,AL12402H,ASSISTED LIVING HOME,ACTIVE
"ALWAYS CARING, LLC",3230 W IRONWOOD DR,CHANDLER,AZ,85226,5,AL12879H,ASSISTED LIVING HOME,ACTIVE
"AM DREY, LLC",707 W DREY DR,PHOENIX,AZ,85021,10,AL12407H,ASSISTED LIVING HOME,ACTIVE
ROSEBUD ASSISTED LIVING HOME,2301 S QUAIL HOLLOW DR,TUCSON,AZ,85710,5,AL12409H,ASSISTED LIVING HOME,ACTIVE
NEW BEGINNINGS CHANDLER LLC,3374 E SAN CARLOS PL,CHANDLER,AZ,85249,5,AL12867H,ASSISTED LIVING HOME,ACTIVE
CARING HEARTS SENIOR CARE LLC,15363 W MEMORY LN,SURPRISE,AZ,85374,8,AL12405H,ASSISTED LIVING HOME,ACTIVE
PUREHEARTS ASSISTED LIVING LLC,2550 S REVOLTA,MESA,AZ,85209,10,AL12437H,ASSISTED LIVING HOME,ACTIVE
"AZ SENIOR LIVING MANAGEMENT, LLC",5825 E INDIAN SCHOOL RD,PHOENIX,AZ,85018,10,AL12449H,ASSISTED LIVING HOME,ACTIVE
BROOKDALE CENTRAL CHANDLER,1919 W CARLA VISTA DR,CHANDLER,AZ,85224,112,AL12893C,ASSISTED LIVING CENTER,ACTIVE
IMMACULATE HEART OF MARY ASSISTED LIVING HOME,3044 W MARTINEZ DR,SAN TAN VALLEY,AZ,85144,10,AL12880H,ASSISTED LIVING HOME,ACTIVE
DESERT PALM ON BELMONT,813 E BELMONT AVE,PHOENIX,AZ,85020,10,AL12884H,ASSISTED LIVING HOME,ACTIVE
BROOKDALE NORTH TUCSON,2650 W INA RD,TUCSON,AZ,85741,60,AL12894C,ASSISTED LIVING CENTER,ACTIVE
DESERT WINDS ASSISTED LIVING,20545 N LAKE PLEASANT RD,PEORIA,AZ,85382,88,AL2539C,ASSISTED LIVING CENTER,ACTIVE
VILLA THERESA ADULT CARE HOME,7637 W VILLA THERESA DR,GLENDALE,AZ,85308,10,AL2592H,ASSISTED LIVING HOME,ACTIVE
THE ABBINGTON AT GILBERT,3239 S MERCY RD,GILBERT,AZ,85297,105,AL12882C,ASSISTED LIVING CENTER,ACTIVE
CARING HEARTS PHOENIX,3437 W ACOMA DR,PHOENIX,AZ,85053,10,AL13278H,ASSISTED LIVING HOME,ACTIVE
CRISMON PEAKS ASSISTED LIVING SCOTTSDALE LLC,7746 E LATHAM ST,SCOTTSDALE,AZ,85257,10,AL13289H,ASSISTED LIVING HOME,ACTIVE
A PLACE OF JOY ASSISTED LIVING,1221 S ARROYA CIR,MESA,AZ,85206,10,AL12475H,ASSISTED LIVING HOME,ACTIVE
ANGEL'S PLACE ASSISTED LIVING LLC,16062 W DESERT HILLS DR,SURPRISE,AZ,85379,9,AL13284H,ASSISTED LIVING HOME,ACTIVE
RESIDENCE AT HANA MAUI ALH LLC,14836 N HANA MAUI DR,PHOENIX,AZ,85022,10,AL13290H,ASSISTED LIVING HOME,ACTIVE
OASIS AT NORTERRA LLC,2412 W FETLOCK TRL,PHOENIX,AZ,85085,10,AL12417H,ASSISTED LIVING HOME,ACTIVE
ANTHEM SENIOR MANOR,38704 N NATIONAL TRL,ANTHEM,AZ,85086,10,AL12425H,ASSISTED LIVING HOME,ACTIVE
RIDGE AT THE STRATFORD,1739 W MYRTLE AVE,PHOENIX,AZ,85021,170,AL12429C,ASSISTED LIVING CENTER,ACTIVE
CLARENDALE ARCADIA,3233 E CAMELBACK RD,PHOENIX,AZ,85018,118,AL12431C,ASSISTED LIVING CENTER,ACTIVE
"ANNES HOMECARE, LLC",20278 N WILFORD AVE,MARICOPA,AZ,85138,9,AL13308H,ASSISTED LIVING HOME,ACTIVE
LIBERTY HOME CARE ASSISTED LIVING,28040 N 99TH DR,PEORIA,AZ,85383,10,AL13292H,ASSISTED LIVING HOME,ACTIVE
CRYSTAL COVE HOME CARE II,4492 E LAUREL AVE,GILBERT,AZ,85234,5,AL2704H,ASSISTED LIVING HOME,ACTIVE
WINILYN HOME LLC,10846 W DEANNA DR,SUN CITY,AZ,85373,10,AL12432H,ASSISTED LIVING HOME,ACTIVE
CASA COMPANION HOMECARE LLC,37808 W SANTA BARBARA AVE,MARICOPA,AZ,85138,6,AL12410H,ASSISTED LIVING HOME,ACTIVE
MARYLAND GARDENS ASSISTED LIVING,31 W MARYLAND AVE,PHOENIX,AZ,85013,40,AL12477C,ASSISTED LIVING CENTER,ACTIVE
EMMANUEL CARE HOME II,6942 E CALLE JUPITER,TUCSON,AZ,85710,10,AL2492H,ASSISTED LIVING HOME,ACTIVE
"THE PEAKS, A SENIOR LIVING COMMUNITY",3150 N WINDING BROOK RD,FLAGSTAFF,AZ,86001,92,AL2532C,ASSISTED LIVING CENTER,ACTIVE
CC'S ADULT CARE INC,13425 W RIMROCK ST,SURPRISE,AZ,85374,10,AL2603H,ASSISTED LIVING HOME,ACTIVE
"ESSENTIAL PATIENT CARE, LLC",4039 W COTTON VALLEY CIR,THATCHER,AZ,85552,10,AL12888H,ASSISTED LIVING HOME,ACTIVE
"DEER VALLEY CARE HOME, LLC",3415 W CREST LN,PHOENIX,AZ,85027,10,AL12426H,ASSISTED LIVING HOME,ACTIVE
BEVERLY ASSISTED LIVING HOME,6219 W BEVERLY LN,GLENDALE,AZ,85306,5,AL12440H,ASSISTED LIVING HOME,ACTIVE
AMARYLLIS ASSISTED LIVING,8038 E HAPPY VALLEY RD,SCOTTSDALE,AZ,85255,10,AL12460H,ASSISTED LIVING HOME,ACTIVE
SENIOR WELLCARE HOME,4402 E LEROY ST,GILBERT,AZ,85295,8,AL12463H,ASSISTED LIVING HOME,ACTIVE
SCOTTS HARBOR,8196 E YAVAPAI RD,PRESCOTT VALLEY,AZ,86314,10,AL12906H,ASSISTED LIVING HOME,ACTIVE
BROOKDALE ARROWHEAD RANCH,5861 W BEVERLY LN,GLENDALE,AZ,85306,112,AL12892C,ASSISTED LIVING CENTER,ACTIVE
G & I ADULT CARE HOME,4749 W PIUTE AVE,GLENDALE,AZ,85308,5,AL2574H,ASSISTED LIVING HOME,ACTIVE
CARRIAGE HOUSE ON WEST GARDEN LANE,395 W GARDEN LN,SNOWFLAKE,AZ,85937,32,AL12865H,ASSISTED LIVING CENTER,ACTIVE
"VESELA ASSISTED LIVING HOME, LLC",4842 W REDFIELD RD,GLENDALE,AZ,85306,10,AL12873H,ASSISTED LIVING HOME,ACTIVE
DESERT PALM ON PALMAIRE,1214 E PALMAIRE AVE,PHOENIX,AZ,85020,10,AL12885H,ASSISTED LIVING HOME,ACTIVE
ORANGE GROVE SENIOR CARE LLC,1321 W ORANGE GROVE RD,TUCSON,AZ,85704,10,AL12433H,ASSISTED LIVING HOME,ACTIVE
"ANNES ASSISTED LIVING, LLC",37882 W SAN CLEMENTE ST,MARICOPA,AZ,85138,6,AL12434H,ASSISTED LIVING HOME,ACTIVE
GREEN GARDEN 1 SENIOR CARE,3230 N CRAYCROFT RD,TUCSON,AZ,85712,10,AL13315H,ASSISTED LIVING HOME,ACTIVE
YOUNG LIFE ASSISTED LIVING,2711 W RANCHO DR,PHOENIX,AZ,85017,10,AL2832H,ASSISTED LIVING HOME,ACTIVE
PEACEFUL HAVEN ASSISTED LIVING L L C,8742 E VICKSBURG ST,TUCSON,AZ,85710,9,AL13327H,ASSISTED LIVING HOME,ACTIVE
ARBOR ROSE SENIOR LIVING,6063 East Arbor Avenue,Mesa,AZ,85206,89,AL12474C,ASSISTED LIVING CENTER,ACTIVE
"VI AT GRAYHAWK, A VI AND PLAZA COMPANIES COMMUNITY",7501 E THOMPSON PEAK PKWY,SCOTTSDALE,AZ,85255,84,AL2627C,ASSISTED LIVING CENTER,ACTIVE
INFINITE HOPE CARE,6002 N 65TH AVE,GLENDALE,AZ,85301,8,AL13296H,ASSISTED LIVING HOME,ACTIVE
GLORIANNE ADULT CARE HOME,5231 W KALER CIR,GLENDALE,AZ,85301,5,AL2734H,ASSISTED LIVING HOME,ACTIVE
EMMANUEL CARE HOME III,6938 E CALLE JUPITER,TUCSON,AZ,85710,10,AL2936H,ASSISTED LIVING HOME,ACTIVE
MOUNTAIN VIEW ADULT CARE HOME,2651 E CINNABAR AVE,PHOENIX,AZ,85028,5,AL2955H,ASSISTED LIVING HOME,ACTIVE
JIREH HOMES LLC,2086 E ALOE PL,CHANDLER,AZ,85286,8,AL12920H,ASSISTED LIVING HOME,ACTIVE
"RUBIN COMMUNITY FOR SENIOR LIVING, THE",2221 N ROSEMONT BLVD,TUCSON,AZ,85712,96,AL3061C,ASSISTED LIVING CENTER,ACTIVE
ELDER CARE & MORE,7421 E LAKESIDE DR,TUCSON,AZ,85730,9,AL3062H,ASSISTED LIVING HOME,ACTIVE
ASSISTED LIVING OF PARADISE VALLEY,6146 E VIA ESTRELLA AVE,PARADISE VALLEY,AZ,85253,10,AL5797H,ASSISTED LIVING HOME,ACTIVE
LOVING HEART ALH,6445 N DESERT FOOTHILLS DR,TUCSON,AZ,85743,10,AL13340H,ASSISTED LIVING HOME,ACTIVE
LITA CARING HOME,1337 N WALNUT DR,CASA GRANDE,AZ,85122,10,AL3219H,ASSISTED LIVING HOME,ACTIVE
INTEGRITY ADULT CARE HOME,20493 N 91ST DR,PEORIA,AZ,85382,10,AL5800H,ASSISTED LIVING HOME,ACTIVE
CASA THERESITA III,5209 S 11TH AVE,TUCSON,AZ,85706,10,AL5877H,ASSISTED LIVING HOME,ACTIVE
ASSISTED LIVING OF SCOTTSDALE,6819 E SHEA BLVD,SCOTTSDALE,AZ,85254,10,AL2868H,ASSISTED LIVING HOME,ACTIVE
PEACEFUL FEELING GROUP HOME,2530 W OLLA CIR,MESA,AZ,85202,5,AL12909H,ASSISTED LIVING HOME,ACTIVE
GREEN GARDEN 2 SENIOR CARE,3220 N CRAYCROFT RD,TUCSON,AZ,85712,0,AL13316H,ASSISTED LIVING HOME,ACTIVE
DESERT PALM ON VIRGINIA,7308 E VIRGINIA AVE,SCOTTSDALE,AZ,85257,10,AL12887H,ASSISTED LIVING HOME,ACTIVE
ADORA ASSISTED LIVING LLC,2691 E INDIAN WELLS DR,GILBERT,AZ,85298,5,AL12908H,ASSISTED LIVING HOME,ACTIVE
KARE MORE THAN THAT LLC,10313 W HESS ST,TOLLESON,AZ,85353,6,AL13293H,ASSISTED LIVING HOME,ACTIVE
"PRESCOTT ASSISTED LIVING, LLC",3612 E PRESCOTT PL,CHANDLER,AZ,85249,10,AL13294H,ASSISTED LIVING HOME,ACTIVE
PARADISE COVE,1526 S 8TH AVE,YUMA,AZ,85364,9,AL2632H,ASSISTED LIVING HOME,ACTIVE
DESERT COVE ASSISTED LIVING LLC,1942 W TOPEKA DR,PHOENIX,AZ,85027,10,AL12913H,ASSISTED LIVING HOME,ACTIVE
113 NORTH SENIOR CARE CENTER LLC,113 N AVENIDA DE SAN RAMON,TUCSON,AZ,85710,10,AL12914H,ASSISTED LIVING HOME,ACTIVE
TANGELO GROVE SENIOR CARE HOME,101 W GLENDALE AVE,PHOENIX,AZ,85021,10,AL2966H,ASSISTED LIVING HOME,ACTIVE
CASA GRANDE ASSISTED LIVING HOME,3801 BUENA VISTA AVE,LAKE HAVASU CITY,AZ,86406,10,AL3027H,ASSISTED LIVING HOME,ACTIVE
LETI'S HOME AT SCOTTSDALE,5529 E BLOOMFIELD RD,SCOTTSDALE,AZ,85254,10,AL12907H,ASSISTED LIVING HOME,ACTIVE
WEYRICH HEALTH CARE CENTER OF WESTMINSTER VILLAGE,12000 N 90TH ST,SCOTTSDALE,AZ,85260,38,AL12905C,ASSISTED LIVING CENTER,ACTIVE
SEDONA WINDS,475 JACKS CANYON RD,SEDONA,AZ,86351,92,AL3108C,ASSISTED LIVING CENTER,ACTIVE
YOUNG AT HEART ALH,6521 N SILVERBELL RD,TUCSON,AZ,85743,10,AL13339H,ASSISTED LIVING HOME,ACTIVE
"GOOD SHEPHERD ASSISTED LIVING, LLC",6464 E NORWOOD CIR,MESA,AZ,85215,10,AL5795H,ASSISTED LIVING HOME,ACTIVE
THUNDERBIRD QUALITY HOME CARE,5503 W JOAN DE ARC AVE,GLENDALE,AZ,85304,10,AL5864H,ASSISTED LIVING HOME,ACTIVE
ARIA RANCH SENIOR LIVING,17450 West Wood Drive,Surprise,AZ,85388,10,AL13320H,ASSISTED LIVING HOME,ACTIVE
SHERIDAN GARDEN ASSISTED LIVING,8937 W SHERIDAN ST,PHOENIX,AZ,85037,5,AL3254H,ASSISTED LIVING HOME,ACTIVE
LB ASSISTED LIVING LLC,16009 N 6TH PL,PHOENIX,AZ,85022,7,AL13337H,ASSISTED LIVING HOME,ACTIVE
"OLIVIA WHITE HOSPICE HOME, THE",752 N SWITZER CANYON DR,FLAGSTAFF,AZ,86001,10,AL3300H,ASSISTED LIVING HOME,ACTIVE
"JANNAH ASSISTED LIVING, LLC",1572 W HOMESTEAD DR,CHANDLER,AZ,85286,5,AL13342H,ASSISTED LIVING HOME,ACTIVE
WEST VALLEY CARE HOME,8546 W JOAN DE ARC AVE,PEORIA,AZ,85381,10,AL4125H,ASSISTED LIVING HOME,ACTIVE
FAMILY CARE HOMES INC - ENCANTO HOUSE,2962 E ENCANTO ST,MESA,AZ,85213,10,AL1676H,ASSISTED LIVING HOME,ACTIVE
"RED MOUNTAIN REFLECTIONS ASSISTED LIVING, INC",2232 N 77TH PL,MESA,AZ,85207,10,AL3387H,ASSISTED LIVING HOME,ACTIVE
FAIRBROOK GROVE INC,3916 E FAIRBROOK CIR,MESA,AZ,85205,10,AL5876H,ASSISTED LIVING HOME,ACTIVE
BROOKDALE ORO VALLEY,10175 N ORACLE RD,ORO VALLEY,AZ,85704,42,AL1795C,ASSISTED LIVING CENTER,ACTIVE
BROOKDALE CHANDLER RAY ROAD,2800 W RAY RD,CHANDLER,AZ,85224,54,AL1885C,ASSISTED LIVING CENTER,ACTIVE
BROOKDALE PEORIA,8989 W GREENBRIAN DR,PEORIA,AZ,85382,72,AL2054C,ASSISTED LIVING CENTER,ACTIVE
BROOKDALE EAST TUCSON,8468 E SPEEDWAY BLVD,TUCSON,AZ,85710,60,AL2150C,ASSISTED LIVING CENTER,ACTIVE
BROOKDALE NORTH MESA,2122 E BROWN RD,MESA,AZ,85213,103,AL3333C,ASSISTED LIVING CENTER,ACTIVE
ANGEL'S TOUCH CARE HOME,1974 E CLEAR LAKE DR,FORT MOHAVE,AZ,86426,10,AL3262H,ASSISTED LIVING HOME,ACTIVE
PECAN ELDERLY CAREHOME LLC,2406 S PECAN DR,CHANDLER,AZ,85286,5,AL13363H,ASSISTED LIVING HOME,ACTIVE
LIBERTY CARE HOME II,1178 W LAREDO AVE,GILBERT,AZ,85233,5,AL4014H,ASSISTED LIVING HOME,ACTIVE
VIKI'S ASSISTED LIVING HOME,3027 E TOPEKA DR,PHOENIX,AZ,85050,5,AL3369H,ASSISTED LIVING HOME,ACTIVE
YOUNG LIFE ASSISTED LIVING 2,2742 W RANCHO DR,PHOENIX,AZ,85017,5,AL4043H,ASSISTED LIVING HOME,ACTIVE
SUN VALLEY MANOR ASSISTED LIVING HOME,17245 N 56TH WAY,SCOTTSDALE,AZ,85254,5,AL1459H,ASSISTED LIVING HOME,ACTIVE
BROOKDALE TEMPE,1610 E GUADALUPE RD,TEMPE,AZ,85283,52,AL1489C,ASSISTED LIVING CENTER,ACTIVE
BEATITUDES CAMPUS OF CARE,1712 West Glendale Avenue,Phoenix,AZ,85021,129,AL1527C,ASSISTED LIVING CENTER,ACTIVE
GRAND COURT OF MESA,262 E BROWN RD,MESA,AZ,85201,140,AL4168C,ASSISTED LIVING CENTER,ACTIVE
FELLOWSHIP SQUARE-MESA,6945 E MAIN ST,MESA,AZ,85207,59,AL1492C,ASSISTED LIVING CENTER,ACTIVE
LITTLE TOUCH OF EUROPE,7717 W BERYL AVE,PEORIA,AZ,85345,5,AL1610H,ASSISTED LIVING HOME,ACTIVE
FAITHFUL HEART ALH,6631 N SILVERBELL RD,TUCSON,AZ,85743,10,AL13341H,ASSISTED LIVING HOME,ACTIVE
MARCOS AND SECILIA RAMON HOME CARE,521 W PEPPER PL,MESA,AZ,85201,6,AL3291H,ASSISTED LIVING HOME,ACTIVE
CASCADES OF TUCSON,201 N JESSICA AVE,TUCSON,AZ,85710,217,AL1362C,ASSISTED LIVING CENTER,ACTIVE
RAINBOW ACRES,2120 W RESERVATION LOOP RD,CAMP VERDE,AZ,86322,120,AL1870C,ASSISTED LIVING CENTER,ACTIVE
"SAN NICOLAS ASSISTED LIVING HOME NW, INC",1362 W SAN NICOLAS DR,TUCSON,AZ,85704,10,AL1943H,ASSISTED LIVING HOME,ACTIVE
BROOKDALE SANTA CATALINA,7500 N CALLE SIN ENVIDIA,TUCSON,AZ,85718,155,AL1742C,ASSISTED LIVING CENTER,ACTIVE
FLOMARIE LOVE & CARE HOME #2,2102 N CHESTNUT CIR,MESA,AZ,85213,10,AL1859H,ASSISTED LIVING HOME,ACTIVE
DANIELLA'S LOVING CARE HOME,12210 N 62ND DR,GLENDALE,AZ,85304,10,AL2118H,ASSISTED LIVING HOME,ACTIVE
BELL ADULT CARE HOME,5343 E WOODRIDGE DR,SCOTTSDALE,AZ,85254,10,AL2181H,ASSISTED LIVING HOME,ACTIVE
AUDREYS ADULT CARE HOME,1898 E ELLIS DR,TEMPE,AZ,85282,10,AL2198H,ASSISTED LIVING HOME,ACTIVE
PLEASANT VALLEY CARE HOME,2955 PLEASANT VALLEY DR,PRESCOTT,AZ,86305,10,AL2269H,ASSISTED LIVING HOME,ACTIVE
PRESTIGE ASSISTED LIVING AT GREEN VALLEY,1175 S ABREGO DR,GREEN VALLEY,AZ,85614,75,AL2267C,ASSISTED LIVING CENTER,ACTIVE
AUTUMN HOUSE,2002 S CATHY AVE,TUCSON,AZ,85710,10,AL5963H,ASSISTED LIVING HOME,ACTIVE
PRESTIGE ASSISTED LIVING AT SIERRA VISTA,4400 AVENIDA COCHISE,SIERRA VISTA,AZ,85635,67,AL2266C,ASSISTED LIVING CENTER,ACTIVE
PARADISE OASIS,8691 S MOHAVE LN,YUMA,AZ,85364,10,AL4243H,ASSISTED LIVING HOME,ACTIVE
NUNNENKAMP CENTER FRIENDSHIP VILLAGE TEMPE,2635 E SOUTHERN AVE,TEMPE,AZ,85282,72,AL1874C,ASSISTED LIVING CENTER,ACTIVE
EXTENDED FAMILY II ALH,2303 E HERMOSA VISTA DR,MESA,AZ,85213,10,AL4343H,ASSISTED LIVING HOME,ACTIVE
B & H ADULT CARE HOME,7623 S KENWOOD LN,TEMPE,AZ,85284,5,AL2273H,ASSISTED LIVING HOME,ACTIVE
FIVE STAR ASSISTED LIVING,1932 E JEANINE DR,TEMPE,AZ,85284,10,AL4495H,ASSISTED LIVING HOME,ACTIVE
CRYSTAL ROSE,13750 W CROCUS DR,SURPRISE,AZ,85379,5,AL7337H,ASSISTED LIVING HOME,ACTIVE
MARGARET T MORRIS CENTER,878 SUNSET AVE,PRESCOTT,AZ,86305,57,AL2349C,ASSISTED LIVING CENTER,ACTIVE
SPRING VALLEY,5941 W AUDREY LN,GLENDALE,AZ,85308,5,AL4554H,ASSISTED LIVING HOME,ACTIVE
REJOICE ASSISTED LIVING INCORPORATED,7336 N 79TH LN,GLENDALE,AZ,85303,10,AL4582H,ASSISTED LIVING HOME,ACTIVE
ROYAL OAKS ASSISTED LIVING CENTER,9965 W Royal Oak Rd,Sun City,AZ,85351,183,AL4590C,ASSISTED LIVING CENTER,ACTIVE
MARDON ASSISTED LIVING HOMES I,6846 N 4TH AVE,PHOENIX,AZ,85013,10,AL4602H,ASSISTED LIVING HOME,ACTIVE
BETHESDA GARDENS,13825 N CAVE CREEK RD,PHOENIX,AZ,85022,147,AL2432C,ASSISTED LIVING CENTER,ACTIVE
DESERT PALACE ASSISTED LIVING,480 S JAY ST,CHANDLER,AZ,85225,5,AL2195H,ASSISTED LIVING HOME,ACTIVE
PRESTIGE ASSISTED LIVING AT LAKE HAVASU,90 SMOKETREE AVE S,LAKE HAVASU CITY,AZ,86403,67,AL1768C,ASSISTED LIVING CENTER,ACTIVE
BROOKDALE CAMINO DEL SOL,14001 W MEEKER BLVD,SUN CITY WEST,AZ,85375,52,AL2003C,ASSISTED LIVING CENTER,ACTIVE
BROOKDALE EAST ARBOR,6060 E ARBOR AVE,MESA,AZ,85206,72,AL2086C,ASSISTED LIVING CENTER,ACTIVE
GRACE MANOR OF ARIZONA II,314 W CROFTON ST,CHANDLER,AZ,85225,5,AL4155H,ASSISTED LIVING HOME,ACTIVE
"CHRISTIAN CARE ASSISTED LIVING, INC - OASIS",11818 N 19TH AVE,PHOENIX,AZ,85029,55,AL1493C,ASSISTED LIVING CENTER,ACTIVE
CHRISTIAN CARE MANOR IV,118 S 70TH ST,MESA,AZ,85208,65,AL1735C,ASSISTED LIVING CENTER,ACTIVE
IBRANSIE LOVING CARE HOME,1103 W MENDOZA AVE,MESA,AZ,85210,5,AL5896H,ASSISTED LIVING HOME,ACTIVE
CHAPARRAL WINDS ASSISTED LIVING,16623 N WEST POINT PKWY,SURPRISE,AZ,85374,96,AL4226C,ASSISTED LIVING CENTER,ACTIVE
ADAM'S HOUSE,7697 E NIGHTINGALE STAR LN,PRESCOTT VALLEY,AZ,86315,8,AL4280H,ASSISTED LIVING HOME,ACTIVE
CASAS ADOBES ASSISTED LIVING,1551 W SAN ANNETTA DR,TUCSON,AZ,85704,10,AL7304H,ASSISTED LIVING HOME,ACTIVE
PARK SENIOR VILLAS AT LA CANADA - VILLA G,1505 W DESERT HARBOR CIR,TUCSON,AZ,85704,10,AL7316H,ASSISTED LIVING HOME,ACTIVE
A & I ADULT CARE HOME,5327 E ANDERSON DR,SCOTTSDALE,AZ,85254,10,AL2100H,ASSISTED LIVING HOME,ACTIVE
LEGENDS SENIOR LIVING,6207 W COMET AVE,GLENDALE,AZ,85302,5,AL2244H,ASSISTED LIVING HOME,ACTIVE
LOVING HEART ASSISTED LIVING SERVICE,13001 N 22ND PL,PHOENIX,AZ,85022,5,AL4297H,ASSISTED LIVING HOME,ACTIVE
JIM AND PATTI JONES,1644 E MENLO ST,MESA,AZ,85203,10,AL2406H,ASSISTED LIVING HOME,ACTIVE
FELLOWSHIP SQUARE HISTORIC MESA OASIS,22 W 9TH PL,MESA,AZ,85201,106,AL4344C,ASSISTED LIVING CENTER,ACTIVE
SUNRIDGE VILLAGE,839 LANDON DR,BULLHEAD CITY,AZ,86429,149,AL4424C,ASSISTED LIVING CENTER,ACTIVE
ST MICHAELS MANOR,8449 W SHAW BUTTE DR,PEORIA,AZ,85345,7,AL4409H,ASSISTED LIVING HOME,ACTIVE
SUN VIEW ESTATES HOME CARE III,17673 W ACAPULCO LN,SURPRISE,AZ,85388,7,AL6024H,ASSISTED LIVING HOME,ACTIVE
BLOOMFIELD HOUSE,9409 E BLOOMFIELD RD,SCOTTSDALE,AZ,85260,10,AL6060H,ASSISTED LIVING HOME,ACTIVE
DANILA'S ASSISTED LIVING,4215 E WESCOTT DR,PHOENIX,AZ,85050,10,AL7348H,ASSISTED LIVING HOME,ACTIVE
CRISMON PEAKS ASSISTED LIVING LLC,10027 E HILLVIEW ST,MESA,AZ,85207,10,AL7347H,ASSISTED LIVING HOME,ACTIVE
KIVEL MANOR ASSISTED LIVING CENTER,3040 N 36TH ST,PHOENIX,AZ,85018,53,AL5986C,ASSISTED LIVING CENTER,ACTIVE
FAMILY CARE ASSISTED LIVING HOME,4327 W WAHALLA LN,GLENDALE,AZ,85308,5,AL7379H,ASSISTED LIVING HOME,ACTIVE
GRACE'S PLACE ASSISTED LIVING HOME,447 E VILLA ST,SAN LUIS,AZ,85336,10,AL6096H,ASSISTED LIVING HOME,ACTIVE
PARK SENIOR VILLAS AT LA CANADA - VILLA H,1495 W DESERT HARBOR CIR,TUCSON,AZ,85704,10,AL7309H,ASSISTED LIVING HOME,ACTIVE
"OCOTILLO HOUSE, THE",5232 E 18TH ST,TUCSON,AZ,85711,10,AL7317H,ASSISTED LIVING HOME,ACTIVE
LITCHFIELD COUNTRYSIDE HOME CARE,3333 N 188TH AVE,LITCHFIELD PARK,AZ,85340,5,AL6140H,ASSISTED LIVING HOME,ACTIVE
COMFORT HAVEN OF MESA,758 S TOLTEC,MESA,AZ,85204,10,AL4623H,ASSISTED LIVING HOME,ACTIVE
PARADISE ASSISTED LIVING,16520 N 170TH LN,SURPRISE,AZ,85388,9,AL6242H,ASSISTED LIVING HOME,ACTIVE
"ELSA'S ADULT CARE HOME, LLC",6301 E CALLE DE SAN ALBERTO,TUCSON,AZ,85710,10,AL6219H,ASSISTED LIVING HOME,ACTIVE
RODY'S ADULT CARE HOME,3807 E BETTY ELYSE LN,PHOENIX,AZ,85032,5,AL6301H,ASSISTED LIVING HOME,ACTIVE
AUDREY'S ADULT CARE HOME I,4031 E FAWN DR,PHOENIX,AZ,85042,10,AL4650H,ASSISTED LIVING HOME,ACTIVE
"LIBERTY MANOR RESIDENCY, INC",17632 N 5TH PL,PHOENIX,AZ,85022,10,AL4705H,ASSISTED LIVING HOME,ACTIVE
"SANTO NINO ADULT CARE HOME, LLC",2290 S QUAIL HOLLOW DR,TUCSON,AZ,85710,10,AL6153H,ASSISTED LIVING HOME,ACTIVE
LOOKOUT MOUNTAIN ASSISTED LIVING HOME,15014 N 20TH ST,PHOENIX,AZ,85022,5,AL6027H,ASSISTED LIVING HOME,ACTIVE
WHITE DOVE ASSISTED LIVING HOME,6741 W ROBERT E LEE ST,GLENDALE,AZ,85308,10,AL2426H,ASSISTED LIVING HOME,ACTIVE
LYNETTE'S CARE CENTER,3142 W GREENWAY RD,PHOENIX,AZ,85053,10,AL4456H,ASSISTED LIVING HOME,ACTIVE
D & M ASSISTED LIVING HOME,12202 N 47TH AVE,GLENDALE,AZ,85304,5,AL4515H,ASSISTED LIVING HOME,ACTIVE
ADVANTAGE HOME CARE LLC,11510 W LANGFORD CT,YOUNGTOWN,AZ,85363,10,AL7346H,ASSISTED LIVING HOME,ACTIVE
"ST ANTHONY'S ADULT CARE HOME, LLC",2302 S QUAIL HOLLOW DR,TUCSON,AZ,85710,10,AL6156H,ASSISTED LIVING HOME,ACTIVE
MERIDIAN ASSISTED LIVING HOME,14320 W MANDALAY LN,SURPRISE,AZ,85379,10,AL6166H,ASSISTED LIVING HOME,ACTIVE
HOME SWEET HOME ON FLORIAN,3942 E FLORIAN AVE,MESA,AZ,85206,10,AL6174H,ASSISTED LIVING HOME,ACTIVE
LEGENDS SENIOR LIVING,20371 N 65TH DR,GLENDALE,AZ,85308,10,AL4626H,ASSISTED LIVING HOME,ACTIVE
ORDINARY LIFESTYLES,401 N LAREDO LN,PAYSON,AZ,85541,10,AL4632H,ASSISTED LIVING HOME,ACTIVE
PARADISE VALLEY SENIOR RETREAT,4801 E BERYL AVE,PARADISE VALLEY,AZ,85253,10,AL6228H,ASSISTED LIVING HOME,ACTIVE
DMW ADULT CARE HOME,1837 E AIRE LIBRE AVE,PHOENIX,AZ,85022,5,AL6190H,ASSISTED LIVING HOME,ACTIVE
SUMMERFIELD AT JENTILLY ASSISTED LIVING HOME,8150 S JENTILLY LN,TEMPE,AZ,85284,10,AL6263H,ASSISTED LIVING HOME,ACTIVE
SUN VIEW ESTATES HOME CARE,701 W SOLANO DR,PHOENIX,AZ,85013,5,AL4674H,ASSISTED LIVING HOME,ACTIVE
"PARKER'S ADULT CARE, LLC",5201 E 3RD ST,TUCSON,AZ,85711,10,AL4689H,ASSISTED LIVING HOME,ACTIVE
FAIRWINDS - DESERT POINT,10701 N LA RESERVE DR,ORO VALLEY,AZ,85737,75,AL4698C,ASSISTED LIVING CENTER,ACTIVE
SUNSHINE RESIDENTIAL CARE HOME,16829 W NORTHAMPTON RD,SURPRISE,AZ,85374,9,AL4684H,ASSISTED LIVING HOME,ACTIVE
"NEXT GENESIS INC, THE",11207 N 53RD AVE,GLENDALE,AZ,85304,5,AL6214H,ASSISTED LIVING HOME,ACTIVE
SHERIDAN GARDEN ASSISTED LIVING,7419 N 82ND LN,GLENDALE,AZ,85303,7,AL6223H,ASSISTED LIVING HOME,ACTIVE
THIRD STREET HOME,1053 E 3RD ST,MESA,AZ,85203,6,AL4760H,ASSISTED LIVING HOME,ACTIVE
MEMORY CARE ASSISTED LIVING AT FRIENDSHIP VILLAGE,2525 E SOUTHERN AVE,TEMPE,AZ,85282,24,AL4769C,ASSISTED LIVING CENTER,ACTIVE
"ASSISTED LIVING AT BLOOMFIELD MANOR, INC",5815 E AIRE LIBRE AVE,SCOTTSDALE,AZ,85254,10,AL4808H,ASSISTED LIVING HOME,ACTIVE
LUXURY COMFORT HOME,5452 W TOPEKA DR,GLENDALE,AZ,85308,5,AL6305H,ASSISTED LIVING HOME,ACTIVE
BROOKDALE EAST MESA,6145 E ARBOR AVE,MESA,AZ,85206,56,AL6354C,ASSISTED LIVING CENTER,ACTIVE
NEW HORIZONS ADULT CARE HOME #2,7020 E LONG LOOK DR,PRESCOTT VALLEY,AZ,86314,10,AL4802H,ASSISTED LIVING HOME,ACTIVE
PROGRESS ASSISTED LIVING,5184 W SAINT JOHN RD,GLENDALE,AZ,85308,5,AL4901H,ASSISTED LIVING HOME,ACTIVE
RIVENDELL CARE HOME,1901 W JOAN DE ARC AVE,PHOENIX,AZ,85029,5,AL6401H,ASSISTED LIVING HOME,ACTIVE
CORINTHIAN ASSISTED LIVING HOME,1119 W MISSION DR,CHANDLER,AZ,85224,5,AL7424H,ASSISTED LIVING HOME,ACTIVE
"TRINITY HOME OF SCOTTSDALE, LLC",10710 E MESCAL ST,SCOTTSDALE,AZ,85259,10,AL6365H,ASSISTED LIVING HOME,ACTIVE
ARIZONA'S BEST ASSISTED LIVING HOME,8113 W LOUISE DR,PEORIA,AZ,85383,10,AL4928H,ASSISTED LIVING HOME,ACTIVE
SILVER BELLS II,5541 E ANGELA DR,SCOTTSDALE,AZ,85254,5,AL6377H,ASSISTED LIVING HOME,ACTIVE
ORCHID PARK CARE HOME,8628 N 7TH AVE,PHOENIX,AZ,85021,10,AL6397H,ASSISTED LIVING HOME,ACTIVE
MAGIC TOUCH ADULT CARE,2148 E WINCHESTER WAY,CHANDLER,AZ,85286,5,AL4935H,ASSISTED LIVING HOME,ACTIVE
SUNRISE OF SCOTTSDALE,7370 E GOLD DUST AVE,SCOTTSDALE,AZ,85258,110,AL6287C,ASSISTED LIVING CENTER,ACTIVE
D' VINTAGE PLACE ASSISTED LIVING HOME,1611 W BOISE PL,CHANDLER,AZ,85224,5,AL6302H,ASSISTED LIVING HOME,ACTIVE
"DESERT GARDEN ASSISTED LIVING, INC",16414 S 43RD ST,PHOENIX,AZ,85048,7,AL4740H,ASSISTED LIVING HOME,ACTIVE
JIM & PATTI JONES II,2308 N KACHINA,MESA,AZ,85203,10,AL6313H,ASSISTED LIVING HOME,ACTIVE
CASA BUENAVANTE,7741 E CHARTER OAK RD,SCOTTSDALE,AZ,85260,10,AL4812H,ASSISTED LIVING HOME,ACTIVE
ANGELS R US,1339 S AVENIDA SIRIO,TUCSON,AZ,85710,5,AL6343H,ASSISTED LIVING HOME,ACTIVE
DESERT HAVEN,2427 W DESERT HILLS ESTATE DR,PHOENIX,AZ,85086,10,AL4841H,ASSISTED LIVING HOME,ACTIVE
BROOKDALE TRAIL RIDGE,21739 North 151st Avenue,Sun City West,AZ,85375,56,AL6361C,ASSISTED LIVING CENTER,ACTIVE
BEST OF EUROPE ADULT HOME CARE LLC,1632 E COCONINO ST,COTTONWOOD,AZ,86326,10,AL4862H,ASSISTED LIVING HOME,ACTIVE
BROOKDALE UNION HILLS,9296 W UNION HILLS DR,PEORIA,AZ,85382,56,AL6356C,ASSISTED LIVING CENTER,ACTIVE
CHERRY'S ASSISTED LIVING,10363 E CAMINO LA JOYA PANTANO,TUCSON,AZ,85730,5,AL7391H,ASSISTED LIVING HOME,ACTIVE
ASSISTED LIVING BY SHOLT,660 N BECK AVE,CHANDLER,AZ,85226,5,AL4937H,ASSISTED LIVING HOME,ACTIVE
VALLEY CARE MANAGEMENT CORPORATION,59 N QUARTZ ST,GILBERT,AZ,85234,9,AL4945H,ASSISTED LIVING HOME,ACTIVE
ELDER CARE & MORE II,7431 E LAKESIDE DR,TUCSON,AZ,85730,10,AL4951H,ASSISTED LIVING HOME,ACTIVE
TATUM GLEN ASSISTED LIVING HOME,3720 E UTOPIA RD,PHOENIX,AZ,85050,10,AL4772H,ASSISTED LIVING HOME,ACTIVE
"MANANTIAL DE VIDA, LLC",424 E PRESIDENT ST,TUCSON,AZ,85714,10,AL7387H,ASSISTED LIVING HOME,ACTIVE
PEACHTREE ASSISTED LIVING HOME,15550 W CAMERON DR,SURPRISE,AZ,85379,8,AL7402H,ASSISTED LIVING HOME,ACTIVE
ROSA DE SARON CARE HOME,4102 E LINDEN ST,TUCSON,AZ,85712,10,AL6393H,ASSISTED LIVING HOME,ACTIVE
PARK SENIOR VILLAS AT LA CANADA - VILLA I,1487 W DESERT HARBOR CIR,TUCSON,AZ,85704,10,AL7426H,ASSISTED LIVING HOME,ACTIVE
PARK SENIOR VILLAS AT LA CANADA - VILLA J,1479 W DESERT HARBOR CIR,TUCSON,AZ,85704,10,AL7427H,ASSISTED LIVING HOME,ACTIVE
DOLCE VITA,15664 N 164TH LN,SURPRISE,AZ,85388,10,AL6494H,ASSISTED LIVING HOME,ACTIVE
CATARINA'S CARE HOME,2449 S CATARINA,MESA,AZ,85202,6,AL6482H,ASSISTED LIVING HOME,ACTIVE
"CAISSA ASSISTED LIVING HOME, INC",460 E PHELPS ST,GILBERT,AZ,85295,10,AL7487H,ASSISTED LIVING HOME,ACTIVE
LEGACY RETIREMENT RESIDENCE,5625 E MCKELLIPS RD,MESA,AZ,85215,170,AL7495C,ASSISTED LIVING CENTER,ACTIVE
MADERA ASSISTED LIVING HOME,707 W PALO VERDE ST,GILBERT,AZ,85233,10,AL5031H,ASSISTED LIVING HOME,ACTIVE
BEREAN LOVING HOME CARE,2332 E JADE CT,CHANDLER,AZ,85286,5,AL6421H,ASSISTED LIVING HOME,ACTIVE
BEST CARE ASSISTED LIVING,18431 W PORT ROYALE LN,SURPRISE,AZ,85388,10,AL7439H,ASSISTED LIVING HOME,ACTIVE
"DESERT WINDS I ALH, INC",2733 E NORA ST,MESA,AZ,85213,10,AL7502H,ASSISTED LIVING HOME,ACTIVE
"SPRING DAYS ADULT CARE HOME, LLC",6710 N LEONARDO DA VINCI WAY,TUCSON,AZ,85704,10,AL7569H,ASSISTED LIVING HOME,ACTIVE
"ASSISTED LIVING AT THE WOODRIDGE, INC",5717 E WOODRIDGE DR,SCOTTSDALE,AZ,85254,5,AL4974H,ASSISTED LIVING HOME,ACTIVE
WHITE VIOLET,3702 W CHOLLA ST,PHOENIX,AZ,85029,10,AL7416H,ASSISTED LIVING HOME,ACTIVE
WELLSPRING ALH AT VAL VISTA,312 N BRETT ST,GILBERT,AZ,85234,10,AL7443H,ASSISTED LIVING HOME,ACTIVE
HALYNA'S CARE,2107 W ORANGEWOOD AVE,PHOENIX,AZ,85021,5,AL6433H,ASSISTED LIVING HOME,ACTIVE
ARIZONA DESERT FALLS,2802 E JUNIPER AVE,PHOENIX,AZ,85032,30,AL7509C,ASSISTED LIVING CENTER,ACTIVE
YASHUA'S CEDAR,437 W MERRILL AVE,GILBERT,AZ,85233,7,AL7522H,ASSISTED LIVING HOME,ACTIVE
LAS FUENTES ASSISTED LIVING III,7191 E MONTGOMERY RD,SCOTTSDALE,AZ,85266,10,AL7526H,ASSISTED LIVING HOME,ACTIVE
FEEL AT HOME ASSISTED LIVING,4671 W CAMINO DE MANANA,TUCSON,AZ,85742,10,AL7446H,ASSISTED LIVING HOME,ACTIVE
DOCTOR'S CHOICE ASSISTED LIVING,9101 E BROWN RD STE 10,MESA,AZ,85207,19,AL7537C,ASSISTED LIVING CENTER,ACTIVE
SONORAN HILLS ASSISTED LIVING,31704 N 16TH AVE,PHOENIX,AZ,85085,10,AL7546H,ASSISTED LIVING HOME,ACTIVE
"MADEIRA VILLA ASSISTED LIVING, LLC",3370 W IRONWOOD DR,CHANDLER,AZ,85226,8,AL6474H,ASSISTED LIVING HOME,ACTIVE
A R D C SCOTTSDALE HOME,8632 E PECOS LN,SCOTTSDALE,AZ,85250,9,AL4977H,ASSISTED LIVING HOME,ACTIVE
"MASTER CARE, INC",2159 W EUGIE AVE,PHOENIX,AZ,85029,5,AL7468H,ASSISTED LIVING HOME,ACTIVE
SAN NICOLAS II,6767 N LEONARDO DA VINCI WAY,TUCSON,AZ,85704,10,AL5179H,ASSISTED LIVING HOME,ACTIVE
HOME SWEET HOME,6814 E MIRABEL AVE,MESA,AZ,85209,6,AL5294H,ASSISTED LIVING HOME,ACTIVE
SIMANCAS ASSISTED LIVING HOME,550 S COUNTRY CLUB RD,TUCSON,AZ,85716,10,AL6570H,ASSISTED LIVING HOME,ACTIVE
THE TERRACES ASSISTED LIVING,7550 N 16TH ST,PHOENIX,AZ,85020,98,AL5218C,ASSISTED LIVING CENTER,ACTIVE
FOUNTAINVIEW ASSISTED LIVING FACILITY,16328 E MONTROSE DR,FOUNTAIN HILLS,AZ,85268,10,AL5223H,ASSISTED LIVING HOME,ACTIVE
PETRISOR ASSISTED LIVING,11121 E DRAGOON AVE,MESA,AZ,85208,10,AL6647H,ASSISTED LIVING HOME,ACTIVE
"A TOUCH OF ELEGANCE CARE HOME, LLC",7983 W MARTHA WAY,PEORIA,AZ,85381,8,AL6670H,ASSISTED LIVING HOME,ACTIVE
TRAMONTO ASSISTED LIVING,3217 W CARAVAGGIO LN,PHOENIX,AZ,85086,10,AL6554H,ASSISTED LIVING HOME,ACTIVE
"ADRIANA'S ROUND-THE-CLOCK, LLC",7630 W JOHN CABOT RD,GLENDALE,AZ,85308,10,AL5285H,ASSISTED LIVING HOME,ACTIVE
SUSAN CARE HOME LLC,15842 W MERCER LN,SURPRISE,AZ,85379,9,AL7598H,ASSISTED LIVING HOME,ACTIVE
SUMMERFIELD AT JACINTO ALH,3342 E JACINTO AVE,MESA,AZ,85204,6,AL5068H,ASSISTED LIVING HOME,ACTIVE
BROOKDALE SPRINGS MESA,6220 E BROADWAY RD,MESA,AZ,85206,90,AL5078C,ASSISTED LIVING CENTER,ACTIVE
DESERT JOY ASSISTED LIVING,23615 N 105TH DR,PEORIA,AZ,85383,10,AL7589H,ASSISTED LIVING HOME,ACTIVE
FOUNTAIN VIEW MANOR ASSISTED LIVING FACILITY,16602 E PALISADES BLVD,FOUNTAIN HILLS,AZ,85268,10,AL6556H,ASSISTED LIVING HOME,ACTIVE
DEMPSEY'S ADULT CARE HOME,10561 E ROGER RD,TUCSON,AZ,85749,10,AL5156H,ASSISTED LIVING HOME,ACTIVE
RENATA'S HOME FOR THE ELDERLY,2268 W PEGGY DR,QUEEN CREEK,AZ,85144,8,AL7603H,ASSISTED LIVING HOME,ACTIVE
"FROM-R-HEARTS, LLC",6666 W CAMINO PIZARRO,TUCSON,AZ,85757,5,AL6559H,ASSISTED LIVING HOME,ACTIVE
GOLDEN SWAN MANOR,9828 N 57TH ST,PARADISE VALLEY,AZ,85253,10,AL5178H,ASSISTED LIVING HOME,ACTIVE
"TOWERS AT GLENCROFT, THE",8620 N 65TH AVE,GLENDALE,AZ,85302,74,AL6605C,ASSISTED LIVING CENTER,ACTIVE
EMMA ASSISTED LIVING,10267 W CASHMAN DR,PEORIA,AZ,85383,7,AL6612H,ASSISTED LIVING HOME,ACTIVE
OASIS AT EL CORRAL ASSISTED LIVING CENTER,2721 N ORACLE RD,TUCSON,AZ,85705,59,AL5276C,ASSISTED LIVING CENTER,ACTIVE
HIGHLAND LAKES CARE HOME,6076 W PIUTE AVE,GLENDALE,AZ,85308,5,AL7636H,ASSISTED LIVING HOME,ACTIVE
DESERT SPRINGS COMMUNITIES,6662 E DELMON DR,MESA,AZ,85215,10,AL5077H,ASSISTED LIVING HOME,ACTIVE
ST THERESE ADULT CARE HOME,7842 W BROWN ST,PEORIA,AZ,85345,7,AL5144H,ASSISTED LIVING HOME,ACTIVE
PARADISE VALLEY ADULT CARE HOME,4302 E JANICE WAY,PHOENIX,AZ,85032,10,AL6565H,ASSISTED LIVING HOME,ACTIVE
LIBERTY MANOR RESIDENCY II,13039 N 34TH DR,PHOENIX,AZ,85029,5,AL5240H,ASSISTED LIVING HOME,ACTIVE
ANGEL'S REAL HOME CARE,15952 N ULRICH WAY,SURPRISE,AZ,85374,10,AL5338H,ASSISTED LIVING HOME,ACTIVE
"EDISON HOUSE, THE",7641 E EDISON ST,TUCSON,AZ,85715,10,AL6675H,ASSISTED LIVING HOME,ACTIVE
PARK SENIOR VILLAS AT LA CANADA - VILLA A,6901 North Desert Harbor Place,Tucson,AZ,85704,10,AL6714H,ASSISTED LIVING HOME,ACTIVE
PARK SENIOR VILLAS AT LA CANADA - VILLA C,1577 W DESERT HARBOR CIR,TUCSON,AZ,85704,10,AL6716H,ASSISTED LIVING HOME,ACTIVE
RICHMOND HILLS ASSISTED LIVING FACILITY LLC,1141 E SANDRA TER,PHOENIX,AZ,85022,8,AL6728H,ASSISTED LIVING HOME,ACTIVE
SUN VALLEY HEIGHTS ASSISTED LIVING,17244 N 57TH ST,SCOTTSDALE,AZ,85254,5,AL6742H,ASSISTED LIVING HOME,ACTIVE
THE HARBOR LIGHTHOUSE II,4142 W GROVERS AVE,GLENDALE,AZ,85308,5,AL6709H,ASSISTED LIVING HOME,ACTIVE
A PLACE IN THE SUN,6879 E VERNON AVE,SCOTTSDALE,AZ,85257,10,AL5436H,ASSISTED LIVING HOME,ACTIVE
ANGELICA PAUL,15820 N 20TH ST,PHOENIX,AZ,85022,4,AL5472F,ADULT FOSTER CARE,ACTIVE
SIPOS ANA ADULT FOSTER CARE,4035 E SAINT JOHN RD,PHOENIX,AZ,85032,4,AL5487F,ADULT FOSTER CARE,ACTIVE
LILY OF THE VALLEY,5438 W VILLA THERESA DR,GLENDALE,AZ,85308,4,AL5540F,ADULT FOSTER CARE,ACTIVE
ROSA'S CHANTE ASSISTED LIVING HOME,2631 S BLACK MOON DR,TUCSON,AZ,85730,9,AL5415H,ASSISTED LIVING HOME,ACTIVE
VILLA TAMPICO,601 S TAMPICO AVE,TUCSON,AZ,85711,10,AL7668H,ASSISTED LIVING HOME,ACTIVE
ANNE ASHWORTH,835 W PERALTA AVE,MESA,AZ,85210,4,AL5462F,ADULT FOSTER CARE,ACTIVE
EMERALD GROVES CENTRAL,2759 N VAL VISTA DR,MESA,AZ,85213,31,AL7648C,ASSISTED LIVING CENTER,ACTIVE
SEARLES CARE HOME,11109 E TANQUE VERDE RD,TUCSON,AZ,85749,10,AL6621H,ASSISTED LIVING HOME,ACTIVE
PARK SENIOR VILLAS AT LA CANADA - VILLA D,1519 W DESERT HARBOR CIR,TUCSON,AZ,85704,10,AL6717H,ASSISTED LIVING HOME,ACTIVE
PARK SENIOR VILLAS AT LA CANADA - VILLA F,1555 W DESERT HARBOR CIR,TUCSON,AZ,85704,10,AL6719H,ASSISTED LIVING HOME,ACTIVE
PARK SENIOR VILLAS AT LA CANADA - VILLA B,1460 W DESERT HARBOR CIR,TUCSON,AZ,85704,10,AL6715H,ASSISTED LIVING HOME,ACTIVE
DANIELA'S ASSISTED LIVING,20830 N 39TH DR,GLENDALE,AZ,85308,10,AL5368H,ASSISTED LIVING HOME,ACTIVE
ANA'S HAVEN ADULT HOME CARE II,872 S APACHE DR,CHANDLER,AZ,85224,5,AL5398H,ASSISTED LIVING HOME,ACTIVE
EVERLASTING SERVICES AT CAMELBACK,6417 W CAMELBACK RD,PHOENIX,AZ,85033,10,AL6704H,ASSISTED LIVING HOME,ACTIVE
BROOKDALE CENTRAL PARADISE VALLEY,13240 N TATUM BLVD,PHOENIX,AZ,85032,141,AL6708C,ASSISTED LIVING CENTER,ACTIVE
DIAMOND QUALITY ASSISTED LIVING CARE HOME,6177 E BLANCHE DR,SCOTTSDALE,AZ,85254,10,AL5443H,ASSISTED LIVING HOME,ACTIVE
"SIERRA ADULT CARE, LLC",4933 S CASSIA WAY,TUCSON,AZ,85706,10,AL5391H,ASSISTED LIVING HOME,ACTIVE
NORTH SCOTTSDALE GARDENS ASSISTED LIVING HOME,10250 E BECKER LN,SCOTTSDALE,AZ,85260,10,AL5413H,ASSISTED LIVING HOME,ACTIVE
"SONORAN ADULT CARE, LLC",4791 S VISTA PL,CHANDLER,AZ,85248,5,AL6797H,ASSISTED LIVING HOME,ACTIVE
DAISY MILLER ADULT FOSTER CARE HOME,8116 N 59TH DR,GLENDALE,AZ,85302,4,AL5505F,ADULT FOSTER CARE,ACTIVE
ARIZONA BUTTES ASSISTED LIVING HOME LLC,23194 N 106TH AVE,PEORIA,AZ,85383,10,AL7655H,ASSISTED LIVING HOME,ACTIVE
CAROLINE BAYLON,15607 N 91ST DR,PEORIA,AZ,85382,4,AL5517F,ADULT FOSTER CARE,ACTIVE
MOONLIGHT MANOR ASSISTED LIVING HOME,15129 W PARADISE LN,SURPRISE,AZ,85374,10,AL7649H,ASSISTED LIVING HOME,ACTIVE
BROOKDALE NORTH SCOTTSDALE,15436 N 64TH ST,SCOTTSDALE,AZ,85254,200,AL7714C,ASSISTED LIVING CENTER,ACTIVE
SOLTERRA AT WHITE MOUNTAINS ONE,5408 HIGHWAY 260,LAKESIDE,AZ,85929,30,AL7716C,ASSISTED LIVING CENTER,ACTIVE
HERITAGE LANE BEHAVIORAL - EAST,1041 S LEBARON,MESA,AZ,85210,22,AL7717C,ASSISTED LIVING CENTER,ACTIVE
SAN JUDAS GROUP HOME,7603 S 13TH PL,PHOENIX,AZ,85042,9,AL7724H,ASSISTED LIVING HOME,ACTIVE
SUNRISE ASSISTED LIVING FACILITY,14654 N DEL CAMBRE AVE,FOUNTAIN HILLS,AZ,85268,10,AL7731H,ASSISTED LIVING HOME,ACTIVE
VENUS ASSISTED LIVING HOME,15226 W BECKER LN,SURPRISE,AZ,85379,9,AL6877H,ASSISTED LIVING HOME,ACTIVE
"SUNSET ADULT CARE HOME, LLC",4765 W CALLE DON TOMAS,TUCSON,AZ,85757,10,AL6828H,ASSISTED LIVING HOME,ACTIVE
JUNE AND FRANK SACKTON ASSISTED LIVING APARTMENTS,12000 N 90TH ST,SCOTTSDALE,AZ,85260,30,AL6929C,ASSISTED LIVING CENTER,ACTIVE
SANDRA BAKER ADULT FOSTER CARE,6811 W VILLA THERESA DR,GLENDALE,AZ,85308,4,AL5466F,ADULT FOSTER CARE,ACTIVE
MARINO MANOR II LLC,5011 N 64TH DR,GLENDALE,AZ,85301,5,AL6830H,ASSISTED LIVING HOME,ACTIVE
MARY'S GROUP HOME,10008 W BLOCH RD,TOLLESON,AZ,85353,5,AL7702H,ASSISTED LIVING HOME,ACTIVE
SPLENDIDO AT RANCHO VISTOSO,13500 N RANCHO VISTOSO BLVD,ORO VALLEY,AZ,85755,48,AL6963C,ASSISTED LIVING CENTER,ACTIVE
DESERT COMFORT ASSISTED LIVING HOME,15873 N 18TH ST,PHOENIX,AZ,85022,5,AL7048H,ASSISTED LIVING HOME,ACTIVE
ADELA LUPEA,7321 N 82ND DR,GLENDALE,AZ,85303,4,AL5570F,ADULT FOSTER CARE,ACTIVE
DIAMOND MANOR ADULT CARE,7330 W GETTY DR,PHOENIX,AZ,85043,8,AL7047H,ASSISTED LIVING HOME,ACTIVE
CARING ANGELS ASSISTED LIVING HOME,28428 N RAMBLING ROCK CT,WITTMANN,AZ,85361,9,AL6859H,ASSISTED LIVING HOME,ACTIVE
HERITAGE LANE BEHAVIORAL - WEST,1040 S LEBARON,MESA,AZ,85210,44,AL7718C,ASSISTED LIVING CENTER,ACTIVE
"ASTERION ACRES, LLC",7008 N ASTERION LN,TUCSON,AZ,85741,10,AL6868H,ASSISTED LIVING HOME,ACTIVE
"ASTERION ACRES, LLC",7012 N ASTERION LN,TUCSON,AZ,85741,10,AL6869H,ASSISTED LIVING HOME,ACTIVE
OUR HOME ADULT CARE,17625 N 48TH DR,GLENDALE,AZ,85308,4,AL6902F,ADULT FOSTER CARE,ACTIVE
MAGDA'S FAMILY HOME CARE LLC,11433 N 33RD AVE,PHOENIX,AZ,85029,10,AL7658H,ASSISTED LIVING HOME,ACTIVE
PREMIER ASSISTED LIVING LLC,1544 W LAS PALMARITAS DR,PHOENIX,AZ,85021,5,AL7663H,ASSISTED LIVING HOME,ACTIVE
OASIS CARE HOMES II,22015 N 34TH AVE,PHOENIX,AZ,85027,5,AL6822H,ASSISTED LIVING HOME,ACTIVE
ARROWHEAD VALLEY ASSISTED LIVING INC,17915 N 65TH DR,GLENDALE,AZ,85308,5,AL7687H,ASSISTED LIVING HOME,ACTIVE
B S D HOME CARE LLC,1413 W SAN MIGUEL AVE,PHOENIX,AZ,85013,5,AL6945H,ASSISTED LIVING HOME,ACTIVE
CALLINI'S ASSISTED LIVING,8139 E CHOLLA ST,SCOTTSDALE,AZ,85260,10,AL6949H,ASSISTED LIVING HOME,ACTIVE
BEEHIVE HOMES,324 E 1ST ST,EAGAR,AZ,85925,16,AL6954C,ASSISTED LIVING CENTER,ACTIVE
STANA OLARI,25851 N CENTRAL AVE,PHOENIX,AZ,85085,4,AL5625F,ADULT FOSTER CARE,ACTIVE
NORTH STAR ADULT CARE HOME,6530 E STRATFORD DR,PRESCOTT VALLEY,AZ,86314,10,AL6884H,ASSISTED LIVING HOME,ACTIVE
SALLY JOHNSON,4124 W AUGUSTA AVE,PHOENIX,AZ,85051,4,AL5564F,ADULT FOSTER CARE,ACTIVE
"CHRISTIAN CARE MANOR II, INC",11802 N 19TH AVE,PHOENIX,AZ,85029,46,AL6958C,ASSISTED LIVING CENTER,ACTIVE
TUCSON GARDENS MEMORY CARE,2675 N WYATT DR,TUCSON,AZ,85712,70,AL6987C,ASSISTED LIVING CENTER,ACTIVE
PEACEFUL WINDS,4825 W CHARLESTON AVE,GLENDALE,AZ,85308,3,AL6922F,ADULT FOSTER CARE,ACTIVE
VILLA JEAN I LLC,704 W CHEYENNE DR,CHANDLER,AZ,85225,9,AL6943H,ASSISTED LIVING HOME,ACTIVE
"SACRED HEART HOMES, INC",3828 N 36TH ST,PHOENIX,AZ,85018,5,AL7052H,ASSISTED LIVING HOME,ACTIVE
"HOMESTEAD ON 18TH, THE",5238 E 18TH ST,TUCSON,AZ,85711,10,AL5742H,ASSISTED LIVING HOME,ACTIVE
"OASIS CARE HOMES, LLC",21437 N 33RD LN,PHOENIX,AZ,85027,5,AL5749H,ASSISTED LIVING HOME,ACTIVE
ADRIEL CARE HOME,11550 N 150TH LN,SURPRISE,AZ,85379,7,AL7076H,ASSISTED LIVING HOME,ACTIVE
SILVERGATE ASSISTED LIVING HOME,2144 W MANOR ST,CHANDLER,AZ,85224,5,AL7182H,ASSISTED LIVING HOME,ACTIVE
DIXILETA ADULT CARE HOME II,29914 N 78TH ST,SCOTTSDALE,AZ,85266,8,AL5726H,ASSISTED LIVING HOME,ACTIVE
MINGUS TERRACE ASSISTED LIVING HOME,1236 S PIONEER DR,COTTONWOOD,AZ,86326,8,AL5777H,ASSISTED LIVING HOME,ACTIVE
FAMILY MATTERS II,7242 W BRILES RD,PEORIA,AZ,85383,5,AL7084H,ASSISTED LIVING HOME,ACTIVE
ELDERCARE AT WESTERN SUNRISE ADULT CARE,2004 W WESTERN DR,CHANDLER,AZ,85224,8,AL7110H,ASSISTED LIVING HOME,ACTIVE
RONALD HOME CARE,1910 East Ronald Road,Phoenix,AZ,85022,10,AL7172H,ASSISTED LIVING HOME,ACTIVE
ADULT CARE BY DAN OLNEY,4547 W HEARN RD,GLENDALE,AZ,85306,4,AL5626F,ADULT FOSTER CARE,ACTIVE
PARADISE VALLEY SENIOR LIVING,16621 N 38TH ST,PHOENIX,AZ,85032,118,AL6981C,ASSISTED LIVING CENTER,ACTIVE
ALLEGIANCE ASSISTED LIVING LLC,2243 S GAUCHO,MESA,AZ,85202,6,AL7032H,ASSISTED LIVING HOME,ACTIVE
"OASIS AT FELLOWSHIP SQUARE TUCSON, THE",250 N MAGUIRE AVE,TUCSON,AZ,85710,60,AL7747C,ASSISTED LIVING CENTER,ACTIVE
FIREBIRD ASSISTED LIVING,7179 W FIREBIRD DR,GLENDALE,AZ,85308,5,AL7201H,ASSISTED LIVING HOME,ACTIVE
AHWATUKEE ADULT CARE III,5135 E HALF MOON DR,PHOENIX,AZ,85044,10,AL7207H,ASSISTED LIVING HOME,ACTIVE
SEVEN HAVEN LLC,4833 E MCLELLAN RD,MESA,AZ,85205,8,AL7214H,ASSISTED LIVING HOME,ACTIVE
"CASA DE LOS ABUELOS DOS, LLC",2015 W INA RD,TUCSON,AZ,85704,10,AL7239H,ASSISTED LIVING HOME,ACTIVE
SOLTERRA SENIOR LIVING,350 S ALMA SCHOOL RD,CHANDLER,AZ,85224,110,AL7016C,ASSISTED LIVING CENTER,ACTIVE
MEL'S ADULT FOSTER CARE,22831 S RECKER RD,GILBERT,AZ,85298,4,AL5675F,ADULT FOSTER CARE,ACTIVE
ABSOLUTE ASSISTED LIVING ADULT CARE HOME,3557 E CABALLERO ST,MESA,AZ,85213,10,AL5684H,ASSISTED LIVING HOME,ACTIVE
VICKY'S LOVING HOME,3433 W MALAPAI DR,PHOENIX,AZ,85051,10,AL7043H,ASSISTED LIVING HOME,ACTIVE
"A HAPPY PLACE ADULT CARE HOME, INC",4918 E KAREN DR,SCOTTSDALE,AZ,85254,10,AL5757H,ASSISTED LIVING HOME,ACTIVE
"ALOHA ASSISTED LIVING HOME, LLC",8260 E VICKSBURG ST,TUCSON,AZ,85710,5,AL7099H,ASSISTED LIVING HOME,ACTIVE
ARIZONA'S GOLDEN HEART,7016 W VILLA THERESA DR,GLENDALE,AZ,85308,7,AL7053H,ASSISTED LIVING HOME,ACTIVE
UPON THE ROCK ASSISTED LIVING,32100 N SCOTTSDALE RD,SCOTTSDALE,AZ,85266,10,AL7079H,ASSISTED LIVING HOME,ACTIVE
MINGUS MANOR ASSISTED LIVING HOME,25 W FIR ST,COTTONWOOD,AZ,86326,8,AL7101H,ASSISTED LIVING HOME,ACTIVE
MESA ADULT CARE HOME,1756 E KENWOOD ST,MESA,AZ,85203,10,AL7147H,ASSISTED LIVING HOME,ACTIVE
RUBY GRAHAM,3815 E BECKER LN,PHOENIX,AZ,85028,2,AL5594F,ADULT FOSTER CARE,ACTIVE
AN ENCHANTED ASSISTED LIVING LLC,15924 W MAUNA LOA LN,SURPRISE,AZ,85379,10,AL6985H,ASSISTED LIVING HOME,ACTIVE
HACIENDA GRANADA,4040 E HIGHLAND AVE,PHOENIX,AZ,85018,10,AL5670H,ASSISTED LIVING HOME,ACTIVE
HUMMINGBIRD GARDENS,16024 N 17TH WAY,PHOENIX,AZ,85022,10,AL7006H,ASSISTED LIVING HOME,ACTIVE
SUNRISE OF GILBERT,580 S GILBERT RD,GILBERT,AZ,85296,102,AL7113C,ASSISTED LIVING CENTER,ACTIVE
"ORTIZ SUNNYSIDE ASSISTED LIVING, LLC",14785 W WINDROSE DR,SURPRISE,AZ,85379,8,AL7259H,ASSISTED LIVING HOME,ACTIVE
WHITE DOVE AT SUNRISE MOUNTAIN ASSISTED LIVINGHOME,23161 N 87TH DR,PEORIA,AZ,85383,10,AL8374H,ASSISTED LIVING HOME,ACTIVE
ALTA VISTA,918 CANTERBURY LN,PRESCOTT,AZ,86301,59,AL8370C,ASSISTED LIVING CENTER,ACTIVE
SERENITY CARE HOME,13365 W BANFF LN,SURPRISE,AZ,85379,6,AL8394H,ASSISTED LIVING HOME,ACTIVE
HUMMINGBIRD MANOR #2,602 N ALAMO AVE,TUCSON,AZ,85711,10,AL7286H,ASSISTED LIVING HOME,ACTIVE
LA HACIENDA ASSISTED LIVING HOME,10949 E BROADWAY BLVD,TUCSON,AZ,85748,5,AL7183H,ASSISTED LIVING HOME,ACTIVE
"FIDELITY CARE CORNER, INC",7548 N CASABLANCA DR,TUCSON,AZ,85704,10,AL7796H,ASSISTED LIVING HOME,ACTIVE
LAKE VIEW RETIREMENT VILLA,2902 W CHOLLA ST,PHOENIX,AZ,85029,5,AL7221H,ASSISTED LIVING HOME,ACTIVE
PALM HOUSE I PLC,15414 N 29TH AVE,PHOENIX,AZ,85053,10,AL7256H,ASSISTED LIVING HOME,ACTIVE
SUPREME ADULT CARE HOME,3629 E THAMES WAY,SAN TAN VALLEY,AZ,85140,5,AL7839H,ASSISTED LIVING HOME,ACTIVE
"MOM AND DAD PLACE, LLC",9980 N SHANNON RD,TUCSON,AZ,85742,10,AL9042H,ASSISTED LIVING HOME,ACTIVE
"ARIZONA PREMIER ADULT CARE II, LLC",9716 E PAMPA AVE,MESA,AZ,85212,10,AL9047H,ASSISTED LIVING HOME,ACTIVE
"A TOUCH OF EXCELENCE, LLC",7763 W LUDLOW DR,PEORIA,AZ,85381,10,AL7837H,ASSISTED LIVING HOME,ACTIVE
AGAVE ASSISTED LIVING HOME II,8854 W IRMA LN,PEORIA,AZ,85382,10,AL7245H,ASSISTED LIVING HOME,ACTIVE
SARAGOSA MC ASSISTED LIVING FACILITY,1691 W SARAGOSA ST,CHANDLER,AZ,85224,5,AL7280H,ASSISTED LIVING HOME,ACTIVE
TUCSON MOUNTAIN ASSISTED LIVING HOME,3429 S THUNDER CHORUS RD,TUCSON,AZ,85713,10,AL9025H,ASSISTED LIVING HOME,ACTIVE
HELPING HANDS 2,2157 W JACKALOPE PL,TUCSON,AZ,85713,5,AL8398H,ASSISTED LIVING HOME,ACTIVE
FEEL AT HOME 2 ASSISTED LIVING,3530 W SAHUARO DV,TUCSON,AZ,85742,5,AL9029H,ASSISTED LIVING HOME,ACTIVE
AZ LIFE ASSISTED LIVING HOME LLC,9574 W ALBERT LN,PEORIA,AZ,85382,10,AL9036H,ASSISTED LIVING HOME,ACTIVE
ELEGANT CARE LLC,442 E SUNBURST LN,TEMPE,AZ,85284,5,AL7889H,ASSISTED LIVING HOME,ACTIVE
GARNET OF CASA GRANDE ASSISTED LIVING COMMUNITY,510 E 8TH ST,CASA GRANDE,AZ,85122,106,AL9037C,ASSISTED LIVING CENTER,ACTIVE
THE FRONTIER HOUSE,906 E FRONTIER ST,PAYSON,AZ,85541,10,AL7910H,ASSISTED LIVING HOME,ACTIVE
COUNTRY ESTATES ASSISTED LIVING HOME,2042 N SOSSAMAN RD,MESA,AZ,85207,10,AL8436H,ASSISTED LIVING HOME,ACTIVE
"HOUSTON CREEK ASSISTED LIVING, LLC",210 S HOUSTON CREEK CIR,STAR VALLEY,AZ,85541,7,AL8468H,ASSISTED LIVING HOME,ACTIVE
CALINI'S ALOS II,10610 N 84TH ST,SCOTTSDALE,AZ,85260,10,AL9084H,ASSISTED LIVING HOME,ACTIVE
BROOKDALE APACHE JUNCTION,2080 S IRONWOOD DR,APACHE JUNCTION,AZ,85120,126,AL9102C,ASSISTED LIVING CENTER,ACTIVE
RENATA'S HOME FOR THE ELDERLY 2 INC,31392 N SUNFLOWER WAY,SAN TAN VALLEY,AZ,85143,10,AL8420H,ASSISTED LIVING HOME,ACTIVE
SUNBEAM OASIS,1692 E TULSA ST,CHANDLER,AZ,85225,5,AL8427H,ASSISTED LIVING HOME,ACTIVE
DESERT COVE ASSISTED LIVING,10405 E DESERT COVE AVE,SCOTTSDALE,AZ,85259,10,AL9112H,ASSISTED LIVING HOME,ACTIVE
CACTUS-STAR ASSISTED LIVING LLC,2929 E CACTUS RD,PHOENIX,AZ,85032,10,AL9123H,ASSISTED LIVING HOME,ACTIVE
LAKEVIEW ASSISTED LIVING HOME LLC,10048 E LAKEVIEW AVE,MESA,AZ,85209,6,AL9124H,ASSISTED LIVING HOME,ACTIVE
"ORDINARY LIFESTYLES, LLC III",207 E ZURICH DR,PAYSON,AZ,85541,10,AL9118H,ASSISTED LIVING HOME,ACTIVE
"GARDENIA ADULT CARE HOME, LLC",1601 S CAMINO SECO,TUCSON,AZ,85710,5,AL8512H,ASSISTED LIVING HOME,ACTIVE
DESERT JEWEL AT ORANGE TREE,5640 E SHEA BLVD,SCOTTSDALE,AZ,85254,5,AL8542H,ASSISTED LIVING HOME,ACTIVE
COUNTRY GROVE LLC,140 W UNIVERSITY DR,MESA,AZ,85201,10,AL9125H,ASSISTED LIVING HOME,ACTIVE
"AVISTA SENIOR LIVING, HISTORIC DOWNTOWN MESA",248 N MACDONALD,MESA,AZ,85201,91,AL8507C,ASSISTED LIVING CENTER,ACTIVE
"ANGEL WINGS ASSISTED LIVING, INC",86 ACR 3148,VERNON,AZ,85940,10,AL8533H,ASSISTED LIVING HOME,ACTIVE
LAS FUENTES ASSISTED LIVING,7340 E SWEETWATER AVE,SCOTTSDALE,AZ,85260,10,AL8013H,ASSISTED LIVING HOME,ACTIVE
MEDINA HOUSE CORP,7116 E MEDINA AVE,MESA,AZ,85209,10,AL8545H,ASSISTED LIVING HOME,ACTIVE
SCOTTSDALE NORTH INC A L,9883 E CORTEZ ST,SCOTTSDALE,AZ,85260,10,AL7942H,ASSISTED LIVING HOME,ACTIVE
LAS FUENTES ASSISTED LIVING II,8617 E SWEETWATER AVE,SCOTTSDALE,AZ,85260,10,AL9059H,ASSISTED LIVING HOME,ACTIVE
"MAY'S HAVEN, LLC",1432 N DESOTO ST,CHANDLER,AZ,85224,5,AL9060H,ASSISTED LIVING HOME,ACTIVE
GLASSFORD PLACE,7509 E LONG LOOK DR,PRESCOTT VALLEY,AZ,86314,47,AL9067C,ASSISTED LIVING CENTER,ACTIVE
SUN GARDEN CARE HOME,7168 W LONE CACTUS DR,GLENDALE,AZ,85308,10,AL9054H,ASSISTED LIVING HOME,ACTIVE
IOCAM ASSISTED LIVING HOME,6128 W GAMBIT TRL,PHOENIX,AZ,85083,5,AL9031H,ASSISTED LIVING HOME,ACTIVE
SUNSHINE VILLAGE,2606 E GREENWAY PKWY,PHOENIX,AZ,85032,98,AL9046C,ASSISTED LIVING CENTER,ACTIVE
ARACELI CORNIDEZ ADULT FOSTER CARE,5972 E 28TH ST,TUCSON,AZ,85711,4,AL7919F,ADULT FOSTER CARE,ACTIVE
CHEKELA TURNER'S PLACE,5222 E TUNDER CIR,PHOENIX,AZ,85044,5,AL8426H,ASSISTED LIVING HOME,ACTIVE
"DESERT DREAMS ADULT CARE HOME, LLC",2621 N BAHANA DR,TUCSON,AZ,85715,10,AL8418H,ASSISTED LIVING HOME,ACTIVE
BY YOUR SIDE ASSISTED LIVING,851 N HARRIS DR,MESA,AZ,85203,10,AL8433H,ASSISTED LIVING HOME,ACTIVE
MARIA APALATEGUI AFC,3272 W AVENIDA LUNA,TUCSON,AZ,85746,4,AL7918F,ADULT FOSTER CARE,ACTIVE
MARY HERRON FOSTER CARE HOME,8032 E PRESIDIO RD,TUCSON,AZ,85750,4,AL7928F,ADULT FOSTER CARE,ACTIVE
"VALLEY VISTA ASSISTED LIVING, LLC",5867 W DOUBLE ADOBE RD,MC NEAL,AZ,85617,6,AL9086H,ASSISTED LIVING HOME,ACTIVE
CEDAR CARE ASSISTED LIVING HOME,163 W CEDAR DR,CHANDLER,AZ,85248,5,AL8449H,ASSISTED LIVING HOME,ACTIVE
BROOKDALE CHANDLER REGIONAL,750 S PENNINGTON DR,CHANDLER,AZ,85224,96,AL9101C,ASSISTED LIVING CENTER,ACTIVE
VALLEY OASIS ADULT CARE HOME,5131 W SWEETWATER AVE,GLENDALE,AZ,85304,10,AL7868H,ASSISTED LIVING HOME,ACTIVE
"CITRUS MANOR ASSISTED LIVING, LLC",1816 E BROWN RD,MESA,AZ,85203,10,AL7878H,ASSISTED LIVING HOME,ACTIVE
ANA'S HAVEN AT CEDAR,143 W CEDAR DR,CHANDLER,AZ,85248,5,AL7882H,ASSISTED LIVING HOME,ACTIVE
GOLDEN TOUCH ONE ADULT CARE HOME AT MCQUEEN,1551 W CHILTON AVE,GILBERT,AZ,85233,5,AL9142H,ASSISTED LIVING HOME,ACTIVE
ARIZONA ELDERLY CARE ALH,7848 N 4TH PL,PHOENIX,AZ,85020,10,AL8569H,ASSISTED LIVING HOME,ACTIVE
AAA ADULT CARE HOME,5720 E 26TH ST,TUCSON,AZ,85711,10,AL7971H,ASSISTED LIVING HOME,ACTIVE
AMERICAN DREAM RETIREMENT,702 E ORANGEWOOD AVE,PHOENIX,AZ,85020,10,AL8599H,ASSISTED LIVING HOME,ACTIVE
COPPER CREEK INN MEMORY CARE COMMUNITY,2200 W FAIRVIEW ST,CHANDLER,AZ,85224,67,AL8609C,ASSISTED LIVING CENTER,ACTIVE
"FAMILY FIRST ASSISTED LIVING HOME, LLC",1500 N YAVAPAI ST,TUCSON,AZ,85745,10,AL8558H,ASSISTED LIVING HOME,ACTIVE
ASSISTED LIVING AT MOUNTAIN VISTA,12823 N 65TH PL,SCOTTSDALE,AZ,85254,10,AL8602H,ASSISTED LIVING HOME,ACTIVE
JONES FAMILY CARE HOME,412 S 30TH ST,MESA,AZ,85204,10,AL8017H,ASSISTED LIVING HOME,ACTIVE
SANCTUARY I ASSISTED LIVING,3870 W ALAMEDA RD,GLENDALE,AZ,85310,5,AL8018H,ASSISTED LIVING HOME,ACTIVE
JULIAN'S ASSISTED LIVING HOME,10304 E JAN AVE,MESA,AZ,85209,5,AL8615H,ASSISTED LIVING HOME,ACTIVE
BEEBES ASSISTED LIVING LLC,13242 N 34TH DR,PHOENIX,AZ,85029,10,AL8616H,ASSISTED LIVING HOME,ACTIVE
GRACE & MERCY ASSISTED LIVING,322 E RIMROCK DR,PHOENIX,AZ,85024,5,AL8535H,ASSISTED LIVING HOME,ACTIVE
LA BELLA VITA ASSISTED LIVING HOME,7515 E FARMDALE AVE,MESA,AZ,85208,5,AL9127H,ASSISTED LIVING HOME,ACTIVE
CARING HEARTS ASSISTED LIVING HOME,411 E 34TH ST,TUCSON,AZ,85713,8,AL9134H,ASSISTED LIVING HOME,ACTIVE
CONSTANT CARE ASSISTED LIVING OF ARCADIA,6646 E MONTEROSA ST,SCOTTSDALE,AZ,85251,5,AL9186H,ASSISTED LIVING HOME,ACTIVE
A CARING MANOR I,20338 E VIA DEL ORO,QUEEN CREEK,AZ,85142,5,AL8046H,ASSISTED LIVING HOME,ACTIVE
"LARISA SWEET HOME 1, LLC",8517 W NICOLET AVE,GLENDALE,AZ,85305,5,AL9191H,ASSISTED LIVING HOME,ACTIVE
"SAGUARO RANCH LUXURY ASSISTED LIVING, LLC",12301 N CAMINO DEL PLATA,TUCSON,AZ,85755,10,AL9180H,ASSISTED LIVING HOME,ACTIVE
"BEST CARE HOME OF MOON VALLEY, LLC",44 W MOON VALLEY DR,PHOENIX,AZ,85023,10,AL7893H,ASSISTED LIVING HOME,ACTIVE
JOCELYN TURNER ADULT FOSTER CARE HOME,9249 E BENT CREEK WAY,TUCSON,AZ,85747,4,AL7930F,ADULT FOSTER CARE,ACTIVE
ROSARIAN ASSISTED LIVING,6309 W MESCAL ST,GLENDALE,AZ,85304,5,AL8502H,ASSISTED LIVING HOME,ACTIVE
SCOTTSDALE FOOTHILLS ASSISTED LIVING,10474 E CORRINE DR,SCOTTSDALE,AZ,85259,10,AL8506H,ASSISTED LIVING HOME,ACTIVE
"LOVE AND CARE ASSISTED LIVING, LLC",18530 W PORT AU PRINCE LN,SURPRISE,AZ,85388,10,AL8526H,ASSISTED LIVING HOME,ACTIVE
CONSTANT CARE ASSISTED LIVING,830 W AMELIA AVE,PHOENIX,AZ,85013,5,AL8490H,ASSISTED LIVING HOME,ACTIVE
"ARROWHEAD SYMPHONY ASSISTED LIVING HOME, LLC",6121 W FOOTHILL DR,GLENDALE,AZ,85310,10,AL9104H,ASSISTED LIVING HOME,ACTIVE
CARE HAVEN TREJO LLC,1625 S SAN JOAQUIN AVE,TUCSON,AZ,85713,10,AL8467H,ASSISTED LIVING HOME,ACTIVE
"HOME CARE AT MARLEY PARK, INC",13024 N 154TH LN,SURPRISE,AZ,85379,10,AL9128H,ASSISTED LIVING HOME,ACTIVE
"DESERT RANCH ASSISTED LIVING HOME, LLC",11055 E GROVE ST,MESA,AZ,85208,10,AL8531H,ASSISTED LIVING HOME,ACTIVE
LIVING LEGACY SENIOR CARE EAST,8241 E QUARTERLINE RD,MESA,AZ,85207,10,AL9132H,ASSISTED LIVING HOME,ACTIVE
CREATIVE CARE ASSISTED LIVING,9635 W CIELO GRANDE,PEORIA,AZ,85383,5,AL9212H,ASSISTED LIVING HOME,ACTIVE
GOLDEN GENERATION / TIMES ADULT CARE HOME,13393 W RIMROCK ST,SURPRISE,AZ,85374,10,AL9173H,ASSISTED LIVING HOME,ACTIVE
ROSE COURT SENIOR LIVING,2935 N 18TH PL,PHOENIX,AZ,85016,92,AL8634C,ASSISTED LIVING CENTER,ACTIVE
"CARE HAVEN #1 TREJO, LLC",4445 S 15TH AVE,TUCSON,AZ,85714,10,AL8620H,ASSISTED LIVING HOME,ACTIVE
MAMA CARE ASSISTED LIVING,10427 E IDAHO CIR,MESA,AZ,85209,5,AL9252H,ASSISTED LIVING HOME,ACTIVE
COUNTRY CLUB ASSISTED LIVING CARE HOME,41607 N CLUB POINTE DR,ANTHEM,AZ,85086,5,AL9217H,ASSISTED LIVING HOME,ACTIVE
REANNA'S ASSISTED LIVING HOME,8433 N 59TH AVE,GLENDALE,AZ,85302,10,AL9230H,ASSISTED LIVING HOME,ACTIVE
ASSISTED LIVING AT THE PHOENICIAN,5915 E SAINT JOHN RD,SCOTTSDALE,AZ,85254,10,AL8649H,ASSISTED LIVING HOME,ACTIVE
TEMPE TBI HOME CARE LLC,507 E WESTCHESTER DR,TEMPE,AZ,85283,5,AL8653H,ASSISTED LIVING HOME,ACTIVE
SUNRISE CARE HOMES-HAYDEN,13452 N HAYDEN RD,SCOTTSDALE,AZ,85260,10,AL9203H,ASSISTED LIVING HOME,ACTIVE
ADVANTAGE ADULT HEALTHCARE LLC,12415 N 149TH DR,SURPRISE,AZ,85379,7,AL9209H,ASSISTED LIVING HOME,ACTIVE
MARAVILLA SCOTTSDALE,7375 E PRINCESS BLVD,SCOTTSDALE,AZ,85255,84,AL8636C,ASSISTED LIVING CENTER,ACTIVE
PROJECT AVISTA SENIOR LIVING NORTH MOUNTAIN,350 E EVA ST,PHOENIX,AZ,85020,149,AL8638C,ASSISTED LIVING CENTER,ACTIVE
GOLDEN TIMES ASSISTED LIVING HOME,6857 N 12TH WAY,PHOENIX,AZ,85014,10,AL9243H,ASSISTED LIVING HOME,ACTIVE
GARDEN VILLAGE ASSISTED LIVING V,2125 E COUNTY DOWN DR,CHANDLER,AZ,85249,5,AL9249H,ASSISTED LIVING HOME,ACTIVE
AGAPE CARE HOME OF SCOTTSDALE,5920 E LUDLOW DR,SCOTTSDALE,AZ,85254,10,AL9234H,ASSISTED LIVING HOME,ACTIVE
"CAREFREE MANOR ASSISTED LIVING, LLC",7886 E BREATHLESS DR,CAREFREE,AZ,85377,10,AL9257H,ASSISTED LIVING HOME,ACTIVE
GREEN GABLES HOME CARE,6417 E BAYLOR DR,TUCSON,AZ,85710,10,AL8661H,ASSISTED LIVING HOME,ACTIVE
"NEXT GENESIS II, THE",3638 W TONTO LN,GLENDALE,AZ,85308,5,AL9271H,ASSISTED LIVING HOME,ACTIVE
"VILLAS AT ACADEMY VILLAGE, THE",13775 E LANGTRY LN,TUCSON,AZ,85747,34,AL8020C,ASSISTED LIVING CENTER,ACTIVE
"SUNNYHILL ADULT CARE HOME INC, II",7311 E SUNNYSIDE DR,SCOTTSDALE,AZ,85260,10,AL8023H,ASSISTED LIVING HOME,ACTIVE
GOLDEN AUTUMN ADULT CARE HOME LLC,13420 W PARADISE LN,SURPRISE,AZ,85374,10,AL8016H,ASSISTED LIVING HOME,ACTIVE
"ARIZONA ROYAL CARE HOME, LLC",9823 E JENAN DR,SCOTTSDALE,AZ,85260,10,AL8593H,ASSISTED LIVING HOME,ACTIVE
"TBI CARE, INC",6016 S 22ND DR,PHOENIX,AZ,85041,6,AL8608H,ASSISTED LIVING HOME,ACTIVE
LEGACY ASSISTED LIVING HOME,13464 W COTTONWOOD ST,SURPRISE,AZ,85374,7,AL8603H,ASSISTED LIVING HOME,ACTIVE
TRUVAL ASSISTED LIVING HOME,4445 N PONTATOC RD,TUCSON,AZ,85718,10,AL9174H,ASSISTED LIVING HOME,ACTIVE
AMAZING CARE HOME,14449 W BOCA RATON RD,SURPRISE,AZ,85379,10,AL8553H,ASSISTED LIVING HOME,ACTIVE
A TENDER TOUCH ASSISTED LIVING HOME II,2827 E THUNDERBIRD RD,PHOENIX,AZ,85032,10,AL8053H,ASSISTED LIVING HOME,ACTIVE
AGAVE MANOR,5937 E CACTUS RD,SCOTTSDALE,AZ,85254,10,AL8066H,ASSISTED LIVING HOME,ACTIVE
LEISURE LIVING,507 N NANTUCKET CT,CHANDLER,AZ,85225,8,AL9202H,ASSISTED LIVING HOME,ACTIVE
SUN HEALTH LA LOMA ASSISTED LIVING,14260 W DENNY BLVD,LITCHFIELD PARK,AZ,85340,27,AL9281C,ASSISTED LIVING CENTER,ACTIVE
GOLDEN YEARS ASSISTED LIVING,5934 W VILLA THERESA DR,GLENDALE,AZ,85308,5,AL8676H,ASSISTED LIVING HOME,ACTIVE
EVERLASTING SERVICES AT AHWATUKEE,9859 S 46TH ST,PHOENIX,AZ,85044,10,AL8707H,ASSISTED LIVING HOME,ACTIVE
COTTAGES AT PEORIA,9045 W ATHENS ST,PEORIA,AZ,85382,98,AL9322C,ASSISTED LIVING CENTER,ACTIVE
"DEVON GABLES REHABILITATION CENTER, LLC",6150 E GRANT RD,TUCSON,AZ,85712,25,AL8724C,ASSISTED LIVING CENTER,ACTIVE
"BRADFORD HOME, LLC, THE",710 N MANN AVE,TUCSON,AZ,85710,10,AL8713H,ASSISTED LIVING HOME,ACTIVE
PARKVIEW ASSISTED LIVING LLC,18208 N 145TH AVE,SURPRISE,AZ,85374,10,AL8106H,ASSISTED LIVING HOME,ACTIVE
"VIA ELEGANTE, MEDITERRANEAN",5644 N VIA LATIGO,TUCSON,AZ,85704,10,AL8126H,ASSISTED LIVING HOME,ACTIVE
"PINES, THE",6005 E ABINEAU CANYON DR,FLAGSTAFF,AZ,86004,8,AL8133H,ASSISTED LIVING HOME,ACTIVE
ELSA'S ADULT CARE HOME II,6313 E CALLE DE SAN ALBERTO,TUCSON,AZ,85710,10,AL8572H,ASSISTED LIVING HOME,ACTIVE
GLYNNIS PLACE,4216 N 100TH AVE,PHOENIX,AZ,85037,6,AL8592H,ASSISTED LIVING HOME,ACTIVE
"D'ARCY MANOR ASSISTED LIVING HOME, LLC",3191 W GENOA WAY,CHANDLER,AZ,85226,5,AL9182H,ASSISTED LIVING HOME,ACTIVE
"COMFORT ASSISTED LIVING HOME, LLC",9003 W CHARLESTON AVE,PEORIA,AZ,85382,10,AL9193H,ASSISTED LIVING HOME,ACTIVE
WINDSONG CARE ASSISTED LIVING,1129 S 24TH ST,MESA,AZ,85204,10,AL9242H,ASSISTED LIVING HOME,ACTIVE
"ALL VALLEY ASSISTED LIVING HOME, LLC",10305 W EDGEMONT DR,AVONDALE,AZ,85392,6,AL9201H,ASSISTED LIVING HOME,ACTIVE
EMERALD GROVES NORTH,2920 N VAL VISTA DR,MESA,AZ,85213,10,AL8669H,ASSISTED LIVING HOME,ACTIVE
ARIZONA COMFORT CARE,17917 W PORT AU PRINCE LN,SURPRISE,AZ,85388,6,AL8632H,ASSISTED LIVING HOME,ACTIVE
BILTMORE ASSISTED LIVING LLC,5100 N 24TH ST,PHOENIX,AZ,85016,10,AL8666H,ASSISTED LIVING HOME,ACTIVE
ORDINARY LIFESTYLES IV,205 W BONITA ST,PAYSON,AZ,85541,8,AL9273H,ASSISTED LIVING HOME,ACTIVE
MARIE'S BOARD AND CARE II,16211 N 40TH ST,PHOENIX,AZ,85032,8,AL9283H,ASSISTED LIVING HOME,ACTIVE
BEST ASSISTED LIVING OF SURPRISE,13846 W CROCUS DR,SURPRISE,AZ,85379,8,AL9366H,ASSISTED LIVING HOME,ACTIVE
HEAVEN CAN WAIT,4205 W SIOUX ST,LAVEEN,AZ,85339,10,AL9371H,ASSISTED LIVING HOME,ACTIVE
BEEHIVE HOMES OF THE GILA VALLEY,3150 W MAIN ST,THATCHER,AZ,85552,16,AL9332C,ASSISTED LIVING CENTER,ACTIVE
SEDONA GARDEN ASSISTED LIVING,5931 N JAYNES CIR,TUCSON,AZ,85741,10,AL9359H,ASSISTED LIVING HOME,ACTIVE
LEISURE LIVING COTTAGES IN MESA,3530 E PUEBLO AVE,MESA,AZ,85204,6,AL9390H,ASSISTED LIVING HOME,ACTIVE
VILLA HERMOSA,6300 E SPEEDWAY BLVD,TUCSON,AZ,85710,135,AL9380C,ASSISTED LIVING CENTER,ACTIVE
"ANGEL'S ADULT GROUP HOME, LLC",15462 S 47TH PL,PHOENIX,AZ,85044,5,AL9400H,ASSISTED LIVING HOME,ACTIVE
SUN QUEST MANOR,10419 N 57TH ST,PARADISE VALLEY,AZ,85253,10,AL8744H,ASSISTED LIVING HOME,ACTIVE
SUNRISE ASSISTED LIVING HOME II,16038 W EVANS DR,SURPRISE,AZ,85379,7,AL8749H,ASSISTED LIVING HOME,ACTIVE
AMBER LIGHTS,6231 N MONTEBELLA RD,TUCSON,AZ,85704,120,AL9378C,ASSISTED LIVING CENTER,ACTIVE
"GOLDEN SPRINGS SENIOR LIVING, LLC",13535 W REDFIELD RD,SURPRISE,AZ,85379,9,AL9389H,ASSISTED LIVING HOME,ACTIVE
ACACIA COVE ASSISTED LIVING,5964 W BLUEFIELD AVE,GLENDALE,AZ,85308,5,AL8768H,ASSISTED LIVING HOME,ACTIVE
"VIA ELEGANTE, GALLERIA",5643 N VIA LATIGO,TUCSON,AZ,85704,10,AL8128H,ASSISTED LIVING HOME,ACTIVE
GOOD HANDS ADULT HOME CARE LLC,3618 W WAGONER RD,GLENDALE,AZ,85308,5,AL8674H,ASSISTED LIVING HOME,ACTIVE
SURPRISE FARMS ASSISTED LIVING LLC,18260 W BECK LN,SURPRISE,AZ,85388,10,AL9299H,ASSISTED LIVING HOME,ACTIVE
COMFORT LIVING HOME CARE,3304 N LOS ALTOS DR,CHANDLER,AZ,85224,5,AL9310H,ASSISTED LIVING HOME,ACTIVE
GUARDIAN CARE ASSISTED LIVING,9071 N 97TH DR,PEORIA,AZ,85345,5,AL9315H,ASSISTED LIVING HOME,ACTIVE
"ROYAL CARIBBEAN ASSISTED LIVING HOME, LLC",15844 W CARIBBEAN LN,SURPRISE,AZ,85379,7,AL9259H,ASSISTED LIVING HOME,ACTIVE
HORIZON ASSISTED LIVING HOME LLC,19728 N 79TH AVE,GLENDALE,AZ,85308,10,AL8104H,ASSISTED LIVING HOME,ACTIVE
OLIMPIA'S HOME CARE LLC,2517 W BARBIE LN,PHOENIX,AZ,85085,10,AL9353H,ASSISTED LIVING HOME,ACTIVE
ASSISTED LIVING OF SCOTTSDALE II,5431 E SHEA BLVD,SCOTTSDALE,AZ,85254,5,AL8727H,ASSISTED LIVING HOME,ACTIVE
"VILLAGE AT OCOTILLO, THE",990 W OCOTILLO RD,CHANDLER,AZ,85248,152,AL9368C,ASSISTED LIVING CENTER,ACTIVE
"VIA ELEGANTE, VINEYARD",5651 N VIA LATIGO,TUCSON,AZ,85704,10,AL8129H,ASSISTED LIVING HOME,ACTIVE
CHANDLER SENIOR ASSISTED LIVING HOME LLC,3374 W CONSTITUTION DR,CHANDLER,AZ,85226,4,AL9361H,ASSISTED LIVING HOME,ACTIVE
VIP PARADISE CARE LLC,12650 E COCHISE DR,SCOTTSDALE,AZ,85259,10,AL8166H,ASSISTED LIVING HOME,ACTIVE
LITCHFIELD JOY SENIOR LIVING LLC,13576 W BANFF LN,SURPRISE,AZ,85379,10,AL8182H,ASSISTED LIVING HOME,ACTIVE
"A & M ASSISTED LIVING OF SCOTTSDALE, LLC",7512 E LARKSPUR DR,SCOTTSDALE,AZ,85260,9,AL8220H,ASSISTED LIVING HOME,ACTIVE
MORNING GLORY ADULT CARE HOME 1,6725 N AMAHL DR,TUCSON,AZ,85704,10,AL9455H,ASSISTED LIVING HOME,ACTIVE
DESERT OASIS AT COUNTRYSIDE ESTATES ASSISTED LIVIN,2221 E HORSESHOE PL,CHANDLER,AZ,85249,5,AL8188H,ASSISTED LIVING HOME,ACTIVE
"ABOUT SENIORS ASSISTED LIVING HOME, LLC",17343 W BAJADA DR,SURPRISE,AZ,85387,8,AL9458H,ASSISTED LIVING HOME,ACTIVE
CARING HEARTS ASSISTED CARE HOME,4029 E PERSHING AVE,PHOENIX,AZ,85032,4,AL9459F,ADULT FOSTER CARE,ACTIVE
JOLLEY FAMILY ASSISTED LIVING LLC,20106 W BROADWAY RD,BUCKEYE,AZ,85326,10,AL8229H,ASSISTED LIVING HOME,ACTIVE
FAMILY LOVING KARE FOOTHILLS,4505 N FLECHA DR,TUCSON,AZ,85718,4,AL9399F,ADULT FOSTER CARE,ACTIVE
VENTANA WINDS LLC,12322 N 113TH AVE,YOUNGTOWN,AZ,85363,140,AL8153C,ASSISTED LIVING CENTER,ACTIVE
BRIGHTEST LIGHT SENIOR LIVING,5415 W SAINT JOHN RD,GLENDALE,AZ,85308,5,AL8171H,ASSISTED LIVING HOME,ACTIVE
"STARFISH CARE HOMES, LLC",9251 E OLD SPANISH TRL,TUCSON,AZ,85710,10,AL9461H,ASSISTED LIVING HOME,ACTIVE
BEST HOME CARE OF SURPRISE LLC,14405 N 151ST DR,SURPRISE,AZ,85379,10,AL9465H,ASSISTED LIVING HOME,ACTIVE
"CENTRAL SCOTTSDALE ASSISTED LIVING, LLC",10571 N 96TH PL,SCOTTSDALE,AZ,85258,10,AL9467H,ASSISTED LIVING HOME,ACTIVE
"DESERT SPRINGS ASSISTED LIVING, LLC",474 W REMINGTON DR,CHANDLER,AZ,85286,5,AL9470H,ASSISTED LIVING HOME,ACTIVE
ASHTON GARDENS ASSISTED LIVING LLC,4525 E DECATUR ST,MESA,AZ,85205,10,AL8284H,ASSISTED LIVING HOME,ACTIVE
"VIA ELEGANTE, SIERRA VISTA CANYONS",4120 E RAMSEY RD,HEREFORD,AZ,85615,61,AL9480C,ASSISTED LIVING CENTER,ACTIVE
LA SIENA,909 E NORTHERN AVE,PHOENIX,AZ,85020,111,AL9370C,ASSISTED LIVING CENTER,ACTIVE
FOOTHILLS ADULT CARE HOME,12447 S SANDRA AVE,YUMA,AZ,85367,10,AL9319H,ASSISTED LIVING HOME,ACTIVE
"LAS PALMAS ASSISTED LIVING 2, LLC",9443 E 3RD ST,TUCSON,AZ,85710,10,AL9341H,ASSISTED LIVING HOME,ACTIVE
FAMILY MATTERS CARE,7138 W SADDLEHORN RD,PEORIA,AZ,85383,8,AL9331H,ASSISTED LIVING HOME,ACTIVE
MOTHERDEAR'S PLACE I,2711 E VALENCIA DR,PHOENIX,AZ,85042,5,AL9374H,ASSISTED LIVING HOME,ACTIVE
PINE MEADOWS RANCH,7885 EASY ST,FLAGSTAFF,AZ,86004,10,AL8132H,ASSISTED LIVING HOME,ACTIVE
REGENCY ADULT HOME CARE LLC,901 W PORT ROYALE LN,PHOENIX,AZ,85023,10,AL8742H,ASSISTED LIVING HOME,ACTIVE
"HOME OF HELPING HANDS ASSISTED LIVING, LLC",4429 N 156TH DR,GOODYEAR,AZ,85395,10,AL9348H,ASSISTED LIVING HOME,ACTIVE
"BLUE SKY MANOR, INC",1510 W 5TH PL,MESA,AZ,85201,10,AL9352H,ASSISTED LIVING HOME,ACTIVE
PARK SENIOR VILLAS AT GOODYEAR,4211 N PEBBLE CREEK PKWY,GOODYEAR,AZ,85395,10,AL9373H,ASSISTED LIVING HOME,ACTIVE
SUNRISE AT RIVER ROAD,4975 N 1ST AVE,TUCSON,AZ,85718,110,AL8741C,ASSISTED LIVING CENTER,ACTIVE
AMBIANCE AL,2101 E EVERETT DR,PHOENIX,AZ,85022,10,AL9406H,ASSISTED LIVING HOME,ACTIVE
SUNRISE OF CHANDLER,5757 W CHANDLER BLVD,CHANDLER,AZ,85226,100,AL8754C,ASSISTED LIVING CENTER,ACTIVE
VALLEY VISTA HOME CARE,15848 N 9TH AVE,PHOENIX,AZ,85023,10,AL9397H,ASSISTED LIVING HOME,ACTIVE
COZY HOME CARE LLC,18508 W POST DR,SURPRISE,AZ,85388,9,AL8762H,ASSISTED LIVING HOME,ACTIVE
YOUNG LIFE ASSISTED LIVING 4,2411 W RANCHO DR,PHOENIX,AZ,85015,10,AL9350H,ASSISTED LIVING HOME,ACTIVE
"ALMA'S HOME CARE ASSISTED LIVING, LLC",4322 E 6TH ST,TUCSON,AZ,85711,10,AL8272H,ASSISTED LIVING HOME,ACTIVE
EVERGREEN VILLAGE PRESCOTT,211 BRADSHAW DR,PRESCOTT,AZ,86303,122,AL9484C,ASSISTED LIVING CENTER,ACTIVE
TOUCH OF LOVE ASSISTED LIVING,11335 E PRONGHORN AVE,MESA,AZ,85212,10,AL8218H,ASSISTED LIVING HOME,ACTIVE
"VI AT SILVERSTONE, A VI & PLAZA COMPANIES COMMUNIT",22605 N 74TH ST,SCOTTSDALE,AZ,85255,40,AL8222C,ASSISTED LIVING CENTER,ACTIVE
PAGE SPRINGS LIVING,11425 E HARMONY LN,CORNVILLE,AZ,86325,10,AL8262H,ASSISTED LIVING HOME,ACTIVE
SHERWOOD VILLAGE ASSISTED LIVING AND MEMORY CARE,102 S SHERWOOD VILLAGE DR,TUCSON,AZ,85710,160,AL9495C,ASSISTED LIVING CENTER,ACTIVE
BLUE HORIZONS ASSISTED LIVING HOME LLC,16942 W BRISTOL LN,SURPRISE,AZ,85374,6,AL9511H,ASSISTED LIVING HOME,ACTIVE
CAVEO ASSISTED LIVING,8160 E MCDOWELL RD,MESA,AZ,85207,10,AL8799H,ASSISTED LIVING HOME,ACTIVE
LOS ALAMOS ASSISTED LIVING HOME,2671 E EDAIS ST,SAN LUIS,AZ,85336,10,AL8283H,ASSISTED LIVING HOME,ACTIVE
CHRISTIAN CARE ASSISTED LIVING-COTTONWOOD,859 S 12TH ST,COTTONWOOD,AZ,86326,21,AL9494C,ASSISTED LIVING CENTER,ACTIVE
HERITAGE AT CAREFREE SENIOR LIVING,36590 N PIMA RD # 3481,CAREFREE,AZ,85377,104,AL9505C,ASSISTED LIVING CENTER,ACTIVE
WEST LANE HOME,3137 W LANE AVE,PHOENIX,AZ,85051,5,AL9510H,ASSISTED LIVING HOME,ACTIVE
SILVER SPRINGS,500 W CAMINO ENCANTO,GREEN VALLEY,AZ,85614,107,AL9379C,ASSISTED LIVING CENTER,ACTIVE
"BEEHIVE HOMES OF PAGE, ELK RD",95 ELK RD,PAGE,AZ,86040,16,AL8174C,ASSISTED LIVING CENTER,ACTIVE
DESERT RIDGE MANOR TBI & BEHAVIORAL CARE LLC,14027 N 44TH PL,PHOENIX,AZ,85032,8,AL9430H,ASSISTED LIVING HOME,ACTIVE
ACACIA HEALTH CENTER,4555 E MAYO BLVD,PHOENIX,AZ,85050,88,AL8176C,ASSISTED LIVING CENTER,ACTIVE
"BELLA VISTA ASSISTED LIVING HOME, LLC",7244 E FAIRVIEW AVE,MESA,AZ,85208,5,AL8189H,ASSISTED LIVING HOME,ACTIVE
"YOUNG FAMILY CARE HOMES AND INVESTMENTS, LLC",19331 E VIA DE PALMAS,QUEEN CREEK,AZ,85142,5,AL8195H,ASSISTED LIVING HOME,ACTIVE
REJOICE ASSISTED LIVING HOME #2,6035 N 79TH DR,GLENDALE,AZ,85303,10,AL8152H,ASSISTED LIVING HOME,ACTIVE
DESERT HAVEN ADULT CARE HOME LLC,8811 E HOLMES ST,TUCSON,AZ,85710,10,AL9457H,ASSISTED LIVING HOME,ACTIVE
"FLETCHER FARMS ASSISTED LIVING, LLC",7753 W LONE CACTUS DR,PEORIA,AZ,85382,10,AL8173H,ASSISTED LIVING HOME,ACTIVE
MESA ADULT CARE HOME II,317 E LELAND ST,MESA,AZ,85201,5,AL8194H,ASSISTED LIVING HOME,ACTIVE
SHEA ESTATES ASSISTED LIVING,6101 E VOLTAIRE AVE,SCOTTSDALE,AZ,85254,5,AL9420H,ASSISTED LIVING HOME,ACTIVE
KING ASSISTED LIVING,3424 E MONTE CRISTO AVE,PHOENIX,AZ,85032,8,AL9443H,ASSISTED LIVING HOME,ACTIVE
"VILLAS AT KING ROAD, THE, VILLA A",215 W KING RD,TUCSON,AZ,85705,10,AL8252H,ASSISTED LIVING HOME,ACTIVE
PARK SENIOR VILLAS AT GOODYEAR,4211 N PEBBLE CREEK PKWY,GOODYEAR,AZ,85395,10,AL9466H,ASSISTED LIVING HOME,ACTIVE
NORTH VALLEY ASSISTED LIVING LLC,2410 W DESPERADO WAY,PHOENIX,AZ,85085,10,AL9476H,ASSISTED LIVING HOME,ACTIVE
"SERENADE ASSISTED LIVING, LLC",25403 S 154TH ST,GILBERT,AZ,85298,10,AL8296H,ASSISTED LIVING HOME,ACTIVE
"BILTMORE CARE HOME, LLC",3532 E CAMELBACK RD,PHOENIX,AZ,85018,10,AL8303H,ASSISTED LIVING HOME,ACTIVE
RAINTREE ASSISTED LIVING LLC,9043 E HILLERY DR,SCOTTSDALE,AZ,85260,8,AL8821H,ASSISTED LIVING HOME,ACTIVE
"PROVENCIO HOPE ASSISTED LIVING, LLC",6072 E 28TH ST,TUCSON,AZ,85711,10,AL9520H,ASSISTED LIVING HOME,ACTIVE
"AZ TENDER LOVING CARE HOME, LLC",13217 W RIMROCK ST,SURPRISE,AZ,85374,10,AL9529H,ASSISTED LIVING HOME,ACTIVE
GRACE MANOR,1330 E IVANHOE ST,CHANDLER,AZ,85225,5,AL8826H,ASSISTED LIVING HOME,ACTIVE
SARAH'S PLACE AT GLENCROFT,6670 W BUTLER DR,GLENDALE,AZ,85302,48,AL8862C,ASSISTED LIVING CENTER,ACTIVE
"CASA DE SONSHINE ASSISTED LIVING, LLC",18292 S CAMINO DE PAEZ,GREEN VALLEY,AZ,85614,10,AL9562H,ASSISTED LIVING HOME,ACTIVE
"EBENEZER SENIOR CARE, INC.",11240 E SHADY LN,TUCSON,AZ,85749,10,AL8846H,ASSISTED LIVING HOME,ACTIVE
DREAM STREET CARE LLC,37412 N DREAM ST,CAREFREE,AZ,85377,10,AL9560H,ASSISTED LIVING HOME,ACTIVE
"GARDENS OF SCOTTSDALE, THE",6001 E THOMAS RD,SCOTTSDALE,AZ,85251,86,AL8808C,ASSISTED LIVING CENTER,ACTIVE
"GARDENS OF SUN CITY, THE",17225 N BOSWELL BLVD,SUN CITY,AZ,85373,83,AL8809C,ASSISTED LIVING CENTER,ACTIVE
TBI ASSISTED LIVING,2721 W ROVEY AVE,PHOENIX,AZ,85017,10,AL8810H,ASSISTED LIVING HOME,ACTIVE
"ANDERSEN SPRINGS CARE HOME, LLC",1764 W SAN TAN ST,CHANDLER,AZ,85224,5,AL8820H,ASSISTED LIVING HOME,ACTIVE
HERITAGE MANOR ASSISTED LIVING LLC,1271 N KINGSTON ST,GILBERT,AZ,85233,10,AL9573H,ASSISTED LIVING HOME,ACTIVE
TENDER CARE II,751 N CREST DR,TUCSON,AZ,85716,10,AL8876H,ASSISTED LIVING HOME,ACTIVE
LAS FUENTES ASSISTED LIVING IV,7247 E TAILFEATHER DR,SCOTTSDALE,AZ,85255,10,AL9593H,ASSISTED LIVING HOME,ACTIVE
LARISA SWEET HOME 2 LLC,8402 W BELMONT AVE,GLENDALE,AZ,85305,10,AL8878H,ASSISTED LIVING HOME,ACTIVE
"VENEZIA PLACE, LLC",7141 N VIA VENEZIA,TUCSON,AZ,85704,10,AL8309H,ASSISTED LIVING HOME,ACTIVE
PARK SENIOR VILLAS AT GOODYEAR,4211 N PEBBLE CREEK PKWY,GOODYEAR,AZ,85395,10,AL9477H,ASSISTED LIVING HOME,ACTIVE
FAUBUSH FAMILY HOMES,7760 S SIX SHOOTER CANYON RD,GLOBE,AZ,85501,10,AL8314H,ASSISTED LIVING HOME,ACTIVE
CANYON VALLEY MEMORY CARE RESIDENCE,2985 S CAMINO DEL SOL,GREEN VALLEY,AZ,85622,64,AL8226C,ASSISTED LIVING CENTER,ACTIVE
MOUNTAIN VISTA MANOR CORP,1246 N 86TH PL,MESA,AZ,85207,10,AL8240H,ASSISTED LIVING HOME,ACTIVE
LAS PALMAS ASSISTED LIVING HOME LLC,5332 N FLINT AVE,TUCSON,AZ,85704,10,AL8767H,ASSISTED LIVING HOME,ACTIVE
CATALINA SPRINGS MEMORY CARE,9685 N ORACLE RD,ORO VALLEY,AZ,85704,56,AL9499C,ASSISTED LIVING CENTER,ACTIVE
VIP ASSISTED LIVING LLC,15441 W BECKER LN,SURPRISE,AZ,85379,10,AL9501H,ASSISTED LIVING HOME,ACTIVE
FOUNTAIN HILLS ASSISTED LIVING LLC,5962 E SENECA ST,TUCSON,AZ,85712,10,AL8796H,ASSISTED LIVING HOME,ACTIVE
PARK SENIOR VILLAS AT GOODYEAR,4211 N PEBBLE CREEK PKWY,GOODYEAR,AZ,85395,10,AL9512H,ASSISTED LIVING HOME,ACTIVE
ATRIA PARK OF SIERRA POINTE,14500 N FRANK LLOYD WRIGHT BLVD,SCOTTSDALE,AZ,85260,250,AL9474C,ASSISTED LIVING CENTER,ACTIVE
PALOS VERDES SENIOR LIVING,18441 N 87TH AVE,PEORIA,AZ,85382,80,AL8268C,ASSISTED LIVING CENTER,ACTIVE
SAPPHIRE ELITE CARE HOME LLC,4350 E MOUNTAIN VISTA DR,PHOENIX,AZ,85048,5,AL9489H,ASSISTED LIVING HOME,ACTIVE
CORRINE ASSISTED LIVING,2501 W CORRINE DR,PHOENIX,AZ,85029,10,AL9491H,ASSISTED LIVING HOME,ACTIVE
ABRACADABRA ASSISTED LIVING #2,3501 W WOOD DR,PHOENIX,AZ,85029,9,AL8771H,ASSISTED LIVING HOME,ACTIVE
"STARFISH CARE HOMES, LLC",6611 E RIVER HILLS PL,TUCSON,AZ,85750,10,AL8789H,ASSISTED LIVING HOME,ACTIVE
SILVER CREEK INN MEMORY CARE COMMUNITY,6345 E BASELINE RD,MESA,AZ,85206,67,AL8814C,ASSISTED LIVING CENTER,ACTIVE
ARCADIA ASSISTED CARE,4912 N 45TH PL,PHOENIX,AZ,85018,10,AL8891H,ASSISTED LIVING HOME,ACTIVE
ANTHEM SENIOR LIVING,40401 N COPPER BASIN TRL,ANTHEM,AZ,85086,10,AL9597H,ASSISTED LIVING HOME,ACTIVE
MIMOSA SPRINGS,8435 E MCDOWELL RD,SCOTTSDALE,AZ,85257,42,AL8850C,ASSISTED LIVING CENTER,ACTIVE
TRANQUILITY ASSISTED LIVING HOME,4526 N 82ND ST,SCOTTSDALE,AZ,85251,10,AL9643H,ASSISTED LIVING HOME,ACTIVE
KINDRED HOMES YUMA LLC,2686 E COUNTY 15 1/2 ST,YUMA,AZ,85365,10,AL9659H,ASSISTED LIVING HOME,ACTIVE
ALL STARS ASSISTED LIVING,16477 W YUCATAN DR,SURPRISE,AZ,85388,8,AL9666H,ASSISTED LIVING HOME,ACTIVE
A SPECIAL PLACE CARE HOME,4240 W 21ST LN,YUMA,AZ,85364,7,AL9542H,ASSISTED LIVING HOME,ACTIVE
VICTORY HOMES I,4501 E ACOMA DR,PHOENIX,AZ,85032,5,AL8844H,ASSISTED LIVING HOME,ACTIVE
ESTHER ADULT CARE HOME,2001 E 14TH ST,DOUGLAS,AZ,85607,10,AL9536H,ASSISTED LIVING HOME,ACTIVE
AMBER ASSISTED LIVING HOME,1438 E HATCHER RD,PHOENIX,AZ,85020,5,AL8860H,ASSISTED LIVING HOME,ACTIVE
MESA ELDER CARE INC,1556 N 46TH ST,MESA,AZ,85205,10,AL9565H,ASSISTED LIVING HOME,ACTIVE
ARIZONA ADULT CARE HOME,15268 W BOCA RATON RD,SURPRISE,AZ,85379,10,AL9568H,ASSISTED LIVING HOME,ACTIVE
CONSTANT CARE ASSISTED LIVING NORTH CENTRAL,5247 N 6TH ST,PHOENIX,AZ,85012,5,AL9519H,ASSISTED LIVING HOME,ACTIVE
LOYALE ASSISTED LIVING,5971 W LONE CACTUS DR,GLENDALE,AZ,85308,8,AL8807H,ASSISTED LIVING HOME,ACTIVE
GRACE HILL RANCH LLC,37509 N 16TH ST,PHOENIX,AZ,85086,10,AL8827H,ASSISTED LIVING HOME,ACTIVE
"A-Z ASSISTED LIVING HOMES, INC",2556 E LOWELL CT,GILBERT,AZ,85295,10,AL9543H,ASSISTED LIVING HOME,ACTIVE
CAISSA ASSISTED LIVING HOME INC,2567 E DONATO DR,GILBERT,AZ,85298,10,AL8849H,ASSISTED LIVING HOME,ACTIVE
COMFORT CARE ROSE ARBOR HOUSE,3440 S GILLENWATER DR,FLAGSTAFF,AZ,86005,8,AL8884H,ASSISTED LIVING HOME,ACTIVE
ELITE ASSISTED LIVING HOME LLC,15755 W SHANGRI LA RD,SURPRISE,AZ,85379,10,AL9594H,ASSISTED LIVING HOME,ACTIVE
ARCADIA ASSISTED CARE VILLA,4132 E CAMELBACK RD,PHOENIX,AZ,85018,10,AL8889H,ASSISTED LIVING HOME,ACTIVE
GARDENS AT OCOTILLO SENIOR LIVING,1601 W QUEEN CREEK RD,CHANDLER,AZ,85248,90,AL9681C,ASSISTED LIVING CENTER,ACTIVE
"SUMMIT AT SUNLAND SPRINGS, THE",2415 S SIGNAL BUTTE RD,MESA,AZ,85209,176,AL8944C,ASSISTED LIVING CENTER,ACTIVE
CARING HEARTS ASSISTED LIVING LLC,2370 W MEGAN ST,CHANDLER,AZ,85224,5,AL8959H,ASSISTED LIVING HOME,ACTIVE
FAMILY LOVING KARE S3,1680 W PLACITA ABREOJOS,SAHUARITA,AZ,85629,10,AL9692H,ASSISTED LIVING HOME,ACTIVE
TRANQUIL LIVING CARE HOME,4144 W BART DR,CHANDLER,AZ,85226,5,AL8967H,ASSISTED LIVING HOME,ACTIVE
NORTH VALLEY QUALITY CARE LLC,4016 E ROCKWOOD DR,PHOENIX,AZ,85050,5,AL9705H,ASSISTED LIVING HOME,ACTIVE
NORTH RANCH ASSISTED LIVING HOME LLC,6121 E BEVERLY LN,SCOTTSDALE,AZ,85254,10,AL9609H,ASSISTED LIVING HOME,ACTIVE
LAMBA CARE HOME,9532 E 42ND ST,TUCSON,AZ,85730,5,AL9606H,ASSISTED LIVING HOME,ACTIVE
"MARIA'S GARDEN CARE HOME, LLC",3646 W DUNLAP AVE,PHOENIX,AZ,85051,10,AL8908H,ASSISTED LIVING HOME,ACTIVE
"FAIRMOUNT ASSISTED LIVING, LLC",6161 E FAIRMOUNT ST,TUCSON,AZ,85712,50,AL8893C,ASSISTED LIVING CENTER,ACTIVE
SEVEN HAVEN II LLC,6456 E ORION ST,MESA,AZ,85215,10,AL9619H,ASSISTED LIVING HOME,ACTIVE
MOM'S PLACE ASSISTED LIVING HOME LLC,19027 N 73RD DR,GLENDALE,AZ,85308,10,AL9645H,ASSISTED LIVING HOME,ACTIVE
ARCHANGEL ASSISTED LIVING INC,932 S BRENTWOOD PL,CHANDLER,AZ,85224,5,AL9648H,ASSISTED LIVING HOME,ACTIVE
KINDRED HOMES YUMA LLC,5238 E 47TH ST,YUMA,AZ,85365,10,AL9658H,ASSISTED LIVING HOME,ACTIVE
ALTERCARE ASSISTED LIVING HOME,11104 E SOMBRA AVE,MESA,AZ,85212,5,AL8933H,ASSISTED LIVING HOME,ACTIVE
ASSISTED LIVING OF MESA,949 N STAPLEY DR,MESA,AZ,85203,10,AL9687H,ASSISTED LIVING HOME,ACTIVE
"VILLAS AT KING ROAD, THE, VILLA B",211 W KING RD,TUCSON,AZ,85705,10,AL8319H,ASSISTED LIVING HOME,ACTIVE
CRYSTAL JOY CARE HOME LLC,6088 N 85TH AVE,GLENDALE,AZ,85305,5,AL9758H,ASSISTED LIVING HOME,ACTIVE
ARIZONA'S GOLDEN HEART I,6523 W VIA DEL SOL DR,GLENDALE,AZ,85310,10,AL8355H,ASSISTED LIVING HOME,ACTIVE
CESCA ADULT CARE HOME,12034 N 46TH LN,GLENDALE,AZ,85304,10,AL9744H,ASSISTED LIVING HOME,ACTIVE
DAVIS PLACE,2943 DESERT SKY BLVD,BULLHEAD CITY,AZ,86442,47,AL9756C,ASSISTED LIVING CENTER,ACTIVE
LAS FUENTES RESORT VILLAGE,1035 SCOTT DR,PRESCOTT,AZ,86301,84,AL9771C,ASSISTED LIVING CENTER,ACTIVE
ADOBE COUNTRY GABLES,14962 N 78TH AVE,PEORIA,AZ,85381,10,AL9974H,ASSISTED LIVING HOME,ACTIVE
LEISURE GARDENS,3704 E VAUGHN AVE,GILBERT,AZ,85234,9,AL9793H,ASSISTED LIVING HOME,ACTIVE
"ARCADIA HOME CARE, LLC",3112 N 34TH ST,PHOENIX,AZ,85018,5,AL8342H,ASSISTED LIVING HOME,ACTIVE
PARK SENIOR VILLAS AT LA CANADA - VILLA N,6870 N DESERT HARBOR PL,TUCSON,AZ,85704,10,AL9977H,ASSISTED LIVING HOME,ACTIVE
SUNFLOWER ASSISTED LIVING HOME,16312 E CRYSTAL POINT DR,FOUNTAIN HILLS,AZ,85268,10,AL9980H,ASSISTED LIVING HOME,ACTIVE
DIGNITY 1ST HOME CARE SOLUTIONS L L C,2509 E ENROSE ST,MESA,AZ,85213,10,AL9988H,ASSISTED LIVING HOME,ACTIVE
RED MOUNTAIN ASSISTED LIVING AT GILBERT,1804 S SOUTHWIND CT,GILBERT,AZ,85295,10,AL8874H,ASSISTED LIVING HOME,ACTIVE
"HIGLEY HOUSE CARE HOME, LLC",885 N LOS GATOS LN,GILBERT,AZ,85234,10,AL8875H,ASSISTED LIVING HOME,ACTIVE
DAHLIA CARE LLC,14941 W DAHLIA DR,SURPRISE,AZ,85379,8,AL8883H,ASSISTED LIVING HOME,ACTIVE
ARCADIA ASSISTED CARE CAMELHEAD,4117 E SAINT JOSEPH WAY,PHOENIX,AZ,85018,10,AL8888H,ASSISTED LIVING HOME,ACTIVE
HANDS OF CARE,11444 N 88TH PL,SCOTTSDALE,AZ,85260,10,AL9627H,ASSISTED LIVING HOME,ACTIVE
BEEHIVE HOMES OF SIERRA VISTA,4110 E ANDERSON ST,SIERRA VISTA,AZ,85650,16,AL9636C,ASSISTED LIVING CENTER,ACTIVE
ST CHARLES PLACE LLC III,6835 S 19TH PL,PHOENIX,AZ,85042,5,AL8954H,ASSISTED LIVING HOME,ACTIVE
ELEGANT CARE II,6052 W VICTORIA PL,CHANDLER,AZ,85226,5,AL8978H,ASSISTED LIVING HOME,ACTIVE
"GRAMA'S HOME, LLC",9950 N WILD CREEK DR,ORO VALLEY,AZ,85742,5,AL8986H,ASSISTED LIVING HOME,ACTIVE
COUNTRY VILLA LLC,802 W 4TH PL,MESA,AZ,85201,10,AL8942H,ASSISTED LIVING HOME,ACTIVE
"OHANA SENIOR CARE, LLC",4713 E CECELIA ST,TUCSON,AZ,85711,9,AL9689H,ASSISTED LIVING HOME,ACTIVE
FAMILY LOVING KARE S1,1681 W PLACITA ABREOJOS,SAHUARITA,AZ,85629,10,AL9690H,ASSISTED LIVING HOME,ACTIVE
"SUE'S PLACE, LLC",13230 N 7TH DR,PHOENIX,AZ,85029,10,AL9737H,ASSISTED LIVING HOME,ACTIVE
"LOVING HEARTS ASSISTED LIVING, LLC",1714 S LINDA,MESA,AZ,85204,10,AL9764H,ASSISTED LIVING HOME,ACTIVE
GOLDWATER LEGACY ASSISTED LIVING,6640 W PINNACLE PEAK RD,GLENDALE,AZ,85310,10,AL9797H,ASSISTED LIVING HOME,ACTIVE
PARK SENIOR VILLAS AT LA CANADA - VILLA L,1468 W DESERT HARBOR CIR,TUCSON,AZ,85704,10,AL9992H,ASSISTED LIVING HOME,ACTIVE
"COMFORT CARE, LLC",16670 N 173RD AVE,SURPRISE,AZ,85388,6,AL9825H,ASSISTED LIVING HOME,ACTIVE
SIERRA DEL SOL,8151 E SPEEDWAY BLVD,TUCSON,AZ,85710,140,AL9830C,ASSISTED LIVING CENTER,ACTIVE
"WESTCHESTER TBI HOME CARE, LLC",1046 E WESTCHESTER DR,TEMPE,AZ,85283,5,AL9833H,ASSISTED LIVING HOME,ACTIVE
"MARLEY ADULT HEALTHCARE, L L C",14798 W GEORGIA DR,SURPRISE,AZ,85379,10,AL9860H,ASSISTED LIVING HOME,ACTIVE
AM HOME ASSISTED LIVING LLC,1386 E BUFFALO ST,GILBERT,AZ,85295,8,AL9824H,ASSISTED LIVING HOME,ACTIVE
PARADISE LIFE CARE,14722 W EVANS DR,SURPRISE,AZ,85379,7,AL9862H,ASSISTED LIVING HOME,ACTIVE
ROBSON RESERVE AT SUN LAKES,9504 E RIGGS RD,SUN LAKES,AZ,85248,149,AL9867C,ASSISTED LIVING CENTER,ACTIVE
"MOM AND DAD PLACE, LLC",3430 E GRAHAM ST,TUCSON,AZ,85739,10,AL9695H,ASSISTED LIVING HOME,ACTIVE
ARMADA CARE HOMES,1612 E KNOLL CIR,MESA,AZ,85203,10,AL9739H,ASSISTED LIVING HOME,ACTIVE
"ACTIVE CARE HOMES, LLC",16212 N 55TH PL,SCOTTSDALE,AZ,85254,10,AL9745H,ASSISTED LIVING HOME,ACTIVE
EMERALD GROVES SOUTH,3714 E MCLELLAN RD,MESA,AZ,85205,10,AL8312H,ASSISTED LIVING HOME,ACTIVE
"ASPEN CARE ASSISTED LIVING HOME, LLC",1445 W ROLLER COASTER RD,TUCSON,AZ,85704,10,AL8335H,ASSISTED LIVING HOME,ACTIVE
ATRIA CAMPANA DEL RIO,1580 East River Road,Tucson,AZ,85718,100,AL8344C,ASSISTED LIVING CENTER,ACTIVE
"BETTER LIVING CAREHOME, LLC",9321 E CARMEL AVE,MESA,AZ,85208,5,AL8327H,ASSISTED LIVING HOME,ACTIVE
MOUNTAIN VIEW RETIREMENT VILLAGE,7900 N LA CANADA DR,TUCSON,AZ,85704,99,AL9760C,ASSISTED LIVING CENTER,ACTIVE
VILLA DE HOPE,920 W INA RD,TUCSON,AZ,85704,10,AL9749H,ASSISTED LIVING HOME,ACTIVE
AGUILERA ASSISTED LIVING HOME,4740 W VIA AGUILERA,TUCSON,AZ,85745,10,AL8316H,ASSISTED LIVING HOME,ACTIVE
"ANGELA'S ASSISTED LIVING II, LLC",1701 N RIDGEWAY RD,TUCSON,AZ,85712,10,AL8360H,ASSISTED LIVING HOME,ACTIVE
ADOBE ADULT CARE HOME,8028 N FIRETHORN AVE,TUCSON,AZ,85741,10,AL8361H,ASSISTED LIVING HOME,ACTIVE
THE MEADOWS OF PRESCOTT VALLEY LLC,7766 E WELSH MOUNTAIN DR,PRESCOTT VALLEY,AZ,86315,10,AL9776H,ASSISTED LIVING HOME,ACTIVE
AMBER CREEK MEMORY CARE COMMUNITY,11250 N 92ND ST,SCOTTSDALE,AZ,85260,65,AL9784C,ASSISTED LIVING CENTER,ACTIVE
GOLDEN TOUCH CARE HOMES,1926 W HIGHLAND ST,CHANDLER,AZ,85224,5,AL9786H,ASSISTED LIVING HOME,ACTIVE
GOLDEN EAGLE ASSISTED LIVING,11051 N 44TH CT,PHOENIX,AZ,85028,5,AL9991H,ASSISTED LIVING HOME,ACTIVE
A FAMILY AFFAIR ALH LLC,15825 N 19TH PL,PHOENIX,AZ,85022,10,AL9861H,ASSISTED LIVING HOME,ACTIVE
REFLECTIONS AT FELLOWSHIP SQUARE MESA,159 S POWER RD,MESA,AZ,85206,32,AL9865C,ASSISTED LIVING CENTER,ACTIVE
BETTER SENIOR CAREHOME LLC,1151 W 20TH AVE,APACHE JUNCTION,AZ,85120,5,AL9836H,ASSISTED LIVING HOME,ACTIVE
CASAS CHAPALA,1521 W CHAPALA DR,TUCSON,AZ,85704,10,AL9886H,ASSISTED LIVING HOME,ACTIVE
ANGEL'S SENIOR CARE LLC,4403 E GOLD POPPY WAY,PHOENIX,AZ,85044,5,AL9883H,ASSISTED LIVING HOME,ACTIVE
"IN ANGEL ARMS, LLC",22868 W Hopi St,Buckeye,AZ,85326,6,AL9859H,ASSISTED LIVING HOME,ACTIVE
HIGHGATE SENIOR LIVING OF PRESCOTT LAKES,1600 PETROGLYPH POINT DR,PRESCOTT,AZ,86301,97,AL8333C,ASSISTED LIVING CENTER,ACTIVE
"JAL ASSISTED LIVING FACILITY, LLC",3332 W VENICE WAY,CHANDLER,AZ,85226,5,AL8349H,ASSISTED LIVING HOME,ACTIVE
"BELLA'S CARE HOME, LLC",6805 N 14TH PL,PHOENIX,AZ,85014,10,AL9766H,ASSISTED LIVING HOME,ACTIVE
FRANCES RESIDENTIAL CARE HOME #2,5180 E 16TH ST,TUCSON,AZ,85711,10,AL9778H,ASSISTED LIVING HOME,ACTIVE
PARK SENIOR VILLAS AT GOODYEAR,4211 N PEBBLE CREEK PKWY,GOODYEAR,AZ,85395,10,AL9809H,ASSISTED LIVING HOME,ACTIVE
ACTIVE CARE HOME II LLC,5711 E AIRE LIBRE AVE,SCOTTSDALE,AZ,85254,10,AL9818H,ASSISTED LIVING HOME,ACTIVE
BEEHIVE HOMES OF MARANA,6180 W MAMIE KAI DR,TUCSON,AZ,85743,20,AL9819C,ASSISTED LIVING CENTER,ACTIVE
FRANCES RESIDENTIAL CARE #1,502 S MAGNOLIA AVE,TUCSON,AZ,85711,10,AL9832H,ASSISTED LIVING HOME,ACTIVE
BROOKINGS,7943 E GAZELLE RD,PRESCOTT VALLEY,AZ,86315,10,AL9857H,ASSISTED LIVING HOME,ACTIVE
DEANNE ASSISTED LIVING,15838 W DEANNE CT,WADDELL,AZ,85355,10,AL9012H,ASSISTED LIVING HOME,ACTIVE
ARIZONA ASSISTED LIVING HOME LLC,5512 E 8TH ST,TUCSON,AZ,85711,10,AL9016H,ASSISTED LIVING HOME,ACTIVE
CHEKELA TURNERS PLACE III,2136 W MALDONADO RD,PHOENIX,AZ,85041,5,AL9013H,ASSISTED LIVING HOME,ACTIVE
RHODA'S ASSISTED LIVING HOME,12002 W SHERIDAN ST,AVONDALE,AZ,85392,7,AL9839H,ASSISTED LIVING HOME,ACTIVE
"ALL CARE ASSISTED LIVING HOME, LLC",18224 N 168TH AVE,SURPRISE,AZ,85374,10,AL9845H,ASSISTED LIVING HOME,ACTIVE
"STARFISH CARE HOMES, LLC",2641 N BAHANA DR,TUCSON,AZ,85715,10,AL9897H,ASSISTED LIVING HOME,ACTIVE
"CIRCLE OF LIFE ALZHEIMER HOMES, LLC",4340 W FORT BRIDGER RD,PRESCOTT,AZ,86305,7,AL10390H,ASSISTED LIVING HOME,ACTIVE
LOMA VISTA ASSISTED LIVING,453 N LOMA VIS,MESA,AZ,85213,9,AL10397H,ASSISTED LIVING HOME,ACTIVE
"CITRUS VILLA MESA ASSISTED LIVING, LLC",6848 E MINTON ST,MESA,AZ,85207,6,AL9901H,ASSISTED LIVING HOME,ACTIVE
MARKESH ALH,1757 E VICTORIA ST,CHANDLER,AZ,85249,5,AL10417H,ASSISTED LIVING HOME,ACTIVE
PURA VIDA ASSISTED LIVING,3250 W SUMTER DR,TUCSON,AZ,85742,10,AL10421H,ASSISTED LIVING HOME,ACTIVE
AVISTA SUN CITY WEST MEMORY CARE,12820 W BEARDSLEY RD,SUN CITY WEST,AZ,85375,60,AL10432C,ASSISTED LIVING CENTER,ACTIVE
"VILLAS AT GREEN VALLEY, VILLA A",865 N DESERT BELL # B,GREEN VALLEY,AZ,85614,10,AL9831H,ASSISTED LIVING HOME,ACTIVE
WINSTON PARK L L C,660 W MCLELLAN RD,MESA,AZ,85201,10,AL9877H,ASSISTED LIVING HOME,ACTIVE
"VILLAS AT GREEN VALLEY, VILLA B",865 N DESERT BELL # B,GREEN VALLEY,AZ,85614,10,AL9864H,ASSISTED LIVING HOME,ACTIVE
ELITE ASSISTED LIVING 3,15928 W IRONWOOD DR,WADDELL,AZ,85355,10,AL10430H,ASSISTED LIVING HOME,ACTIVE
"LAYTON LAKES HOMECARE, LLC",3559 E DESERT BROOM DR,CHANDLER,AZ,85286,5,AL10433H,ASSISTED LIVING HOME,ACTIVE
"CLASS ACT LOS ALAMOS MESA, LLC",1249 N LOS ALAMOS,MESA,AZ,85213,10,AL10441H,ASSISTED LIVING HOME,ACTIVE
FOUNTAIN HILLS MANOR L L C,14280 N FOUNTAIN HILLS BLVD,FOUNTAIN HILLS,AZ,85268,7,AL9921H,ASSISTED LIVING HOME,ACTIVE
"ABERDEEN HOME, L L C",10639 N ABERDEEN RD,SCOTTSDALE,AZ,85254,10,AL9929H,ASSISTED LIVING HOME,ACTIVE
RADIANT CARE HOME,15174 W BOCA RATON RD,SURPRISE,AZ,85379,8,AL9912H,ASSISTED LIVING HOME,ACTIVE
"BRIGHT VALLEY GROUPHOME, L L C",9452 E JACOB AVE,MESA,AZ,85209,8,AL9917H,ASSISTED LIVING HOME,ACTIVE
PASEO VILLAGE,10420 N 89TH AVE,PEORIA,AZ,85345,115,AL9926C,ASSISTED LIVING CENTER,ACTIVE
AGING GRACEFULLY,4101 W HARTFORD AVE,GLENDALE,AZ,85308,9,AL10404H,ASSISTED LIVING HOME,ACTIVE
ELMER PLACE FOR PARENTS,25968 N SANDSTONE WAY,SURPRISE,AZ,85387,8,AL10437H,ASSISTED LIVING HOME,ACTIVE
ALL VALLEY HOME CARE,1846 S 162ND LN,GOODYEAR,AZ,85338,10,AL9908H,ASSISTED LIVING HOME,ACTIVE
ORCHARD POINTE AT SURPRISE,15086 West Young Street,Surprise,AZ,85374,130,AL10472C,ASSISTED LIVING CENTER,ACTIVE
SOLANA AT THE PARK ASSISTED LIVING,14581 W PARKWOOD DR,SURPRISE,AZ,85374,113,AL10492C,ASSISTED LIVING CENTER,ACTIVE
PARK SENIOR VILLAS AT HOUGHTON - VILLA EE,941 N WHISPERING RABBIT PL,TUCSON,AZ,85748,10,AL9953H,ASSISTED LIVING HOME,ACTIVE
PLEASANT LIVING SURPRISE,14571 W DESERT HILLS DR,SURPRISE,AZ,85379,7,AL10470H,ASSISTED LIVING HOME,ACTIVE
PARK SENIOR VILLAS AT HOUGHTON - VILLA AA,861 N WHISPERING RABBIT PL,TUCSON,AZ,85748,10,AL9945H,ASSISTED LIVING HOME,ACTIVE
"GIVE LOVE ASSISTED LIVING, LLC",11408 W HOLLY ST,AVONDALE,AZ,85392,6,AL10395H,ASSISTED LIVING HOME,ACTIVE
TERRA POINTE MEMORY CARE,5330 W UNION HILLS DR,GLENDALE,AZ,85308,84,AL10415C,ASSISTED LIVING CENTER,ACTIVE
"TULSI ASSISTED LIVING, LLC",15220 N 52ND PL,SCOTTSDALE,AZ,85254,5,AL10418H,ASSISTED LIVING HOME,ACTIVE
AGAVE CARE HOME OF SCOTTSDALE,4833 E MARCONI AVE,SCOTTSDALE,AZ,85254,10,AL10391H,ASSISTED LIVING HOME,ACTIVE
"NORTHWOOD GLEN ASSISTED LIVING, LLC",5452 W FALLEN LEAF LN,GLENDALE,AZ,85310,10,AL10428H,ASSISTED LIVING HOME,ACTIVE
HACIENDA DE LUNA ASSISTED LIVING,1310 E INA RD,TUCSON,AZ,85718,10,AL10429H,ASSISTED LIVING HOME,ACTIVE
WELCOME HOME RESIDENTIAL ADULT CARE,407 ISABELLE LN,PRESCOTT,AZ,86301,7,AL9905H,ASSISTED LIVING HOME,ACTIVE
TORBROOK MANOR,6221 East Shea Boulevard,Paradise Valley,AZ,85253,10,AL10403H,ASSISTED LIVING HOME,ACTIVE
HOME IS WHERE THE HEART IS,3708 HIAWATHA DR UNIT A,LAKE HAVASU CITY,AZ,86404,9,AL10422H,ASSISTED LIVING HOME,ACTIVE
GRACEFUL HANDS HOME CARE,5241 S 3RD ST,PHOENIX,AZ,85040,10,AL9898H,ASSISTED LIVING HOME,ACTIVE
PARK SENIOR VILLAS AT HOUGHTON - VILLA FF,920 N WHISPERING RABBIT PL,TUCSON,AZ,85748,10,AL9954H,ASSISTED LIVING HOME,ACTIVE
PARK SENIOR VILLAS AT HOUGHTON - VILLA GG,900 N WHISPERING RABBIT PL,TUCSON,AZ,85748,10,AL9955H,ASSISTED LIVING HOME,ACTIVE
ASHLEE CARE,4902 W BEVERLY LN,GLENDALE,AZ,85306,10,AL9915H,ASSISTED LIVING HOME,ACTIVE
"GENERATIONS SENIOR LIVING, L L C",1275 CLASSIC CT,CLARKDALE,AZ,86324,10,AL9936H,ASSISTED LIVING HOME,ACTIVE
ANGEL HANDS HOME CARE LLC,3103 W VIA MONTOYA DR,PHOENIX,AZ,85027,5,AL10469H,ASSISTED LIVING HOME,ACTIVE
HILDA'S HAVEN #1,1970 E ROSS DR,CHANDLER,AZ,85225,5,AL9935H,ASSISTED LIVING HOME,ACTIVE
"YUMA SENIOR LIVING, LLC",2600 S 4TH AVE,YUMA,AZ,85364,202,AL10505C,ASSISTED LIVING CENTER,ACTIVE
PARK SENIOR VILLAS AT HOUGHTON - VILLA HH,880 N WHISPERING RABBIT PL,TUCSON,AZ,85748,10,AL9956H,ASSISTED LIVING HOME,ACTIVE
PARK SENIOR VILLAS AT LA CANADA - VILLA M,6876 N DESERT HARBOR PL,TUCSON,AZ,85704,10,AL9963H,ASSISTED LIVING HOME,ACTIVE
AGAPE ASSISTED LIVING HOME,7180 W FLYNN LN,GLENDALE,AZ,85303,10,AL10485H,ASSISTED LIVING HOME,ACTIVE
PARK SENIOR VILLAS AT HOUGHTON - VILLA II,860 N WHISPERING RABBIT PL,TUCSON,AZ,85748,10,AL9957H,ASSISTED LIVING HOME,ACTIVE
MERCY'S CARE HOME I,6651 S FOUR PEAKS PL,CHANDLER,AZ,85249,5,AL10517H,ASSISTED LIVING HOME,ACTIVE
ABELLAVIDA MEMORY CARE,35203 N CENTRAL AVE,PHOENIX,AZ,85086,10,AL10513H,ASSISTED LIVING HOME,ACTIVE
WHITE DOVE AT SILVER CREST,7941 W BRIDEN LN,PEORIA,AZ,85383,10,AL10436H,ASSISTED LIVING HOME,ACTIVE
THE ENCLAVE AT ANTHEM SENIOR LIVING,42015 N VENTURE DR,ANTHEM,AZ,85086,90,AL10439C,ASSISTED LIVING CENTER,ACTIVE
"CLASS ACT GLENCOVE MESA, LLC",2156 E GLENCOVE ST,MESA,AZ,85213,10,AL10440H,ASSISTED LIVING HOME,ACTIVE
"RUTLEDGE RANCH RETREAT, L L C",1575 W SLICK HORN ALY,PAULDEN,AZ,86334,9,AL9920H,ASSISTED LIVING HOME,ACTIVE
PARK SENIOR VILLAS AT GOODYEAR,4211 N PEBBLE CREEK PKWY,GOODYEAR,AZ,85395,10,AL9932H,ASSISTED LIVING HOME,ACTIVE
H & A FAMILY CARE HOME,1812 S RACINE LN,GILBERT,AZ,85295,6,AL9913H,ASSISTED LIVING HOME,ACTIVE
"DAYSTAR SENIOR LIVING, LLC",5332 W WEST WIND DR,GLENDALE,AZ,85310,10,AL10455H,ASSISTED LIVING HOME,ACTIVE
VISTA RANCH LLC,1735 N VAL VISTA DR,MESA,AZ,85213,10,AL10463H,ASSISTED LIVING HOME,ACTIVE
MARY & PETE'S ASSISTED LIVING,1164 W OLETA DR,TUCSON,AZ,85704,10,AL10398H,ASSISTED LIVING HOME,ACTIVE
SUNSET RANCH ASSISTED LIVING,9987 W JESSIE LN,PEORIA,AZ,85383,10,AL10402H,ASSISTED LIVING HOME,ACTIVE
AMBIENCE CARE HOME 2,9022 W ALICE AVE,PEORIA,AZ,85345,10,AL9907H,ASSISTED LIVING HOME,ACTIVE
WHISPERING WATERS LLC,11596 W PURDUE AVE,YOUNGTOWN,AZ,85363,7,AL10448H,ASSISTED LIVING HOME,ACTIVE
FOUNTAIN HILLS CARE LLC,16948 E WINDCHIME DR,FOUNTAIN HILLS,AZ,85268,10,AL10449H,ASSISTED LIVING HOME,ACTIVE
CHRISTINA'S ASSISTED LIVING,1423 S HAZEL ST,GILBERT,AZ,85296,10,AL10481H,ASSISTED LIVING HOME,ACTIVE
MOTHERDEAR'S PLACE II,4116 E YOWY ST,PHOENIX,AZ,85044,5,AL10510H,ASSISTED LIVING HOME,ACTIVE
GREAT HEART ADULT ASSISTED LIVING HOME,3241 E CORRINE DR,PHOENIX,AZ,85032,10,AL10573H,ASSISTED LIVING HOME,ACTIVE
PARK SENIOR VILLAS AT HOUGHTON - VILLA BB,881 N WHISPERING RABBIT PL,TUCSON,AZ,85748,10,AL9950H,ASSISTED LIVING HOME,ACTIVE
PARK SENIOR VILLAS AT HOUGHTON - VILLA CC,901 N WHISPERING RABBIT PL,TUCSON,AZ,85748,10,AL9951H,ASSISTED LIVING HOME,ACTIVE
"VILLAS AT GREEN VALLEY, VILLA C",865 N DESERT BELL # B,GREEN VALLEY,AZ,85614,10,AL9961H,ASSISTED LIVING HOME,ACTIVE
M&K ASSISTED LIVING LAYTON LAKES LLC,1110 E CLOVEFIELD ST,GILBERT,AZ,85298,7,AL10462H,ASSISTED LIVING HOME,ACTIVE
FAMILY LOVING KARE CENTRAL,2711 N HASKELL DR,TUCSON,AZ,85716,4,AL9966F,ADULT FOSTER CARE,ACTIVE
PARK SENIOR VILLAS AT HOUGHTON - VILLA DD,921 N WHISPERING RABBIT PL,TUCSON,AZ,85748,10,AL9952H,ASSISTED LIVING HOME,ACTIVE
"VILLAS AT GREEN VALLEY, VILLA H",865 N DESERT BELL # B,GREEN VALLEY,AZ,85614,10,AL10514H,ASSISTED LIVING HOME,ACTIVE
VISTA LIVING ARCADIA,5529 E CALLE TUBERIA,PHOENIX,AZ,85018,10,AL10519H,ASSISTED LIVING HOME,ACTIVE
LAUREL ASSISTED LIVING HOME LLC,2201 W LAUREL LN,PHOENIX,AZ,85029,10,AL9967H,ASSISTED LIVING HOME,ACTIVE
INTEGRITY CARE LLC,1721 N 74TH PL,SCOTTSDALE,AZ,85257,5,AL10595,ASSISTED LIVING HOME,ACTIVE
ROCK CREEK ALZHEIMER'S SPECIAL CARE CENTER,14552 W PARKWOOD DR,SURPRISE,AZ,85374,66,AL10578C,ASSISTED LIVING CENTER,ACTIVE
GOLDEN CARE ACH,7111 N 29TH AVE,PHOENIX,AZ,85051,10,AL10594H,ASSISTED LIVING HOME,ACTIVE
"ARROWHEAD SHORE SENIOR LIVING, LLC",16124 N 87TH DR,PEORIA,AZ,85382,10,AL10528H,ASSISTED LIVING HOME,ACTIVE
ANGELS ASSISTED LIVING HOME LLC,4496 E LA COSTA DR,CHANDLER,AZ,85249,5,AL10541H,ASSISTED LIVING HOME,ACTIVE
IVY LANE ASSISTED LIVING LLC,18379 W IVY LN,SURPRISE,AZ,85388,10,AL10549H,ASSISTED LIVING HOME,ACTIVE
GRANITE GATE SENIOR LIVING,3850 N STATE ROUTE 89,PRESCOTT,AZ,86301,124,AL10558C,ASSISTED LIVING CENTER,ACTIVE
FOUR ROSES ASSISTED LIVING LLC,3670 S TOWER AVE,CHANDLER,AZ,85286,5,AL10545H,ASSISTED LIVING HOME,ACTIVE
SOUTHWEST HEALING GARDENS,13406 E BOSTON ST,CHANDLER,AZ,85225,5,AL10556H,ASSISTED LIVING HOME,ACTIVE
AEGIS AT HOMESTEAD ASSISTED LIVING HOME,1572 W HOMESTEAD DR,CHANDLER,AZ,85286,5,AL10538H,ASSISTED LIVING HOME,ACTIVE
"INN AT FREEDOM PLAZA, THE",13725 N 93RD AVE,PEORIA,AZ,85381,102,AL10590C,ASSISTED LIVING CENTER,ACTIVE
HERITAGE LEGACY,13813 W WOODSIDE DR,SUN CITY WEST,AZ,85375,53,AL10589C,ASSISTED LIVING CENTER,ACTIVE
SCOTTSDALE VILLAGE SQUARE,2620 N 68TH ST,SCOTTSDALE,AZ,85257,140,AL10612C,ASSISTED LIVING CENTER,ACTIVE
LEGACY HOUSE AVONDALE,2635 N DYSART RD,AVONDALE,AZ,85392,195,AL10586C,ASSISTED LIVING CENTER,ACTIVE
LONE MOUNTAIN MEMORY CARE,7171 E LONE MOUNTAIN RD,SCOTTSDALE,AZ,85266,56,AL10638C,ASSISTED LIVING CENTER,ACTIVE
"ROSE VILLA ASSISTED LIVING HOME I, LLC",5240 W DESERT HOLLOW DR,PHOENIX,AZ,85083,8,AL10643H,ASSISTED LIVING HOME,ACTIVE
BRIDGEWATER ASSISTED LIVING-MIDTOWN,4000 N 3RD AVE,PHOENIX,AZ,85013,165,AL10641C,ASSISTED LIVING CENTER,ACTIVE
PARK SENIOR VILLAS AT GOODYEAR,4211 N PEBBLE CREEK PKWY,GOODYEAR,AZ,85395,60,AL10650C,ASSISTED LIVING CENTER,ACTIVE
DESERT WILLOW ASSISTED LIVING LLC,5006 E JUSTICA ST,CAVE CREEK,AZ,85331,10,AL10654H,ASSISTED LIVING HOME,ACTIVE
SERVA ASSISTED LIVING OF SCOTTSDALE,7412 E WETHERSFIELD RD,SCOTTSDALE,AZ,85260,10,AL10691H,ASSISTED LIVING HOME,ACTIVE
HACIENDA DE CARING HANDS LLC,3624 E CALLE DEL PRADO,TUCSON,AZ,85716,10,AL10692H,ASSISTED LIVING HOME,ACTIVE
"GREENWAY HOME CARE, LLC",5801 E BECK LN,SCOTTSDALE,AZ,85254,10,AL10685H,ASSISTED LIVING HOME,ACTIVE
EMERINE HILLS ADULT CARE HOME,1270 W EMERINE DR,TUCSON,AZ,85704,10,AL10681H,ASSISTED LIVING HOME,ACTIVE
HAPPY HEARTS ASSISTED LIVING,8331 W WILLOWBROOK DR,PEORIA,AZ,85382,10,AL10708H,ASSISTED LIVING HOME,ACTIVE
THE MISSION AT AGUA FRIA,8880 N 107TH AVE,PEORIA,AZ,85345,111,AL10709C,ASSISTED LIVING CENTER,ACTIVE
NORBERT ROGERS,15402 N CENTRAL AVE,PHOENIX,AZ,85022,10,AL10716H,ASSISTED LIVING HOME,ACTIVE
SYMPHONY ASSISTED LIVING,2741 E DENNISPORT AVE,GILBERT,AZ,85295,5,AL10736H,ASSISTED LIVING HOME,ACTIVE
CASA DE ANGELES ASSISTED LIVING INC,457 North Ironwood Court,Pearce,AZ,85625,9,AL10715H,ASSISTED LIVING HOME,ACTIVE
"HOLY NAME ASSISTED LIVING, LLC",112 S NEBRASKA ST,CHANDLER,AZ,85225,5,AL10720H,ASSISTED LIVING HOME,ACTIVE
"A GOLDEN RETREAT CARE HOME, LLC",18330 W MARCONI AVE,SURPRISE,AZ,85388,8,AL10702H,ASSISTED LIVING HOME,ACTIVE
PARADISE ASSISTED LIVING HOME LLC,8855 W CALLE LEJOS,PEORIA,AZ,85383,10,AL10733H,ASSISTED LIVING HOME,ACTIVE
VILLA SERENE ASSISTED LIVING II,13606 W VERMONT AVE,LITCHFIELD PARK,AZ,85340,10,AL10767H,ASSISTED LIVING HOME,ACTIVE
CANYON WINDS RETIREMENT LLC,7311 E OASIS ST,MESA,AZ,85207,102,AL10769C,ASSISTED LIVING CENTER,ACTIVE
NORTH SCOTTSDALE RETREAT,23402 N 84TH ST,SCOTTSDALE,AZ,85255,10,AL10780H,ASSISTED LIVING HOME,ACTIVE
ARROYO GARDENS INDEPENDENT AND ASSISTED LIVING,160 N LA CANADA DR,GREEN VALLEY,AZ,85614,91,AL10790C,ASSISTED LIVING CENTER,ACTIVE
MCDOWELL VILLAGE,8300 E MCDOWELL RD,SCOTTSDALE,AZ,85257,98,AL10749C,ASSISTED LIVING CENTER,ACTIVE
PARKLAND MEMORY CARE,3500 S ARIZONA AVE,CHANDLER,AZ,85248,72,AL10760C,ASSISTED LIVING CENTER,ACTIVE
"PLEASANT VALLEY ADULT CARE HOME, LLC",9146 W QUAIL TRACK DR,PEORIA,AZ,85383,8,AL10750H,ASSISTED LIVING HOME,ACTIVE
ARCHANGEL ASSISTED LIVING II,1442 E EBONY DR,CHANDLER,AZ,85286,5,AL10779H,ASSISTED LIVING HOME,ACTIVE
EMERALD GLEN MEMORY CARE PLUS,3558 E MCDOWELL RD,MESA,AZ,85213,34,AL10782C,ASSISTED LIVING CENTER,ACTIVE
"AZ LIFE ASSISTED LIVING HOME II, LLC",9438 W DONALD DR,PEORIA,AZ,85383,10,AL10775H,ASSISTED LIVING HOME,ACTIVE
RIVER OF LOVE ADULT CARE HOME,4358 E DANBURY RD,PHOENIX,AZ,85032,10,AL10606H,ASSISTED LIVING HOME,ACTIVE
WILLOW CANYON LLC,440 N EVERGREEN ST,CHANDLER,AZ,85225,5,AL10614H,ASSISTED LIVING HOME,ACTIVE
HAYDEN ESTATES ASSISTED LIVING,7585 E SWEETWATER AVE,SCOTTSDALE,AZ,85260,10,AL10637H,ASSISTED LIVING HOME,ACTIVE
"VILLAS AT GREEN VALLEY, VILLA G",865 N DESERT BELL # B,GREEN VALLEY,AZ,85614,10,AL10635H,ASSISTED LIVING HOME,ACTIVE
GENTLE CARE ASSISTED LIVING,15240 W DOLL LN,SURPRISE,AZ,85374,8,AL10615H,ASSISTED LIVING HOME,ACTIVE
VISTA LIVING CAMELBACK,5528 E CALLE TUBERIA,PHOENIX,AZ,85018,10,AL10620H,ASSISTED LIVING HOME,ACTIVE
YUCCA ASSISTED LIVING LLC,490 N YUCCA ST,CHANDLER,AZ,85224,5,AL10647H,ASSISTED LIVING HOME,ACTIVE
RIVER VALLEY ESTATES,7053 E 31ST PL,YUMA,AZ,85365,88,AL10648C,ASSISTED LIVING CENTER,ACTIVE
BEST CARE HOME OF MOON VALLEY LLC,52 W MOON VALLEY DR,PHOENIX,AZ,85023,5,AL10636H,ASSISTED LIVING HOME,ACTIVE
"SONORAN SENIOR CARE, LLC",23512 N 102ND AVE,PEORIA,AZ,85383,10,AL10671H,ASSISTED LIVING HOME,ACTIVE
DESERT HILLS ASSISTED LIVING LLC,15434 W MEADOWBROOK AVE,GOODYEAR,AZ,85395,10,AL10672H,ASSISTED LIVING HOME,ACTIVE
AZ OHANA CARE HOME 2,1360 South Jesse Street,Chandler,AZ,85286,10,AL10676H,ASSISTED LIVING HOME,ACTIVE
INSPIRATIONS OF RIVER CENTRE,5665 E RIVER RD,TUCSON,AZ,85750,112,AL10653C,ASSISTED LIVING CENTER,ACTIVE
BRANSIE TLC HOME,2402 W ALAMO DR,CHANDLER,AZ,85224,5,AL10651H,ASSISTED LIVING HOME,ACTIVE
HOPE HAVEN ASSISTED LIVING HOME,2615 CHAMBERS AVE,KINGMAN,AZ,86401,7,AL10679H,ASSISTED LIVING HOME,ACTIVE
INSPIRATIONS OF TEMPE,1875 E GUADALUPE RD,TEMPE,AZ,85283,115,AL10652C,ASSISTED LIVING CENTER,ACTIVE
ANNIE'S CARE HOME,6008 W JUNIPER AVE,GLENDALE,AZ,85306,10,AL10698H,ASSISTED LIVING HOME,ACTIVE
BRIGHT VALLEY GROUP HOME AT ELLIOT GROVES,4245 E WEATHER VANE RD,GILBERT,AZ,85296,10,AL10717,ASSISTED LIVING HOME,ACTIVE
HOLY NAME ASSISTED LIVING 2,2571 S EILEEN DR,CHANDLER,AZ,85286,5,AL10719H,ASSISTED LIVING HOME,ACTIVE
"VILLAS AT GREEN VALLEY, VILLA I",865 N DESERT BELL # B,GREEN VALLEY,AZ,85614,10,AL10742H,ASSISTED LIVING HOME,ACTIVE
DIGNIFIED ASSISTED LIVING,11818 W WASHINGTON ST,AVONDALE,AZ,85323,5,AL10745H,ASSISTED LIVING HOME,ACTIVE
COOLIDGE LEGACY AT SCOTTSDALE LLC,7556 E COOLIDGE ST,SCOTTSDALE,AZ,85251,10,AL10758H,ASSISTED LIVING HOME,ACTIVE
ANGELS WINGS ASSISTED LIVING HOME,2402 E DETROIT CT,CHANDLER,AZ,85225,5,AL10713H,ASSISTED LIVING HOME,ACTIVE
NORTH SCOTTSDALE ASSISTED LIVING,10111 E SADDLE HORN TRL,SCOTTSDALE,AZ,85255,10,AL10730H,ASSISTED LIVING HOME,ACTIVE
PRINCE OF PEACE ASSISTING LIVING LLC,8262 W ADAM AVE,PEORIA,AZ,85382,9,AL10774H,ASSISTED LIVING HOME,ACTIVE
"VILLAS AT GREEN VALLEY, VILLA J",865 N DESERT BELL # B,GREEN VALLEY,AZ,85614,10,AL10743H,ASSISTED LIVING HOME,ACTIVE
QUALITY SENIOR HOME LLC,7856 W MOLLY DR,PEORIA,AZ,85383,9,AL10770H,ASSISTED LIVING HOME,ACTIVE
"AVALON CARES OF ARIZONA, LLC",4219 W VILLA MARIA DR,GLENDALE,AZ,85308,10,AL10744H,ASSISTED LIVING HOME,ACTIVE
ARDEN VALLEY HOME CARE,3091 E LYNX WAY,GILBERT,AZ,85298,10,AL10734H,ASSISTED LIVING HOME,ACTIVE
PHOENIX ASSISTED LIVING LLC,14403 N 60TH ST,SCOTTSDALE,AZ,85254,10,AL10763H,ASSISTED LIVING HOME,ACTIVE
FIVE ROSES ADULT CARE HOME III,18202 N 67TH AVE,GLENDALE,AZ,85308,10,AL10771H,ASSISTED LIVING HOME,ACTIVE
