name,street,city,state,zip,capacity,license_id,license_type,status
1804 INDEPENDENT ADULT CARE,1541 GUNSTOCK COURT,HAMPTON,GA,30228,,PCH006796,Personal Care Home,
1ST CHOICE HEALTHCARE LLC,237 MCCOY ST,AMERICUS,GA,31709,,PCH012418,Personal Care Home,
1st Choice Healthcare LLC,237 McCoy St,Americus,GA,31709,,PCH042560,Personal Care Home,
2 Pine Knoll,2 PINE KNOLL,MILLEDGEVILLE,GA,31061,,PCH002925,Personal Care Home,
202 BRYANT LLC,202 BRYANT DRIVE,SYLVESTER,GA,31791,,PCH012364,Personal Care Home,
2503 TRANQUIL HOMES OF AUGUSTA LLC,2503 KENSINGTON DRIVE WEST,AUGUSTA,GA,30906,,PCH009329,Personal Care Home,
2525 TRANQUIL HOME,2525 KENSINGTON DRIVE EAST,AUGUSTA,GA,30906,,PCH009330,Personal Care Home,
2541 TRANQUIL HOMES OF AUGUSTA,2541 KENSINGTON DRIVE WEST,AUGUSTA,GA,30906,,PCH009332,Personal Care Home,
4 PEACE LOVE & CARE,10647 SANDPIPER ROAD,JONESBORO,GA,30236,,PCH009950,Personal Care Home,
4 SEASONS PERSONAL CARE HOME LLC,402 MARVIN AVE,STATESBORO,GA,30458,,PCH012356,Personal Care Home,
A & C PERSONAL CARE HOME,7390 ASBURY DRIVE,LITHONIA,GA,30058,,PCH008260,Personal Care Home,
A & R PERSONAL CARE HOME,3721 RAINBOW CIRCLE,SNELLVILLE,GA,30039,,PCH004152,Personal Care Home,
A & U PERSONAL CARE HOME,11003 SHANNON CIRCLE,HAMPTON,GA,30228,,PCH009825,Personal Care Home,
A BLESSEDFUL LIVING LLC,2431 PEACH ORCHARD RD STE C,AUGUSTA,GA,30906,,PCH012304,Personal Care Home,
A CARING HEART PERSONAL CARE HOME,9565 CANVASBACK CT,JONESBORO,GA,30238,,PCH012160,Personal Care Home,
A PERFECT LOVE PCH,2520 KENSINGTON DRIVE,AUGUSTA,GA,30906,,PCH012185,Personal Care Home,
A PLACE OF REFUGE PCH,1490 COMPTON DR SW,MABLETON,GA,30126,,PCH012375,Personal Care Home,
A PLACE WE CALL HOME - ST JUSTE LIVING FACILITY,40 LEE ST,ROCKMART,GA,30153,,PCH010201,Personal Care Home,
"A RESTFUL RETREAT, RESIDENTIAL SENIOR LIVING",1576 DAVID LEE STREET,ACWORTH,GA,30102,,PCH009325,Personal Care Home,
"A Restfull Haven Personal Care Home, LLC",5 Walker Drive,Stockbridge,GA,30281,,PCH043868,Personal Care Home,
AALHS OF PALMETTO,530 TOOMBS ST,PALMETTO,GA,30268,,PCH012422,Personal Care Home,
Abba's Refuge Care Home LLC,5700 Leah Lane,Powder Springs,GA,30127,,PCH045301,Personal Care Home,
ABBIS HEALTHCARE HOMES LLC,850 METROPOLITAN PKWY SW,ATLANTA,GA,30310,,PCH012332,Personal Care Home,
ABL 1 SENIOR CARE HOME,2043 GROVE POINT ROAD,SAVANNAH,GA,31419,,PCH012308,Personal Care Home,
ABUNDANCE OF LIFE PERSONAL CARE HOME LLC,3505 WOODS DR,DECATUR,GA,30032,,PCH012169,Personal Care Home,
ABUNDANCE OF LOVE #1 PERSONAL CARE HOME,223 SOUTH MADISON AVENUE,MONROE,GA,30655,,PCH009752,Personal Care Home,
ABUNDANCE OF LOVE #2 PERSONAL CARE HOME,431 SOUTH BROAD ST,MONROE,GA,30655,,PCH012313,Personal Care Home,
Abundance of Love 3 Personal Care Home,422 South Broad Street,Monroe,GA,30655,,PCH044080,Personal Care Home,
ABUNDANT LIVING PERSONAL CARE,883 ROY WOOD ROAD,COMER,GA,30629,,PCH002184,Personal Care Home,
ABUNDANT LIVING PERSONAL CARE HOME,511 NORTH MONROE STREET,ALBANY,GA,31701,,PCH008169,Personal Care Home,
ABUNDANT LIVING PERSONAL CARE HOME,1218 PARKER AVENUE,ALBANY,GA,31707,,PCH012186,Personal Care Home,
ADAM & EVE PCH 1,5169 COVINGTON HIGHWAY,DECATUR,GA,30035,,PCH003499,Personal Care Home,
ADAM AND EVE PCH 2,5181 COVINGTON HWY,DECATUR,GA,30035,,PCH005595,Personal Care Home,
Adarious Watts,237 McCoy street,Americus,GA,31709,,PCH045453,Personal Care Home,
ADDINGTON PLACE OF BRUNSWICK,890 SCRANTON ROAD,BRUNSWICK,GA,31525,,ALC000223,Assisted Living Community,
ADDINGTON PLACE OF DUBLIN,212 FAIRVIEW PARK DRIVE,DUBLIN,GA,31021,,ALC000214,Assisted Living Community,
ADDINGTON PLACE OF JOHNS CREEK,5050 KIMBALL BRIDGE ROAD,JOHNS CREEK,GA,30005,,ALC000279,Assisted Living Community,
ADDINGTON PLACE OF ROSWELL,550 BARRINGTON DRIVE,ROSWELL,GA,30075,,PCH008668,Personal Care Home,
"Addison of Alpharetta, The",3675 OLD MILTON PARKWAY,ALPHARETTA,GA,30005,,ALC000548,Assisted Living Community,
"ADDISON OF GWINNETT PARK, THE",2450 BUFORD DRIVE,LAWRENCEVILLE,GA,30043,,ALC000642,Assisted Living Community,
ADOM HOMECARE SERVICES #2,4299 HIGHWAY 92,DOUGLASVILLE,GA,30135,,PCH012130,Personal Care Home,
ADOM HOMECARE SERVICES LLC,4370 HIGHWAY 92,DOUGLASVILLE,GA,30135,,PCH009949,Personal Care Home,
Adonis Personal Care Home,1409 GREENVIEW WAY,LAWRENCEVILLE,GA,30044,,PCH007114,Personal Care Home,
Affordable Care at Home LLC,"127 F Street, Suite 220 Brunswick, GA 31520",Brunswick,GA,31520,,PCH045448,Personal Care Home,
AFFORDABLE QUALITY PERSONAL HOME CARE,2118 SANDER RD,AUGUSTA,GA,30906,,PCH012282,Personal Care Home,
AGAPE LOVE PERSONAL CARE HOME 2,2713 NEPTUNE PLACE,DECATUR,GA,30034,,PCH009826,Personal Care Home,
AGAPE LOVE PERSONAL CARE HOME 3 LLC,7411 PLEASANT HILL ROAD,LITHONIA,GA,30058,,PCH009343,Personal Care Home,
AGAPE LOVE PERSONAL CARE HOME LLC,2258 CRESTKNOLL CIRCLE,DECATUR,GA,30032,,PCH010154,Personal Care Home,
AGAPE Serenity Home LLC,720 E Shotwell Street,Bainbridge,GA,39819,,PCH045826,Personal Care Home,
AGARD PERSONAL CARE HOME,5828 HWY 82 SPUR,COMMERCE,GA,30529,,PCH008589,Personal Care Home,
AJC PERSONAL CARE HOME LLC,5781 WESSON DRIVE,ELLENWOOD,GA,30294,,PCH012260,Personal Care Home,
ALBERT'S HOUSE,2471 KINGSCLIFF DRIVE,ATLANTA,GA,30345,,PCH009746,Personal Care Home,
ALBERT'S HOUSE ATLANTA,16 HOWELL STREET SE,ATLANTA,GA,30312,,PCH010152,Personal Care Home,
ALBERT'S HOUSE SANDPIPER,2553 SANDPIPER DRIVE,TUCKER,GA,30084,,PCH010186,Personal Care Home,
ALBERT'S HOUSE TALISMAN,2830 TALISMAN COURT NE,ATLANTA,GA,30345,,PCH009792,Personal Care Home,
"Albert’s House Five, LLC",4372 Lawrenceville Highway,Tucker,GA,30084,,PCH043578,Personal Care Home,
ALEXANDER IV SENIOR LIVING,3769 RIDGE AVENUE,MACON,GA,31204,,ALC000301,Assisted Living Community,
Alfreda Personal Care Home,7702 Green Springs Drive,Jonesboro,GA,30236,,PCH044566,Personal Care Home,
ALFREDA PERSONAL CARE HOME,6463 HERITAGE RUN,MORROW,GA,30260,,PCH009133,Personal Care Home,
ALL ABOUT TENDER CARE SNELLVILLE,3922 CENTERVILLE HIGHWAY 124,SNELLVILLE,GA,30039,,PCH010093,Personal Care Home,
ALL IN ONE PERSONAL CARE HOME,1260 HAMBRICK COURT,STONE MOUNTAIN,GA,30083,,PCH005198,Personal Care Home,
ALL INN CARE HOMES,4325 LAKE BREEZE DR,ST MOUNTAIN,GA,30083,,PCH012175,Personal Care Home,
ALL PARTNERS IN CARE SERVICES PCH,2266 STONE DRIVE,LILBURN,GA,30047,,PCH004367,Personal Care Home,
ALL SEASON PCH II,2400 ELKS CLUB ROAD,COVINGTON,GA,30014,,PCH007034,Personal Care Home,
ALL SEASON PCH III,1647 DAISY COVE CIRCLE,LAWRENCEVILLE,GA,30045,,PCH009395,Personal Care Home,
ALL STAR PERSONAL SERVICE,7125 PUCKETT STREET,COVINGTON,GA,30014,,PCH010128,Personal Care Home,
ALL STARR PERSONAL CARE HOME,5393 ROCKMOOR DRIVE,STONE MOUNTAIN,GA,30088,,PCH001429,Personal Care Home,
ALL WRIGHT PERSONAL CARE HOME LLC,24 CLEARVIEW AVENUE,FORSYTH,GA,31029,,PCH012399,Personal Care Home,
ALLEGIANCE PERSONAL CARE HOME,1507 PANOLA ROAD,ELLENWOOD,GA,30294,,PCH012265,Personal Care Home,
ALLGOOD PERSONAL CARE HOME,1158 ALLGOOD ROAD,STONE MOUNTAIN,GA,30083,,PCH001585,Personal Care Home,
ALLIANCE PCH,4328 CLEVEMONT ROAD,ELLENWOOD,GA,30294,,PCH006890,Personal Care Home,
ALMEDA'S SPRINGHILL MANOR,600 SPRINGHILL DRIVE,COVINGTON,GA,30014,,PCH002265,Personal Care Home,
ALPHARETTA ANGELS,3615 HOLBROOK CAMPGROUND RD,ALPHARETTA,GA,30004,,PCH012322,Personal Care Home,
Alto Boynton Ridge,54 BATTLEFIELD CANOPY CIRCLE,RINGGOLD,GA,30736,,ALC000681,Assisted Living Community,
Alto Warner Robins,120 LATHAM DRIVE,WARNER ROBINS,GA,31088,,ALC000651,Assisted Living Community,
ALTON PERSONAL CARE HOME,4150 ALTON STREET,COLUMBUS,GA,31903,,PCH009919,Personal Care Home,
Altruistic Personal Care Home,2000 Austell Rd.SW #401-405,Marietta,GA,30008,,PCH043334,Personal Care Home,
ALWAYS SOARING PERSONAL CARE HOME,4237 ROCKING CHAIR LANE,STONE MOUNTAIN,GA,30083,,PCH012324,Personal Care Home,
ALZHEIMER'S SERVICES CENTER,7251 MT ZION CIRCLE,MORROW,GA,30260,,PCH005818,Personal Care Home,
AMAZING GRACE CHRISTIAN SENIOR SERVICES LLC,17 W MAIN ST,HAMPTON,GA,30228,,PCH012156,Personal Care Home,
Amber Grace Community,101 Independence Lane NW,Mount Berry,GA,30149,,PCH044847,Personal Care Home,
Amber Grove @ Griffin Park-Griffin House,107 WEST LIBERTY STREET,CLAXTON,GA,30417,,PCH005621,Personal Care Home,
Amber Grove @ Griffin Park-Journey House,107 - B WEST LIBERTY STREET,CLAXTON,GA,30417,,PCH005779,Personal Care Home,
Amber Grove @ North Spring,4 NORTH SPRING STREET,CLAXTON,GA,30417,,PCH004010,Personal Care Home,
Amber Grove @ Savannah Seasons,249 HOLLAND DRIVE,SAVANNAH,GA,31419,,PCH001092,Personal Care Home,
AMBITIOUS LIVING STAGES,1206 W MAGNOLIA ST,VALDOSTA,GA,31601,,PCH012243,Personal Care Home,
AMELIA GARDENS,576 NICKAJACK ROAD,MABLETON,GA,30126,,PCH001377,Personal Care Home,
AMELIA GARDENS II,2030 BASCOMB CARMEL ROAD,WOODSTOCK,GA,30189,,PCH005368,Personal Care Home,
AMELIA GARDENS PCH OF MARIETTA,4561 CANTON ROAD,MARIETTA,GA,30066,,PCH008650,Personal Care Home,
AMELIA GARDENS PCH OF MARIETTA II,4561 CANTON ROAD BLDG 200,MARIETTA,GA,30066,,PCH002043,Personal Care Home,
AMELIA'S PLACE PCH,2053 SOUTH STONE MOUNTAIN LITHONIA RD,LITHONIA,GA,30058,,PCH006746,Personal Care Home,
AMICASA PERSONAL CARE HOME COMMUNITY,3482 FLAT SHOALS ROAD,DECATUR,GA,30034,,PCH008828,Personal Care Home,
AN ARK OF MERCY PERSONAL CARE HOME,427 SOUTH BROAD STREET,MONROE,GA,30655,,PCH010170,Personal Care Home,
ANA'S PHC #2 PCH,730 TAB ROBERTS ROAD,LAWRENCEVILLE,GA,30043,,PCH007169,Personal Care Home,
"ANCHOR HOLDS PCH, THE",478 PATTERSON ROAD,LAWRENCEVILLE,GA,30044,,PCH009230,Personal Care Home,
ANCHOR PERSONAL CARE HOME,2865 CENTERVILLE HIGHWAY,SNELLVILLE,GA,30078,,PCH010020,Personal Care Home,
ANDDINN'S HOME,3301 CORKTREE TRAIL,STONECREST,GA,30038,,PCH009341,Personal Care Home,
Anddinns Home 1,1606 Randolph Ct,Monroe,GA,30655,,PCH042884,Personal Care Home,
ANDREWS TERRACE,1009 BONNER DRIVE,PERRY,GA,31069,,PCH003164,Personal Care Home,
"Angel Hands Adult Home Care, LLC",355 Coconut Drive,Bloomingdale,GA,31302,,PCH042999,Personal Care Home,
Angel Hearts Personal Care Home,202 Fair Street,Loganville,GA,30052,,PCH044247,Personal Care Home,
ANGEL'S CARE PERSONAL CARE HOME,2620 RICHMOND HILL ROAD,AUGUSTA,GA,30906,,PCH005070,Personal Care Home,
ANGELS BLESSINGS PERSONAL CARE HOME,1412 DEE KENNEDY RD,HOSCHTON,GA,30548,,PCH012299,Personal Care Home,
"Angels Blessings Personal Care Home II, LLC",645 Rosebud Lane,Winder,GA,30680,,PCH045314,Personal Care Home,
ANGELS DIVINE PCH,3065 JEFFERSONVILLE ROAD,MACON,GA,31217,,PCH009106,Personal Care Home,
ANGELS GARDEN SENIOR COMMUNITY BLDG #1,3093 HOG MOUNTAIN ROAD,DACULA,GA,30019,,PCH007209,Personal Care Home,
ANGELS GARDEN SENIOR COMMUNITY BLDG #2,3103 HOG MOUNTAIN RD,DACULA,GA,30019,,PCH008120,Personal Care Home,
ANGELS OF MERCY,2296 SARATOGA DR,DECATUR,GA,30032,,PCH002353,Personal Care Home,
Angels of Mercy Personal Care Home Inc.,5778 Eagle Feather Lane,Riverdale,GA,30274,,PCH045478,Personal Care Home,
ANGELS PCH,390 EMERALD GREEN COURT,COLLEGE PARK,GA,30349,,PCH005814,Personal Care Home,
ANGELS PCH,6290 WEST FAYETTEVILLE,RIVERDALE,GA,30296,,PCH007964,Personal Care Home,
ANGELS ROYAL GARDENS II,5913 HOMESTEAD COURT,REX,GA,30273,,PCH008192,Personal Care Home,
ANGELS TOUCH PERSONAL CARE HOME,2706 COCKLEBUR,DECATUR,GA,30034,,PCH012161,Personal Care Home,
ANITA PERSONAL CARE HOME,4411 EWING ROAD,AUSTELL,GA,30106,,PCH007088,Personal Care Home,
ANITA PERSONAL CARE HOME LLC,4253 SORRELLS BLVD,POWDER SPRINGS,GA,30127,,PCH012297,Personal Care Home,
ANNANDALE VILLAGE,3500 ANNANDALE LANE,SUWANEE,GA,30024,,PCH001991,Personal Care Home,
ANNANDALE VILLAGE CENTER FOR CONTINUED CARE,3500 ANNANDALE LANE,SUWANEE,GA,30024,,ALC000204,Assisted Living Community,
ANNIE'S PLACE,4811 JACKSON-WILLIAMS ROAD,GARFIELD,GA,30425,,PCH006772,Personal Care Home,
ANTEBELLUM GROVE SENIOR LIVING,1010 KATHRYN RYALS ROAD,WARNER ROBINS,GA,31088,,PCH002084,Personal Care Home,
ANTEBELLUM JAMES BURGESS SENIOR LIVING,1520 JAMES BURGESS ROAD,SUWANEE,GA,30024,,ALC000212,Assisted Living Community,
ANTHONY'S PERSONAL CARE,2329 CADDEN ROAD,AUGUSTA,GA,30906,,PCH005997,Personal Care Home,
APACHE PERSONAL CARE HOME,3135 APACHE DRIVE,COLUMBUS,GA,31909,,PCH012328,Personal Care Home,
APPALACHEE HOME,4600 MONROE HIGHWAY,STATHAM,GA,30666,,PCH002273,Personal Care Home,
"ARBOR AT BRIDGEMILL, THE",700 FREEDOM BLVD,CANTON,GA,30114,,ALC000707,Assisted Living Community,
"Arbor House Healing, LLC",5930 Highway 85 unit 203 and 204,Riverdale,GA,30274,,PCH043004,Personal Care Home,
ARBOR MANOR 1902,1902 MACON ROAD,PERRY,GA,31069,,PCH009927,Personal Care Home,
ARBOR MANOR PERSONAL CARE HOME 1900,1900 MACON ROAD,PERRY,GA,31069,,PCH012184,Personal Care Home,
Arbor Terrace Acworth,4461 SOUTH MAIN STREET,ACWORTH,GA,30101,,ALC000235,Assisted Living Community,
Arbor Terrace at Crabapple,12200 CRABAPPLE ROAD,ALPHARETTA,GA,30004,,ALC000542,Assisted Living Community,
Arbor Terrace At Hamilton Mill,3581 BRASELTON HIGHWAY,DACULA,GA,30019,,ALC000198,Assisted Living Community,
ARBOR TERRACE DECATUR,425 WINN WAY,DECATUR,GA,30030,,ALC000104,Assisted Living Community,
ARBOR TERRACE OF ATHENS,170 MARILYN FARMER WAY,ATHENS,GA,30606,,ALC000038,Assisted Living Community,
Arbor Terrace of Burnt Hickory,920 BURNT HICKORY ROAD,MARIETTA,GA,30064,,ALC000244,Assisted Living Community,
ARBOR TERRACE PEACHTREE CITY,201 CROSSTOWN DRIVE,PEACHTREE CITY,GA,30269,,PCH009400,Personal Care Home,
Arbor Terrace South Forsyth,3180 KAREN WHITE DR,SUWANEE,GA,30024,,ALC000197,Assisted Living Community,
"ARBORWOOD PERSONAL CARE HOME, LLC",342 Rockbridge Rd,Stone Mountain,GA,,,PCH012274,Personal Care Home,
ARCHWAY QUALITY CARE INC,1779 MILLER SPRINGS DR,BETHLEHEM,GA,30620,,PCH012224,Personal Care Home,
Arise & Shine Personal Care Facility,73 LIBERTY STREET,Hawkinsville,GA,31036,,PCH043425,Personal Care Home,
Arlington Senior Living LLC,684 ARLINGTON PLACE,MACON,GA,31201,,PCH009095,Personal Care Home,
ASHTON MANOR AT SUGARLOAF LLC,1155 LAWRENCEVILLE HIGHWAY,LAWRENCEVILLE,GA,30046,,ALC000590,Assisted Living Community,
"ASHTON SENIOR LIVING, GAINESVILLE",1012 Enota Ave NE,Gainesville,GA,30501,,ALC000195,Assisted Living Community,
ASHWOOD PERSONAL CARE HOME,6303 ASHWOOD DRIVE,COLUMBUS,GA,31904,,PCH009937,Personal Care Home,
"ASSURE COMMUNITY LIVING SERVICES, LLC",5089 AARON LANE,COLUMBUS,GA,31907,,PCH012392,Personal Care Home,
AT EASE PERSONAL CARE HOME,2548 CENTRAL AVENUE,AUGUSTA,GA,30904,,PCH009227,Personal Care Home,
At Home Quality Comfort Care,2020 Star Ave,Savannah,GA,31405,,PCH042723,Personal Care Home,
At Home Senior Living of Thomson LLC,150 Heritage Lane NW,Thomson,GA,30824,,ALC000332,Assisted Living Community,
At Home Senior Living Of Cochran,147 S 6TH STREET,COCHRAN,GA,31014,,ALC000591,Assisted Living Community,
"At Home Senior Living of Jesup, LLC",150 HINSON MOSLEY ROAD,JESUP,GA,31545,,ALC000718,Assisted Living Community,
ATHERTON PLACE,111 TOWER ROAD,MARIETTA,GA,30060,,PCH001379,Personal Care Home,
ATLANTA WE CARE,2460 JOHNSTOWE RD,MONROE,GA,30656,,PCH012363,Personal Care Home,
ATRIA NORTH POINT,100 SOMERBY DRIVE,ALPHARETTA,GA,30009,,ALC000055,Assisted Living Community,
ATRIA PARK OF TUCKER,5844 LAWRENCEVILLE HIGHWAY,TUCKER,GA,30084,,PCH008271,Personal Care Home,
ATTENTIVE NEEDS,7264 AMANDA COURT,RIVERDALE,GA,30274,,PCH007295,Personal Care Home,
AUGUSTA VILLAS,2237 LEE STREET,AUGUSTA,GA,30904,,PCH008091,Personal Care Home,
AUGUSTA VILLAS BY HARBORVIEW,2237 LEE ST,AUGUSTA,GA,30904,,PCH010187,Personal Care Home,
"AUTUMN ESTATE, LLC",1240 DAWNVILLE ROAD,DALTON,GA,30721,,PCH009922,Personal Care Home,
AUTUMN HOUSE PCH,3059 NOTTAWAY COURT,CHAMBLEE,GA,30341,,PCH006788,Personal Care Home,
AUTUMN SENIOR LIVING,3654 J DEWEY GRAY CIRCLE,AUGUSTA,GA,30909,,PCH009401,Personal Care Home,
AUTUMN SQUARE,2455 OAK GROVE CHURCH ROAD,CARROLLTON,GA,30117,,PCH001175,Personal Care Home,
AUTUMN TERRACE #2,1026 KEITH DRIVE,PERRY,GA,31069,,PCH002071,Personal Care Home,
AUTUMN TERRACE #3,1026 KEITH DRIVE,PERRY,GA,31069,,PCH002074,Personal Care Home,
AUTUMN TERRACE#1,1026 KEITH DRIVE,PERRY,GA,31069,,PCH002069,Personal Care Home,
AUTUMN VILLAGE 2A,746 MCDONOUGH ROAD,JACKSON,GA,30233,,PCH004722,Personal Care Home,
AUTUMN VILLAGE 2B,746 MCDONOUGH ROAD,JACKSON,GA,30233,,PCH004720,Personal Care Home,
AUTUMN VILLAGE 2C,746 MCDONOUGH ROAD,JACKSON,GA,30233,,PCH004718,Personal Care Home,
AUTUMN VILLAGE ASSISTED LIVING FACILITY,753 COVINGTON STREET,JACKSON,GA,30233,,PCH004670,Personal Care Home,
AVANT CARE,1402 SHADOWBROOK DR,MARIETTA,GA,30062,,PCH010063,Personal Care Home,
Avenly Senior Living,5413 NORTHLAND DRIVE,ATLANTA,GA,30342,,ALC000306,Assisted Living Community,
AVERY VILLAGE,124 AVERY STREET,WINTERVILLE,GA,30683,,ALC000331,Assisted Living Community,
AVONDALE HOMES AT DECATUR,3508 KENSINGTON ROAD,DECATUR,GA,30032,,PCH001613,Personal Care Home,
AVONDALE HOMES AT NORTHLAKE,3965 GLOUCESTER DRIVE,TUCKER,GA,30084,,PCH002705,Personal Care Home,
"Awesome Personal Care Home, LLC",7190 Walton Reserve Lane,Austell,GA,30168,,PCH045829,Personal Care Home,
Awesome Personal Home Care,7190 Walton Reserve Ln,Austell,GA,30168,,PCH044515,Personal Care Home,
AZALEA ESTATES OF FAYETTEVILLE,105 AUTUMN GLEN CIRCLE,FAYETTEVILLE,GA,30215,,ALC000604,Assisted Living Community,
AZALEA GARDENS AT MABLETON LLC,3829 FLOYD ROAD,AUSTELL,GA,30106,,PCH012210,Personal Care Home,
AZALEA MANOR PERSONAL CARE HOME,557 EAST WATERMAN STREET,MARIETTA,GA,30060,,PCH007180,Personal Care Home,
AZALEA SENIOR CARE,2130 AZALEA DR,LAWRENCEVILLE,GA,30043,,PCH012236,Personal Care Home,
AZALEA WAY,125 Hambleton St,Thomasville,GA,31792,,PCH002525,Personal Care Home,
BAPTIST VILLAGE DBA VILLAGE LK,715 VILLAGE LAKE DRIVE,WAYCROSS,GA,31503,,PCH002620,Personal Care Home,
BARCLAY HOUSE OF AUGUSTA,204 FRAZIER COURT,AUGUSTA,GA,30909,,ALC000351,Assisted Living Community,
BARCLAY HOUSE OF CARROLLTON,150 COTTAGE LANE,CARROLLTON,GA,30117,,PCH010206,Personal Care Home,
Barclay House of Carrollton Memory Care,150 COTTAGE LANE,CARROLLTON,GA,30117,,ALC000685,Assisted Living Community,
BARNA PERSONAL CARE HOME,490 JERRY HUMPHRIES ROAD,PELHAM,GA,31779,,PCH002202,Personal Care Home,
Bay's Haven Personal Care Home,141 Denis Drive,Jeffersonville,GA,31044,,PCH043412,Personal Care Home,
BEASLEY'S PERSONAL CARE HOME,310 SOUTH 3RD STREET,STILLMORE,GA,30464,,PCH001734,Personal Care Home,
BEAVER RUN PERSONAL CARE HOME,8000 BEAVER RUN ROAD,MIDLAND,GA,31820,,PCH009303,Personal Care Home,
BEECH HAVEN OPCO LLC - PENDING,"4375 BEECH HAVEN TRAIL, SE",ATLANTA,GA,30339,,ALC000690,Assisted Living Community,
BEEHIVE HOMES MEMORY CARE OF STOCKBRIDGE,100 MONARCH VILLAGE WAY,STOCKBRIDGE,GA,30281,,ALC000722,Assisted Living Community,
BEEHIVE HOMES OF GAINESVILLE,1073 SOUTH ENOTA,GAINESVILLE,GA,30501,,PCH008048,Personal Care Home,
"BELL, FRANCES B PERSONAL CARE",106 JOYNER OGLESBY ROAD,SARDIS,GA,30456,,PCH001137,Personal Care Home,
BELLE VISTA PEACOCK RESIDENCE,62 WORTHINGTON ROAD,KINGSTON,GA,30145,,PCH001063,Personal Care Home,
BELLEVUE VILLAGE AT NEESE ROAD,756 NEESE ROAD,WOODSTOCK,GA,30188,,PCH012290,Personal Care Home,
BELLEVUE VILLAGE AT WOODSTOCK,1000 PROFESSIONAL PKWY,WOODSTOCK,GA,30188,,ALC000720,Assisted Living Community,
BELMONT VILLAGE BUCKHEAD,"5455 GLENRIDGE DRIVE, NE",ATLANTA,GA,30342,,PCH008036,Personal Care Home,
BELMONT VILLAGE JOHNS CREEK,4315 JOHNS CREEK PARKWAY,SUWANEE,GA,30024,,PCH008034,Personal Care Home,
BELOVED PCH,3012 LIBBY DRIVE,AUGUSTA,GA,30906,,PCH009899,Personal Care Home,
Benevolent Village,4487 Trickum Rd NE,Marietta,GA,30066,,PCH046036,Personal Care Home,
BENJAMIN'S PERSONAL CARE HOME,2897 SUMMIT DR,JONESBORO,GA,30236,,PCH010123,Personal Care Home,
BENTLEY SQUARE BY HARBORVIEW,3884 LAVISTA ROAD,TUCKER,GA,30084,,PCH009342,Personal Care Home,
BENTON HOUSE OF COVINGTON,7155 DEARING ROAD,COVINGTON,GA,30014,,ALC000553,Assisted Living Community,
BENTON HOUSE OF DOUGLASVILLE,4999 PRESTLEY MILL ROAD,DOUGLASVILLE,GA,30135,,ALC000222,Assisted Living Community,
BENTON HOUSE OF GRAYSON,2270 LOGANVILLE HIGHWAY,GRAYSON,GA,30017,,ALC000579,Assisted Living Community,
BENTON HOUSE OF NEWNAN,25 NEWNAN LAKES BOULEVARD,NEWNAN,GA,30263,,ALC001657,Assisted Living Community,
BENTON HOUSE OF NEWNAN,25 NEWNAN LAKES BOULEVARD,NEWNAN,GA,30263,,ALC000575,Assisted Living Community,
BENTON HOUSE OF STOCKBRIDGE,201 EVERGREEN TERRACE,STOCKBRIDGE,GA,30281,,ALC000545,Assisted Living Community,
BENTON HOUSE OF SUGAR HILL,6009 SUWANEE DAM ROAD,SUGAR HILL,GA,30518,,ALC000229,Assisted Living Community,
BENTON HOUSE OF WOODSTOCK,3385 TRICKUM ROAD,WOODSTOCK,GA,30188,,ALC000582,Assisted Living Community,
BENTON MANOR OF STOCKBRIDGE,195 EVERGREEN TERRACE,STOCKBRIDGE,GA,30281,,ALC000602,Assisted Living Community,
BERMAN COMMONS ASSISTED LIVING AND MEMORY CARE,2026 WOMACK ROAD,ATLANTA,GA,30338,,ALC000165,Assisted Living Community,
BERNICE BELL HOUSE PERSONAL CARE HOME LLC,409 N LEE STREET,AMERICUS,GA,31709,,PCH012223,Personal Care Home,
BESSIE'S CARE HOME,3662 GRAY BIRCH DR,DECATUR,GA,30034,,PCH012143,Personal Care Home,
BESTCARE SENIOR HOME 1,"2775 CRUSE ROAD, BLDG 1401",LAWRENCEVILLE,GA,30044,,PCH009355,Personal Care Home,
BESTCARE SENIOR HOME 2,"2775 CRUSE ROAD, BLDG 1501",LAWRENCEVILLE,GA,30044,,PCH009359,Personal Care Home,
BETHEL GARDENS,3805 JACKSON WAY EXT,POWDER SPRINGS,GA,30127,,PCH009223,Personal Care Home,
BETTER DAYS,3190 SMOKE RIDGE CT,FAIRBURN,GA,30213,,PCH008368,Personal Care Home,
"BETTER HOME CARE, A",2700 STANCIL BOULEVARD,JONESBORO,GA,30236,,PCH005050,Personal Care Home,
BETTY'S PERSONAL CARE HOME,17 ARABIAN TRAIL,SWAINSBORO,GA,30401,,PCH005456,Personal Care Home,
BETTY'S PERSONAL CARE HOME,"1288 LORENZO DRIVE, S.W.",ATLANTA,GA,30310,,PCH001847,Personal Care Home,
Beverly At Kingsbrook Estates LLC,1719 Mallard Circle,Conley,GA,30288,,PCH044755,Personal Care Home,
BIG SPRINGS VILLAGE,131 MELISSA LANE,CEDARTOWN,GA,30125,,PCH009373,Personal Care Home,
BILMISD LOVING CARE HOME,5318 POST ROAD PASS,STONE MOUNTAIN,GA,30088,,PCH005574,Personal Care Home,
"BIRCHES AT VILLA RICA, THE",201 PERMIAN WAY,VILLA RICA,GA,30180,,ALC000696,Assisted Living Community,
"BIRCHES ON MAPLE, THE",100 MAPLE VIEW DRIVE,CARROLLTON,GA,30117,,ALC000355,Assisted Living Community,
BLACKSHEAR RETIREMENT VILLAS,1110 BLACKSHEAR ROAD,CORDELE,GA,31015,,PCH001459,Personal Care Home,
"BLANTON HOUSE AT COTTON GROVE ESTATE, THE",233 JOE NAIA ROAD,JESUP,GA,31545,,PCH009380,Personal Care Home,
BLD PERSONAL HOME CARE,564 GLENNHAVEN DRIVE,MARIETTA,GA,30064,,PCH009159,Personal Care Home,
BLESS CHILD R3 OASIS,9212 GA HWY 57,MCINTYRE,GA,31054,,PCH010202,Personal Care Home,
BLESS TO THE MAX,5870 GA HIGHWAY 57,GORDON,GA,31031,,PCH005782,Personal Care Home,
BLISSFUL HAVEN PERSONAL CARE HOME LLC,6126 PEBBLE DRIVE,DOUGLASVILLE,GA,30135,,PCH012405,Personal Care Home,
Blossom Hill Senior Living,"2752 Morgan Road, NE",Marietta,GA,30066,,PCH044634,Personal Care Home,
"BLUE GARNET PCH, THE",466 MANGET STREET,MARIETTA,GA,30060,,PCH008109,Personal Care Home,
BLUE GRASS PERSONAL CARE HOME,2660 WHISPER TRAIL,DOUGLASVILLE,GA,30135,,PCH008451,Personal Care Home,
BLUE STREAM RESIDENTIAL HOME,4266 RIDGEFIELD COURT,COLUMBUS,GA,31907,,PCH009293,Personal Care Home,
BLUE WILLOW PERSONAL CARE HOME,1585 LONGWOOD DRIVE,MARIETTA,GA,30008,,PCH008585,Personal Care Home,
BLYTHER COMFORTING HOME,2458 WEDGEWOOD COURT,DECATUR,GA,30035,,PCH005780,Personal Care Home,
BOBBI PERSONAL CARE HOME II,112 JEFFERSON PARKWAY #714,NEWNAN,GA,30263,,PCH003767,Personal Care Home,
BOSWELL PERSONAL CARE HOME,4365 EATONTON ROAD,MADISON,GA,30650,,PCH009969,Personal Care Home,
"BOTANY PERSONAL CARE HOME, II",5319 MADISON ST,FOREST PARK,GA,30297,,PCH010014,Personal Care Home,
BOUNTIFUL HILLS,200 BOLTON DRIVE,COMMERCE,GA,30529,,PCH009912,Personal Care Home,
BOYZ TO MEN RESIDENTIAL FACILITY,721 23RD STREET,COLUMBUS,GA,31904,,PCH010066,Personal Care Home,
BRADLEY PLACE,418 NORTH PARK AVENUE,TIFTON,GA,31794,,PCH012278,Personal Care Home,
"Branches of Love, Inc.",2769 KILGORE RD,BUFORD,GA,30519,,PCH009943,Personal Care Home,
"BRANTLEY - CAULEY, OVIE THE",1628 COLLEGE STREET,SOPERTON,GA,30457,,PCH007767,Personal Care Home,
BRASSTOWN MANOR,108 CHURCH STREET,HIAWASSEE,GA,30546,,ALC000017,Assisted Living Community,
BRAVE PCH,9189 BRAVE COURT,JONESBORO,GA,30236,,PCH004244,Personal Care Home,
Brenda's House LLC,5287 Eton Drive,Columbus,GA,31907,,PCH042833,Personal Care Home,
BREWER PERSONAL CARE HOME,1481 BREWER AVENUE,COLUMBUS,GA,31903,,PCH009888,Personal Care Home,
"BRIDGE AT LAWRENCEVILLE, THE",220 COLLINS INDUSTRIAL WAY,LAWRENCEVILLE,GA,30045,,PCH002002,Personal Care Home,
BRIGHT ALTERNATIVE HOME CARE,2955 MEDINA DR,JONESBORO,GA,30236,,PCH012259,Personal Care Home,
Bright Hope Personal Care Home,586 FORT STREET,MARIETTA,GA,30060,,PCH010127,Personal Care Home,
BRIGHT JOURNEY,1107 BRANDYWINE DR,COLUMBUS,GA,31907,,PCH010139,Personal Care Home,
BRIGHT LILY PERSONAL CARE HOME,1680 NORTHWOODS DRIVE,MARIETTA,GA,30066,,PCH010184,Personal Care Home,
BRIGHT ROSE PERSONAL CARE HOME,1425 KINCAID ROAD,MARIETTA,GA,30066,,PCH001554,Personal Care Home,
BRIGHT UNIQUE PERSONAL CARE HOME,2266 BASSWOOD DR,AUGUSTA,GA,30906,,PCH012289,Personal Care Home,
BRIGHTER BEGINNING PCH,800 CHAPEL HILL DRIVE,LAWRENCEVILLE,GA,30045,,PCH006093,Personal Care Home,
BRIGHTER DAY PCH,2720 COLORADO STREET,COLUMBUS,GA,31906,,PCH004068,Personal Care Home,
BRIGHTER DAY PERSONAL CARE HOME,503 SOUTH GOODMAN STREET,SPARKS,GA,31647,,PCH009318,Personal Care Home,
BRIGHTER MORNINGS AT THE SHOALS,7456 HWY 82 SPUR,MAYSVILLE,GA,30558,,PCH006591,Personal Care Home,
BRIGHTMOOR SENIOR LIVING,3223 NEWNAN ROAD,GRIFFIN,GA,30223,,PCH009320,Personal Care Home,
BRIGHTON GARDENS OF DUNWOODY,1240 ASHFORD CENTER PARKWAY,DUNWOODY,GA,30338,,ALC000298,Assisted Living Community,
BRITTANY'S ANGELS PERSONAL CARE HOME,15 SIDNEY DRIVE,SAVANNAH,GA,31406,,PCH002040,Personal Care Home,
BRITTANY'S ANGELS PERSONAL CARE HOME 2,25 N PARKWOOD DRIVE,SAVANNAH,GA,31404,,PCH010027,Personal Care Home,
BRITTANY'S PLACE,141 DENIS DRIVE,JEFFERSONVILLE,GA,31044,,PCH003008,Personal Care Home,
BROAD STREET PCH,227 BROAD STREET,TALLAPOOSA,GA,30176,,PCH003286,Personal Care Home,
BRODERICK PERSONAL CARE,114 CHAPEL ST,GREENSBORO,GA,30642,,PCH006202,Personal Care Home,
BROKEN HORN CT,3926 BROKEN HORN COURT,DOUGLASVILLE,GA,30135,,PCH008901,Personal Care Home,
BROOKDALE AUGUSTA,326 BOY SCOUT ROAD,AUGUSTA,GA,30909,,PCH007735,Personal Care Home,
BROOKDALE CARROLLTON,530 NORTHSIDE DRIVE,CARROLLTON,GA,30117,,ALC000115,Assisted Living Community,
BROOKDALE CHAMBREL ROSWELL,1000 APPLEWOOD DRIVE,ROSWELL,GA,30076,,ALC022296,Assisted Living Community,
BROOKDALE CHAMBREL ROSWELL,1000 APPLEWOOD DRIVE,ROSWELL,GA,30076,,PCH001892,Personal Care Home,
BROOKDALE CHAMBREL ROSWELL MC,2000 APPLEWOOD DRIVE,ROSWELL,GA,30076,,ALC000216,Assisted Living Community,
BROOKDALE COLUMBUS,3607 WEEMS ROAD,COLUMBUS,GA,31909,,ALC000723,Assisted Living Community,
BROOKDALE COLUMBUS,3607 WEEMS ROAD,COLUMBUS,GA,31909,,PCH002258,Personal Care Home,
BROOKDALE HARTWELL,45 WALNUT STREET,HARTWELL,GA,30643,,PCH007787,Personal Care Home,
BROOKDALE LAWRENCEVILLE,1000 RIVER CENTRE PLACE,LAWRENCEVILLE,GA,30043,,ALC000307,Assisted Living Community,
BROOKDALE NEWNAN,355 MILLARD FARMER INDUSTRIAL BOULEVARD,NEWNAN,GA,30263,,ALC000598,Assisted Living Community,
BROOKDALE ROME,180 WOODROW WILSON WAY,ROME,GA,30165,,ALC000113,Assisted Living Community,
BROOKSIDE CARTERSVILLE,60 MASSELL DRIVE SE,CARTERSVILLE,GA,30121,,PCH009305,Personal Care Home,
BROOKSIDE COMMERCE,199 WEST W GARY ROAD,COMMERCE,GA,30529,,PCH008902,Personal Care Home,
BROOKSIDE GLEN,400 BRADLEY PARK DR,COLUMBUS,GA,31904,,ALC000564,Assisted Living Community,
Broughtons Refuge,3409 Hyland Drive,Decatur,GA,30032,,PCH046026,Personal Care Home,
BROWN PERSONAL CARE HOME,554 IDLEWOOD ROAD,WAYNESBORO,GA,30830,,PCH003253,Personal Care Home,
BUCKHEAD FLATS,2848 LENOX ROAD NE,ATLANTA,GA,30324,,PCH009361,Personal Care Home,
BUCKINGHAM SOUTH,5450 ABERCORN STREET,SAVANNAH,GA,31405,,ALC000117,Assisted Living Community,
BURNT HICKORY RESIDENCES,89 BURNT HICKORY ROAD,CARTERSVILLE,GA,30120,,PCH008642,Personal Care Home,
BURST OF JOY,396 7TH AVE SE,CAIRO,GA,39828,,PCH007341,Personal Care Home,
BWELL PERSONAL CARE HOME LLC,4221 CHARTEY ROAD,DOUGLASVILLE,GA,30135,,PCH012245,Personal Care Home,
C & G CARE WHISPERS,5520 HIGHWAY 20,LOGANVILLE,GA,30052,,PCH008409,Personal Care Home,
C & M PERSONAL CARE HOME,36 COCHRAN RD,MARIETTA,GA,30060,,PCH008427,Personal Care Home,
C R NEELEY,1142 COLVIN KENNEDY ROAD,LINCOLNTON,GA,30817,,PCH006616,Personal Care Home,
Cadelus Home LLC,2973 Drexel LANE,Jonesboro,GA,30236,,PCH044701,Personal Care Home,
CALMING AURA EXCEPTIONAL LIVING,1110 STRAWBERRY LANE,ELLENWOOD,GA,30294,,PCH012296,Personal Care Home,
CAMBRIDGE MANOR,101 PACES LANE,BOSTON,GA,31626,,PCH012254,Personal Care Home,
"CAMBRIDGE, THE",4838 SOUTH COBB DRIVE SE,SMYRNA,GA,30080,,ALC000309,Assisted Living Community,
CAMELLIA PLACE,294 ROPE MILL ROAD,WOODSTOCK,GA,30188,,ALC000315,Assisted Living Community,
CAMELLIA WALK ASSISTED LIVING AND MEMORY CARE,3949 EVANS TO LOCKS ROAD,EVANS,GA,30809,,ALC000254,Assisted Living Community,
CAMELOT COURT,611 SOUTH APRICOT STREET,OCILLA,GA,31774,,PCH002085,Personal Care Home,
CAMELOT HOUSE,6270 KIMBERLY MILLS ROAD,COLLEGE PARK,GA,30349,,PCH009751,Personal Care Home,
CAMERON HALL SENIOR LIVING COMMUNITIES,240 MARIETTA HIGHWAY,CANTON,GA,30114,,ALC000107,Assisted Living Community,
CAMPBELL - STONE NORTH PERSONAL CARE,"350 CARPENTER DRIVE, NE",ATLANTA,GA,30328,,PCH003187,Personal Care Home,
CANDLER RIDGE II,1205 NUNNALLY DRIVE,MONROE,GA,30655,,PCH004544,Personal Care Home,
CANDLER RIDGE III PCH,4053 CHEMAWA DRIVE,STONE MOUNTAIN,GA,30083,,PCH006677,Personal Care Home,
CANNON WOOD VILLAGE,2834 OLD US HIGHWAY 441,TIGER,GA,30576,,PCH004648,Personal Care Home,
"CANOPY AT AZALEA GROVE, THE",6002 N OAK STREET,VALDOSTA,GA,31605,,ALC000657,Assisted Living Community,
CANTERBURY COURT,"3750 PEACHTREE ROAD, NE",ATLANTA,GA,30319,,ALC000343,Assisted Living Community,
CANTERFIELD OF KENNESAW,4381 BELLS FERRY,KENNESAW,GA,30144,,ALC000252,Assisted Living Community,
CapTech PCH Facility TEST,"999 Main Street, Suite 999",Rome,GA,30164,,PCH044557,Personal Care Home,
CARE CONNECT RESIDENTIAL LIVING SERVICES,2475 MEREDITH WALK,ELLENWOOD,GA,30294,,PCH009832,Personal Care Home,
CARE OASIS CAREGIVERS,818 PROFESSIONAL CENTER DR,EASTMAN,GA,31023,,PCH012349,Personal Care Home,
Care Share Solutions,2655 Rosebud Road,Grayson,GA,30017,,PCH044401,Personal Care Home,
CARED BY SISTERS,582 ROCKBRIDGE RD SW,LILBURN,GA,30047,,PCH009963,Personal Care Home,
CAREFREE MAISON,4055 WILL LEE ROAD,COLLEGE PARK,GA,30349,,PCH003941,Personal Care Home,
Careful Care Personal Care Home,601 East Griffin Ave.,Attapulgus,GA,39815,,PCH043652,Personal Care Home,
Careful Care Personal Home,601 East Griffin Ave,Attapulgus,GA,39815,,ALC043518,Assisted Living Community,
CareNovella Signature Living - Powder Springs,4906 Crider Creek Dr,Powder Springs,GA,30127,,PCH045487,Personal Care Home,
CARESTARS SENIOR LIVING,3129 BRYANT LANE,MARIETTA,GA,30066,,PCH012305,Personal Care Home,
"CARING HAND PERSONAL CARE HOME, A",2228 ROSIER RD UNIT A,AUGUSTA,GA,30906,,PCH010181,Personal Care Home,
CARING HANDS ADULT CARE CORP,"2000 AUSTELL RD, SUITE 406-410 416-420",MARIETTA,GA,30008,,PCH012152,Personal Care Home,
CARING HANDS ADULT CARE I,"2000 AUSTELL ROAD BUILDING 400, SUITE 426-430",MARIETTA,GA,30008,,PCH010142,Personal Care Home,
Caring Hands Adult Care Q & A,2000 Austell Road SW,Marietta,GA,30008,,PCH045315,Personal Care Home,
Caring Hands Family LLC,2955 Atkinson Road,Loganville,GA,30052,,PCH045494,Personal Care Home,
Caring Hands Family LLC,2955 Atkinson Road,Loganville,GA,30052,,PCH045528,Personal Care Home,
CARING HANDS PERSONAL CARE HOME,1741 HIGHWAY 138,RIVERDALE,GA,30296,,PCH005233,Personal Care Home,
CARING HEARTS PERSONAL CARE HOME,430 SOUTH BROAD STREET,MONROE,GA,30655,,PCH007982,Personal Care Home,
CARITAS II PCH,4392 YELLOW ROSE DRIVE,AUSTELL,GA,30106,,PCH006637,Personal Care Home,
CARITAS III PCH,301 DILLARD DRIVE NE,KENNESAW,GA,30144,,PCH008692,Personal Care Home,
CARITAS PCH,281 DILLARD DRIVE NE,KENNESAW,GA,30144,,PCH009170,Personal Care Home,
"CARLAS CARING HANDS SENIOR LIVING, LLC",3617 PHOENIX COVE DRIVE,GAINESVILLE,GA,30506,,PCH009378,Personal Care Home,
CARLISLE HOUSE,220 N SCOTT STREET,CAMILLA,GA,31730,,PCH006687,Personal Care Home,
CARLYLE PLACE RETIREMENT COMMU,5300 ZEBULON ROAD,MACON,GA,31210,,PCH003396,Personal Care Home,
CAROLINE'S CARE CENTER LLC,8505 PEACHTREE LANE,RIVERDALE,GA,30274,,PCH009977,Personal Care Home,
CAROLYN'S II,202 EAST ADAIR STREET,VALDOSTA,GA,31601,,PCH003082,Personal Care Home,
CAROUSEL HOME CARE,173 SOUTH LEE STREET,FORSYTH,GA,31029,,PCH012122,Personal Care Home,
CARRINGTON PERSONAL CARE HOME,512 HODGES STREET,LOGANVILLE,GA,30052,,PCH009197,Personal Care Home,
CAVE SPRING MANOR,44 ALABAMA STREET,CAVE SPRING,GA,30124,,PCH008700,Personal Care Home,
CAVE SPRING MANOR II,42 ALABAMA ST,CAVE SPRING,GA,30124,,PCH010050,Personal Care Home,
CC'S FAMILY HOME CARE,2307 LUTHER TERRACE,MARIETTA,GA,30064,,PCH010204,Personal Care Home,
"CC'S FAMILY HOME CARE, LLC",4893 DUNCAN DRIVE,POWDER SPRINGS,GA,30127,,PCH012407,Personal Care Home,
CCSL MARIETTA LLC,1345 MILFORD CHURCH RD,MARIETTA,GA,30008,,ALC000340,Assisted Living Community,
CCSL MT ZION LLC,7493 MT ZION BLVD,JONESBORO,GA,30236,,ALC000339,Assisted Living Community,
CEDAR GROVE PERSONAL CARE HOME,245 SOUTH WOODLAWN DRIVE,CRAWFORD,GA,30630,,PCH008905,Personal Care Home,
CEDAR HILL SENIOR LIVING COMMUNITY,402 EAST ELLAWOOD AVENUE,CEDARTOWN,GA,30125,,PCH008895,Personal Care Home,
CEDARHURST OF CANTON,3100 HIDDEN VALLEY DR,CANTON,GA,30114,,ALC000292,Assisted Living Community,
CEDARHURST OF OAKWOOD,4251 HUDSON DRIVE,OAKWOOD,GA,30566,,ALC000291,Assisted Living Community,
CELEBRATION VILLAGE ACWORTH,4460 CELEBRATION BOULEVARD,ACWORTH,GA,30101,,ALC000333,Assisted Living Community,
CELEBRATION VILLAGE FORSYTH,3000 CELEBRATION BOULEVARD,SUWANEE,GA,30024,,ALC000334,Assisted Living Community,
CELESTIAL HOME THE,779 SOUTH JEFF DAVIS RD,FAYETTEVILLE,GA,30215,,PCH012215,Personal Care Home,
Center for Smiles and Care,722 Moonlite Trace,Winder,GA,30680,,PCH042575,Personal Care Home,
"Champions for Equitable Care, LLC",4058 Sweetbriar Lane,Forest Park,GA,30297,,PCH043460,Personal Care Home,
CHANDLER PLACE,61 ANNIE CHANDLER TRAIL,LAWRENCEVILLE,GA,30046,,PCH008296,Personal Care Home,
CHANGES OF CHOICE,2223 STARLINE DRIVE,DECATUR,GA,30032,,PCH005467,Personal Care Home,
Chapel Hill Personal Care Home,5589 W Chapel Hill Road,Douglasville,GA,30135,,PCH045467,Personal Care Home,
Chapters Living of Alpharetta,762 NORTH MAIN STREET,ALPHARETTA,GA,30009,,ALC000209,Assisted Living Community,
CHAPTERS LIVING OF BUFORD,4355 SOUTH LEE STREET,BUFORD,GA,30518,,PCH009980,Personal Care Home,
CHAPTERS LIVING OF CANTON,125 RIVERSIDE TERRACE,CANTON,GA,30114,,PCH010008,Personal Care Home,
CHARIS PERSONAL CARE HOMES,1914 SKIDAWAY ROAD,SAVANNAH,GA,31404,,PCH007403,Personal Care Home,
CHARMS PERSONAL CARE HOME,900 WEST RESIDENCE P.O. BOX 5345,ALBANY,GA,31706,,PCH001687,Personal Care Home,
CHARTER SENIOR LIVING AT SOUTHERN PINES,423 COVINGTON AVENUE,THOMASVILLE,GA,31792,,PCH009733,Personal Care Home,
Charter Senior Living of Augusta Gardens,3725 WHEELER ROAD,AUGUSTA,GA,30909,,PCH002437,Personal Care Home,
Charter Senior Living of Martinez,515 THE PASS,MARTINEZ,GA,30907,,ALC000273,Assisted Living Community,
CHARTER SENIOR LIVING OF VININGS,2401 CUMBERLAND PKWY SE,ATLANTA,GA,30339,,ALC000324,Assisted Living Community,
CHASE ESTATES PCH,983 OLD GREYSTONE DRIVE,LITHONIA,GA,30058,,PCH009818,Personal Care Home,
CHEROKEE ANGEL PCH 2,3132 MARIETTA HWY,CANTON,GA,30114,,PCH012329,Personal Care Home,
CHEROKEE HOME,311 BRICKMILL ROAD (P.O. BOX 1335),CANTON,GA,30115,,PCH001268,Personal Care Home,
CHEROKEE'S ANGEL PCH 3,326 HEIGHTS PLACE,CANTON,GA,30114,,PCH004764,Personal Care Home,
CHI'S,2023 HIGHWAY 138,RIVERDALE,GA,30296,,PCH009863,Personal Care Home,
Chizik Personal Care Home,1609 GREENWAY DRIVE,AUGUSTA,GA,30909,,PCH012414,Personal Care Home,
CHRISTIAN CARE HOME,1867 EATONTON HWY,HADDOCK,GA,31033,,PCH012268,Personal Care Home,
CHRISTIAN CARE HOME #2,114 JACQUELINE TERRACE,MILLEDGEVILLE,GA,31061,,PCH004500,Personal Care Home,
CHRISTIAN CARE HOME VA#3,1867 EATOTON HWY,HADDOCK,GA,31033,,PCH012276,Personal Care Home,
CHURCH STREET MANOR,425 WEST CHURCH STREET,SWAINSBORO,GA,30401,,PCH006786,Personal Care Home,
Claiborne at Acworth,3114 COBB PARKWAY,ACWORTH,GA,30101,,ALC000640,Assisted Living Community,
Claiborne at Johns Creek,2305 PEACHTREE PARK,CUMMING,GA,30041,,ALC000665,Assisted Living Community,
"CLAIBORNE AT NEWNAN LAKES, THE",461 NEWNAN LAKES BOULEVARD,NEWNAN,GA,30263,,ALC000682,Assisted Living Community,
Claiborne at Roswell,2560 HOLCOMB BRIDGE ROAD,ROSWELL,GA,30022,,ALC000314,Assisted Living Community,
Claiborne at West Cobb,2782 DALLAS HIGHWAY,MARIETTA,GA,30064,,ALC000304,Assisted Living Community,
CLAIBORNE AT WEST LAKE (THE),557 FURYS FERRY RD,MARTINEZ,GA,30907,,ALC000680,Assisted Living Community,
Claiborne at Woodstock,13291 HIGHWAY 92,WOODSTOCK,GA,30188,,ALC000572,Assisted Living Community,
CLARA'S HEART PERSONAL CARE HOME,4969 ROCKBRIDGE ROAD,STONE MOUNTAIN,GA,30088,,PCH009368,Personal Care Home,
CLARE HOUSE LIVING I,3144 MACEDONIA ROAD,POWDER SPRINGS,GA,30127,,PCH001337,Personal Care Home,
CLARK RESIDENCY,2269 LESLIE BROOK DRIVE,DECATUR,GA,30035,,PCH009925,Personal Care Home,
CLARVIDA,124-A WINDING WAY,LEESBURG,GA,31763,,PCH009408,Personal Care Home,
CLARVIDA,401 E 35TH STREET,SAVANNAH,GA,31401,,PCH012388,Personal Care Home,
CLARVIDA DONNELLY HOUSE,1928 MONTGOMERY CROSSROADS,SAVANNAH,GA,31406,,PCH012396,Personal Care Home,
CLARVIDA HAMILTON HOUSE,512 HAMILTON COURT,SAVANNAH,GA,31401,,PCH007491,Personal Care Home,
CLARVIDA MILLER HOUSE,1928 MONTGOMERY CROSSROADS,SAVANNAH,GA,31406,,PCH009409,Personal Care Home,
CLARY CARE CENTER & WILKINSON,249 HOSPITAL DRIVE,TOCCOA,GA,30577,,PCH001024,Personal Care Home,
Claudi Cares Personal Home Care LLC,4293 Hambrick Way,Stone Mountain,GA,30083,,PCH042274,Personal Care Home,
"COASTAL ATLANTIC RESIDENTIAL ADULT PC, INC",2104 CALIFORNIA AVENUE,SAVANNAH,GA,31419,,PCH009316,Personal Care Home,
COASTAL ATLANTIC RESIDENTIAL ADULT PCH 2,5005 JASMINE AVE,SAVANNAH,GA,31404,,PCH012365,Personal Care Home,
COBB'S GRACE LLC,2787 CLAY ROAD,AUSTELL,GA,30106,,PCH012354,Personal Care Home,
COBBLESTONE ASSISTED LIVING AT PARK SPRINGS,600 SPRINGHOUSE CIRCLE,STONE MOUNTAIN,GA,30087,,ALC000005,Assisted Living Community,
COFER GROUP HOME,4316 SMITHSONIA DRIVE,TUCKER,GA,30084,,PCH001491,Personal Care Home,
"COHEN HOME, THE",10485 JONES BRIDGE ROAD,JOHNS CREEK,GA,30022,,ALC000103,Assisted Living Community,
COLONIAL GARDENS AT WARNER ROBINS #1,903 HIGHWAY 96,WARNER ROBINS,GA,31088,,PCH009789,Personal Care Home,
COLONIAL GARDENS AT WARNER ROBINS #2,903 HIGHWAY 96,WARNER ROBINS,GA,31088,,PCH009790,Personal Care Home,
COLONNADE,4275 OWENS ROAD,EVANS,GA,30809,,PCH012335,Personal Care Home,
COLQUITT ALTERNATIVE LIVING CARE,258 E. COLLEGE STREET,COLQUITT,GA,39837,,PCH002199,Personal Care Home,
COLQUITT GARDEN MANOR,498 5th Street SE,Moultrie,GA,31768,,PCH012281,Personal Care Home,
COLUMBUS PERSONAL CARE HOME,2940 9TH STREET,COLUMBUS,GA,31906,,PCH008588,Personal Care Home,
COME HOME CARE,2450 ROSEBUD ROAD,GRAYSON,GA,30017,,PCH012159,Personal Care Home,
COMFORT AND CARE ADULT LIVING,1214 WHISPERING PINES,ALBANY,GA,31707,,PCH012314,Personal Care Home,
COMFORT CARE PERSONAL CARE HOME,5383 BROWN LEE ROAD,STONE MOUNTAIN,GA,30087,,PCH007825,Personal Care Home,
COMFORT COVE SENIOR LIVING LLC,828 ROCK SPRINGS RD,LAWRENCEVILLE,GA,30043,,PCH012413,Personal Care Home,
COMFORT PERSONAL CARE HOME,11612 FLEMMING COVE DRIVE,HAMPTON,GA,30228,,PCH009033,Personal Care Home,
COMFY PCH,2460 SKYLARS MILL WAY,SNELLVILLE,GA,30078,,PCH003680,Personal Care Home,
COMMUNITY FRIENDSHIP GP HOME,1599 HOWELL MILL ROAD,ATLANTA,GA,30318,,PCH001877,Personal Care Home,
COMMUNITY HELPERS,620 MONROE STREET,MACON,GA,31201,,PCH001099,Personal Care Home,
COMMUNITY LIVING SOLUTIONS,1973 MANHATTAN PKWY,DECATUR,GA,30035,,PCH007047,Personal Care Home,
COMPASSIONATE CARE HOME LLLP,881 WOODSDALE TERRACE,MACON,GA,31210,,PCH012370,Personal Care Home,
COMPASSIONATE PERSONAL CARE HOME,18 OLEANDER AVENUE,SAVANNAH,GA,31404,,PCH009186,Personal Care Home,
Concierge Enterprises Home Care LLC,211 Academy Street,Americus,GA,31709,,PCH044246,Personal Care Home,
CONSTANT CARE GROUP LLC,5786 MABLETON PKWY,MABLETON,GA,30126,,PCH012163,Personal Care Home,
COOPER HOUSE PCH,2213 AUGUSTA HWY,LINCOLNTON,GA,30817,,PCH009039,Personal Care Home,
CORDELE INTENSIVE TRAINING RESIDENCE,613 13TH AVE,CORDELE,GA,31015,,PCH009805,Personal Care Home,
CORINTH ROAD PERSONAL CARE HOME,1141 CORINTH DRIVE,NEWNAN,GA,30263,,PCH001453,Personal Care Home,
CORNER LEAF PERSONAL CARE HOME,615 HOLIDAY STREET,ADEL,GA,31620,,PCH010215,Personal Care Home,
Cornerstone Caregiving,"106 Pilgrim Village Drive, Suite 100",Cumming,GA,30040,,PCH044877,Personal Care Home,
CORNERSTONE HEALTH SERVICES,512 COTTAGE PLACE,RIVERDALE,GA,30274,,PCH003962,Personal Care Home,
CORSO ATLANTA,3200 HOWELL MILL ROAD,ATLANTA,GA,30327,,ALC000701,Assisted Living Community,
"COTTAGE ON HIGHWAY 92 N, THE",1868 HWY 92 N,FAYETTEVILLE,GA,30214,,PCH012273,Personal Care Home,
"COTTAGE RESOURCES, LLC",1010 FERNWOOD DRIVE,MILLEDGEVILLE,GA,31061,,ALC000648,Assisted Living Community,
COTTAGES ON MOUNTAIN CREEK II,5790 MOUNTAIN CREEK RD,SANDY SPRINGS,GA,30328,,PCH01211,Personal Care Home,
"COTTAGES ON MOUNTAIN CREEK, THE",5815 MOUNTAIN CREEK ROAD,ATLANTA,GA,30328,,PCH006602,Personal Care Home,
"COTTAGES ON WESLEYAN AL, THE",1633 WESLEYAN DR,MACON,GA,31210,,ALC000020,Assisted Living Community,
COUNTRY AIR VILLA PCH,8835 NORTHCUTT ROAD,FAIRBURN,GA,30213,,PCH003341,Personal Care Home,
COUNTRY GARDENS,19 HILLCREST CIRCLE,BUTLER,GA,31006,,PCH005265,Personal Care Home,
COUNTRY GARDENS DULUTH,3450 DULUTH PARK LANE,DULUTH,GA,30096,,PCH010178,Personal Care Home,
COUNTRY GARDENS SENIOR LIVING,7175 LESTER ROAD,UNION CITY,GA,30291,,PCH008498,Personal Care Home,
COUNTRY HAVEN RETIREMENT CENTER,120 COUNTRY HAVEN LANE,RINGGOLD,GA,30736,,PCH006480,Personal Care Home,
COUNTRY MANOR ESTATES LLC,1487 ALLEN ROAD,MACON,GA,31216,,PCH010086,Personal Care Home,
COUNTRY MANOR PERSONAL CARE HOME,173 N HULIN AVE,TIGNALL,GA,30668,,PCH008305,Personal Care Home,
COUNTRY VILLAGE,255 ELM STREET,CUMMING,GA,30040,,PCH009162,Personal Care Home,
COUNTRYSIDE SENIOR CARE LLC,8857 HWY 76 WEST,CLAYTON,GA,30525,,PCH012323,Personal Care Home,
COURSEY LAKE HOME CARE,4201 COURSEY LAKE RD,DOUGLASVILLE,GA,30135,,PCH012180,Personal Care Home,
COVENANT OF GOLDEN AGE CARE,849 MCDONOUGH RD,JACKSON,GA,30233,,PCH008281,Personal Care Home,
COVENANT WOODS RETIREMENT COMMUNITY,5424 WOODRUFF FARM ROAD,COLUMBUS,GA,31907,,PCH008570,Personal Care Home,
COVENTRY PLACE,2806 NORTH DECATUR ROAD,DECATUR,GA,30033,,PCH001623,Personal Care Home,
CRABAPPLE HALL,200 PINE VALLEY DRIVE,ALPHARETTA,GA,30009,,PCH004428,Personal Care Home,
Creative Community Services,1650 Oakbrook Drive suite 445,Norcross,GA,30093,,PCH046037,Personal Care Home,
CREEKSIDE PERSONAL CARE HOME,256 RALSTON CREEK TRAIL,ELLIJAY,GA,30540,,PCH004565,Personal Care Home,
CREEKSIDE PERSONAL CARE HOME II,260 RALSTON CREEK TRAIL,ELLIJAY,GA,30536,,PCH012306,Personal Care Home,
CRESTWOODS CARE HOME,10278 BRIARBAY LOOP,JONESBORO,GA,30238,,PCH009102,Personal Care Home,
CRISP COUNTY OPTIONS FOR LIVING,508 27TH AVENUE EAST,CORDELE,GA,31015,,PCH003616,Personal Care Home,
CRISTIAN'S HOUSE,6354 ESCOE DR,LOGANVILLE,GA,30052,,PCH008130,Personal Care Home,
CRUTCHFIELD PERSONAL HOME CARE,4826 CHAPELLE CT,MARIETTA,GA,30066,,PCH003663,Personal Care Home,
CUMMING PERSONAL CARE,2775 CASTLEBERRY ROAD,CUMMING,GA,30040,,PCH012348,Personal Care Home,
CURTIS PERSONAL CARE HOME,3403 ELAUNTRA STREET,LOGANVILLE,GA,30052,,PCH009886,Personal Care Home,
"CUSTOMIZED COMFORT CARE, LLC",1949 WOODMOUNT DRIVE,COLUMBUS,GA,31907,,PCH009315,Personal Care Home,
D & J RELIABLE LIVING PCH,2807 KING STREET,AUGUSTA,GA,30906,,PCH008761,Personal Care Home,
D & R PERSONAL CARE HOME 1,5143 5TH STREET,MORROW,GA,30260,,PCH009799,Personal Care Home,
Dahlonega Assisted Living & Memory Care,55 MECHANICSVILLE ROAD,DAHLONEGA,GA,30533,,ALC000670,Assisted Living Community,
DAISY HOME CARE SERVICES LLC,725 PINE BARK RD,STONE MOUNTAIN,GA,30087,,PCH012286,Personal Care Home,
DALIA PRECIOUS MEMORIES,2083 BETHSAIDA ROAD,RIVERDALE,GA,30296,,PCH009883,Personal Care Home,
DALTON SQUARE,1300 W WAUGH ST,DALTON,GA,30720,,ALC000724,Assisted Living Community,
DANMARTKEN AND WFI CARE HOME,9543 ROLLINGHILLS DR,JONESBORO,GA,30238,,PCH012319,Personal Care Home,
DASE SOLUTIONS,3317 PANOLA ROAD,LITHONIA,GA,30038,,PCH002194,Personal Care Home,
Dase Solutions @ Salem Road,3145 Salem Road,Conyers,GA,30013,,PCH043014,Personal Care Home,
DAVIS ELDERLY CARE,5275 HEREFORD FARM ROAD,EVANS,GA,30809,,PCH006857,Personal Care Home,
"DAVIS, PRISCILLA PCH",3674 OLD FERRY ROAD,MARTINEZ,GA,30907,,PCH001420,Personal Care Home,
DAYBREAK VILLAGE SENIOR LIVING COMMUNITY,3056 CHEROKEE STREET,KENNESAW,GA,30144,,PCH001397,Personal Care Home,
DAYES ADULT CARE CENTER,1371 PIEDMONT ROAD,MARIETTA,GA,30066,,PCH001458,Personal Care Home,
DEB'S ADC LLC,303 DALLAS COUNTY COBB,DALLAS,GA,30132,,PCH012166,Personal Care Home,
DEBORAH'S HOME CARE,4509 HUNTERS WAY,STONE MOUNTAIN,GA,30083,,PCH012387,Personal Care Home,
DECATUR CO PCH #35,803 BOULEVARD,BAINBRIDGE,GA,39819,,PCH004086,Personal Care Home,
DECATUR COUNTY PCH #31,179 SASSER STORE ROAD,BAINBRIDGE,GA,39819,,PCH002864,Personal Care Home,
DEDICATED HEARTS 2 PERSONAL CARE HOME,702 B CLOUD STREET,DONALSONVILLE,GA,39845,,PCH009827,Personal Care Home,
DEDICATED HEARTS PERSONAL CARE HOME,702 CLOUD STREET,DONALSONVILLE,GA,39845,,PCH009823,Personal Care Home,
DEDICATED PERSONAL CARE HOME,2299 GOODRUM LANE,MARIETTA,GA,30066,,PCH005210,Personal Care Home,
DEE KENNEDY SENIOR CARE,1119 DEE KENNEDY ROAD,AUBURN,GA,30011,,PCH008904,Personal Care Home,
DELMAR GARDENS OF GWINNETT,3100 CLUB DRIVE,LAWRENCEVILLE,GA,30044,,ALC000119,Assisted Living Community,
DELMAR GARDENS OF SMYRNA,404 KING SPRINGS VILLAGE PKWY,SMYRNA,GA,30082,,ALC000134,Assisted Living Community,
DELORES VILLA PERSONAL CARE HOME,4858 WOLVERTON DRIVE,LITHONIA,GA,30038,,PCH004645,Personal Care Home,
DELTA HOUSE,105 KIRKLAND ROAD,COVINGTON,GA,30016,,PCH002260,Personal Care Home,
DENNIS & DILSIE LAWTON PERSONAL CARE HOME,217 ST ANDREW STREET,SYLVANIA,GA,30467,,PCH009154,Personal Care Home,
DESIREE'S PERSONAL CARE HOME,3622 STURNIDAE DRIVE,AUGUSTA,GA,30906,,PCH005460,Personal Care Home,
DESTINY'S PERSONAL CARE HOME,1122 LAWYERS LANE,COLUMBUS,GA,31906,,PCH007086,Personal Care Home,
"Dewcare Support, LLC",5954 Cardinal Drive,Mableton,GA,30126,,PCH045933,Personal Care Home,
DIAMOND GEM OASIS,4625 BELLS FERRY ROAD,ACWORTH,GA,30102,,PCH010130,Personal Care Home,
Diamondstone Personal Care Home,1117 Woodleigh Road,Marietta,GA,30008,,PCH044243,Personal Care Home,
DION’S PERSONAL CARE HOME,3606 HOMEWOOD DR,POWDER SPRINGS,GA,30127,,PCH012262,Personal Care Home,
DISCOVERY VILLAGE AT SUGARLOAF,1220 SATELLITE BOULEVARD,SUWANEE,GA,30024,,ALC000310,Assisted Living Community,
DIVERN COMMUNITY,1141 GABLE TERRACE,JONESBORO,GA,30236,,PCH012358,Personal Care Home,
"DIVINE CHANGE RESIDENTIAL CARE, LLC",1047 BUNKERHILL RD,COLUMBUS,GA,31907,,PCH010021,Personal Care Home,
Divine Hearts Personal Care Home LLC,4196 Jackson Hwy,Covington,GA,30014,,PCH042452,Personal Care Home,
DIVINE PURPOSE AND PLAN #2,933 RUTH DRIVE,HINESVILLE,GA,31313,,PCH010083,Personal Care Home,
DIVINE PURPOSE AND PLAN PERSONAL CARE HOME,965 PINELAND AVENUE,HINESVILLE,GA,31313,,PCH009087,Personal Care Home,
DOGWOOD BLUFF,266 PONY LAKE LANE,DAHLONEGA,GA,30533,,PCH002176,Personal Care Home,
DOGWOOD GARDENS SENIOR LIVING,1222 PLAZA DRIVE,EASTMAN,GA,31023,,PCH001644,Personal Care Home,
DOMINION PERSONAL CARE HOME,3645-A CUSSETA ROAD,COLUMBUS,GA,31903,,PCH004933,Personal Care Home,
DORSEY HOME,6924 DORSEY DRIVE,COLUMBUS,GA,31907,,PCH009967,Personal Care Home,
DOSTER MANOR SENIOR CARE HOME (THE),1250 NICHOLSVILLE ROAD,MONROE,GA,30656,,PCH009124,Personal Care Home,
DOT'S PERSONAL CARE HOME,171 N LUMPKIN STREET,HAWKINSVILLE,GA,31036,,PCH012121,Personal Care Home,
DR JC MOORE SENIOR LIVING,1111 NORTH PATTERSON ST,VALDOSTA,GA,31601,,PCH012229,Personal Care Home,
DR JC MOORE SENIOR LIVING FACILITY,1109 PATTERSON STREET,VALDOSTA,GA,31601,,PCH012214,Personal Care Home,
DREAM CATCHER FARM PCH,286 FOUR POINTS ROAD,JACKSON,GA,30233,,PCH001161,Personal Care Home,
DREAM CATCHER IN THE WOODS,286 F0UR POINTS ROAD,JACKSON,GA,30233,,PCH003858,Personal Care Home,
Dream Haven Care LLC,1846 Nicole Lane,Lithonia,GA,30058,,PCH045376,Personal Care Home,
DREWS GARDEN PCH,2092 RIVER RD,ELLENWOOD,GA,30294,,PCH010112,Personal Care Home,
DRY LAKE PERSONAL CARE HOME,4829 DRY LAKE ROAD,DIXIE,GA,31629,,PCH004383,Personal Care Home,
DUBLIN SQUARE,504 FIRETOWER ROAD,DUBLIN,GA,31021,,PCH012346,Personal Care Home,
DUNCAN MCRAE HOUSE,129 RAILROAD AVENUE SOUTH,MOUNT VERNON,GA,30445,,PCH002927,Personal Care Home,
DUNWOODY PLACE PERSONAL CARE HOME,1460 SOUTH JOHNSON FERRY ROAD,ATLANTA,GA,30319,,PCH009781,Personal Care Home,
DUTTON HOMES,130 MOORE'S ROAD,MINERAL BLUFF,GA,30559,,PCH010031,Personal Care Home,
DUTTON HOMES II,160 MOORE'S ROAD,MINERAL BLUFF,GA,30559,,PCH010032,Personal Care Home,
"DUVALL, DON HOME",2020 EAST RIVER ROAD,BAINBRIDGE,GA,39817,,PCH001472,Personal Care Home,
DYLON HOUSE LLC,3304 6TH AVENUE,COLUMBUS,GA,31904,,PCH009940,Personal Care Home,
DYNAMIC PERSONAL CARE HOME,3363 LUXEMBOURG CIRCLE,DECATUR,GA,30034,,PCH006071,Personal Care Home,
E & E KARING HANDS PERSONAL CARE HOME,3965 PUCKETTS ROAD,SNELLVILLE,GA,30039,,PCH005252,Personal Care Home,
"Eagle's Nest PCH, LLC",2273 Essex Drive,Augusta,GA,30904,,PCH044890,Personal Care Home,
EASTSIDE,1703 CONDUCTOR LANE,CONYERS,GA,30013,,PCH009990,Personal Care Home,
EASTWOOD GROUP HOME,2877 EASTWOOD DRIVE,DECATUR,GA,30032,,PCH002985,Personal Care Home,
EASY LIVING CARE HOME INC,301 BEACHAM AVE,UNADILLA,GA,31091,,PCH012228,Personal Care Home,
EASY LIVING PCH,2688 NUB GARLAND RD,TOCCOA,GA,30577,,PCH004096,Personal Care Home,
EASY TOUCH PERSONAL HOME CARE LLC,4284 HWY 5,DOUGLASVILLE,GA,30135,,PCH012200,Personal Care Home,
EBEN SILVER TOWN,1495 SATELLITE,SUWANEE,GA,30024,,PCH012244,Personal Care Home,
ECHOLS PCH,5266 LEXINGTON ROAD,RAYLE,GA,30660,,PCH002646,Personal Care Home,
EDGEHILL HEIGHT,804 S BROAD ST,MONROE,GA,30655,,PCH010185,Personal Care Home,
EDNA MAE LOCKETT PCH,7566 UNION GROVE ROAD,LITHONIA,GA,30058,,PCH002572,Personal Care Home,
EK'S PERSONAL CARE,1865 WALDREP CIRCLE,MARIETTA,GA,30060,,PCH004264,Personal Care Home,
ELAINE'S PERSONAL CARE HOME,626 E RIVERBEND DRIVE,LILBURN,GA,30047,,PCH005207,Personal Care Home,
ELAINE'S PERSONAL CARE HOME II,186 LOCKRING DRIVE,LILBURN,GA,30047,,PCH005599,Personal Care Home,
ELAINE'S PERSONAL CARE HOME III,4905 ANNISTOWN ROAD,STONE MOUNTAIN,GA,30087,,PCH006789,Personal Care Home,
ELANOR MANOR,567 JEFFERSON HWY,WINDER,GA,30680,,PCH012412,Personal Care Home,
Elderberry Personal Care Home,5327 Peach Blossom Trail,Flowery Branch,GA,30542,,PCH043764,Personal Care Home,
ELDERLY HEAVEN,4999 BURLING GATE DRIVE,LITHONIA,GA,30038,,PCH007078,Personal Care Home,
ELDERLY HEAVEN II,3215 ROCKMILL DR,ELLENWOOD,GA,30294,,PCH010205,Personal Care Home,
ELDERVILLE ASSISTED LIVING AND MEMORY CARE,4083 US-27 BUSINESS,BUCHANAN,GA,30113,,ALC000354,Assisted Living Community,
Elderville Assisted Living and Memory Care,4083 Business 27,Buchanan,GA,30113,,ALC042984,Assisted Living Community,
ELITE PERSONAL CARE HOME,4925 BRIDLE POINT PKWY,SNELLVILLE,GA,30039,,PCH005010,Personal Care Home,
ELITE PERSONAL CARE HOME I,812 CARL VINSON PKWY,CENTERVILLE,GA,31028,,PCH002712,Personal Care Home,
ELITE PERSONAL CARE HOME II,814 CARL VINSON PKWY,CENTERVILLE,GA,31028,,PCH002716,Personal Care Home,
EliteCare Personal Care Home LLC,6602 DEKEON DRIVE,ATLANTA,GA,30349,,PCH012204,Personal Care Home,
"Ellen's Creation Personal Care Home, LLC",368 Lone Church Road,Pavo,GA,31778,,PCH042381,Personal Care Home,
ELVONIA PERSONAL CARE HOME,5365 WHITESVILLE ROAD,WEST POINT,GA,31833,,PCH006438,Personal Care Home,
EMANUEL PERSONAL CARE HOME,4800 WHITE OAK TRAIL,STONE MOUNTAIN,GA,30088,,PCH010076,Personal Care Home,
Embrace Care LLC,905 North Street E,Vidalia,GA,30474,,PCH045445,Personal Care Home,
EMERALD COVE II,904 SMITH ST SW,ATLANTA,GA,30310,,PCH012385,Personal Care Home,
"Emerald House, The","1081 Lewis Lane, SW",Townsend,GA,31331,,PCH044460,Personal Care Home,
Emerald River Senior Living,103 Terrace Drive,Dublin,GA,31021,,PCH044511,Personal Care Home,
EMINENT RESOURCES LLC,2930 DULIN LAKE WAY,LAWRENCEVILLE,GA,30044,,PCH012315,Personal Care Home,
EMMANUEL PERSONAL CARE HOME,5163 SAINT MARY'S ROAD,COLUMBUS,GA,31907,,PCH012272,Personal Care Home,
EMPIRE INTERNATIONAL CARE CENTER,3505 SKYLAND DRIVE,LOGANVILLE,GA,30052,,PCH012401,Personal Care Home,
ENCARE PCH II,216 CHATHAM VILLA DRIVE,GARDEN CITY,GA,31408,,PCH006413,Personal Care Home,
ENRICH AT 519,519 LAWRENCEVILLE STREET NW,NORCROSS,GA,30071,,PCH009882,Personal Care Home,
ENVIROTIDE PCH,7436 ASBURY DRIVE,LITHONIA,GA,30058,,PCH005652,Personal Care Home,
EPI CAREGIVING,646 POST RD DRIVE,STONE MOUNTAIN,GA,30088,,PCH008334,Personal Care Home,
ESTELLA HOUSE LLC,408 FARMER DRIVE,HAMPTON,GA,30228,,PCH009348,Personal Care Home,
ESTHER & SON PERSONAL HOME CARE LLC,6082 DEERFIELD CT,MORROW,GA,30260,,PCH012344,Personal Care Home,
EVA & ERMA'S HOUSE,2458 RED OAK BEND,OXFORD,GA,30054,,PCH008515,Personal Care Home,
EVA - AND - ERMA'S HOUSE,2641 ABINGTON DRIVE SW,SNELLVILLE,GA,30078,,PCH007838,Personal Care Home,
EVA AND ERMA'S HOUSE,3038 HIGH WAY 115 EAST,CLEVELAND,GA,30528,,PCH009273,Personal Care Home,
Evans and Pitts Personal Care Home,2954 Ann Marie Lane,Rex,GA,30273,,PCH044784,Personal Care Home,
EVELYN PERSONAL CARE HOME,33 NINA CT,JONESBORO,GA,30238,,PCH008302,Personal Care Home,
EVERGREEN ASSISTED LIVING FACILITY,2823 GILLIONVILLE ROAD,ALBANY,GA,31721,,ALC000538,Assisted Living Community,
"Evergreen Senior Living, LLC",567 Jefferson Highway,Winder,GA,30680,,PCH043583,Personal Care Home,
EVERLASTING LIFE PERSONAL CARE HOME,2529 GREENWOOD CIRCLE,EAST POINT,GA,30344,,PCH006569,Personal Care Home,
Exclusive Serenity Living LLC,6452 Kings Way,Riverdale,GA,30296,,PCH046032,Personal Care Home,
EXPERT CARE 2 LP,6320 RIVER RIDGE DR,DOUGLASVILLE,GA,30135,,PCH012389,Personal Care Home,
EXPERT CARE FOR THE NEEDY LLC,3535 BROOKHOLLOW DR,DOUGLASVILLE,GA,30135,,PCH012246,Personal Care Home,
"EXPOSURE FOUNDATION, THE",6462 CHARTER WAY,LITHONIA,GA,30058,,PCH009264,Personal Care Home,
"EXTENDED BLESSINGS COMFORT CARE, LLC",4964 BOULDERCREST ROAD,ELLENWOOD,GA,30294,,PCH010095,Personal Care Home,
EXTREME MEASURES PERSONAL CARE HOME,602 CLOUDLAND DRIVE,STOCKBRIDGE,GA,30281,,PCH009830,Personal Care Home,
EXTREME MEASURES PERSONAL CARE HOME II,2806 PEABODY AVENUE,COLUMBUS,GA,31904,,PCH012131,Personal Care Home,
EXTREME MEASURES PERSONAL CARE HOME III,1535 12TH AVE,COLUMBUS,GA,31901,,PCH012263,Personal Care Home,
Extreme Measures Personal Care Home IIII,1484 CALHOUN STREET,MACON,GA,31201,,PCH012408,Personal Care Home,
Extreme Measures Personal Care Home of Decatur,4214 Canby Lane,Decatur,GA,30035,,PCH045237,Personal Care Home,
F & L HOME,4564 SENTRY ST,COLUMBUS,GA,31907,,PCH005790,Personal Care Home,
F AND P HOME CARE,3576 BROAD OAK COURT,DECATUR,GA,30034,,PCH008785,Personal Care Home,
F AND P HOME CARE 2,5714 SOUTH CREST LANE,LITHONIA,GA,30038,,PCH009913,Personal Care Home,
FAITH & GRACE,1440 HEATHER GLADE LANE,LAWRENCEVILLE,GA,30045,,PCH004953,Personal Care Home,
FAITH AND HOPE PERSONAL CARE HOME,773 CHAPMAN STREET,JONESBORO,GA,30238,,PCH012252,Personal Care Home,
FAITHFUL HOME CARE,1988 WILLA DRIVE,DECATUR,GA,30032,,PCH009876,Personal Care Home,
FAITHFULLY YOURS PCH,2512 MELLVILLE AVENUE,DECATUR,GA,30032,,PCH001616,Personal Care Home,
FALCON PARK IV,716 OLMSTEAD STREET,WARNER ROBINS,GA,31098,,PCH006689,Personal Care Home,
FALCON PARK V,718 OLMSTEAD STREET,WARNER ROBINS,GA,31098,,PCH006691,Personal Care Home,
FALCON PARK VI,926 MCCLELLAN ROAD,WARNER ROBINS,GA,31099,,PCH007975,Personal Care Home,
FAMILY AND FRIENDS MATTER PCH,2724 FAWN DRIVE,AUGUSTA,GA,30906,,PCH009252,Personal Care Home,
FAMILY INITIATIVES RESIDENCES,1081 N MAIN STREET,CONYERS,GA,30012,,PCH006799,Personal Care Home,
Family Ties Personal Care Home,3031 Walt Stephens Road,Jonesboro,GA,30236,,PCH044797,Personal Care Home,
Farax Wellnest Personal Care Home,852 Pine Ridge Court,Stone Mountain,GA,30087,,PCH043371,Personal Care Home,
FAVORED BY FAITH,639 ANNETTE AVENUE,COLUMBUS,GA,31906,,PCH009383,Personal Care Home,
FEEL AT HOME PERSONAL CARE HOME LLC,3045 S SWEETWATER RD,LITHIA SPRINGS,GA,30122,,PCH012394,Personal Care Home,
FELLOWSHIP HILLSIDE,250 HILLS AND DALES FROM ROAD,LAGRANGE,GA,30240,,ALC000693,Assisted Living Community,
FELLOWSHIP HOME AT BROOKSIDE,470 FELLOWSHIP HOME LANE,VALDOSTA,GA,31602,,ALC000019,Assisted Living Community,
FELLOWSHIP HOME AT CORDELIA MANOR,1307 BLACKSHEAR ROAD,CORDELE,GA,31015,,ALC000277,Assisted Living Community,
FELLOWSHIP HOME AT COTTON HILL,6330 HIGHWAY 82 WEST,CUTHBERT,GA,39840,,ALC000275,Assisted Living Community,
FELLOWSHIP HOME AT MERIWETHER,10 MERIWETHER PLACE,MILLEDGEVILLE,GA,31061,,ALC000337,Assisted Living Community,
FELLOWSHIP HOME OF NASHVILLE,1207 EAST MCPHERSON AVENUE,NASHVILLE,GA,31639,,ALC000181,Assisted Living Community,
FEMI CARE MARIETTA LIVING CENTER,447 ATLANTA STREET SE,MARIETTA,GA,30060,,PCH008897,Personal Care Home,
FERN'S TENDER LOVING CARE HOME,3547 SPRING VALLEY ROAD,DECATUR,GA,30032,,PCH007805,Personal Care Home,
FESBETH AT EAST COBB,2750 LOWER ROSWELL ROAD,MARIETTA,GA,30068,,PCH008778,Personal Care Home,
First Family Home Care,3137 WESLOCK CIRCLE,Decatur,GA,30034,,PCH043134,Personal Care Home,
FITE LIVING CENTER,5 FITE STREET,CARTERSVILLE,GA,30120,,PCH007753,Personal Care Home,
FITZ PERSONAL CARE LLC,230 S BROAD STREET,ROME,GA,30161,,PCH010113,Personal Care Home,
FIVE PONDS PERSONAL CARE HOME,4688 WINDSOR SPRINGS,HEPHZIBAH,GA,30815,,PCH008783,Personal Care Home,
FOOTHILLS II RETIREMENT HOME,148 GLENN HEAD RD,DAHLONEGA,GA,30533,,PCH004619,Personal Care Home,
FOOTHILLS RETIREMENT HOME,148 GLENN HEAD ROAD,DAHLONEGA,GA,30533,,PCH002174,Personal Care Home,
"FOR SHARON, LLC",3240 WAKEFIELD DRIVE,DECATUR,GA,30034,,PCH009906,Personal Care Home,
FOREVER HARMONY PCH,205 PROVIDENCE WALK COURT,CANTON,GA,30114,,PCH008774,Personal Care Home,
FOREVER HELPING HANDS 4 EVERYONE,848 ASH ST,CANTON,GA,30114,,PCH010207,Personal Care Home,
FOS Consulting LLC,1058 TULLIS ROAD,LAWRENCEVILLE,GA,30043,,PCH010169,Personal Care Home,
"Fountain Senior Care, The",2845 Old Fountain Road,Dacula,GA,30019,,PCH042821,Personal Care Home,
"FOUNTAINS IN CARTERSVILLE, THE",925 DOUTHIT FERRY ROAD,CARTERSVILLE,GA,30120,,ALC000317,Assisted Living Community,
"FOUNTAINS OF CALHOUN, THE",265 LOVERS LANE,CALHOUN,GA,30701,,ALC000316,Assisted Living Community,
FOUR SEASONS PCH,918 EAST EVANS STREET,BAINBRIDGE,GA,39819,,PCH001465,Personal Care Home,
FOURTH VIEW PCH,4118 SIOUX WAY,STONE MOUNTAIN,GA,30083,,PCH004768,Personal Care Home,
FREE LOVE PCH,3668 ELLINGTON AIRLINE ROAD,DEARING,GA,30808,,PCH008139,Personal Care Home,
FRESH START,2702 SCHAUL STREET,COLUMBUS,GA,31906,,PCH009795,Personal Care Home,
"Friendly Place, The",4396 Alpine Court,Snellville,GA,30039,,PCH042823,Personal Care Home,
"FRIENDLY PLACE, THE",4396 ALPINE CT,SNELLVILLE,GA,30039,,PCH012360,Personal Care Home,
FRIENDSHIP PCH,"723 W. OGLETHORPE BLVD., BOX 1784",ALBANY,GA,31701,,PCH002861,Personal Care Home,
FROM THE HEART,2188 RIVERBROOK ROAD,DECATUR,GA,30035,,PCH003156,Personal Care Home,
FROM THE HEART ENTERPRISES 4,4680 DUVAL POINT WAY,SNELLVILLE,GA,30039,,PCH004214,Personal Care Home,
FRONT PORCH OF BOWDON,501 MITCHELL AVENUE,BOWDON,GA,30108,,PCH009353,Personal Care Home,
G & E PERSONAL CARE HOME,2260 HIGHWAY 77 SOUTH,GREENSBORO,GA,30642,,PCH008696,Personal Care Home,
G & M PERSONAL CARE HOME,1635 STEPHENSON ROAD,LITHONIA,GA,30058,,PCH005221,Personal Care Home,
"GABLES AT COBB VILLAGE, LLC (THE)",12 COBB VILLAGE DRIVE,ROYSTON,GA,30662,,ALC000042,Assisted Living Community,
GAINES PARK SENIOR LIVING,1740 OLD 41 HWY,KENNESAW,GA,30152,,PCH010165,Personal Care Home,
GARDEN OF EDEN PCH SERVICES LLC,1552 DEE KENNEDY ROAD,HOSCHTON,GA,30548,,PCH009390,Personal Care Home,
"GARDENIAS, THE",75 DUTCHTOWN ROAD,HAMPTON,GA,30228,,PCH009377,Personal Care Home,
"GARDENS AT CALVARY ALC, THE",7595 MOON ROAD,COLUMBUS,GA,31909,,ALC000022,Assisted Living Community,
"GARDENS AT ROYAL OAKS, THE",1218 BROADRICK DRIVE,DALTON,GA,30720,,PCH002642,Personal Care Home,
GARDENS AT THE LAKE,1983 LAKE CHASE LANE,JONESBORO,GA,30236,,PCH009853,Personal Care Home,
GARDENS OF GAINESVILLE,3315 THOMPSON BRIDGE ROAD,GAINESVILLE,GA,30503,,ALC000125,Assisted Living Community,
"GARDENS OF LAKE SPIVEY, THE",8080 SUMMIT BUSINESS PARKWAY,JONESBORO,GA,30236,,PCH006430,Personal Care Home,
"GARDENS OF ROME , THE",1168 CHULIO ROAD SE,ROME,GA,30161,,PCH001002,Personal Care Home,
"GARDENS OF SOCIAL CIRCLE I, THE",621 NORTH CHEROKEE ROAD,SOCIAL CIRCLE,GA,30025,,PCH012310,Personal Care Home,
"GARDENS OF SOCIAL CIRCLE II, THE",621 NORTH CHEROKEE ROAD,SOCIAL CIRCLE,GA,30025,,PCH012311,Personal Care Home,
"GARDENS OF SOCIAL CIRCLE III, THE",621 NORTH CHEROKEE ROAD,SOCIAL CIRCLE,GA,30025,,PCH012312,Personal Care Home,
"Gardens Senior Living, The",625 GENTILLY ROAD,STATESBORO,GA,30458,,PCH009392,Personal Care Home,
"Gardenview Personal Care Home, LLC",6134 COLLEGE AVENUE,BLACKSHEAR,GA,31516,,PCH002293,Personal Care Home,
Gateway Gardens,138 GATEWAY LANE,BETHLEHEM,GA,30620,,ALC000571,Assisted Living Community,
GATEWAY HOME,1829 OXFORD DRIVE,MORROW,GA,30260,,PCH002707,Personal Care Home,
GATEWAY PERSONAL CARE HOME,3380 CENTERVILLE ROSEBUD RD,SNELLVILLE,GA,30078,,PCH009962,Personal Care Home,
GATLIN'S CARING ARMS PERSONAL CARE HOME LLC,5597 EMERALD GLEN,STONE MOUNTAIN,GA,30088,,PCH009928,Personal Care Home,
GEE GEE PERSONAL CARE HOME,609 EUGEMAR DRIVE,ALBANY,GA,31707,,PCH010115,Personal Care Home,
GENERATION OF HOPE PCH,2388 OPAL DR,JONESBORO,GA,30236,,PCH010065,Personal Care Home,
GENEVA'S CARING HANDS,217 NORTH 5TH STREET,VIENNA,GA,31092,,PCH010121,Personal Care Home,
Gentle Companions,1043 Lanier Springs Dr,Buford,GA,30518,,PCH046041,Personal Care Home,
"GENTLE PLACE 2, A",2817 BRIAR HILL LANE,CONYERS,GA,30013,,PCH008491,Personal Care Home,
GENTLE TOUCH PCH,110 MAIN STREET,JERSEY,GA,30018,,PCH008198,Personal Care Home,
GENTLE TOUCH PERSONAL CARE HOME,3910 CYPRESS POINTE DR,UNION CITY,GA,30291,,PCH010135,Personal Care Home,
Gentleman Home Care LLC,522 Elizabeth Lane SW Mableton GA,Mableton,GA,30126,,PCH045592,Personal Care Home,
Georgia Gentle Care LLC,1862 Wood Valley Road,Macon,GA,31211,,PCH042868,Personal Care Home,
GEORGIA LIFE LINKS,1544 VENETIAN DR SW,ATLANTA,GA,30311,,PCH008390,Personal Care Home,
GEORGIA LIVING CENTER,182 HEAD AVENUE,TALLAPOOSA,GA,30176,,PCH009920,Personal Care Home,
Georgia Mission Management,2390 Candler Road,Decatur,GA,30032,,PCH044849,Personal Care Home,
Georgia Raine Senior Care,715 Cowan Road,Covington,GA,30016,,PCH044345,Personal Care Home,
Georgia's Best Haven,2242 Chamois Ct,Decatur,GA,30035,,PCH046034,Personal Care Home,
"GEORGIAN LAKESIDE, THE",1070 HARDSCRABBLE ROAD,ROSWELL,GA,30075,,ALC000255,Assisted Living Community,
GERALDINE HOUSE PCH,4486 RIVERWOOD FOREST COURT,DECATUR,GA,30035,,PCH009128,Personal Care Home,
GIFTED HANDS,1834 BROOK RUN,REGISTER,GA,30452,,PCH009946,Personal Care Home,
Gifted Hands Personal Care Home,1312 HARBINS ROAD,Dacula,GA,30019,,PCH043586,Personal Care Home,
GIVING GRACE PCH LLC,186 JOHNSON ST,COCHRAN,GA,31014,,PCH012165,Personal Care Home,
"GLEN AT LAKE OCONEE VILLAGE, THE",1070 OLD SALEM ROAD,GREENSBORO,GA,30642,,ALC000719,Assisted Living Community,
"Glen Villas, The",815 ATLANTA HIGHWAY,CUMMING,GA,30040,,PCH008106,Personal Care Home,
Glenncrest at Buckhead,"1000 LENOX PARK BOULEVARD, NE",ATLANTA,GA,30319,,ALC000120,Assisted Living Community,
Glenncrest at Decatur,920 CLAIRMONT AVENUE,DECATUR,GA,30030,,ALC000027,Assisted Living Community,
Glenncrest at Johns Creek,11405 MEDLOCK BRIDGE ROAD,JOHNS CREEK,GA,30097,,ALC000029,Assisted Living Community,
Glenncrest at Webb Gin,1375 WEBB GIN HOUSE ROAD,LAWRENCEVILLE,GA,30045,,ALC000037,Assisted Living Community,
Glorified Touch Care LLC,1934 Pair Road SW,Marietta,GA,30008,,PCH042905,Personal Care Home,
Glorious Senior Living Inc.,1887 HASTY RD,MARIETTA,GA,30062,,PCH042275,Personal Care Home,
GLORY PERSONAL CARE HOME,90 PACES LANDING,COVINGTON,GA,30016,,PCH005540,Personal Care Home,
GOLD CITY PERSONAL CARE CENTER,350 MOORES DRIVE,DAHLONEGA,GA,30533,,PCH008282,Personal Care Home,
GOLDEN AGE PERSONAL CARE HOME,1399 HARRIS ROAD,LAWRENCEVILLE,GA,30043,,PCH008348,Personal Care Home,
GOLDEN ANGELS RETIREMENT CENTER,2833 BURL LANE ROAD,DONALSONVILLE,GA,39845,,PCH005076,Personal Care Home,
"GOLDEN APPLE CARRIAGE HOUSE, THE",606 FIFTH AVE SE,MOULTRIE,GA,31768,,PCH004869,Personal Care Home,
"GOLDEN APPLE II, THE",606 5TH AVE SE,MOULTRIE,GA,31768,,PCH004923,Personal Care Home,
"GOLDEN APPLE, THE",606 5TH AVENUE,MOULTRIE,GA,31768,,PCH003712,Personal Care Home,
GOLDEN BRIDGES PCH,3186 EVANS MILL ROAD,LITHONIA,GA,30038,,PCH008758,Personal Care Home,
GOLDEN BRIDGES PCH II,7101 ROCKLAND ROAD,LITHONIA,GA,30038,,PCH009754,Personal Care Home,
GOLDEN BRIDGES PCH III,1175 GREEN STREET,CONYERS,GA,30012,,PCH012174,Personal Care Home,
GOLDEN DAYS QUALITY CARE HOME,940 KNOLLWOOD ROAD,MINERAL BLUFF,GA,30559,,PCH006042,Personal Care Home,
Golden Ivy PCH 2 LLC,4112 Jodeco Road,Stockbridge,GA,30281,,PCH044974,Personal Care Home,
Golden Ivy PCH 2 LLC,4112 Jodeco Road,Stockbridge,GA,30281,,PCH045587,Personal Care Home,
GOLDEN IVY PERSONAL CARE HOME,875 JODECO ROAD,STOCKBRIDGE,GA,30281,,PCH012242,Personal Care Home,
GOLDEN MANOR SENIOR LIVING,225 RUSSELL RD,LAWRENCEVILLE,GA,30043,,PCH006530,Personal Care Home,
GOLDEN MANOR SENIOR LIVING OF BUFORD,2025 BRASELTON HIGHWAY,BUFORD,GA,30519,,PCH001781,Personal Care Home,
GOLDEN MANOR SENIOR LIVING OF LAWRENCEVILLE,778 BRASELTON HIGHWAY,LAWRENCEVILLE,GA,30043,,PCH012125,Personal Care Home,
GOLDEN ORCHARDS,123 MAULDON COURT,WARNER ROBINS,GA,31093,,PCH009304,Personal Care Home,
GOLDEN PERSONAL CARE HOME,257 GOLDEN ROAD,EASTMAN,GA,31023,,PCH001641,Personal Care Home,
GOLDEN POND RESIDENTIAL CENTER,8167 EISENHOWER PKWY,LIZELLA,GA,31052,,PCH006329,Personal Care Home,
GOLDEN ROSE PERSONAL CARE HOME,2147 POST OAK TRITT ROAD,MARIETTA,GA,30066,,PCH007749,Personal Care Home,
GOLDEN RULE PCH,4571 SYLVESTER CIRCLE S,MACON,GA,31217,,PCH009228,Personal Care Home,
GOLDEN SERVICES PERSONAL CARE HOME,930 W MAGNOLIA STREET,VALDOSTA,GA,31601,,PCH003719,Personal Care Home,
GOLDEN SOUTH,705 DENHAM ROAD,SYCAMORE,GA,31790,,PCH012279,Personal Care Home,
GOLDEN SOUTH II,715 DENHAM ROAD,SYCAMORE,GA,31790,,PCH012280,Personal Care Home,
"GOLDEN SPRING PERSONAL CARE HOME, THE",6503 ROBERTA STREET,LITHIA SPRINGS,GA,30122,,PCH010040,Personal Care Home,
Golden Years Community Living LLC,407 N. Lee Street,Valdosta,GA,31601,,PCH045369,Personal Care Home,
GOLDENCREST ASSISTED LIVING AT MORROW,2160 LAKE HARBIN RD,MORROW,GA,30260,,ALC000647,Assisted Living Community,
GOLDENCREST AT EAGLE'S LANDING,425 COUNTRY CLUB DRIVE,STOCKBRIDGE,GA,30281,,ALC000646,Assisted Living Community,
GOOD SHEPHARD ADULT SERVICES,10537 DAY LILY DRIVE,HAMPTON,GA,30228,,PCH005102,Personal Care Home,
GORDON PALACE,806 31ST STREET,COLUMBUS,GA,31904,,PCH006867,Personal Care Home,
GOVERNORS GLEN,5000 GOVERNORS DRIVE,FOREST PARK,GA,30297,,ALC000732,Assisted Living Community,
"Grace & Mercy Residential Care, LLC",211 Ash Street,Cochran,GA,31014,,PCH043564,Personal Care Home,
GRACE AND MERCY RESIDENTIAL CARE LLC,436 GA HIGHWAY 257,COCHRAN,GA,31014,,PCH012142,Personal Care Home,
Grace and Mercy Senior Living,265 Whitaker Road,Mcdonough,GA,30253,,PCH044336,Personal Care Home,
Grace Care,9148 Homewood Dr.,Riverdale,GA,30274,,PCH045831,Personal Care Home,
GRACE CARE,2109 CHADWICK ROAD,AUGUSTA,GA,30906,,PCH009220,Personal Care Home,
GRACE GARDEN,2470 US HWY 41 N,FORT VALLEY,GA,31030,,PCH012270,Personal Care Home,
GRACE GARDENS,30 SOUTH COLLEGE ST,METTER,GA,30439,,PCH008464,Personal Care Home,
Grace Haven Personal Care,650 MAIN STREET,WARRENTON,GA,30828,,PCH009844,Personal Care Home,
GRACE LIVING PERSONAL CARE HOME OF MARIETTA,2417 CANTON ROAD,MARIETTA,GA,30066,,PCH009194,Personal Care Home,
GRACE LIVING PERSONAL CARE HOME OF MARIETTA 11,2417 CANTON RD SUITE #200,MARIETTA,GA,30066,,PCH010081,Personal Care Home,
GRACE MANOR,405 NORTH RIDGE AVE,TIFTON,GA,31794,,PCH012277,Personal Care Home,
"GRACE MANOR LAWRENCEVILLE, LLC",1155 LAWRENCEVILLE HIGHWAY,Lawrenceville,GA,30046,,PCH044035,Personal Care Home,
Grace Manor Savannah LLC,7410 SKIDAWAY ROAD,SAVANNAH,GA,31406,,ALC000616,Assisted Living Community,
GRACE OF FOUTAIN,3630 BRUSHY WOOD DRIVE,LOGANVILLE,GA,30052,,PCH012201,Personal Care Home,
GRACE SENIOR LIVING OF SHARPSBURG,3700 EAST HIGHWAY 34,SHARPSBURG,GA,30277,,ALC000352,Assisted Living Community,
Grace Senior Living of Woodstock,7819 HICKORY FLAT HWY,WOODSTOCK,GA,30188,,PCH012218,Personal Care Home,
GRACE'S HOUSE TWO,5 RAINTREE DRIVE,SILVER CREEK,GA,30173,,PCH001759,Personal Care Home,
GRACEFUL CARE SENIOR LIVING,217 LANDERS STREET,CLARKESVILLE,GA,30523,,PCH008767,Personal Care Home,
GRACEFUL HEARTS AT LYNDALE,5966 LYNDALE STREET,DOUGLASVILLE,GA,30135,,PCH012406,Personal Care Home,
Graceful Hearts Personal Care Home,512 Crystal Creek W,Augusta,GA,30907,,PCH046038,Personal Care Home,
"Graceful Living Care PCH, Inc",2916 Fielder Way,Rex,GA,30273,,PCH045597,Personal Care Home,
"GRACEFUL MANOR SENIOR CARE HOME LLC, THE",120 MEARS STREET,MONROE,GA,30655,,PCH010049,Personal Care Home,
"Graceful PersonalCare Home, LLC",5124 BUENA VISTA ROAD,Columbus,GA,31907,,PCH044996,Personal Care Home,
GRACEFUL SENIOR LIVING,142 JAMES ST,REIDSVILLE,GA,30453,,PCH012326,Personal Care Home,
"GRACEFUL SWAN PCH OF MARIETTA, THE",4793 JAMERSON FOREST PARKWY,MARIETTA,GA,30066,,PCH009835,Personal Care Home,
"GRACEFUL SWAN PCH, THE",1190 WADE GREEN CIRCLE,ACWORTH,GA,30102,,PCH006738,Personal Care Home,
GRAMPS AND GRANNIES,500 NORTH HOUSTON ROAD,WARNER ROBINS,GA,31093,,PCH002073,Personal Care Home,
GRAMPS N GRANNIES II,502 NORTH HOUSTON ROAD,WARNER ROBINS,GA,31093,,PCH002078,Personal Care Home,
GRAMPS N GRANNIES III,316 WOODLAWN AVENUE,WARNER ROBINS,GA,31093,,PCH002081,Personal Care Home,
GREAT DAY,2604 WHITTIER PLACE,HEPHZIBAH,GA,30815,,PCH005280,Personal Care Home,
GREAT DAY II,2059 CLARK ST,AUGUSTA,GA,30904,,PCH008152,Personal Care Home,
GREAT GRAN'S PERSONAL CARE HOME,1002 N WILEY AVENUE,DONALSONVILLE,GA,39845,,PCH008256,Personal Care Home,
GREAT OAKS,920 HWY 138 NW,MONROE,GA,30655,,ALC000046,Assisted Living Community,
GREATER COLUMBUS PCH,2425 THIRD AVENUE,COLUMBUS,GA,31901,,PCH002251,Personal Care Home,
GREEN MEADOWS PERSONAL CARE,155 ABNEY ROAD,COCHRAN,GA,31014,,PCH005616,Personal Care Home,
GREEN PARK AT KENNESAW,3861 JILES ROAD,KENNESAW,GA,30144,,PCH002376,Personal Care Home,
GREEN PARK MEMORY CARE,3861 JILES ROAD LOWER LEVEL,KENNESAW,GA,30144,,PCH012119,Personal Care Home,
GREEN PARK PCH,2941 SANDY PLAINS ROAD,MARIETTA,GA,30066,,PCH004336,Personal Care Home,
GREEN PASTURES PERSONAL CARE HOME,204 HOTEL ST,LEARY,GA,39862,,PCH010145,Personal Care Home,
GREENWOOD PLACE,1160 Whitlock Drive,MARIETTA,GA,30064,,ALC000206,Assisted Living Community,
GREENWOOD PLACE RETIREMENT COMMUNITY,949 W ELM STREET,WRIGHTSVILLE,GA,31096,,ALC000007,Assisted Living Community,
GRIFFIN MANOR,207 WEST COLLEGE STREET,GRIFFIN,GA,30224,,PCH002472,Personal Care Home,
GROSVENOR HOME,4556 CENTRAL DRIVE,STONE MOUNTAIN,GA,30083,,PCH003517,Personal Care Home,
"GROVE SENIOR LIVING, LLC (THE)",1641 VIRGIL LANGFORD ROAD,WATKINSVILLE,GA,30677,,PCH009749,Personal Care Home,
GROWTH BRIDGE PCH,1125 PINEY GROVE ROAD,AUGUSTA,GA,30906,,PCH010177,Personal Care Home,
Growth Bridge Sparks PCH,204 S. Goodman STREET,Sparks,GA,31647,,PCH043017,Personal Care Home,
GUARDIAN - A PLACE TO CALL HOME,310 W WASHINGTON AVE,NASHVILLE,GA,31639,,PCH012301,Personal Care Home,
GUARDIAN KEEPERS NOW INC,465 STONEWYCK DR,TYRONE,GA,30290,,PCH012258,Personal Care Home,
GW PERSONAL CARE HOME,5208 ABERCORN STREET,SAVANNAH,GA,31405,,PCH001215,Personal Care Home,
H&B ADULT LIVING CARE HOME,2422 Mississippi Ave,Savannah,GA,31404,,PCH045828,Personal Care Home,
"Habersham Manor, LLC",5200 HABERSHAM STREET,SAVANNAH,GA,31405,,ALC000102,Assisted Living Community,
HABERSHAM RETREAT,258 PARK AVENUE,BALDWIN,GA,30511,,PCH003269,Personal Care Home,
HABERSHAM RETREAT ALC,258 PARK AVE,BALDWIN,GA,30511,,PCH010156,Personal Care Home,
HABERSHAM RETREAT II,258 PARK AVENUE,BALDWIN,GA,30511,,PCH004315,Personal Care Home,
"HALL, BARBARA RAY",2638 CASTLETOWN DRIVE,HEPHZIBAH,GA,30815,,PCH002433,Personal Care Home,
HAMILTON MILL PERSONAL CARE HOME,2581 DOC HUGHES ROAD,BUFORD,GA,30519,,PCH005582,Personal Care Home,
HAMILTON MILL SENIOR CARE,3550 HOG MOUNTAIN ROAD,DACULA,GA,30019,,PCH009381,Personal Care Home,
"HAMILTON PLACE PERSONAL LIVING, LLC",2215 OLD HAMILTON PL,GAINESVILLE,GA,30507,,PCH010136,Personal Care Home,
HAMMOCKS AT EAST COBB,1551 JOHNSON FERRY ROAD NE,MARIETTA,GA,30062,,ALC000731,Assisted Living Community,
"HAMPTON HOUSE FACILITY, THE",432 SOUTH FOURTH STREET,COLBERT,GA,30628,,PCH008576,Personal Care Home,
HANDS OF FAITH PERSONAL CARE HOME LLC,5529 SWANSON RD,ELLENWOOD,GA,30294,,PCH012320,Personal Care Home,
HANDS THAT CARE,9618 BROWN ROAD,JONESBORO,GA,30238,,PCH008549,Personal Care Home,
HANMAUM SENIOR CARE,4606 MCEVER ROAD,OAKWOOD,GA,30566,,PCH009770,Personal Care Home,
HAPPY GROVE COTTAGE,2809 CLUB FOREST DR,CONYERS,GA,30013,,PCH010166,Personal Care Home,
HAPPY HEARTS AT BRANNEN,2136 BRANNEN ROAD,ATLANTA,GA,30316,,PCH008054,Personal Care Home,
HAPPY HEARTS PERSONAL CARE HOME,3614 LOGWOOD COURT,DECATUR,GA,30034,,PCH005746,Personal Care Home,
HAPPY'S MANNER,1816 ENID DRIVE,LITHONIA,GA,30058,,PCH008682,Personal Care Home,
"Harbor Anchor Housing, LLC",6973 Mary Court,Riverdale,GA,30274,,PCH045250,Personal Care Home,
"HARBOR AT HARMONY CROSSING, THE",923 HARMONY ROAD,EATONTON,GA,31024,,ALC000200,Assisted Living Community,
"HARBOR AT RENAISSANCE MARQUIS, THE",3126 CEDARTOWN HWY SW,ROME,GA,30161,,ALC000013,Assisted Living Community,
HARBOR HOUSE,715 LARK WOOD DRIVE,TUNNEL HILL,GA,30755,,PCH002992,Personal Care Home,
HARBOR OF DOUGLASVILLE,8847 HOSPITAL DRIVE,DOUGLASVILLE,GA,30134,,ALC000704,Assisted Living Community,
HARMONY AT DOUGLASVILLE,4595 TIMBER RIDGE DRIVE,DOUGLASVILLE,GA,30135,,ALC000710,Assisted Living Community,
Harmony at Eagles Landing,2555 Patrick Henry Parkway,Mcdonough,GA,30253,,ALC044708,Assisted Living Community,
HARMONY AT SAVANNAH,9136 OLD MONTGOMERY ROAD,SAVANNAH,GA,31406,,ALC000650,Assisted Living Community,
HARMONY CAREGIVING HOME,1589 WILLIE DRIVE,MARIETTA,GA,30062,,PCH008645,Personal Care Home,
HARMONY PERSONAL CARE HOME,1748 CHARMETH RD,Lithonia,GA,30058,,PCH045611,Personal Care Home,
HAROLD AVENUE PCH,1969 HAROLD AVENUE,SMYRNA,GA,30080,,PCH001365,Personal Care Home,
HARPER HOUSE,512 NORTH STATE STREET,LYONS,GA,30436,,PCH002545,Personal Care Home,
HARPERS PERSONAL CARE HOME,186 BOOTLEGGER LANE,WASHINGTON,GA,30673,,PCH005399,Personal Care Home,
HARRIS HOME OF CARE LLC,110 AUSTIN DRIVE,FAYETTEVILLE,GA,30214,,PCH012327,Personal Care Home,
HARRIS HOUSE,3914 SABLE DRIVE,STONE MOUNTAIN,GA,30083,,PCH009302,Personal Care Home,
"HARRIS HOUSE, THE",605 SOUTH LEE STREET,FITZGERALD,GA,31750,,PCH008898,Personal Care Home,
Harris Senior Living Home,11905 HARRIS ROAD,ROSWELL,GA,30076,,PCH009358,Personal Care Home,
Haven at Cedar Shoals,1291 CEDAR SHOALS DRIVE,ATHENS,GA,30605,,PCH009931,Personal Care Home,
"Haven at Columbus, The",8301 FRANCISCAN WOODS DRIVE,COLUMBUS,GA,31909,,ALC000178,Assisted Living Community,
Haven at Fayetteville,1294 HIGHWAY 54 WEST,FAYETTEVILLE,GA,30214,,PCH008615,Personal Care Home,
"HAVEN AT HAMMOND GLEN, THE",335 HAMMOND DRIVE NE,ATLANTA,GA,30328,,PCH005338,Personal Care Home,
"HAVEN AT LAKE OCONEE, THE",1061 WILLOW RUN ROAD,GREENSBORO,GA,30642,,PCH005666,Personal Care Home,
Haven at Powder Springs,2432 POWDER SPRINGS ROAD,MARIETTA,GA,30064,,PCH009313,Personal Care Home,
"HAVEN MEMORY CARE OF ATHENS, LLC",705 WHITEHEAD ROAD,ATHENS,GA,30606,,PCH009362,Personal Care Home,
HAWTHORNE TERRACE AT MABLETON,6571 VALLEY HILL DR,MABLETON,GA,30126,,PCH010179,Personal Care Home,
HAZEL MARCHANT HOME FOR WOMEN,1606 RED FOX TRAIL,TIFTON,GA,31794,,PCH002536,Personal Care Home,
HAZELS LOVE PCH INC,6260 WELTON DR,RIVERDALE,GA,30296,,PCH012234,Personal Care Home,
HCare South Management,1335 Lake Ridge Pkwy,Riverdale,GA,30296,,PCH046031,Personal Care Home,
Healing Haven,3 Orange Court,Columbus,GA,31907,,PCH043089,Personal Care Home,
HEALING HOUSE 1 RESIDENTIAL CARE,107 NORTHWIND COURT,WARNER ROBINS,GA,31093,,PCH008702,Personal Care Home,
HEARNS HELPING HANDS,870 S MCDONOUGH RD,GRIFFIN,GA,30224,,PCH012302,Personal Care Home,
HEART OF GEORGIA DD MINISTRIES,238 HATCHER ROAD,WARNER ROBINS,GA,31088,,PCH005768,Personal Care Home,
HEART TO HEART PERSONAL CARE,2336 WESLEY CHAPEL ROAD,DECATUR,GA,30035,,PCH009257,Personal Care Home,
HEARTHSTONE AT PRESBYTERIAN VILLAGE,2000 EAST-WEST CONNECTOR,AUSTELL,GA,30106,,ALC022742,Assisted Living Community,
HEARTHSTONE AT PRESBYTERIAN VILLAGE,2000 EAST-WEST CONNECTOR,AUSTELL,GA,30106,,PCH004721,Personal Care Home,
Hearthwood at Athens,2040 Resurgence Dr,Watkinsville,GA,30677,,ALC000726,Assisted Living Community,
HEARTIS BUCKHEAD,2051 PEACHTREE ST NE,ATLANTA,GA,30309,,ALC000311,Assisted Living Community,
HEARTS OF GOLD PCH,413 HENSON AVENUE,COLUMBUS,GA,31907,,PCH009367,Personal Care Home,
HEATHER HOUSE CRABAPPLE,290 RANCHETTE ROAD,ALPHARETTA,GA,30004,,PCH009176,Personal Care Home,
HEATHER HOUSE ROSWELL,11965 OLD MOUNTAIN PARK,ROSWELL,GA,30075,,PCH009177,Personal Care Home,
HEAVEN SENT ME AN ANGEL LLC,8829 HAMILTON RD,PINE MOUNTAIN,GA,31822,,PCH012146,Personal Care Home,
HEAVENLY ARMS II,2342 DORN ROAD,AUGUSTA,GA,30906,,PCH009982,Personal Care Home,
HEAVENLY HANDS,3365 TANGLEWOOD DRIVE,AUGUSTA,GA,30909,,PCH007134,Personal Care Home,
HEAVENLY HANDS PCH,206 FLOWING WELLS ROAD,MARTINEZ,GA,30907,,PCH009391,Personal Care Home,
HEDICARE,1340 DELTA CORNERS,LAWRENCEVILLE,GA,30045,,PCH012380,Personal Care Home,
HERE 4 U CARE HOME,11923 PANHANDLE ROAD,HAMPTON,GA,30228,,PCH009169,Personal Care Home,
HERITAGE ESTATE,4017 DERBY DRIVE,GAINESVILLE,GA,30507,,PCH009829,Personal Care Home,
HERITAGE HOME CARE,1855 OLD SALEM ROAD,CONYERS,GA,30013,,PCH004520,Personal Care Home,
HERITAGE HOUSE,811 BELLEVUE AVENUE,DUBLIN,GA,31021,,PCH002125,Personal Care Home,
"HERITAGE HOUSE SENIOR LIVING, THE",1608 BLACK MOUNTAIN ROAD,DAHLONEGA,GA,30533,,PCH010041,Personal Care Home,
HERITAGE INN RETIREMENT CENTER,14901 RIVER STREET,BLAKELY,GA,39823,,PCH001704,Personal Care Home,
HERITAGE LIVING,1751 E ATLANTA RD,STOCKBRIDGE,GA,30281,,PCH010098,Personal Care Home,
Heritage Oaks Retirement Living,300 HERITAGE DRIVE,ST SIMONS,GA,31522,,ALC000040,Assisted Living Community,
Heritage Senior Sanctuary LLC,111 Epps Street,Gordon,GA,31031,,PCH046027,Personal Care Home,
"HERRIN-TESTON HOUSE AT COTTON GROVE ESTATE, THE",315 JOE NAIA RD,JESUP,GA,31545,,PCH012350,Personal Care Home,
HESS HOME,1182 HESS DRIVE,AVONDALE ESTATES,GA,30002,,PCH001500,Personal Care Home,
HIBISCUS MANOR,2203 FELLOWSHIP ROAD,TUCKER,GA,30084,,PCH009267,Personal Care Home,
HICKORY LOG VOCATIONAL SCHOOL,3680 HIGHWAY 411 NE,WHITE,GA,30184,,PCH003427,Personal Care Home,
HIGH COTTON HOMES,307 CHARLES STREET,VIENNA,GA,31092,,PCH009219,Personal Care Home,
HIGH HOPE PERSONAL CARE HOME,252 NELMS ROAD,FAYETTEVILLE,GA,30215,,PCH002962,Personal Care Home,
HIGHLAND CIRCLE PCH,1028 HIGHLAND CIRCLE,CONYERS,GA,30012,,PCH009389,Personal Care Home,
Highland Oaks of Decatur,1746 Highland Place,Decatur,GA,30035,,PCH045251,Personal Care Home,
HIGHLANDS SENIOR LIVING,16 ROVING ROAD,CARTERSVILLE,GA,30121,,PCH009375,Personal Care Home,
HIGHLANDS SENIOR LIVING JEFFERSON,50 SUMNER WAY,JEFFERSON,GA,30549,,ALC000714,Assisted Living Community,
HIGHLANDS SENIOR LIVING NORCROSS,680 HOLCOMB BRIDGE ROAD,NORCROSS,GA,30071,,ALC000717,Assisted Living Community,
HIGHLANDS SENIOR LIVING SOUTH,241 NELSON STREET,CARTERSVILLE,GA,30120,,PCH001071,Personal Care Home,
HisGrace Personal Care Home,110 Gum Creek Rd,Oxford,GA,30054,,PCH043626,Personal Care Home,
HISTORIC ROSWELL PLACE ASSISTED LIVING & MEMORY,75 MAGNOLIA ST,ROSWELL,GA,30075,,ALC000567,Assisted Living Community,
HOLBROOK ASSISTED AND MEMORY LIVING - SUGAR HILL,5135 WEST BROAD STREET,SUGAR HILL,GA,30518,,ALC000318,Assisted Living Community,
"HOLBROOK OF DECATUR, THE",1882 CLAIRMONT ROAD,DECATUR,GA,30033,,ALC000595,Assisted Living Community,
HOLBROOK OF WOODSTOCK,13682 HIGHWAY 92,WOODSTOCK,GA,30188,,ALC000667,Assisted Living Community,
HOLLANDER SENIOR LIVING AND MEMORY CARE,"5399 NORTHLAND DRIVE, NE",ATLANTA,GA,30342,,PCH008252,Personal Care Home,
Hollins Personal Care Home,3003 Peach Orchard Road Suite B,Augusta,GA,30906,,PCH045042,Personal Care Home,
HOLLY TREE SEMI-INDEPENDENT RESIDENTIAL (MEN),5930 HWY 85 UNIT 104,RIVERDALE,GA,30274,,PCH009038,Personal Care Home,
HOLLY TREE SEMI-INDEPENDENT RESIDENTIAL(WOMEN),5930 HWY 85 UNIT 101,RIVERDALE,GA,30274,,PCH009037,Personal Care Home,
Holy House Senior Care,900 1st street,Macon,GA,31201,,PCH046039,Personal Care Home,
"HOME FOR MOM & DAD, A",2560 JOHNSON DRIVE,DORAVILLE,GA,30340,,PCH004535,Personal Care Home,
Home of Glory PCH,433 Derbyshire Drive,Stone Mountain,GA,30088,,PCH043452,Personal Care Home,
HOME OF NEIGHBORLY SERVICES,3958 SUE LANE,DECATUR,GA,30035,,PCH012227,Personal Care Home,
HOME OF PEACE AND TRANQUILITY,8930 ASHWOOD DRIVE,RIVERDALE,GA,30274,,PCH009217,Personal Care Home,
HOME SWEET HOME OF TOCCOA,16 CRESTWOOD DR,TOCCOA,GA,30577,,PCH012284,Personal Care Home,
HOMELIFE ON GLYNCO,1550 GLYNCO PARKWAY,BRUNSWICK,GA,31525,,PCH008367,Personal Care Home,
HOMY CARE,5021 OAKDALE DRIVE,DOUGLASVILLE,GA,30135,,PCH012415,Personal Care Home,
HONA'S PERSONAL CARE HOME,6 DUNNOMON DRIVE,SAVANNAH,GA,31419,,PCH012417,Personal Care Home,
HONA'S PERSONAL CARE HOME,3211 GRAGG STREET,THUNDERBOLT,GA,31404,,PCH004439,Personal Care Home,
HONOR SENIORS LLC,6094 LOCKLEAR WAY,DOUGLASVILLE,GA,30134,,PCH012397,Personal Care Home,
HOPE & FAITH CARE HOME INC,260 STARK ROAD,JACKSON,GA,30233,,PCH012190,Personal Care Home,
Hope & Faith Living LLC,209 E. 12th Avenue,Cordele,GA,31015,,PCH043291,Personal Care Home,
Hope Center Memory Care,355 BRANDYWINE BLVD,FAYETTEVILLE,GA,30214,,ALC000348,Assisted Living Community,
Hope Point Care Services,294 TANNERS BRIDGE ROAD,BETHLEHEM,GA,30620,,PCH007505,Personal Care Home,
HOPE'S FAIR HAVEN,209 CRAWFORD LANE,VALDOSTA,GA,31601,,PCH012298,Personal Care Home,
"HORIZON CARE, LLC",3336 LEE ROAD,SNELLVILLE,GA,30039,,PCH010174,Personal Care Home,
"HOUSE OF CARE, A",2118 SANDERS ROAD,AUGUSTA,GA,30906,,PCH009824,Personal Care Home,
HOUSE OF EMMANUEL AT HOLLY SPRINGS,2852 HOLLY SPRINGS ROAD,MARIETTA,GA,30062,,PCH010077,Personal Care Home,
HOUSE OF EMMANUEL AT SANDY PLAINS,1788 SANDY PLAINS ROAD,MARIETTA,GA,30066,,PCH010085,Personal Care Home,
HOUSE OF HEROES PERSONAL CARE HOME,118 GARDEN GATE PARKWAY,MCDONOUGH,GA,30252,,PCH009191,Personal Care Home,
HOUSE OF HOPE HOMECARE LLC,2060 MALLARD COVE,LITHONIA,GA,30058,,PCH012395,Personal Care Home,
HOUSE OF HOPE PERSONAL CARE HOME,2403 WRIGHTSBORO ROAD,AUGUSTA,GA,30904,,PCH010150,Personal Care Home,
House of Karam,1103 Bedford Avenue,Columbus,GA,31907,,PCH045468,Personal Care Home,
HOUSE OF LORD PERSONAL CARE HOME,5274 BIG A ROAD,DOUGLASVILLE,GA,30135,,PCH010119,Personal Care Home,
"House of Love #2, The",3725 Wrightsboro Road,Augusta,GA,30909,,PCH042986,Personal Care Home,
"HOUSE OF LOVE ON SIBLEY, THE",2135 SIBLEY RD,AUGUSTA,GA,30909,,PCH012381,Personal Care Home,
House of Many Doors Inc.,479 Lake Ridge Lane,Fairburn,GA,30213,,PCH043053,Personal Care Home,
HOUSE OF PARADISE,42 E CALHOUN STREET,WADLEY,GA,30477,,PCH008033,Personal Care Home,
HOUZE AMERICA AT CREEKVIEW,"3507 CREEKVIEW DR, LLC",UNION CITY,GA,30291,,PCH010213,Personal Care Home,
"HUDSON HOUSE, THE",443 BAGWELL RD,CARROLLTON,GA,30117,,PCH008444,Personal Care Home,
HULIN PERSONAL CARE,948 SANDTOWN ROAD,WASHINGTON,GA,30673,,PCH001008,Personal Care Home,
HUMBLE ABODE PERSONAL CARE HOME,525 CEDARHURST ROAD,LAWRENCEVILLE,GA,30045,,PCH009858,Personal Care Home,
HUMBLE HEARTS PCH LLC,3417 JOYCLIFF ROAD,MACON,GA,31211,,PCH012177,Personal Care Home,
Humble Sky Personal Care Home,5049 Stagecoach Road,Ellenwood,GA,30294,,PCH042609,Personal Care Home,
HUMMING BIRDS PCH,2124 HARDING ROAD,AUGUSTA,GA,30906,,PCH009955,Personal Care Home,
HUNT PERSONAL CARE HOME,1520 HUNT AVENUE,COLUMBUS,GA,31907,,PCH009384,Personal Care Home,
HYATT HOME,1820 GLEN HAVE CIR,DECATUR,GA,30035,,PCH012217,Personal Care Home,
I.T.A Home Care LLC,125 Meadowridge Drive,Covington,GA,30016,,PCH045110,Personal Care Home,
IDRIS TWINS PERSONAL CARE HOME,3778 BURNT LEAF LANE,SNELLVILLE,GA,30039,,PCH005607,Personal Care Home,
IMMANUEL HOUSE PERSONAL CARE HOME LLC,422 N WASHINGTON STREET,MOUNT VERNON,GA,30445,,PCH012205,Personal Care Home,
"Imperial Hearts Care Home, LLC",7749 Bromley Court,Jonesboro,GA,30236,,PCH045350,Personal Care Home,
IN MERCEDES CARE OF REGISTER INC,550 HOLLOWAY LANE,REGISTER,GA,30452,,PCH012157,Personal Care Home,
Infinite Care Home,5416 Union Circle,Flowery Branch,GA,30542,,PCH043574,Personal Care Home,
INGARDIA PERSONAL CARE HOME,2207 ALTMAN WAY,HEPHZIBAH,GA,30815,,PCH009132,Personal Care Home,
INNOVATIVE PERSONAL CARE CENTER,404 CENTRAL STREET,CEDARTOWN,GA,30125,,PCH008481,Personal Care Home,
INNOVATIVE SENIOR SOLUTIONS,1400 WEST OAKRIDGE DRIVE,ALBANY,GA,31707,,PCH009956,Personal Care Home,
Innovative Senior Solutions PCH Albany II,510 West Broad Avenue C,Albany,GA,31707,,PCH043885,Personal Care Home,
Innovative Senior Solutions PCH Albany II,510 West Broad Avenue,Albany,GA,31701,,PCH045101,Personal Care Home,
Innovative Senior Solutions PCH Columbus,1309 WILDWOOD AVE,COLUMBUS,GA,31906,,PCH012138,Personal Care Home,
INSPIRATION LIGHT,730 WILSON MILL ROAD,ATLANTA,GA,30331,,PCH005927,Personal Care Home,
INSPIRATIONAL PERSONAL CARE HOME LLC,1502 ALMO DR,COLUMBUS,GA,31907,,PCH012202,Personal Care Home,
INSPIRED LIVING AT ALPHARETTA,11450 MORRIS ROAD,ALPHARETTA,GA,30005,,ALC000257,Assisted Living Community,
INTENSIVE TRAINING RESIDENCE (ITR),613 HIGHWAY 30 WEST,AMERICUS,GA,31709,,PCH008752,Personal Care Home,
INTIMATE ESTATES,449 WOMACK ROAD,COVINGTON,GA,30016,,PCH005324,Personal Care Home,
IRIS COVE PCH,2382 WHEELESS ROAD,AUGUSTA,GA,30906,,PCH009053,Personal Care Home,
ISAAC HAVEN PERSONAL CARE HOME,1939 ISAAC WATKINS ROAD,MONTROSE,GA,31065,,PCH002130,Personal Care Home,
ISABELLA MANOR,409 N MONROE ST,ALBANY,GA,31701,,PCH008441,Personal Care Home,
ISS AMERICUS PCH,721 C FELDER STREET,AMERICUS,GA,31709,,PCH008313,Personal Care Home,
ITR GROUP HOME,7205 NORTH COUNTY LINE,LITHIA SPRINGS,GA,30122,,PCH012187,Personal Care Home,
IVY SPRINGS RETIREMENT COTTAGE,1408 SPRING STREET,SMYRNA,GA,30080,,PCH002947,Personal Care Home,
"IVY SPRINGS SENIOR LIVING BUFORD, LLC",3177 GRAVEL SPRINGS ROAD,BUFORD,GA,30519,,ALC000342,Assisted Living Community,
IVYDALE AT WILLOW LODGE,3120 SOUTH MAIN STREET,MOULTRIE,GA,31768,,PCH008684,Personal Care Home,
J & J BROWN PERSONAL CARE HOME,40 CASEY'S WAY,COVINGTON,GA,30014,,PCH006553,Personal Care Home,
JABEZ INC A GA PERSONAL CARE HOME 2,339 E A TAYLOR ROAD,CRAWFORDVILLE,GA,30631,,PCH007917,Personal Care Home,
JACKIE'S PCH,1209 HALE STREET,WAYNESBORO,GA,30830,,PCH002386,Personal Care Home,
"JACKSON, YOLANDA PCH",3864 CREST DRIVE,HEPHZIBAH,GA,30815,,PCH004280,Personal Care Home,
Jasper PCH test,1 Test Lane,Jonesboro,GA,30236,,PCH043827,Personal Care Home,
JC AND GAIL COMMUNITY LIVING HOME # 2,3573 HOLLINGSWORTH ROAD,MACON,GA,31210,,PCH009109,Personal Care Home,
JC DIVINE PERSONAL CARE HOME,2013 CHANCELLOR COURT,SNELLVILLE,GA,30078,,PCH004662,Personal Care Home,
JENESIS PERSONAL CARE HOME,307 KENDRICK ESTATES DRIVE,JONESBORO,GA,30238,,PCH008269,Personal Care Home,
Jewels Personal Care Home,930 Third Street,Unadilla,GA,31091,,PCH044785,Personal Care Home,
JIMMY PARKER EQUESTRIAN PCH,110 ROCK HILL ROAD,ROCKY FACE,GA,30740,,PCH005515,Personal Care Home,
JOHN-WESLEY VILLAS,5471 THOMASTON ROAD,MACON,GA,31220,,ALC000083,Assisted Living Community,
JOHNS CREEK SENIOR LIVING CARE,10220 JONES BRIDGE ROAD,JOHNS CREEK,GA,30022,,PCH008318,Personal Care Home,
JOHNSON PERSONAL CARE HOME,2460 OLD UNION POINT ROAD,GREENSBORO,GA,30642,,PCH007837,Personal Care Home,
JOHNSON'S PERSONAL CARE HOME #2,1009 HALL STREET,BAINBRIDGE,GA,39819,,PCH009234,Personal Care Home,
JONES PERSONAL CARE HOME,1618 CIDER LANE,AUGUSTA,GA,30906,,PCH006795,Personal Care Home,
Jonesboro Assisted Living Center,2620 HIGHWAY 138,JONESBORO,GA,30236,,ALC000045,Assisted Living Community,
JONESCARE AND MORE LLC,83 LUNDY LANE,JONESBORO,GA,30238,,PCH012361,Personal Care Home,
JONSIE HOME CARE,75 LITTLE HAYNES DRIVE,LOGANVILLE,GA,30052,,PCH008590,Personal Care Home,
JORDAN PERSONAL CARE HOME,1910 SAGEMONT DRIVE,AUGUSTA,GA,30906,,PCH003759,Personal Care Home,
JOVIAN COMPASSIONATE CARE HOME,7195 WALTON RESERVE,AUSTELL,GA,30168,,PCH002298,Personal Care Home,
JOY HOME,1390 WILLOW BEND DRIVE,SNELLVILLE,GA,30078,,PCH004290,Personal Care Home,
JOY PERSONAL CARE HOME,6380 WESTBURY ROAD,RIVERDALE,GA,30274,,PCH008757,Personal Care Home,
"JOY SENIOR LIVING OF LOGANVILLE, THE",434 CONYERS RD,LOGANVILLE,GA,30052,,PCH012341,Personal Care Home,
JOY'S MANOR PCH,3442 MIDWAY ROAD,DECATUR,GA,30032,,PCH001584,Personal Care Home,
JOYFUL HEARTS PERSONAL CARE HOME SERVICES LLC,846 Poplar Springs Rd.,Riverdale,GA,30274,,PCH045843,Personal Care Home,
JOYFUL HEARTS HO E & HEALTH CARE SERVICES LLC,"846 Poplar Springs Rd. Riverdale, GA 30274",Riverdale,GA,30274,,PCH045489,Personal Care Home,
JOYFUL LIVING PCH OF SMYRNA,688 HURT ROAD SW,SMYRNA,GA,30082,,PCH010025,Personal Care Home,
JR Housing Family LLC,25 Timberwoods Dr.,Covington,GA,30016,,PCH046025,Personal Care Home,
JUDAH PCH,134 EAST 5TH STREET,MONROE,GA,30655,,PCH008534,Personal Care Home,
JULIAN & JULIAN PCH,765 MOUNTAIN OAKS PKWY,STONE MOUNTAIN,GA,30087,,PCH008686,Personal Care Home,
JUSTIN'S HOUSE,40 WEST GRADY STREET,STATESBORO,GA,30458,,PCH009761,Personal Care Home,
JZC III,4 TAHOE DRIVE,SAVANNAH,GA,31405,,PCH008666,Personal Care Home,
JZC PERSONAL CARE HOME 1,106 RIDGELAND ROAD,SAVANNAH,GA,31419,,PCH009887,Personal Care Home,
JZC Personal Care Home IV LLC,14 FIELDSTONE COURT,SAVANNAH,GA,31419,,PCH009222,Personal Care Home,
K & W CARE HOMES,1116 ALLGOOD ROAD,ST MOUNTAIN,GA,30083,,PCH008647,Personal Care Home,
"K & W CARE HOMES, LLC",4496 HWY 5,DOUGLASVILLE,GA,30135,,PCH009322,Personal Care Home,
KADA J'S PCH,4921 HAMLET CT,LITHONIA,GA,30038,,PCH008186,Personal Care Home,
KAM DIVINE SERVICES,6326 MILO DRIVE,AUSTELL,GA,30168,,PCH012333,Personal Care Home,
KAMGA PERSONAL CARE HOME,2237 WINSTON WAY,AUGUSTA,GA,30906,,PCH005188,Personal Care Home,
KARING HANDS,3110 Snapfinger Ln,Decatur,GA,30034,,PCH044207,Personal Care Home,
KARING HANDS,2735 Williamsburg Way,Decatur,GA,30034,,PCH044209,Personal Care Home,
KARING HANDZ PCH,2852 WHITE CHAPEL DR,COLUMBUS,GA,31907,,PCH012337,Personal Care Home,
KATHRYN PERSONAL CARE HOME,119 KATHRYN DRIVE,MARIETTA,GA,30066,,PCH002476,Personal Care Home,
"KEISHA HEART 4 A HEART, LLC",521 WEST SOLOMON STREET,GRIFFIN,GA,30223,,PCH009877,Personal Care Home,
KENDRICK HOME,1016 ELL STREET (B),MACON,GA,31206,,PCH002666,Personal Care Home,
KENNESAW VILLAGE,2800 JILES ROAD,KENNESAW,GA,30144,,PCH009399,Personal Care Home,
KENNY'S PERSONAL CARE HOME,4043 BIG VALLEY TRAIL,STONE MOUNTAIN,GA,30083,,PCH009763,Personal Care Home,
Kensy International INC,4108 Anthony Creek Drive,Loganville,GA,30052,,PCH043783,Personal Care Home,
KHARIS COMPANION PERSONAL CARE HOME & SERVICES LLC,8791 ST ANDREWS PKWY,WINSTON,GA,30187,,PCH012404,Personal Care Home,
KIMBERLY PCH,700 WEST MEMORIAL DR,DALLAS,GA,30132,,PCH010175,Personal Care Home,
KING'S BRIDGE RETIREMENT CENTER,3055 BRIARCLIFF ROAD NE,ATLANTA,GA,30329,,ALC000286,Assisted Living Community,
KINGDOM KARE PCH II,1061 ADRIAN CIRCLE,GREENSBORO,GA,30642,,PCH007390,Personal Care Home,
KINGS AND QUEENS,3072 JEFFERY DR,ELLENWOOD,GA,30294,,PCH012411,Personal Care Home,
KINGS MOUNTAIN PCH,1004 POWDER SPRINGS,MARIETTA,GA,30064,,PCH002313,Personal Care Home,
KINGSFORD PLACE,95 PROGRESS AVENUE,HAWKINSVILLE,GA,31036,,PCH002304,Personal Care Home,
KINGSWAY PERSONAL CARE HOME,5976 PATTILLO LANE,LITHONIA,GA,30058,,PCH005263,Personal Care Home,
KIRKLAND AGR,115 KIRKLAND ROAD,COVINGTON,GA,30016,,PCH003218,Personal Care Home,
KIVIA CARES PCH LLC,183 EBONY LOUNGE RD,MILLEDGEVILLE,GA,31061,,PCH012232,Personal Care Home,
KKOTTONGNAE,5732 LAWRENCEVILLE HIGHWAY,TUCKER,GA,30084,,PCH001963,Personal Care Home,
KNIGHT PERSONAL CARE CENTER LLC,2297 WALDEN DRIVE,AUGUSTA,GA,30904,,PCH010082,Personal Care Home,
KOSTA AT SMYRNA,688 HURT ROAD SW,SMYRNA,GA,30082,,PCH008497,Personal Care Home,
KRISSCARE,2793 SKYLAND DRIVE,SNELLVILLE,GA,30078,,PCH006519,Personal Care Home,
KRYSTI HOME CARE LLC,7495 COVINGTON HWY SUITE B,LITHONIA,GA,30058,,PCH009346,Personal Care Home,
L & J PCH,3849 MERITAS DR,COLUMBUS,GA,31904,,PCH010125,Personal Care Home,
L AND C AT RIVERBEND,672 RIVERBEND DRIVE,JONESBORO,GA,30238,,PCH009393,Personal Care Home,
L&G Secure Hearts LLC,2636 Embarcadero Drive,Lithonia,GA,30058,,PCH046033,Personal Care Home,
Lakes at Gainesville Assisted Living,2435 LIMESTONE PARKWAY,GAINESVILLE,GA,30501,,ALC000619,Assisted Living Community,
LAKES CROSSING SENIOR CARE,900 GROSS ROAD,KINGSLAND,GA,31548,,PCH009158,Personal Care Home,
LAKESIDE SENIOR LIVING,1025 NORTH CHESTER AVENUE,DOUGLAS,GA,31533,,PCH009755,Personal Care Home,
LAKEVIEW ITR,349 / 351 SHORELINE DRIVE,THOMASVILLE,GA,31757,,PCH003988,Personal Care Home,
LAKEVIEW MANOR RETIREMENT COMMUNITY LLC,728 GA HWY 119 S,SPRINGFIELD,GA,31329,,PCH009387,Personal Care Home,
"LAKEVIEW RETIREMENT CENTER, LLC",111 STEPHENS AVENUE,BAXLEY,GA,31513,,PCH012155,Personal Care Home,
LAMBERT MANOR CARE HOME,4410 LAMBERT DRIVE NW,KENNESAW,GA,30144,,PCH008504,Personal Care Home,
"LANDING OF BOGART LLC, THE",2881 MONROE HWY BLDG 300,BOGART,GA,30622,,ALC000653,Assisted Living Community,
"LANDING OF WINDER, THE",901 HAYMON MORRIS ROAD,WINDER,GA,30680,,ALC000297,Assisted Living Community,
"LANDING PCH, LLC (THE)",1215 HALE STREET,WAYNESBORO,GA,30830,,PCH007991,Personal Care Home,
"Landings at Covenant Woods, The",6830 RIVER ROAD,COLUMBUS,GA,31904,,PCH001537,Personal Care Home,
"LANDINGS CARE HOME, THE",121 W College St,Griffin,GA,30224,,PCH008442,Personal Care Home,
"LANDINGS OF CANTON HILLS, THE",1100 REINHARDT COLLEGE PARKWAY,CANTON,GA,30114,,ALC000698,Assisted Living Community,
LANGDALE PLACE,2720 WINDEMERE DRIVE,VALDOSTA,GA,31602,,PCH002170,Personal Care Home,
Langston Grove,1001 RESEARCH CENTER ATLANTA DRIVE,ATLANTA,GA,30331,,ALC000088,Assisted Living Community,
"Lantern at Morning Pointe,The-Happy Valley",2937 Happy Valley Road,Rossville,GA,30741,,ALC044573,Assisted Living Community,
LAQUISH MARTIN,244 PEAVY AVE,UNADILLA,GA,31091,,PCH012230,Personal Care Home,
LATEISHA RESIDENTIAL CARE,3268 LINTON ROAD,SPARTA,GA,31087,,PCH009804,Personal Care Home,
LATULIPPE PERSONAL CARE HOME,2241 MCDUFFIE,AUSTELL,GA,30106,,PCH004350,Personal Care Home,
LAUREL LODGE ASSISTED LIVING & MEMORY CARE,210 HOPE DRIVE,CLEVELAND,GA,30528,,ALC000326,Assisted Living Community,
LAURINE PCH,3311 WHITE CASTLE WAY,DECATUR,GA,30034,,PCH009970,Personal Care Home,
"LAURSTANWIN CARING ANGELS, LLC",5470 KILROY LANE,DOUGLASVILLE,GA,30135,,PCH012376,Personal Care Home,
Lavish Haven 1012 PCH LLC,237 McCoy street,Americus,GA,31709,,PCH045903,Personal Care Home,
Le Luxe Home Care,5122 Lavista Road,Tucker,GA,30084,,PCH044812,Personal Care Home,
Le's Personal Care,3753 Woodcock Dr,Hephzibah,GA,30815,,PCH044248,Personal Care Home,
Le's Personal Care,3753 Woodcock Drive,Hephzibah,GA,30815,,PCH045277,Personal Care Home,
LEAFWOOD RESIDENTIAL HOME SERVICES,229 LEAFWOOD LANE,RIVERDALE,GA,30274,,PCH008626,Personal Care Home,
LEGACY AT SAVANNAH QUARTERS,101 SHEPHERD WAY,POOLER,GA,31322,,ALC000607,Assisted Living Community,
LEGACY AT SWEETWATER CREEK-PENDING,1600 LEE ROAD,LITHIA SPRINGS,GA,30122,,ALC000631,Assisted Living Community,
LEGACY PERSONAL CARE HOME,174 MCCONNELL DRIVE,LAWRENCEVILLE,GA,30045,,PCH002760,Personal Care Home,
Legacy Personal Care Home,206 Flowing Wells Road,Augusta,GA,30907,,PCH044376,Personal Care Home,
Legacy Reserve At Old Town,8601 QUEEN BEE DRIVE,COLUMBUS,GA,31909,,ALC000674,Assisted Living Community,
Legacy Reserve At Old Town,8601 QUEEN BEE DRIVE UNITS 300-313,COLUMBUS,GA,31909,,PCH012390,Personal Care Home,
LEGACY RIDGE AT ALPHARETTA,4125 NORTH POINT PKWY,ALPHARETTA,GA,30022,,ALC000663,Assisted Living Community,
LEGACY RIDGE AT BUCKHEAD,4804 ROSWELL ROAD,ATLANTA,GA,30342,,ALC000664,Assisted Living Community,
LEGACY RIDGE AT MARIETTA,840 LECROY DRIVE,MARIETTA,GA,30068,,ALC000662,Assisted Living Community,
LEGACY VILLAGE AT PARK REGENCY,3000 VETERANS PARKWAY SOUTH,MOULTRIE,GA,31788,,ALC000168,Assisted Living Community,
LEGACY VILLAGE OF PLANTATION MANOR,220 PARK AVENUE,THOMASVILLE,GA,31792,,ALC000319,Assisted Living Community,
LEGACY VILLAGE OF TIFTON,1934 WHIDDON MILL ROAD,TIFTON,GA,31794,,ALC000044,Assisted Living Community,
LEGACY VILLAGE OF TIFTON PERSONAL CARE,1934 WHIDDON MILL ROAD,TIFTON,GA,31794,,PCH002540,Personal Care Home,
"LEMON TREE, THE",1060 MURRAY CIRCLE,MARIETTA,GA,30064,,PCH001331,Personal Care Home,
LENBROOK ASSISTED LIVING,3747 PEACHTREE ROAD NE,ATLANTA,GA,30319,,ALC000251,Assisted Living Community,
LEND-A-HAND PERSONAL CARE HOME,975 QUEEN ELIZABETH WAY,MORROW,GA,30260,,PCH006494,Personal Care Home,
LENDING SENIORS A HELPING HAND,1103 ELLIOTT AVE,SAVANNAH,GA,31415,,PCH010045,Personal Care Home,
LEONARD PEDIGO HOME,3807 MADDOX ROAD,AUGUSTA,GA,30909,,PCH002311,Personal Care Home,
LEWIS FAMILY CARE HOME,2870 EFFINGHAM HWY,SYLVANIA,GA,30467,,PCH002452,Personal Care Home,
LEWIS SENIOR LIVING 2,1103 PLAINING MILL ROAD,GREENSBORO,GA,30642,,PCH004503,Personal Care Home,
LEXINGTON PERSONAL CARE HOME,8854 LEXINGTON DRIVE,JONESBORO,GA,30238,,PCH001320,Personal Care Home,
LIA'S PERSONAL CARE HOME #2,1404 ROCK SPRINGS ROAD,BUFORD,GA,30519,,PCH008799,Personal Care Home,
LIBERTY PERSONAL CARE HOME,2126 SHAW ROAD,HINESVILLE,GA,31313,,PCH005888,Personal Care Home,
"Liberty Personal Care Home II, LLC",2150 Shaw Road,Hinesville,GA,31313,,PCH043620,Personal Care Home,
LIFE BALANCE PERSONAL CARE HOME LLC,205 BROLLEY WOODS DRIVE,WOODSTOCK,GA,30189,,PCH010062,Personal Care Home,
LIFE CARE AND WISDOM CENTER PCH,5637 LA FLEUR TRAIL,LITHONIA,GA,30038,,PCH009865,Personal Care Home,
"Life House of Georgia, The",1386 Panola Road,Stone Mountain,GA,30088,,PCH045021,Personal Care Home,
LIFE LINK AT FORREST CIRCLE,811 FORREST CIRCLE,ATLANTA,GA,30354,,PCH006459,Personal Care Home,
LIGHT OF HOPE AND LOVE,2324 GOODWOOD DR,MARIETTA,GA,30064,,PCH012331,Personal Care Home,
"LIGHT OF HOPE, THE",1010 EAST 6TH AVENUE,NASHVILLE,GA,31639,,PCH009889,Personal Care Home,
"LIGHTHOUSE PERSONAL CARE HOME, THE",206 BLUE MOUNTAIN PARKWAY,ROCKY FACE,GA,30740,,PCH006614,Personal Care Home,
LIGHTHOUSE SUPPORT SERVICES,3881 NATIONS DR,DOUGLASVILLE,GA,30135,,PCH012176,Personal Care Home,
LILLIE MAE'S HOUSE OF LOVE,475 BOY SCOUT RD,AUGUSTA,GA,30909,,PCH012151,Personal Care Home,
LILY HOME,4190 BRIARCLIFF ROAD,ATLANTA,GA,30345,,PCH009274,Personal Care Home,
LILY OF THE VALLEY ADULT CARE SOLUTIONS LLC,4933 HEREFORD FARM ROAD,EVANS,GA,30809,,PCH010216,Personal Care Home,
LIONHEART-WELLNESS,2218 BUNGALOW RD,AUGUSTA,GA,30906,,PCH012275,Personal Care Home,
"LIVE LOVE AND LAUGH HOME CARE, LLC",310 TARA BEACH LN,JONESBORO,GA,30236,,PCH009698,Personal Care Home,
LIVE WELL SENIOR HOME,1945 DR BRAMBLETT RD SUITE 1,CUMMING,GA,30028,,PCH012377,Personal Care Home,
Live Well Senior Home,1945 Dr Bramblett Road,Cumming,GA,30028,,PCH042952,Personal Care Home,
LIVING HOPE RESIDENCE,6387 BIMINI DRIVE,FOREST PARK,GA,30297,,PCH008052,Personal Care Home,
Living Peaks @ Winfield,825 Winfield Court SW,Marietta,GA,30060,,PCH045043,Personal Care Home,
LIVING PEAKS II,6074 GREAT OAKS DR,LITHONIA,GA,30058,,PCH012342,Personal Care Home,
LIVING PEAKS PCH,1076 JAMERSON ROAD,MARIETTA,GA,30066,,PCH009371,Personal Care Home,
Living Peaks PCH,2042 SWEETWATER CHURCH ROAD,DOUGLASVILLE,GA,30134,,PCH009838,Personal Care Home,
LIVING PERSONAL CARE HOME,"3034 GRAND AVENUE, S.W.",ATLANTA,GA,30315,,PCH001851,Personal Care Home,
Living Well PCH,4855 Brownsville Rd,Powder Springs,GA,30127,,PCH044194,Personal Care Home,
Living Well PCH,4855 BROWNSVILLE RD,Powder Springs,GA,30127,,PCH044709,Personal Care Home,
LIVING WELL PERSONAL CARE HOME,10903 WHEELER TRACE,HAMPTON,GA,30228,,PCH012136,Personal Care Home,
LivingWell PCH,4855 BROWNSVILLE RD,Powder Springs,GA,30127,,PCH045936,Personal Care Home,
"LODGE AT BETHANY, THE",77 BETHANY WAY,STATESBORO,GA,30458,,ALC000194,Assisted Living Community,
"Lodge at Blue Ridge, The",1600 BALLEWTOWN ROAD,BLUE RIDGE,GA,30513,,ALC000245,Assisted Living Community,
"Lodge at Jasper, The",200 MOUNTAIN BOULEVARD SOUTH,JASPER,GA,30143,,ALC000708,Assisted Living Community,
Lofton Personal Care Home #2,3622 Sturnidae Drive,Augusta,GA,30906,,PCH043647,Personal Care Home,
LOFTON PERSONAL CARE HOME LLC,2836 TOBACCO RD,HEPHZIBAH,GA,30815,,PCH012334,Personal Care Home,
LONGEVITY PCH #2,2884 LUMPKIN ROAD,AUGUSTA,GA,30906,,PCH007123,Personal Care Home,
LONGEVITY PERSONAL CARE HOME,1520-22 12TH ST,AUGUSTA,GA,30901,,PCH006479,Personal Care Home,
LONNEKKA'S PERSONAL KARE PALACE,3798 CATALPA LANE,ELLENWOOD,GA,30294,,PCH008638,Personal Care Home,
Lotus Park Douglasville,4605 Timber Ridge Dr,Douglasville,GA,30135,,ALC000641,Assisted Living Community,
LOTUS PCH LLC,3709 GLEN FALLS DR,DECATUR,GA,30032,,PCH010034,Personal Care Home,
LOTUS VILLAGE,440 TRIBBLE GAP ROAD,CUMMING,GA,30040,,PCH009372,Personal Care Home,
LOU'S PERSONAL CARE HOME,2119 TILLMAN STREET,COLUMBUS,GA,31906,,PCH010161,Personal Care Home,
LOVE AND CARE,1678 PHEASANT DRIVE,JONESBORO,GA,30238,,PCH009753,Personal Care Home,
LOVE AND CARE LLC (ELLENWOOD),2717 SHELLEY LANE,ELLENWOOD,GA,30294,,PCH009885,Personal Care Home,
"LOVE CONTINUES II, THE",6960 KNOLLWOOD DRIVE,MORROW,GA,30260,,PCH007841,Personal Care Home,
"LOVE CONTINUES, THE",3756 RIVERCHASE CIRCLE,DECATUR,GA,30034,,PCH006797,Personal Care Home,
LOVE PCH,4271 SEQUOIA PLACE SW,ACWORTH,GA,30101,,PCH009204,Personal Care Home,
LOVE TO HEART CARE,4508 BRIDLE RIDGE WAY,LITHONIA,GA,30038,,PCH008629,Personal Care Home,
LOVE'S PERSONAL CARE FACILITIES I,2366 DUBLIN DRIVE,AUGUSTA,GA,30906,,PCH009769,Personal Care Home,
LOVELY CARE INC,601 COLEMAN STREET,HAPEVILLE,GA,30354,,PCH009407,Personal Care Home,
LOVELY HOME CARE,8915 CREEKWOOD COURT,RIVERDALE,GA,30274,,PCH009819,Personal Care Home,
LOVELY LIVING PERSONAL CARE HOME LLC,1178 COLLEGE STREET,MONTICELLO,GA,31064,,PCH012403,Personal Care Home,
LOVIN CARE,125 FALCON RIDGE DRIVE,COVINGTON,GA,30016,,PCH008518,Personal Care Home,
Loving Care & Comfort GA 1,1431 Mars Hill Road,Acworth,GA,30101,,PCH045189,Personal Care Home,
LOVING CARE AND COMFORT GA1,1431 MARS HILL RD,ACWORTH,GA,30101,,PCH012402,Personal Care Home,
LOVING CARE PERSONAL CARE HOME,"2431 PEACH ORCHARD ROAD, SUITE B",AUGUSTA,GA,30906,,PCH008741,Personal Care Home,
LOVING HANDS,233 NORTHSTAR DRIVE,COLUMBUS,GA,31907,,PCH006565,Personal Care Home,
"LOVING HEART PCH, A",3437 GEBHART COURT,HEPHZIBAH,GA,30815,,PCH007121,Personal Care Home,
Loving Minds,5930 Hwy 85 Bldg 306,Riverdale,GA,30274,,PCH045930,Personal Care Home,
LOVING PCH,6468 FLEUR DE LIS DRIVE,MORROW,GA,30260,,PCH007191,Personal Care Home,
Loving Touch PCH,20 Brighton Drive,Covington,GA,30016,,PCH045856,Personal Care Home,
Loyal Loving Care,2700 N Sharon Church Road,Loganville,GA,30052,,PCH045071,Personal Care Home,
LOYCE PERSONAL CARE HOME,2500 7TH STREET,COLUMBUS,GA,31906,,PCH012172,Personal Care Home,
M & E Elite Comfort Living,45 Miller Lake Court,Covington,GA,30014,,PCH046040,Personal Care Home,
M LOVING PERSONAL CARE,7423 SHERMAN ROAD,JONESBORO,GA,30236,,PCH005565,Personal Care Home,
MAC CARE,1948 KELVIN DRIVE,LAWRENCEVILLE,GA,30043,,PCH005647,Personal Care Home,
MADEAR'S PLACE,4664 VIENNA CHURCH ROAD,VALDOSTA,GA,31605,,PCH008346,Personal Care Home,
MADELINE SERENITY PERSONAL CARE HOME,4090 SUNRISE TRL,COLLEGE PARK,GA,30349,,PCH002200,Personal Care Home,
"MADISON ASSISTED LIVING, INC (THE)",150 HANCOCK STREET,MADISON,GA,30650,,ALC000686,Assisted Living Community,
MADISON HEIGHTS,2822 KNOB HILL FARM ROAD,EVANS,GA,30809,,ALC000157,Assisted Living Community,
MADISON HOUSE SENIOR LIVING,167 W. JEFFERSON STREET,MADISON,GA,30650,,PCH002216,Personal Care Home,
MAG'S LOVING PERSONAL CARE,3163 NEAL WAY,ELLENWOOD,GA,30294,,PCH012135,Personal Care Home,
MAGE CARING HANDS LLC,899 PANNELL ROAD,MONROE,GA,30655,,PCH009336,Personal Care Home,
MAGNOLIA ASSISTED & MEMORY CARE,964 SOUTH MAIN STREET,CONYERS,GA,30012,,PCH009364,Personal Care Home,
MAGNOLIA ESTATES,68 COLLEGE AVENUE,ELBERTON,GA,30635,,PCH001717,Personal Care Home,
MAGNOLIA ESTATES OF WINDER,624 GAINESVILLE HIGHWAY,WINDER,GA,30680,,PCH001060,Personal Care Home,
MAGNOLIA HILLS RETIREMENT HOME,504 HISTORIC 441 NORTH,DEMOREST,GA,30535,,PCH002010,Personal Care Home,
MAGNOLIA LANE,6365 NEWBORN DRIVE,COLLEGE PARK,GA,30349,,PCH006476,Personal Care Home,
MAGNOLIA MANOR OF COLUMBUS ASSISTED LIVING,2040 WARM SPRINGS ROAD,COLUMBUS,GA,31904,,ALC000218,Assisted Living Community,
MAGNOLIA MANOR OF MACON,194 PIERCE AVENUE,MACON,GA,31204,,ALC000550,Assisted Living Community,
MAGNOLIA MANOR OF ST MARY'S,"4695 CHARLIE SMITH, SR HIGHWAY",SAINT MARYS,GA,31558,,ALC000072,Assisted Living Community,
MAGNOLIA MANOR ON THE COAST,141 TIMBER TRAIL,RICHMOND HILL,GA,31324,,ALC000050,Assisted Living Community,
MAGNOLIA MANOR RETIREMENT CENTER,2001 SOUTH LEE STREET,AMERICUS,GA,31709,,ALC000733,Assisted Living Community,
MAGNOLIA MANOR RETIREMENT CTR,2001 SOUTH LEE STREET,AMERICUS,GA,31709,,PCH002495,Personal Care Home,
MAGNOLIA MANOR SOUTH,3011 VETERANS PARKWAY,MOULTRIE,GA,31788,,ALC000049,Assisted Living Community,
"Magnolia Personal Care Home 2, LLC",108 WEST 3RD STREET,OCILLA,GA,31774,,PCH002086,Personal Care Home,
"MAGNOLIA PERSONAL CARE HOME SERVICES, LLC",3204 LEE ROAD,SNELLVILLE,GA,30039,,PCH010107,Personal Care Home,
MAGNOLIA PLACE,6430 NEWTON ROAD,ALBANY,GA,31721,,PCH001666,Personal Care Home,
MAGNOLIA PLACE ASSISTED LIVING AND MEMORY CARE,500 EAGLE LAKE TRAIL,ROME,GA,30165,,ALC000288,Assisted Living Community,
MAGNOLIA PLACE BAINBRIDGE PCH,1151 WEST COLLEGE STREET,BAINBRIDGE,GA,39819,,PCH009403,Personal Care Home,
"Magnolia Place Cairo, LLC",1710 SOUTH BROAD STREET,CAIRO,GA,39828,,PCH001948,Personal Care Home,
MAGNOLIA PLACE OF ROSWELL PCH & MEMORY CARE,655 MANSELL ROAD,ROSWELL,GA,30076,,PCH009412,Personal Care Home,
"MAGNOLIA PLACE, THE",300 W 2ND STREET,OCILLA,GA,31774,,PCH009972,Personal Care Home,
MAGNOLIA SENIOR LIVING,89 OZORA ROAD,LOGANVILLE,GA,30052,,PCH008388,Personal Care Home,
MAGNOLIA SENIOR LIVING AT DAWSONVILLE,786 NORTH LUMPKIN CAMPGROUND RD,DAWSONVILLE,GA,30534,,ALC000711,Assisted Living Community,
MAGNOLIA SENIOR LIVING AT SUGAR HILL,422 RIVERSIDE ROAD,SUGAR HILL,GA,30518,,PCH009895,Personal Care Home,
MAHONEY'S PERSONAL CARE HOME,2845 ELDORADO PLACE,SNELLVILLE,GA,30078,,PCH006411,Personal Care Home,
MAIN STREET,147 MAIN STREET,MILLEDGEVILLE,GA,31061,,PCH003334,Personal Care Home,
MAJAW SERENITY PCH,61 WILLOW LAKE DRIVE,SAVANNAH,GA,31419,,PCH012149,Personal Care Home,
"MAJESTIC SENIOR LIVING BREMEN, BLDG A",524 GORDON STREET,BREMEN,GA,30110,,PCH008695,Personal Care Home,
MAJESTIC SENIOR LIVING TENNILLE,401 MARTIN LUTHER KNG JR BLVD,TENNILLE,GA,31089,,PCH008608,Personal Care Home,
MALI'S PERSONAL CARE HOME,525 PAPER MILL DRIVE,LAWRENCEVILLE,GA,30046,,PCH005241,Personal Care Home,
MANCHESTER COURT ASSISTED LIVING & MEMORY CARE,1358 MANCHESTER DRIVE,CONYERS,GA,30012,,ALC000248,Assisted Living Community,
"MANN HOUSE CUMMING, THE",8025 MAJORS ROAD,CUMMING,GA,30041,,ALC000547,Assisted Living Community,
Manor Lake Assisted Living Snellville,1642 Athens Highway,Snellville,GA,30078,,ALC043651,Assisted Living Community,
MANOR LAKE ATHENS,933 US HIGHWAY 29,ATHENS,GA,30601,,ALC000660,Assisted Living Community,
MANOR LAKE BRIDGEMILL,131 HOLLY STREET,CANTON,GA,30114,,ALC000552,Assisted Living Community,
MANOR LAKE CARTERSVILLE,50 CONFERENCE CENTER DR SE,CARTERSVILLE,GA,30121,,ALC000338,Assisted Living Community,
MANOR LAKE DAWSONVILLE,3769 KALLIE CIRCLE,DAWSONVILLE,GA,30534,,ALC000687,Assisted Living Community,
MANOR LAKE ELLIJAY,85 HIGHLAND RIDGE ROAD,ELLIJAY,GA,30540,,ALC000669,Assisted Living Community,
MANOR LAKE GAINESVILLE,2900 MCEVER ROAD,GAINESVILLE,GA,30504,,ALC000712,Assisted Living Community,
MANOR LAKE HAMILTON MILL,2911 HAMILTON MILL ROAD,BUFORD,GA,30519,,ALC000328,Assisted Living Community,
MANOR LAKE HICKORY FLAT,7200 HICKORY FLAT WAY,WOODSTOCK,GA,30188,,ALC000734,Assisted Living Community,
MANOR LAKE HIRAM,68 BREEZY VALLEY CONN,HIRAM,GA,30141,,ALC000611,Assisted Living Community,
MANOR LAKE HOSCHTON,339 MANOR LAKE CIRCLE,HOSCHTON,GA,30548,,ALC000702,Assisted Living Community,
MAPLE COURT SENIOR RESIDENCE,2408 NORTH TIFT AVENUE,TIFTON,GA,31794,,PCH002541,Personal Care Home,
Maple Ridge by Windham,4500 SOUTH STADIUM DRIVE,COLUMBUS,GA,31909,,ALC000614,Assisted Living Community,
MAPP PCH,1141 ADRIAN CIRCLE,GREENSBORO,GA,30642,,PCH008060,Personal Care Home,
MARABLE MANOR,235 E MARABLE STREET,MONROE,GA,30655,,PCH007828,Personal Care Home,
MARABLE MANOR II,303 CHURCH STREET,MONROE,GA,30655,,PCH009072,Personal Care Home,
MARANATHA PCH,4414 REEF ROAD,MARIETTA,GA,30066,,PCH004012,Personal Care Home,
MARIA'S WARM HOME,1322 SMOKERISE LN,AUBURN,GA,30011,,PCH008150,Personal Care Home,
MARIANA HOME CARE,1822 MADRID FALLS ROAD,BRASELTON,GA,30517,,PCH007333,Personal Care Home,
MARIE'S SENIOR LIVING,3212 WRIGHTSBORO ROAD,AUGUSTA,GA,30909,,PCH009301,Personal Care Home,
MARIETA'S MISSION PCH,4332 WOODHAVEN LANE,OAKWOOD,GA,30566,,PCH010103,Personal Care Home,
MARISA'S MANOR PERSONAL CARE HOME,2608 WENATCHEE DRIVE,CANTON PLAZA,GA,30066,,PCH008801,Personal Care Home,
MARSH'S EDGE,136 Marshs Edge Ln,St Simons Island,GA,31522,,ALC000054,Assisted Living Community,
MARSHALL PINES ALZHEIMER'S SPECIAL CARE CENTER,743 NORTH BELAIR ROAD,EVANS,GA,30809,,ALC000190,Assisted Living Community,
MARSHALLS HOUSE LLC,514 WINN ST,AMERICUS,GA,31709,,PCH012369,Personal Care Home,
"Mary's Garden Living, LLC",2670 Kinjac Drive UNIT #120,Marietta,GA,30066,,PCH042589,Personal Care Home,
MARY'S HAVEN PERSONAL CARE HOME,310 S HUTCHINSON AVE,ADEL,GA,31620,,PCH012128,Personal Care Home,
MARY'S PERSONAL CARE HOME 2,1141 PLANING MILL ROAD,GREENSBORO,GA,30642,,PCH012309,Personal Care Home,
Mary's Test PCH,2 Test Lane,Jonesboro,GA,30236,,PCH045875,Personal Care Home,
MARYETTA HILLS PCH,3589 HWY 441 NORTH,RABUN GAP,GA,30568,,PCH008126,Personal Care Home,
MASALON PERSONAL CARE HOME INC,3952 ROCKBRIDGE ROAD,STONE MOUNTAIN,GA,30083,,PCH010023,Personal Care Home,
MATREL'S PERSONAL CARE HOME,1008 EAST 12TH STREET,WEST POINT,GA,31833,,PCH006545,Personal Care Home,
MATTIE H MARSHALL MEMORY CARE CENTER,2001 SOUTH LEE STREET,AMERICUS,GA,31709,,ALC000048,Assisted Living Community,
Mattie’s Lighthouse,134 Blount Street,Reidsville,GA,30453,,PCH044160,Personal Care Home,
MAUZY HOUSE,1029 SPRING GROVE ROAD,JESUP,GA,31545,,PCH007873,Personal Care Home,
"MAYE'S TENDER LOVING CARE, LLC",6934 BUENA VISTA ROAD,COLUMBUS,GA,31907,,PCH008775,Personal Care Home,
MAYFIELD OAKS,143 MAYFIELD ROAD,ALPHARETTA,GA,30009,,PCH008330,Personal Care Home,
MCCLENDON PERSONAL CARE HOME,3050 JOHNNY LONG RD,NEWTON,GA,39870,,PCH005955,Personal Care Home,
MCELRATH'S PERSONAL TOUCH CARE HOME,760 OLD MILLEDGEVILLE RD,THOMSON,GA,30824,,PCH009091,Personal Care Home,
MCJO PERSONAL CARE HOME,990 BRITT DRIVE,MARIETTA,GA,30008,,PCH008598,Personal Care Home,
MCKINNEY'S CARE,213 CHIPPEWA DRIVE,SAVANNAH,GA,31406,,PCH010124,Personal Care Home,
MCKINNEY'S CARE 2,4020 CAMPBELL STREET,SAVANNAH,GA,31405,,PCH009376,Personal Care Home,
MCKINNEY'S CARE 3 EXTENDO,704 DYCHES DR,SAVANNAH,GA,31406,,PCH012421,Personal Care Home,
MEADOWS ROAD,4630 MEADOWS ROAD,POWDER SPRINGS,GA,30127,,PCH001360,Personal Care Home,
MEDLOCK GARDENS SENIOR LIVING,460 MEDLOCK ROAD,DECATUR,GA,30030,,PCH001624,Personal Care Home,
MedPro Health Services,80 Quarry Court,Covington,GA,30014,,PCH042796,Personal Care Home,
MELANIE STREET HOUSE,677 MELANIE STREET,JESUP,GA,31545,,PCH002625,Personal Care Home,
"Mellie's Blessed Care Living Services, LLC",788 New Hope Rd,Fayetteville,GA,30214,,PCH045955,Personal Care Home,
"MEMORY CENTER ATLANTA , THE",12050 FINDLEY ROAD,JOHNS CREEK,GA,30097,,ALC000256,Assisted Living Community,
Memory Lane PCH,2370 Fontaine Circle,Decatur,GA,30032,,PCH043325,Personal Care Home,
MENTORING YOUTH SERVICE LLC,2031 6TH AVE,COLUMBUS,GA,31904,,PCH010159,Personal Care Home,
"MERAKI GUARDIANS PCH, LLC",4396 MINK LIVSEY RD,SNELLVILLE,GA,30039,,PCH012269,Personal Care Home,
MERCEDES MANSION LLC,271 SUBURBAN DRIVE,SANDERSVILLE,GA,31082,,PCH012241,Personal Care Home,
MERCY LAND SENIOR LIVING,2161 ANDY DRIVE,Marietta,GA,30066,,PCH042670,Personal Care Home,
MERCY PERSONAL CARE HOME #2,4114 GRANITE FALLS LANE,LOGANVILLE,GA,30052,,PCH008822,Personal Care Home,
MERRILL GARDENS AT WOODSTOCK,12730 HIGHWAY 92 EAST,WOODSTOCK,GA,30188,,ALC000592,Assisted Living Community,
MERRY'S PERSONAL CARE HOME,4070 JANICE DRIVE,EAST POINT,GA,30344,,PCH001887,Personal Care Home,
MERRYVALE ASSISTED LIVING,11980 HIGHWAY 142 NORTH,OXFORD,GA,30054,,ALC000551,Assisted Living Community,
MESSIAH CARING HAND,200 WALNUT ST,MONTEZUMA,GA,31063,,PCH012141,Personal Care Home,
MESUN SENIOR LIVING,3175 MCGINNIS FERRY ROAD,SUWANEE,GA,30024,,ALC001829,Assisted Living Community,
MG PCH III,13308 CHESTERFIELD DRIVE,SAVANNAH,GA,31419,,PCH003176,Personal Care Home,
"MICHAEL HOUSE PCH LLC, THE",209 E 12TH AVE,CORDELE,GA,31010,,PCH010073,Personal Care Home,
MICHELLE PERSONAL CARE HOME,2254 LANIER PLACE,MORROW,GA,30260,,PCH012238,Personal Care Home,
MIKASH AT COCKLEBUR ROAD,2706 COCKLEBUR ROAD,DECATUR,GA,30034,,PCH010068,Personal Care Home,
MIKASH AT SHALLOWFORD PCH,104 SHALLOWFORD ROAD,KENNESAW,GA,30144,,PCH009806,Personal Care Home,
MIKASH PCH,4759 BRIARBEND TRACE,STONE MOUNTAIN,GA,30088,,PCH009103,Personal Care Home,
MILLER & SON'S PCH,136 SALEM CHURCH-MILLER ROAD,GRAY,GA,31032,,PCH002115,Personal Care Home,
"MILLER MANOR SENIOR CARE HOME, THE",2690 HIGHWAY 11,MONROE,GA,30656,,PCH008795,Personal Care Home,
"MILLION PINES PERSONAL CARE HOME, LLC",101 LYNDA DRIVE,STATESBORO,GA,30461,,PCH012188,Personal Care Home,
MILTON GRACE SENIOR LIVING,17210 BIRMINGHAM WAY,ALPHARETTA,GA,30004,,PCH012147,Personal Care Home,
MIR EMPIRE PCH,2470 FAIRVIEW ROAD,CONYERS,GA,30013,,PCH008721,Personal Care Home,
MIRACLE TOUCH PCH,8099 REVERE DRIVE,MCDONOUGH,GA,30252,,PCH006770,Personal Care Home,
MISS FLO'S PERSONAL CARE HOME,574 ALLGOOD ROAD,MARIETTA,GA,30060,,PCH008556,Personal Care Home,
MISS WILLIE'S MANOR,5606 WOODED VALLEY WAY,FLOWERY BRANCH,GA,30542,,PCH007830,Personal Care Home,
MISS WILLIE'S MANOR II,4711 DEER CROSSING COURT,FLOWERY BRANCH,GA,30542,,PCH009762,Personal Care Home,
MITCHELL'S PERSONAL CARE HOME,405 LAWTON STREET,ATLANTA,GA,30310,,PCH001882,Personal Care Home,
"ML CONYERS, LLC",1352 WELLBROOK CIR,CONYERS,GA,30012,,ALC000295,Assisted Living Community,
MOBLEY'S ANGELS PERSONAL CARE,702 JAMAICA ROAD,SARDIS,GA,30456,,PCH009032,Personal Care Home,
MOH'S PERSONAL CARE HOME,4486 PARMALEE PATH,CONLEY,GA,30288,,PCH010035,Personal Care Home,
MONARCH HOUSE,299 BULLSBORO DRIVE SUITE 100,NEWNAN,GA,30263,,ALC000546,Assisted Living Community,
MONTCLAIR ASSISTED LIVING,2100 CLAIRMONT LAKE,DECATUR,GA,30033,,ALC000346,Assisted Living Community,
MOORE PCH II,502 WEST MORNING ST,SWAINSBORO,GA,30401,,PCH012226,Personal Care Home,
MOORE PERSONAL CARE HOME,221 NORTH GREEN,SWAINSBORO,GA,30401,,PCH009944,Personal Care Home,
Moore Personal Care Home #2,425 West Church Street,Swainsboro,GA,30401,,PCH045220,Personal Care Home,
MOORE PERSONAL CARE HOME LLC,425 WEST CHURCH STREET,Swainsboro,GA,30401,,PCH043968,Personal Care Home,
"MOORE PERSONAL CARE HOME, LLC",221 North Green Street,Swainsboro,GA,30401,,PCH044660,Personal Care Home,
"MORELAND HOUSE, THE",2670 BANKSTONE DRIVE,MARIETTA,GA,30064,,PCH007475,Personal Care Home,
MORELAND PERSONAL CARE HOME,2670 OWENS AVENUE,MARIETTA,GA,30064,,PCH001363,Personal Care Home,
MORGAN HOUSE PCH,3070 SANDY PLAINS ROAD,MARIETTA,GA,30066,,PCH009224,Personal Care Home,
Morgan House PCH II,2670 Kinjac Rd UNIT #110,Marietta,GA,30066,,PCH042501,Personal Care Home,
MORGAN ROAD PCH,2318 MORGAN ROAD,MARIETTA,GA,30066,,PCH008425,Personal Care Home,
MORNING GLORY,55 JAKE LEWIS DRIVE,MCDONOUGH,GA,30252,,PCH007183,Personal Care Home,
MORNING POINT OF CALHOUN,660 JOLLY ROAD NW,CALHOUN,GA,30701,,ALC000147,Assisted Living Community,
MORNING POINTE AT HAPPY VALLEY,2989 HAPPY VALLEY RD,ROSSVILLE,GA,30741,,ALC000715,Assisted Living Community,
MORNINGSIDE OF ALPHARETTA-PENDING,253 NORTH MAIN STREET,ALPHARETTA,GA,30009,,ALC000689,Assisted Living Community,
MORNINGSIDE OF ATHENS-PENDING,1291 CEDAR SHOALS DRIVE,ATHENS,GA,30605,,ALC000688,Assisted Living Community,
MORRIS PCH #3,5018 KENNEDY STREET,COLUMBUS,GA,31907,,PCH009190,Personal Care Home,
MORRIS' PERSONAL CARE HOME #1,1103 BEDFORD AVENUE,COLUMBUS,GA,31907,,PCH002243,Personal Care Home,
MORRIS' PERSONAL CARE HOME #2,4547 MOLINE AVE,COLUMBUS,GA,31907,,PCH003424,Personal Care Home,
MOSEBY PERSONAL CARE HOME,1806 CLAYSTONE WAY,HEPHZIBAH,GA,30815,,PCH007286,Personal Care Home,
MOSSY OAK,1150 RIVER RD,JESUP,GA,31546,,PCH009810,Personal Care Home,
MOULTRIE MR APT 3- NORTHGATE,"1515 4TH AVENUE,NE APT N2",MOULTRIE,GA,31768,,PCH004016,Personal Care Home,
MOUNT CARMEL ASSISTED LIVING,3084 MT CARMEL ROAD,HAMPTON,GA,30228,,ALC000171,Assisted Living Community,
MOUNTAIN BREEZE PCH,167 HABERSHAM LANDING DRIVE,DEMOREST,GA,30535,,PCH005230,Personal Care Home,
MOUNTAIN VIEW PCH,3675 KENSINGTON ROAD,DECATUR,GA,30032,,PCH001625,Personal Care Home,
MOUNTAINSIDE OF WARM SPRINGS,2524 WHITEHOUSE PKWY,WARM SPRINGS,GA,31830,,PCH009896,Personal Care Home,
MS JO'S PERSONAL CARE HOME,601 MCDONALD STREET,WAYCROSS,GA,31503,,PCH008422,Personal Care Home,
MT PLEASANT ALTERNATIVE CARE,311 JOHNSON AVENUE,THOMSON,GA,30824,,PCH009414,Personal Care Home,
MULBERRY GROVE SENIOR LIVING LLC,343 PRICE STREET,STATHAM,GA,30666,,PCH012123,Personal Care Home,
MURIEL'S HAND PERSONAL CARE HOME,5575 SALEM ROAD,LITHONIA,GA,30038,,PCH008463,Personal Care Home,
"My Gracious Love PCH, LLC",6 Lindsey Lane,Hampton,GA,30228,,PCH043622,Personal Care Home,
MY HOUSE (2) COMMUNITY CARE FACILITY,2836 RAVENWOOD DRIVE,SNELLVILLE,GA,30078,,PCH004755,Personal Care Home,
My Serenity Personal Care Home,270 Shields Rd,Stockbridge,GA,30281,,PCH042564,Personal Care Home,
MY SERENITY PERSONAL CARE HOME,835 PINE RIDGE DRIVE,RIVERDALE,GA,30274,,PCH010116,Personal Care Home,
NANCY HALL'S PCH OF EVANS,4528 HEREFORD FARM ROAD,EVANS,GA,30809,,PCH002863,Personal Care Home,
NANNIES'S LOVING HANDS PERSONAL CARE HOME,6763 HILL CREEK COVE,LITHONIA,GA,30058,,PCH012132,Personal Care Home,
NATIONAL RESIDENTIAL HOME SERVICES,1085 WALNUT CREEK LANE,JONESBORO,GA,30238,,PCH009136,Personal Care Home,
Natural Living Personal Care Home,3676 Lee Road,Snellville,GA,30039,,PCH043510,Personal Care Home,
Natural Living Personal Care Home,3676 Lee Road,Snellville,GA,30039,,PCH043887,Personal Care Home,
NATURAL PASSION FOR CARING (A),1419 DULWICH COURT,LAWRENCEVILLE,GA,30043,,PCH005446,Personal Care Home,
"Nevaehs Care Home, LLC",5201 Brentwood Rd,Atlanta,GA,30349,,PCH043005,Personal Care Home,
NEW BEGINNINGS PERSONAL CARE HOME COLUMBUS,2711 THOMAS STREET,COLUMBUS,GA,31906,,PCH009127,Personal Care Home,
NEW BEGINNINGS PERSONAL CARE HOME II COLUMBUS,639 LAWYERS LANE,COLUMBUS,GA,31906,,PCH001594,Personal Care Home,
NEW HANKOOK SENIOR CARE HOME,634 CROWN MOUNTAIN DRIVE,DAHLONEGA,GA,30533,,PCH009841,Personal Care Home,
NEW HAVEN,615 S. HUTCHINSON AVENUE,ADEL,GA,31620,,PCH001443,Personal Care Home,
NEW HOPE,209 B ELBERTA RD,WARNER ROBINS,GA,31093,,PCH008429,Personal Care Home,
NEW HOPE PERSONAL HOME CARE,5215 LAKE CARLTON ROAD,LOGANVILLE,GA,30052,,PCH009951,Personal Care Home,
NEW LIFE PERSONAL CARE HOME,2570 CHERRYWOOD LN,MARIETTA,GA,30060,,PCH009732,Personal Care Home,
"NEWAN OPCO, LLC",27 BELT ROAD,NEWNAN,GA,30263,,ALC000728,Assisted Living Community,
NEWHOPE Home Services LLC,860 Briarwood Trl.,Douglasville,GA,30134,,PCH046030,Personal Care Home,
NEWMAN PERSONAL CARE HOME,491 BRIARFIELD XING,MARIETTA,GA,30066,,PCH009324,Personal Care Home,
NICKIA'S CARE HOME,4503 DORSET DRIVE,MACON,GA,31206,,PCH010203,Personal Care Home,
NICKIA'S CARE HOME #2 LLC,4509 DORSET DR,MACON,GA,31206,,PCH012206,Personal Care Home,
NINA'S HAVEN PCH,306 W MANN STREET,GLENNVILLE,GA,30427,,PCH009964,Personal Care Home,
NKY HOUSING & DAUGHTERS GOD TRUST II,3373 CREEKWOOD DRIVE,REX,GA,30273,,PCH002664,Personal Care Home,
NOAH’S ARK,110 SECOND STREET,Thomaston,GA,30286,,PCH042413,Personal Care Home,
NORTH GEORGIA ASSISTED LIVING & MEMORY CARE,181 MEMORY LANE,DAWSONVILLE,GA,30534,,ALC000589,Assisted Living Community,
NORTHSIDE VILLA,8828 HWY 112 N,ROCHELLE,GA,31079,,PCH008823,Personal Care Home,
NORTHSTAR SQUARE,3250 QUICK WATER LANDING,KENNESAW,GA,30144,,PCH012347,Personal Care Home,
NUAHN PERSONAL CARE HOME,9445 DEER CROSSING LANE,JONESBORO,GA,30236,,PCH010143,Personal Care Home,
NUE BEGINNINGS RESIDENCE HOME,2542 GREENES LANE,POWDER SPRINGS,GA,30127,,PCH007291,Personal Care Home,
NURTURING LOVE,704 HOLLY DRIVE,VALDOSTA,GA,31601,,PCH009196,Personal Care Home,
O&D PCH,5752 MARBUT RD,LITHONIA,GA,30058,,PCH012371,Personal Care Home,
O&D PCH 2,2387 PHILLIPS RD,LITHONIA,GA,30058,,PCH012400,Personal Care Home,
OAK BRIDGE TERRACE AT LANIER VILLAGE ESTATES,3950 VILLAGE VIEW DRIVE,GAINESVILLE,GA,30506,,ALC000140,Assisted Living Community,
OAK LEAF MANOR,350 MARKET PLACE,ROSWELL,GA,30075,,PCH009354,Personal Care Home,
"OAK POINTE SENIOR LIVING, LLC",208 MEMORY LANE,WINDER,GA,30680,,ALC000695,Assisted Living Community,
OAKCREEK,2020 OAKCREEK DRIVE,LITHIA SPRINGS,GA,30122,,PCH004502,Personal Care Home,
"OAKS - BETHANY ASSISTED LIVING, THE",1400 NORTHEAST MAIN STREET,VIDALIA,GA,30474,,PCH008331,Personal Care Home,
OAKS AL AT MARSHES OF SKIDAWAY ISLAND,95 SKIDAWAY ISLAND PARK ROAD,SAVANNAH,GA,31411,,ALC000036,Assisted Living Community,
OAKS AT ALPHARETTA,253 NORTH MAIN STREET,ALPHARETTA,GA,30009,,PCH008612,Personal Care Home,
OAKS AT BRASELTON,5373 THOMPSON MILL ROAD,HOSCHTON,GA,30548,,ALC000133,Assisted Living Community,
Oaks at Conyers,1352 WELLBROOK CIRCLE NE,CONYERS,GA,30012,,ALC000622,Assisted Living Community,
Oaks At Eagles Landing,2700 PATRICK HENRY PARKWAY,STOCKBRIDGE,GA,30281,,ALC000706,Assisted Living Community,
OAKS AT GRACEMONT,4940 JOT EM DOWN ROAD,CUMMING,GA,30041,,ALC000032,Assisted Living Community,
OAKS AT GROVE PARK,1479 GROVE PARK DRIVE,COLUMBUS,GA,31904,,ALC000322,Assisted Living Community,
OAKS AT HAMPTON,5610 HAMPTON PARK DRIVE,CUMMING,GA,30041,,ALC000059,Assisted Living Community,
OAKS AT OAKLAND PLANTATION,166 OAKLAND PARKWAY,LEESBURG,GA,31763,,ALC000323,Assisted Living Community,
OAKS AT POOLER,125 SOUTHERN JUNCTION BLVD BLDG 800,POOLER,GA,31322,,ALC000228,Assisted Living Community,
OAKS AT POST ROAD,3875 POST ROAD,CUMMING,GA,30040,,ALC000135,Assisted Living Community,
Oaks at Shiloh Point,7955 MAJORS ROAD,CUMMING,GA,30041,,ALC000196,Assisted Living Community,
OAKS AT STOCKBRIDGE,475 COUNTRY CLUB DRIVE,STOCKBRIDGE,GA,30281,,ALC000122,Assisted Living Community,
OAKS AT TOWNE LAKE,4580 TOWNE LAKE PARKWAY,WOODSTOCK,GA,30189,,ALC000249,Assisted Living Community,
OAKS AT TUCKER,1300 MONTREAL ROAD,TUCKER,GA,30084,,ALC000621,Assisted Living Community,
"OAKS AT WILLOW LAKE, LLC (THE)",851 GUNN ROAD,WARNER ROBINS,GA,31093,,PCH009340,Personal Care Home,
"OAKS PCH LLC, THE",2462 HWY 411,FAIRMOUNT,GA,30139,,PCH009339,Personal Care Home,
"OAKS PERSONAL CARE HOME, THE",777 NURSING HOME ROAD,MARSHALLVILLE,GA,31057,,PCH002182,Personal Care Home,
OCCEUS HOLISTIC CARE,734 ROBIN HOOD DRIVE,HINESVILLE,GA,31313,,PCH003426,Personal Care Home,
OCONEE HOUSE SENIOR LIVING,126 PARKS MILL ROAD,BUCKHEAD,GA,30625,,PCH001031,Personal Care Home,
OLD LANTERN HOME,3938 OLD LANTERN DRIVE,LITHONIA,GA,30058,,PCH001484,Personal Care Home,
OLMSTEAD HOUSE,1860 IRWINTON ROAD,MILLEDGEVILLE,GA,31061,,PCH000103,Personal Care Home,
One Oasis Home Care Services LLC,3269 Broadnax Mill Road,Loganville,GA,30052,,PCH045393,Personal Care Home,
OPAL HOME,4311 SHORT STREET,DOUGLASVILLE,GA,30134,,PCH012353,Personal Care Home,
OPAL'S PERSONAL CARE HOME #1,100 OAKRIDGE,LAGRANGE,GA,30240,,PCH002556,Personal Care Home,
ORCHARD AT ATHENS,2750 ATLANTA HWY,ATHENS,GA,30606,,ALC000699,Assisted Living Community,
ORCHARD AT BROOKHAVEN,"3523 Buford Highway, NE",Brookhaven,GA,30329,,ALC000302,Assisted Living Community,
"ORCHARD AT STONE CREEK, THE",4900 TILLMAN CROSSING,HAHIRA,GA,31632,,ALC000250,Assisted Living Community,
"ORCHARD AT STONE CREEK, THE",4900 TILLMAN CROSSING,HAHIRA,GA,31632,,PCH012409,Personal Care Home,
ORCHARD RIDGE RESIDENCES,986 ORCHARD WAY,DALTON,GA,30721,,PCH009308,Personal Care Home,
ORCHID PERSONAL CARE HOME,7661 KAYNE BLVD BLDG C,COLUMBUS,GA,31909,,PCH008831,Personal Care Home,
ORION STAR 2 PCH,3204 CHAMBLEE TUCKER RD,ATLANTA,GA,30341,,PCH008187,Personal Care Home,
ORION STAR PCH,2530 BALL PARK DRIVE,TUCKER,GA,30084,,PCH004414,Personal Care Home,
"OSTOLAZA RESIDENCE PCH, THE",1065 CUMBERLAND PL,EVANS,GA,30809,,PCH008145,Personal Care Home,
OUR HEART STRINGS,303 SIMS AVENUE,AUGUSTA,GA,30906,,PCH008802,Personal Care Home,
OUR HEART STRINGS TOO,"303 SIMS AVE, BUILDING B",AUGUSTA,GA,30906,,PCH009735,Personal Care Home,
OUR HOME AWAY FROM HOME,33 MASON DR,COLUMBUS,GA,31903,,PCH012318,Personal Care Home,
OUR HOME AWAY FROM HOME II,4427 CONNER ROAD,COLUMBUS,GA,31903,,PCH012316,Personal Care Home,
"OUR RISING ANGELS, LLC",2569 ASHLEY CIRCLE,JONESBORO,GA,30236,,PCH012133,Personal Care Home,
OUTBACK CARE GROUP I,6726 BUENA VISTA ROAD,COLUMBUS,GA,31907,,PCH009012,Personal Care Home,
OUTBACK CARE GROUP II,6836 BUENA VISTA ROAD,COLUMBUS,GA,31907,,PCH009337,Personal Care Home,
Outback Care Group III,6930 BUENA VISTA RD,COLUMBUS,GA,31907,,PCH012170,Personal Care Home,
OUTBACK CARE GROUP V,762 CORLEY DR,COLUMBUS,GA,31907,,PCH009953,Personal Care Home,
OV'S PERSONAL CARE HOME,"367 IRWIN STREET, NE",ATLANTA,GA,30312,,PCH001842,Personal Care Home,
OV'S PERSONAL CARE HOME,4655 NEW CASTLE CIRCLE,LITHONIA,GA,30038,,PCH007175,Personal Care Home,
"Overlook at Suwanee, The",4055 SUWANEE DAM ROAD,SUWANEE,GA,30024,,ALC000574,Assisted Living Community,
"OVERLOOK AT TOCCOA, THE",45 ROCK QUARRY ROAD,TOCCOA,GA,30577,,PCH009311,Personal Care Home,
OVERLOOK SENIOR LIVING,175 US HIGHYWAY 78,MONROE,GA,30655,,PCH012209,Personal Care Home,
Pacific Care Home,585 Scarborough Road,Ellenwood,GA,30294,,PCH044513,Personal Care Home,
Pacific Care Home-McDonough,1120 STROUD ROAD,McDonough,GA,30252,,PCH045312,Personal Care Home,
"PALISADES II PCH,THE",4712 MEADOWS ROAD,POWDER SPRINGS,GA,30127,,PCH010114,Personal Care Home,
PALM SHADE VILLA PCH,"175 CROWELL ROAD, N",COVINGTON,GA,30014,,PCH002717,Personal Care Home,
PALMER FAMILY CARE HOME,4550 JANICE DRIVE,COLLEGE PARK,GA,30337,,PCH005939,Personal Care Home,
PALMETTO INN,1 SAVANNAH SQUARE DRIVE,SAVANNAH,GA,31406,,ALC000327,Assisted Living Community,
PALMETTO PERSONAL CARE HOME,717 PALMETTO AVENUE,COLUMBUS,GA,31906,,PCH009385,Personal Care Home,
PANTHERSVILLE GROUP HOME,4050 PANTHERSVILLE ROAD,ELLENWOOD,GA,30294,,PCH001503,Personal Care Home,
PARADISE LIVING PCH,"2571 HIGHWAY 36, EAST",JACKSON,GA,30233,,PCH001159,Personal Care Home,
PARADISE LIVING PERSONAL CARE HOME LLC,619 ADDERTON ST,AMERICUS,GA,31719,,PCH012181,Personal Care Home,
PARADISE ONE PERSONAL CARE HOME,4088 HODGDON CORNERS DRIVE,LITHONIA,GA,30038,,PCH007297,Personal Care Home,
PARAGON RESIDENTIAL CARE,1443 JEFFERSONVILLE ROAD,MACON,GA,31217,,PCH009357,Personal Care Home,
PARC AT DULUTH,3315 PEACHTREE INDUSTRIAL BLVD,DULUTH,GA,30096,,PCH009209,Personal Care Home,
PARC AT PIEDMONT,999 HOOD ROAD,MARIETTA,GA,30068,,PCH009206,Personal Care Home,
Parkside Assisted Living & Memory Care at Acworth,2351 CEDARCREST ROAD,ACWORTH,GA,30101,,ALC000207,Assisted Living Community,
Parkside Senior Living & Memory Care at Snellville,2078 SCENIC HIGHWAY NORTH,SNELLVILLE,GA,30078,,PCH009932,Personal Care Home,
Parkside Senior Living at Ellijay,114 PENLAND STREET,ELLIJAY,GA,30540,,PCH008333,Personal Care Home,
PASSIONATE PERSONAL HOME CARE LLC,2305 BENSON RIDGE,LITHONIA,GA,30058,,PCH009981,Personal Care Home,
PATHWAYS INTENTIONAL MEMORY CARE - RIVERWOOD,511 WEST 10TH STREET,ROME,GA,30165,,ALC000180,Assisted Living Community,
PATRON PLACE PERSONAL CARE HOME,1992 SEWING CIRCLE,LITHONIA,GA,30058,,PCH006520,Personal Care Home,
PAULINE GORDON'S PERSONAL CARE HOME LLC,2502 SECOND AVENUE,SAVANNAH,GA,31405,,PCH009327,Personal Care Home,
Peace Of Mind Personal Care Home LLC,3574 Boring Road,Decatur,GA,30034,,PCH044481,Personal Care Home,
PEACE ON EARTH CARE HOME LLC,763 E BROADWAY ST,GRIFFIN,GA,30223,,PCH012199,Personal Care Home,
Peaceful Harmony Personal Care Home,1538 KILLIAN HILL ROAD,LILBURN,GA,30047,,PCH009369,Personal Care Home,
PEACEFUL HEARTS PERSONAL CARE HOME,5238 L J MARTIN DRIVE,GAINESVILLE,GA,30507,,PCH008674,Personal Care Home,
PEACEFUL LIVING III,2815 DEANS BRIDGE ROAD,AUGUSTA,GA,30906,,PCH001914,Personal Care Home,
PEACEFUL MANOR RETIREMENT HOME,2412 CARDINAL STREET,ALBANY,GA,31701,,PCH005925,Personal Care Home,
PEACEFUL MANOR SOUTH,"2905 MARTIN LUTHER KING, JR DRIVE",ALBANY,GA,31701,,PCH008090,Personal Care Home,
Peaceful Pathways Living Arrangements,881 WOODSDALE TERRACE,MACON,GA,31210,,PCH042347,Personal Care Home,
Peaceful Pathways Living Arrangements II,2101 Wildrose Drive,Decatur,GA,30032,,PCH044532,Personal Care Home,
PEACEFUL RESTORATION,10639 SANDPIPER RD,JONESBORO,GA,30238,,PCH010084,Personal Care Home,
PEACEFUL RIVER PERSONAL CARE HOME,757 RUDGATE ROAD,COLUMBUS,GA,31904,,PCH009213,Personal Care Home,
PEACH GARDEN PERSONAL CARE HOME,4449 HEAVITREE COURT,STONE MOUNTAIN,GA,30083,,PCH005164,Personal Care Home,
PEACH HILL CARE,450 S SUSAN CREEK DRIVE,STONE MOUNTAIN,GA,30083,,PCH012137,Personal Care Home,
PEACHTREE CARE CENTER,6133 PETTY STREET,COVINGTON,GA,30014,,PCH009767,Personal Care Home,
PEACHTREE CREEK ASSISTED LIVING COMMUNITY,4375 BEECH HAVEN TRAIL SE,ATLANTA,GA,30339,,ALC000213,Assisted Living Community,
"PEARL AT DALLAS, THE",100 WESTMINSTER COURT,DALLAS,GA,30132,,ALC000283,Assisted Living Community,
Pearl at East Cobb,9 SHERWOOD LANE,MARIETTA,GA,30067,,ALC000679,Assisted Living Community,
"PEARL AT LOGANVILLE, THE",690 TOMMY LEE FULLER DRIVE,LOGANVILLE,GA,30052,,PCH009900,Personal Care Home,
PEARL'S PROMISE,1010 ALLGOOD ROAD,STONE MOUNTAIN,GA,30083,,PCH009750,Personal Care Home,
PEBBLEBROOK MEMORY CARE AT PARK SPRINGS,5610 NEW BERMUDA ROAD,STONE MOUNTAIN,GA,30087,,ALC000537,Assisted Living Community,
PENISTON PERSONAL CARE HOME,4680 SUNDRIDGE TRAIL,FAIRBURN,GA,30213,,PCH009797,Personal Care Home,
"PEOPLE CHOICE PCH, THE",129 WAYFAIR LANE,HINESVILLE,GA,31313,,PCH012134,Personal Care Home,
PEOPLE'S FIRST PCH,2177 TUDOR CASTLE WAY,DECATUR,GA,30035,,PCH007522,Personal Care Home,
PEOPLES PERSONAL CARE HOME #3,1933 AUSTIN DRIVE,DECATUR,GA,30032,,PCH001627,Personal Care Home,
"Perfect Care, Inc",114 SULLIVAN DRIVE,AMERICUS,GA,31709,,PCH002497,Personal Care Home,
PERFECTING CARE SERVICES,137 PARKER PLACE,LAGRANGE,GA,30240,,PCH009406,Personal Care Home,
PETAL'S 3 PCH,910 GEORGIAN HILLS DRIVE,LAWRENCEVILLE,GA,30045,,PCH007353,Personal Care Home,
PETAL'S PERSONAL CARE HOME,3371 GLEN SUMMIT LANE,SNELLVILLE,GA,30039,,PCH006615,Personal Care Home,
PETAL'S PERSONAL CARE HOME 2,713 EAST SPRING STREET,MONROE,GA,30655,,PCH008076,Personal Care Home,
PETER MARIE HOUSE,3740 WISTERIA LN SW,ATLANTA,GA,30331,,PCH012367,Personal Care Home,
"Phoenix at Braselton, The",1929 FRIENDSHIP ROAD,HOSCHTON,GA,30548,,ALC000671,Assisted Living Community,
"PHOENIX AT DUNWOODY, THE",4484 N SHALLOWFORD ROAD,DUNWOODY,GA,30338,,ALC000282,Assisted Living Community,
"PHOENIX AT JAMES CREEK, THE",90 RUTH LANE,CUMMING,GA,30041,,ALC000584,Assisted Living Community,
"PHOENIX AT LAKE JOY, THE",100 LAKE CROSSING DRIVE,WARNER ROBINS,GA,31088,,ALC000568,Assisted Living Community,
"PHOENIX AT LAKE LANIER, THE",2601 THOMPSON BRIDGE ROAD,GAINESVILLE,GA,30501,,ALC000268,Assisted Living Community,
"PHOENIX AT MILTON, THE",13943 HIGHWAY 9 NORTH,MILTON,GA,30004,,ALC000280,Assisted Living Community,
"PHOENIX AT ROSWELL, THE",11725 POINTE PLACE,ROSWELL,GA,30076,,ALC000281,Assisted Living Community,
"PHOENIX AT TUCKER, THE",2060 IDLEWOOD ROAD,TUCKER,GA,30084,,ALC000287,Assisted Living Community,
"PHOENIX AT UNION HILL, THE",9651 UNION HILL RD,CANTON,GA,30115,,ALC000659,Assisted Living Community,
PICTURE OF LIFE,351 S HILL STREET,TOCCOA,GA,30577,,PCH002486,Personal Care Home,
"PIEDMONT AT BUCKHEAD, THE",650 PHIPPS BLVD,ATLANTA,GA,30326,,ALC000155,Assisted Living Community,
PIKE MANOR,10642 HIGHWAY 19 NORTH,ZEBULON,GA,30295,,PCH009850,Personal Care Home,
PINE KNOLL MODERATE TNG RES,1 PINE KNOLL,MILLEDGEVILLE,GA,31061,,PCH001051,Personal Care Home,
PINEHURST MANOR,801 GENTILLY ROAD,STATESBORO,GA,30458,,PCH001129,Personal Care Home,
PINELAND PERSONAL CARE HOME,235 BROXTON HIGHWAY,HAZLEHURST,GA,31539,,PCH002100,Personal Care Home,
PINELEAF PERSONAL CARE HOME,121 SOUTH ELM STREET,EAST DUBLIN,GA,31027,,PCH001674,Personal Care Home,
"PINELEAF PERSONAL CARE HOME, LLC",755 CATLIN SPUR RD,EAST DUBLIN,GA,31027,,PCH012336,Personal Care Home,
PINES PERSONAL CARE HOME,2121-D MARTIN LUTHER KING JR. DRIVE,ALBANY,GA,31701,,PCH001686,Personal Care Home,
PINES PERSONAL CARE HOME I,"2121-B MARTIN LUTHER KING, JR. DRIVE",ALBANY,GA,31701,,PCH002801,Personal Care Home,
PINES PERSONAL CARE HOME III,2121-C MARTIN LUTHER KING JR DRIVE,ALBANY,GA,31701,,PCH001685,Personal Care Home,
Pines Senior Living,258 COLLEGE AVENUE,MAYSVILLE,GA,30558,,PCH008896,Personal Care Home,
PINEWOOD RETIREMENT VILLA,7 SLAPPEY DRIVE,HAWKINSVILLE,GA,31036,,PCH002302,Personal Care Home,
PINNACLE WAY,825 WRIGHT STREET,THOMASVILLE,GA,31792,,PCH004861,Personal Care Home,
PITZER HOUSE,434 NORTH HALL STREET,LYONS,GA,30436,,PCH002544,Personal Care Home,
PLACE CALLED HOME LLC,6249 KATELYN PARK,LITHONIA,GA,30058,,PCH010214,Personal Care Home,
PLANTATION RIDGE,"1805 ROSWELL ROAD, APT 14-D",MARIETTA,GA,30068,,PCH005063,Personal Care Home,
PLANTATION SUITES,6000 PLANTATION WAY,MACON,GA,31210,,PCH003095,Personal Care Home,
PLAZA PC CTR AT TALMAGE TERR,801 RIVERHILL DRIVE,ATHENS,GA,30606,,PCH001286,Personal Care Home,
PLAZA PERSONAL CARE CENTER,724 GREENE STREET,AUGUSTA,GA,30901,,PCH002438,Personal Care Home,
"PLAZA, THE",110 EDGEWORTH ROAD,NEWNAN,GA,30263,,ALC000629,Assisted Living Community,
PLEASANT LIVING PCH,510 WEST BROAD AVE SUITE D,ALBANY,GA,31701,,PCH012216,Personal Care Home,
PLEASANT VALLEY PERSONAL CARE,510 REED ROAD,DALTON,GA,30720,,PCH002640,Personal Care Home,
POSITIVE CARE AND MENTORING LLC,1125 20TH ST,COLUMBUS,GA,31904,,PCH012291,Personal Care Home,
POWER OF LOVE PCH,97 CHESTNUT LN,MCDONOUGH,GA,30253,,PCH012257,Personal Care Home,
PRAISE PERSONAL CARE,1198 SHARONTON DRIVE,STONE MOUNTAIN,GA,30083,,PCH007883,Personal Care Home,
PRECIOUS CARE HOME,1105 MT. VERNON ROAD,VIDALIA,GA,30474,,PCH002547,Personal Care Home,
PRECIOUS HOMES & HEALTH CARE,84 CARNABY STREET,WINDER,GA,30680,,PCH012208,Personal Care Home,
PRECIOUS JEWEL,6224 HILLANDALE DRIVE,LITHONIA,GA,30058,,PCH005378,Personal Care Home,
PRECUP PERSONAL CARE HOME,4625 MATTHEWS PARK DRIVE,SNELLVILLE,GA,30039,,PCH004193,Personal Care Home,
PREMA AT ASHTON HILLS,10050 EAGLE DR,COVINGTON,GA,30014,,ALC000716,Assisted Living Community,
PREMA AT SUWANEE CREEK,3681 BURNETTE ROAD,SUWANEE,GA,30024,,ALC000300,Assisted Living Community,
PREMIUM PERSONAL CARE HOME,2731 ELKHART CIRCLE,MARIETTA,GA,30064,,PCH008247,Personal Care Home,
PRESBYTERIAN HOME PERSONAL CARE,1901 WEST SCREVEN STREET,QUITMAN,GA,31643,,PCH001117,Personal Care Home,
PRESBYTERIAN VILLAGE,2000 EAST-WEST CONNECTOR,AUSTELL,GA,30106,,PCH001385,Personal Care Home,
PRESBYTERIAN VILLAGE - ATHENS,"1400 LIVE OAK LANE, BUILDING 100",ATHENS,GA,30606,,ALC000684,Assisted Living Community,
PRESIDENTIAL PERSONAL CARE HOME,3611 THRISTLE OAK TRACE,DECATUR,GA,30034,,PCH009787,Personal Care Home,
Prestigious Senior Living Community LLC,2591 Morgan road NE,Marietta,GA,30066,,PCH043864,Personal Care Home,
"Preston at Douglas Senior Living, The",1360 WEST GORDON STREET,DOUGLAS,GA,31533,,PCH001533,Personal Care Home,
PRIME TIME FAMILY GROUP,510 SOUTH MALTON CT,STONE MOUNTAIN,GA,30083,,PCH010151,Personal Care Home,
"PRIORITY PERSONAL CARE HOME, LLC",6305 GARDEN LANE,FLOWERY BRANCH,GA,30542,,PCH009396,Personal Care Home,
PRIVE HOME CARE NETWORK LLC,6864 HIDDEN LAKE DRIVE,REX,GA,30273,,PCH012391,Personal Care Home,
PROVIDENCE MANOR PCH,12775 PROVIDENCE RD,ALPHARETTA,GA,30009,,PCH010210,Personal Care Home,
PROVIDENCE PERSONAL CARE HOME,7103 BOULDER PASS,UNION CITY,GA,30291,,PCH007847,Personal Care Home,
PRUITTPLACE - BUCKHEAD,3088 LENOX ROAD,ATLANTA,GA,30324,,ALC000350,Assisted Living Community,
PRUITTPLACE - SANDY SPRINGS,7400 PEACHTREE DUNWOODY ROAD NE,ATLANTA,GA,30328,,ALC000335,Assisted Living Community,
PruittPlace at Christian City,7290 LESTER ROAD,UNION CITY,GA,30291,,ALC000128,Assisted Living Community,
PruittPlace-Carrollton,921 OLD NEWNAN ROAD,CARROLLTON,GA,30116,,ALC000015,Assisted Living Community,
"PruittPlace-East Cobb, LLC",3039 SANDY PLAINS ROAD,MARIETTA,GA,30066,,ALC000313,Assisted Living Community,
"PruittPlace-Kennesaw, LLC",5235 STILESBORO ROAD,KENNESAW,GA,30152,,ALC000703,Assisted Living Community,
"PruittPlace-Peachtree City, LLC",1967 HIGHWAY 54 WEST,PEACHTREE CITY,GA,30269,,ALC000312,Assisted Living Community,
PruittPlace-Peake,400 FOSTER ROAD,MACON,GA,31210,,PCH006741,Personal Care Home,
PruittPlace-Scenic View,209 PEACH ORCHARD ROAD,BALDWIN,GA,30511,,ALC000016,Assisted Living Community,
PruittPlace-Wesleyan LLC,250 WATER TOWER COURT,MACON,GA,31210,,ALC000630,Assisted Living Community,
PUGH'S PERSONAL CARE HOME,5834 ST MATTHEW ST JOHN CHURCH ROAD,DONALSONVILLE,GA,39845,,PCH008762,Personal Care Home,
PURE HEARTS PCH,5404 MCEVER ROAD,OAKWOOD,GA,30566,,PCH008014,Personal Care Home,
Q & N PCH,1864 KEITH DRIVE,MARIETTA,GA,30064,,PCH008242,Personal Care Home,
Quality Care Senior Living,"2033 Sombrero Way, SE",Atlanta,GA,30316,,PCH044233,Personal Care Home,
QUANTUM HOUSE CORP,102 LEVEL CREEK ROAD,SUGAR HILL,GA,30518,,PCH009338,Personal Care Home,
R & R GROUP HOME,107 PARK PLACE WAY,CARROLLTON,GA,30117,,PCH008384,Personal Care Home,
R AND R COUNTRY ESTATES,1545 OXFORD ROAD,CULLODEN,GA,31016,,PCH002208,Personal Care Home,
R.A.B Personal Care,121 Aquinnah Drive,Pooler,GA,31322,,PCH043090,Personal Care Home,
"RACHEL HOUSE, THE",204 W COLQUITT STREET,SPARKS,GA,31647,,PCH009212,Personal Care Home,
RACHEL'S PERSONAL CARE HOME,1285 MUIRFOREST WAY,STONE MOUNTAIN,GA,30088,,PCH005469,Personal Care Home,
RAINBOW SENIOR CARE HOME,109 MEYER FARM ROAD,ARNOLDSVILLE,GA,30619,,PCH009314,Personal Care Home,
"RAPHA CARE SENIOR HOME, LLC",278 C S FLOYD ROAD,LOGANVILLE,GA,30052,,PCH010209,Personal Care Home,
REAGAN'S PLACE,4714 STAGECOACH RD,ALBANY,GA,31705,,PCH012153,Personal Care Home,
REBECCA MANOR I,89 LEVEL CREEK ROAD,SUWANEE,GA,30024,,PCH002582,Personal Care Home,
RECOVEREASE,3840 PEACHTREET INDUSTRAIL BLVD,DULUTH,GA,30096,,PCH002704,Personal Care Home,
RED HILL ADAPTIVE GROUP HOME,"ROUTE 1, BOX 626",RICHLAND,GA,31825,,PCH002487,Personal Care Home,
RED HILL PERSONAL CARE HOME,530 RED HILL ROAD,JESUP,GA,31545,,PCH002627,Personal Care Home,
"Redeeming Hands, LLC",2 E. Welwood Drive Se,Savannah,GA,31419,,PCH045820,Personal Care Home,
REGAL HOME SOLUTIONS,5832 WELLBORN OAKS CT,LITHONIA,GA,30058,,PCH012378,Personal Care Home,
Regal Home Solutions II,5346 O'Malley Lane,Stone Mountain,GA,30088,,PCH042678,Personal Care Home,
REGAL POINTE OF EAST COBB,886 JOHNSON FERRY ROAD,MARIETTA,GA,30068,,ALC000555,Assisted Living Community,
REGENCY HOUSE OF BUFORD,4450 OLD HAMILTON MILL ROAD,BUFORD,GA,30518,,PCH008478,Personal Care Home,
REGENCY MANOR PCH,120 RAMEY DRIVE,CUMMING,GA,30040,,PCH008738,Personal Care Home,
REHOBOTH PERSONAL CARE HOME,5852 SAVANNAH RIVER ROAD,ATLANTA,GA,30349,,PCH009319,Personal Care Home,
REJUVENATE N EDEN PERSONAL CARE HOME,1918 PANOLA ROAD,LITHONIA,GA,30058,,PCH005586,Personal Care Home,
REJUVIA HOUSE,9160 LAKESIDE WAY,GAINESVILLE,GA,30506,,PCH008513,Personal Care Home,
Relaxed & Calm Personal Care Home,17343 South Highland Avenue,ARLINGTON,GA,39813,,PCH012292,Personal Care Home,
RENAISSANCE MARQUIS RETIREMENT VILLAGE,3126 CEDAR TOWN HIGHWAY,ROME,GA,30161,,PCH006469,Personal Care Home,
RENAISSANCE ON PEACHTREE,3755 PEACHTREE ROAD NE,ATLANTA,GA,30319,,ALC000189,Assisted Living Community,
RENAISSANCE PERSONAL CARE HOME,1812 GILLIONVILLE RD,ALBANY,GA,31707,,PCH012256,Personal Care Home,
REPRAH PERSONAL CARE HOME,927 GRANITE SPRINGS LN,STONE MOUNTAIN,GA,30083,,PCH005663,Personal Care Home,
RESERVE AT PEACHTREE CITY,441 PRIME POINT,PEACHTREE CITY,GA,30269,,PCH008816,Personal Care Home,
"RESERVE AT TOWNE LAKE, LLC",1962 EAGLE DRIVE,WOODSTOCK,GA,30189,,ALC000325,Assisted Living Community,
"RESIDENCE AT OAK GROVE, THE",135 MARKET STREET,THOMASVILLE,GA,31792,,ALC000661,Assisted Living Community,
RESTING NEST,4884 PRICE ROAD,GAINESVILLE,GA,30506,,PCH002016,Personal Care Home,
Retirement Inn,414 WEST MAIN STREET,SWAINSBORO,GA,30401,,PCH006780,Personal Care Home,
RETREAT AT CANTON,3333 EAST CHEROKEE DRIVE,CANTON,GA,30115,,ALC000635,Assisted Living Community,
"RETREAT AT CONYERS, THE",1504 RENAISSANCE DRIVE,CONYERS,GA,30012,,PCH009901,Personal Care Home,
"Retreat at Decatur, The",2711 LAWRENCEVILLE HWY,DECATUR,GA,30033,,ALC000259,Assisted Living Community,
RETREAT AT JASPER,190 SAMMY MCGHEE BLVD,JASPER,GA,30143,,ALC000634,Assisted Living Community,
"RETREAT AT LOGANVILLE, THE",580 TOMMY LEE FULLER DRIVE,LOGANVILLE,GA,30052,,PCH009902,Personal Care Home,
Retreat at Sandy Springs,1262 HIGHTOWER TRAIL,ATLANTA,GA,30350,,ALC000321,Assisted Living Community,
"RETREAT AT SANDY SPRINGS, THE",1260 HIGHTOWER TRAIL,ATLANTA,GA,30350,,ALC000308,Assisted Living Community,
Revela at Evans,353 NORTH BELAIR ROAD,EVANS,GA,30809,,ALC000615,Assisted Living Community,
RIDGE MANOR OF ROSSVILLE,616 MOHAWK ST,ROSSVILLE,GA,30741,,PCH012267,Personal Care Home,
RIDGE MANOR PCH,735 RIDGE ROAD,CANTON,GA,30114,,PCH009778,Personal Care Home,
RIDGE MANOR SENIOR LIVING,411 EDMOND ST,CALHOUN,GA,30701,,PCH010047,Personal Care Home,
RISE AND SHINE PCH,4 MELODY COURT,COLUMBUS,GA,31907,,PCH009814,Personal Care Home,
RISING STAR PERSONAL CARE HOME,5018 E PONCE DE LEON AVE,STONE MOUNTAIN,GA,30083,,PCH009075,Personal Care Home,
"RIT'S PCH, INC",50 TREVERS LAKE DR,COVINGTON,GA,30016,,PCH010039,Personal Care Home,
RITA'S PERSONAL CARE HOME,2565 FIVE FORKS TRICKUM ROAD,LAWRENCEVILLE,GA,30044,,PCH005287,Personal Care Home,
RITCHGLOW PERSONAL CARE HOME,2717 RAINBOW FOREST DRIVE,DECATUR,GA,30034,,PCH004762,Personal Care Home,
RIVER PLACE,3492 JOHNSTONVILLE ROAD,FORSYTH,GA,31029,,PCH009351,Personal Care Home,
RIVERWOOD SENIOR LIVING,511 WEST 10TH STREET,ROME,GA,30165,,PCH001761,Personal Care Home,
ROBERTS HOUSE,4099 CHIMNEY RIDGE WAY,ELLENWOOD,GA,30294,,PCH003872,Personal Care Home,
ROCK CREEK MANOR,"50 CAGLE MILL ROAD, SOUTH",JASPER,GA,30143,,PCH007941,Personal Care Home,
ROCK HILL HOUSE #1,345 ROCK HILL RD,MILLEDGEVILLE,GA,31061,,PCH012410,Personal Care Home,
ROCK SPRINGS SENIOR CARE LLC,1385 ROCK SPRINGS ROAD,BUFORD,GA,30519,,PCH009973,Personal Care Home,
"ROSE BUSH, THE",2036 S MAIN STREET,LEESBURG,GA,31763,,PCH012287,Personal Care Home,
ROSE HOUSE INTENSIVE TRAINING RESIDENCE,701 JACKSON AVENUE,AMERICUS,GA,31709,,PCH008777,Personal Care Home,
ROSE OF SHARON 2 PCH,533 S MADISON AVE,MONROE,GA,30655,,PCH010118,Personal Care Home,
ROSE PERSONAL CARE HOME 2,2795 SCENIC HIGHWAY,SNELLVILLE,GA,30078,,PCH010030,Personal Care Home,
ROSE'S PREMIER PERSONAL CARE HOME,3905 PRICE ROAD,GAINESVILLE,GA,30506,,PCH010064,Personal Care Home,
ROSEDALE PERSONAL CARE HOME,860 ROSEDALE DRIVE,MARIETTA,GA,30066,,PCH002197,Personal Care Home,
ROSEMAUDE PERSONAL CARE HOME,"642 ERIN AVENUE, S. W.",ATLANTA,GA,30310,,PCH001779,Personal Care Home,
ROSEWOOD ASSISTED LIVING,14 FORT TOWN DRIVE,FORT OGLETHORPE,GA,30742,,ALC000146,Assisted Living Community,
"ROSEWOOD AT FORT OGLETHORPE, THE",14 FORT TOWN DRIVE,FORT OGLETHORPE,GA,30742,,PCH002725,Personal Care Home,
ROYAL AT LOVEJOY PERSONAL CARE HOME,11433 VINEA WAY,HAMPTON,GA,30228,,PCH009860,Personal Care Home,
ROYAL CARE HOME LLC,243 Roxbury Drive,Riverdale,GA,30274,,PCH044065,Personal Care Home,
ROYAL COTTAGE PERSONAL CARE HOME,65 STONEY POINT TERRACE,COVINGTON,GA,30014,,PCH007265,Personal Care Home,
ROYAL HEARTS CARING HOME LLC,4925 FESTIVAL ST,COLUMBUS,GA,31907,,PCH012203,Personal Care Home,
ROYAL HEARTS CARING HOME LLC,4925 FESTIVAL ST,COLUMBUS,GA,31907,,PCHO12203,Personal Care Home,
ROYAL LIVING PCH,2106 FRANK BRUCE ROAD,DAWSONVILLE,GA,30534,,PCH008003,Personal Care Home,
ROYAL OAKS,"211 WEST COLLEGE STREET, P.O. BOX 7",ADRIAN,GA,31002,,PCH001737,Personal Care Home,
ROYAL PERSONAL CARE HOME,34 THORNE BERRY DR,HAMPTON,GA,30228,,PCH008140,Personal Care Home,
RUBY'S PERSONAL HOME CARE,2117 FIELDSTONE VIEW COURT SE,CONYERS,GA,30013,,PCH005620,Personal Care Home,
Ruth's Place LLC,340 LOCKHEED AVE SW,MARIETTA,GA,30060,,PCH012340,Personal Care Home,
RUTHIES SOCIAL SERVICES INC,1478 JEFFERSONVILLE RD,MACON,GA,31217,,PCH012416,Personal Care Home,
"S & S Personal Care Home, LLC",475 Cinderella Lane SE,Dawson,GA,39842,,PCH043471,Personal Care Home,
S DESHON MANOR,856 S DESHON ROAD,LITHONIA,GA,30058,,PCH006434,Personal Care Home,
S&S Homes Community Living LLC,3798 LARAMIE RD,ELLENWOOD,GA,30294,,PCH003902,Personal Care Home,
Safe Haven At Brookhaven,1286 KENDRICK ROAD,ATLANTA,GA,30319,,PCH006194,Personal Care Home,
Safe Haven at Lenox Park,1137 LYNMOOR DRIVE NE,ATLANTA,GA,30319,,PCH006963,Personal Care Home,
SAFE HAVEN HOME FOR ALL,2362 LAWRENCEVILLE HIGHWAY,DECATUR,GA,30033,,PCH009113,Personal Care Home,
SAFE HAVEN HOME FOR ALL 2,2362 LAWRENCEVILLE HIGHWAY,DECATUR,GA,30033,,PCH009114,Personal Care Home,
Safe Haven Home MB,"1358 Manchester Drive, NE",Conyers,GA,30012,,PCH045252,Personal Care Home,
Safe Haven Home MD,1358 Manchester Dr NE Conyers 30012,Conyers,GA,30012,,PCH044876,Personal Care Home,
SAFE HAVEN PCH,1245 AUGUSTA AVENUE,AUGUSTA,GA,30901,,PCH008633,Personal Care Home,
SAFEWAY PCH ELLENWOOD,4007 SMITHFIELD TRAIL,ELLENWOOD,GA,30294,,PCH008411,Personal Care Home,
"Saint Mary's Haven, LLC",1439 Venetian Drive,Atlanta,GA,30311,,PCH043900,Personal Care Home,
Salterra Senior Living at Ashbrook,75 HERRELL ROAD,VILLA RICA,GA,30180,,ALC000296,Assisted Living Community,
SAMUDA'S PERSONAL CARE HOME,2752 SKYLAND DRIVE,SNELLVILLE,GA,30078,,PCH005989,Personal Care Home,
Sanctuary At Pedro Drive,"1564 Pedro Drive, SW",Mableton,GA,30126,,PCH044893,Personal Care Home,
Sandy Gimes Home,2222 Sandy Gimes Road,Fairburn,GA,30213,,PCH046028,Personal Care Home,
SANDY SPRINGS PERSONAL CARE CENTER,"300 JOHNSON FERRY ROAD, N.E.",ATLANTA,GA,30328,,PCH001893,Personal Care Home,
SANGUINE REVERE,7460 AMBASSADOR DR,RIVERDALE,GA,30296,,PCH010129,Personal Care Home,
SANGUINE REVERE PHASE II,2000 AUSTELL RD UNITS 806-810,MARIETTA,GA,30008,,PCH012384,Personal Care Home,
SANGUINE REVERE PHASE III,2000 AUSTELL RD UNITS 816-820,MARIETTA,GA,30008,,PCH012383,Personal Care Home,
SATILLA BLUFFS SENIOR CARE,101 SATILLA BLUFFS DRIVE,BLACKSHEAR,GA,31516,,PCH010089,Personal Care Home,
SAVANNAH COURT OF CAMILLA,161 E BROAD STREET,CAMILLA,GA,31730,,PCH009065,Personal Care Home,
SAVANNAH COURT OF MILLEDGEVILLE,61 MARSHALL ROAD,MILLEDGEVILLE,GA,31061,,PCH007850,Personal Care Home,
SAVANNAH SQUARE,167 MURROW STREET,BLYTHE,GA,30805,,PCH012192,Personal Care Home,
"SBF, LLC",209 Morningside Drive,Sandersville,GA,31082,,PCH043139,Personal Care Home,
"SEASONS OF COMFORT PERSONAL CARE HOME, LLC",1800 BUENA VISTA ROAD,COLUMBUS,GA,31906,,PCH012212,Personal Care Home,
SEAWOOD PERSONAL CARE HOME,420 W CROSSVILLE RD,ROSWELL,GA,30075,,PCH012393,Personal Care Home,
Senior 911 LLC,2319 HIGWAY 81 SOUTH,LOGANVILLE,GA,30052,,PCH009809,Personal Care Home,
SENIOR ALLY PERNSONAL CARE HOME B,510 WEST BROAD AVENUE,ALBANY,GA,31701,,PCH012197,Personal Care Home,
SENIOR ALLY PERSONAL CARE HOME A,"510 WEST BROAD AVENUE, SUITE A",ALBANY,GA,31701,,PCH012182,Personal Care Home,
SENIOR CITIZENS CARE CENTER ANNEX,223 HARMON ROAD,SWAINSBORO,GA,30401,,PCH001729,Personal Care Home,
SENIOR HOME #1 MISSION PCH,1940 SPRING ROSE GLEN,LAWRENCEVILLE,GA,30043,,PCH006379,Personal Care Home,
SENIOR HOME MISSION PCH,1974 JESTER CIRCLE,LAWRENCEVILLE,GA,30043,,PCH005193,Personal Care Home,
Senior Solutions Legacy Manor LLC,1205 W 3rd Ave,Albany,GA,31707,,PCH045651,Personal Care Home,
SERENE HOUSE OF CARE LLC,7392 SKYLANE DR,RIVERDALE,GA,30296,,PCH010208,Personal Care Home,
SerenGela Care Home,924 Crump St,Swainsboro,GA,30401,,PCH009374,Personal Care Home,
SERENITY,206 PINE STREET,SPARKS,GA,31647,,PCH008082,Personal Care Home,
"SERENITY BROOK PCH, LLC",3070 HERSCU WAY,LITHONIA,GA,30038,,PCH009916,Personal Care Home,
"Serenity Divine Home Care, LLC",4732 Sgoda Rd,Macon,GA,31217,,PCH042322,Personal Care Home,
SERENITY EMPIRE,2460 GREYTHORNE COMMONS,DOUGLASVILLE,GA,30135,,PCH008706,Personal Care Home,
SERENITY EMPIRE,7825 HOBGOOD ROAD,FAIRBURN,GA,30213,,PCH009172,Personal Care Home,
SERENITY EMPIRE AT DECATUR,1896 LUDOVIE LANE,DECATUR,GA,30033,,PCH009404,Personal Care Home,
Serenity Empire at East Atlanta,"799 MORELAND AVENUE, SE",ATLANTA,GA,30316,,PCH001879,Personal Care Home,
SERENITY EMPIRE AT MARIETTA,1790 POWDER SPRINGS ROAD,MARIETTA,GA,30064,,ALC000576,Assisted Living Community,
Serenity Empire at Stone Mountain LLC,1745 PARKE PLAZA CIRCLE,STONE MOUNTAIN,GA,30087,,PCH008903,Personal Care Home,
SERENITY EMPIRE AT SWEETWATER,1600 LEE ROAD,LITHIA SPRINGS,GA,30122,,PCH012285,Personal Care Home,
SERENITY HOME CARE,69 DAVIS STREET,MACON,GA,31204,,PCH008595,Personal Care Home,
SERENITY HOUSE OF ATLANTA MINISTRIES,60 BETHEA WAY,COVINGTON,GA,30016,,PCH009180,Personal Care Home,
"Serenity Living Personal Care Home, LLC",5620 Savannah River Road,Atlanta,GA,30349,,PCH045278,Personal Care Home,
SERENITY MANOR,495 FORT HILL STREET,MACON,GA,31217,,PCH008466,Personal Care Home,
SERENITY PERSONAL CARE HOME,7661 - A KAYNE BLVD STE A,COLUMBUS,GA,31909,,PCH012233,Personal Care Home,
SERENITY SPRINGS AT FREYDALE ROAD,2462 FREYDALE ROAD,MARIETTA,GA,30067,,PCH008580,Personal Care Home,
Serenity Springs Senior care,5726 Buck Court,Ellenwood,GA,30294,,PCH045798,Personal Care Home,
SERENITY WAY,15 VALLEYDALE WAY,SAVANNAH,GA,31405,,PCH009148,Personal Care Home,
SEVEN HILLS SQUARE,279 TECHNOLOGY PARKWAY,ROME,GA,30165,,ALC000725,Assisted Living Community,
SEYMOUR SOUTHERN COMFORTS,202 EAST MAIN STREET,BRONWOOD,GA,39826,,PCH002508,Personal Care Home,
SHA SHA'S LEISURE LIVING PERSO,1465 TEAGLE ROAD,FORSYTH,GA,31029,,PCH003051,Personal Care Home,
SHA-LYNDAS,2313 CADDEN COURT,AUGUSTA,GA,30906,,PCH004518,Personal Care Home,
SHADY BROOK PERSONAL CARE HOME,808 SHADY BROOK DRIVE,MARIETTA,GA,30066,,PCH005732,Personal Care Home,
SHADY PINES ESTATE,124 AIRPORT ROAD,ABBEVILLE,GA,31001,,PCH009402,Personal Care Home,
SHADYBROOK AT MOZELLE PCH,2000 MOZELLE DR,MARIETTA,GA,30062,,PCH008465,Personal Care Home,
SHADYBROOK AT SANDRA,1151 SANDRA DRIVE,MARIETTA,GA,30062,,PCH012129,Personal Care Home,
SHALOM HOUSES OF JOY,10935 HONDAL COURT,HAMPTON,GA,30228,,PCH009934,Personal Care Home,
Sharon Health Services LLC,5595 Stagecoach Road,Rex,GA,30273,,PCH043767,Personal Care Home,
SHARON'S PERSONAL CARE HOME,605 E. FORCE STREET,VALDOSTA,GA,31601,,PCH002167,Personal Care Home,
SHEILA HOSPITALITY PERSONAL CARE HOME LLC,4594 PINE VALLEY DR,MACON,GA,31210,,PCH010153,Personal Care Home,
SHELTERING ARMS LLC,206 S ZETTEROWER AVE,STATESBORO,GA,30458,,PCH010100,Personal Care Home,
SHELTERING ARMS PCH,2221 ROCKLANE DR,CONLEY,GA,30288,,PCH012251,Personal Care Home,
Shepherd Home Care L.L.C,6164 S. Sharon Church Road,Loganville,GA,30052,,PCH045368,Personal Care Home,
"Sheridan At Eastside, The",1900 TREE LANE,SNELLVILLE,GA,30078,,ALC000643,Assisted Living Community,
SHIRLEY'S PERSONAL CARE HOME,5813 BUXTON DRIVE,COLUMBUS,GA,31907,,PCH008375,Personal Care Home,
SIBOR MANOR - ATLANTA,2123 LAVISTA CIRCLE,TUCKER,GA,30084,,PCH005755,Personal Care Home,
SIBOR'S MANOR,3890 WRIGHTSBORO ROAD,AUGUSTA,GA,30904,,PCH002726,Personal Care Home,
SILKWOOD GROUP HOME,803 GENTILLY ROAD,STATESBORO,GA,30458,,PCH001130,Personal Care Home,
SILVER COMET VILLAGE,4900 RICHARD D SAILORS PKWY,POWDER SPRINGS,GA,30127,,ALC000678,Assisted Living Community,
SILVER CRESCENT HOMES LLC,327 PANOLA ROAD,ELLENWOOD,GA,30294,,PCH010106,Personal Care Home,
SILVER HOMES,5071 HUBERT DRIVE,POWDER SPRINGS,GA,30127,,PCH003519,Personal Care Home,
SILVER HOMES 2,5334 MEMORIAL LN,POWDER SPRINGS,GA,30127,,PCH010057,Personal Care Home,
SILVER LEAF PCH 2,112 PLAZA DRIVE,JENKINSBURG,GA,30234,,PCH012116,Personal Care Home,
SILVER LININGS PERSONAL CARE HOME STAPLETON,407 HARVEY STREET,STAPLETON,GA,30823,,PCH009397,Personal Care Home,
SILVERLEAF PERSONAL CARE HOME,136 PLAZA DRIVE,JENKINSBURG,GA,30234,,PCH009140,Personal Care Home,
SIMPLE BLESSINGS,2231 SULLIVAN ROAD,AUGUSTA,GA,30901,,PCH008546,Personal Care Home,
Simple Meadows Personal Care Home,545 Herring Road,Grayson,GA,30017,,PCH044990,Personal Care Home,
SIMPLY LIVING PERSONAL CARE HOME,3 BERWICK COURT,SAVANNAH,GA,31406,,PCH009842,Personal Care Home,
SKYLAND MANOR PCH,3505 SKYLAND DRIVE,LOGANVILLE,GA,30052,,PCH006341,Personal Care Home,
SKYLAND TRAIL,1709 CLAIRMONT ROAD,DECATUR,GA,30033,,PCH001621,Personal Care Home,
SKYLAND TRAIL ROLLINS CAMPUS,2860 BUFORD HWY,BROOKHAVEN,GA,30329,,PCH009989,Personal Care Home,
SKYLINE ASSISTED LIVING,2106 MCGEE ROAD,SNELLVILLE,GA,30078,,PCH009363,Personal Care Home,
SKYLINE PERSONAL CARE HOME,1101 ANTIETAM COURT,COLUMBUS,GA,31907,,PCH010099,Personal Care Home,
SKYLINE PERSONAL CARE HOME LLC,1212 BUNKER RIDGE DRIVE,COLUMBUS,GA,31907,,PCH009328,Personal Care Home,
SLAPPEY HOME,3718 AGAPE VILLAGE ROAD,MACON,GA,31210,,PCH001091,Personal Care Home,
SLICE OF LIFE,2940 HOSCH VALLEY RD,BUFORD,GA,30519,,PCH008233,Personal Care Home,
SMYRNA VILLAGE,1418 SPRING STREET SE,SMYRNA,GA,30080,,PCH009335,Personal Care Home,
SNAPFINGER HOME,3887 SNAPFINGER ROAD,LITHONIA,GA,30038,,PCH001482,Personal Care Home,
SO FRESH N SO CLEAN PERSONAL CARE HOME 1,1982 CONKLE ROAD,RIVERDALE,GA,30296,,PCH002315,Personal Care Home,
"SOCIAL AT SAVANNAH, THE",1 Peachtree Dr,Savannah,GA,31419,,ALC000603,Assisted Living Community,
"SOCIAL GRACES PERSONAL CARE HOME, LLC",5 WALKER DRIVE,STOCKBRIDGE,GA,30281,,PCH010078,Personal Care Home,
SOFTCARE CONNECT HOMECARE LLLP,97 Lanier Ridge,Acworth,GA,30101,,PCH046029,Personal Care Home,
SOH - HIDDENBROOK,6580 HIDDENBROOK TRAIL,COLLEGE PARK,GA,30349,,PCH006191,Personal Care Home,
"SOLANA EAST COBB, THE",1032 JOHNSON FERRY ROAD,MARIETTA,GA,30068,,ALC000613,Assisted Living Community,
SOLAR LSC PERSONAL CARE HOME,2358 OAK AVE,MORROW,GA,30260,,PCH012139,Personal Care Home,
SOMERBY PEACHTREE CITY,200 ROCKAWAY ROAD,PEACHTREE CITY,GA,30269,,ALC000581,Assisted Living Community,
SOMERBY SANDY SPRINGS,25 GLENLAKE PARKWAY,SANDY SPRINGS,GA,30328,,ALC000585,Assisted Living Community,
"SONIDA PEACHTREE CORNERS, LLC",7300 SPALDING DRIVE,PEACHTREE CORNERS,GA,30092,,ALC000601,Assisted Living Community,
SONSHINE MANOR,760 TAILS CREEK ROAD,ELLIJAY,GA,30540,,PCH002685,Personal Care Home,
SONSHINE MANOR PERSONAL CARE HOME,81 WELLBORN STREET,BLAIRSVILLE,GA,30512,,PCH009873,Personal Care Home,
SONYA'S RECOVERY PCH,2038 RIVER ROAD,ELLENWOOD,GA,30294,,PCH009168,Personal Care Home,
SOUTH HAVEN II PCH,3985 FLAT SHOALS ROAD B,UNION CITY,GA,30291,,PCH009270,Personal Care Home,
SOUTH HAVEN PERSONAL CARE HOME,6490 WEST FAYETTEVILLE ROAD,RIVERDALE,GA,30296,,PCH001310,Personal Care Home,
SOUTHERN BREEZE PCH,127 S BELAIR ROAD,MARTINEZ,GA,30907,,PCH006446,Personal Care Home,
SOUTHERN CHARM,110 SOUTH THIRD AVENUE,MCRAE,GA,31055,,PCH002505,Personal Care Home,
SOUTHERN CHOICES PCH,323 BLUESTONE DRIVE,EAST DUBLIN,GA,31027,,PCH007609,Personal Care Home,
"SOUTHERN COMFORT PERSONAL CARE, LLC",6735 PULASKI ROAD,STATESBORO,GA,30458,,PCH009890,Personal Care Home,
SOUTHERN COMFORT SENIOR LIVING,715 SHADYBROOK DRIVE NE,MARIETTA,GA,30066,,PCH010005,Personal Care Home,
SOUTHERN HAVEN,279 HAIG MILL ROAD,DALTON,GA,30721,,PCH002478,Personal Care Home,
SOUTHERN LIVING PERSONAL CARE HOME INC,739 DOGWOOD DRIVE,COLUMBUS,GA,31907,,PCH008792,Personal Care Home,
SOUTHERN MAGNOLIA,405 THOMPSON STREET,VIDALIA,GA,30474,,PCH002546,Personal Care Home,
SOUTHERN MANOR AT CANDLER,46637 HW 46 EAST,METTER,GA,30439,,PCH012398,Personal Care Home,
SOUTHERN MANOR SENIOR LIVING,1532 FAIR ROAD,STATESBORO,GA,30458,,PCH005502,Personal Care Home,
SOUTHERN MANOR SENIOR LIVING,184 PINE LANE,WASHINGTON,GA,30673,,PCH008530,Personal Care Home,
SOUTHERN OAKS PERSONAL CARE HOME,417 N RIDGE AVE,TIFTON,GA,31794,,PCH005957,Personal Care Home,
SOUTHERN PINES RETIREMENT VILLA,345 PERRY HWY,HAWKINSVILLE,GA,31036,,PCH005103,Personal Care Home,
SOUTHERN SENIOR LIVING,215 EAST SELLERS STREET,DOUGLAS,GA,31533,,PCH001404,Personal Care Home,
SOUTHSIDE GARDEN,6693 HIGHWAY 11 SOUTH,HILLSBORO,GA,31038,,PCH002098,Personal Care Home,
SPANISH OAKS RETREAT,8510 WHITFIELD AVENUE,SAVANNAH,GA,31406,,ALC000060,Assisted Living Community,
SPARKS COMMUNITY NEW DAY PCH,3302 RADIUM SPRINGS ROAD,ALBANY,GA,31705,,PCH009310,Personal Care Home,
SPICE OF LIFE PCH,1458 MILL STREET,AUGUSTA,GA,30901,,PCH002415,Personal Care Home,
SPIRITUAL LOVING AND CARING HOME,300 JOE CAREY DRIVE,WINTERVILLE,GA,30683,,PCH009121,Personal Care Home,
SPRING GARDEN PERSONAL CARE HOME,3361 GLEN SUMMIT LANE,SNELLVILLE,GA,30039,,PCH006309,Personal Care Home,
SPRING HARBOR AT GREEN ISLAND,100 SPRING HARBOR DRIVE,COLUMBUS,GA,31904,,PCH004406,Personal Care Home,
SPRINGHILL PERSONAL CARE HOME LLC,4228 MEADOW WAY,MARIETTA,GA,30066,,PCH010011,Personal Care Home,
SSP Gainesville LLC,1012 Enota Ave,Gainesville,GA,30501,,ALC045839,Assisted Living Community,
SSYY LLC,460 N. HARISTON RD,Stone Mountain,GA,30083,,PCH046035,Personal Care Home,
ST FRANCIS ASSISTED LIVING COMMUNITY,4901 HARRISON ROAD,MACON,GA,31206,,ALC000563,Assisted Living Community,
ST JOSEPH'S PLACE,1260 HIRAM DAVIS ROAD,LAWRENCEVILLE,GA,30045,,PCH012339,Personal Care Home,
ST MARYS GROUP HOME OF WESLEY GLEN MINISTRIES,884 MUSH BLUFF ROAD,SAINT MARYS,GA,31558,,PCH003982,Personal Care Home,
ST MARYS HIGHLAND HILLS VILLAGE,1660 JENNINGS MILL ROAD,WATKINSVILLE,GA,30677,,ALC000021,Assisted Living Community,
St. Ives Hometown Living of Johns Creek,5835 Medlock Bridge Parkway,Alpharetta,GA,30022,,ALC044225,Assisted Living Community,
STACEY STREET HOUSE,509 STACEY STREET,JESUP,GA,31545,,PCH002626,Personal Care Home,
STACEY'S PLACE,5060 JOHN BURRUSS RD,CUMMING,GA,30040,,PCH010144,Personal Care Home,
STANDARD PERSONAL CARE HOME,2761 KELLEY CHAPEL ROAD,DECATUR,GA,30034,,PCH007751,Personal Care Home,
STEP BEYOND MEASURES,1523 BUFORD AVE,COLUMBUS,GA,31903,,PCH012386,Personal Care Home,
Sterling Estates of West Cobb,3165 DALLAS HIGHWAY,MARIETTA,GA,30064,,ALC000220,Assisted Living Community,
Sterling Estates Senior Living Community,4220 LOWER ROSWELL ROAD,MARIETTA,GA,30068,,ALC000170,Assisted Living Community,
STEVENSON PERSONAL CARE HOME,6285 EMERALD POINTE CIRCLE,COLLEGE PARK,GA,30349,,PCH003563,Personal Care Home,
STEWART COMMUNITY HOME,1125 15TH STREET,COLUMBUS,GA,31901,,PCH002256,Personal Care Home,
"STEWART HOUSE, THE",102 SOUTH STREET,CARROLLTON,GA,30117,,PCH009907,Personal Care Home,
STEWART'S VILLAGE PCH,136 BUCHANAN BYPASS,BUCHANAN,GA,30113,,PCH012207,Personal Care Home,
STILESBORO PERSONAL CARE HOME,4549 STILESBORO ROAD,KENNESAW,GA,30152,,PCH007153,Personal Care Home,
STILL WATERS PCH,2027 ALTA VISTA DRIVE,COLUMBUS,GA,31907,,PCH009405,Personal Care Home,
"STOKES, FRANCES HOME",3638 LAVISTA ROAD,DECATUR,GA,30033,,PCH001515,Personal Care Home,
STONE'S HAVEN,12433 HWY 16 E,MONTICELLO,GA,31064,,PCH012355,Personal Care Home,
STONEHENGE SENIOR LIVING I,61 STONEHENGE DRIVE,BLAIRSVILLE,GA,30512,,PCH002585,Personal Care Home,
STONEHENGE SENIOR LIVING II,120 STONEHENGE DRIVE,BLAIRSVILLE,GA,30512,,PCH002671,Personal Care Home,
STONEHENGE SENIOR LIVING III,168 STONEHENGE DRIVE,BLAIRSVILLE,GA,30512,,PCH002911,Personal Care Home,
STONEHENGE SENIOR LIVING IV,164 STONEHENGE DRIVE,BLAIRSVILLE,GA,30512,,PCH008690,Personal Care Home,
STONEHENGE SENIOR LIVING V,84 CALDWELL ROAD,BLAIRSVILLE,GA,30512,,PCH010019,Personal Care Home,
STOW PERSONAL CARE LLC,4041 ANVIL BLOCK RD,ELLENWOOD,GA,30294,,PCH012154,Personal Care Home,
"STRICKLAND SENIOR CARE, LLC",103 TERRACE DR,DUBLIN,GA,31021,,PCH012352,Personal Care Home,
"SUITES AT CYPRESS POND, THE",15 KENT ROAD,TIFTON,GA,31794,,PCH002542,Personal Care Home,
SUITES AT POPLAR CREEK (THE),114 OLD AIRPORT ROAD,LAGRANGE,GA,30240,,PCH002577,Personal Care Home,
"SUITES AT STATION EXCHANGE, THE",3205 TSX GRAND CENTRAL,RICHMOND HILL,GA,31324,,PCH008439,Personal Care Home,
SUITES AT WILLOW POND (THE),4344 COUNTRY CLUB ROAD,STATESBORO,GA,30458,,PCH001134,Personal Care Home,
"SUITES OF WOODLEAF, THE",2022 E. PINETREE BLVD.,THOMASVILLE,GA,31792,,PCH002533,Personal Care Home,
SULLIVAN HOUSE,"200 VILLAGE PARKWAY, NE",MARIETTA,GA,30067,,PCH012345,Personal Care Home,
SUMMER BREEZE SENIOR LIVING,351 WILMINGTON ISLAND ROAD,SAVANNAH,GA,31410,,ALC000694,Assisted Living Community,
SUMMER WILLOW AT JAMES PLACE,213 INDUSTRIAL BOULEVARD,DUBLIN,GA,31021,,PCH006005,Personal Care Home,
Summer Willow Personal Care Home,259 NUNEZ-LEXSY ROAD,SWAINSBORO,GA,30401,,PCH007659,Personal Care Home,
SUMMER'S LANDING BAYBERRY TRACE,315 ARROWHEAD BLVD,JONESBORO,GA,30236,,PCH008185,Personal Care Home,
SUMMER'S LANDING OF WARNER ROBINS,600 SOUTH KIMBERLY ROAD,WARNER ROBINS,GA,31088,,ALC000063,Assisted Living Community,
SUMMERFIELD PERSONAL CARE HOME,12166 HWY 212,COVINGTON,GA,30014,,PCH010146,Personal Care Home,
SUMMERSET,3711 BENJAMIN E MAYS DRIVE SW,ATLANTA,GA,30331,,ALC000041,Assisted Living Community,
SUMMIT HOME CARE,634 SUMMIT AVE,SWAINSBORO,GA,30401,,PCH012221,Personal Care Home,
SUMTER COUNTY RETIREMENT VILL,2124 HIGHWAY 280 WEST,PLAINS,GA,31780,,PCH002498,Personal Care Home,
"SUNABELLA AT SAVANNAH, LLC",11310 WHITE BLUFF ROAD,SAVANNAH,GA,31419,,ALC000606,Assisted Living Community,
SUNABELLA OF TOWNE LAKE LLC,1835 EAGLE DRIVE,WOODSTOCK,GA,30189,,ALC000666,Assisted Living Community,
SUNABELLA SENIOR LIVING,231 W MONTGOMERY CROSSROADS,SAVANNAH,GA,31406,,ALC000305,Assisted Living Community,
SUNNY GROVE,665 GORDON ROAD,BARNESVILLE,GA,30204,,PCH009352,Personal Care Home,
SUNRISE AT HUNTCLIFF SUMMIT,8480 ROSWELL ROAD,ATLANTA,GA,30350,,ALC000608,Assisted Living Community,
SUNRISE AT PARKWAY,1339 INTERSTATE PARKWAY,AUGUSTA,GA,30909,,PCH002291,Personal Care Home,
SUNRISE OF FIVE FORKS,3997 FIVE FORKS TRICKUM ROAD,LILBURN,GA,30047,,ALC000299,Assisted Living Community,
SUNRISE VILLAGE,573 PIONEER ROAD,JASPER,GA,30143,,PCH008698,Personal Care Home,
SUNSHINE CARE,3863 AUGUSTA HIGHWAY,LINCOLNTON,GA,30817,,PCH009150,Personal Care Home,
SUNSHINE NOEL PCH,3085 LAKE PORT DRIVE,SNELLVILLE,GA,30039,,PCH004706,Personal Care Home,
SUSAN'S PERSONAL CARE HOME,114 HAMBLETON STREET,THOMASVILLE,GA,31792,,PCH000581,Personal Care Home,
SWEET HOME CARE OF GEORGIA,418 ANDREWS RD,COLUMBUS,GA,31903,,PCH012362,Personal Care Home,
SWEET SADIE'S PCH,434 RAILROAD AVE,BLYTHE,GA,30805,,PCH006827,Personal Care Home,
SWEET WILLIAMS PCH,3013 STOREY DRIVE,AUGUSTA,GA,30906,,PCH012419,Personal Care Home,
SweetsCare LLC,9539 Winding Way Lane,Jonesboro,GA,30238,,PCH043673,Personal Care Home,
SWEETWATER PERSONAL CARE HOME,3587 JUNIOR HIGH DR,LITHIA SPRINGS,GA,30122,,PCH012189,Personal Care Home,
SYLVANIA PERSONAL CARE HOME,202 SOUTH HULL STREET,SYLVANIA,GA,30467,,PCH009737,Personal Care Home,
T C PERSONAL CARE HOME,3520 LAKE MONROE ROAD,DOUGLASVILLE,GA,30135,,PCH009258,Personal Care Home,
T CARE,1014 ALICE STREET,AMERICUS,GA,31709,,PCH012145,Personal Care Home,
TAI'S HEAVENLY TOUCH,1009 DANTIGNAC STREET,AUGUSTA,GA,30901,,PCH008724,Personal Care Home,
TALL PINE ESTATES PCH,3863 WHITAKER ROAD,ROBERTA,GA,31078,,PCH005843,Personal Care Home,
TALLOKAS PCH #1,189 TALLOKAS ESTATES,MOULTRIE,GA,31768,,PCH002846,Personal Care Home,
TAPESTRY HOUSE ASSISTED LIVING,2725 HOLCOMB BRIDGE ROAD,ALPHARETTA,GA,30022,,ALC000105,Assisted Living Community,
TAPLEY'S PERSONAL CARE HOME,4602 HEREFORD FARM ROAD,EVANS,GA,30809,,PCH008557,Personal Care Home,
TAPLEY'S PERSONAL CARE HOME # 2,1372 INTERSTATE PARKWAY,AUGUSTA,GA,30909,,PCH008067,Personal Care Home,
"TAPLEY'S, ANN PERSONAL CARE HOME 1",339 MARSHALL STREET,MARTINEZ,GA,30907,,PCH009045,Personal Care Home,
"TAPLEY'S, ANN PERSONAL CARE HOME 3",339 MARSHALL STREET,MARTINEZ,GA,30907,,PCH009047,Personal Care Home,
TARR PERSONAL CARE HOME,1180 MUNDYS MILL ROAD,JONESBORO,GA,30238,,PCH009126,Personal Care Home,
TATTNALL-EVANS MANOR,312 NORTH HENRY STREET,GLENNVILLE,GA,30427,,PCH002500,Personal Care Home,
TAYLER'S SANCTUARY,5215 LAKE CARLTON,LOGANVILLE,GA,30052,,PCH010172,Personal Care Home,
TEFNUSHABOO,6349 WINDY RIDGE WAY,LITHONIA,GA,30058,,PCH009855,Personal Care Home,
TENDER HANDS HOME CARE II LLC,3600 BRUSHY WOOD DR,LOGANVILLE,GA,30052,,PCH010009,Personal Care Home,
Tender Heart Homecare Services LLC,1584 Hebron Lane,Riverdale,GA,30296,,PCH044964,Personal Care Home,
TENDER LOVING CARE,4722 LIONS HEAD CIRCLE,LITHONIA,GA,30038,,PCH003227,Personal Care Home,
TENDER PERSONAL CARE HOME #2,339 RUSSELL RD,LAWRENCEVILLE,GA,30043,,PCH008279,Personal Care Home,
TENDER PERSONAL HOME CARE,1560 TWIN BRIDGE LANE,LAWRENCEVILLE,GA,30043,,PCH003522,Personal Care Home,
TENNILLE RETIREMENT HOME,525 NORTH MAIN STREET,TENNILLE,GA,31089,,PCH002623,Personal Care Home,
TERRABELLA ROSWELL,400 MARIETTA HIGHWAY,ROSWELL,GA,30075,,ALC000274,Assisted Living Community,
"TERRACES AT PEACHTREE HILLS PLACE AL, THE",229 PEACHTREE HILLS AVENUE,ATLANTA,GA,30305,,ALC000658,Assisted Living Community,
Test,2 Test Lane,Lake Spivey,GA,30236,,ALC043536,Assisted Living Community,
TEST PCH,2 Martin Luther King Blvd.,Atlanta,GA,30303,,PCH042504,Personal Care Home,
THE CANOPY AT WESTRIDGE,250 ENTERPRISE PARKWAY,MCDONOUGH,GA,30253,,ALC000736,Assisted Living Community,
The Franklin-Johns Creek,10595 Medlock Bridge Road,Johns Creek,GA,30097,,ALC000709,Assisted Living Community,
THE GROVE AT ORCHARD RIDGE RESIDENCES,494 GROVE PARKWAY,DALTON,GA,30721,,PCH009309,Personal Care Home,
The Oaks by Windham,6191 PEAKE ROAD,MACON,GA,31220,,ALC000620,Assisted Living Community,
The Residences at Pin Oak,67 PIN OAK DRIVE,ROCK SPRING,GA,30739,,PCH002598,Personal Care Home,
The Retreat at Dalton,2470 DUG GAP ROAD,DALTON,GA,30720,,ALC000618,Assisted Living Community,
The Wellness House at Avondale Estates,3249 Rockbridge Rd,Avondale Estates,GA,30002,,PCH045932,Personal Care Home,
There Is No Place Like Home LLC,506 Wellington Way,Jonesboro,GA,30238,,PCH042721,Personal Care Home,
THOMAS DD SITE #1,1517 WRIGHT STREET,THOMASVILLE,GA,31792,,PCH005021,Personal Care Home,
THOMAS MR SITE #5,211 HUNTER'S CHASE CIRCLE,THOMASVILLE,GA,31792,,PCH004805,Personal Care Home,
"THOMAS, INEZ PCH #2",3405 RICHMOND HILL ROAD,AUGUSTA,GA,30906,,PCH004577,Personal Care Home,
THOMASTON MANOR,409 WEST GORDON STREET,THOMASTON,GA,30286,,PCH009697,Personal Care Home,
THRIVE ASSISTED LIVING AND MEMORY CARE,37 BROCK DRIVE,LOOKOUT MOUNTAIN,GA,30750,,ALC000201,Assisted Living Community,
THRIVE AT AUGUSTA,2222 INDIGO HALL DRIVE,MARTINEZ,GA,30907,,ALC000330,Assisted Living Community,
THRIVE AT GREEN ISLAND,6896 RIVER ROAD,COLUMBUS,GA,31904,,ALC000562,Assisted Living Community,
THRIVE ON SKIDAWAY,5 LAKE ST,SAVANNAH,GA,31411,,ALC000656,Assisted Living Community,
TIBIA PERSONAL CARE HOME 2,475 PHILLIP ST,ROYSTON,GA,30662,,PCH012231,Personal Care Home,
TIGER LILY ESTATES ASSISTED LIVING & MEMORY CARE,235 GILREATH ROAD,CARTERSVILLE,GA,30121,,ALC000692,Assisted Living Community,
"TIGNALL HOUSE, THE",185 S HULIN AVE,TIGNALL,GA,30668,,PCH004799,Personal Care Home,
"Timberley Inspired Senior Living, The",330 Tranquil Gardens Drive,Acworth,GA,30102,,ALC043313,Assisted Living Community,
TIMBERS ON BLACKWELL CREEK LLC,100 VILLA VISTA,MARBLE HILL,GA,30148,,ALC042529,Assisted Living Community,
TIMBERWOOD PCH,359 SHORELINE DRIVE A AND B,THOMASVILLE,GA,31757,,PCH003450,Personal Care Home,
TL&C PERSONAL CARE HOME,1513 BAYMEADOW DRIVE,VALDOSTA,GA,31601,,PCH004396,Personal Care Home,
TLC FAMILY HOME,3605 SHALLOWFORD ROAD,MARIETTA,GA,30062,,PCH006429,Personal Care Home,
TOMETI PERSONAL CARE HOME,2444 BRIAR KNOLL RD,LITHONIA,GA,30058,,PCH008405,Personal Care Home,
TOP NOTCH PERSONAL CARE HOME,1171 SUTTON ROAD,FORSYTH,GA,31029,,PCH009138,Personal Care Home,
"Tous Royal Saints, LLC",2166 Lake Ridge Terrace,Lawrenceville,GA,30043,,PCH045530,Personal Care Home,
TOWNE CLUB WINDERMERE ASSISTED LIVING,3950 TOWNE CLUB PARKWAY,CUMMING,GA,30041,,ALC000221,Assisted Living Community,
TRACES OF TIGER I,382 BRIDGE CREEK ROAD,TIGER,GA,30576,,PCH002308,Personal Care Home,
TRACES OF TIGER II,382 BRIDGE CREEK ROAD,TIGER,GA,30576,,PCH009974,Personal Care Home,
TRANQUIL GARDENS ASSISTED LIVING & MEMORY CARE,330 TRANQUIL GARDENS DRIVE,ACWORTH,GA,30102,,ALC000565,Assisted Living Community,
TRANSITIONAL CARE II,6049 COVINGTON HWY,DECATUR,GA,30035,,PCH008542,Personal Care Home,
TREE OF LIFE CENTER LLC,1093 W LINDSAY DRIVE,COLUMBUS,GA,31906,,PCH010117,Personal Care Home,
TRINITY FAMILY PERSONAL CARE HOME,3273 HOPKINS ROAD,POWDER SPRINGS,GA,30127,,PCH009266,Personal Care Home,
TRINITY MANOR,3200 TRINITY CHURCH ROAD,CANTON,GA,30115,,PCH002230,Personal Care Home,
TRUE CARE,1909 CENTRAL AVE,AUGUSTA,GA,30904,,PCH008178,Personal Care Home,
TRUE COMFORT CARE HOME #5,1905 DAINELSVILLE ROAD,ATHENS,GA,30601,,PCH005851,Personal Care Home,
TRUE COMFORT CARE HOME 3,476 BRIARWOOD LANE,HULL,GA,30646,,PCH004665,Personal Care Home,
TRUE COMFORT CARE HOME 4,1081 HELICAN SPRING ROAD,ATHENS,GA,30601,,PCH004667,Personal Care Home,
TRUE COMFORT CARE HOMES #6,185 CATALPA DRIVE,ATHENS,GA,30601,,PCH005206,Personal Care Home,
TRUE DESTINY PCH,208 FLOWING WELLS RD,AUGUSTA,GA,30907,,PCH012196,Personal Care Home,
TRUECARE OF AUGUSTA LLC,550 GIBBS RD,EVANS,GA,30809,,PCH012293,Personal Care Home,
TRULY LIVING WELL PERSONAL CARE HOME,7078 BETHEL COURT,RIVERDALE,GA,30296,,PCH004311,Personal Care Home,
TRUTH IN LIFE PCH,2422 PATRICK AVENUE,HEPHZIBAH,GA,30815,,PCH009253,Personal Care Home,
TUDOR CASTLE,2056 TUDOR CASTLE CIRCLE,DECATUR,GA,30035,,PCH005915,Personal Care Home,
TURNING POINT PCH,10949 PANHANDLE ROAD,HAMPTON,GA,30228,,PCH012266,Personal Care Home,
TWELVE OAKS SENIOR LIVING,2000 BELLEVUE ROAD,DUBLIN,GA,31021,,PCH002132,Personal Care Home,
UJ PERSONAL CARE HOME LLC,"3032 BISCAYNE CT, AUGUSTA",Augusta,GA,30909,,PCH045813,Personal Care Home,
UNICARE PERSONAL HOME,3662 LOWER CREEK DR,DOUGLASVILLE,GA,30135,,PCH012249,Personal Care Home,
UNIQUE PERSONAL CARE HOME,2542 C MILLEDGEVILLE RD,AUGUSTA,GA,30904,,PCH010046,Personal Care Home,
UNIQUE QUALITY PCH,5732 BARRINGTON RUN,UNION CITY,GA,30291,,PCH004924,Personal Care Home,
UNISEX XTENDED LIVING,1616 B QUACCO ROAD,POOLER,GA,31322,,PCH007810,Personal Care Home,
"United Residential Homes, LLC",2946 Lansing Avenue,Columbus,GA,31907,,PCH045020,Personal Care Home,
Unity Assisted Living Facility,847 N 9th Street,Griffin,GA,30223,,ALC043650,Assisted Living Community,
Unity House Inc,847 North 9th Street,Griffin,GA,30223,,PCH044518,Personal Care Home,
UPHILL SPRINGS,2445 BACKVALLEY ROAD,LYERLY,GA,30730,,PCH005613,Personal Care Home,
UPPER RIVER PCH,130 UPPER RIVER ROAD,COVINGTON,GA,30016,,PCH012357,Personal Care Home,
V & T SHADY REST PC HOME,1386 NEW PETERSBURG ROAD,LINCOLNTON,GA,30817,,PCH005549,Personal Care Home,
V H PERSONAL CARE HOME,5952 WELLBORN TRAILS,LITHONIA,GA,30058,,PCH008188,Personal Care Home,
"VALENCIA PERSONAL CARE HOME, THE",605 S VALENCIA DRIVE,ALBANY,GA,31707,,PCH006034,Personal Care Home,
VANDERPOOLE'S SENIOR LIVING ESTATES,1718 MOSSY ROCK COVE,LITHONIA,GA,30058,,PCH001605,Personal Care Home,
VANESSA'S PERSONAL TOUCH,877 MEADOW ROCK DRIVE,STONE MOUNTAIN,GA,30083,,PCH009777,Personal Care Home,
VARENITA OF WEST COBB,"1979 MARS HILL RD, NW",ACWORTH,GA,30101,,ALC000336,Assisted Living Community,
VAULEET'S PERSONAL CARE HOME,2811 BLUE GRASS LANE,DECATUR,GA,30034,,PCH004652,Personal Care Home,
"VERANDA AT CARNESVILLE, THE",29 MCENTIRE STREET,CARNESVILLE,GA,30521,,PCH009756,Personal Care Home,
"VERNON SPRINGS SENIOR LIVING, INC",690 MOUNT VERNON HWY NE,ATLANTA,GA,30328,,PCH009911,Personal Care Home,
VERNON WOODS RETIREMENT COMMUNITY,101 VERNON WOODS DRIVE,LAGRANGE,GA,30240,,ALC000051,Assisted Living Community,
VETERANS PARKWAY ADAPTIVE GP,9021 VETERANS PARKWAY,COLUMBUS,GA,31909,,PCH002227,Personal Care Home,
Vettarae Personal Care LLC,2621 Walton Downs,Monroe,GA,30655,,PCH045589,Personal Care Home,
VICTORY VILLAGE,3650 SALEM CHURCH ROAD,JASPER,GA,30143,,PCH008447,Personal Care Home,
VIEW POINT SPECIALIZED TREATMENT AND RESIDENTAL HO,115 KIRKLAND ROAD SUITE E AND F,COVINGTON,GA,30016,,PCH012167,Personal Care Home,
VILLA ROSE,430 MOSLEY RD,BYRON,GA,31008,,PCH003607,Personal Care Home,
Village Park Fayetteville,936 WEST LANIER AVENUE,FAYETTEVILLE,GA,30214,,ALC000544,Assisted Living Community,
VILLAGE PARK MILTON,11950 Alpharetta Highway,ALPHARETTA,GA,30009,,ALC000675,Assisted Living Community,
Village Park Of Alpharetta,12300 MORRIS ROAD,ALPHARETTA,GA,30005,,ALC000549,Assisted Living Community,
Village Park Peachtree Corners,5701 SPALDING DRIVE,PEACHTREE CORNERS,GA,30092,,ALC000246,Assisted Living Community,
Village Park West Cobb,3292 ERNEST BARRETT PARKWAY,MARIETTA,GA,30064,,ALC000700,Assisted Living Community,
VILLAS #1,903 BELLEVUE,DUBLIN,GA,31021,,PCH008551,Personal Care Home,
VILLAS #2,903 BELLEVUE AVENUE,DUBLIN,GA,31021,,PCH008550,Personal Care Home,
VILLAS #3,903 BELLEVUE AVENUE,DUBLIN,GA,31021,,PCH008494,Personal Care Home,
VINE SENIOR CARE,5111 SPRING STREET,FLOWERY BRANCH,GA,30542,,PCH009193,Personal Care Home,
VINEVILLE HOME,3712 AGAPE VILLAGE ROAD,MACON,GA,31210,,PCH001094,Personal Care Home,
Viridian Towers,"1825 CLIFTON ROAD, NE",ATLANTA,GA,30329,,PCH001629,Personal Care Home,
VISION CARE HOME OF AUSTELL,1420 BLAIRBRIDGE ROAD,AUSTELL,GA,30168,,PCH009239,Personal Care Home,
Vision of Life 2 Personal Care Home,1704 Pheasant Dr,Jonesboro,GA,30238,,PCH044242,Personal Care Home,
VISION OF LIFE PERSONAL CARE HOME,414 RIVER CHASE DRIVE,JONESBORO,GA,30238,,PCH010036,Personal Care Home,
VISION PERSONAL CARE HOME,960 CURRY PLACE,MACON,GA,31211,,PCH004714,Personal Care Home,
VISION SENIOR CARE PERSONAL CARE HOME LLC,5002 CHAMBLEE TUCKER RD,TUCKER,GA,30084,,PCH010120,Personal Care Home,
VITALITY LIVING FREDERICA,3615 FREDERICA ROAD,SAINT SIMONS ISLAND,GA,31522,,ALC000697,Assisted Living Community,
VITALITY LIVING MILTON,2925 WEBB ROAD,MILTON,GA,30004,,ALC000691,Assisted Living Community,
Vitality Living Overlook,135 HILLSIDE TRACE,DALLAS,GA,30157,,PCH009394,Personal Care Home,
Viva Senior Living At Albany,1721 BEATTIE ROAD,ALBANY,GA,31721,,PCH012368,Personal Care Home,
VOLUNTEERS OF AMERICA DEER RUN HOME,102 DEER ROAD,SPRINGFIELD,GA,31329,,PCH008729,Personal Care Home,
VP PERSONAL CARE HOME,10370 TARA POINT DR,JONESBORO,GA,30238,,PCH010180,Personal Care Home,
WALDEN'S COVE PCH,1442 JOHNSON MILL ROAD,JEFFERSON,GA,30549,,PCH008701,Personal Care Home,
WALKER LAKE BREEZE PCH II,3107 SALEM ROAD,CONYERS,GA,30013,,PCH005847,Personal Care Home,
Walker of Faith Family Care Home,6736 MITCHELL DRIVE,Columbus,GA,31907,,PCH043923,Personal Care Home,
"WALKER, CORBIT DDM HOME",685 HILL STREET,MANCHESTER,GA,31816,,PCH004331,Personal Care Home,
WALNUT CREEK,1115 WEST WALNUT AVENUE,DALTON,GA,30721,,PCH012120,Personal Care Home,
Ward's Personal Home,310 West Patterson Street,Americus,GA,31719,,PCH042489,Personal Care Home,
WARE GROUP HOME,214 EDISON DRIVE,ALBANY,GA,31705,,PCH006737,Personal Care Home,
WARE GROUP HOME #2,301 CANNON DRIVE,ALBANY,GA,31705,,PCH009025,Personal Care Home,
WashCo Group Inc,411 Stanley Street,Perry,GA,31069,,PCH045488,Personal Care Home,
WashCo group inc Dba Flower petal living,411 Stanley st,Perry,GA,31069,,PCH045477,Personal Care Home,
"WATERFORD AT DECATUR, THE",475 IRVIN COURT,DECATUR,GA,30030,,ALC000242,Assisted Living Community,
WATERS COVE SENIOR LIVING COMMUNITY I,524 ROWLAND RD,ST MOUNTAIN,GA,30083,,PCH012321,Personal Care Home,
WATERS COVE SENIOR LIVING COMMUNITY II,717 MAIN STREET,STONE MOUNTAIN,GA,30083,,PCH012237,Personal Care Home,
Waterstone of Grayson,1754 GRAYSON HIGHWAY,GRAYSON,GA,30017,,ALC000536,Assisted Living Community,
WATKINS PERSONAL CARE HOME II,404 E. CHURCH STREET,FORT VALLEY,GA,31030,,PCH002289,Personal Care Home,
WAYPOINT SENIOR LIVING I,5755 CONNER ROAD,FLOWERY BRANCH,GA,30542,,PCH010132,Personal Care Home,
WAYPOINT SENIOR LIVING II,5761 CONNER ROAD,FLOWERY BRANCH,GA,30542,,PCH010131,Personal Care Home,
WE CARE RESIDENTIAL SERVICES III,8270 RIDGE RD,FAIRBURN,GA,30213,,PCH008352,Personal Care Home,
WE CARE RESIDENTIAL SERVICES IV,7565 BUTNER RD,FAIRBURN,GA,30213,,PCH008351,Personal Care Home,
WEE KIRK,1742 WEE KIRK RD SE,ATLANTA,GA,30316,,PCH012248,Personal Care Home,
WEINI'S PCH,1584 SOUTH HAIRSTON ROAD,STONE MOUNTAIN,GA,30088,,PCH009831,Personal Care Home,
WELCOME HOME PERSONAL CARE,2366 CENTERVILLE ROSEBUD ROAD,LOGANVILLE,GA,30052,,PCH012126,Personal Care Home,
WELLINGTON COURT ASSISTED LIVING,11350 WOODSTOCK ROAD,ROSWELL,GA,30075,,ALC000169,Assisted Living Community,
WELLSPRING ADULT CARE,6531 ROOSEVELT HIGHWAY,UNION CITY,GA,30291,,PCH002689,Personal Care Home,
WELLSPRINGS PERSONAL CARE HOME,518 E CLAY STREET,THOMASVILLE,GA,31792,,PCH009166,Personal Care Home,
WESBY'S PERSONAL CARE HOME,1429 HIGHWAY 23 SOUTH,WAYNESBORO,GA,30830,,PCH001145,Personal Care Home,
WESLEYAN MENS HOME,841 WESLEYAN DRIVE,MACON,GA,31210,,PCH006701,Personal Care Home,
WEST END GROUP HOME,"684 LAWTON STREET, S. W.",ATLANTA,GA,30310,,PCH001780,Personal Care Home,
WEST PERSONAL CARE HOME,105 MAPLE CIRCLE,GREENSBORO,GA,30642,,PCH007822,Personal Care Home,
WEST PERSONAL CARE HOME III,507 MARTIN LUTHER KING JR DRIVE,GREENSBORO,GA,30642,,PCH007081,Personal Care Home,
WEST VILLAGE RETIREMENT COMM,409 WEST GOODRICH AVENUE,THOMASTON,GA,30286,,PCH002969,Personal Care Home,
WESTHILL NEWNAN CROSSING,285 SUMMERLIN BLVD,NEWNAN,GA,30265,,ALC000349,Assisted Living Community,
Westhill of Macon,111 PROVIDENCE BLVD,MACON,GA,31210,,ALC000303,Assisted Living Community,
Whispering Pines Personal Care Home I,100 EAST PACES DRIVE,ATHENS,GA,30605,,PCH010109,Personal Care Home,
WHISPERING PINES PERSONAL CARE HOME II,110 EAST PACES DRIVE,ATHENS,GA,30605,,PCH010108,Personal Care Home,
WHISPERING WILLOW LLC,50 TANGLEWOOD DRIVE,DAWSONVILLE,GA,30534,,PCH009333,Personal Care Home,
"WHITE HOUSE PERSONAL CARE, THE",452 OSSIE DAVIS PARKWAY,WAYCROSS,GA,31501,,PCH002761,Personal Care Home,
WHITE OAK PERSONAL CARE HOME,4601 WHITE OAK STREET,COLUMBUS,GA,31907,,PCH009936,Personal Care Home,
WHITE OAKS,867 LONGSTREET ROAD,COCHRAN,GA,31014,,PCH001110,Personal Care Home,
WILL ARISE RESIDENTIAL HOME,849 BRIGHTON ROAD,COLUMBUS,GA,31906,,PCH012140,Personal Care Home,
WILLIAMS PCH,4293 HAMBRICK WAY,STONE MOUNTAIN,GA,30083,,PCH007952,Personal Care Home,
WILLIAMS PCH AT FIELDER ROAD,6602 FIELDER ROAD,REX,GA,30273,,PCH004240,Personal Care Home,
WILLIAMS PCH AT VALLEY STREAM,8246 VALLEY STREAM,JONESBORO,GA,30236,,PCH004236,Personal Care Home,
WILLIE B GARDNER CARE HOME INC,1262 KING ROAD,RIVERDALE,GA,30296,,PCH012211,Personal Care Home,
"WILLOW CREEK, MACON",2738 WALDEN ROAD,MACON,GA,31216,,PCH009286,Personal Care Home,
WILLOW PERSONAL CARE HOME,404 NORTH HOUSTON LAKE BLVD,CENTERVILLE,GA,31028,,PCH009773,Personal Care Home,
WILLOW RIDGE,801 FACEVILLE HIGHWAY,BAINBRIDGE,GA,39819,,PCH001476,Personal Care Home,
WILLOW RIDGE HOME,181 MAIN STREET,LOGANVILLE,GA,30052,,PCH002605,Personal Care Home,
WILLOWOOD,19818 HARTFORD STREET,EDISON,GA,39846,,PCH008255,Personal Care Home,
WIND PINE SENIOR CARE,5500 HIGHWARY 20,LOGANVILLE,GA,30052,,PCH012283,Personal Care Home,
WINDSOR HOUSE,4275 OWENS RD,EVANS,GA,30809,,ALC000347,Assisted Living Community,
"WINGS OF HOLLY BLUE, LLC (THE)",815 SOUTH MAIN STREET,MOULTRIE,GA,31768,,PCH009410,Personal Care Home,
WINNIE PERSONAL CARE HOME INC,2270 PERCH WAY,MARIETTA,GA,30008,,PCH012261,Personal Care Home,
WINNWOOD RETIREMENT COMMUNITY,100 WHITLOCK AVENUE,MARIETTA,GA,30064,,ALC000085,Assisted Living Community,
WISDOM WELL,5798 SUWANEE-DAM ROAD,SUGAR HILL,GA,30518,,PCH009018,Personal Care Home,
WISE CHOICE PERSONAL CARE HOME,318 MEADOW COURT,MARTINEZ,GA,30907,,PCH004740,Personal Care Home,
WOODLAND RIDGE SENIOR LIVING,4005 SOUTH COBB DRIVE,SMYRNA,GA,30080,,ALC000008,Assisted Living Community,
"WOODS SENIOR LIVING COMMUNITY, THE",1401 MACON ROAD,GRIFFIN,GA,30224,,PCH002474,Personal Care Home,
WORLD'S HEART FAMILY CARE HOME,10455 IRONGATE LANE,JONESBORO,GA,30238,,PCH010061,Personal Care Home,
WRIGHT LIVING,392 PECAN STREET,DAWSON,GA,39842,,PCH012294,Personal Care Home,
WRIGHT TOUCH PERSONAL CARE HOME,1974 TALMADGE ROAD,ALLENHURST,GA,31301,,PCH009295,Personal Care Home,
XTRAORDINARY CARE,4515 COLONIAL DRIVE,MARTINEZ,GA,30907,,PCH009296,Personal Care Home,
YAX'S PERSONAL CARE HOME,417 ORANGE STREET,AUGUSTA,GA,30901,,PCH002345,Personal Care Home,
YELLOW BRICK HOUSE,6903 MAIN STREET,LITHONIA,GA,30058,,PCH012118,Personal Care Home,
YELLOW BRICK ROAD PERSONAL CARE HOME,5063 UPPER ELM STREET,ATLANTA,GA,30349,,PCH007185,Personal Care Home,
YELLOW ROSE AT WORLEY PCH,1035 WORLEY DRIVE,MARIETTA,GA,30066,,PCH002477,Personal Care Home,
"YOUNG AT HEART PCH, THE",61 TURKEY CREEK ROAD,CARNESVILLE,GA,30521,,PCH001777,Personal Care Home,
ZARIAH PCH,"3182 MCAFEE RD, DECATUR GA",DECATUR,GA,30032,,PCH009089,Personal Care Home,
"Zhane Place, LLC",4725 Josephine Street,Columbus,GA,31907,,PCH008306,Personal Care Home,
ZURI LIVING WELL PCH #1,2704 VERNON DRIVE,AUGUSTA,GA,30906,,PCH002696,Personal Care Home,
ZURI LIVING WELL PCH #2,2133 FAIRVEW AVENUE,AUGUSTA,GA,30904,,PCH001610,Personal Care Home,
ZURI LIVING WELL VILLAGE,339 MARSHALL STREET BUILDING #1,MARTINEZ,GA,30907,,PCH012373,Personal Care Home,
ZURI LIVING WELL VILLAGE PCH,339 MARSHALL STREET BUILDING #3,MARTINEZ,GA,30907,,PCH012374,Personal Care Home,
ZYON HOUSE,2632 WISE STREET,COLUMBUS,GA,31903,,PCH009350,Personal Care Home,
