name,street,city,state,zip,capacity,license_id,license_type,status
Our House Assisted Living Facility,8248 Mimico South,Millersville,MD,21108,5,01AL000149,Assisted Living Program,
Queensberry Assisted Living,5028 Queensbury Avenue,Baltimore,MD,21215,8,,Assisted Living Program,
My House 2,6612 Dalton Drive,Baltimore,MD,21207,5,0130AL2927,Assisted Living Program,
Adassa Assisted Living,3908 Ridgecroft Road,Baltimore,MD,21206,3,0130AL2991,Assisted Living Program,
Edna W. Cox Tranquil Pathway House (The),838 Mount Holly Street,Baltimore,MD,21229,3,0130AL2610,Assisted Living Program,
Sunrise Of Silver Spring,11621 New Hampshire Avenue,Silver Spring,MD,20904,84,01AL000570,Assisted Living Program,
Men On The Move Assisted Living,3431 Piedmont Avenue,Baltimore,MD,21216,6,01AL001103,Assisted Living Program,
Robinwood Assisted Living,19800 Tranquility Circle,Hagerstown,MD,21742,90,2421020,Assisted Living Program,
Aging Solution Assisted Living,1005 Drexelgate Lane,Upper Marlboro,MD,20772,5,N/A,Assisted Living Program,
"Roland Park Place, Inc",830 West 40Th Street,Baltimore,MD,21211,41,0130AL2245,Assisted Living Program,
"Eden Kosher Homes, LLC",11500 Gainsborough Road,Potomac,MD,20854,8,01AL000471,Assisted Living Program,
Dulaney Valley Assisted Living Inc,5001 Carroll Manor Road,Baldwin,MD,21013,10,01AL000125,Assisted Living Program,
Greenfield Senior Living At Hagerstown,310 Cameo Drive,Hagerstown,MD,21740,56,01AL001597,Assisted Living Program,
"Unlimited Solutions Adult Care 1, LLC",212 Evans Street,Glen Burnie,MD,21060,5,,Assisted Living Program,
Alfred House IIl,5313 Norbeck Road,Rockville,MD,20853,8,0115AL085,Assisted Living Program,
Pnj Comfort Care Home I,1314 Broadview Boulevard,Glen Burnie,MD,21061,3,0102AL0221,Assisted Living Program,
"All Settled Inn, Inc.",4301 Belvieu Avenue,Baltimore,MD,21215,16,,Assisted Living Program,
Creatus Adult Assisted Living LLC,2406 Lakehurst Avenue,Forestville,MD,20747,4,01AL001011,Assisted Living Program,
Morning Glory Assisted Living Inc,3030 Brookwood Road,Ellicott City,MD,21042,8,01AL000573,Assisted Living Program,
"In Comforting Arms, LLC",113 Giddings Avenue,Severna Park,MD,21146,5,01AL000439,Assisted Living Program,
Hummingbird Manor Assisted Living,452 West Bel Air Avenue,Aberdeen,MD,21001,15,01AL000151,Assisted Living Program,
Bliss Villa Elder Care II,1025 Cresthaven Drive,Silver Spring,MD,20903,5,0115AL0276,Assisted Living Program,
Harmony Rose Senior Care Living,12516 Old Gunpowder Road,Beltsville,MD,20705,5,,Assisted Living Program,
Meadows Assisted Living,2289 Meadows Trail Lane,West Friendship,MD,21794,5,01AL001070,Assisted Living Program,
Advantage,12508 Eastbourne Drive,Silver Spring,MD,20904,8,0115AL0361,Assisted Living Program,
Peregrine's Landing at Tudor Heights,7218 Park Heights Avenue,Baltimore,MD,21208,68,,Assisted Living Program,
Haven House,8118 Haven Street,Denton,MD,21629,3,0105AL033,Assisted Living Program,
"Beyond Loving Care, LLC",4134 West Forest Park Avenue,Baltimore,MD,21207,5,,Assisted Living Program,
"Hannah's Heart, Inc",8106 Highland Meadows Drive,Clinton,MD,20735,5,01AL000468,Assisted Living Program,
Rosemarie Manor - Ashburton,3809 Belle Avenue,Baltimore,MD,21215,16,0130AL2281,Assisted Living Program,
Ma Maison I,9404 Belair Road,Baltimore,MD,21236,11,0103AL622,Assisted Living Program,
Blessing Away From Home (A),5701 Leiden Road,Baltimore,MD,21206,3,,Assisted Living Program,
Heart Homes At Bay Ridge I,3023-A Arundel On The Bay Road,Annapolis,MD,21403,16,0102AL0243,Assisted Living Program,
Dayspring Assisted Living Inc,9425 Overlea Drive,Rockville,MD,20850,5,0115AL470,Assisted Living Program,
"Changing Places Assisted Living, LLC",338 South Bentalou Street,Baltimore,MD,21223,4,,Assisted Living Program,
Tender Care,1701 North Bentalou Street,Baltimore,MD,21216,3,01AL000729,Assisted Living Program,
"Kenyon Springs, LLC",3000 Kenyon Avenue,Baltimore,MD,21213,3,0130AL2992,Assisted Living Program,
Amazing Home LLC,4744 Byron Road,Pikesville,MD,21208,4,01AL000241,Assisted Living Program,
Waltherville LLC (The),3501 Echodale Avenue,Baltimore,MD,21214,4,0130AL2941,Assisted Living Program,
Arbor Terrace Senior Living,9885 Greenbelt Road,Lanham,MD,20706,125,01AL001511,Assisted Living Program,
Su Casa,2615 Edison Highway,Baltimore,MD,21213,1,01AL001228,Assisted Living Program,
Linz Assisted Living,4000 West Franklin Street,Baltimore,MD,21229,4,01AL000576,Assisted Living Program,
MJP Family Alf,4917 Rockingham Lane,Bowie,MD,20715,4,,Assisted Living Program,
"St. Peter, Assisted Living Home, LLC",222 Walnut Street,Church Hill,MD,21623,10,01AL000264,Assisted Living Program,
Lacasa I,2574-A South Haven Road,Annapolis,MD,21401,5,01AL001284,Assisted Living Program,
Beechwood Assisted Living LLC,101 North Beechwood Avenue,Baltimore,MD,21228,15,0103AL304,Assisted Living Program,
"Springvale Terrace, Inc",8505 Springvale Road,Silver Spring,MD,20910,59,01AL000262,Assisted Living Program,
Senior's Place,5034 Mangum Road,College Park,MD,20740,8,0116AL0709,Assisted Living Program,
Golden Crest Corporation,4110 Saint Paul Road,Hampstead,MD,21074,16,01AL000320,Assisted Living Program,
Open Arms,5404 Belair Road,Baltimore,MD,21206,11,,Assisted Living Program,
"Maryland Living, Inc",4610 Springdale Avenue,Baltimore,MD,21207,7,01AL001108,Assisted Living Program,
Heart Felt Home II (A),8442 Garland Road,Pasadena,MD,21122,6,01AL001188,Assisted Living Program,
Comfort Fit Home Care,682 209Th Street,Pasadena,MD,21122,5,01AL000012,Assisted Living Program,
"House Of Nobles, Inc",2518 Harford Road,Baltimore,MD,21218,4,0130AL1049,Assisted Living Program,
Vision Care Assisted Living,2127 Mount Holly Street,Baltimore,MD,21216,6,01AL000007,Assisted Living Program,
"Kris-Leigh Assisted Living At Birdsville Road, LLC",3913 Birdsville Road,Davidsonville,MD,21035,20,0102AL149,Assisted Living Program,
Cedar Tree Assisted Living IIl,4206 Sandwich Circle,Waldorf,MD,20601,9,0108AL0107,Assisted Living Program,
"Landow House, Inc",1799 East Jefferson Street,Rockville,MD,20852,98,0115AL0301,Assisted Living Program,
"Latisha Thompson Assisted Living Care, LLC",3505 Erdman Avenue,Baltimore,MD,21213,3,,Assisted Living Program,
Silver Spring Assisted Living Facility,13828 Bethpage Lane,Silver Spring,MD,20906,5,,Assisted Living Program,
Abundant Care Assisted Living #2,7201 Glen Pine Street,Glenn Dale,MD,20769,4,01AL000971,Assisted Living Program,
My Home Away From Home,3714 Woodsdale Road,Abingdon,MD,21009,5,01AL000964,Assisted Living Program,
"Friendly Brooke Home Care, LLC",5717 Seymour Avenue,Baltimore,MD,21206,4,,Assisted Living Program,
American Home Care And Health Services Assisted,2914 East Federal Street,Baltimore,MD,21213,7,01AL000219,Assisted Living Program,
Jesus Is Tender Loving Care Inc,4905 Iverson Place,Temple Hills,MD,20748,8,0116AL0640,Assisted Living Program,
"Trusted Home Care, LLC",6205 Norvo Road,Baltimore,MD,21207,3,,Assisted Living Program,
Tantallon Assisted Living,12007 Autumnwood Lane,Fort Washington,MD,20744,5,,Assisted Living Program,
P.J.'s House Of Care,2909 Woodland Avenue,Baltimore,MD,21215,6,01AL000044,Assisted Living Program,
Caring Well At Aquarius,3016 Aquarius Avenue,Silver Spring,MD,20906,3,01AL000873,Assisted Living Program,
Pho Assisted Living II,3125 Gwynns Falls Parkway,Baltimore,MD,21216,5,0130AL2910,Assisted Living Program,
House Of Loving Care II,206 Marley Station Road,Glen Burnie,MD,21061,7,01AL000374,Assisted Living Program,
Deborah Assisted Living Services #3,17725 Cliffbourne Lane,Derwood,MD,20855,5,0115AL0396,Assisted Living Program,
J'rose Assisted Living,808 East Franklin Avenue,Silver Spring,MD,20901,8,0115AL154,Assisted Living Program,
Refreshing Springs Assisted Living,12301 Kemmerton Lane,Bowie,MD,20715,5,0116AL0877,Assisted Living Program,
Destiny's Place,4603 Kernwood Avenue #2,Baltimore,MD,21212,3,0130AL2326,Assisted Living Program,
Alfred House II,4 Broomall Court,Silver Spring,MD,20906,8,0115AL084,Assisted Living Program,
"Whispering Pines Assisted Living, LLC",5811 South Hawthorne Avenue,Rock Hall,MD,21661,8,0114AL0031,Assisted Living Program,
Senior Living On Fox Run,9402 Fox Run Drive,Clinton,MD,20735,5,01AL001693,Assisted Living Program,
Pho Assisted Living IIl,1116 North Bentalou Street,Baltimore,MD,21216,5,01AL000472,Assisted Living Program,
Serenity Grace Assisted Living,6025 Alta Avenue,Baltimore,MD,21206,6,,Assisted Living Program,
Home Is Where The Heart Is,"P.O. Box 127, 5978 Route 14",Secretary,MD,21664,4,0109AL004,Assisted Living Program,
Lins House LLC,1006 Quince Orchard Road,Gaithersburg,MD,20878,8,0115AL0408,Assisted Living Program,
Sefton Home Care,6007 Sefton Avenue,Baltimore,MD,21214,8,0130AL124,Assisted Living Program,
Starcare Partners,7211 Leona Street,District Heights,MD,20747,7,0116AL0687,Assisted Living Program,
Alfred House IV,"14519 Manor Park Drive, Manor Park",Rockville,MD,20853,6,0115AL149,Assisted Living Program,
"Atlasville, LLC",13415 Chelsea Hill Lane,Cumberland,MD,21502,5,,Assisted Living Program,
"Layhill Manor, LLC",2845 Blue Spruce Lane,Silver Spring,MD,20906,8,0115AL215,Assisted Living Program,
Encore At Turf Valley,11150 Resort Road,Ellicott City,MD,21042,110,01AL000467,Assisted Living Program,
Angel Residential Care Providers,9720 Breckenridge Place,Montgomery Village,MD,20866,5,,Assisted Living Program,
Malta House - South,4918 Lasalle Road,Hyattsville,MD,20782,16,0116AL396,Assisted Living Program,
"Able Plus Assisted Living, LLC",13317 Sherwood Forest Drive,Silver Spring,MD,20904,6,01AL000440,Assisted Living Program,
Booth II,1162 Ebenezer Church Road,Rising Sun,MD,21911,8,0107AL026,Assisted Living Program,
"Garrison Estates Assisted Living II, LLC",2702 Garrison Blvd,Baltimore,MD,21216,8,,Assisted Living Program,
Cranberry Cottage IV,486 Lincoln Drive,Glen Burnie,MD,21060,7,0102AL183,Assisted Living Program,
Quality of Life Assisted Living Facility,2125 Homewood Avenue,Baltimore,MD,21218,5,,Assisted Living Program,
Great Inspiration Assisted Living Facility,5218 57Th Avenue,Riverdale,MD,20737,5,0116AL0845,Assisted Living Program,
Jackson Care LLC,6212 Teaberry Way,Clinton,MD,20735,5,01AL001688,Assisted Living Program,
Keemer Kare,2814 Norfolk Avenue,Baltimore,MD,21215,4,01AL000860,Assisted Living Program,
Hamds of Harmony Home Care 2,3018 Rockwood Avenue,Baltimore,MD,21215,4,,Assisted Living Program,
Amazing Life Assisted Living,9007 Pinehurst Drive,Fort Washington,MD,20744,5,,Assisted Living Program,
Eby Health Services IV,3207 Marquis Drive,Fort Washington,MD,20744,5,01AL001591,Assisted Living Program,
"Care Matters, LLC",3604 Grantley Road,Baltimore,MD,21215,7,0130AL3101,Assisted Living Program,
Whee Care Services Unlimited II,2419 Ramblewood Drive,District Heights,MD,20747,4,0116AL375,Assisted Living Program,
Elison Living,1730 Mckean Avenue,Baltimore,MD,21217,3,01AL000852,Assisted Living Program,
Heart Of Hope Assisted Living,9003 Varnum Street,Lanham,MD,20706,5,0116AL0648,Assisted Living Program,
"Delmar Villa, LLC",31091 East Line Road,Delmar,MD,21875,16,01AL000983,Assisted Living Program,
Bel Air Assisted Living,144 North Hickory Avenue,Bel Air,MD,21014,16,01AL000384,Assisted Living Program,
"Blooming Hearts Assisted Living, LLC",8107 Tide Rock Square,Columbia,MD,21045,5,0113AL0222,Assisted Living Program,
Bethel Assisted Living Homes II LLC,1416 Kings Manor Drive,Mitchellville,MD,20721,5,,Assisted Living Program,
Prayer Changes Everything Assisted Living II,4305 Penhurst Avenue,Baltimore,MD,21215,8,0130AL2649,Assisted Living Program,
C & L Quality Home Care II,1312 Highland Drive,Baltimore,MD,21239,3,,Assisted Living Program,
Sunrise At Fox Hill,8300 Burdette Road,Bethesda,MD,20817,105,01AL0001019,Assisted Living Program,
Milford Manor,3623 Milford Avenue,Baltimore,MD,21207,7,01AL000908,Assisted Living Program,
"Angels Alert Care, INC",10703 Pookey Way,Largo,MD,20774,8,,Assisted Living Program,
"Absolute Assisted Living, Inc.",4911 Brooks Road,Rockville,MD,20853,5,0115AL0336,Assisted Living Program,
Embracing Change Assisted Living,3301 Oakfield Avenue,Baltimore,MD,21207,8,,Assisted Living Program,
Rolling Meadows,303 North Rolling Road,Catonsville,MD,21228,15,01AL000533,Assisted Living Program,
Brightview West End,285 North Washington Street,Rockville,MD,20850,98,,Assisted Living Program,
My Family and Yours,2840 Pelham Avenue,Baltimore,MD,21213,4,,Assisted Living Program,
Arden Courts Of Kensington,4301 Knowles Avenue,Kensington,MD,20895,64,0115AL0400,Assisted Living Program,
"Griffin's Loving Care Assisted Living, LLC",204 Clyde Avenue,Halethorpe,MD,21227,4,01AL001338,Assisted Living Program,
Rita's Adult Home Care,1501 Brooke Road,Capitol Heights,MD,20743,6,0116AL063,Assisted Living Program,
Jan's House,2709 Roslyn Avenue,Baltimore,MD,21216,6,,Assisted Living Program,
"Glynn Taff, Inc.",5741 Edmondson Avenue,Catonsville,MD,21228,47,0103AL0330,Assisted Living Program,
My Abode,25535 Still Pond Neck Road,Worton,MD,21678,5,0114AL025,Assisted Living Program,
"Humanity Assisted Living Services, LLC",15812 Kerr Road,Laurel,MD,20707,8,0116AL0860,Assisted Living Program,
Wright's Enterprise I,354 Laburnum Road,Edgewood,MD,21040,4,0112AL069,Assisted Living Program,
New Start #4,9802 Plowline Road,Randallstown,MD,21133,4,0103AL704,Assisted Living Program,
Sunrise At Montgomery Village,19310 Club House Road,Montgomery Village,MD,20886,100,01AL000571,Assisted Living Program,
Cranberry Cottage IIl,54 Magothy Beach Road,Pasadena,MD,21122,8,0102AL200,Assisted Living Program,
Golden Age Assisted Living,7300 Sara Street,New Carrollton,MD,20784,5,01AL000977,Assisted Living Program,
Springtime Home I,3708 Warner Avenue,Hyattsville,MD,20784,7,0116AL441,Assisted Living Program,
Sunshine House II,612 Marti Lane,Annapolis,MD,21401,5,01AL000486,Assisted Living Program,
Brookdale Olney,2611 Olney Sandy Spring Road,Olney,MD,20832,94,01AL001762,Assisted Living Program,
"Hampton Meadows, LLC",1412 Providence Road,Baltimore,MD,21228,15,01AL000534,Assisted Living Program,
Cranberry Cottage II,12 Proctor Avenue,Glen Burnie,MD,21061,6,0102AL155,Assisted Living Program,
Alhambra Assisted Living Facility,5503 Alhambra Avenue,Baltimore,MD,21212,8,01AL000094,Assisted Living Program,
Pleasantville LLC,12608 Summerwood Drive,Silver Spring,MD,20904,5,0115AL0306,Assisted Living Program,
Eby Assisted Living,910 Park Terrace,Fort Washington,MD,20744,8,01AL000249,Assisted Living Program,
Bea's Hive Assisted Living,3513 Mase Lane,Bowie,MD,20715,5,0116AL0855,Assisted Living Program,
Eden Homes - Greyswood,6602 Greyswood Road,Bethesda,MD,20817,8,01AL000088,Assisted Living Program,
"At Ease and Renewed, LLC",4002 Glenmore Avenue,Baltimore,MD,21206,8,,Assisted Living Program,
"Golden Oasis Senior Living, LLC",6905 Scarlet Oak Drive,Elkridge,MD,21075,5,,Assisted Living Program,
A & E Homecare IIl,7935 Pipers Path,Glen Burnie,MD,21061,5,01AL000825,Assisted Living Program,
Master's Haven Assisted Living,2455 Baltimore Boulevard,Finksburg,MD,21048,13,01AL000637,Assisted Living Program,
Assisted Living At Yellow Bank,3825 Yellow Bank Road,Dunkirk,MD,20754,5,0104AL0048,Assisted Living Program,
"Crescent House Assisted Living, LLC",7627 Creekstone Court,Gaithersburg,MD,20877,5,,Assisted Living Program,
"Quality Care Providers Assisted Living, LLC",3230 Powder Mill Road,Hyattsville,MD,20783,5,01AL00537,Assisted Living Program,
Cranberry Cottage I,14 Proctor Avenue,Glen Burnie,MD,21060,6,0102AL122,Assisted Living Program,
Total Assisted Living Home,12026 Scaggsville Road,Fulton,MD,20759,8,0113AL0236,Assisted Living Program,
Just Like My Family,4409 Eldone Road,Baltimore,MD,21229,4,,Assisted Living Program,
1 Stop Assisted Living 3,3226 Ravenwood Avenue,Baltimore,MD,21213,3,01AL001235,Assisted Living Program,
Holbrock Estates At River Pointe Apartment Home II,"8390 Indian Head Highway, Apartment C002",Fort Washington,MD,20744,4,01AL001521,Assisted Living Program,
Heron Point Of Chestertown,501 East Campus Avenue,Chestertown,MD,21620,45,01AL000422,Assisted Living Program,
Edenwald,800 Southerly Road,Towson,MD,21286,88,0103AL618,Assisted Living Program,
Rehoboth God Has Made Room Assisted Living,125 Nunnery Lane,Catonsville,MD,21228,3,,Assisted Living Program,
Chesapeake Manor Assisted Living,7054 Bent Pine Road,Willards,MD,21874,16,01AL000787,Assisted Living Program,
Winter Growth - Howard Center,5460 Ruth Keeton Way,Columbia,MD,21044,15,0113AL162,Assisted Living Program,
Country Home Assisted Living And Respite Care,4187 Solomons Island Road,Harwood,MD,20776,15,01AL000660,Assisted Living Program,
Transitions Healthcare Oakland Manor LLC,2810 Kaywood Place,Sykesville,MD,21784,60,01AL000684,Assisted Living Program,
Jobean Assisted Living,4111 Richley Court,Hyattsville,MD,20784,5,01AL001687,Assisted Living Program,
Justin's Assisted Living,4920 Gilray Drive,Baltimore,MD,21214,3,0130AL2707,Assisted Living Program,
Sunflower Hill Assisted Living,416 Uniontown Road,Westminster,MD,21158,8,0106AL0098,Assisted Living Program,
Ameristar Assisted Living I,6604 Adrian Street,New Carrollton,MD,20784,5,01AL001035,Assisted Living Program,
"Ags Home Care, Inc",1911 Juniper Road,Edgewood,MD,21040,3,01AL000984,Assisted Living Program,
Abundant Love Homes Assisted Living Facility,11214 Snowden Pond Road,Laurel,MD,20708,5,01AL000019,Assisted Living Program,
Ray Of Light (A),933 Ellicott Drive,Baltimore,MD,21216,4,01AL000954,Assisted Living Program,
Mabel's House Asssted Living,4205 Liberty Heights Avenue,Baltimore,MD,21215,8,01AL001663,Assisted Living Program,
"Lookabout Manor, Inc",1510 Stone Road,Westminster,MD,21158,14,0106AL0130,Assisted Living Program,
Lacy's Assisted Living,5117 Ardmore Way,Baltimore,MD,21206,4,01AL000506,Assisted Living Program,
"Sunshine Home Care, Inc.",9713 Inaugural Way,Gaithersburg,MD,20879,8,0115AL131,Assisted Living Program,
Aberdeen House I,13821 Bauer Drive,Rockville,MD,20853,8,N/A,Assisted Living Program,
"Best Care Assisted Living, LLC",639 Main Street,Reisterstown,MD,21136,15,0103AL0963,Assisted Living Program,
Kris-Leigh Assisted Living,831 Ritchie Highway,Severna Park,MD,21146,62,0102AL0249,Assisted Living Program,
Green Ridge Assisted Living,517 Mauser Drive,Bel Air,MD,21015,3,0112AL0135,Assisted Living Program,
Taylor Made Assisted Living Center II,1714 East 33Rd Street,Baltimore,MD,21218,6,01AL000889,Assisted Living Program,
Green Ridge Assisted Living II,309 Thomas Street,Bel Air,MD,21015,7,01AL001748,Assisted Living Program,
Aspenwood,14400 Homecrest Road,Silver Spring,MD,20906,55,0115AL054,Assisted Living Program,
"Montgomery Eldercare, LLC",1106 Orchard Way,Silver Spring,MD,20904,5,,Assisted Living Program,
Lifesprings Eldercare I,4107 Buck Creek Road,Temple Hills,MD,20748,8,0116AL432,Assisted Living Program,
Chesapeake Cove,203 Hall Highway,Crisfield,MD,21817,30,01AL000537,Assisted Living Program,
Royals Assisted Living LLC,2424 Portage Road,Silver Spring,MD,20906,6,01AL001346,Assisted Living Program,
"Sincere Hands Home Care, LLC",8402 Ivy Drive,Ellicott City,MD,21043,5,,Assisted Living Program,
M & G's Total Tender Loving Care,1020 North Iris Avenue,Baltimore,MD,21205,3,0130AL2967,Assisted Living Program,
Jk House Of Grace II,2807 Homecrest Circle,Silver Spring,MD,20906,8,01AL000138,Assisted Living Program,
House Of Victory Apostolic (The),7824 Rolling Vista Court,Baltimore,MD,21236,4,0103AL218,Assisted Living Program,
Smoke Tree House,9105 Allenswood Road,Randallstown,MD,21133,3,,Assisted Living Program,
Sunrise Of Columbia,6500 Freetown Road,Columbia,MD,21044,106,0113AL0221,Assisted Living Program,
Somerford House - Hagerstown,10116 Sharpsburg Pike,Hagerstown,MD,21740,55,0121AL033,Assisted Living Program,
"Alive, LLC",4994 Beaverbrook Road,Columbia,MD,21044,16,01AL001843,Assisted Living Program,
"Loving Hands and Heart Assisted Living, LLC",2606 Denison Street,Baltimore,MD,21216,4,,Assisted Living Program,
"Blessed Hands Assisted Living, LLC",1611 Ramblewood Road,Baltimore,MD,21239,5,,Assisted Living Program,
"Marie's Comfort & Care II, LLC",3925 Maine Avenue,Baltimore,MD,21207,6,0130AL1440,Assisted Living Program,
Ameristar Assisted Living Il,2900 Tarragon Lane,Bowie,MD,20715,5,01AL001351,Assisted Living Program,
"St. Teresa's Residence, Inc",11805 Basswood Drive,Laurel,MD,20708,8,0116AL0800,Assisted Living Program,
"Hunter's Professional Assisted Living Center, Inc",1908 Southwood Court,Mitchellville,MD,20721,5,01AL000255,Assisted Living Program,
Trinity Care Of Love,3819 Collier Road,Randallstown,MD,21133,3,01AL001822,Assisted Living Program,
Bethel Assisted Living Homes 1 LLC,11524 Prospect Place,Glenn Dale,MD,20769,2,01AL001302,Assisted Living Program,
Msc Family Care,4400 Belvieu Avenue,Baltimore,MD,21215,8,01AL000620,Assisted Living Program,
Prince Of Peace Assisted Living Facility IV,10428 Terraco Drive,Cheltenham,MD,20623,4,01AL001668,Assisted Living Program,
"Assured Living, LLC",4201 Towanda Avenue,Baltimore,MD,21215,4,,Assisted Living Program,
"Gifted Hands Assisted Living, LLC (The)",2417 Resistertown Road,Baltimore,MD,21217,5,N/A,Assisted Living Program,
"Phoenix Rising, LLC",6511 Rosemont Avenue,Baltimore,MD,21206,8,13MDK0PZ,Assisted Living Program,
HMG Assisted Living Home,15400 Mount Oakroad,Bowie,MD,20716,5,01AL001842,Assisted Living Program,
Beltsville Elderly Care Home I,13022 Ingleside Drive,Beltsville,MD,20705,8,0116AL383,Assisted Living Program,
Quality Care Home,303 Corla Drive,Oxon Hill,MD,20745,6,0116AL392,Assisted Living Program,
Asbury Solomons Island,11750 Asbury Circle,Solomons,MD,20688,30,0104AL023,Assisted Living Program,
Fiddler's Green At Edenton,5911 Genesis Lane,Frederick,MD,21703,15,0110AL021,Assisted Living Program,
Ebenezer Senior And Wellness Services II,1309 Palm Lane,Bowie,MD,20716,8,0116AL0865,Assisted Living Program,
"Stump's Home, Inc",2301 Oswego Avenue,Baltimore,MD,21215,5,0130AL284,Assisted Living Program,
Assurance Elder Care,9115 Saint Andrews Place,College Park,MD,20740,8,0116AL379,Assisted Living Program,
Brentwood Manor Assisted Living LLC,3369 Mcknight Court,Waldorf,MD,20603,5,01AL001685,Assisted Living Program,
Creatus Adult Assisted Living II,2404 Lakehurst Avenue,Forestville,MD,20747,4,,Assisted Living Program,
Five Star Premier Residences Of Chevy Chase,8100 Connecticut Avenue,Chevy Chase,MD,20815,31,01AL000716,Assisted Living Program,
First In Quality Care - Nicholas Assisted Living,1512 Nicholas Road,Waldorf,MD,20601,5,01AL000294,Assisted Living Program,
"Just Like Home Assisted Living II, LLC",6210 Walther Avenue,Baltimore,MD,21206,3,01AL001620,Assisted Living Program,
Elsie's Place Assisted Living LLC,15611 Peach Walker Drive,Bowie,MD,20716,8,01AL000052,Assisted Living Program,
Clifton Woods Group Home,13408 Clifton Road,Silver Spring,MD,20904,8,01AL001811,Assisted Living Program,
Pleasant Garden - Clover,5426 Clover Road,Baltimore,MD,21215,15,01AL000489,Assisted Living Program,
Caribbean Breeze Assisted Living,2200 Deer Run Court,Huntingtown,MD,20639,5,0104AL0045,Assisted Living Program,
"Assisted Living Of Rockville, LLC",4110 Heathfield Road,Rockville,MD,20853,8,0115AL0335,Assisted Living Program,
"Ivy Manor Normandy, Inc.",2942 Rosemar Drive,Ellicott City,MD,21043,8,0113AL082,Assisted Living Program,
Live Long and Healthy Alf,18409 Polynesian Lane,Boyds,MD,20841,4,,Assisted Living Program,
We Care Assisted Living,1313 Kenhill Avenue,Baltimore,MD,21213,3,0130AL3012,Assisted Living Program,
Rising Sun Assisted Living II,7204 Barlow Court,Windsor Mill,MD,21244,8,01AL000617,Assisted Living Program,
"Eighth Avenue Assisted Living, LLC",6406 8Th Avenue,Hyattsville,MD,20783,5,0116AL0867,Assisted Living Program,
Jeya's Assisted Living Facility,307 East University Boulevard,Silver Spring,MD,20901,7,0115AL0280,Assisted Living Program,
Chesapeake Cottage Assisted Living,6625 Whitesbury Road,Snow Hill,MD,21863,16,01AL001824,Assisted Living Program,
Ruth's Comfort & Care Assisted Living,5808 Merville Avenue,Baltimore,MD,21215,6,0130AL3060,Assisted Living Program,
Sweet P's Joyceful,3745 Ravenwood Avenue,Baltimore,MD,21213,3,,Assisted Living Program,
"New Haven, Inc",3005 Bonview Lane,Silver Spring,MD,20906,8,01AL001582,Assisted Living Program,
"Someone Always Watching Over You, LLC",5805 Bland Avenue,Baltimore,MD,21215,5,01AL000641,Assisted Living Program,
Marian's Manor,27 Old South River Road,Edgewater,MD,21037,5,01AL000589,Assisted Living Program,
We Care Too,6257 Tamar Drive,Columbia,MD,21045,5,0113AL0191,Assisted Living Program,
"Copper Ridge, Inc",710 Obrecht Road,Sykesville,MD,21784,60,0106AL0180,Assisted Living Program,
Calming Acres II,7205 Glenoak Avenue,Baltimore,MD,21234,8,01AL001523,Assisted Living Program,
Eby Health Services IIl,2526 Oak Glen Way,District Heights,MD,20747,4,01AL000879,Assisted Living Program,
Eby Health Services II,10238 Old Fort Road,Fort Washington,MD,20744,5,01AL000880,Assisted Living Program,
"Riderwood Village, Inc",3160 Gracefield Road,Silver Spring,MD,20904,275,0116AL0611,Assisted Living Program,
"Dynamic Care Residential Services, LLC",6528 Dawnwood Drive,Lanham,MD,20706,4,,Assisted Living Program,
"Home Of Tender Care, LLC",5315 Norwood Avenue,Baltimore,MD,21207,8,0130AL2687,Assisted Living Program,
Heart Homes At Pasadena,8016 Ritchie Highway,Pasadena,MD,21122,16,0102AL0242,Assisted Living Program,
Homeplace Grove Estates II,389 Phirne Road,Glen Burnie,MD,21061,5,0102AL023,Assisted Living Program,
Divine Intervention At Shepherd's Glen,4949 Middleburg Road,Taneytown,MD,21787,11,0106AL0097,Assisted Living Program,
Pinnacle Assisted Living,3410 Ladova Way,Springdale,MD,20774,5,01AL001392,Assisted Living Program,
Candice Cares At Webbwood 2,11109 Webbwood Court,Upper Marlboro,MD,20774,8,0116AL0916,Assisted Living Program,
Victoria Home,9704 Inaugural Way,Gaithersburg,MD,20879,8,0115AL142,Assisted Living Program,
Springtime Home II,12306 Melody Turn,Bowie,MD,20715,8,0116AL244,Assisted Living Program,
Friendly Best (805),805 Beaumont Avenue,Baltimore,MD,21212,7,,Assisted Living Program,
Alfredhouse Florence,18100 Cashell Road,Rockville,MD,20853,8,0115AL0381,Assisted Living Program,
"Awesome Quality Care, LLC",3624 Dudley Avenue,Baltimore,MD,21213,4,,Assisted Living Program,
Auxiliary House,5501 Southwick Street,Bethesda,MD,20817,8,01AL001877,Assisted Living Program,
Holbrock Estates At The Martin De Porres Center XX,"908 Valley Street, Apartment 11",Baltimore,MD,21202,4,01AL001008,Assisted Living Program,
Hawkin's Christian Care Home,802 Walnut Avenue,Baltimore,MD,21229,8,0130AL2962,Assisted Living Program,
Better Ways Assisted Living,504 Beaumont Avenue,Baltimore,MD,21212,4,01AL001544,Assisted Living Program,
Shanti Home IIl,6406 Old Sandy Spring Road,Laurel,MD,20707,5,0116AL0900,Assisted Living Program,
Magnolia Manor,900 South Rolling Road,Catonsville,MD,21228,15,0103AL592,Assisted Living Program,
Mohawk Manor 2,5611 Magnolia Avenue,Baltimore,MD,21215,14,,Assisted Living Program,
"An Angel's Better Living Care, LLC","9820 Lyons Mill Road, Unit 9822",Owings Mills,MD,21117,3,01AL001590,Assisted Living Program,
Necitas 4 Assisted Living Home,3501 Olive Branch Drive,Silver Spring,MD,20904,6,01AL001876,Assisted Living Program,
"Kings Care, LLC",4216 Harford Terrace,Baltimore,MD,21214,4,01AL000975,Assisted Living Program,
"Haven Of Refuge Assisted Living, LLC",701 East 43Rd Street,Baltimore,MD,21212,7,01AL000701,Assisted Living Program,
"Andrew's Assisted Living Services, Inc",13227 Ingleside Drive,Beltsville,MD,20705,5,0116AL0844,Assisted Living Program,
Splendid Home Care II,25 Greenapple Court,Woodlawn,MD,21207,4,01AL000785,Assisted Living Program,
"Reliable Home Care Services, Inc",14202 Oakvale Street,Rockville,MD,20853,5,0115AL0331,Assisted Living Program,
Lorien At Mount Airy,713 Midway Avenue,Mount Airy,MD,21771,100,0106AL064,Assisted Living Program,
Brightview Severna Park LLC,469 Jumpers Hole Road,Severna Park,MD,21146,93,01AL001189,Assisted Living Program,
Caring Corners I,9217 Allenswood Road,Randallstown,MD,21133,5,0103AL456,Assisted Living Program,
"Elder Estates, LLC",6409 85th Avenue,New Carrollton,MD,20784,4,,Assisted Living Program,
"Larmax Homes, LLC",9480 Seven Locks Road,Bethesda,MD,20817,8,,Assisted Living Program,
First In Quality Care - Tadcaster Facility,13 Tadcaster Circle,Waldorf,MD,20602,5,01AL000905,Assisted Living Program,
Weinberg Park Assisted Living,5829-5833 Park Heights Avenue,Baltimore,MD,21215,40,01AL000362,Assisted Living Program,
Gull Creek Senior Living Community,1 Meadow Street,Berlin,MD,21811,100,,Assisted Living Program,
Woodholme Gardens Assisted Living And Memory Care,1700 Woodholme Avenue,Pikesville,MD,21208,88,01AL000979,Assisted Living Program,
"Desky Assisted Living, LLC",4307 Willshire Avenue,Baltimore,MD,21206,7,,Assisted Living Program,
New Horizon Assisted Living II,13303 Overbrook Lane,Bowie,MD,20715,8,01AL001240,Assisted Living Program,
"Garrison Estates Assisted Living, LLC",2700 Garrison Blvd,Baltimore,MD,21216,8,,Assisted Living Program,
Warm Heart Family Assistance Living II,752 Dogwood Court,Frederick,MD,21701,5,0110AL0057,Assisted Living Program,
Sycamore Acres I,19120 Muncaster Road,Derwood,MD,20855,12,0115AL0281,Assisted Living Program,
Ambrozean Assisted Living Care Center Inc,3800 West Rogers Avenue,Baltimore,MD,21215,10,0130AL2914,Assisted Living Program,
"For Those Who Serve, LLC",1100 Sherwood Ave,Baltimore,MD,21239,4,,Assisted Living Program,
Devotion Assisted Living 2,4206 Ijamsville Road,Ijamsville,MD,21754,4,,Assisted Living Program,
Touch Of Class II (A),3501 Powhattan Avenue,Baltimore,MD,21216,3,0130AL2721,Assisted Living Program,
Sel's Place,2614 Greenmount Avenue,Baltimore,MD,21218,3,0130AL2961,Assisted Living Program,
Peace Of Mind Assisted Living (A),2606 Taney Road,Baltimore,MD,21209,4,01AL001610,Assisted Living Program,
Rejuvenation I,13309 Partridge Drive,Silver Spring,MD,20904,7,01AL000900,Assisted Living Program,
Mayfield House,123 Fairfield Drive,Catonsville,MD,21228,10,0103AL593,Assisted Living Program,
Your Family - My Family,26 Horseman Court,Randallstown,MD,21133,3,0103AL0953,Assisted Living Program,
Acumen Care Assisted Living,14725 Good Hope Road,Silver Spring,MD,20905,5,01AL000816,Assisted Living Program,
Howell's Care,3418 Piedmont Avenue,Baltimore,MD,21216,8,N/A,Assisted Living Program,
"Pearls Of Wisdom Assisted Living Centers, Inc",9359 Guilford Road,Columbia,MD,21046,9,0113AL135,Assisted Living Program,
G And C Care Assisted Living,824 Barbara Court,Glen Burnie,MD,21060,5,01AL001020,Assisted Living Program,
Alfredhouse Shalom,711 Lamberton Drive,Silver Spring,MD,20902,8,01AL000097,Assisted Living Program,
Brightview RoIIIng Hills,848 South Rolling Road,Catonsville,MD,21228,69,01AL001464,Assisted Living Program,
Brightview White Marsh,8100 Rossville Boulevard,White Marsh,MD,21236,99,,Assisted Living Program,
Helping Hands,6001 63Rd Avenue,Riverdale,MD,20737,3,0116AL126,Assisted Living Program,
Wellness Touch Care,15911 New Hampshire Avenue,Silver Spring,MD,20905,5,01AL000840,Assisted Living Program,
Peaceful Life Assisted Living Rambling Hills,1027 Butterworth Lane,Upper Marlboro,MD,20774,5,0116AL551,Assisted Living Program,
Heart Homes At Bay Ridge II,3023-B Arundel On The Bay Road,Annapolis,MD,21403,16,0102AL0244,Assisted Living Program,
"C.J.'s Senior Care, Inc.",145 King Street,Hagerstown,MD,21740,15,0121AL040,Assisted Living Program,
"Almost Home II Assisted Living, Inc",4813 Gwynn Oak Avenue,Baltimore,MD,21207,8,0130AL801,Assisted Living Program,
Castle Of Love II Assisted Living Home,15590 Peach Walker Drive,Bowie,MD,20716,7,0116AL0702,Assisted Living Program,
Cozy House Adult Care II,2910 Louise Avenue,Baltimore,MD,21214,4,01AL000749,Assisted Living Program,
Aunt Shug's Assisted Living #2,4313 Belvieu Avenue,Baltimore,MD,21215,7,01AL000528,Assisted Living Program,
Clem & Doll II,8335 Liberty Road,Baltimore,MD,21244,6,0103AL0902,Assisted Living Program,
Advantage Assisted Living Services,1802 Porter Avenue,Suitland,MD,20746,4,,Assisted Living Program,
3 Bea's Assisted Living,544 Barnacle Lane,Lusby,MD,20657,5,0104AL0052,Assisted Living Program,
"Queen's Court Assisted Living, LLC",7606 Fox Hunt Court,Clinton,MD,20735,5,01AL001061,Assisted Living Program,
Delmar Manor Assisted Living,31093 East Line Road,Delmar,MD,21875,16,01AL000577,Assisted Living Program,
Sweet P's Joyceful,3603 Rexmere Road,Baltimore,MD,21212,5,,Assisted Living Program,
JK House of Grace lV,14002 Parkland Drive,Rockville,MD,20853,4,,Assisted Living Program,
Heartlands Senior Living Village At EIIIcott City,3004 North Ridge Road,Ellicott City,MD,21043,74,0113AL166,Assisted Living Program,
Agape Assisted Living Home II,4610 Eugene Avenue,Baltimore,MD,21206,7,0130AL2922,Assisted Living Program,
Regency Park Assisted Living,730 Maryland Route 3 South,Gambrills,MD,21054,55,N/A,Assisted Living Program,
Vorizen Assisted Living II,825 Milford Mill Road,Pikesville,MD,21208,6,01AL000599,Assisted Living Program,
Family Plus Assisted Living II,5708 Center Drive,Temple Hills,MD,20748,5,,Assisted Living Program,
Springtime Home IIl,13308 Yorktown Drive,Bowie,MD,20715,8,0116AL0575,Assisted Living Program,
"Homestyle, LLC",6729 Windsor Mill Road,Gwynn Oak,MD,21207,6,01AL000858,Assisted Living Program,
Royal Residential Services,10815 Pleasant Acres Drive,Hyattsville,MD,20783,5,01AL000564,Assisted Living Program,
Bethania Home Care at Bell Care Road,80 Bell Road,Westminster,MD,21158,16,,Assisted Living Program,
An An Assisted Living,2612 Bel Pre Road,Silver Spring,MD,20906,5,,Assisted Living Program,
"Friendship Assisted Living, Inc",3282 Rosemary Lane,West Friendship,MD,21794,8,01AL000392,Assisted Living Program,
Lifesprings Eldercare #3,5208 Lansing Drive,Temple Hills,MD,20748,8,0116AL535,Assisted Living Program,
Asheir Manor LLC,19230 Mateny Hill Road,Germantown,MD,20874,8,01AL001107,Assisted Living Program,
"Open Arms Assisted Living, LLC",604 School Street,Baltimore,MD,21217,4,01AL001198,Assisted Living Program,
Aw Quality Care II,1625 North Rosedale Street,Baltimore,MD,21216,3,0130AL3099,Assisted Living Program,
Serenity Assisted Living II,603 Pritchard Lane,Upper Marlboro,MD,20774,5,01AL000829,Assisted Living Program,
Brightview Towson,20 East Burke Avenue,Towson,MD,21286,100,,Assisted Living Program,
Diven House Of Carroll,250 Saint Luke Circle,Westminster,MD,21158,64,0106AL060,Assisted Living Program,
Empowering Lives,1716 Harlem Avenue,Baltimore,MD,21217,7,01AL000703,Assisted Living Program,
Mandeville House I,2980 Eutaw Forest Drive,Waldorf,MD,20603,5,0108AL049,Assisted Living Program,
Heart Felt Home (A),215 Audrey Avenue,Brooklyn Park,MD,21225,5,01AL000314,Assisted Living Program,
"House Of Loving Care, Inc",313 Hammonds Lane,Brooklyn,MD,21225,5,0102AL0209,Assisted Living Program,
TD Assisted Living,10234 Briarwood Place,Waldorf,MD,20603,5,,Assisted Living Program,
Daisy Group Inc (The),5247 Reisterstown Road,Baltimore,MD,21215,12,01AL001074,Assisted Living Program,
"H O M E Assisted Living, LLC",7005 Whitney Avenue,District Heights,MD,20747,4,,Assisted Living Program,
Poplar Grove Assisted Living,1107 Poplar Grove Street,Baltimore,MD,21216,7,,Assisted Living Program,
La Familia II,4613 Brad Court,Rockville,MD,20853,8,0115AL0372,Assisted Living Program,
At Home Away From Home,1100 Dumfries Street,Oxon Hill,MD,20745,5,0116AL0871,Assisted Living Program,
Allen House (The),3607 Fairview Avenue,Baltimore,MD,21216,3,01AL000207,Assisted Living Program,
Hanson's Home Care,1603 East 31St Street,Baltimore,MD,21218,4,01AL000459,Assisted Living Program,
"Heart Of Care Assisted Living, LLC",1110 Hamlin Road,Waldorf,MD,20602,5,0108AL0103,Assisted Living Program,
"Believe Homes, Inc",3404 Cardenas Avenue,Baltimore,MD,21213,3,0130AL3003,Assisted Living Program,
Quail Run Assisted Living #4,9902 Walther Boulevard,Baltimore,MD,21234,16,0103AL678,Assisted Living Program,
Locust Lodge II,182 Meadow Road,Pasadena,MD,21122,5,01AL001086,Assisted Living Program,
Golden Years Assisted Living,28928 Ridge Road,Mount Airy,MD,21771,8,0115AL0362,Assisted Living Program,
Elaine's Home,3117 Cliftmont Ave,Baltimore,MD,21213,4,,Assisted Living Program,
"Sterling Hospitality, LLC",7015 Park Heights Avenue,Baltimore,MD,21215,14,0130AL2608,Assisted Living Program,
"Gwynn Oak Assisted Living, LLC",4104 Ethland Ave,Baltimore,MD,21207,8,,Assisted Living Program,
Cheryl's Place #1,8707 Trumps Mill Road,Baltimore,MD,21237,7,0103AL816,Assisted Living Program,
"Margaret's Manor, LLC",5801 Kavon Avenue,Baltimore,MD,21206,4,,Assisted Living Program,
"2 Hearts Alf, LLC",3 Jameson Lane,Pikesville,MD,21208,4,01AL001875,Assisted Living Program,
"Rebecca House, LLC",9910 River Road,Potomac,MD,20854,15,0115AL126,Assisted Living Program,
B Moore's Home Away From Home,2208 Perry Avenue,Edgewood,MD,21040,3,01AL001700,Assisted Living Program,
Yelverton Family Services,1149 North Calhoun Street,Baltimore,MD,21217,3,01AL001418,Assisted Living Program,
Font Hill Assisted Living,3417 Font Hill Drive,Ellicott City,MD,21042,5,0113AL096,Assisted Living Program,
Oak Lodge Senior Home I,7755-B Outing Avenue,Pasadena,MD,21122,6,0102AL0259,Assisted Living Program,
Together We Care Assisted Living,2416 Harlem Avenue,Baltimore,MD,21216,4,01AL001300,Assisted Living Program,
Ardent Assisted Living Facility,2130 Greenwood Drive,Waldorf,MD,20601,5,,Assisted Living Program,
An Arm Around Mom and Dad,1611 Debra Drive,Waldorf,MD,20601,5,,Assisted Living Program,
A & E Homecare I,1234 Cathedral Drive,Glen Burnie,MD,21061,5,0102AL109,Assisted Living Program,
Golden Jemz Assisted Living,7811 Beverly Avenue,Parkville,MD,21234,2,,Assisted Living Program,
Heron's Creek Assisted Living,112 Red Toad Road,North East,MD,21901,11,2407003,Assisted Living Program,
Conowingo Veterans Center,775 Ragan Road,Conowingo,MD,21918,24,0107AL017,Assisted Living Program,
Lamplight Inn of Baltimore,3855 Greenspring Avenue,Baltimore,MD,21211,120,,Assisted Living Program,
Tenderness Love And Hope,3013 Wells Avenue,Baltimore,MD,21219,3,0103AL555,Assisted Living Program,
"Emergency Care 24-7 Assisted Living, LLC",5702 Sefton Avenue,Baltimore,MD,21214,3,01AL000045,Assisted Living Program,
Caring Hearts Assisted Living II,12917 Victoria Heights Drive,Bowie,MD,20715,5,0116AL0849,Assisted Living Program,
My Daughter's Place,1326 North Linwood Street,Baltimore,MD,21213,4,,Assisted Living Program,
Around The Clock Senior Care,3602 Village Drive North,Upper Marlboro,MD,20772,5,01AL000300,Assisted Living Program,
Grace House,3214 Norbeck Road,Silver Spring,MD,20906,32,0115AL0374,Assisted Living Program,
Alfred House V,18110 Cashell Road,Rockville,MD,20853,16,0115AL0221,Assisted Living Program,
Brookeville House lll LLC,20900 New Hampshire Avenue,Brookeville,MD,20833,8,,Assisted Living Program,
Phil 4:6-7 Assisted Living,1511 N Ellwood Avenue,Baltimore,MD,21213,7,,Assisted Living Program,
Woods #1612,1612 Hickory Knoll Road,Sandy Spring,MD,20860,16,0115AL138,Assisted Living Program,
Somerford Place - Hagerstown,10114 Sharpsburg Pike,Hagerstown,MD,21740,36,0121AL024,Assisted Living Program,
Gracie's Place Assisted Living,9109 Natahala Place,Clinton,MD,20735,5,01AL000106,Assisted Living Program,
Peartree House,8004 Shadow Oak Lane,Pasadena,MD,21122,15,0102AL0224,Assisted Living Program,
"Newton Manor Assisted Living 2, LLC",5706 Woodcrest Avenue,Baltimore,MD,21215,7,,Assisted Living Program,
Angel Assisted Living - Waldorf,3394 Old Washington Road,Waldorf,MD,20602,16,01AL000779,Assisted Living Program,
Cottages At Curry Manor (The),6501 Curry Manor Court,Bethesda,MD,20817,8,01AL001282,Assisted Living Program,
Mid Atlantic Assisted Living Facility 3,7220 East Ridge Drive,Hyattsville,MD,20785,5,01AL001082,Assisted Living Program,
Dee's House Of Care,5901 Lillyan Avenue,Baltimore,MD,21206,3,0130AL3016,Assisted Living Program,
Assisted Living Of Annapolis,477 Broadneck Road,Annapolis,MD,21409,8,0102AL044,Assisted Living Program,
Mumsey's Assisted Living Facility,"4008 Boarman Avenue, 1St Floor",Baltimore,MD,21215,3,01AL000620,Assisted Living Program,
Cassie's Corner,7007 Brompton Road,Baltimore,MD,21207,6,0103AL0961,Assisted Living Program,
April Showers Assisted Living Facility Inc,3621 Gibbons Avenue,Baltimore,MD,21214,7,01AL000645,Assisted Living Program,
Hyer Standards Assisted Living,7865 Wenlow Drive,Pasadena,MD,21122,3,,Assisted Living Program,
Newton Manor Assisted Living,2424 West Rogers Ave,Mount Washington,MD,21209,6,01AL001749,Assisted Living Program,
Kris-Leigh Assisted Living At Gambrills I,1032 Annapolis Road,Gambrills,MD,21054,16,0102AL165,Assisted Living Program,
D & G Homecare II,30 Haiman Lane,Port Deposit,MD,21904,7,01AL001638,Assisted Living Program,
Mosley Care Provider Inc,3515 Melody Lane,Baltimore,MD,21244,6,0103AL003,Assisted Living Program,
Eden Homes - Bells Mill,7102 Bells Mill Road,Bethesda,MD,20817,8,01AL000566,Assisted Living Program,
Rene's House,12323 Whitehall Drive,Bowie,MD,20715,8,0116AL387,Assisted Living Program,
Sara's Christian Home,1516 Pentwood Road,Baltimore,MD,21239,3,0130AL2686,Assisted Living Program,
Victory Assisted Living,6704 Terra Alta Drive,Lanham,MD,20706,5,N/A,Assisted Living Program,
Quail Run Assisted Living #2,9904 Walther Boulevard,Baltimore,MD,21234,16,0103AL676,Assisted Living Program,
Baycare Assisted Living,9288 Hickory Mill Road,Salisbury,MD,21801,16,0122AL0057,Assisted Living Program,
Sunrise Of Rockville,8 Baltimore Road,Rockville,MD,20850,89,0115AL0348,Assisted Living Program,
Pfefferkorn Assisted Living,3320 Pfefferkorn Road,West Friendship,MD,21794,5,0113AL0231,Assisted Living Program,
Abundant Care Nursing Services Assistant Living,2102 Shorefield Road,Silver Spring,MD,20902,4,,Assisted Living Program,
House Of Grace,16404 Pointer Ridge Drive,Bowie,MD,20716,8,0116AL0809,Assisted Living Program,
Top Of The Hill Manor,1302 Quaker Church Road,Street,MD,21154,12,0112AL059,Assisted Living Program,
Keeping People Smiling,3903 Ridgecroft Road,Baltimore,MD,21206,3,01AL001075,Assisted Living Program,
"Berkshire Hills Assisted Living, LLC",8023 McDonogh Road,Pikesville,MD,21208,3,,Assisted Living Program,
Mohawk Manor 4,4000 Spruce Drive,Baltimore,MD,21215,7,,Assisted Living Program,
Crystal Homes,2915 West Coldspring Lane,Baltimore,MD,21215,3,0130AL1069,Assisted Living Program,
"Rock Of Ages Assisted Living, LLC",5307 Elburn Lane,Rock Hall,MD,21661,8,01AL000473,Assisted Living Program,
Morningside House At Satyr Hill,8800 Old Harford Road,Parkville,MD,21234,125,0103AL634,Assisted Living Program,
Atrium Village,4730 Atrium Court,Owings Mills,MD,21117,93,0103AL1030,Assisted Living Program,
Crcare Of Bondmill,16408 Bondmill Road,Laurel,MD,20707,8,01AL000167,Assisted Living Program,
Capital Assisted Living Program,4554 Derby Manor Road,Baltimore,MD,21215,3,0130AL2846,Assisted Living Program,
"Tamara Loving Care, LLC",1305 Sherwood Avenue,Baltimore,MD,21239,4,,Assisted Living Program,
Marivic House I,205 Catalfa Avenue,Pasadena,MD,21122,5,0102AL047,Assisted Living Program,
Woodson Manor Assisted Living,2207 Saint Joan Place,Accokeek,MD,20607,5,,Assisted Living Program,
Second Genesis,4003 Starbrook Road,Randallstown,MD,21133,3,0103AL518,Assisted Living Program,
Lily Ridge Assisted Living,720 Dryden Drive,Baltimore,MD,21229,4,0130UL187,Assisted Living Program,
First In Quality Care - Stone Facility,1106 Stone Court,Waldorf,MD,20602,5,01AL000619,Assisted Living Program,
Taylor Care III,4208 Penhurst Avenue,Baltimore,MD,21215,8,,Assisted Living Program,
"Cozy Cove Home Care, LLC",718 North Augusta Avenue,Baltimore,MD,21229,4,,Assisted Living Program,
Chestnut Hill Manor Inc,8205 Tyson Road,Ellicott City,MD,21043,5,0113AL0196,Assisted Living Program,
Concord Meadows,1128 N Calhoun Street,Baltimore,MD,21217,7,01AL001926,Assisted Living Program,
Lorien Bel Air,1909 Emmorton Road,Bel Air,MD,21015,64,0112AL0094,Assisted Living Program,
Holbrock Estates At The Martin De Porres Ctr lll,"908 Valley Street, Apartment 3",Baltimore,MD,21202,2,01AL001025,Assisted Living Program,
"Angelic Care Assisted Living, LLC",3781 Ravenwood Avenue,Baltimore,MD,21213,3,,Assisted Living Program,
Heart Of The Phoenix,1522 West Fairmount Avenue,Baltimore,MD,21223,3,01AL000640,Assisted Living Program,
House Of Love II,2804 Cricklewood Drive,Fort Washington,MD,20744,8,0116AL0680,Assisted Living Program,
Mama's Care Assisted Living,4111 East West Highway,Hyattsville,MD,20782,8,01AL000212,Assisted Living Program,
Scotlands (The),4859 Melbourne Road,Baltimore,MD,21229,3,0130AL2586,Assisted Living Program,
Adelphi House II,2702 Curry Drive,Adelphi,MD,20783,5,01AL001643,Assisted Living Program,
Whitewood Assisted Living,112 Collier Road,Grasonville,MD,21638,13,01AL000702,Assisted Living Program,
Agape Senior Home I,9420 Ridgeview Drive,Columbia,MD,21045,8,0113AL098,Assisted Living Program,
Heartfields At Easton,700 Port Street,Easton,MD,21601,55,0120AL009,Assisted Living Program,
Kris-Leigh Assisted Living At Gambrills II,1038 Annapolis Road,Gambrills,MD,21054,16,0102AL164,Assisted Living Program,
Assisted Living At Hawkins Gate LLC,6890 Hawkins Gate Road,La Plata,MD,20646,5,01AL000626,Assisted Living Program,
Birchwood Foundation,6212 Teaberry Way,Clinton,MD,20735,5,,Assisted Living Program,
At Last (Me) Home,2719 Woodland Avenue,Baltimore,MD,21215,4,,Assisted Living Program,
"Forever Young, Inc",16440 Frederick Road,Woodbine,MD,21797,5,01AL001046,Assisted Living Program,
Special Home,210 Henry Street,Cambridge,MD,21613,10,0109AL030,Assisted Living Program,
Necitas Assisted Living Home,13833 Overton Lane,Silver Spring,MD,20904,8,01AL000080,Assisted Living Program,
"Golden Rule Assisted Living Home, LLC",20806 Bayside Avenue,Rock Hall,MD,21661,8,0114AL023,Assisted Living Program,
Household Of Angels In Crofton,2163 Davidsonville Road,Gambrills,MD,21054,15,0102AL0232,Assisted Living Program,
Curtis Manor Alf,6307 Carlynn Avenue,Baltimore,MD,21207,3,0103AL0730,Assisted Living Program,
Second Genesis IV,3617 Blair Avenue,Randallstown,MD,21133,3,01AL000630,Assisted Living Program,
Shelton Personal Care,3920 Mortimer Avenue,Baltimore,MD,21215,3,0130AL3088,Assisted Living Program,
Alfred House I,18114 Cashell Road,Rockville,MD,20853,12,0115AL083,Assisted Living Program,
Ma Maison II,9402 Belair Road,Baltimore,MD,21236,15,0103AL0854,Assisted Living Program,
"Good Samaritan Assisted Living LLC, ll",715 Kerwin Road,Silver Spring,MD,20901,5,,Assisted Living Program,
"Peartree House, Inc.",8001 Middlebury Drive,Pasadena,MD,21122,15,0102AL190,Assisted Living Program,
Hands Of Love And Care LLC,134 South Meadow Drive,Glen Burnie,MD,21060,4,01AL000201,Assisted Living Program,
Home Away From Home 2,2816 West Garrison Avenue,Baltimore,MD,21215,4,,Assisted Living Program,
Locust Lodge I,184 Meadow Road,Pasadena,MD,21122,15,01AL001085,Assisted Living Program,
Emerald Assisted Living,24711 Ridge Road,Damascus,MD,20872,5,,Assisted Living Program,
Catered Living Of Ocean Pines - B,1135 Ocean Parkway,Ocean Pines,MD,21811,16,0123AL013,Assisted Living Program,
Beltsville Elderly Care Home IIl,13020 Ingleside Drive,Beltsville,MD,20705,5,01AL000156,Assisted Living Program,
Rose's Place - Bowie,13426 Overbrook Lane,Bowie,MD,20715,8,0116AL0645,Assisted Living Program,
Nu Direction Assisted Living,1125 Kevin Road,Baltimore,MD,21229,4,N/A,Assisted Living Program,
"Gneale Home Care, LLC",23 1/2 Cobber Lane,Baltimore,MD,21229,4,,Assisted Living Program,
Livingspring Assisted Living,14831 Cemetery Road,Cooksville,MD,21723,3,0113AL0204,Assisted Living Program,
T & T Assisted Living II,4310 Belvieu Avenue,Baltimore,MD,21215,8,,Assisted Living Program,
Salaam Estates,7821 Statesman Street,Severn,MD,21144,5,0102AL0254,Assisted Living Program,
Amani Z Gifted Hands Assisted Living,3513 Parklawn Avenue,Baltimore,MD,21213,3,01AL000342,Assisted Living Program,
Where We Live,8760 Mary Lane,Jessup,MD,20794,5,0113AL008,Assisted Living Program,
"Safe Haven Assisted Living, LLC",6310 Josephine Drive,Waldorf,MD,20601,5,,Assisted Living Program,
"Senior Care Of Goldsboro, Inc",14736 Poplar Street,Goldsboro,MD,21636,4,01AL000911,Assisted Living Program,
Sweet P's Joyceful Assisted Living 3,914 Saint Dunstands,Baltimore,MD,21214,4,,Assisted Living Program,
Lucille Assisted Living,3506 Lucille Ave,Baltimore,MD,21215,7,,Assisted Living Program,
Because We Care Assisted Living LLC,3525 Essex Road,Baltimore,MD,21207,3,01AL001631,Assisted Living Program,
Woori Care,8549 Pineway Drive,Laurel,MD,20723,8,0113AL0238,Assisted Living Program,
Sunrise Of Pikesville,3800 Old Court Road,Pikesville,MD,21208,96,0103AL0670,Assisted Living Program,
Angel Square Inc,2306 Breton Drive,District Heights,MD,20747,5,0116AL0625,Assisted Living Program,
Bayleigh Chase,545 Cynwood Drive,Easton,MD,21601,88,0120AL0014,Assisted Living Program,
Brookdale Potomac,11215 Seven Locks Road,Potomac,MD,20854,139,0115AL0319,Assisted Living Program,
"Peace and Love Assisted Living Center, LLC",3913 Fairview Avenue,Baltimore,MD,21207,6,,Assisted Living Program,
"Bryan Ridge Senior Center, LLC",9710 Laconia Drive,Adelphi,MD,20783,5,01AL001546,Assisted Living Program,
Kekeli's Home For Seniors,8218 Birdsong Drive,Fort Washington,MD,20744,5,01AL000957,Assisted Living Program,
Himalayan Elderly Care II,17234 New Hampshire Avenue,Silver Spring,MD,20905,14,0115AL0272,Assisted Living Program,
"Hart Heritage, Inc",3708 Grier Nursery Road,Street,MD,21154,39,0112AL058,Assisted Living Program,
"Singerly Manor Assisted Living, LLC",1800 Singerly Road,Elkton,MD,21921,16,0107AL013,Assisted Living Program,
Elyon Assisted Living,9018 2nd Street,Lanham,MD,20706,5,,Assisted Living Program,
A & E Homecare II,1224 Cathedral Drive,Glen Burnie,MD,21061,5,0102AL114,Assisted Living Program,
Harmony Houses,2215 Baker Street,Baltimore,MD,21216,4,01AL001043,Assisted Living Program,
"Cater To You Assisted Living Facility, LLC",330 Pine Tree Road,Chestertown,MD,21620,6,01AL001042,Assisted Living Program,
Rosie's Assisted Living,2449-2451 Shirley Avenue,Baltimore,MD,21215,20,01AL000418,Assisted Living Program,
Porter House Of Care,14117 Blazer Lane,Silver Spring,MD,20906,5,01AL000720,Assisted Living Program,
Pine Hill,8455 Murphy Road,Laurel,MD,20723,16,0113AL170,Assisted Living Program,
"Sacred Harmony Assisted Living, LLC",6411 Walker Mill Road,Capitol Heights,MD,20743,8,,Assisted Living Program,
D & G Homecare I,425 Cokesbury Road,Port Deposit,MD,21904,8,01AL001637,Assisted Living Program,
"Comforts At Catonsville, LLC (The)",1306 Lincoln Woods Drive,Catonsville,MD,21228,4,0103AL1033,Assisted Living Program,
Refreshing Springs Assisted Living II At Stretton,12414 Stretton Lane,Bowie,MD,20715,4,N/A,Assisted Living Program,
His Goodness Assisted Living I,7109 Reno Road,Baltimore,MD,21244,4,,Assisted Living Program,
"Khane Care, Inc.",23131 Yellowwood Drive,Clarksburg,MD,20871,4,,Assisted Living Program,
"Bowie Spring Assisted Living, Inc",12667 Heming Lane,Bowie,MD,20716,5,01AL001102,Assisted Living Program,
Spring Village of Wildewood,23185 Milestone Way,California,MD,20619,48,,Assisted Living Program,
"2 RN'S Assisted Living, LLC",4807 Brandon Lane #A,Beltsville,MD,20705,4,,Assisted Living Program,
Miclean Care Assisted Living,13300 Overbrook Lane,Bowie,MD,20715,8,01AL000214,Assisted Living Program,
Inspirations of Memory Care of Linthicum l,806 Camp Meade Road,Linthicum,MD,21090,16,0102AL0239,Assisted Living Program,
Honor & Cherish,3615 Gwynn Oak Avenue,Baltimore,MD,21207,8,0130AL2960,Assisted Living Program,
"Restore for Life Center, LLC",2961 Eutaw Forest Drive,Waldorf,MD,20603,3,,Assisted Living Program,
Homestead Of Sun Valley Assisted Living,110 Terrapin Drive,Sykesville,MD,21784,16,01AL000216,Assisted Living Program,
Ma Maison IIl,9412 Belair Road,Nottingham,MD,21236,15,0103AL0983,Assisted Living Program,
High Spirits Home Assisted Living,7703 Don Drive,Clinton,MD,20735,5,01AL000549,Assisted Living Program,
Annie's Heart of Love,5410 Hamlet Avenue,Baltimore,MD,21214,7,,Assisted Living Program,
Woolridge Manor I,6703 97Th Avenue,Lanham,MD,20706,8,0116AL447,Assisted Living Program,
Irene's Manor at Glenarm,4602 Glenarm Avenue,Baltimore,MD,21206,4,,Assisted Living Program,
Rayland Acres I,29160 Krismor Court,Trappe,MD,21673,8,0120AL003,Assisted Living Program,
Avonlea Ridge Assisted Living LLC ll,1906 Carters Grove Dr,Silver Spring,MD,20904,5,,Assisted Living Program,
Holistically Devoted Assisted Living II,12525 Kingsfield Lane,Bowie,MD,20715,5,,Assisted Living Program,
Lin's Loving Care IIl,4215 Bayonne Avenue,Baltimore,MD,21206,16,01AL000457,Assisted Living Program,
"A Blessing Away From Home, LLC",3512 Menlo Drive,Baltimore,MD,21215,8,,Assisted Living Program,
Joshua 14-15 Assisted Living,2533 Park Heights Terrace,Baltimore,MD,21215,7,0130AL2845,Assisted Living Program,
Autumn Meadows Vl,1260 Defense Highway,Gambrills,MD,21054,15,0102AL188,Assisted Living Program,
Broadmore Senior Living,1175 Professional Court,Hagerstown,MD,21740,75,0121AL0110,Assisted Living Program,
Summerwood Garden Assisted Living,12705 Summerwood Drive,Silver Spring,MD,20904,8,0115AL0317,Assisted Living Program,
B-More Assisted Living,1933 West Lexington Street,Baltimore,MD,21223,4,0130AL2988,Assisted Living Program,
Golden Life Assisted Living,3876 Old Washington Road,Waldorf,MD,20602,5,01AL000590,Assisted Living Program,
Blossom Place At Edenton,5901 Genesis Lane,Frederick,MD,21703,15,0110AL020,Assisted Living Program,
Care Matters Assisted Living,4003 Buckingham Road,Baltimore,MD,21207,6,0103AL419,Assisted Living Program,
My Caring Assisted Living,"4008 Boarman Avenue, 2Nd Floor",Baltimore,MD,21215,7,01AL001064,Assisted Living Program,
Caribbean Breeze Assisted Living II,4350 Estate Drive,Huntingtown,MD,20639,5,0104AL0051,Assisted Living Program,
Sensitive Hearts Assisted Living,2850 Kentucky Avenue,Baltimore,MD,21213,3,01AL000777,Assisted Living Program,
Cranberry Cottage IX,190 Campus Green Drive,Arnold,MD,21012,8,0102AL0274,Assisted Living Program,
Constant Care At Winfield,1200 West Old Liberty Road,Sykesville,MD,21784,14,01AL001585,Assisted Living Program,
Our House Is A Home,1029 Rockhill Avenue,Baltimore,MD,21229,5,,Assisted Living Program,
Washington's Nest,3006 Beverly Road,Baltimore,MD,21214,5,0130AL3012,Assisted Living Program,
Sunlife Assisted Living Home,2929 Tallow Lane,Bowie,MD,20715,5,01AL001274,Assisted Living Program,
"Renewed Ease-A Christian Home (R.E.A.C.H), LLC",712 Cator Avenue,Baltimore,MD,21218,7,0130AL2651,Assisted Living Program,
C & L Quality Home Care I,1001 Evesham Avenue,Baltimore,MD,21212,4,0130AL2297,Assisted Living Program,
Bethel Assisted Living,9607 Mcwhorter Farm Court,Damascus,MD,20872,5,N/A,Assisted Living Program,
Pinnacle Assisted Living (Bowie),3860 Irongate Lane,Bowie,MD,20715,5,N/A,Assisted Living Program,
Norfield Acres I,5501 Norfield Road,Capitol Heights,MD,20743,8,0116AL0565,Assisted Living Program,
Serenity Manor At Gwynn Oak,5216 Gwynn Oak Avenue,Baltimore,MD,21207,8,01AL001770,Assisted Living Program,
Somerford Place - Frederick,2100-B Whittier Drive,Frederick,MD,21702,46,0110AL023,Assisted Living Program,
Potomac Seniors Village 2,10505 Burbank Drive,Potomac,MD,20854,5,0115AL0406,Assisted Living Program,
Golden Gardens Assisted Living,7888 Parsonsburg Road,Parsonsburg,MD,21849,16,0122AL023,Assisted Living Program,
Howard County Assisted Living at Clarksville,5502 Harris Farm Lane,Clarksville,MD,21029,15,0113AL124,Assisted Living Program,
Sun Valley Home Care For Elderly,318 Shannon Forest Court,Glen Burnie,MD,21060,5,0102AL080,Assisted Living Program,
Serenity Homes,606 Nolberry Drive,Glen Burnie,MD,21061,5,0102AL0275,Assisted Living Program,
Romaine's Paradise Assisted Living,4709 Elsrode Avenue,Baltimore,MD,21214,4,,Assisted Living Program,
Sunset Home For The Elderly,6 Norair Avenue,Hyattsville,MD,20785,4,01AL000606,Assisted Living Program,
Sycamore Acres II,6000 Granby Road,Derwood,MD,20855,8,0115AL0291,Assisted Living Program,
R Home,1562 Moreland Avenue,Baltimore,MD,21216,3,,Assisted Living Program,
Lifetime Serenity Assisted Living,3304 Menlo Drive,Baltimore,MD,21215,8,,Assisted Living Program,
"Taylors Assisted Living, LLC",4211 Granada Avenue,Baltimore,MD,21215,3,,Assisted Living Program,
Golden Time Inc,10705 Vista Road,Columbia,MD,21044,8,01AL000417,Assisted Living Program,
Sand Cherry Manor,8367 Sand Cherry Lane,Laurel,MD,20723,8,,Assisted Living Program,
Filcare Home,13016 Spickler Road,Clear Spring,MD,21722,5,0121AL0082,Assisted Living Program,
New Start #1,3917 Innerdale Court,Randallstown,MD,21133,4,0103AL701,Assisted Living Program,
Good Hope Home Care II LLC,2601 Briggs Chaney Road,Silver Spring,MD,20905,5,0115AL0275,Assisted Living Program,
"T & J Home Health Care Services, Inc.",1223 Cochran Road,Baltimore,MD,21239,4,,Assisted Living Program,
"Treasured Loved One's Home Care, LLC",1210 Edison Highway,Baltimore,MD,21213,3,,Assisted Living Program,
Rutherford Manor II,4281 Sands Road,Harwood,MD,20776,5,01AL001719,Assisted Living Program,
Arden Courts Of Potomac,10718 Potomac Tennis Lane,Potomac,MD,20854,52,0115AL0398,Assisted Living Program,
Eden Assisted Living,14301 Perrywood Drive,Burtonsville,MD,20866,5,,Assisted Living Program,
Marians Assisted Living II,758 209Th Street,Pasadena,MD,21122,8,01AL001174,Assisted Living Program,
Eastman Retirement Home,3700 Eastman Road,Randallstown,MD,21133,4,0103AL159,Assisted Living Program,
A & W Assisted Living,6600 Liberty Road,Baltimore,MD,21207,7,01AL000687,Assisted Living Program,
"Dacota Broad Creek Assisted Living, Inc",4411 Flintville Road,Whiteford,MD,21160,11,01AL000509,Assisted Living Program,
Golden Crest Corporation V,1779 Nelson Road,Westminster,MD,21157,16,,Assisted Living Program,
"Madonna Heritage, Inc.",3982 Norrisville Road,Jarrettsville,MD,21084,16,0112AL044,Assisted Living Program,
Meadows #1641,1641 Hickory Knoll Road,Sandy Spring,MD,20860,16,0115AL135,Assisted Living Program,
Arcadia Living,701 South Fifth Street,Denton,MD,21629,16,01AL001612,Assisted Living Program,
Villa At Campfield (The),7117 Campfield Road,Baltimore,MD,21207,12,01AL000601,Assisted Living Program,
"Greenview Assisted Living, LLC",39 Caraway Road,Reisterstown,MD,21136,4,,Assisted Living Program,
Fine Living Care IV,2901 Logan Street,District Heights,MD,20747,8,01AL001644,Assisted Living Program,
Ginger Cove II,9000 River Crescent Drive,Annapolis,MD,21401,45,0102AL0245,Assisted Living Program,
"K And R'S Assisted Living, LLC",1660 Roundhill Road,Baltimore,MD,21218,5,,Assisted Living Program,
Elderly World - Landover,2011 Kent Village Drive,Landover,MD,20785,8,0116AL423,Assisted Living Program,
Kingshire Manor Assisted Living,9701 Medical Center Drive,Rockville,MD,20850,34,01AL000538,Assisted Living Program,
"Angels Heart Assisted Living Home, LLC",2866 Marshall Hall Road,Bryans Road,MD,20616,5,,Assisted Living Program,
Lighthouse Senior Living At EIIIcott City,3100 North Ridge Road,Ellicott City,MD,21043,59,01AL000260,Assisted Living Program,
Mohawk Manor,3616 Gwynn Oak,Baltimore,MD,21207,8,,Assisted Living Program,
Eden Homes - Liberty,8919 Liberty Lane,Potomac,MD,20854,8,0115AL181,Assisted Living Program,
"Mcalmon Place, Inc",25001 Woodfield Road,Damascus,MD,20872,5,0115AL033,Assisted Living Program,
"Broadmead, INC",13801 York Road,Cockeysville,MD,21030,30,,Assisted Living Program,
Gaddy's Assisted Living Home,1130 West Lafayette Avenue,Baltimore,MD,21217,3,01AL000068,Assisted Living Program,
Taylor Gardens Senior Living,3813 West Coldspring Lane,Baltimore,MD,21215,7,,Assisted Living Program,
Triumph Home Care,7990 Nolcrest Road,Glen Burnie,MD,21061,6,01AL000131,Assisted Living Program,
Eden Homes - Stoneham,6505 Stoneham Road,Bethesda,MD,20817,8,0115AL0404,Assisted Living Program,
"Home Away From Home, LLC",4002 Ingraham Street,Hyattsville,MD,20781,5,0116AL0698,Assisted Living Program,
Birchwood Group Home I,1602 Jarvis Avenue,Oxon Hill,MD,20745,10,0116AL384,Assisted Living Program,
Taylor Care II,4115 Penhurst Avenue,Baltimore,MD,21215,6,,Assisted Living Program,
Best Home For Mom And Dad,3813 Terrawood Court,Rockville,MD,20853,6,01AL001611,Assisted Living Program,
Safe Haven Manor,104 Charles Street,Sudlersville,MD,21668,16,01AL000211,Assisted Living Program,
H And T Parsons,6601 Parsons Avenue,Baltimore,MD,21215,4,01AL001799,Assisted Living Program,
Brightview Bel Air,300 West Ring Factory Road,Bel Air,MD,21014,87,,Assisted Living Program,
Elizabeth Manor II,9313 Lanham Severn Road,Lanham,MD,20706,10,0116AL425,Assisted Living Program,
"Big O Assisted Living, LLC",8731 Meadow Heights Road,Randallstown,MD,21133,4,N/A,Assisted Living Program,
Alfredhouse Symphony,6020 Needwood Road,Derwood,MD,20855,34,,Assisted Living Program,
Abbey Manor At Elkton II,Two Colonial Manor Court,Elkton,MD,21921,16,0107AL014,Assisted Living Program,
"Bethezda Elder Care, LLC",12900 Isaac Duckett Road,Bowie,MD,20721,5,,Assisted Living Program,
Scott's Convenient Living,2205 Saint Joan Place,Accokeek,MD,20607,4,01AL001598,Assisted Living Program,
Guiding Hands Assisted Living,10602 Friendship Road,Berlin,MD,21811,13,01AL000861,Assisted Living Program,
Home for Precious Gems,9818 Ambler Lane,Upper Marlboro,MD,20774,5,,Assisted Living Program,
Heart Homes At Piney Orchard,8735 Piney Orchard Parkway,Odenton,MD,21113,16,0102AL0241,Assisted Living Program,
Magnolia House Assisted Living,13305 Burkhart Street,Silver Spring,MD,20904,8,,Assisted Living Program,
Tender Love & Care,822 Cox Avenue,Hyattsville,MD,20783,4,0116AL085,Assisted Living Program,
Moreland Assisted Living,1628 Moreland Avenue,Baltimore,MD,21216,8,,Assisted Living Program,
Peaceful Manor of Clinton,6401 Willow Way,Clinton,MD,20735,5,,Assisted Living Program,
Monarch Vista Assisted Living Facility,13603 Monarch Vista Drive,Germantown,MD,20874,5,,Assisted Living Program,
Golden Life Senior Assisted Living,6706 Amherst Road,Bryans Road,MD,20616,5,,Assisted Living Program,
"Uhh Wee, We Care, Inc",4726 Elison Avenue,Baltimore,MD,21206,3,0130AL3073,Assisted Living Program,
Elyric's Amazing Care Two,1942 Saratoga Drive,Adelphi,MD,20783,7,0116AL0780,Assisted Living Program,
Fernbrook Manor,1190 Monie Road,Odenton,MD,21113,14,0102AL123,Assisted Living Program,
Holbrock Estates At The Martin De Porres Ctr Vll,"908 Valley Street, Apartment 7",Baltimore,MD,21202,4,01AL001029,Assisted Living Program,
Friends Assisted Living,17350 Quaker Lane,Sandy Spring,MD,20860,24,0115AL0307,Assisted Living Program,
"Changing Times Assisted Living, LLC",5907 Arabia Avenue,Baltimore,MD,21214,5,,Assisted Living Program,
Pima,3503 Flannery Lane,Baltimore,MD,21207,3,0103AL0845,Assisted Living Program,
Inspirations Memory Care of Lutherville ll,1420 Front Avenue,Lutherville,MD,21093,16,0103AL0921,Assisted Living Program,
Liv-N-Well Assisted Living Facility,41 East Bel Air Avenue,Aberdeen,MD,21001,16,0112AL0108,Assisted Living Program,
Glorious Care l,10409 Sweepstakes Road,Damascus,MD,20872,5,,Assisted Living Program,
"Golden Care Unique Assisted Living, Inc",1808 Glenpark Drive,Silver Spring,MD,20902,5,N/A,Assisted Living Program,
Brightview South River,8 Lee Airpark Drive,Edgewater,MD,21037,100,,Assisted Living Program,
Clarksville Assisted Living LLC,7246 Guilford Road,Clarksville,MD,21029,8,01AL001238,Assisted Living Program,
"Milo Care, Inc.",2308 Coleridge Drive,Silver Spring,MD,20910,7,0115AL0376,Assisted Living Program,
"Fahrney-Keedy Memorial Home, Inc",8507 Mapleville Road,Boonsboro,MD,21713,32,0121AL006,Assisted Living Program,
Saint Martin's Home,601 Maiden Choice Lane,Catonsville,MD,21228,18,0103AL0200,Assisted Living Program,
"Third Generation Care, Inc",650 East 35Th Street,Baltimore,MD,21218,4,01AL001287,Assisted Living Program,
"Skinner's Place, LLC",1501 Ellamont Street,Baltimore,MD,21216,4,01AL001826,Assisted Living Program,
"Cooper's Senior Assisted Group Home, Inc",5615 Tricross Drive,Columbia,MD,21045,8,0113AL111,Assisted Living Program,
Caring Hearts Senior Living,620 Wildwood Parkway,Baltimore,MD,21229,4,,Assisted Living Program,
Graceland Assisted Living (Rose House),1106 Cambridge Drive,Waldorf,MD,20602,5,01AL000755,Assisted Living Program,
"Bredd Health Services, LLC",5984 Grand Banks Road,Columbia,MD,21044,5,,Assisted Living Program,
Touch Of Class IIl (A),4300 Belvieu Drive,Baltimore,MD,21215,3,01AL000114,Assisted Living Program,
"Household Of Angels Of Severna Park, Inc",118 Arundel Beach Boulevard,Severna Park,MD,21146,16,0102AL0233,Assisted Living Program,
Allcare Assisted Living At Perryville Home,"350 Broad Street, Po Box 635",Perryville,MD,21903,10,0107AL014,Assisted Living Program,
"Quindel's Home Of Assisted Living, LLC",1624 East Biddle Street,Baltimore,MD,21213,4,01AL000954,Assisted Living Program,
Ingleside At King Farm,701 King Farm Road,Rockville,MD,20850,46,01AL000165,Assisted Living Program,
Jk House Of Grace,2839 Aquarius Avenue,Silver Spring,MD,20906,8,0115AL0243,Assisted Living Program,
Quality Care At Buckingham Manor Assisted Living,4012 Buckingham Road,Gwynn Oak,MD,21207,12,01AL001586,Assisted Living Program,
"College Manor, Inc",300 West Seminary Avenue,Lutherville,MD,21093,99,0103AL0100,Assisted Living Program,
Hermitage At St. John's Creek,"13325 Dowell Road, P.O. Box 1509",Solomons,MD,20688,68,0104AL0030,Assisted Living Program,
"Always Caring, Inc",9534 Angelina Circle,Columbia,MD,21044,8,0113AL102,Assisted Living Program,
Riva Terrace II,2707 Riva Road,Annapolis,MD,21401,5,0102AL0204,Assisted Living Program,
Oak Street Retreat LLC,6602 Oak Street,Cheverly,MD,20785,5,01AL000841,Assisted Living Program,
Abundance Of Care Assisted Living,503 Jamestown Court,Edgewood,MD,21040,2,01AL000591,Assisted Living Program,
"Adal, Inc",2923 Woodland Avenue,Baltimore,MD,21215,4,01AL001067,Assisted Living Program,
"Serene Homestead, LLC",12606 Meadowood Drive,Silver Spring,MD,20906,8,,Assisted Living Program,
Karima's Place II,2431 Arunah Avenue,Baltimore,MD,21216,7,01AL001581,Assisted Living Program,
"A Wise Choice Assisted Living, LLC",8732 Mary Lane,Jessup,MD,20794,5,,Assisted Living Program,
Dimples Manor LLC,1505 Winters Court,Cambridge,MD,21613,4,01AL000631,Assisted Living Program,
Bedford Court,3700 International Drive,Silver Spring,MD,20906,76,0115AL050,Assisted Living Program,
Sagepoint Gardens 2,121 Morris Drive,La Plata,MD,20646,16,0108AL0108,Assisted Living Program,
"Care Blessings Assisted Living, LLC",3008 Glenmore Avenue,Baltimore,MD,21214,8,N/A,Assisted Living Program,
Himalayan Elderly Care I,1909 Alabaster Drive,Silver Spring,MD,20904,5,0115AL110,Assisted Living Program,
Atria Salisbury,1110 Healthway Drive,Salisbury,MD,21804,82,01AL000613,Assisted Living Program,
Integrace Buckingham's Choice,3200 Baker Circle,Adamstown,MD,21710,45,0110AL018,Assisted Living Program,
Oak Lodge Senior Home II,7755-A Outing Avenue,Pasadena,MD,21122,15,0102AL0260,Assisted Living Program,
Charlestown Renaissance Gardens Terrace,721 Maiden Choice Lane,Baltimore,MD,21228,199,,Assisted Living Program,
Prince Of Peace IIi,7420 Maple Avenue,Takoma Park,MD,20912,10,01AL000539,Assisted Living Program,
Third Generation Care At Lake Walker,509 Walker Avenue,Baltimore,MD,21212,4,01AL001401,Assisted Living Program,
"Sunshine Healthcare, LLC",4111 Hupa Place,Randallstown,MD,21133,3,01AL001707,Assisted Living Program,
Agape Assisted Living Home I,5706 Denwood Avenue,Baltimore,MD,21206,5,0130AL2740,Assisted Living Program,
"Almost Like Home, Inc",4202 Maine Avenue,Baltimore,MD,21207,12,0130AL2195,Assisted Living Program,
Live Well Assisted Living Springdale,4212 Springdale Avenue,Baltimore,MD,21207,6,01AL001049,Assisted Living Program,
Shining Moon Elder Care Alf,1310 Dulaney Valley Road,Towson,MD,21286,12,01AL000981,Assisted Living Program,
"A Ray of Light, LLC",11 South Abington Avenue,Baltimore,MD,21229,5,,Assisted Living Program,
Allcare Assisted Living At Belvidere,1505 Belvidere Road,Port Deposit,MD,21904,9,0107AL0044,Assisted Living Program,
George's Assisted Living (M&A's Place),12933 Summit Ridge Terrace,Germantown,MD,20874,7,0115AL0386,Assisted Living Program,
Willowbrook Square,10102 Country Club Road,Cumberland,MD,21501,22,01AL000146,Assisted Living Program,
Touch Of Joy Assisted Living Svcs LLC (A),8819 Liberty Road,Randallstown,MD,21133,4,01AL000999,Assisted Living Program,
"Heritage Care - Assisted Living Services, Inc",9515 Lawnsberry Terrace,Silver Spring,MD,20901,8,0115AL0367,Assisted Living Program,
Royal Heart Assisted Living Facility,3604 White Avenue,Baltimore,MD,21206,10,01AL000418,Assisted Living Program,
Lakeside Assisted Living,1109 South Schumaker Drive,Salisbury,MD,21804,92,N/A,Assisted Living Program,
Russell Residence,3608 Baskerville Drive,Bowie,MD,20721,5,01AL001542,Assisted Living Program,
"JMB Assisted Living, LLC",12010 Benjamin Street,Beltsville,MD,20705,4,,Assisted Living Program,
Somerford Place - Annapolis,2717 Riva Road,Annapolis,MD,21401,64,0102AL189,Assisted Living Program,
"Comfort and Dignity Assisted Living, LLC",4403 Romlon Street - Unit 102,Beltsville,MD,20705,5,,Assisted Living Program,
"Tender Care Group Home, Inc.",3504 Summit Drive,Temple Hills,MD,20748,5,0116AL509,Assisted Living Program,
TranquiIIIty At Fredericktowne,6441 Jefferson Pike,Frederick,MD,21703,90,01AL000978,Assisted Living Program,
Amazing Care I,15721 Allnutt Lane,Burtonsville,MD,20866,7,0115AL087,Assisted Living Program,
Almost Home,202 Morning Frost Road,Taneytown,MD,21787,5,0106AL065,Assisted Living Program,
Rose of Sharon l,12807 Bayhill Drive,Beltsville,MD,20705,5,,Assisted Living Program,
Caring For You II Alf,2928 Edison Highway,Baltimore,MD,21213,4,01AL001219,Assisted Living Program,
Holbrock Estates At The Martin De Porres Center IV,"908 Valley Street, Apartment 4",Baltimore,MD,21202,4,01AL001006,Assisted Living Program,
Necitas 2 Assisted Living Home,87 Eldrid Avenue,Silver Spring,MD,20904,8,01AL000625,Assisted Living Program,
Key to Heart AL II,2942 Winchester Street,Baltimore,MD,21216,4,,Assisted Living Program,
Sylva Villas Assisted Living Facility,2816 Gracefield Road,Silver Spring,MD,20904,8,01AL000433,Assisted Living Program,
"Classic Assisted Living, LLC",1312 Xaveria Drive,Silver Spring,MD,20903,5,0115AL0352,Assisted Living Program,
Glory Gardens Assisted Living,2509 Owens Road,Brookeville,MD,20833,3,,Assisted Living Program,
Sunrise of Chevy Chase,2201 Colston Drive,Silver Spring,MD,20910,196,,Assisted Living Program,
"Endearment, LLC",107 Walnut Lane,Elkton,MD,21921,4,,Assisted Living Program,
Riva Terrace Vl,1098 Galway Road,Davidsonville,MD,21035,5,0102AL0286,Assisted Living Program,
"Exalt, LLC",1703 Montpelier St,Baltimore,MD,21218,6,,Assisted Living Program,
"Lisa's Place, Inc",3905 Nemo Road,Randallstown,MD,21133,3,0103AL0713,Assisted Living Program,
John 8:12 Assisted Living,2535 Park Heights Terrace,Baltimore,MD,21215,7,0130AL2489,Assisted Living Program,
Evergreen Eldercare,16901 New Hampshire Avenue,Silver Spring,MD,20905,8,0115AL0318,Assisted Living Program,
Rejuvination Assisted Living Facility LLC,13201 Partridge Drive,Silver Spring,MD,20904,7,01AL000153,Assisted Living Program,
"Caring Companion, Inc.",11620 Kemp Mill Road,Silver Spring,MD,20902,14,0115AL094,Assisted Living Program,
Paulette's Assisted Living,210 Altamont Avenue,Catonsville,MD,21228,3,0103AL185,Assisted Living Program,
Georgie & Jetta Loving Care Home,720 East 35Th Street,Baltimore,MD,21218,5,0130AL2110,Assisted Living Program,
Brightview Catonsville,912 South Rolling Road,Catonsville,MD,21228,95,,Assisted Living Program,
"Parry Home Assisted Living, LLC",515 Apple Grove Road,Silver Spring,MD,20904,8,01AL001602,Assisted Living Program,
Friendly Best Care,801 Beaumont Ave,Baltimore,MD,21212,7,,Assisted Living Program,
"Fatima's Assisted Living Services, Llp",19114 North Frederick Road,Gaithersburg,MD,20879,8,0115AL0360,Assisted Living Program,
Joy's Blessing II,4122 Tiverton Road,Randallstown,MD,21133,6,0103AL0869,Assisted Living Program,
Holistically Devoted Assisted Living,2503 Pittland Lane,Bowie,MD,20716,5,,Assisted Living Program,
Homeplace Grove Estates I,101 Sandsbury Avenue,Glen Burnie,MD,21060,5,0102AL163,Assisted Living Program,
1 Stop Assisted Living,149 South Hilton Street,Baltimore,MD,21229,5,,Assisted Living Program,
At Home Assisted Living Facility,5004 Nicholas Road,Waldorf,MD,20601,5,0108AL0110,Assisted Living Program,
Julia's Place,618 Linnard Street,Baltimore,MD,21223,3,0130AL2272,Assisted Living Program,
Holly Place,268 South Potomac Street,Hagerstown,MD,21740,15,2421008,Assisted Living Program,
Odilia's House II,7310 Wye Avenue,Jessup,MD,20794,9,0113AL0227,Assisted Living Program,
No Place Like Home,1316 Bartley Place,Belcamp,MD,21017,2,01AL000191,Assisted Living Program,
Aberdeen House IIl,14533 Barkwood Drive,Rockville,MD,20853,5,0115AL0394,Assisted Living Program,
Assisted Living At Goodwill,891 Dorsey Hotel Road,Grantsville,MD,21536,45,0111AL025,Assisted Living Program,
"Divine Care Assisted Living, Inc",4603 Frankford Avenue,Baltimore,MD,21206,6,01AL001224,Assisted Living Program,
Habakkuk House,3833 Ferndale Avenue,Baltimore,MD,21207,4,2430025,Assisted Living Program,
A Perfect Fit Assisted Living,9700 Ames Court,Randallstown,MD,21133,5,,Assisted Living Program,
Andrus House LLC,10910 Old Georgetown Road,North Bethesda,MD,20852,15,0115AL088,Assisted Living Program,
"Cedar Glen, LLC",16 Pipestem Court,Rockville,MD,20854,8,0115AL205,Assisted Living Program,
Elder Care Assisted Living,18509 Kingshill Road,Germantown,MD,20874,5,,Assisted Living Program,
Norma's House,502 North Linwood Avenue,Baltimore,MD,21205,4,01AL000441,Assisted Living Program,
Martha Assisted Living,3377 Tide Water Court,Olney,MD,20832,5,N/A,Assisted Living Program,
Garden House At Edenton,5849 Genesis Lane,Frederick,MD,21703,15,0110AL011,Assisted Living Program,
West Way Assisted Living,5252 Saint Charles Avenue,Baltimore,MD,21215,5,01AL001193,Assisted Living Program,
Bartholomew House,6904 River Road,Bethesda,MD,20817,35,0115AL153,Assisted Living Program,
"Glorious Care, Llp",11341 Rambling Road,Gaithersburg,MD,20879,5,0115AL0395,Assisted Living Program,
Hawkins House,3009 Northway Drive,Baltimore,MD,21234,3,01AL000974,Assisted Living Program,
Holbrock Estates At The Martin De Porres Center Xll,"908 Valley Street, Apartment 12",Baltimore,MD,21202,4,01AL001009,Assisted Living Program,
Atria Manresa,85 Manresa Road,Annapolis,MD,21409,86,01AL000614,Assisted Living Program,
Serenity Gardens Assisted Living of Rockville,18106 Cashell Road,Rockville,MD,20853,6,,Assisted Living Program,
April Bloom Assisted Living,5037 Durham Road East,Columbia,MD,21044,8,,Assisted Living Program,
Next of Kin Assisted Living,3325 West Northern Pkwy,Baltimore,MD,21215,8,,Assisted Living Program,
"Good Samaritan Assisted Living, Inc",707 Kerwin Road,Silver Spring,MD,20901,5,0115AL211,Assisted Living Program,
Caraway Manor II,2391 Oldfield Point Road,Elkton,MD,21921,16,0107AL007,Assisted Living Program,
Dee's Assisted Living,3712 Chatham Road #B,Baltimore,MD,21215,3,01AL001784,Assisted Living Program,
Burris Home Care,1436 Gittings Avenue,Baltimore,MD,21239,3,0130AL2539,Assisted Living Program,
Sunshine Acres,4970 Jolly Acres Road,White Hall,MD,21161,12,0112AL0126,Assisted Living Program,
Country Meadows Of Frederick,5955 Quinn Orchard Drive,Frederick,MD,21704,160,0110AL0028,Assisted Living Program,
"Jason's Haven Alf, LLC",3205 Dunbratton Ct,Waldorf,MD,20601,5,,Assisted Living Program,
Ovalstone Comfort Home,13221 Ovalstone Lane,Bowie,MD,20715,5,01AL001171,Assisted Living Program,
Annapolitan Care Center,84 North Old Mill Bottom Road,Annapolis,MD,21401,88,01AL000424,Assisted Living Program,
At Majestic Care,902 Wheeler Avenue,Baltimore,MD,21216,4,,Assisted Living Program,
Greenfield Senior Living At Bel Air 1,1415 Saint Francis Road,Bel Air,MD,21014,36,01AL001595,Assisted Living Program,
Tender Touch Assisted Living,5910 Ayleshire Road,Baltimore,MD,21239,3,2430107,Assisted Living Program,
New Start #2,"2809 Diamond Ridge Road, Apt 102",Windsor Mill,MD,21244,3,0103AL702,Assisted Living Program,
"Serenity Manor, Inc",1802 Eutaw Place,Baltimore,MD,21217,26,0130AL190,Assisted Living Program,
"Circle of Love, LLC",12803 Monroe Avenue,Fort Washington,MD,20744,4,,Assisted Living Program,
Next Help Place,13023 Country Ridge Drive,Germantown,MD,20874,4,0115AL0309,Assisted Living Program,
Clara's Place I,13508 Youngwood Turn,Bowie,MD,20715,5,0116AL0707,Assisted Living Program,
"EIIIott's Assisted Living, Inc",446 Front Street,Perryville,MD,21903,10,01AL000639,Assisted Living Program,
Mary's Place,5621 Wayne Avenue,Baltimore,MD,21207,3,2430081,Assisted Living Program,
Comforts Of Home 2 (The),4 Marbledale Court,Reisterstown,MD,21136,4,01AL001144,Assisted Living Program,
All In The Family,3505 Devonshire Drive,Baltimore,MD,21215,3,01AL001173,Assisted Living Program,
Sagepoint Memory Care,10210 Laplata Road,La Plata,MD,20646,12,01AL001233,Assisted Living Program,
Fernhill Assisted Living,4002 Fernhill Avenue,Baltimore,MD,21215,8,,Assisted Living Program,
Paige Place,3719 Chesmont Avenue,Baltimore,MD,21206,3,0130AL1452,Assisted Living Program,
"Platinum Senior Care, LLC",4018 Blackbird Ct,Waldorf,MD,20603,4,,Assisted Living Program,
Asbury Methodist Village,333 Russell Avenue,Gaithersburg,MD,20877,164,0115AL150,Assisted Living Program,
"Rose's Place, Inc.",11311 Sherrington Court,Upper Marlboro,MD,20774,8,0116AL438,Assisted Living Program,
Caribbean Breeze Assisted Living IIl,255 Skinners Turn Road,Owings,MD,20736,5,01AL000556,Assisted Living Program,
"Delicate Hands Home Care, LLC",3952 Cooks Lane,Ellicott City,MD,21043,5,,Assisted Living Program,
Heavenly Grace Assisted Living #2,3201 Windsor Avenue,Baltimore,MD,21216,12,0130AL3017,Assisted Living Program,
St. Stephen's Green @ Mercy Ridge,2525 Pot Spring Road,Timonium,MD,21093,49,0103AL694,Assisted Living Program,
Stars Assisted Living,6630 Adrian Street,Hyattsville,MD,20784,5,01AL001277,Assisted Living Program,
My Abode 2,25551 Still Pond Neck Road,Worton,MD,21678,10,0114AL0030,Assisted Living Program,
Luminous Care Services II,3909 71St Avenue,Hyattsville,MD,20784,5,01AL001358,Assisted Living Program,
Vorizen Assisted Living,7425 Sudbrook Road,Baltimore,MD,21208,4,0103AL0734,Assisted Living Program,
Prince Of Peace II,12921 Asbury Drive,Fort Washington,MD,20744,5,1000536,Assisted Living Program,
Pleasant Garden II,411 South Chapelgate Lane,Baltimore,MD,21229,8,0130AL739,Assisted Living Program,
Golden Crest Corporation IV,1777 Nelson Road,Westminster,MD,21157,16,01AL001142,Assisted Living Program,
My Little Paradise At New Life,20811 New Hampshire Avenue,Brookeville,MD,20833,4,01AL001881,Assisted Living Program,
Wellbeing Assisted Living,16400 S Westland Drive,Gaithersburg,MD,20877,5,01AL001798,Assisted Living Program,
"Homestyle Assisted Living, LLC",8222 Brattle Road,Pikesville,MD,21208,4,01AL001143,Assisted Living Program,
Blessed Home,6614 Edgemere Drive,Camp Springs,MD,20748,5,0116AL503,Assisted Living Program,
Angels And Blessing II,5614 Saint Marys Street,Baltimore,MD,21207,3,0103AL1025,Assisted Living Program,
"Holy Care Assisted Living, Llp",19118 Frederick Road,Gaithersburg,MD,20879,4,01AL001767,Assisted Living Program,
Candle Light Cove,106 West Earle Avenue,Easton,MD,21601,64,,Assisted Living Program,
Green Haven Assisted Living,11509 Burning Tree Court,Bowie,MD,20721,5,01AL000209,Assisted Living Program,
Maryland Living-A,4013 Kathland Ave,Baltimore,MD,21207,12,,Assisted Living Program,
Glen Meadows Retirement Community,11630 Glen Arm Road,Glen Arm,MD,21057,48,0103AL655,Assisted Living Program,
"Gaines Quarters, LLC",125 Cedarmere Road,Owings Mills,MD,21117,3,,Assisted Living Program,
Golden Manor,7600 Woodyard Farm Road,Upper Marlboro,MD,20772,5,01AL000572,Assisted Living Program,
Warm Heart Family Assistance Living,18441 Crownsgate Circle,Germantown,MD,20874,8,0115AL0265,Assisted Living Program,
Benevolent Care Corporation,15912 Pointer Ridge Drive,Bowie,MD,20716,5,01AL000136,Assisted Living Program,
Golden Heart's Assisted Living,2542 West Lanvale Street,Baltimore,MD,21216,6,,Assisted Living Program,
Maple Ridge Group Home,15908 Maple Ridge Court,Rockville,MD,20853,16,01AL001812,Assisted Living Program,
"Pleasant Woods, LLC",5707 Gwynn Oak Avenue,Baltimore,MD,21207,3,01AL000351,Assisted Living Program,
Eveline Gardens Assisted Living,3211 Doycron Court,Baltimore,MD,21207,3,0103AL708,Assisted Living Program,
Springwell Senior Living,2211 West Rogers Avenue,Baltimore,MD,21209,151,0130AL2862,Assisted Living Program,
Agape Assisted Living Home,12404 Tampico Way,Silver Spring,MD,20904,5,01AL000250,Assisted Living Program,
A home Away From Home,4309 Liberty Heights Ave,Baltimore,MD,21207,8,,Assisted Living Program,
Triumph Home Care ll,8089 Phrine Road E,Glen Burnie,MD,21061,5,,Assisted Living Program,
"Gloria Friends Home, Inc",929 Back River Neck Road,Baltimore,MD,21221,15,0103AL628,Assisted Living Program,
Integrated Healthcare Assisted Living,7101 Fitzpatrick Drive,Laurel,MD,20707,8,0116AL0746,Assisted Living Program,
T & T Assisted Living,4309 Belvieu Avenue,Baltimore,MD,21215,8,01AL000797,Assisted Living Program,
Brookdale Hagerstown,20009 Rosebank Way,Hagerstown,MD,21742,110,0121AL026,Assisted Living Program,
Moms & Pops Place,3109 Putty Hill Avenue,Parkville,MD,21234,4,01AL001170,Assisted Living Program,
Hillcrest Manor,3602 Bayonne Avenue,Baltimore,MD,21206,3,01AL000972,Assisted Living Program,
Springhouse Of Pikesville,8911 Reisterstown Road,Pikesville,MD,21208,105,0103AL1039,Assisted Living Program,
Preferred Assisted Living Services,3611 Scruggs Place,Upper Marlboro,MD,20774,5,01AL001771,Assisted Living Program,
In Good Hands Care Providers,419 Pulaski Highway,Joppa,MD,21085,5,,Assisted Living Program,
Pleasant Garden - Glenmore,3603 Glenmore Avenue,Baltimore,MD,21206,8,01AL000438,Assisted Living Program,
1 Stop Assisted Living 2,1311 Luzerne Avenue,Baltimore,MD,21213,5,01AL001016,Assisted Living Program,
Brighton Gardens Of Tuckerman Lane,5550 Tuckerman Lane,Rockville,MD,20852,111,0115AL157,Assisted Living Program,
"Sunset Ridge Assisted Living, Inc.",7021 Rock Creek Drive,Frederick,MD,21702,4,0110AL0054,Assisted Living Program,
"Rockville Comfort Care, LLC",1920 Valley Stream Drive,Rockville,MD,20851,4,,Assisted Living Program,
Foster's Assisted Living,108 North Edgewood Street,Baltimore,MD,21229,3,,Assisted Living Program,
J'rose II,14109 Burning Bush Lane,Silver Spring,MD,20906,5,0115AL0351,Assisted Living Program,
Joshua 22-5 Assisted Living,1308 North Linwood Avenue,Baltimore,MD,21213,7,,Assisted Living Program,
Serendipity In Beltsville,4714 Powder Mill Road,Beltsville,MD,20705,5,01AL000875,Assisted Living Program,
"Amazing Care II, Inc",14911 New Hampshire Avenue,Silver Spring,MD,20905,8,0115AL0311,Assisted Living Program,
"Nightingale House, LLC",13004 Darnestown Road,Gaithersburg,MD,20878,8,0115AL0287,Assisted Living Program,
New Life Assisted Living IV,7924 Savage Guilford Road,Jessup,MD,20794,5,01AL001390,Assisted Living Program,
Q & C - Your Way Thru Assisted Living Home,9115 Field Avenue,Pikesville,MD,21208,3,N/A,Assisted Living Program,
Quality Care Homes,7916 Esther Drive,Oxon Hill,MD,20745,6,0116AL0847,Assisted Living Program,
North Oaks Retirement Community,725 Mount Wilson Lane,Baltimore,MD,21208,13,0103AL0260,Assisted Living Program,
Family Touch 2,7165 Fairbrook Road,Windsor Mill,MD,21244,4,0103AL1046,Assisted Living Program,
Joseph Home,2803 Aquarius Avenue,Silver Spring,MD,20906,8,0115AL0377,Assisted Living Program,
Friendship Place,6348 Sunny Spring,Columbia,MD,21044,5,0113AL115,Assisted Living Program,
Royal Star Assisted Living,1611 Chilton Street,Baltimore,MD,21218,,,Assisted Living Program,
Na's Place Part IIl,421 Rock Run Place,Havre De Grace,MD,21078,3,0112AL057,Assisted Living Program,
Amazing Grace Senior Care,6710 Parkwood Street,Hyattsville,MD,20784,4,0116AL557,Assisted Living Program,
Arden Courts Of Silver Spring,2505 Musgrove Road,Silver Spring,MD,20904,52,0115AL0399,Assisted Living Program,
Oak Lodge Senior Home IIl,7753 Outing Avenue,Pasadena,MD,21122,8,0102AL0261,Assisted Living Program,
Denise Holley Assisted Living,1406 Bellona Avenue,Lutherville,MD,21093,3,0103AL228,Assisted Living Program,
Better Days for Seniors,5735 Bugler Street,Capitol Heights,MD,20743,4,,Assisted Living Program,
"Lee's Almost Home, Inc.",10117 Keyser Point Road,Ocean City,MD,21842,6,0123AL012,Assisted Living Program,
Summit Assisted Living,7406 Summit Avenue,Chevy Chase,MD,20815,2,0115AL0342,Assisted Living Program,
Legacy Manor LLC,3806 Collier Road,Randallstown,MD,21133,3,,Assisted Living Program,
Brinkley Care Assisted Living,3053 Brighton Street,Baltimore,MD,21216,4,01AL000899,Assisted Living Program,
"Komfort & Kare, LLC",1525 Medford Road,Baltimore,MD,21218,4,01AL001609,Assisted Living Program,
"Montclaire Manor, Inc",11805 Wayne Ridge Street,Fulton,MD,20759,8,0113AL152,Assisted Living Program,
Minnie Blessings,4229 Nicholas Avenue,Baltimore,MD,21206,4,,Assisted Living Program,
"Family Touch Assisted Living, LLC (The)",7167 Fairbrook Road,Windsor Mill,MD,21244,4,0103AL0991,Assisted Living Program,
"Heartfelt Care Providers, LLC",3505 Windsor Mill Road,Baltimore,MD,21216,15,01AL001194,Assisted Living Program,
1 Stop Assisted Living 5,2306 West Lanvale Street,Baltimore,MD,21216,8,01AL001557,Assisted Living Program,
Erika And Eric Home Of Care II,2400 Roslyn Avenue,Baltimore,MD,21216,8,01AL000073,Assisted Living Program,
Wise Choice (A),6504 Mount Vernon Avenue,Baltimore,MD,21215,3,01AL001432,Assisted Living Program,
J.L. Care Enterprises,601 Aldershot Road,Baltimore,MD,21229,15,0103AL0746,Assisted Living Program,
Pomfret Manor,8820 King George Court,Pomfret,MD,20675,5,,Assisted Living Program,
Orchard Terrace At Edenton,5905 Edenton Court,Frederick,MD,21703,38,01AL000780,Assisted Living Program,
Seniority Living,3605 Hillsdale Road,Baltimore,MD,21207,8,01AL000176,Assisted Living Program,
Holbrock Estates At The Martin De Porres Center II,"908 Valley Street, Apartment 2",Baltimore,MD,21202,3,01AL001024,Assisted Living Program,
Mennonite Home,13436 Maugansville Road,Hagerstown,MD,21740,17,0121AL011,Assisted Living Program,
Eveline Gardens II,3209 Doycron Court,Baltimore,MD,21207,3,0103AL0744,Assisted Living Program,
Keeper Of All Hearts (A),2442 West Baltimore Street,Baltimore,MD,21223,4,0130AL3098,Assisted Living Program,
Assured Living,3012 Woodring Avenue,Baltimore,MD,21234,4,,Assisted Living Program,
Woods #1614,1614 Hickory Knoll Road,Sandy Spring,MD,20860,16,0115AL139,Assisted Living Program,
Willow Marsh Manor Assisted Living LLC,12710 Willow Marsh Lane,Bowie,MD,20720,5,01AL001555,Assisted Living Program,
"Woodmore House Assisted Living, Inc",1717 Largo Road,Upper Marlboro,MD,20774,55,01AL000154,Assisted Living Program,
"Henson Creek House, LLC",5075 Temple Hill Road,Temple Hills,MD,20748,16,01AL000059,Assisted Living Program,
Royal Residential Services LLC,6379 Shadow Shape Place,Columbia,MD,21045,5,01AL000327,Assisted Living Program,
Sagepoint Gardens 1,123 Morris Drive,La Plata,MD,20646,16,0108AL0109,Assisted Living Program,
"New Horizon Assisted Living, IV",16007 Pointer Ridge Drive,Bowie,MD,20716,5,,Assisted Living Program,
George's Assisted Living Facility,6908 Noah Drive,Fort Washington,MD,20744,5,0116AL0768,Assisted Living Program,
Angels Next Door,12706 Sholton Street,Upper Marlboro,MD,20774,4,01AL001819,Assisted Living Program,
"Joyous Living, Inc",11130 Philadelphia Road,White Marsh,MD,21162,15,0103AL1001,Assisted Living Program,
Lifesprings Eldercare II,6207 Joyce Drive,Temple Hills,MD,20748,8,0116AL466,Assisted Living Program,
"Calco's Assisted Living, LLC",5438 Sandyhill Road,Quantico,MD,21856,9,0122AL0052,Assisted Living Program,
Home Sweet Home 3,108 West Earleigh Heights Road,Severna Park,MD,21146,4,01AL000370,Assisted Living Program,
Rosa's Place Assisted Living,4412 Springdale Avenue,Baltimore,MD,21207,,,Assisted Living Program,
Angelic Hands Assisted Living,5801 Clover Road,Baltimore,MD,21215,8,01AL001098,Assisted Living Program,
Brightview Westminster Ridge,505 High Acre Drive,Westminster,MD,21157,78,01AL001372,Assisted Living Program,
In Community Senior Care,12703 Cherrywood Lane,Bowie,MD,20715,5,,Assisted Living Program,
"Mennonite Fellowship Home, Inc.",12349 Huyett Lane,Hagerstown,MD,21740,20,0121AL011,Assisted Living Program,
"Oak Crest Village, Inc",8830 Walther Boulevard,Parkville,MD,21234,173,0103AL0130,Assisted Living Program,
Whitelock Assisted Living,831 Whitelock Street,Baltimore,MD,21217,8,01AL001735,Assisted Living Program,
Hope A Home Offers Opportunity For Each Other Inc,607 Woodbourne Avenue,Baltimore,MD,21212,8,01AL000600,Assisted Living Program,
Eby Health Services V,3104 Lumar Drive,Fort Washington,MD,20744,5,01AL001601,Assisted Living Program,
My House Assisted Living Facilities,2817 Hillsdale Road,Baltimore,MD,21207,4,,Assisted Living Program,
Malta House - North,4916 Lasalle Road,Hyattsville,MD,20782,15,0116AL397,Assisted Living Program,
"Angel XI Assisted Living, INC",4731 Elison Avenue,Baltimore,MD,21206,4,,Assisted Living Program,
Wellness Assisted Living LLC,10412 Beaver Knoll Drive,Upper Marlboro,MD,20772,5,01AL000848,Assisted Living Program,
Ultimate Care Assisted Living,5005 Sipple Avenue,Baltimore,MD,21206,8,01AL000104,Assisted Living Program,
Vantage House,5400 Vantage Point Road,Columbia,MD,21044,26,0113AL0090,Assisted Living Program,
"Angels Arm, LLC",5205 Pembroke Avenue,Baltimore,MD,21206,4,,Assisted Living Program,
Charles Jr House,2608 Roslyn Avenue,Baltimore,MD,21216,3,01AL000527,Assisted Living Program,
Glen Hill,14269 Triadelphia Mill Road,Dayton,MD,21036,16,0113AL182,Assisted Living Program,
"Sunshyne Homes Assisted Living, LLC",5256 Cordelia Ave,Baltimore,MD,21215,,,Assisted Living Program,
"Pinkett's Assisted Living, LLC",1701 Lydonlea Way,Baltimore,MD,21239,3,0130AL2880,Assisted Living Program,
Ovalstone Comfort Home at Hollins Place,12800 Hollins Place,Bowie,MD,20716,5,,Assisted Living Program,
1 Stop Assisted Living 7,3857 Lyndale Avenue,Baltimore,MD,21213,4,,Assisted Living Program,
Augsburg Lutheran Home Maryland,6811 Campfield Road,Baltimore,MD,21207,64,0103AL0030,Assisted Living Program,
Independence Court Of Hyattsville,5821 Queens Chapel Road,Hyattsville,MD,20782,130,0116AL0360,Assisted Living Program,
Quail Run Assisted Living,9900 Walther Boulevard,Baltimore,MD,21234,16,0103AL677,Assisted Living Program,
Wintergrowth - Montgomery Center,18110 Prince Philip Drive,Olney,MD,20832,16,0115AL146,Assisted Living Program,
Ashleigh's Place,4914 Canvasback Court,Columbia,MD,21045,8,,Assisted Living Program,
Pinetree Homes #1,6881 Hungerford Road,Bryans Road,MD,20616,5,0108AL0119,Assisted Living Program,
Riderville Assisted Living LLC,13205 Clarington Court,Laurel,MD,20708,7,0116AL0811,Assisted Living Program,
Walker's Group Assisted Living,404 Oakwood Station Road,Glen Burnie,MD,21061,5,0102AL161,Assisted Living Program,
Angel Assisted Living LLC,8919 Hickory Hill Avenue,Lanham,MD,20706,16,0116AL454,Assisted Living Program,
Millie's Personal Care,5479 Moores Run Drive,Baltimore,MD,21206,3,,Assisted Living Program,
"Chiama Group, Inc",6709 Briarcliff Drive,Clinton,MD,20735,5,01AL001286,Assisted Living Program,
Meadows #1635,1635 Hickory Knoll Road,Sandy Spring,MD,20860,16,0115AL163,Assisted Living Program,
Holbrock Estates At The Martin De Porres Center IX,"908 Valley Street, Apartment 9",Baltimore,MD,21202,4,01AL001006,Assisted Living Program,
"Maranatha House Of Columbia, Inc",6118 Sebring Drive,Columbia,MD,21044,6,0113AL161,Assisted Living Program,
Norfield Acres II,5410 Norfield Road,Capitol Heights,MD,20743,5,01AL000792,Assisted Living Program,
Grace & Mercy Home Care,4131 West Forest Park Avenue,Baltimore,MD,21207,8,,Assisted Living Program,
"He Ain't Heavy Assisted Living Facility, LLC",46 South Kossuth Street,Baltimore,MD,21229,3,01AL000122,Assisted Living Program,
Pleasant Care,4914 Belair Road,Baltimore,MD,21206,4,01AL000934,Assisted Living Program,
A Home Full of Joy,4200 Stanwood Avenue,Baltimore,MD,21206,4,,Assisted Living Program,
Evergreen Valley Assisted Living,3009 Evergreen Avenue,Baltimore,MD,21214,15,01AL000124,Assisted Living Program,
Sterling Care at Harbor Pointe,611 Tressler Drive,Salisbury,MD,21801,40,0122AL0056,Assisted Living Program,
"Palmer Home Care Facility, Inc",3820 West Coldspring Lane,Baltimore,MD,21215,7,0130AL2694,Assisted Living Program,
Benevolent Care Corporation II,16107 Penn Manor Lane,Bowie,MD,20716,5,01AL001069,Assisted Living Program,
Golden Arms Assisted Living,881 Chesterfield Road,Annapolis,MD,21401,5,,Assisted Living Program,
Caring Cove Assisted Living,1727 Keokee Court,Hyattsville,MD,20783,5,0116AL0716,Assisted Living Program,
Salaam Estates II,1009 Dumbarton Road,Glen Burnie,MD,21060,5,01AL000604,Assisted Living Program,
"Reliable Quality Care, LLC",6504 Hopeton Avenue,Baltimore,MD,21215,4,,Assisted Living Program,
Harmony Hall Retirement Community,6336 Cedar Lane,Columbia,MD,21044,265,0113AL054,Assisted Living Program,
Comfort Fit Home Care II,690 209Th Street,Pasadena,MD,21122,5,01AL001100,Assisted Living Program,
House of Helping Hands II,1800 Ashburton Street,Baltimore,MD,21216,6,,Assisted Living Program,
Acts Assisted Living,3923 Roland Avenue,Baltimore,MD,21211,3,0130AL2301,Assisted Living Program,
Peachtree Manor Assisted Living,5402 Northwood Drive,Baltimore,MD,21239,3,01AL000752,Assisted Living Program,
"Loving Touch Personal Care, Inc",2229 Southland Road,Baltimore,MD,21207,5,0103AL009,Assisted Living Program,
Harmony House I,3511 Copley Road,Baltimore,MD,21215,3,01AL001043,Assisted Living Program,
All About You Assisted Living,5400 Daywalt Avenue,Baltimore,MD,21206,3,01AL000540,Assisted Living Program,
Rose Garden LLC,3443 Holland Drive,Federalsburg,MD,21632,4,01AL001525,Assisted Living Program,
Better Ways Assisted Living,504 Beaumont Avenue,Baltimore,MD,21212,4,,Assisted Living Program,
Morning Glory Assisted Living Home,17121 Longdraft Road,Gaithersburg,MD,20878,5,01AL001267,Assisted Living Program,
Maplebrook Home (The),8912 Maplebrook Road,Randallstown,MD,21133,7,01AL000427,Assisted Living Program,
Golden Crest Corporation IIl,1811 Albert Rill Road,Hampstead,MD,21074,16,N/A,Assisted Living Program,
Miracle Hands Care Services Assisted Living,12103 Myra Place,Bowie,MD,20715,5,,Assisted Living Program,
New Horizon Assisted Living,1104 Andean Goose Way,Upper Marlboro,MD,20774,5,01AL000830,Assisted Living Program,
Commons at Cumberland,506 White Avenue,Cumberland,MD,21502,16,0101AL041,Assisted Living Program,
Arden Courts Of Pikesville,8909 Reisterstown Road,Pikesville,MD,21208,45,0103AL1040,Assisted Living Program,
Winter Growth - Ruth Keeton House,5466 Ruth Keeton Way,Columbia,MD,21044,16,0113AL159,Assisted Living Program,
Amani Best Home Care,606 King Fisher Road,Edgewood,MD,21040,3,,Assisted Living Program,
"Abraham's Garden Assisted Living, Inc",15 Sloan Lane,Pasadena,MD,21122,7,01AL001150,Assisted Living Program,
Ednor's Elderly Home Care,9425 Curran Road,Silver Spring,MD,20901,5,0115AL207,Assisted Living Program,
Potomac Seniors Village 1,10501 Burbank Drive,Potomac,MD,20854,5,0115AL0405,Assisted Living Program,
Angels Alert IIl,6526 Greenmount Drive,Elkridge,MD,21075,8,0113AL014,Assisted Living Program,
Phil 4:13 Assisted Living,3825 Park Heights Avenue,Baltimore,MD,21215,7,01AL000831,Assisted Living Program,
"Isabell Home Care Assisted Living, LLC",11609 Candor Drive,Bowie,MD,20721,5,,Assisted Living Program,
Apple Blossoms Assisted Living Il,1015 Cresthaven Drive,Silver Spring,MD,20903,6,01AL001344,Assisted Living Program,
Taylor Care IV,4113 Penhurst Avenue,Baltimore,MD,21215,8,,Assisted Living Program,
Divine Enlargement I,3127 Cliftmont Avenue,Baltimore,MD,21213,7,,Assisted Living Program,
Autumn Meadows IIl,12620 Kavanaugh Lane,Bowie,MD,20715,6,0116AL381,Assisted Living Program,
Byron House,9210 Kentdale Drive,Potomac,MD,20854,35,0115AL171,Assisted Living Program,
Queen's Court at Graystone,10016 Graystone Drive,Upper Marlboro,MD,20772,5,,Assisted Living Program,
Pickersgill Retirement Community,615 Chestnut Avenue,Towson,MD,21204,138,0103AL0010,Assisted Living Program,
Mackey Group Home For The Elderly,5024 Adrian Street,Rockville,MD,20850,3,0115AL117,Assisted Living Program,
Father's Love (A),2812 Viceroy Avenue,District Heights,MD,20747,4,,Assisted Living Program,
Sterling Care at Frostburg Village,100 Village Parkway,Frostburg,MD,21532,35,0101AL0051,Assisted Living Program,
"WAWG II Assisted Living, LLC",1116 Stockton Street,Baltimore,MD,21217,5,,Assisted Living Program,
Caretech Assisted Living II,1878 Grempler Way,Edgewood,MD,21040,3,01AL001691,Assisted Living Program,
Family Care Incorporated,12105 Old Frederick Road,Marriotsville,MD,21104,15,,Assisted Living Program,
Ivy Manor Normandy II,2928 Normandy Drive,Ellicott City,MD,21043,8,0113AL0195,Assisted Living Program,
Compassionate Care Senior Assisted Living,4613 Coastal Boulevard,White Plains,MD,20695,5,01AL000610,Assisted Living Program,
Vaughan's Personal Care Boarding Home,106 Spesutia Road,Aberdeen,MD,21001,10,0112AL059,Assisted Living Program,
Young At Heart Care Home,2314 Old Washington Road,Westminster,MD,21157,3,0106AL061,Assisted Living Program,
Peace And Serenity Assisted Living,4010 Southern Avenue,Baltimore,MD,21206,8,01AL001071,Assisted Living Program,
"Lifespring, LLC",2200 Pleasant Villa Avenue,Catonsville,MD,21228,15,01AL000532,Assisted Living Program,
Assisted Living Of Potomac,11901 Falls Road,Potomac,MD,20854,8,01AL000809,Assisted Living Program,
Wylie Assisted Living,3027 Wylie Avenue,Baltimore,MD,21215,8,,Assisted Living Program,
"Forever Care, Inc.",827 Southridge Road,Catonsville,MD,21228,3,0103AL0962,Assisted Living Program,
Royal Residential Services,2224 Kings House Road,Silver Spring,MD,20905,6,01AL001686,Assisted Living Program,
Fine Living Care IIl,8513 Pinta Street,Clinton,MD,20735,8,01AL001262,Assisted Living Program,
Ultimate-Care Assisted Living Services,15504 Porsche Court,Bowie,MD,20716,5,01AL001880,Assisted Living Program,
"House Of Loving Hands, Inc",1235 Ashburton Street,Baltimore,MD,21216,4,01AL001615,Assisted Living Program,
Serenity Care,4627 Marble Hall Road,Baltimore,MD,21239,2,0130AL0850,Assisted Living Program,
Carol's Care,4015 91St Avenue,Springdale,MD,20774,5,0116AL0621,Assisted Living Program,
Home Away From Home Assisted Living,6923 Blanche Road,Baltimore,MD,21215,3,01AL001342,Assisted Living Program,
Angels Among Us,12820 Eastern Avenue,Baltimore,MD,21220,15,01AL000311,Assisted Living Program,
Park Heights Assisted Living,3827 Park Heights Ave,Baltimore,MD,21215,6,,Assisted Living Program,
My Sister's Place,21106 Tall Cedar Way,Germantown,MD,20876,6,01AL001752,Assisted Living Program,
Mamie's Loving Care II,522 Kisconko Turn,Fort Washington,MD,20744,8,0116AL433,Assisted Living Program,
Touch Of Love,3818 Woodbine Avenue,Baltimore,MD,21207,3,2430049,Assisted Living Program,
Sincerely Yours Assisted Living,15900 Williams Road Southeast,Cumberland,MD,21502,4,0101AL0049,Assisted Living Program,
Country Acres Assisted Living LLC,2470 Collison Drive,Westminster,MD,21157,16,01AL000121,Assisted Living Program,
Baycare Assisted Living at Pocomoke,302 Market Street,Pocomoke City,MD,21851,16,01AL000027,Assisted Living Program,
Morningside House At St. Charles,70 Village Street,Waldorf,MD,20602,99,0108AL049,Assisted Living Program,
Meadowview Assisted Living,3700 Meadowview Drive,Suitland,MD,20746,5,01AL000973,Assisted Living Program,
Dulce Hogar,11814 Pittson Road,Silver Spring,MD,20906,5,0115AL0321,Assisted Living Program,
Attrium Active Home,2701 Martello Drive,Silver Spring,MD,20904,8,0115AL0315,Assisted Living Program,
Golden Life Assisted Living,327 Garner Avenue,Waldorf,MD,20602,5,01AL000204,Assisted Living Program,
"House Of Tlc, Inc",3800 Parkside Drive,Baltimore,MD,21206,3,0130AL876,Assisted Living Program,
Willbur Assisted Living,1401 Alicia Drive,Upper Marlboro,MD,20774,5,1000594,Assisted Living Program,
"Caring Hearts At Harford, LLC",4532 Harford Road,Baltimore,MD,21214,8,01AL000894,Assisted Living Program,
Family Plus Assisted Living II,5708 Center Drive,Temple Hills,MD,20748,5,0116AL0629,Assisted Living Program,
Arise Assisted Living,3703 Essex Road,Baltimore,MD,21207,3,0103AL0938,Assisted Living Program,
Abbey Manor At Elkton I,One Colonial Manor Court,Elkton,MD,21921,16,0107AL0044,Assisted Living Program,
"North Pines Assisted Living Facility, Inc.",3316 Wilhelm Lane,Manchester,MD,21102,16,0106AL0091,Assisted Living Program,
"Comfort Zone Assisted Living, LLC",1510 Kennewick Road,Baltimore,MD,21218,4,01AL001416,Assisted Living Program,
Angel Assisted Living LLC,2509 Kitmore Lane,Bowie,MD,20715,8,0116AL0794,Assisted Living Program,
"Ridge Overlook, LLC",3816 Ridge Road,Westminster,MD,21157,16,0106AL0092,Assisted Living Program,
Churchville Meadows,211 Hopewell Road,Churchville,MD,21028,2,0112AL0112,Assisted Living Program,
Morningside House Of EIIIcott City,5330 Dorsey Hall Drive,Ellicott City,MD,21042,140,0113AL134,Assisted Living Program,
Ace Assisted Living,12704 Milan Way,Bowie,MD,20715,8,0116AL0737,Assisted Living Program,
Inns Of Evergreen Assisted Living LLC,8965 Double Hills Road,Denton,MD,21629,10,01AL001723,Assisted Living Program,
"Angel Assisted Living, LLC",3407 Marlborough Court,College Park,MD,20740,8,0116AL0745,Assisted Living Program,
YMC Assisted Living,12802 Babcock Lane,Bowie,MD,20715,5,,Assisted Living Program,
Pleasant Garden I,409 South Chapelgate Lane,Baltimore,MD,21229,8,01AL000624,Assisted Living Program,
"Serenity Home, LLC",7981 E Phirne Road,Glen Burnie,MD,21061,5,,Assisted Living Program,
Nichols Senior Care I,1111 Hanson Road,Edgewood,MD,21040,16,0112AL045,Assisted Living Program,
St Paul Assisted Living,2128 Saint Paul Street,Baltimore,MD,21218,8,01AL001751,Assisted Living Program,
Charlie's Angels Assisted Living II,2025 North Wolfe Street,Baltimore,MD,21213,4,01AL000844,Assisted Living Program,
"Home For The Blessed Ones Assisted Living (A), LLC",3604 Erdman Avenue,Baltimore,MD,21213,3,0130AL2687,Assisted Living Program,
Adelphi House IIl,2700 Rambler Place,Adelphi,MD,20783,5,0116AL0578,Assisted Living Program,
"All The Best Care Assisted Living, Inc",6 Clarendon Avenue,Pikesville,MD,21208,6,N/A,Assisted Living Program,
"Woodholme Manor, LLC",101 Woodholme Avenue,Pikesville,MD,21208,15,01AL000545,Assisted Living Program,
"Woods Of Sun Valley, LLC (The)",3830 Baker Road,Westminster,MD,21157,15,01AL000128,Assisted Living Program,
Raphael House - East,1517 Dunster Road,Rockville,MD,20854,16,0115AL124,Assisted Living Program,
Esther's Place At Montebello,2831 Montebello Terrace,Baltimore,MD,21214,12,0130AL845,Assisted Living Program,
Shangri-La Assisted Living,4475 Montgomery Road,Ellicott City,MD,21043,60,0113AL0225,Assisted Living Program,
"Hanover Assisted Living, LLC",1738 Maco Drive,Hanover,MD,21076,5,,Assisted Living Program,
"Bea's Beautiful Blessings, LLC",6409 Moyer Avenue,Baltimore,MD,21206,3,,Assisted Living Program,
Hands and Heart Assisted Living,6612 24th Avenue,Hyattsville,MD,20782,5,,Assisted Living Program,
Charlotte's Home II,13715 Village Mill Drive,Maugansville,MD,21767,15,0121AL028,Assisted Living Program,
Seeds Of Compassion,1317 North Stepney Road,Aberdeen,MD,21001,5,0112AL0120,Assisted Living Program,
Candice Cares,6824 Furman Parkway,Riverdale,MD,20737,5,0116AL0567,Assisted Living Program,
Home Away From Home Assisted Living LLC,2419 Shadyside Avenue,Suitland,MD,20746,5,01AL000484,Assisted Living Program,
Hebron Care Center,6812 McCormick Road,Upper Marlboro,MD,20772,5,,Assisted Living Program,
Precious Jewels Assisted Living,3933 Chaffey Road,Randallstown,MD,21133,4,01AL001266,Assisted Living Program,
Sarah's Place,10411 Oursler Park Drive,Clinton,MD,20735,5,01AL000164,Assisted Living Program,
Brookdale Westminster,45 Washington Road,Westminster,MD,21157,75,0106AL057,Assisted Living Program,
Mccaskill's Assisted Living II,3420 Ramona Avenue,Baltimore,MD,21213,3,01AL001103,Assisted Living Program,
Caraway Manor,2375 Oldfield Point Road,Elkton,MD,21921,16,0107AL030,Assisted Living Program,
Deborah Assisted Living Services,19940 Chesley Knoll Drive,Gaithersburg,MD,20879,6,0115AL0296,Assisted Living Program,
Trinity Care,6115 Landover Road,Cheverly,MD,20785,8,0116AL0779,Assisted Living Program,
New Start #3,"2809 Diamond Ridge Road, Apt. 101",Windsor Mill,MD,21244,4,0103AL703,Assisted Living Program,
Ginger Cove,4000 River Crescent Drive,Annapolis,MD,21401,6,0102AL0010,Assisted Living Program,
New Life Assisted Living II,8313 Church Lane,Ellicott City,MD,21043,5,01AL000843,Assisted Living Program,
Angels Quality Assisted Living & Respite Care,8610 McDaniel Road,Rosedale,MD,21237,6,,Assisted Living Program,
Senior Surround Care,128 Charlotte Avenue,Federalsburg,MD,21632,5,01AL000485,Assisted Living Program,
Pearson Care Home,"717 West Sunset Avenue, P.O. Box 63",Greensboro,MD,21639,2,0105AL002,Assisted Living Program,
Walker's Care Home,11034 Kristen Way,Worton,MD,21678,2,0114AL001,Assisted Living Program,
Severn Assisted Living,844 Stevenson Road,Severn,MD,21144,5,0102AL0278,Assisted Living Program,
Newbegin Care Home 2,2505 Bucklodge Road,Adelphi,MD,20783,4,01AL000709,Assisted Living Program,
Evergreen Gardens Assisted Living LLC,10120 Stansfield Road,Laurel,MD,20723,5,01AL001795,Assisted Living Program,
Mission Of Faith Assisted Living LLC,6109 84Th Avenue,New Carrollton,MD,20784,2,01AL000317,Assisted Living Program,
Prince Of Peace Assisted Living Facility,213 Surrey Circle Drive South,Fort Washington,MD,20744,5,0116AL0903,Assisted Living Program,
C & L Quality Home Care IIl,3901 Ridgecroft Road,Baltimore,MD,21206,4,0130AL2793,Assisted Living Program,
Joy Assisted Living,5334 Gist Avenue,Baltimore,MD,21215,4,0130AL2272,Assisted Living Program,
Angel Core Home Of Care At Parkmont,4304 Parkmont Avenue,Baltimore,MD,21206,7,01AL000966,Assisted Living Program,
Betty's And Debbie's Family Place I,5411 Walther Avenue,Baltimore,MD,21214,12,0130AL1075,Assisted Living Program,
Pat's Golden Girls Assisted Living & Respite Care,8529 Lucerne Road,Randallstown,MD,21133,4,0103AL0848,Assisted Living Program,
Catherine's House,13120 Cool Brook Lane,Clarksburg,MD,20871,5,0115AL0262,Assisted Living Program,
"Joyce's Home Of New Beginnings, Inc",4931 Old Court Road,Randallstown,MD,21133,3,01AL001109,Assisted Living Program,
Renee's Place Assisted Living,4200 Oxford Drive,Suitland,MD,20746,4,,Assisted Living Program,
Angel Assisted Living II,12618 Kornett Lane,Bowie,MD,20715,8,0116AL0843,Assisted Living Program,
House Of Love,9813 Jacqueline Drive,Fort Washington,MD,20744,5,0116AL548,Assisted Living Program,
Shamrock Home,9303 Pella Place,Clinton,MD,20735,5,0116AL440,Assisted Living Program,
"Crcare Of Clarksville, LLC",5313 Broadwater Lane,Clarksville,MD,21029,5,01AL001603,Assisted Living Program,
New Life Assisted Living Inc.,6901 Scarlet Oak Drive,Elkridge,MD,21075,8,0113AL180,Assisted Living Program,
Retreat At Sheppard Pratt (The),6501 North Charles Street,Baltimore,MD,21204,16,0103AL0747,Assisted Living Program,
Arbor At Baywoods (The),7101 Bay Front Drive,Annapolis,MD,21403,45,0102AL0217,Assisted Living Program,
Anne Dalton Home,13220 Idlewild Drive,Bowie,MD,20715,8,0116AL414,Assisted Living Program,
Heartland House,113 Perrys Corner Road,Grasonville,MD,21638,15,0117AL008,Assisted Living Program,
"Westfield Assisted Living, LLC",2822 Louise Ave,Baltimore,MD,21214,4,,Assisted Living Program,
Holbrock Estates at 9808 Tribonian Drive,9808 Tribonian Drive,Fort Washington,MD,20744,12,,Assisted Living Program,
Cheltenham Oaks Assisted Living LLC,9603 Allerton Terrace,Clinton,MD,20735,8,01AL000705,Assisted Living Program,
"Morningside House Of Friendship, LLC",7548 Old Telegraph Road,Hanover,MD,21076,103,0102AL160,Assisted Living Program,
Golden Age Inn Assisted Living,5934 Glennor Road,Baltimore,MD,21239,3,2430051,Assisted Living Program,
St Michael's Crossing,4103 Ethan Thomas Drive,Clinton,MD,20735,5,01AL000679,Assisted Living Program,
"Esthers Place, Inc",2926 Harford Road,Baltimore,MD,21218,40,01AL000124,Assisted Living Program,
New Horizon (A),5724 Onnen Road,Baltimore,MD,21206,3,01AL000770,Assisted Living Program,
Lily's Quality Care Assisted Living,5329 Hamlin Avenue,Baltimore,MD,21215,4,,Assisted Living Program,
Starcare Partners II,410 Garner Avenue,Waldorf,MD,20602,5,0108AL0119,Assisted Living Program,
Clayton Comfort Care Of Maryland,2500 Briggs Chaney Road,Colesville,MD,20905,8,0115AL0343,Assisted Living Program,
Laytonsville Estates Assisted Living II,8220 Brink Road,Laytonsville,MD,20882,8,01AL001584,Assisted Living Program,
"A Place for Me Assisted Living, LLC",830 Stamford Rd,Baltimore,MD,21229,4,,Assisted Living Program,
Peaceful Life Assisted Living,1208 Adams Road,Waldorf,MD,20602,4,0108AL0111,Assisted Living Program,
"Because We Care, LLC",511 Rossiter Avenue,Baltimore,MD,21212,4,,Assisted Living Program,
Morning Rainbow Assisted Living,147 Mountain Road,Pasadena,MD,21122,16,01AL000574,Assisted Living Program,
Just About Family,4222 Penhurst Avenue,Baltimore,MD,21215,8,0130AL2707,Assisted Living Program,
"Crystal Manor Assisted Living, Inc",5610 Gwynndale Avenue,Baltimore,MD,21207,4,01AL000116,Assisted Living Program,
1 Stop Assisted Living,1804 Ruxton Avenue,Baltimore,MD,21216,5,01AL001015,Assisted Living Program,
"Hazelwood Manor, LLC",1506 Hazel Street,Baltimore,MD,21226,5,,Assisted Living Program,
"Sun Valley Assisted Living, LLC",4115 Ridge Road,Westminster,MD,21157,23,0106AL0088,Assisted Living Program,
Villa Belle Moon Assisted Living Inc,6305 Tuckerman Lane,Rockville,MD,20852,8,01AL000568,Assisted Living Program,
Holbrock Estates At River Pointe Apt Homes IIl,"8402 Indian Head Highway, Apartment C-1",Fort Washington,MD,20744,5,01AL001255,Assisted Living Program,
Brookdale Woodard Estates,14997 Health Center Drive,Bowie,MD,20716,100,0116AL0748,Assisted Living Program,
Mike-WiIIIam Assisted Living Facility LLC,7404 Ben Drive,Oxon Hill,MD,20745,8,0116AL0904,Assisted Living Program,
Assisted Living Of Rockville II Inc,13700 Parkland Drive,Rockville,MD,20853,8,01AL001084,Assisted Living Program,
"Ammahl Home For The Elderly, Inc",16700 Batchellors Forest Road,Olney,MD,20832,11,0115AL086,Assisted Living Program,
Second Genesis IIl,3737 Courtleigh Drive,Randallstown,MD,21133,7,01AL000096,Assisted Living Program,
Ann's Place,4101 Boarman Avenue,Baltimore,MD,21215,3,0130AL558,Assisted Living Program,
Woodlands (The),"1135 Ocean Parkway, Building #3",Berlin,MD,21811,49,01AL001529,Assisted Living Program,
Castle Of Love IIi Assisted Living Home,14711 Mount Calvert Road,Upper Marlboro,MD,20772,8,0116AL0803,Assisted Living Program,
Assisted Living at Ravenwood,1158 Luther Drive,Hagerstown,MD,21740,49,,Assisted Living Program,
Riva Terrace Iv,1671 Pleasant Plains Road,Annapolis,MD,21401,4,0102AL0226,Assisted Living Program,
Cozy House Adult Care,3905 Fleetwood Avenue,Baltimore,MD,21206,3,0130AL2500,Assisted Living Program,
Assisted Living Well Compassionate Care lll,259 West Pasadena Road,Millersville,MD,21108,5,N/A,Assisted Living Program,
Marlea Manor,4405 Raspe Avenue,Baltimore,MD,21206,8,0130AL1440,Assisted Living Program,
Victoria's Meadows Assisted Living,12503 Garrow Drive,Big Spring,MD,21722,4,0121AL059,Assisted Living Program,
Riva Terrace,3073 Riverview Road,Riva,MD,21140,5,0102AL142,Assisted Living Program,
Beulah Spring Assisted Living,13908 Edsall Road,Upper Marlboro,MD,20772,5,,Assisted Living Program,
"T & E Cares, LLC",1724 Wycliffe Avenue,Parkville,MD,21234,2,01AL001013,Assisted Living Program,
"CoIIIngton Episcopal Life Care Community, Inc",10450 Lottsford Road,Mitchellville,MD,20721,65,0116AL0340,Assisted Living Program,
Serenity Gardens Assisted Living LLC,10829 Burbank Drive,Potomac,MD,20854,6,N/A,Assisted Living Program,
La Casa De Rosa LLC,8433 Woodward Street,Savage,MD,20763,5,01AL000233,Assisted Living Program,
"Bright Side Assisted Living Providers, LLC",2804 Blazer Court,Silver Spring,MD,20906,8,01AL000767,Assisted Living Program,
"Bea's Beautiful Blessing, LLC",3224 Woodring Avenue,Baltimore,MD,21234,7,01AL001579,Assisted Living Program,
New Horizon Assisted Living III,12643 Heming Lane,Bowie,MD,20716,5,,Assisted Living Program,
The Charleston Senior Community,45 Saint Patricks Drive,Waldorf,MD,20603,126,N/A,Assisted Living Program,
"Aunt Shug's Assisted Living, Inc",4311 Belvieu Avenue,Baltimore,MD,21215,4,0130AL2856,Assisted Living Program,
Life In The Country,6 Fiona Way,Knoxville,MD,21758,4,01AL001608,Assisted Living Program,
Cozy Care,12803 Boxwood Court,Union Bridge,MD,21791,4,0106AL021,Assisted Living Program,
"Elder Companion Home Of Md II, LLC",4 Saddlerock Court,Silver Spring,MD,20902,8,0115AL121,Assisted Living Program,
Holbrock Estates At The Martin De Porres Ctr Vlll,"908 Valley Street, Apartment 8",Baltimore,MD,21202,4,01AL000798,Assisted Living Program,
Bed Of Roses Assisted Living & Respite Care LLC,3725 Eastman Road,Randallstown,MD,21133,4,0103AL0977,Assisted Living Program,
Comfort Care Of Kensington,4219 Kensington Road,Baltimore,MD,21229,4,0103AL256,Assisted Living Program,
Emmanuel Care II,2988 Mount Etna Circle,Ellicott City,MD,21043,5,0113AL0229,Assisted Living Program,
Sun Valley At The Meadows LLC,4113 Ridge Road,Westminster,MD,21157,20,01AL000689,Assisted Living Program,
Kps Assisted Living Homes II,1705 West Lombard Street,Baltimore,MD,21223,3,01AL001017,Assisted Living Program,
Comforts Of Home (The),9101 Bengal Road,Randallstown,MD,21133,4,01AL000107,Assisted Living Program,
Raphael House - West,1515 Dunster Road,Rockville,MD,20854,15,0115AL125,Assisted Living Program,
Hillhaven Assisted Living Nursing & Rehabilitation,3210 Powder Mill Road,Adelphi,MD,20783,64,0116AL0570,Assisted Living Program,
Casa Living,13809 Dr Edelen Drive,Accokeek,MD,20607,7,,Assisted Living Program,
"One Care Providers (A), LLC Assisted Living",4807 Brandon Lane,Beltsville,MD,20705,5,01AL001141,Assisted Living Program,
Woods #1616,1616 Hickory Knoll Road,Sandy Spring,MD,20860,16,0115AL140,Assisted Living Program,
Mohawk Manor 3,3602 Mohawk Avenue,Baltimore,MD,21207,8,,Assisted Living Program,
In Loving Hands,8402 Lucille Court,Fort Washington,MD,20744,15,0116AL0894,Assisted Living Program,
Holbrock Estates At Sherwood Drive,9403 Sherwood Drive,Upper Marlboro,MD,20772,5,01AL001156,Assisted Living Program,
Triple Care,1616 Perryville Road,Perryville,MD,21903,5,01AL001246,Assisted Living Program,
Kensington Park Retirement Community,3616-3618 Littledale Road,Kensington,MD,20895,160,0115AL0358,Assisted Living Program,
"Awakenings Of Bel Air, Inc",408 Sassafras Court,Bel Air,MD,21015,3,01AL000854,Assisted Living Program,
Hattie's House,5818 Galloway Drive,Oxon Hill,MD,20745,3,,Assisted Living Program,
"Chelsea Manor, Inc",2309 Chelsea Terrace,Baltimore,MD,21216,15,0130AL2198,Assisted Living Program,
"Devine Hand, Inc.",4105 Century Road,Baltimore,MD,21206,3,,Assisted Living Program,
1 Stop Assisted Living 4,1824 Rayner Avenue,Baltimore,MD,21217,4,01AL001398,Assisted Living Program,
Autumn Quest Assisted Living,8437 Jopenda Drive,Ellicott City,MD,21043,4,,Assisted Living Program,
First In Quality Care - Pinefield Assisted Living,2309 Pinefield Road,Waldorf,MD,20601,5,01AL000611,Assisted Living Program,
Bwf Place,8222 Stewarton Court,Severn,MD,21144,3,0102AL167,Assisted Living Program,
Gentleman's Club At Lakewood East Alf,515 North Lakewood Avenue,Baltimore,MD,21205,3,01AL000680,Assisted Living Program,
Angel Core Home Of Care,4719 Elison Avenue,Baltimore,MD,21206,5,0130AL2741,Assisted Living Program,
Provident Community Care,3629 Old Washington Road,Waldorf,MD,20602,5,,Assisted Living Program,
Potomac Gardens Senior Home LLC,11719 Devilwood Drive,Potomac,MD,20854,6,01AL001722,Assisted Living Program,
Jones-Williams Family Care,3716 Park Heights Avenue,Baltimore,MD,21215,8,,Assisted Living Program,
Sunny Acres,33 Doctor Carr Road,North East,MD,21901,15,01AL001245,Assisted Living Program,
Casa Living II,1211 Farmington Avenue,Accokeek,MD,20607,8,,Assisted Living Program,
Comfort City Assisted Living,1135 Myrtle Avenue,Baltimore,MD,21201,4,01AL001539,Assisted Living Program,
Maple Hill,10711 Harding Road,Laurel,MD,20723,16,0113AL0220,Assisted Living Program,
"Helpful Hands, LLC",3403 Southern Avenue,Baltimore,MD,21214,7,N/A,Assisted Living Program,
Millennium Assisted Living LLC (The),1419 Kitmore Road,Baltimore,MD,21239,5,01AL001243,Assisted Living Program,
"Strength to Love Assisted Living, LLC",2209 E North Avenue,Baltimore,MD,21213,3,,Assisted Living Program,
Rutherford Manor,745 Governor Bridge Road,Davidsonville,MD,21035,10,0102AL0289,Assisted Living Program,
"Forest Hill Heights, LLC",1 Colgate Drive,Forest Hill,MD,21050,92,01AL001738,Assisted Living Program,
Clem And Doll Assisted Living I,8337 Liberty Road,Baltimore,MD,21244,6,0103AL698,Assisted Living Program,
Assisted Living Well Compassionate Care II,271 West Pasadena Road,Millersville,MD,21108,16,0102AL0269,Assisted Living Program,
Sam Sunflower,12700 Hoven Lane,Bowie,MD,20716,5,,Assisted Living Program,
"Compassionate Care Assisted Living, LLC",2214 Pecan Lane,Bowie,MD,20716,5,0116AL0850,Assisted Living Program,
Step From Home (A),1637 Chilton Street,Baltimore,MD,21218,3,0130AL218,Assisted Living Program,
Calvert Hills Assisted Living of Waldorf,2366 Mail Coach Ct,Waldorf,MD,20602,4,,Assisted Living Program,
Holbrock Estates At The Martin De Porres Center I,"908 Valley Street, Apartment 1",Baltimore,MD,21202,4,01AL001023,Assisted Living Program,
"Norma's Place 2, LLC",4601 1/2 Bowleys Lane,Baltimore,MD,21206,3,2430033,Assisted Living Program,
Bea's Hive Assisted Living,7410 South Osbourne Road,Upper Marlboro,MD,20772,5,,Assisted Living Program,
"Bridgecare Assisted Living, LLC",4405 Rokeby Road,Baltimore,MD,21229,8,,Assisted Living Program,
Serenity Garden Manor Corporation,2311 Roslyn Avenue,Baltimore,MD,21216,15,01AL000078,Assisted Living Program,
Dimples Manor lll,1901 Hambrooks Blvd,Cambridge,MD,21613,4,,Assisted Living Program,
Hillwood,7401 Bradley Boulevard,Bethesda,MD,20817,8,N/A,Assisted Living Program,
"Unlimited Blessings Foundation, Inc.",940 North Eden Street,Baltimore,MD,21205,3,,Assisted Living Program,
"Marian Assisted Living, Inc",19109 Georgia Avenue,Brookeville,MD,20833,44,0115AL185,Assisted Living Program,
Comfort Care Assisted Living,8024 Solley Road,Glen Burnie,MD,21060,4,01AL001236,Assisted Living Program,
Vision Of Glory,2235 Brookfield Avenue,Baltimore,MD,21217,8,0130AL345,Assisted Living Program,
Arcadia Assisted Living LLC,402 Castle Marina Drive,Chester,MD,21619,15,01AL000479,Assisted Living Program,
Hilltop Vistas Assisted Living,16505 Virginia Avenue,Williamsport,MD,21795,66,0121AL036,Assisted Living Program,
Able Hands Adult Care LLC,5602 Lundy Drive,Lanham,MD,20706,5,01AL001672,Assisted Living Program,
Saint Lukes Assisted Living,613 West Isabella Street,Salisbury,MD,21801,3,0122AL0058,Assisted Living Program,
Dynamic Nurturing Services,14421 Gunstock Court,Silver Spring,MD,20906,5,0115AL0229,Assisted Living Program,
Peaceful Life Assisted Living Crestview Manor,7029 Groveton Drive,Clinton,MD,20735,8,0116AL0829,Assisted Living Program,
"India & Hearts, LLC",5303 Sipple Avenue,Baltimore,MD,21206,7,,Assisted Living Program,
"Monique's Home, Inc",11329 Frances Drive,Beltsville,MD,20705,5,01AL000721,Assisted Living Program,
Green Haven Assisted Living #2,15804 Presswick Lane,Bowie,MD,20716,5,N/A,Assisted Living Program,
Lorien Taneytown Assisted Living,100 Antrium Boulevard,Taneytown,MD,21787,69,01AL001168,Assisted Living Program,
Kingsgate Manor,1514 Kingsgate Street,Bowie,MD,20721,5,01AL001619,Assisted Living Program,
Sweet Rest And Care II,3010 Clifton Avenue,Baltimore,MD,21216,8,01AL000967,Assisted Living Program,
"Montgomery Eldercare, LLC",15016 Eastway Drive,Colesville,MD,20905,5,01AL001059,Assisted Living Program,
Harrison's Home Care,2935 North Edgecombe Circle,Baltimore,MD,21215,3,01AL000701,Assisted Living Program,
All About Caring,2424 East Chase Street,Baltimore,MD,21213,3,0130AL2418,Assisted Living Program,
Martha Assisted Living II,3609 Blankenship Court,Olney,MD,20832,4,01AL001605,Assisted Living Program,
Belnord Manor,24 Brownfield Loop,Elkton,MD,21921,8,0107AL035,Assisted Living Program,
Cranberry Cottage Vlll,186 Campus Green Drive,Arnold,MD,21012,8,0102AL0273,Assisted Living Program,
"Marlyn Place Alf, LLC",951 North Marlyn Avenue,Baltimore,MD,21221,7,0103AL946,Assisted Living Program,
"Cordial Care Assisted Living, LLC",13118 Layhill Road,Silver Spring,MD,20906,4,01AL001625,Assisted Living Program,
Golden Care Club,2516 Bellefield Court,Fort Washington,MD,20744,5,,Assisted Living Program,
WiIIIams House Assisted Living And Respite Care,3702 Ladova Way,Springdale,MD,20774,5,01AL000018,Assisted Living Program,
We Care Home Care,3001 Gwynns Falls Parkway,Baltimore,MD,21216,4,01AL000229,Assisted Living Program,
Mamie's Loving Care IIl,6409 Carrick Place,Temple Hills,MD,20748,5,01AL000058,Assisted Living Program,
Passionate Assisted Living,5911 Loch Raven,Baltimore,MD,21239,5,,Assisted Living Program,
Sunrise of America,4925 Battery Lane,Bethesda,MD,20814,178,,Assisted Living Program,
Lyla Haven South,925 Bridgeview Road,Baltimore,MD,21225,5,,Assisted Living Program,
Greenfield Senior Living At Bel Air 2,1409 Saint Francis Road,Bel Air,MD,21014,16,01AL001596,Assisted Living Program,
Brookdale Towson,6451 North Charles Street,Baltimore,MD,21212,92,01AL001389,Assisted Living Program,
Homestead Manor Assisted Living,410 Colonial Drive,Denton,MD,21629,85,0105AL026,Assisted Living Program,
Inspirations Memory Care of Lutherville I,1414 Front Avenue,Lutherville,MD,21093,16,0103AL0920,Assisted Living Program,
Apple Blossoms Assisted Living,1013 Cresthaven Drive,Silver Spring,MD,20903,5,0115AL0226,Assisted Living Program,
Specialized Elder Care,536 East Drive,Severna Park,MD,21146,4,0102AL022,Assisted Living Program,
Necitas 3 Assisted Living Home,119 Shaw Avenue,Silver Spring,MD,20904,8,01AL001317,Assisted Living Program,
Emmanuel Care Center I,2992 Mount Etna Circle,Ellicott City,MD,21042,8,0113AL088,Assisted Living Program,
"Gental Touch Assisted Living, LLC",3609 E Northern Pkwy,Baltimore,MD,21206,7,,Assisted Living Program,
Rita's Adult Home Care II,5607 Jefferson Heights Drive,Capitol Heights,MD,20743,8,0116AL0787,Assisted Living Program,
"A & R Comfort Care, LLC",19021 North Frederick Road,Gaithersburg,MD,20879,6,,Assisted Living Program,
Innovative Assisted Living,6726 Longridge Drive,Lanham,MD,20706,5,01AL000390,Assisted Living Program,
"Bethania Care Home, Inc",1305 Uniontown Road,Westminster,MD,21158,14,0106AL045,Assisted Living Program,
"Shenell's Helping Hands, LLC",352 Ahern Drive,Edgewood,MD,21040,5,0112AL0125,Assisted Living Program,
Heartfields At Bowie,7600 Laurel Bowie Road,Bowie,MD,20715,52,0116AL492,Assisted Living Program,
Affluent Living,4106 Maine Avenue,Baltimore,MD,21207,10,,Assisted Living Program,
"Hummingbird Assisted Living, LLC",4102 West Forest Park Ave,Baltimore,MD,21207,4,01AL001805,Assisted Living Program,
By God's Grace,5011 Floral Park Road,Brandywine,MD,20613,5,01AL001617,Assisted Living Program,
Somerford House - Frederick,2100-A Whittier Drive,Frederick,MD,21702,52,0110AL024,Assisted Living Program,
Jones Acres,1349 Jones Station Road,Arnold,MD,21012,15,0102AL131,Assisted Living Program,
Pear Tree Manor,37 Pear Tree Lane,Colora,MD,21917,8,01AL000161,Assisted Living Program,
Springtime Home IV,804 Cypress Point Circle,Mitchellville,MD,20721,8,0116AL0662,Assisted Living Program,
Taylor Farm Assisted Living - Aaron House,21748 Oscar Hayden Road,Bushwood,MD,20618,8,0118AL0012,Assisted Living Program,
Charlotte Hall Veterans Home,29449 Charlotte Hall Road,Charlotte Hall,MD,20622,168,,Assisted Living Program,
Maples Of Towson (The),7925 York Road,Towson,MD,21204,80,0103AL0861,Assisted Living Program,
Windsor Crest Care Home,6951 Copperbend Lane,Baltimore,MD,21209,3,0103AL670,Assisted Living Program,
Home Away From Home,9727 Wyman Way,Bowie,MD,20718,8,,Assisted Living Program,
Hanson Home Care II,1722 East 31St Street,Baltimore,MD,21218,4,0130AL3004,Assisted Living Program,
Sunrise Of Frederick,990 Waterford Drive,Frederick,MD,21702,88,0110AL013,Assisted Living Program,
Potomac Grace Assisted Living Facility,10510 South Glen Road,Potomac,MD,20854,6,N/A,Assisted Living Program,
Angels And Blessings Assisted Living,5913 Charles Street,Baltimore,MD,21207,3,0103AL0843,Assisted Living Program,
Sunset Home for the Elderly 2,8421 Dunbar Avenue,Hyattsville,MD,20785,5,,Assisted Living Program,
Agape Assisted Living,6427 24th Place,Hyattsville,MD,20782,6,0116AL0715,Assisted Living Program,
Caring For You IIl Assisted Living,2926 Edison Highway,Baltimore,MD,21213,4,01AL001613,Assisted Living Program,
Paradise Assisted Living LLC,6348 Frederick Road,Catonsville,MD,21228,45,01AL000833,Assisted Living Program,
A And T Quality Care Assisted Living,4769 Melbourne Road,Baltimore,MD,21229,4,01AL000579,Assisted Living Program,
"Rose Assisted Living,LLC",11012 Gates Drive,Fort Washington,MD,20744,4,,Assisted Living Program,
Sah - Rang - Bong Care II,10804 Hunting Lane,Columbia,MD,21044,8,0113AL0218,Assisted Living Program,
Evangel Care,1409 Belle Haven Drive,Landover,MD,20785,5,,Assisted Living Program,
Nottingham Place,3824 Deckerts Lane,Baltimore,MD,21236,8,01AL001341,Assisted Living Program,
J'Rose Assisted Living lll,15101 Serbian Lane,Burtonsville,MD,20866,5,,Assisted Living Program,
"Victorian Inn, Inc.",3216 Taylor Avenue,Baltimore,MD,21234,16,01AL000007,Assisted Living Program,
"Better Beginnings, LLC",8616 Glenarden Parkway,Glenarden,MD,20706,5,01AL001766,Assisted Living Program,
Brookeville House,2505 Brown Farm Court,Brookeville,MD,20833,8,01AL000298,Assisted Living Program,
"The Waterfalls of Catonsville, LLC",305 North Rolling Road,Catonsville,MD,21228,8,,Assisted Living Program,
Trinity Arms Assisted Living,4122 Duvall Avenue,Baltimore,MD,21216,6,01AL000120,Assisted Living Program,
Aberdeen House II,14304 Bauer Drive,Rockville,MD,20853,8,0115AL0334,Assisted Living Program,
Heartfelt Care Providers at Wentworth 2,4413 Wentworth Road,Baltimore,MD,21207,8,,Assisted Living Program,
Caring Outreach For Seniors Corporation,1511 Aragona Boulevard,Fort Washington,MD,20744,5,01AL000800,Assisted Living Program,
Fruitful Love Christian Home Care I,6222 Northwood Drive,Baltimore,MD,21212,3,0130AL2495,Assisted Living Program,
Fruitful Love Christian Home II,6215 Northwood Drive,Baltimore,MD,21212,4,2430001,Assisted Living Program,
Foxmoor Estates Assisted Living II,23514 Woodfield Road,Gaithersburg,MD,20882,5,01AL001211,Assisted Living Program,
Crcare Of Laurel,6103 Parkway Drive,Laurel,MD,20707,8,0116AL0776,Assisted Living Program,
Trinity Arms Assisted Living II,2800 Mosher Street,Baltimore,MD,21216,6,0130AL2234,Assisted Living Program,
Senator Bob Hooper House,2007 Klein Plaza Drive,Forest Hill,MD,21050,8,0112AL0125,Assisted Living Program,
Sunrise Of Annapolis,800 Bestgate Road,Annapolis,MD,21401,106,0102AL0180,Assisted Living Program,
"Seniors Matter, LLC",12817 Meadow Brook Lane,Waldorf,MD,20601,4,,Assisted Living Program,
Eden Homes At Wildwood,5807 Ipswich Road,Bethesda,MD,20814,8,0115AL0325,Assisted Living Program,
G II G Life Living Center,544 North Fulton Avenue,Baltimore,MD,21223,,,Assisted Living Program,
John B. Parsons Home,300 Lemmon Hill Lane,Salisbury,MD,21801,49,0122AL002,Assisted Living Program,
Sunny Shores,11607 Admiral Court,Laurel,MD,20708,5,01AL001632,Assisted Living Program,
Na's Place A Haven Of Rest,1604 Browns Road,Essex,MD,21221,9,0103AL179,Assisted Living Program,
Spirit Of Life I,802 Mago Vista Road,Arnold,MD,21012,4,0102AL030,Assisted Living Program,
Marian's Assisted Living,727 Delmar Avenue,Glen Burnie,MD,21061,5,01AL000017,Assisted Living Program,
Autumn Meadows IV,12619 Kavanaugh Lane,Bowie,MD,20715,6,0116AL382,Assisted Living Program,
Elder Companion Home Of Md I LLC,410 Torrington Place,Silver Spring,MD,20901,8,0115AL122,Assisted Living Program,
"Bowie Assisted Living, Inc.",12001 Lanham Severn Road,Bowie,MD,20720,15,0116AL0703,Assisted Living Program,
Sabbath Place (The),4847 Aberdeen Avenue,Baltimore,MD,21206,3,0130AL0950,Assisted Living Program,
"Montford Assisted Living, LLC",920 Montford Avenue,Baltimore,MD,21213,3,0130AL2379,Assisted Living Program,
Sah - Rang - Bong Care I,10717 Hunting Lane,Columbia,MD,21044,8,0113AL0202,Assisted Living Program,
Taylor & Jackie Assisted Living II,3503 Hamilton Avenue,Baltimore,MD,21214,8,,Assisted Living Program,
"Golden View Assisted Living, LLC",4407 Frankford Avenue,Baltimore,MD,21206,6,,Assisted Living Program,
"House Of Joseph, LLC",4801 Parkmont Lane,Upper Marlboro,MD,20772,5,0116AL0882,Assisted Living Program,
Center For Care & Compassion Assisted Living Facil,8702 Hamin Street,Hyattsville,MD,20785,5,01AL001101,Assisted Living Program,
Brightview Fallsgrove,9200 Darnestown Road,Rockville,MD,20850,100,,Assisted Living Program,
Esther's Place At Strathmore,2901 East Strathmore Avenue,Baltimore,MD,21214,16,01AL000644,Assisted Living Program,
"Dimples Manor, ll",1506 Winters Court,Cambridge,MD,21613,4,,Assisted Living Program,
"Easter Adult Care, Inc",3511 Alameda Circle,Baltimore,MD,21218,4,01AL001037,Assisted Living Program,
Bethany Living,13 Cullinan Drive,Gaithersburg,MD,20878,5,01AL000313,Assisted Living Program,
Golden Touch Care,4302 Sarasota Place,Beltsville,MD,20705,5,0116AL531,Assisted Living Program,
"Tyrell's Housing, Llp",3425 Chapman Road,Randallstown,MD,21133,8,0103AL0948,Assisted Living Program,
"Home Care Services, LLC",3509 Greenmount Avenue,Baltimore,MD,21218,5,,Assisted Living Program,
Caritas House Assisted Living,3308 Benson Avenue,Baltimore,MD,21227,60,0130AL2546,Assisted Living Program,
Symphony Manor Premier Assisted Living And Memory,4301 Roland Avenue,Baltimore,MD,21210,69,01AL000967,Assisted Living Program,
Loving Care Home,3415 Cedardale Road,Baltimore,MD,21215,3,,Assisted Living Program,
Key To Heart,3032 Harlem Avenue,Baltimore,MD,21216,4,01AL001097,Assisted Living Program,
Record Street Home - Home For The Aged,115 Record Street,Frederick,MD,21701,29,0110AL0030,Assisted Living Program,
"Unlimited Solutions Adult Care ll, LLC",1346 Kitmore Road,Baltimore,MD,21239,5,01AL001223,Assisted Living Program,
"Qualisure Care, LLC",8403 Grandhaven Avenue,Upper Marlboro,MD,20772,4,01AL001459,Assisted Living Program,
Miracle Hands Care Services Assisted Living,5705 Misty Drive,Lanham,MD,20706,5,01AL001314,Assisted Living Program,
Morning Star Assisted Living,13311 Santa Anita Road,Laurel,MD,20708,5,0116AL0810,Assisted Living Program,
"We Care First, LLC",2902 Bayonne Avenue,Baltimore,MD,21214,8,0130AL2979,Assisted Living Program,
Meadows #1639,1639 Hickory Knoll Road,Sandy Spring,MD,20860,16,0115AL137,Assisted Living Program,
Adelphi House I,8402 Rambler Drive,Adelphi,MD,20783,8,0116AL377,Assisted Living Program,
Martin's Wood LLC,1813 Old Eastern Avenue,Essex,MD,21221,97,0103AL0856,Assisted Living Program,
Reynolds Retirement,1574 Colora Road,Colora,MD,21917,10,01AL000243,Assisted Living Program,
"Hands Of Harmony Home Care, LLC",6007 Johnnycake Road,Baltimore,MD,21207,3,01AL001413,Assisted Living Program,
"Perseverance Care, LLC",7810 Temple Street,Hyattsville,MD,20783,5,,Assisted Living Program,
Brookdale Pikesville,1840 Reisterstown Road,Pikesville,MD,21208,116,01AL001388,Assisted Living Program,
Country Gardens Assisted Living,"12752 Scaggsville Road, Route 216",Highland,MD,20777,15,0113AL145,Assisted Living Program,
Love 2 Care,3810 Fernhill Avenue,Baltimore,MD,21215,8,,Assisted Living Program,
Autumn Meadows V,1262 Defense Highway,Gambrills,MD,21054,15,0102AL115,Assisted Living Program,
Caring Place (A),7700 Oakleigh Road,Parkville,MD,21234,10,0103AL578,Assisted Living Program,
"New Life Healthy Living, LLC",7600 Clays Lane,Windsor Mill,MD,21244,102,01AL000763,Assisted Living Program,
House Of Peace,3725 Belle Avenue,Baltimore,MD,21215,7,0130AL1049,Assisted Living Program,
Ok Family Care Assisted Living,6650 Belair Road,Baltimore,MD,21206,14,N/A,Assisted Living Program,
Woodlands Assisted Living Community,1320 Windlass Drive,Baltimore,MD,21220,70,01AL001215,Assisted Living Program,
"Living Well Assisted Living, LLC",12614 Kavanaugh Lane,Bowie,MD,20715,4,01AL001200,Assisted Living Program,
Wright's Enterprise IIl,352 Laburnum Road,Edgewood,MD,21040,2,0112AL049,Assisted Living Program,
"Liberty Garden Elderly Care, Inc.",1670 Liberty Grove Road,Conowingo,MD,21918,12,01AL000161,Assisted Living Program,
G B Care,1899 Red Toad Road,Port Deposit,MD,21904,2,01AL000682,Assisted Living Program,
Greenway Manor,2913 Greenway Drive,Ellicott City,MD,21042,8,0113AL0233,Assisted Living Program,
"New Life Care, Inc.",2723 West Fairmount Ave,Baltimore,MD,21223,4,,Assisted Living Program,
Rose Garden Cottage,8010 Catherine Avenue,Pasadena,MD,21122,7,0102AL177,Assisted Living Program,
Loving Care Home,3936 Tiverton Road,Randallstown,MD,21133,3,0103AL0751,Assisted Living Program,
Joy's Blessing I,3919 Innerdale Court,Randallstown,MD,21133,5,01AL000302,Assisted Living Program,
Chalet (The),4211 Linthicum Road,Dayton,MD,21036,8,,Assisted Living Program,
"Cridge Home Care Assisted Living II, LLC",12508 Hemm Place,Bowie,MD,20716,5,,Assisted Living Program,
Briar Meadow,6108 Granby Road,Derwood,MD,20855,8,0115AL174,Assisted Living Program,
"Passionate Pursuits Assisted Living, LLC",4009 Norfolk Avenue,Baltimore,MD,21216,4,,Assisted Living Program,
"Holiday Care Services, Inc",8102 River Park Road,Bowie,MD,20715,5,,Assisted Living Program,
Rosemarie Manor - Longwood,3333 Alto Road,Baltimore,MD,21216,16,,Assisted Living Program,
Heartlands At Severna Park,715 Benfield Road,Severna Park,MD,21146,95,0102AL020,Assisted Living Program,
Assisted Living Well Compassionate Care I,265 West Pasadena Road,Millersville,MD,21108,16,0102AL0268,Assisted Living Program,
New Glenmore,3523 Glenmore Avenue,Baltimore,MD,21206,16,,Assisted Living Program,
Woodridge Place,3819 Woodridge Avenue,Silver Spring,MD,20902,2,0115AL0326,Assisted Living Program,
Riva Terrace V,1232 Ritchie Highway,Arnold,MD,21012,5,0102AL0258,Assisted Living Program,
Charlie's Angels Assisted Living,2027 North Wolfe Street,Baltimore,MD,21213,4,0130AL2990,Assisted Living Program,
Holy Family Assisted Living,13529 Magruder Farm Court,Potomac,MD,20854,8,01AL001528,Assisted Living Program,
Arden Courts Of Towson,8101 Bellona Avenue,Towson,MD,21204,60,0103AL1041,Assisted Living Program,
Concepts For Living,1331 Gittings Avenue,Baltimore,MD,21239,3,1000535,Assisted Living Program,
Our Home In The Country 2,25667 West Hill Road,Worton,MD,21678,10,01AL000174,Assisted Living Program,
Riva Terrace IIi,1680 North Winchester Road,Annapolis,MD,21401,5,0102AL0216,Assisted Living Program,
Birchwood Group Home II,18301 Indian Head Highway,Accokeek,MD,20607,8,0116AL417,Assisted Living Program,
"Samaritan House, Usa, LLC",304 Careybrook Lane,Oxon Hill,MD,20745,5,01AL000258,Assisted Living Program,
"Canterbury House Assisted Living, LLC",3904 Canterbury Way,Temple Hills,MD,20748,8,0116AL0632,Assisted Living Program,
Cascadia Courts II,1405 Woodwell Road,Silver Spring,MD,20906,5,01AL0444,Assisted Living Program,
Amaka Senior Home,5004 Silver Valley Way,Suitland,MD,20746,5,,Assisted Living Program,
Cranberry Cottage Vl,390 Washington Avenue,Glen Burnie,MD,21060,7,0102AL138,Assisted Living Program,
Alfredhouse - Needwood,6020 Needwood Road,Derwood,MD,20855,5,0115AL0322,Assisted Living Program,
"House Of Harmony, LLC",2848 Woodbrook Avenue,Baltimore,MD,21217,4,0130AL2873,Assisted Living Program,
Kadie Pro Health Assisted Living LLC,8301 Donoghue Drive,New Carrollton,MD,20784,5,01AL001517,Assisted Living Program,
Veeceen Place Assisted Living,1338 Crockett Lane,Silver Spring,MD,20904,5,,Assisted Living Program,
"Heaven Sent Assisted Living, LLC",4411 Frankford Avenue,Baltimore,MD,21206,7,,Assisted Living Program,
Maplewood Park Place Health Care Center,9707 Old Georgetown Road,Bethesda,MD,20817,29,0115AL156,Assisted Living Program,
Covenant Care Assisted Living,218 Saint Justin Drive,Aberdeen,MD,21001,4,01AL000812,Assisted Living Program,
"Fairday Assisted Living I, INC.",7606 Gambier Drive,Upper Marlboro,MD,20772,5,,Assisted Living Program,
"Kensington Algonquin, LLC",One Baltimore Street,Cumberland,MD,21502,85,0101AL044,Assisted Living Program,
"Best Care Asssisted Living, LLC Site 64",64 Main Street,Reisterstown,MD,21136,20,01AL001733,Assisted Living Program,
Potomac Grace l,9830 River Road,Potomac,MD,20854,5,,Assisted Living Program,
Mason And Mason Group Homes,6916 Nashville Road,Lanham,MD,20706,4,01AL001467,Assisted Living Program,
Stratford Manor Incorporated,11306 Chantilly Lane,Mitchellville,MD,20721,4,0116AL0763,Assisted Living Program,
Taylor Farm Assisted Living - Christopher House,21752 Oscar Hayden Road,Bushwood,MD,20618,8,0118AL0013,Assisted Living Program,
"My Caring Hands, LLC",4707 Renwick Ave,Baltimore,MD,21206,6,,Assisted Living Program,
Four Seasons Assisted Living,52 East Broadway,Bel Air,MD,21014,15,0112AL001,Assisted Living Program,
Grace Assisted Living,6710 Tildenwood Lane,Rockville,MD,20852,5,,Assisted Living Program,
Brookeville House II At Sunshine,22150 New Hampshire Avenue,Brookeville,MD,20833,8,01AL000932,Assisted Living Program,
Caring Corners II,3720 Lamoine Road,Randallstown,MD,21133,4,0103AL524,Assisted Living Program,
Morningside House Of Laurel,7700 Cherry Lane,Laurel,MD,20707,120,0116AL0370,Assisted Living Program,
Fine Living Care,4605 Navy Day Place,Suitland,MD,20746,5,0116AL872,Assisted Living Program,
Fenwick Landing Senior Care Community-The Dagsboro,11650 Doolittle Drive,Waldorf,MD,20602,16,0108AL0090,Assisted Living Program,
Abundant Life II,9950 Oaklea Court,Ellicott City,MD,21042,5,0113AL095,Assisted Living Program,
Greenfield Senior Living At Cockeysville 1,10881 York Road,Cockeysville,MD,21030,16,01AL001593,Assisted Living Program,
Crystal Care Manor,159 West Ring Factory Road,Bel Air,MD,21014,3,,Assisted Living Program,
Pleasant Hope,5506 Cadillac Avenue,Baltimore,MD,21207,3,01AL000312,Assisted Living Program,
Trudie's Home,428 Northwest Drive,Silver Spring,MD,20901,8,0115AL141,Assisted Living Program,
"Dixon House, Inc (The)",108 North Higgins Street,Easton,MD,21601,19,0120AL0010,Assisted Living Program,
"MDC Assisted Living, LLC",4806 Crenshaw Avenue,Baltimore,MD,21206,7,01AL001040,Assisted Living Program,
Scott's Convenient Living #2,8707 Cushman Drive,Clinton,MD,20735,5,,Assisted Living Program,
Cherry Hill Assisted Living,253 Aiken Miller Road,Accident,MD,21520,24,0111AL028,Assisted Living Program,
"Angel's Touch, Inc.",12799 Buttercup Court,West Friendship,MD,21794,15,0113AL104,Assisted Living Program,
Alice Josephine Assisted Living,5910 Michael Road,Waldorf,MD,20601,5,01AL000308,Assisted Living Program,
Jobean Assisted Living II,1137 Strausberg Street,Accokeek,MD,20607,8,01AL001315,Assisted Living Program,
Holbrock Estates At The Martin De Porres Center Vl,"908 Valley Street, Apartment 6",Baltimore,MD,21202,3,01AL001007,Assisted Living Program,
Stepping Stone Assisted Living,3410 Woodbine Avenue,Baltimore,MD,21207,8,,Assisted Living Program,
Charlotte's Home I,212 Maple Avenue,Boonsboro,MD,21713,16,0121AL029,Assisted Living Program,
Harbor Park Estates Assisted Living Program (Hpeal,625 River Bend Road,Fort Washington,MD,20744,7,01AL000580,Assisted Living Program,
"Greenvilla Assisted Living, LLC",12710 Sutters Lane,Bowie,MD,20720,4,,Assisted Living Program,
"Holley's Haven Assisted Living Facility, LLC",821 W Cross Street,Baltimore,MD,21231,4,,Assisted Living Program,
Pleasant Garden - Pinewood,3711 Pinewood Avenue,Baltimore,MD,21206,8,01AL000934,Assisted Living Program,
Brightview Perry Hall,9657 Belair Road,Nottingham,MD,21236,65,,Assisted Living Program,
Family Home Care,326 Gloucester Drive,Glen Burnie,MD,21061,5,0102AL0281,Assisted Living Program,
Annette's Place,5118 Marlin Court,Waldorf,MD,20603,5,01AL000483,Assisted Living Program,
Assisted Living Of Rockville IIl,4414 Renn Street,Rockville,MD,20853,5,01AL001914,Assisted Living Program,
Twin Oaks Assisted Living,44 East Village Lane,Williamsport,MD,21795,42,01AL001622,Assisted Living Program,
WiIIIams House Assisted Living & Respite Care #2,13203 Muscovy Court,Upper Marlboro,MD,20774,8,01AL000784,Assisted Living Program,
Nu-Life Assisted Living Inc,12810 Tearberry Road,Silver Spring,MD,20906,6,01AL001670,Assisted Living Program,
Brighton Gardens At Friendship Heights,5555 Friendship Boulevard,Chevy Chase,MD,20815,154,0115AL068,Assisted Living Program,
Geneva's Place,441 Ruby Drive,Aberdeen,MD,21001,3,,Assisted Living Program,
"Odyssey Assisted Living At Montevue, LLC",1910 Rosemont Avenue,Frederick,MD,21702,75,01AL001289,Assisted Living Program,
Arbor Place,4413 Muncaster Mill Road,Rockville,MD,20853,16,0115AL160,Assisted Living Program,
Mission Possible,3715 Gwynn Oak Avenue,Baltimore,MD,21207,5,,Assisted Living Program,
Joy Villa,506 Cording Avenue,Baltimore,MD,21212,5,,Assisted Living Program,
House Of Victory Apostolic Home Care,3001 Belair Road,Baltimore,MD,21213,6,01AL000008,Assisted Living Program,
Gentle Steps Assisted Living,6108 63Rd Place,Riverdale,MD,20737,8,0116AL500,Assisted Living Program,
Watts Group Assisted Living,1445 Watts Avenue,Severn,MD,21144,6,0102AL0251,Assisted Living Program,
"Tranquil Loving Care, LLC",15708 Ancient Oak Drive,Gaithersburg,MD,20878,4,01AL001106,Assisted Living Program,
"Unique Care Assisted Living, LLC",12418 Sandal Lane,Bowie,MD,20715,3,,Assisted Living Program,
Wright's Enterprise II,308 Laburnum Road,Edgewood,MD,21040,3,0112AL0107,Assisted Living Program,
Homes With Care,5213 Windsor Mill Rd,Baltimore,MD,21207,7,,Assisted Living Program,
"Foxmoor Estates Assisted Living, LLC",17700 Foxmoor Drive,Woodbine,MD,21797,5,,Assisted Living Program,
"New Beginning at Branchleigh, LLC",9851 Branchleigh Road,Randallstown,MD,21133,3,,Assisted Living Program,
Blissvilla I,1105 Eastbourne Place,Silver Spring,MD,20904,5,0115AL167,Assisted Living Program,
Heavenly Home,22 Chandelle Road,Baltimore,MD,21220,4,0103AL0974,Assisted Living Program,
Brighton Gardens Of Columbia,7110 Minstrel Way,Columbia,MD,21045,102,0113AL138,Assisted Living Program,
Sure Health Assisted Living,10402 Meadowridge Lane,Bowie,MD,20721,5,01AL000315,Assisted Living Program,
Assisted Living At Buckingham Manor,4010 Buckingham Road,Baltimore,MD,21207,12,01AL001162,Assisted Living Program,
Mumsey's Residential Care,3512 Devonshire Drive,Baltimore,MD,21215,5,01AL000937,Assisted Living Program,
Dulaney Valley Assisted Living At Hunt Valley,10815 Powers Avenue,Cockeysville,MD,21030,15,01AL000608,Assisted Living Program,
"Ivy Manor Chestnut, Inc.",2817 Montclair Drive,Ellicott City,MD,21043,8,0113AL167,Assisted Living Program,
"Caring For You Assisted Living, LLC",10 South Gilmor Street,Baltimore,MD,21223,6,01AL000707,Assisted Living Program,
Avonlea Ridge Assisted Living,13206 Old Columbia Pike,Silver Spring,MD,20904,5,01AL001210,Assisted Living Program,
Brightview Avondell,128 West Ring Factory Road,Bel Air,MD,21014,36,,Assisted Living Program,
"Homecrest Assisted Living, Inc.",2857 Cairncross Terrace,Silver Spring,MD,20906,8,0115AL0390,Assisted Living Program,
"Country Companions Assisted Living, Inc.",3217 Bert Koontz Road,Taneytown,MD,21787,16,0106AL0083,Assisted Living Program,
Mandeville House,2950 Fern Hill Place,Waldorf,MD,20603,8,0108AL0060,Assisted Living Program,
Intervention Assisted Living Inc,702 Sturgis Place,Pikesville,MD,21208,4,0103AL1027,Assisted Living Program,
Holbrock Estates At The Martin De Porres Center X,"908 Valley Street, Apartment 10",Baltimore,MD,21202,3,01AL001007,Assisted Living Program,
"Hoppe House, LLC",2418 West Lanvale Street,Baltimore,MD,21216,6,01AL001532,Assisted Living Program,
Pho Assisted Living I,1200 North Bentalou Street,Baltimore,MD,21216,3,0130AL2909,Assisted Living Program,
Lacasa II,2574 South Haven Road,Annapolis,MD,21401,16,01AL001285,Assisted Living Program,
"Eva Care Assisted Living, LLC",12203 Raritan Lane,Bowie,MD,20715,8,01AL000158,Assisted Living Program,
"Ebenezer House, LLC",5008 Walther Avenue,Baltimore,MD,21214,7,0130AL2805,Assisted Living Program,
"Lewis Nurturing Living Center, LLC",6809 Avon Street,Seat Pleasant,MD,20743,5,01AL001072,Assisted Living Program,
Caring Hearts Assisted Living,2707 Spindle Lane,Bowie,MD,20715,8,0116AL0823,Assisted Living Program,
"My Parent's Place Assisted Living, LLC",12613 Wallace Lane,Upper Marlboro,MD,20772,5,01AL000683,Assisted Living Program,
So Charm At Castlemoor,7300 Castlemoor Road,Windsor Mill,MD,21244,4,0103AL0913,Assisted Living Program,
Senior Quality Home Care I,4208 Leisure Drive,Temple Hills,MD,20748,8,0116AL439,Assisted Living Program,
Mission Possible 2,4012 Springdale Avenue,Baltimore,MD,21207,8,01AL001436,Assisted Living Program,
Heartfields At Frederick,1820 Latham Drive,Frederick,MD,21701,52,0110AL015,Assisted Living Program,
Butterfly Nest Assisted Living,5606 Todd Avenue,Baltimore,MD,21206,3,01AL001547,Assisted Living Program,
Victorian Homes I,2012 Cradock Street,Silver Spring,MD,20905,8,01AL001645,Assisted Living Program,
Angels Garden (The) II,14017 Breeze Hill Lane,Silver Spring,MD,20906,8,0115AL0385,Assisted Living Program,
"Fairhaven, Inc",7200 Third Avenue,Sykesville,MD,21784,35,0106AL0010,Assisted Living Program,
Heart Of Angels,1215 North Curley Street,Baltimore,MD,21213,3,01AL000122,Assisted Living Program,
Pasadena Home Care II,163 Mountain Road,Pasadena,MD,21122,15,0102AL172,Assisted Living Program,
"St. Charles Place, Inc.",5246 Saint Charles Avenue,Baltimore,MD,21215,8,2430032,Assisted Living Program,
Love & Faith Home Care,2112 West Saratoga Street,Baltimore,MD,21223,3,0130AL2676,Assisted Living Program,
In Community Senior Care II,3860 Irongate Lane,Bowie,MD,20715,4,,Assisted Living Program,
Caring Corners IIl,9208 Allenwood Road,Randallstown,MD,21133,6,0103AL0773,Assisted Living Program,
Julie's Manor,2901 Gibbons Avenue,Baltimore,MD,21214,,,Assisted Living Program,
"JE Lets Love Assisted Living, LLC",3228 Massachusetts Avenue,Baltimore,MD,21229,4,,Assisted Living Program,
Good Shepherd Assisted Living,9313 Kobe Way,Montgomery Village,MD,20866,5,,Assisted Living Program,
"Two Charms, LLC",3702 Gwynn Oak Avenue,Baltimore,MD,21207,8,0130AL2801,Assisted Living Program,
Pelican Hill Assisted Living,204 Pelican Drive,Glen Burnie,MD,21060,5,,Assisted Living Program,
Ca Assisted Living Home,1504 North Fulton Avenue,Baltimore,MD,21217,4,01AL000890,Assisted Living Program,
Adelphi Assisted Living,10309 Glenmore Drive,Adelphi,MD,20783,8,0116AL0616,Assisted Living Program,
Sunrise Senior Living At Severna Park,41 West Mckinsey Road,Severna Park,MD,21146,100,0102AL0290,Assisted Living Program,
Olney Assisted Living LLC,16940 Georgia Avenue,Olney,MD,20832,64,01AL001452,Assisted Living Program,
House Of Jubilee,2278 Baldwin Mill Road,Fallston,MD,21047,5,0112AL0089,Assisted Living Program,
Hart Heritage Of Forest Hill,1915 Rock Spring Road,Forest Hill,MD,21050,55,01AL000206,Assisted Living Program,
Constant Care Assisted Living,1213 Doewood Lane,Capitol Heights,MD,20743,7,0116AL0825,Assisted Living Program,
"Maine Manor, LLC",4511 Maine Avenue,Baltimore,MD,21207,8,,Assisted Living Program,
"Always in Grace Assisted Living Facility, LLC",806 South Union Avenue,Havre De Grace,MD,21078,10,,Assisted Living Program,
Rising Sun Assisted Living I,8419 Allenswood Road,Randallstown,MD,21133,8,01AL000616,Assisted Living Program,
Quality Spring Assisted Living,13200 Locksley Lane,Silver Spring,MD,20904,5,01AL001076,Assisted Living Program,
Jenny's Home Care II,1336 Meridene Drive,Baltimore,MD,21239,3,01AL000926,Assisted Living Program,
Jacob's Well Assisted Living Home,522 Thomas Run Road,Bel Air,MD,21015,51,0112AL077,Assisted Living Program,
Countryhouse LLC,15 Cumberland Street,Cumberland,MD,21502,22,0101AL043,Assisted Living Program,
Homewood At Crumland Farms,7407 Willow Road,Frederick,MD,21702,70,0110AL017,Assisted Living Program,
"National Cultural Living, LLC",4205 Penhurst Avenue,Baltimore,MD,21215,8,,Assisted Living Program,
Lyla Haven,1836 Cedar Drive,Severn,MD,21144,7,N/A,Assisted Living Program,
T & F Assistant Living,880 West Lombard Street,Baltimore,MD,21201,6,01AL001720,Assisted Living Program,
La Familia Assisted Living,14417 Bauer Drive,Rockville,MD,20853,5,0115AL0333,Assisted Living Program,
Peace of Mind II (A),6111 Western Run Road,Baltimore,MD,21209,4,,Assisted Living Program,
La Familia IIl,1210 Downs Drive,Silver Spring,MD,20904,8,0115AL0379,Assisted Living Program,
Best Care,3524 Hayward Avenue,Baltimore,MD,21215,3,0130AL2599,Assisted Living Program,
"Abassiye Community Services, LLC",13106 Wonderland Way #2,Germantown,MD,20874,3,01AL000688,Assisted Living Program,
Tender Love & Care,1629 East 31St Street,Baltimore,MD,21218,5,0130AL2947,Assisted Living Program,
Somerset Gardens,12360 Palmetto Church Road,Princess Anne,MD,21853,16,01AL000010,Assisted Living Program,
"Alice and Victoria Home, LLC",1605 Ora Lea Lane,Upper Marlboro,MD,20774,5,,Assisted Living Program,
"New Horizon Assisted Living, V",12416 Stirrup Lane,Bowie,MD,20715,5,,Assisted Living Program,
Northview Congregate,8607 North Drive,Clinton,MD,20735,5,0116AL435,Assisted Living Program,
Blakehurst Retirement Community,1055 West Joppa Road,Towson,MD,21204,26,0103AL0370,Assisted Living Program,
"Byrd Manor, Inc",2541 Cedar Ridge Drive,Westminster,MD,21158,9,0106AL075,Assisted Living Program,
Open Heavens Assisted Living II,4223 Berger Avenue,Baltimore,MD,21206,4,01AL001549,Assisted Living Program,
Habakkuk 2:3 Assisted Living,3817 Reisterstown Road,Baltimore,MD,21215,6,01AL000956,Assisted Living Program,
Tranquility Assisted Living Home LLC,7500 Kelseys Lane,Baltimore,MD,21237,4,01AL000741,Assisted Living Program,
Serenity Gardens Assisted Living 2,10501 Bit and Spur Lane,Potomac,MD,20854,6,,Assisted Living Program,
Young At Heart I,1520 Philadelphia Road,Joppa,MD,21085,12,0112AL049,Assisted Living Program,
Brightview Mays Chapel Ridge,12261 Roundwood Road,Timonium,MD,21093,89,0103AL1045,Assisted Living Program,
Jobean Assisted Living,9608 Geena Nicole Drive,Clinton,MD,20735,8,01AL000652,Assisted Living Program,
Able Hands Healthcare Services II,8701 Crandall Road,Lanham,MD,20706,8,0116AL0783,Assisted Living Program,
Greenfield Senior Living At Cockeysville 2,10883 York Road,Cockeysville,MD,21030,16,01AL001594,Assisted Living Program,
Angels Garden IIl (The),3200 Bustleton Lane,Silver Spring,MD,20906,8,01AL001021,Assisted Living Program,
Taylor Farm Assisted Living Riley House,21736 Oscar Hayden Road,Bushwood,MD,20618,4,01AL000279,Assisted Living Program,
Meadows #1637,1637 Hickory Knoll Road,Sandy Spring,MD,20860,16,0115AL136,Assisted Living Program,
Fenwick Landing Senior Care Community-The Dunroven,11665 Doolittle Drive,Waldorf,MD,20602,15,0108AL064,Assisted Living Program,
Jk House Of Grace IIl,2832 Aquarius Avenue,Silver Spring,MD,20906,8,01AL001045,Assisted Living Program,
Maryland Masonic Homes,300 International Circle,Cockeysville,MD,21030,110,0103AL0230,Assisted Living Program,
Abundant Life I,9966 Oaklea Court,Ellicott City,MD,21043,7,0113AL094,Assisted Living Program,
Montevue Assisted Living,1910 Rosemont Avenue,Frederick,MD,21702,75,,Assisted Living Program,
Spring Arbor Of Severna Park,345 Ritchie Highway,Severna Park,MD,21146,99,01AL001606,Assisted Living Program,
A-Pal-At Bell-Care,4002 Belle Ave,Baltimore,MD,21215,8,,Assisted Living Program,
Rose's Of Life,2711 Harlem Avenue,Baltimore,MD,21216,4,0130AL2344,Assisted Living Program,
Holbrock Estates At 809 N Rose Street,809 North Rose Street,Baltimore,MD,21205,4,01AL001540,Assisted Living Program,
Somerford Place - Columbia,8220 Snowden River Parkway,Columbia,MD,21045,64,0113AL188,Assisted Living Program,
"Good Hope Home Care, Inc",1143 Netherlands Court,Silver Spring,MD,20905,6,0115AL168,Assisted Living Program,
"Imiss Homes, Inc",6115 Landover Road,Cheverly,MD,20785,8,01AL001639,Assisted Living Program,
Lashae Gloria Home Care,5624 Belle Avenue,Baltimore,MD,21207,3,01AL000277,Assisted Living Program,
"Assurance Care Provider Services, LLC",9100 Meadow Heights Road,Randallstown,MD,21133,5,,Assisted Living Program,
Hope And Happiness Assisted Living,3120 Greenmead Road,Baltimore,MD,21244,4,0103AL0995,Assisted Living Program,
"Laytonsville Estates Assisted Living, LLC",8212 Brink Road,Laytonsville,MD,20882,8,01AL000609,Assisted Living Program,
Lutheran Village at Miller Grant (The),9100 Fathers Legacy,Ellicott City,MD,21042,36,,Assisted Living Program,
Newbegin Care Home,2200 Saranac Street,Adelphi,MD,20783,5,0116AL0897,Assisted Living Program,
Cresthaven,1020 Cresthaven Drive,Silver Spring,MD,20903,8,0115AL098,Assisted Living Program,
Kinfolk Assisted Living,644 East 36Th Street,Baltimore,MD,21218,4,01AL001259,Assisted Living Program,
Inspirations of Memory Care of Linthicum ll,804 Camp Meade Road,Linthicum,MD,21090,16,0102AL0240,Assisted Living Program,
"Emmanuel's House, LLC",3104 Windsor Avenue,Baltimore,MD,21216,5,,Assisted Living Program,
Jeya's Assisted Living Facility #2,13104 Bellevue Street,Silver Spring,MD,20904,5,0115AL0382,Assisted Living Program,
Adventist Behavioral Health Manor,8301 Barron Street,Silver Spring,MD,20912,16,0115AL218,Assisted Living Program,
Villa (The),6806 Bellona Avenue,Baltimore,MD,21212,30,,Assisted Living Program,
My Second Home II,4519 Manorview Road,Baltimore,MD,21229,3,01AL000469,Assisted Living Program,
Litchfield Assisted Living,5000 Litchfield Ave,Baltimore,MD,21215,6,,Assisted Living Program,
Dacota (The),468 West Bel Air Avenue,Aberdeen,MD,21001,10,0112AL0114,Assisted Living Program,
"Cantler's Personal Care Home, Inc.",803 West Baker Avenue,Abingdon,MD,21009,4,0112AL042,Assisted Living Program,
All Together Network Inc,643 Tunbridge Road,Baltimore,MD,21212,11,0130AL2588,Assisted Living Program,
Helping Hands In Maryland,8802 Maplebrook Road,Randallstown,MD,21133,4,0103AL0993,Assisted Living Program,
Bethany Living II,5135 Charlington Court,Frederick,MD,21703,8,01AL000980,Assisted Living Program,
"Nacal Home Care, Inc",4230 Landgreen Street,Rockville,MD,20853,5,01AL000643,Assisted Living Program,
"Catered Living Of Ocean Pines ""A""",1135 Ocean Parkway,Ocean Pines,MD,21811,16,0123AL016,Assisted Living Program,
Timothy's Manor,4859 Bowland Avenue,Baltimore,MD,21206,4,01AL001674,Assisted Living Program,
Suggero Healthcare,11405 Villa Court,Greenbelt,MD,20770,3,,Assisted Living Program,
Isaiah 43:19 Assisted Living,2631 Quantico Avenue,Baltimore,MD,21215,7,01AL000657,Assisted Living Program,
Autumn Hill,12401 Lime Kiln Road,Fulton,MD,20759,15,0113AL143,Assisted Living Program,
"Grace Senior Homes, Inc",5612 Roundtree Lane,Columbia,MD,21045,8,0113AL117,Assisted Living Program,
Aastoria Home II,6636 Cedar Lane,Columbia,MD,21044,12,0113AL0207,Assisted Living Program,
Home Sweet Home 2,138 Clarence Avenue,Severna Park,MD,21146,5,01AL000144,Assisted Living Program,
"RDA, LLC",2928 West Mosher Street,Baltimore,MD,21216,4,,Assisted Living Program,
Elyric's Amazing Care One,1501 Delmont Lane,Takoma Park,MD,20912,6,0116AL0772,Assisted Living Program,
Candice Cares At Webbwood Court,11112 Webbwood Court,Upper Marlboro,MD,20774,8,0116AL0876,Assisted Living Program,
Angels Garden LLC (The),4101 Bel Pre Road,Rockville,MD,20853,15,0115AL0350,Assisted Living Program,
Ne'Ville's LLC,4101 Chelmont Lane,Bowie,MD,20715,5,01AL001508,Assisted Living Program,
Holbrock Estates At The Martin De Porres Center V,"908 Valley Street, Apartment 5",Baltimore,MD,21202,4,01AL001027,Assisted Living Program,
"Taylor Care, LLC",4119 Penhurst Avenue,Baltimore,MD,21215,8,0130AL2907,Assisted Living Program,
MJP Family II,3611 Melfa Lane,Bowie,MD,20715,5,,Assisted Living Program,
Trulife Meadows,11913 New Country Lane,Columbia,MD,21044,4,,Assisted Living Program,
Atrium Stonecrest Home,2305 Falling Creek Road,Silver Spring,MD,20904,8,0115AL0580,Assisted Living Program,
Second Genesis II,4001 Starbrook Road,Randallstown,MD,21133,3,0103AL0798,Assisted Living Program,
Nova Springs Assisted Living,2261 Old Westminster Pike,Finksburg,MD,21048,16,01AL001715,Assisted Living Program,
Fair Hill Assisted Living,20 Montrose Lane,Elkton,MD,21921,14,01AL000742,Assisted Living Program,
Passionate Care,1934 West Baltimore Street,Baltimore,MD,21223,4,01AL000355,Assisted Living Program,
Village At Rockville (The),9701 Veirs Drive,Rockville,MD,20850,57,01AL000970,Assisted Living Program,
"Corkran House Assisted Living, LLC",5300 Corkran Lane,Temple Hills,MD,20748,8,01AL000031,Assisted Living Program,
"Abundant Love And Care, LLC",9034 Trumps Hill Road,Upper Marlboro,MD,20772,4,01AL001845,Assisted Living Program,
"Care Personnel Healthcare, Inc.",1006 Loxford Terrace,Silver Spring,MD,20901,6,,Assisted Living Program,
"Golden Gatz, LLC",3118 McElderry Street,Baltimore,MD,21205,4,,Assisted Living Program,
Esther's Place - Pinewood,2802 Pinewood Avenue,Baltimore,MD,21214,16,01AL000118,Assisted Living Program,
"Unity House Assisted Living, Inc",716 North Augusta Avenue,Baltimore,MD,21229,3,0130AL3010,Assisted Living Program,
Darnestown Garden Assisted Living,13901 Darnestown Road,North Potomac,MD,20878,5,,Assisted Living Program,
Shanti Home II,6500 Old Sandy Spring Road,Laurel,MD,20707,4,0116AL0775,Assisted Living Program,
Angel's Touch I,12900 Frederick Road,West Friendship,MD,21794,5,01AL001623,Assisted Living Program,
Jerusalem Manor LLC,231 Bynum Ridge Road,Forest Hill,MD,21050,2,01AL000360,Assisted Living Program,
"Blessed Heart, LLC",1812 East 29Th Street,Baltimore,MD,21218,5,01AL001604,Assisted Living Program,
Marvelous Care Homes,13104 Lockwoods Progress Drive,Bowie,MD,20720,5,,Assisted Living Program,
Dacota Paradise Assisted Living,603 West Bel Air Avenue,Aberdeen,MD,21001,10,01AL001146,Assisted Living Program,
Lanie's Place,8705 Trumps Mill Road,Baltimore,MD,21237,3,0103AL0853,Assisted Living Program,
Quality Life Care,8123 Foxwell Road,Millersville,MD,21108,5,0102AL197,Assisted Living Program,
"Fields Of Favor, LLC",15110 Br Walls Place,Brandywine,MD,20613,4,0108AL0113,Assisted Living Program,
"St. Michael's Homes, LLC",8001 Helonias Court,Pasadena,MD,21122,5,0102AL0250,Assisted Living Program,
Cranberry Cottage V,394 Washington Avenue,Glen Burnie,MD,21060,8,0102AL184,Assisted Living Program,
ABH Assisted Living,117 S Augusta Avenue,Baltimore,MD,21229,4,,Assisted Living Program,
Easy Like Sunday Morning,4402 Maine Avenue,Baltimore,MD,21207,8,,Assisted Living Program,
"Amanda's Place, Inc.",26209 Johnson Drive,Damascus,MD,20872,8,0115AL0264,Assisted Living Program,
Yolanda's Home,13351 Triadelphia Mill Road,Clarksville,MD,21029,5,0113AL031,Assisted Living Program,
Caribbean Breeze Assisted Living IV,3361 Hall Creek Lane,Owings,MD,20736,12,01AL000997,Assisted Living Program,
Golden Crest Corporation II,4019 Evergreen Drive,Hampstead,MD,21074,16,0106AL062,Assisted Living Program,
Taylor Farm Assisted Living - Ryan House,21756 Oscar Hayden Road,Bushwood,MD,20618,8,0118AL0015,Assisted Living Program,
D's Place,25000 Lambs Meadow Road,Worton,MD,21678,10,0114AL0027,Assisted Living Program,
"C&W Best Care, Inc I",5220 Greenville Drive,Bryans Road,MD,20616,5,0108AL0116,Assisted Living Program,
"Heavenly Grace Assisted Living, Inc.",1210 Gittings Avenue,Baltimore,MD,21239,3,0130AL2656,Assisted Living Program,
Cridge Home Care Assisted Living,3802 Viser Court,Bowie,MD,20715,5,01AL001225,Assisted Living Program,
Inspirations Memory Care Of Westminster,2550 Bird View Road,Westminster,MD,21157,16,01AL001689,Assisted Living Program,
Friendly & Quality Care Assisted Living,8511 Portsmouth Drive,Laurel,MD,20708,5,01AL000917,Assisted Living Program,
"San Jose Care Home, LLP",9316 Pilar Court,Columbia,MD,21045,8,,Assisted Living Program,
Warm Heart Family Assistance Living Ill,16350 Camalo Drive,Mount Airy,MD,21771,15,01AL001234,Assisted Living Program,
New Horizons Alf,2726 Reisterstown Road,Baltimore,MD,21215,14,01AL001634,Assisted Living Program,
Patricia's Assisted Love Care Home,616 Mckewin Avenue,Baltimore,MD,21218,3,01AL000082,Assisted Living Program,
Springtime Home V,12506 Chalford Lane,Bowie,MD,20715,8,0116AL0798,Assisted Living Program,
The Cottages of Perry Hall 9906,9906 Walther Blvd,Baltimore,MD,21234,,,Assisted Living Program,
Atrium Kosher Home,10301 Gainsborough Road,Potomac,MD,20854,8,0115AL080,Assisted Living Program,
"House Of Helping Hands (Alf), LLC",1804 Ashburton Street,Baltimore,MD,21216,7,01AL001457,Assisted Living Program,
"Hearts Of Love Assisted Living, Inc",304 Riverbend Road,Fort Washington,MD,20744,5,01AL000353,Assisted Living Program,
"Elternhaus, Inc.",4201 Linthicum Road,Dayton,MD,21036,23,0113AL113,Assisted Living Program,
Caring Hearts & Hands Al & Elder Care Inc.,13201 Iris Court,Bowie,MD,20715,8,0116AL0754,Assisted Living Program,
Matthew 6-14 Assisted Living,1510 North Ellwood Avenue,Baltimore,MD,21213,7,,Assisted Living Program,
"Ameristar Assisted Living, III",12107 Tulip Grove Drive,Bowie,MD,20715,5,,Assisted Living Program,
"Angels Alert Care, Inc.",1206 Northern Lights Drive,Upper Marlboro,MD,20774,5,,Assisted Living Program,
Helping Hands Residential Care,1812 Guilford Avenue,Baltimore,MD,21202,8,,Assisted Living Program,
Ednor Gardens Assisted Living,920 Chestnut Hill Avenue,Baltimore,MD,21218,4,,Assisted Living Program,
Devotion Assisted Living LLC,8531 Inspiration Avenue,Walkersville,MD,21793,5,0110AL0061,Assisted Living Program,
"Chamberlain Graceful Living, LLC","11609 Bierman Drive, Southeast",Cumberland,MD,21502,16,01AL001155,Assisted Living Program,
Shanti Home,6410 Old Sandy Spring Road,Laurel,MD,20707,7,0116AL305,Assisted Living Program,
