name,street,city,state,zip,capacity,license_id,license_type,status
1 ON 1 COMPREHENSIVE HEALTHCARE SOLUTION LLC,3309 KADY AVENUE NORTHEAST,ST MICHAEL,MN,55376,5,425574,Assisted Living Facility,
1 ON 1 COMPREHENSIVE HEALTHCARE SOLUTION LLC,8017 VAN BUREN ST NE,SPRING LAKE PARK,MN,55432,5,425956,Assisted Living Facility,
1 ON 1 COMPREHENSIVE HEALTHCARE SOLUTION LLC,14967 95TH PLACE NORTH,MAPLE GROVE,MN,55369,5,423445,Assisted Living Facility,
1 ON 1 COMPREHENSIVE HEALTHCARE SOLUTION LLC,1211 W 106TH STREET,BLOOMINGTON,MN,55431,5,426397,Assisted Living Facility,
AVENUE FOR HOME CARE LLC,7717 114TH AVENUE,CHAMPLIN,MN,55316,5,425566,Provisional Assisted Living Facility,
1ST ALTERNATIVE CARE LLC,2272 14TH AVENUE EAST,NORTH ST PAUL,MN,55109,5,425980,Assisted Living Facility,
1ST ASSURED CARE LLC,4309 MARIGOLD AVENUE NORTH,BROOKLYN PARK,MN,55443,5,424425,Assisted Living Facility,
1ST ATTENTIVE SERVICES LLC,1717 THOMAS AVENUE NORTH,MINNEAPOLIS,MN,55411,4,425145,Assisted Living Facility,
1ST ATTENTIVE SERVICES LLC,1108 PEARSON PARKWAY,BROOKLYN PARK,MN,55444,5,423839,Assisted Living Facility,
1ST ATTENTIVE SERVICES LLC,8101 VINCENT AVENUE NORTH,BROOKLYN PARK,MN,55444,4,424962,Assisted Living Facility,
1ST ATTENTIVE SERVICES LLC,7516 EDGEWOOD AVENUE,BROOKLYN PARK,MN,55428,5,422239,Provisional Assisted Living Facility,
1ST CARE INC,8801 10TH AVENUE SOUTH,BLOOMINGTON,MN,55420,4,425839,Assisted Living Facility,
1ST CHOICE HOME LLC,1440 EAST OLD SHAKOPEE ROAD,BLOOMINGTON,MN,55425,4,426390,Assisted Living Facility,
2 CARING HANDS,13220 HUMBOLDT AVENUE SOUTH,BURNSVILLE,MN,55337,6,424872,Assisted Living Facility,
2 CARING HANDS,20541 ICELAND AVENUE,LAKEVILLE,MN,55044,6,424664,Assisted Living Facility,
24 - SEVEN HOME CARE INC,9120 CAMBRIDGE AVENUE,BROOKLYN PARK,MN,55443,6,424953,Assisted Living Facility,
24 SEVEN HOME CARE INC,2824 92ND CRESENT N,BROOKLYN PARK,MN,55443,4,424945,Assisted Living Facility,
24 SEVEN HOME CARE INC,10774 REGENT AVENUE NORTH,BROOKLYN PARK,MN,55443,6,424980,Assisted Living Facility,
2RNS CARE HOME,4201 MORGAN AVE N,MINNEAPOLIS,MN,55412,5,423186,Provisional Assisted Living Facility,
3CARE HEALTH LLC,6273 WEST 144TH STREET,SAVAGE,MN,55378,5,422812,Assisted Living Facility,
3D INNOVATIVE CARES LLC,1924 SUGARLOAF TRAIL,BROOKLYN PARK,MN,55444,5,425340,Assisted Living Facility,
3D INNOVATIVE CARES LLC,11724 BITTERSWEET ST NW,COON RAPIDS,MN,55443,5,421956,Provisional Assisted Living Facility,
3MB HEALTH SERVICES LLC,1702 13TH AVENUE WEST,SHAKOPEE,MN,55379,5,424294,Assisted Living Facility,
3MB HEALTH SERVICES LLC,10301 HUMBOLDT AVENUE SOUTH,BLOOMINGTON,MN,55431,5,424779,Assisted Living Facility,
A BLOOMING GRACE INC,6600 BETHIA LN N,BROOKLYN PARK,MN,55428,5,425585,Provisional Assisted Living Facility,
A CARING LIVING LLC,6733 BLOOMINGTON AVE,RICHFIELD,MN,55423,5,420322,Assisted Living Facility,
A CARING LIVING LLC,7601 5TH AVE S,RICHFIELD,MN,55423,5,423658,Assisted Living Facility,
"A DAUGHTER'S LOVE, INC.",25184 THUNDER ROAD,STAPLES,MN,56479,18,422989,Assisted Living Facility,
A FUTURE GOALS,14331 EBONY LANE,APPLE VALLEY,MN,55124,5,424794,Assisted Living Facility,
A HELPING HAND SENIOR CARE SER,2527 14TH AVENUE SOUTH,MINNEAPOLIS,MN,55404,4,424314,Assisted Living Facility,
A HELPING HAND SENIOR CARE SER,2446 15TH AVENUE SOUTH,MINNEAPOLIS,MN,55404,4,424287,Assisted Living Facility,
A HELPING HAND SENIOR CARE SER,778 BLAIR AVENUE,ST. PAUL,MN,55104,4,424283,Assisted Living Facility,
PLEASANT VIEW ESTATES LLC,41 BRAND AVENUE,FARIBAULT,MN,55021,40,423821,Assisted Living Facility,
A PLUS ASSISTED LIVING LLC,1336 DESOTO STREET,ST PAUL,MN,55130,5,424753,Assisted Living Facility,
A TO Z GROUP HOMES LIMITED,1067 12TH AVENUE SE,MINNEAPOLIS,MN,55414,5,423767,Assisted Living Facility,
A1 QUALITY LIVING LLC,2407 LYNDALE AVE N,MINNEAPOLIS,MN,55411,5,426291,Assisted Living Facility,
A1 SENIOR LIVING LLC,6800 WASHBURN AVE S,RICHFIELD,MN,55423,5,425451,Provisional Assisted Living Facility,
AAA HOME HEALTHCARE INC,3301 4TH AVE S,MINNEAPOLIS,MN,55408,5,422530,Provisional Assisted Living Facility,
AAH MERCY HOME HEALTH,3554 JUNE AVENUE NORTH,ROBBINSDALE,MN,55422,4,424175,Assisted Living Facility,
AALLURING RESIDENTIAL CARE LLC,1995 ZIRCON LANE,EAGAN,MN,55122,5,425307,Assisted Living Facility,
AAO PREMIUM HEALTHCARE SOLUTIONS PROFESSIONAL CORPORATION,3509 BROOKDALE DR N,BROOKLYN PARK,MN,55443,5,425884,Provisional Assisted Living Facility,
AAR CARE SERVICES LLC,956 17TH AVENUE NORTH,SOUTH ST PAUL,MN,55075,5,424354,Assisted Living Facility,
AARAN ASSISTED LIVING INC,2509 98TH AVENUE NORTH,BROOKLYN PARK,MN,55444,5,426475,Assisted Living Facility,
ABBIMIK HEALTHCARE SERVICES LLC,9142 QUANTICO LN N,MAPLE GROVE,MN,55369,5,425921,Provisional Assisted Living Facility,
ABIITAN MILL CITY,428 SOUTH 2ND STREET,MINNEAPOLIS,MN,55401,110,426398,Assisted Living Facility Dementia Care,
ABILIT HOLDINGS MEADOW LAKES LLC,22 45TH AVENUE NW,ROCHESTER,MN,55901,74,425521,Assisted Living Facility Dementia Care,
ABILIT HOLDINGS PRAIRIE MEADOWS LLC,800 5TH AVENUE NW,KASSON,MN,55944,70,423748,Assisted Living Facility Dementia Care,
ABILITY HOMES INC,7848 SUGARLOAF TRAIL NORTH,BROOKLYN PARK,MN,55444,5,423594,Assisted Living Facility,
ABLE VIEW ASSISTED LIVING INC,3731 FOSS RD,ST ANTHONY,MN,55421,38,426126,Provisional Assisted Living Facility,
ABLE VIEW ASSISTED LIVING INC,1368 DESOTO STREET,ST. PAUL,MN,55130,5,425155,Assisted Living Facility,
ABLE VIEW ASSISTED LIVING INC TOTEM,418 TOTEM ROAD,ST PAUL,MN,55119,5,426265,Assisted Living Facility,
ABODE CARE LLC,1005 HONEYSUCKLE LN,FARMINGTON,MN,55024,5,425802,Provisional Assisted Living Facility,
ABOUND HOME CARE SERVICES LLC,548 119TH LANE NORTHWEST,COON RAPIDS,MN,55448,5,425512,Assisted Living Facility,
ABOVE ASSISTED LIVING,311 BARCLAY STREET,ST PAUL,MN,55106,5,424949,Assisted Living Facility,
ABRAHAM'S BOSOM CARE LLC,437 TOWER STREET,ST. PAUL,MN,55119,4,424344,Assisted Living Facility,
ABRAHAMS BOSOM CARE,305 WINTHROP STREET,ST PAUL,MN,55119,5,424920,Assisted Living Facility,
ABSOLUTE HOMES INC,3045 CENTRAL AVENUE NORTH EAST,MINNEAPOLIS,MN,55418,4,423150,Assisted Living Facility,
ABSOLUTE RESIDENTIAL CARE LLC,3959 LYNDALE AVENUE NORTH #1,MINNEAPOLIS,MN,55412,5,422999,Assisted Living Facility,
ABUNDANCE ASSISTED LIVING LLC,5400 SAILOR LN,BROOKLYN CENTER,MN,55429,5,425131,Provisional Assisted Living Facility,
ABUNDANCE ASSISTED LIVING LLC,6248 SUNRISE TERRACE,BROOKLYN PARK,MN,55428,5,422852,Assisted Living Facility,
ABUNDANT HEALTH SERVICES LLC,9524 MORGAN AVENUE NORTH,BROOKLYN PARK,MN,55444,5,425781,Assisted Living Facility,
ABUYA SOLUTION LLC,6412 MAJOR AVE N,BROOKLYN CENTER,MN,55429,5,422803,Provisional Assisted Living Facility,
ACACIA GROVE ASSISTED LIVING,13416 PENN AVENUE SOUTH,BURNSVILLE,MN,55337,5,425518,Assisted Living Facility,
ACCELERATED HEALTHCARE ASSISTED LIVING FACILITY,5009 92ND CRESCENT,BROOKLYN PARK,MN,55443,5,425584,Assisted Living Facility,
ACCESS MINNESOTA LLC,3206 19TH STREET S,ST. CLOUD,MN,56301,5,425366,Assisted Living Facility,
ACCESSIBLE ASSISTED LIVING INC,2431 MAILAND ROAD EAST,MAPLEWOOD,MN,55119,5,424485,Assisted Living Facility,
ACCESSIBLE ASSISTED LIVING LLC,7520 61ST AVE N,NEW HOPE,MN,55428,5,422474,Provisional Assisted Living Facility,
ACCESSIBLE HEARTS CARE LLC,726 JEFFERSON ST,ANOKA,MN,55303,5,424887,Assisted Living Facility,
ACE HOMES INC,3425 77TH AVENUE NORTH,BROOKLYN PARK,MN,55443,4,422987,Assisted Living Facility,
ACT ASSISTED LIVING LLC,4448 INDEPENDENCE AVE N,NEW HOPE,MN,55428,5,424080,Assisted Living Facility,
ADA HOMES INC,8730 OREGON AVE N,BROOKLYN PARK,MN,55445,5,422255,Assisted Living Facility,
ADAMS HEALTH CARE SERVICES LLC,10036 WASHBURN AVENUE SOUTH,BLOOMINGTON,MN,55431,4,421589,Assisted Living Facility,
ADAPTA,2509 55TH STREET NW,ROCHESTER,MN,55901,13,422874,Assisted Living Facility,
ADAPTA,2020 5TH STREET SW,ROCHESTER,MN,55902,18,422872,Assisted Living Facility,
ADEG GROUP HOME LLC,3229 2ND AVENUE SOUTH,MINNEAPOLIS,MN,55408,5,424360,Assisted Living Facility,
ADEQUATE CARE,10255 MADISON STREET NE,BLAINE,MN,55434,5,426060,Assisted Living Facility,
ADITH MILLER MANOR,885 MANKATO AVENUE,WINONA,MN,55987,20,425646,Assisted Living Facility Dementia Care,
ADMIRE CARE LLC,3213 QUARLES RD,BROOKLYN CENTER,MN,55429,5,425041,Provisional Assisted Living Facility,
ADNA HOMES LLC,7733 ABBOTT AVENUE NORTH,BROOKLYN PARK,MN,55443,5,423017,Assisted Living Facility,
ADVANCE CARE SERVICES CORPORATION,63 LANGER CIRCLE,SAINT PAUL,MN,55118,5,425071,Provisional Assisted Living Facility,
ADVANCE GROUP HOMES INC,9118 BLAISDELL AVENUE SOUTH,MINNEAPOLIS,MN,55420,4,424073,Assisted Living Facility,
ADVANCED GROUP HOME LLC,2325 EXPLORER COURT,BURNSVILLE,MN,55337,5,424034,Assisted Living Facility,
ADVOCATE CARE LLC,6509 75TH AVE N,BROOKLYN PARK,MN,55428,5,422093,Assisted Living Facility,
ADVOCATE HOMES LLC,10222 COLUMBUS CIRCLE,BLOOMINGTON,MN,55420,5,426360,Assisted Living Facility,
ADVOCATE HOUSE ASSISTED LIVING SERVICES LLC,17910 28TH AVE N,PLYMOUTH,MN,55447,5,425415,Assisted Living Facility,
AFFINITY LIVING ASSISTANCE CO,13795 HILL PLACE DR,ROGERS,MN,55374,5,425364,Provisional Assisted Living Facility,
AFFINITY QUALITY LIVING LLC,1620 WILKING WAY,SHAKOPEE,MN,55379,5,424816,Assisted Living Facility,
AFI CARE LLC,8212 BRYANT AVE S,BLOOMINGTON,MN,55420,5,424741,Provisional Assisted Living Facility,
AGAPE ASSISTED LIVING AND HOUSING SERVICES INC,3450 20TH AVENUE SOUTH,MINNEAPOLIS,MN,55407,3,422740,Assisted Living Facility,
AGAPE HOME CARE SERVICES LLC,6807 ORCHARD AVENUE NORTH,BROOKLYN CENTER,MN,55429,5,425843,Assisted Living Facility,
AGAPE HOME HEALTH CARE LLC,7516 67TH AVEUE NORTH,BROOKLYN PARK,MN,55428,5,425845,Assisted Living Facility,
AGAPECARE SERVICES LLC,3818 61ST AVENUE NORTH,BROOKLYN CENTER,MN,55429,5,425847,Assisted Living Facility,
AGAPECARE SERVICES LLC,2701 OHENRY ROAD,BROOKLYN CENTER,MN,55430,4,425846,Assisted Living Facility,
AGAPECARE SERVICES LLC,6106 LEE AVENUE N,BROOKLYN CENTER,MN,55429,5,426285,Assisted Living Facility,
AGATE BAY ASSISTED LIVING L.L.C.,414 1ST AVENUE,TWO HARBORS,MN,55616,10,422827,Assisted Living Facility,
AGELESS CARE INCORPORATED,702 7TH STREET SW,ROSEAU,MN,56751,26,425370,Assisted Living Facility,
AHR ST. PAUL MN SH TRS SUB LLC,733 SELBY AVENUE,ST. PAUL,MN,55104,115,426312,Assisted Living Facility Dementia Care,
ALABAMA RESIDENCE,14438 ALABAMA AVENUE SOUTH,SAVAGE,MN,55378,5,423900,Assisted Living Facility,
ALBERT LEA ELDER SERVICES LLC,801 LUTHER PLACE,ALBERT LEA,MN,56007,52,426131,Assisted Living Facility,
ALEX ASSISTED LIVING LLC,90 EAST LAKE COWDRY ROAD NW,ALEXANDRIA,MN,56308,30,425580,Assisted Living Facility Dementia Care,
ALFA TRUST HOME HEALTH LLC,1218 KNOX AVE N,MINNEAPOLIS,MN,55411,5,423514,Provisional Assisted Living Facility,
ALIGHT LLC,3174 109TH LN NW,COON RAPIDS,MN,55433,5,426361,Assisted Living Facility,
ALIGN CARE MN LLC,3311 PORTLAND AVENUE,MINNEAPOLIS,MN,55407,5,425679,Assisted Living Facility,
ALIYA CARE INC,12460 SYCAMORE STREET NW,COON RAPIDS,MN,55448,5,425616,Assisted Living Facility,
ALIYA CARE INC,2700 37TH AVENUE NE,ST. ANTHONY,MN,55421,8,425617,Assisted Living Facility,
ALIZAH FAMILY SERVICES,4939 140TH STREET WEST,APPLE VALLEY,MN,55124,4,423755,Assisted Living Facility,
"ALIZAH FAMILY SERVICES, LLP",20752 GEMINI TRAIL,LAKEVILLE,MN,55044,4,423754,Assisted Living Facility,
ALL HOPES INCORPORATED,9937 LINNET STREET NW,COON RAPIDS,MN,55433,4,423877,Assisted Living Facility,
ALL HOPES INCORPORATED,7932 ORCHARD AVENUE NORTH,BROOKLY PARK,MN,55443,4,423537,Assisted Living Facility,
ALL HOPES INCORPORATED,7400 74TH AVE N,BROOKLYN PARK,MN,55428,4,423457,Assisted Living Facility,
ALL SAINTS SENIOR LIVING,1880 INDEPENDENCE DRIVE,SHAKOPEE,MN,55379,100,422806,Assisted Living Facility Dementia Care,
ALL WULLANCARE INC,7433 LEE AVENUE NORTH,BROOKLYN PARK,MN,55443,4,422736,Assisted Living Facility,
ALLIANCE ASSISTED LIVING INC,2029 PIN OAK DRIVE,EAGAN,MN,55122,4,422865,Assisted Living Facility,
ALLIANCE GROUP HOME LLC,2205 MARSHALL STREET NE,MINNEAPOLIS,MN,55418,5,422020,Assisted Living Facility,
ALLIANCE HOME & CARE PROVIDER LLC,6676 CENTRAL AVE NE,FRIDLEY,MN,55432,5,420319,Provisional Assisted Living Facility,
ALLIANCE HOME HEALTH CARE LLC,803 WEEKS AVENUE SE,MINNEAPOLIS,MN,55414,6,424986,Assisted Living Facility,
ALLIANCE HOMES CORPORATION,4946 JACKSON STREET NE,COLUMBIA HEIGHTS,MN,55421,4,423550,Assisted Living Facility,
ALLIANCE HOMES CORPORATION,7345 74TH WAY NORTH,BROOKLYN PARK,MN,55428,4,418518,Assisted Living Facility,
ALLIANCE ASSISTED LIVING SERVICES LLC,11631 DOUGLAS DR N,CHAMPLIN,MN,55316,5,423029,Provisional Assisted Living Facility,
ALLIANCE ASSISTED LIVING SERVICES LLC,9383 UNION TERRACE LN N,MAPLE GROVE,MN,55369,4,423030,Assisted Living Facility,
ALLIANCE WELLNESS HOMES LLC,5228 185TH STREET,FARMINGTON,MN,55024,5,424125,Assisted Living Facility,
ALLIANZE HEALTHCARE LLC,7013 GRIMES AVENUE NORTH,BROOKLYN CENTER,MN,55429,5,426447,Assisted Living Facility,
ALLIED ASSISTED LIVING LLC,6661 E RIVER RD,FRIDLEY,MN,55432,5,425069,Provisional Assisted Living Facility,
ALLIED GARDENS CARE,3547 NORTH 4TH STREET,MINNEAPOLIS,MN,55412,5,425420,Assisted Living Facility,
ALLIED HOMES LLC,730 BELLOWS ST,ST PAUL,MN,55107,5,423640,Provisional Assisted Living Facility,
ALLTRACARE LLC,3641 DECATUR AVENUE NORTH,NEW HOPE,MN,55427,5,424869,Assisted Living Facility,
ALLURE ASSISTED LIVING LLC,17909 HAYES AVE,LAKEVILLE,MN,55044,5,424854,Provisional Assisted Living Facility,
ALLWELL HOME SERVICES LLC,942 REDWOOD DRIVE,APPLE VALLEY,MN,55124,5,421377,Provisional Assisted Living Facility,
ALLY GROUP HOMES LLC,9724 QUEEN ROAD,BLOOMINGTON,MN,55431,5,422643,Assisted Living Facility,
ALMA CARE LLC,2708 16TH AVENUE EAST,NORTH ST PAUL,MN,55109,5,424588,Assisted Living Facility,
ALPHA CARE ASSISTED LIVING LLC,1908 SKYLINE DRIVE,BURNSVILLE,MN,55337,5,423592,Assisted Living Facility,
ALPHAS HEALTH CARE LLC,358 WINIFRED STREET EAST,ST PAUL,MN,55107,5,420963,Provisional Assisted Living Facility,
ALTACARE SERVICES LLC,7145 STEVENS AVE,RICHFIELD,MN,55423,5,426057,Assisted Living Facility,
ALWAYS AMAZING HOME CARE LLC,8225 HALIFAX COURT NORTH,BROOKLYN PARK,MN,55443,5,422665,Assisted Living Facility,
AMA GROUP HOME INC,2607 LONGFELLOW AVENUE SOUTH,MINNEAPOLIS,MN,55407,4,426203,Assisted Living Facility,
AMA GROUP HOME INC,3409 PILSBURY AVENUE SOUTH,MINNEAPOLIS,MN,55408,5,423655,Assisted Living Facility,
AMAL HOME HEALTH CARE INC,1300 77TH WAY,BROOKLYN PARK,MN,55444,5,419873,Provisional Assisted Living Facility,
AMANA CARE CENTER LLC,8650 MORAINE DR,SHAKOPEE,MN,55379,5,420171,Provisional Assisted Living Facility,
AMANA HOME CARE L.L.C,7010 BLOOMINGTON AVENUE SOUTH,RICHFIELD,MN,55423,4,425946,Assisted Living Facility,
AMANI HAVEN LLC,6037 JUNE AVE N,BROOKLYN CENTER,MN,55429,5,422393,Provisional Assisted Living Facility,
AMAX CARE LLC,7007 MORGAN AVE N,BROOKLYN CENTER,MN,55430,5,426089,Assisted Living Facility,
AMAYA CARE LLC,10366 EAGLE ST NW,COON RAPIDS,MN,55433,5,425806,Provisional Assisted Living Facility,
AMAZING GRACE CARE LLC,7988 HALLMARK WAY,APPLE VALLEY,MN,55124,5,425948,Assisted Living Facility,
AMAZING LOVE ASSISTED LIVING,5724 BASS LAKE ROAD,CRYSTAL,MN,55429,23,423103,Assisted Living Facility,
AMBER CREST HEALTH,927 CHARLES AVE,ST. PAUL,MN,55104,5,424373,Provisional Assisted Living Facility,
AMEN ASSISTED LIVING LLC,1943 1ST STREET,NORTH ST PAUL,MN,55109,5,422849,Provisional Assisted Living Facility,
AMEN HOME CARE PROVIDER LLC,6550 21ST ST N,OAKDALE,MN,55128,5,426001,Assisted Living Facility,
AMERICAN ASSISTED LIVING LLC,5660 7THE STREET NE,FRIDLEY,MN,55432,5,425729,Provisional Assisted Living Facility,
AMERICAN EAGLE OWATONNA,364 CEDARDALE DRIVE SE,OWATONNA,MN,55060,26,423406,Assisted Living Facility Dementia Care,
AMERICAN EAGLE OWATONNA,334 CEDARDALE DRIVE SE,OWATONNA,MN,55060,20,423174,Assisted Living Facility,
AMERICAN NURSING CARE LLC,7890 BOYD AVE,INVER GROVE HEIGHTS,MN,55076,5,423717,Provisional Assisted Living Facility,
AMERICAN SPIRIT LLC,13115 50TH STREET SOUTH,AFTON,MN,55001,5,424070,Assisted Living Facility,
AMERICAN VOLUNTEERS HOMES LLC,5202 QUAIL AVENUE NORTH,CRYSTAL,MN,55429,4,423423,Assisted Living Facility,
AMERICARE LODGES,20371 WENDIGO PARK ROAD BLDG 3,GRAND RAPIDS,MN,55744,28,423257,Assisted Living Facility,
AMERICARE LODGES INC,6870 SCHULTZ DRIVE NE,REMER,MN,56672,10,423233,Assisted Living Facility,
AMERIGRACE CARE SERVICES,1852 AMES AVENUE,ST. PAUL,MN,55119,4,425428,Assisted Living Facility,
AMERIGRACE CARE SERVICES,9254 CHENEY TRL,INVER GROVE HEIGHTS,MN,55076,5,426456,Assisted Living Facility,
AMERIGRACE CARE SERVICES,9633 HALE AVENUE SOUTH,COTTAGE GROVE,MN,55016,4,425426,Assisted Living Facility,
AMERIGRACE CARE SERVICES,890 CLARENCE STREET,ST. PAUL,MN,55106,4,425473,Assisted Living Facility,
AMES ASSISTED LIVING LLC,1884 AMES AVE,SAINT PAUL,MN,55119,5,424830,Provisional Assisted Living Facility,
AMIA ASSISTED LIVING LLC,7201 HARTKOPF LANE,BROOKLYN PARK,MN,55428,5,419877,Provisional Assisted Living Facility,
AMIRA CHOICE BLOOMINGTON,5501 AMERICAN BOULEVARD WEST,BLOOMINGTON,MN,55437,145,422450,Assisted Living Facility Dementia Care,
AMIRA CHOICE CHAMPLIN,119 EAST HAYDEN LAKE ROAD,CHAMPLIN,MN,55316,138,423888,Assisted Living Facility Dementia Care,
AMIRA CHOICE FOREST LAKE,231 BROADWAY AVENUE WEST,FOREST LAKE,MN,55025,122,424472,Assisted Living Facility Dementia Care,
AMIRA CHOICE MINNETONKA,2004 PLYMOUTH ROAD,MINNETONKA,MN,55305,125,424475,Assisted Living Facility Dementia Care,
AMIRA CHOICE PLYMOUTH,18405 OLD ROCKFORD ROAD,PLYMOUTH,MN,55446,125,424565,Assisted Living Facility Dementia Care,
AMIRA CHOICE ROSEVILLE,2996 CLEVELAND AVENUE NORTH,ROSEVILLE,MN,55113,95,424570,Assisted Living Facility Dementia Care,
AMIRA CHOICE ROSEVILLE AT LEXINGTON,2680 LEXINGTON AVENUE NORTH,ROSEVILLE,MN,55113,145,424681,Assisted Living Facility Dementia Care,
AMRAN HOME HEALTH CARE LLC,3228 COLUMBUS AVENUE SOUTH,MINNEAPOLIS,MN,55407,10,423360,Assisted Living Facility,
AMY JOHNSON RESIDENCE,89 VIRGINIA STREET,ST. PAUL,MN,55102,25,424276,Assisted Living Facility,
ANCHOR ASSISTED LIVING LLC,7400 COLUMBUS AVE S,RICHFIELD,MN,55423,5,425882,Provisional Assisted Living Facility,
ANCHOR CARE SERVICES LLC,8443 81ST STREET SOUTH,COTTAGE GROVE,MN,55016,5,423395,Assisted Living Facility,
ANCHOR ON CENTURY,6292 CENTURY BOULEVARD,BROOKLYN PARK,MN,55429,4,423527,Assisted Living Facility,
ANGEL ARMS CARE LLC,12101 ROBIN CIRCLE,HOPKINS,MN,55305,5,424987,Assisted Living Facility,
ANGEL CARE ASSISTED LIVING LLC,2227 BLOOMINGTON AVENUE SOUTH,MINNEAPOLIS,MN,55404,5,423552,Assisted Living Facility,
ANGEL CARE HOMES,7829 HAMPSHIRE CIRCLE NORTH,BROOKLYN PARK,MN,55445,5,425481,Assisted Living Facility,
ANGEL HEARTS HEALTH CARE SER LLC,6509 76TH AVENUE NORTH,BROOKLYN PARK,MN,55428,4,426257,Assisted Living Facility,
ANGEL HOME CARE LLC,817 101ST AVE NE,BLAINE,MN,55434,5,425808,Provisional Assisted Living Facility,
ANGEL'S HEALTH & HOME CARE SERVICES INC,5833 PEARSON DRIVE,BROOKLYN CENTER,MN,55429,4,426177,Assisted Living Facility,
ANGEL'S HEALTH & HOME CARE SERVICES INC,4213 63RD AVENUE NORTH,BROOKLYN CENTER,MN,55429,4,426384,Assisted Living Facility,
ANGELIC CARE HOMES INC,12217 CARTWAY CURVE,EDEN PRAIRIE,MN,55347,5,423025,Provisional Assisted Living Facility,
ANGELS HEALTH AND HOME CARE SERVICES INC,14297 ZILLA STREET NORTHWEST,ANDOVER,MN,55304,5,425444,Assisted Living Facility,
ANGELS HOMES LLC,13200 WEST MANOR BOULEVARD,BURNSVILLE,MN,55337,5,425371,Assisted Living Facility,
ANGELWOOD ASSISTED LIVING LLC,4050 3RD AVE S,MINNEAPOLIS,MN,55409,5,425439,Provisional Assisted Living Facility,
ANNE'S PLACE LLC,1137 BRAINERD AVENUE,DULUTH,MN,55811,3,424190,Assisted Living Facility,
ANTIQUE GARDENS SENIOR CARE LLC,6617 76TH AVE N,BROOKLYN PARK,MN,55428,5,426369,Assisted Living Facility,
APEX CARE ALLIANCE,7321 ALDRICH AVE S,RICHFIELD,MN,55423,4,423422,Assisted Living Facility,
APPLE GROUP HOME INC,1404 KENTUCKY AVENUE SOUTH,ST. LOUIS PARK,MN,55426,4,422449,Assisted Living Facility,
APPLE VALLEY VILLA,14610 GARRETT AVENUE,APPLE VALLEY,MN,55124,230,425516,Assisted Living Facility Dementia Care,
APPLEN HOME CARE LLC,440 123RD AVE NW,COON RAPIDS,MN,55448,5,424227,Provisional Assisted Living Facility,
APPLETON AREA HEALTH,100 SOUTH BARDUSON STREET,APPLETON,MN,56208,35,421424,Assisted Living Facility,
APPLEWOOD HOME HEALTH CARE LLC,6320 VINCENT AVENUE SOUTH,RICHFIELD,MN,55423,6,418704,Assisted Living Facility,
APPLEWOOD HOME HEALTH CARE LLC,6511 IRVING AVENUE SOUTH,RICHFIELD,MN,55423,4,419499,Assisted Living Facility,
ARBOR GARDEN PLACE,535 CANYON DRIVE NW,EYOTA,MN,55934,60,425012,Assisted Living Facility Dementia Care,
ARBOR LAKES SENIOR LIVING LLC,12001 80TH AVENUE NORTH,MAPLE GROVE,MN,55369,185,424128,Assisted Living Facility Dementia Care,
ARBOR LANE,13810 COMMUNITY DRIVE,BURNSVILLE,MN,55337,50,423125,Assisted Living Facility Dementia Care,
ARBOR OAKS SENIOR LIVING,1640 155TH LANE NW,ANDOVER,MN,55304,78,422796,Assisted Living Facility Dementia Care,
"ARBOR PARK LIVING CENTER, LLC",2921 6TH AVENUE NORTH,MOORHEAD,MN,56560,57,426273,Assisted Living Facility Dementia Care,
ARBOR TERRACE,700 NW 2ND AVENUE,ROCHESTER,MN,55901,109,426373,Assisted Living Facility Dementia Care,
ARBORS AT RIDGES ASSISTED LIVING,13897 COMMUNITY DRIVE,BURNSVILLE,MN,55337,70,424721,Assisted Living Facility,
ARCHLYN'S SAFE HAVEN LLC,15564 VALE ST. NW,ANDOVER,MN,55304,5,425810,Provisional Assisted Living Facility,
ARDEN GLADES ASSISTED LIVING LLC,1474 FLORAL DR W,ARDEN HILLS,MN,55112,5,425837,Assisted Living Facility,
ARDEN HOMES LLC,3301 62ND AVENUE NORTH,BROOKLYN CENTER,MN,55429,5,425743,Assisted Living Facility,
ARDEN HOMES LLC,5437 MARYLAND AVENUE NORTH,CRYSTAL,MN,55428,5,426246,Assisted Living Facility,
ARKHAVEN HEALTHCARE LLC,2315 WESTERN AVENUE NORTH,ROSEVILLE,MN,55113,4,424888,Assisted Living Facility,
ARLINGTON CARE INC,625 ARLINGTON AVE E,SAINT PAUL,MN,55130,5,425194,Provisional Assisted Living Facility,
ARLINGTON PLACE ASSISTED LIVING,21 16TH AVENUE SE,ST. JOSEPH,MN,56374,22,423325,Assisted Living Facility,
ARMS HOME HEALTH CARE,1904 EAST 26TH STREET,MINNEAPOLIS,MN,55404,4,423987,Assisted Living Facility,
ARMSTRONG HOMES INC,7908 OREGON AVENUE NORTH,BROOKLYN PARK,MN,55445,4,422717,Assisted Living Facility,
ARTHUR'S SENIOR CARE,1854 ALTA VISTA DRIVE,ROSEVILLE,MN,55113,7,425175,Assisted Living Facility Dementia Care,
ARTHUR'S SENIOR CARE,3310 EMMERT STREET,ROSEVILLE,MN,55126,7,425174,Assisted Living Facility Dementia Care,
ARTIS SENIOR LVG OF WOODBURY,8155 AFTON ROAD,WOODBURY,MN,55125,64,425925,Assisted Living Facility Dementia Care,
ASHBY LIVING CENTER,112 IVERSON AVENUE,ASHBY,MN,56309,24,424299,Assisted Living Facility Dementia Care,
ASPEN CARE INC,3001 84TH AVENUE NORTH,BROOKLYN PARK,MN,55444,5,426313,Assisted Living Facility,
ASPEN GROVE ALTERNATIVE SENIOR LIVING,511 IRON DRIVE,CHISHOLM,MN,55719,30,425885,Assisted Living Facility Dementia Care,
ASPEN GROVE ASSISTED LIVING,504 IRON DRIVE,CHISHOLM,MN,55719,31,422761,Assisted Living Facility Dementia Care,
ASPEN HOME HEALTH CARE INC,9508 UPTON AVENUE NORTH,BROOKLYN PARK,MN,55444,6,425436,Assisted Living Facility,
ASPEN SERENITY LLC,19339 EVENING STAR WAY,FARMINGTON,MN,55024,5,422531,Provisional Assisted Living Facility,
ASPIRE AID HEALTHCARE LLC,3613 54TH AVE N,BROOKLYN CENTER,MN,55429,5,425879,Provisional Assisted Living Facility,
ASPIRE AID HEALTHCARE LLC,128 RIVER EDGE WAY NE,FRIDLEY,MN,55432,5,420897,Assisted Living Facility,
ASPIRE RESIDENTIAL CARE LLC,5337 OLIVER AVE N,BROOKLYN CENTER,MN,55430,5,424371,Provisional Assisted Living Facility,
ASPIRE SENIOR LIVING LLC,5206 BRIGHTON LN,MOUNDS VIEW,MN,55112,5,425830,Assisted Living Facility,
ASSISTED CO LLC,223 WINIFRED STREET,ST PAUL,MN,55107,5,420730,Provisional Assisted Living Facility,
ASSISTED LIVING AT NORTH RIDGE,5500 BOONE AVENUE NORTH,NEW HOPE,MN,55428,195,422998,Assisted Living Facility Dementia Care,
ASSOCIATE HEALTHCARE LLC,3308 74TH CIRCLE NORTH,BROOKLYN PARK,MN,55443,5,423115,Assisted Living Facility,
ASST LVG IN HERITAGE HALL,11501 MASONIC HOME DRIVE,BLOOMINGTON,MN,55437,52,422452,Assisted Living Facility,
ASSUMPTION COURT,615 1ST STREET NORTH,COLD SPRING,MN,56320,75,423834,Assisted Living Facility,
ASSURANT CARE HOMES LLC,11337 CROOKED LAKE BLVD NW,COON RAPIDS,MN,55433,5,424829,Assisted Living Facility,
ASSURANT CARE HOMES LLC,11410 CROOKED LAKE BLVD NW,COON RAPIDS,MN,55433,5,423728,Assisted Living Facility,
ASSURANT CARE HOMES LLC,2750 112TH LANE NW,COON RAPIDS,MN,55433,4,424382,Assisted Living Facility,
ASSURANT CARE HOMES LLC,11430 CROOKED LAKE BLVD NW,COON RAPIDS,MN,55433,4,424385,Assisted Living Facility,
ASSURANT CARE HOMES LLC,7449 LOUISIANA AVENUE NORTH,BROOKLYN PARK,MN,55428,5,424127,Assisted Living Facility,
ASSURED CARE,13404 KNOB HILL ROAD,BURNSVILLE,MN,55337,5,425172,Assisted Living Facility,
ASSURED CARE,9630 UPTON ROAD,BLOOMINGTON,MN,55431,4,425171,Assisted Living Facility,
ASSURED WELLNESS LLC,464 TOWER STREET,ST. PAUL,MN,55119,6,422705,Assisted Living Facility,
ASSURED WELLNESS LLC,468 TOWER STREET,ST. PAUL,MN,55119,4,422565,Assisted Living Facility,
AT HOME ASSISTED LIVING LLC,1335 52ND AVE NE,FRIDLEY,MN,55421,4,423823,Provisional Assisted Living Facility,
AT HOME RESIDENTIAL CARE INC,5715 KNOX AVENUE NORTH,BROOKLYN CENTER,MN,55430,5,423190,Assisted Living Facility,
AT HOME WITH US LLC,2174 STANICH STREET,MAPLEWOOD,MN,55109,5,425017,Assisted Living Facility,
ATHANOR HOUSING AND RESIDENTIAL SERVICES INC,266 WINIFRED STREET EAST,ST. PAUL,MN,55107,5,423545,Assisted Living Facility,
ATLANTIC HEALTH LLC,3657 BRUNSWICK AVENUE NORTH,CRYSTAL,MN,55422,5,417980,Provisional Assisted Living Facility,
ATLAS VILLAS MEMORY CARE,1825 MAIN STREET,CENTERVILLE,MN,55038,20,424099,Assisted Living Facility Dementia Care,
ATTENTIVE CARE,3524 KYLE AVENUE NORTH,CRYSTAL,MN,55422,6,425811,Assisted Living Facility,
ATTENTIVE CARE LLC,10816 CEDARBRIDGE AVENUE,BURNSVILLE,MN,55337,5,424632,Assisted Living Facility,
AUBURN COURTS,501 OAK STREET NORTH,CHASKA,MN,55318,60,424353,Assisted Living Facility Dementia Care,
AUBURN MEADOWS LLC,591 CHERRY DRIVE,WACONIA,MN,55387,75,422316,Assisted Living Facility Dementia Care,
AURORA ASSISTED LIVING INC,476 AURORA AVENUE,ST PAUL,MN,55103,5,426139,Assisted Living Facility,
AURORA ASSISTED LIVING LLC,115 MAGNOLIA AVENUE WEST,ST. PAUL,MN,55117,5,422438,Assisted Living Facility,
AURORA CAREFREE LIVING BY OXFORD,304 EAST 3RD AVENUE SOUTH,AURORA,MN,55705,52,425170,Assisted Living Facility Dementia Care,
AURORA ON FRANCE SENIOR LIVING,6500 FRANCE AVENUE SOUTH,EDINA,MN,55435,140,425996,Assisted Living Facility Dementia Care,
AUROZA HOMES LLC,3803 CLINTON AVENUE SOUTH,MINNEAPOLIS,MN,55409,5,425457,Assisted Living Facility,
AUTUMN COTTAGES,812 MCKAY AVENUE SOUTH,ALEXANDRIA,MN,56308,20,423072,Assisted Living Facility Dementia Care,
AUTUMN GLEN SENIOR LIVING,3715 COON RAPIDS BOULEVARD NW,COON RAPIDS,MN,55433,115,424893,Assisted Living Facility Dementia Care,
AUTUMN GRACE I,118 RAVEN COURT,MANKATO,MN,56001,20,425392,Assisted Living Facility Dementia Care,
AUTUMN GRACE II,110 RAVEN COURT,MANKATO,MN,56001,16,425390,Assisted Living Facility Dementia Care,
AUTUMN HILLS ASSISTED LIVING,2528 PARK AVENUE NW,BEMIDJI,MN,56601,31,424598,Assisted Living Facility,
AUTUMN LANE INC,36858 PINCHERRY ROAD,COHASSET,MN,55721,22,424834,Assisted Living Facility Dementia Care,
AVALON CARE LLC,17946 EVENING LANE,LAKEVILLE,MN,55044,5,422627,Assisted Living Facility,
AVALORIA CARE LLC,1214 AUTUMN ST,ROSEVILLE,MN,55113,5,424194,Provisional Assisted Living Facility,
AVELIA ESTATES LLC,137 MAGNOLIA AVE E,SAINT PAUL,MN,55117,5,425098,Provisional Assisted Living Facility,
AVIAN CARE LLC,338 AURORA AVENUE,SAINT PAUL,MN,55103,5,423353,Assisted Living Facility,
AVID HOME AND COMMUNITY HEALTHCARE SERVICES,2609 87TH TRAIL NORTH,BROOKLYN PARK,MN,55443,5,424822,Assisted Living Facility,
AVIVA RIVER BEND,30 SILVER LAKE PLACE NW,ROCHESTER,MN,55901,100,423419,Assisted Living Facility Dementia Care,
AXIS HOME HEALTH CARE LLC,590 BALLYTYNE NORTHEAST LANE,SPRING LAKE PARK,MN,55432,5,426133,Assisted Living Facility,
AYAN CARE INC,1224 VISTA DRIVE,BURNSVILLE,MN,55337,5,421323,Assisted Living Facility,
AYYA ASSISTED LIVING LLC,2968 MATILDA STREET,ROSEVILLE,MN,55113,5,426147,Assisted Living Facility,
AZALEA HOMES LLC,11333 WELCOME AVE N,CHAMPLIN,MN,55316,5,425928,Provisional Assisted Living Facility,
AZALEA HOMES LLC,5857 PERRY AVENUE NORTH,CRYSTAL,MN,55429,5,424245,Assisted Living Facility,
BABBIT CAREFREE LIVING BY OXFORD LIVING,1 CENTRAL BOULEVARD,BABBITT,MN,55706,38,425407,Assisted Living Facility Dementia Care,
BAIKAH HOMES LLC,4901 78TH LANE N,BROOKLYN PARK,MN,55443,5,426352,Provisional Assisted Living Facility,
BAIKAH HOMES LLC,2016 YELLOWSTONE TRAIL,BROOKLYN PARK,MN,55444,5,425816,Assisted Living Facility,
BAIKAH HOMES LLC,814 CHARLOTTE DRIVE,ANOKA,MN,55303,4,425668,Assisted Living Facility,
BAKULI EASY LIVING LLC,6414 156TH STREET,SAVAGE,MN,55378,5,425342,Assisted Living Facility,
BARI CARE HOMES LLC,14741 NEON STREET NORTHWEST,RAMSEY,MN,55303,5,426149,Assisted Living Facility,
BARI CARE HOMES LLC,6724 TESSMAN TERRACE NORTH,BROOKLYN PARK,MN,55445,5,424608,Provisional Assisted Living Facility,
BARNES CARE,154 EAST HIGHWAY 61,ESKO,MN,55733,14,425435,Assisted Living Facility,
BARNES CARE INC,56 WEST HIGHWAY 61,ESKO,MN,55733,10,425434,Assisted Living Facility,
BARNES CARE INC,58 WEST HIGHWAY 61,ESKO,MN,55733,10,425389,Assisted Living Facility,
BARRETT ASSISTED LIVING COMMUNITY INC,800 SPRUCE AVENUE,BARRETT,MN,56311,21,425881,Assisted Living Facility,
BARROSS COTTAGE II LLC,806 13TH AVENUE,TWO HARBORS,MN,55616,10,424629,Assisted Living Facility,
BARROSS COTTAGE LLC,401 SOUTH AVENUE,TWO HARBORS,MN,55616,7,425775,Assisted Living Facility,
BAY HARBOR SENIOR LIVING OF LA CRESCENT,1384 COUNTY ROAD 25,LA CRESCENT,MN,55947,86,423513,Assisted Living Facility Dementia Care,
BAYDA GROUP HOME INC,1218 EAST 26TH STREET,MINNEAPOLIS,MN,55404,4,426396,Assisted Living Facility,
BAYR ELEVATE HOME HEALTH INC,820 66TH AVE NE,FRIDLEY,MN,55432,5,424453,Provisional Assisted Living Facility,
BAYSIDE CUSTOMIZED LIVING LLC,6619 50TH AVE N,CRYSTAL,MN,55428,4,422602,Provisional Assisted Living Facility,
BAYSIDE MANOR ASSISTED LIVING,638 3RD STREET,GAYLORD,MN,55334,68,424022,Assisted Living Facility Dementia Care,
BAYVIEW CASE MANAGEMENT LLC,14199 GARRETT AVENUE,APPLE VALLEY,MN,55124,5,426041,Assisted Living Facility,
BEACON HILL,5300 BEACON HILL ROAD,MINNETONKA,MN,55345,50,423095,Assisted Living Facility,
BEACON HOME HEALTH CARE LLC,6132 12TH AVE S,MINNEAPOLIS,MN,55417,5,421285,Assisted Living Facility,
BEAUTIFUL HEARTS LLC,3537 3RD AVENUE SOUTH,MINNEAPOLIS,MN,55408,5,424319,Assisted Living Facility,
BEAUTIFUL HEARTS LLC,8617 PORTLAND AVENUE SOUTH,BLOOMINGTON,MN,55420,5,424590,Assisted Living Facility,
BECKY'S PLACE INC,6391 DUCK LAKE ROAD,EDEN PRAIRIE,MN,55346,8,423726,Assisted Living Facility,
BEEHIVE HOMES OF DULUTH,4014 TRINITY ROAD,DULUTH,MN,55811,41,422805,Assisted Living Facility Dementia Care,
BEEHIVE HOMES OF ELK RIVER,14282 BUSINESS CENTER DRIVE NW,ELK RIVER,MN,55330,24,422550,Assisted Living Facility Dementia Care,
BEEHIVE HOMES OF LAKEVILLE,20159 IBERIA AVENUE,LAKEVILLE,MN,55044,24,424592,Assisted Living Facility Dementia Care,
BEEHIVE HOMES OF LAKEVILLE SOUTH,8305 210TH STREET WEST,LAKEVILLE,MN,55044,28,422844,Assisted Living Facility Dementia Care,
BEEHIVE HOMES OF MAPLE GROVE,14901 WEAVER LAKE ROAD,MAPLE GROVE,MN,55311,41,425074,Assisted Living Facility Dementia Care,
BEEHIVE HOMES OF MOORHEAD,1001 CADDY AVENUE,MOORHEAD,MN,56560,16,424421,Assisted Living Facility Dementia Care,
BEKA HOME INC,9101 NEVADA COURT,BROOKLYN PARK,MN,55445,6,425503,Assisted Living Facility,
BEL RAE SENIOR LIVING,2330 MOUNDS VIEW BOULEVARD,MOUNDS VIEW,MN,55112,105,422824,Assisted Living Facility Dementia Care,
BELEVO HEALTH SERVICES,4301 WELCOME AVENUE NORTH,CRYSTAL,MN,55422,4,424947,Assisted Living Facility,
BELEVO HEALTH SERVICES LLC,1064 DALE STREET NORTH,ST. PAUL,MN,55117,5,426307,Assisted Living Facility,
BELEX HOME HEALTH SERVICES SC,7740 VINCENT AVE N,BROOKLYN PARK,MN,55444,5,424095,Assisted Living Facility,
BELL ASSISTED LIVING LLC,11947 9TH AVENUE NW,COON RAPIDS,MN,55433,5,425474,Assisted Living Facility,
BELLA VIE LIVING LLC,7001 EMERSON AVENUE NORTH,BROOKLYN CENTER,MN,55430,4,425469,Assisted Living Facility,
BELONG HEALTH CARE LLC,4809 OXBOROUGH GARDENS NORTH,BROOKLYN PARK,MN,55443,5,425848,Assisted Living Facility,
BELONG HEALTH CARE LLC,7017 88TH AVENUE NORTH,BROOKLYN PARK,MN,55445,5,422540,Assisted Living Facility,
BELTRAMI SENIOR HOUSING LLC,1426 PAMELA COURT NW,BEMIDJI,MN,56601,14,424967,Assisted Living Facility,
BENEDETTA HOME CARE SERVICES LLC,7600 59TH PLACE NORTH,CRYSTAL,MN,55428,5,425453,Assisted Living Facility,
BENEDICT COURT,1980 15TH AVENUE SE,ST. CLOUD,MN,56304,43,423162,Assisted Living Facility,
BENEDICT HOMES,1340 MINNESOTA BOULEVARD,ST. CLOUD,MN,56304,27,423357,Assisted Living Facility Dementia Care,
BENEDICT HOUSE,3883 19TH AVENUE NW,ROCHESTER,MN,55901,18,422453,Assisted Living Facility Dementia Care,
BENEDICTINE ASHER HAUS,717 1ST STREET NORTH,COLD SPRING,MN,56320,28,423928,Assisted Living Facility Dementia Care,
BENEDICTINE COURT,1906 NORTH SUNRISE DRIVE,ST. PETER,MN,56082,55,426364,Assisted Living Facility,
BENEDICTINE LIVING COMMUNITY ANOKA,910 WESTERN STREET,ANOKA,MN,55303,96,425704,Assisted Living Facility,
BENEDICTINE LIVING COMMUNITY NORTHFIELD,2030 NORTH AVENUE,NORTHFIELD,MN,55057,135,424383,Assisted Living Facility Dementia Care,
BENEDICTINE LIVING COMMUNITY | SHAKOPEE,1705 WINDERMERE WAY,SHAKOPEE,MN,55379,225,426186,Assisted Living Facility Dementia Care,
BENEDICTINE LIVING COMMUNITY | BYRON,551 BYRON MAIN COURT NE,BYRON,MN,55920,65,422250,Assisted Living Facility Dementia Care,
BENEDICTINE LIVING COMMUNITY | RED WING,135 PIONEER ROAD,RED WING,MN,55066,61,425527,Assisted Living Facility Dementia Care,
BENEDICTINE LIVING COMMUNITY | OSSEO,625 CENTRAL AVENUE,OSSEO,MN,55369,64,425826,Assisted Living Facility Dementia Care,
BENET HALL,1001 KENWOOD AVENUE,DULUTH,MN,55811,15,422845,Assisted Living Facility,
BENTSON FAMILY ASSISTED LIVING RESIDENCE,730 KAY AVENUE,ST. PAUL,MN,55102,66,425907,Assisted Living Facility Dementia Care,
BERKELEY HEIGHTS HOME OF MINNESOTA LLC,6917 EDGEWOOD AVENUE NORTH,BROOKLYN PARK,MN,55428,5,425019,Assisted Living Facility,
BERKELEY HEIGHTS HOMES OF MINNESOTA LLC,1509 SUGARLOAF TRAIL,BROOKLYN PARK,MN,55444,4,425046,Assisted Living Facility,
BERKELEY HEIGHTS HOMES OF MINNESOTA LLC,1808 MEADOWWOOD COURT,BROOKLYN PARK,MN,55444,4,425020,Assisted Living Facility,
BERKELEY HEIGHTS HOMES OF MINNESOTA LLC,6308 65TH AVENUE NORTH,BROOKLYN PARK,MN,55428,5,425061,Assisted Living Facility,
BEST CARE ASSISTED LIVING LLC,2726 LAKEVIEW AVE,ROSEVILLE,MN,55113,5,426037,Provisional Assisted Living Facility,
BEST CHOICE ASSISTED LIVING,4733 WINNETKA AVE N,NEW HOPE,MN,55428,5,424452,Provisional Assisted Living Facility,
BEST CHOICE HOME CARE LLC,821 20TH AVENUE NE,MINNEAPOLIS,MN,55418,5,425851,Assisted Living Facility,
BEST HOME HEALTH CARE SERVICE,6044 CLINTON AVENUE SOUTH,MINNEAPOLIS,MN,55419,3,423235,Assisted Living Facility,
BESTLIFE HEALTHCARE SERVICES,260 LONGFELLOW ST NE,FRIDLEY,MN,55432,5,425148,Provisional Assisted Living Facility,
BESTLIFE HEALTHCARE SERVICES LLC,109 9TH AVENUE NORTHEAST,OSSEO,MN,55369,5,424810,Assisted Living Facility,
BETHANY ASSISTED LIVING,117 2ND STREET NE,FOSSTON,MN,56542,28,425931,Assisted Living Facility,
BETHANY ASSISTED LIVING IN LITCHFIELD,203 NORTH ARMSTRONG AVENUE,LITCHFIELD,MN,55355,78,422084,Assisted Living Facility Dementia Care,
BETHANY ON THE LAKE LLC,1020 LARK STREET,ALEXANDRIA,MN,56308,12,424751,Assisted Living Facility Dementia Care,
BETHEL HAVEN CARE,31274 JULLIARD STREET NE,NORTH BRANCH,MN,55056,11,424381,Assisted Living Facility,
BETHEL PAVILION HOMECARE LLC,5913 UPTON AVENUE NORTH,BROOKLYN CENTER,MN,55430,5,425482,Assisted Living Facility,
BETHEL PAVILION HOMECARE LLC,7535 DOUGLAS DRIVE NORTH,BROOKLYN PARK,MN,55443,5,425575,Assisted Living Facility,
BETHEL PAVILION HOMECARE LLC,3816 83RD AVENUE NORTH,BROOKLYN PARK,MN,55443,4,425475,Assisted Living Facility,
BETHESDA NORTH POINTE,500 PETERSON PARKWAY,NEW LONDON,MN,56273,100,425929,Assisted Living Facility Dementia Care,
BETTER CARE SERVICES LLC,3720 28TH AVENUE SOUTH,MINNEAPOLIS,MN,55406,5,425433,Assisted Living Facility,
BETTER LIVING RESIDENTIAL CARE,425 JESSAMINE AVE E,ST. PAUL,MN,55101,4,425540,Assisted Living Facility,
BETTER STAY HOMES LLC,5237 FLORIDA AVENUE NORTH,CRYSTAL,MN,55428,5,417682,Assisted Living Facility,
BETTERCARE ASSISTED LIVING LLC,417 UNIVERSITY AVE W,ST PAUL,MN,55103,5,422970,Provisional Assisted Living Facility,
BETTY CARE SERVICES LLC,11324 FLORIDA AVENUE NORTH,CHAMPLIN,MN,55316,5,423577,Assisted Living Facility,
BEYOND SENIOR LIVING,6281 OAKWOOD ROAD,WOODBURY,MN,55125,4,423727,Assisted Living Facility,
BIG HEARTS HOME CARE INC,3824 PARK AVENUE,MINNEAPOLIS,MN,55407,5,423024,Assisted Living Facility,
BIG HEARTS HOME CARE INC,7520 16TH AVENUE SOUTH,RICHFIELD,MN,55423,5,425211,Assisted Living Facility,
BIG HEARTS HOME CARE INC,1130 14TH AVENUE SE,MINNEAPOLIS,MN,55414,5,426098,Assisted Living Facility,
BIGFORK VALLEY VILLA,258 PINE TREE DRIVE,BIGFORK,MN,56628,34,422815,Assisted Living Facility,
BIMSOL CARE LLC,5542 UNITY AVENUE NORTH,CRYSTAL,MN,55429,5,425483,Assisted Living Facility,
BIMSOL CARE LLC,2551 115TH AVENUE NW,COON RAPIDS,MN,55433,5,423326,Assisted Living Facility,
BIRCHVIEW GARDENS ASSISTED LIVING INC,108 3RD STREET NORTH,HACKENSACK,MN,56452,41,422382,Assisted Living Facility Dementia Care,
BIRCHVIEW GARDENS ASSISTED LIVING INC,209 BIRCHWOOD AVENUE WEST,WALKER,MN,56484,29,423742,Assisted Living Facility Dementia Care,
BIRCHWOOD ARBORS,750 NE 1ST STREET,FOREST LAKE,MN,55025,50,422794,Assisted Living Facility,
BIRCHWOOD COTTAGES,1905 AUSTIN ROAD,OWATONNA,MN,55060,32,424549,Assisted Living Facility Dementia Care,
BIRCHWOOD COTTAGES,1845 AUSTIN ROAD,OWATONNA,MN,55060,32,424628,Assisted Living Facility Dementia Care,
BIRCHWOOD COTTAGES,1630 LOR RAY DRIVE,NORTH MANKATO,MN,56003,70,425627,Assisted Living Facility Dementia Care,
BLACKDUCK SENIOR LIVING LLC,441 4TH STREET NE,BLACKDUCK,MN,56630,16,425001,Assisted Living Facility,
BLAINE HEALTH SERVICES LLC,13250 NASSAU CT NE,BLAINE,MN,55449,5,426378,Assisted Living Facility,
BLAINE SENIOR LIVING LLC,12016 ULYSSES STREET NE,BLAINE,MN,55434,98,425536,Assisted Living Facility Dementia Care,
BLAINE WP II LLC,12402 JAMESTOWN STREET NE,BLAINE,MN,55449,42,424548,Assisted Living Facility Dementia Care,
BLAINE WP LLC,12446 JAMESTOWN STREET NE,BLAINE,MN,55449,70,423084,Assisted Living Facility Dementia Care,
BLESSED HANDS HEALTHCARE,8465 79TH STREET SOUTH,COTTAGE GROVE,MN,55016,5,425048,Assisted Living Facility,
BLESSING RESIDENTIAL CARE LLC,8240 NEWTON AVENUE NORTH,BROOKLYN PARK,MN,55444,5,425592,Assisted Living Facility,
BLISSFUL CARE SERVICES LLC,5643 NORTHPORT DRIVE,BROOKLYN CENTER,MN,55429,5,425063,Assisted Living Facility,
BLISSFUL CARE SERVICES LLC,5655 NORTHPORT DRIVE,BROOKLYN CENTER,MN,55429,4,424934,Assisted Living Facility,
BLOOM ASSISTED LIVING LLC,9016 MORGAN AVE S,BLOOMINGTON,MN,55431,5,425607,Provisional Assisted Living Facility,
BLOOMING RIDGE LLC,1600 E 80TH ST,BLOOMINGTON,MN,55425,5,425193,Provisional Assisted Living Facility,
BLOOMINGTON HOME HEALTH LLC,8325 OAKLAND AVENUE SOUTH,BLOOMINGTON,MN,55420,5,426130,Assisted Living Facility,
BLOSSOM HILL LLC,6765 BUCKINGHAM RD,WOODBURY,MN,55125,5,422254,Assisted Living Facility,
BLOSSOM VIEWS ASSISTED LIVING LLC,6511 22ND ST N,OAKDALE,MN,55128,5,422532,Provisional Assisted Living Facility,
BLUE MOON CENTER LLC,1310 PACIFIC ST,SAINT PAUL,MN,55106,4,426208,Assisted Living Facility,
BLUE SKY ASSISTED LIVING LLC,654 ORANGE AVE E,ST PAUL,MN,55106,5,422394,Assisted Living Facility,
BOBBY'S HOUSE,9200 JAMES AVENUE NORTH,BROOKLYN PARK,MN,55444,4,422049,Assisted Living Facility,
BODEN SENIOR LIVING - APPLE VALLEY,5399 155TH STREET WEST,APPLE VALLEY,MN,55124,67,425912,Assisted Living Facility Dementia Care,
BODEN SENIOR LVG - MAPLEWOOD,1700 BEAM AVENUE,MAPLEWOOD,MN,55109,66,426209,Assisted Living Facility Dementia Care,
BODEN SR LVG - COON RAPIDS,11372 ROBINSON DRIVE NW,COON RAPIDS,MN,55433,54,423602,Assisted Living Facility Dementia Care,
BOKA HAVEN INC,5251 386TH STREET,NORTH BRANCH,MN,55056,40,426414,Assisted Living Facility,
BOND HOME CARE LLC,6445 OLSON MEMORIAL HIGHWAY,GOLDEN VALLEY,MN,55427,5,425999,Assisted Living Facility,
BOULDER CREEK ASSISTED LIVING,604 VILLAGE DRIVE,MARSHALL,MN,56258,31,424199,Assisted Living Facility Dementia Care,
BOULDER ESTATES,601 VILLAGE DRIVE,MARSHALL,MN,56258,140,424161,Assisted Living Facility,
BOULDER PONDS SENIOR LIVING,192 JADE TRAIL NORTH,LAKE ELMO,MN,55042,115,425818,Assisted Living Facility Dementia Care,
BOUTWELLS LANDING,5610 NORWICH PARKWAY,OAK PARK HEIGHTS,MN,55082,120,424569,Assisted Living Facility Dementia Care,
BRADIE NEST CARE LLC,10740 99TH PL N,MAPLE GROVE,MN,55369,5,425485,Provisional Assisted Living Facility,
BRAINERD CAREFREE LIVING BY OXFORD LIVING,2723 OAK STREET,BRAINERD,MN,56401,70,426213,Assisted Living Facility,
BRANDON'S ASSISTED LIVING,305 CENTRAL AVENUE SOUTH,BRANDON,MN,56315,13,422871,Assisted Living Facility,
BRAVE HEARTS FAMILY CORP,1702 9TH AVE SE,SAINT CLOUD,MN,56304,5,425192,Provisional Assisted Living Facility,
BREMMER SUITES ASSISTED LIVING,803 HOME STREET,RUSHFORD,MN,55971,17,425348,Assisted Living Facility,
BRIDGE HEALTH CARE SERVICES LLC,1701 IRVING LANE NORTH,BROOKLYN CENTER,MN,55430,5,418181,Provisional Assisted Living Facility,
BRIDGES HEALTH LLC,7515 12TH AVENUE SOUTH,RICHFIELD,MN,55423,4,422808,Assisted Living Facility,
BRIDGES OF ZUMBROTA,295 WEST 4TH STREET,ZUMBROTA,MN,55992,26,422028,Assisted Living Facility,
BRIDGEWATER AT MANKATO,630 REED STREET,MANKATO,MN,56001,26,426237,Assisted Living Facility,
BRIDGEWATER AT OWATONNA,125 PARK STREET EAST,OWATONNA,MN,55060,60,426000,Assisted Living Facility,
BRIDGEWAY ESTATES,103 12TH STREET NE,LITTLE FALLS,MN,56345,50,426338,Assisted Living Facility,
BRIDGEWELL ASSISTED LIVING,410 WEST MAIN STREET,OSAKIS,MN,56360,20,424954,Assisted Living Facility Dementia Care,
BRIGHT HAVEN LLC,15938 HARWELL AVE,APPLE VALLEY,MN,55124,5,420896,Provisional Assisted Living Facility,
BRIGHT HOME ALC LLP,6512 INDIANA AVE N,BROOKLYN CENTER,MN,55429,5,425916,Assisted Living Facility,
BRIGHT HOMES HEALTH SERVICES LLC,3636 PORTLAND AVE S,MINNEAPOLIS,MN,55407,5,420964,Provisional Assisted Living Facility,
BRIGHT HOPE CARE LLC,1519 COUNTY ROAD C E,MAPLEWOOD,MN,55109,5,422800,Provisional Assisted Living Facility,
BRIGHT HORIZON ASSISTED LIVING,5317 BROOKDALE DR N,BROOKLYN PARK,MN,55443,5,421356,Provisional Assisted Living Facility,
BRIGHT LIVING LLC,7309 ZANE AVENUE NORTH,BROOKLYN PARK,MN,55443,4,425967,Assisted Living Facility,
BRIGHT PATH HOMES,6600 CENTRAL AVENUE NE,FRIDLEY,MN,55432,6,425296,Assisted Living Facility,
BRIGHT PATH HOMES LLC,125 HARTMAN CIRCLE NE,FRIDLEY,MN,55432,4,425205,Assisted Living Facility,
BRIGHT PATH LIVING LLC,709 E 68TH ST,RICHFIELD,MN,55423,5,423549,Assisted Living Facility,
BRIGHT SIDE COMMUNITY LIVING LLC,10113 PORTLAND AVE S,BLOOMINGTON,MN,55420,5,426146,Assisted Living Facility,
BRIGHT SIDE HEALTHCARE LLC,2613 65TH AVENUE NORTH,BROOKLYN CENTER,MN,55430,5,423540,Assisted Living Facility,
BRIGHT SIDE HEALTHCARE LLC,6033 QUEBEC AVE N,NEW HOPE,MN,55428,5,422094,Provisional Assisted Living Facility,
BRIGHT SIDE HEALTHCARE LLC,6907 PERRY AVENUE NORTH,BROOKLYN CENTER,MN,55429,5,422943,Assisted Living Facility,
"BRIGHT VIEW RESIDENTIAL, LLC",1534 19TH AVENUE NW,NEW BRIGHTON,MN,55112,5,423799,Assisted Living Facility,
BRIGHTCARE SERVICES INC,5435 WOODLAND ROAD,MINNETONKA,MN,55345,4,424523,Assisted Living Facility,
BRIGHTCARE SERVICES INC,8504 PARK AVENUE SOUTH,BLOOMINGTON,MN,55420,4,424524,Assisted Living Facility,
BRIGHTON ASSISTED LIVING LLC,9890 31ST ST NE,ST MICHAEL,MN,55376,5,423510,Provisional Assisted Living Facility,
BRIGHTSTAR GROUP HOME LLC,7125 RIVERDALE RD,BROOKLYN CENTER,MN,55430,5,424852,Provisional Assisted Living Facility,
BRIGHTSTAR HEALTH SERVICES,1020 DAYTON AVENUE,ST PAUL,MN,55104,5,424804,Assisted Living Facility,
BRIGHTSTAR HOME SERVICES LLC,15492 CANYON RIDGE,EDEN PRAIRIE,MN,55347,5,425021,Provisional Assisted Living Facility,
BRIGHTVIEW AL INC,3312 GIRARD AVE S,MINNEAPOLIS,MN,55408,5,420728,Provisional Assisted Living Facility,
BRIGHTVIEW AL INC,1012 28TH ST W,MINNEAPOLIS,MN,55408,5,426316,Assisted Living Facility,
BRIKISA'S SPARK ASSISTED LIVING LLC,3908 SUNSET RD N,BROOKLYN PARK,MN,55443,5,423908,Provisional Assisted Living Facility,
BRILLIANCE HEALTHCARE LLC,8216 KINGSLEE RD,BLOOMINGTON,MN,55438,5,423370,Provisional Assisted Living Facility,
BROOK CARE LLC,5818 JAMES AVE N,BROOKLYN CENTER,MN,55430,5,424195,Provisional Assisted Living Facility,
BROOKDALE EAGAN,1365 CRESTRIDGE LANE,EAGAN,MN,55123,52,423731,Assisted Living Facility Dementia Care,
BROOKE MANOR INC,4878 HIGHWAY 31,BROOKSTON,MN,55711,10,422291,Assisted Living Facility,
BROOKLYN PARK ASSISTED LIVING,7711 HUMBOLDT AVENUE NORTH,BROOKLYN PARK,MN,55444,32,423263,Assisted Living Facility,
BROOKRIDGE,180 SUNSET AVENUE NW,COKATO,MN,55321,18,426339,Assisted Living Facility,
BROOKSIDE ASSISTED LIVING,2729 STATE 371 SW,PINE RIVER,MN,56474,15,425497,Assisted Living Facility,
BROOKSIDE SENIOR LIVING,804 BENSON ROAD,MONTEVIDEO,MN,56265,68,422624,Assisted Living Facility Dementia Care,
BROOKSTONE MANOR,722 NORTH POKEGAMA AVENUE,GRAND RAPIDS,MN,55744,55,424567,Assisted Living Facility,
BROOKVIEW COTTAGE,4359 BENT TREE LANE,EAGAN,MN,55123,6,423974,Assisted Living Facility Dementia Care,
BROOKVIEW COTTAGE INC,2808 BROOKVIEW DRIVE,BURNSVILLE,MN,55337,6,423968,Assisted Living Facility Dementia Care,
BUHL CAREFREELIVING BY OXFORD LIVING,500 EAST MONROE DRIVE,BUHL,MN,55713,20,425666,Assisted Living Facility,
BURNSVILLE CAREFREE LIVING BY OXFORD LIVING,600 EAST NICOLLET BOULEVARD,BURNSVILLE,MN,55337,94,425952,Assisted Living Facility Dementia Care,
BUTTERFLY ASSISTED LIVING LLC,12 98TH LANE NW,COON RAPIDS,MN,55448,5,422365,Assisted Living Facility,
BUTTERFLY BOUND CARE,6225 CHOWEN AVE NORTH,BROOKLYN CENTER,MN,55429,4,423518,Assisted Living Facility,
BUTTERFLY BOUND CARE,3501 62ND AVENUE NORTH,BROOKLYN CENTER,MN,55429,4,423659,Assisted Living Facility,
BUTTERFLY BOUND CARE,6207 CHOWEN AVENUE NORTH,BROOKLYN CENTER,MN,55429,4,423519,Assisted Living Facility,
BUTTERFLY BOUND CARE,6219 CHOWEN AVE N,BROOKLYN CENTER,MN,55429,5,423281,Provisional Assisted Living Facility,
C&C HAPPINESS AND HEALTH RESTORATION LLC,7145 151ST AVE NW,RAMSEY,MN,55303,5,423907,Provisional Assisted Living Facility,
CALLISTA COURT,1455 WEST BROADWAY STREET,WINONA,MN,55987,123,422029,Assisted Living Facility Dementia Care,
CALM HOME HEALTH CARE LLC,6901 BETHIA LANE,BROOKLYN PARK,MN,55428,4,420651,Assisted Living Facility,
CALVARY ASSISTED LIVING LLC,11485 TERRACE ROAD NE,BLAINE,MN,55434,5,425236,Assisted Living Facility,
CAMELLIA HOME HEALTH LLC,6436 JUNE AVENUE NORTH,BROOKLYN CENTER,MN,55429,5,425157,Assisted Living Facility,
CAMILIA ROSE ASSISTED LIVING,11800 XEON BOULEVARD NW,COON RAPIDS,MN,55448,21,424952,Assisted Living Facility Dementia Care,
CAMPUS A/L,809 FOREST AVENUE,NORTHFIELD,MN,55057,22,422744,Assisted Living Facility Dementia Care,
CANNON COUNTRY,308 LARKSPUR LANE,CANNON FALLS,MN,55009,10,426200,Assisted Living Facility,
CANNON FALLS ASSISTED LIVING,900 MAIN STREET WEST,CANNON FALLS,MN,55009,125,422637,Assisted Living Facility Dementia Care,
CAPITAL HOME HEALTH CARE LLC,263 BURGESS STREET,ST. PAUL,MN,55117,4,424561,Assisted Living Facility,
CAPITAL HOME HEALTH CARE LLC,3516 73RD AVENUE,BROOKLYN PARK,MN,55429,4,424560,Assisted Living Facility,
CARDENAS FRIENDSHIP HOMES,912 KNOB HILL,BURNSVILLE,MN,55337,5,423474,Assisted Living Facility,
CARDENAS FRIENDSHIP HOMES,3608 WEST 84TH STREET,BLOOMINGTON,MN,55431,4,423416,Assisted Living Facility,
CARDENAS FRIENDSHIP HOMES,1226 WILDERNESS RUN ROAD,EAGAN,MN,55123,5,423418,Assisted Living Facility,
CARDENAS FRIENDSHIP HOMES,13808 COUNTY ROAD 5,BURNSVILLE,MN,55337,5,423475,Assisted Living Facility,
CARDIGAN RIDGE SENIOR LIVING,3300 RICE STREET,LITTLE CANADA,MN,55126,135,426053,Assisted Living Facility Dementia Care,
CARE HOMES LLC,3241 73RD LANE NORTH,BROOKLYN PARK,MN,55443,4,426051,Assisted Living Facility,
CARE HOMES LLC,4045 XENIA AVENUE NORTH,ROBBINSDALE,MN,55422,8,424951,Assisted Living Facility,
CARE LAND RESIDENCE LLC,2745 RICE CREEK PKWY NE,BLAINE,MN,55449,5,423752,Provisional Assisted Living Facility,
CARE PARTNERS HEALTH CARE SERVICES LLC,9901 FALLGOLD PARKWAY NORTH,BROOKLYN PARK,MN,55443,5,423774,Assisted Living Facility,
CARE PARTNERS HOMECARE LLC,5908 79TH AVENUE,BROOKLYN PARK,MN,55443,4,424894,Assisted Living Facility,
CARE PARTNERS HOMECARE LLC,3508 83RD AVENUE NORTH,BROOKLYN PARK,MN,55443,5,424895,Assisted Living Facility,
CARE PARTNERS HOMECARE LLC,7517 EDGEWOOD AVENUE NORTH,BROOKLYN PARK,MN,55428,5,422745,Assisted Living Facility,
CARE PARTNERS HOMECARE LLC,6218 UNITY AVENUE NORTH,BROOKLYN CENTER,MN,55429,5,424994,Assisted Living Facility,
CARE PLUS HOME CARE LLC,2860 132ND AVENUE NW,COON RAPIDS,MN,55448,4,422191,Assisted Living Facility,
CARE PLUS HOME CARE LLC,6019 COLFAX AVENUE NORTH,BROOKLYN CENTER,MN,55430,4,424965,Assisted Living Facility,
CARE SUITE HEALTHCARE SERVICES,7732 REGENT AVENUE NORTH,BROOKLYN PARK,MN,55443,5,423173,Assisted Living Facility,
CARE4U,13704 PORTLAND AVENUE SOUTH,BURNSVILLE,MN,55337,5,424908,Assisted Living Facility,
CARE4U2,18863 ENGLEWOOD CIR,FARMINGTON,MN,55024,5,424878,Provisional Assisted Living Facility,
CARECHOICE HOMES LLC,1422 TROLLHAGEN DRIVE,FRIDLEY,MN,55421,5,424210,Assisted Living Facility,
CAREFIRST ASSISTED LIVING LLC,1909 FIELD AVE,ST PAUL,MN,55116,5,426388,Assisted Living Facility,
CAREFREE COTTAGES OF MAPLEWOOD CHATEAU,1801 GERVAIS AVENUE,MAPLEWOOD,MN,55109,135,426182,Assisted Living Facility,
CAREFREELIVING COOK BY OXFORD LIVING,151 4TH STREET SE,COOK,MN,55723,34,424957,Assisted Living Facility Dementia Care,
CARELINK SKILLED NURSING & HC,15804 EVERGLADE COURT,APPLE VALLEY,MN,55124,4,425573,Assisted Living Facility,
CARELUXE LLC,8815 FREMONT AVE S,BLOOMINGTON,MN,55420,5,422451,Provisional Assisted Living Facility,
CAREMATE ASSISTED LIVING INC,3713 54TH AVENUE NORTH,BROOKLYN CENTER,MN,55429,5,426142,Assisted Living Facility,
CARENEST LIVING LLC,3433 77TH AVE N,BROOKLYN PARK,MN,55443,5,425801,Provisional Assisted Living Facility,
CARENEST SOLUTIONS LLC,13708 WELLINGTON CRESCENT,BURNSVILLE,MN,55337,5,422026,Assisted Living Facility,
CAREPOINT HOME INC,2517 HAYWARD AVENUE NORTH,OAKDALE,MN,55128,4,424808,Assisted Living Facility,
CAREPRO HEALTH SERVICES LLC,7125 KYLE AVE N,BROOKLYN CENTER,MN,55429,5,422520,Assisted Living Facility,
CARESERVICES LLC,5841 PLEASANT AVENUE,MINNEAPOLIS,MN,55419,4,426027,Assisted Living Facility,
CARESERVICES LLC,3005 MARY COURT,MAPLEWOOD,MN,55109,4,426026,Assisted Living Facility,
CARETTA SENIOR LIVING MAPLEWOOD LLC,1910 COUNTY ROAD C EAST,MAPLEWOOD,MN,55109,58,422916,Assisted Living Facility,
CARETTA SENIOR LIVING MAPLEWOOD,1890 COUNTY ROAD C EAST,MAPLEWOOD,MN,55109,26,423701,Assisted Living Facility Dementia Care,
CAREVIEW IDAHO HOME,7124 IDAHO AVENUE NORTH,BROOKLYN PARK,MN,55428,4,424115,Assisted Living Facility,
CAREVIEW WINCHESTER HOME,4207 WINCHESTER LANE,BROOKLYN CENTER,MN,55429,4,424184,Assisted Living Facility,
CAREVIEW YATES HOME,4843 YATES AVENUE NORTH,CRYSTAL,MN,55429,4,424189,Assisted Living Facility,
CAREXTRA HOME HEALTH LLC,544 ARTHUR STREET,EDINA,MN,55343,4,423105,Assisted Living Facility,
CARING HEARTS RESIDENTIAL,4900 53RD STREET E,MINNEAPOLIS,MN,55417,4,425538,Assisted Living Facility,
CARING ANGELS,9130 LOUISIANA AVENUE NORTH,BROOKLYN PARK,MN,55445,5,425291,Assisted Living Facility,
CARING ANGELS HEALTH CARE SERVICES INC.,7642 JASMINE AVENUE SOUTH,COTTAGE GROVE,MN,55016,5,423795,Assisted Living Facility,
CARING ASSISTED LIVING LLC,565 SMITH AVE S,ST PAUL,MN,55107,5,423087,Provisional Assisted Living Facility,
CARING CONNECTION HOMES LLC,872 8TH AVE NW,NEW BRIGHTON,MN,55112,5,418560,Provisional Assisted Living Facility,
CARING CONNECTIONS LLC,3011 ACORN TRL,FARIBAULT,MN,55021,5,426129,Assisted Living Facility,
CARING FOR ALL ASSISTED LIVING HOME LLC,9005 WOODHALL CIRCLE N,BROOKLYN PARK,MN,55443,5,422301,Provisional Assisted Living Facility,
CARING FRIENDS LLC,2000 RAYMAR COURT,BURNSVILLE,MN,55337,4,426099,Assisted Living Facility,
CARING GROUP HOME CO,200 E 90TH ST,BLOOMINGTON,MN,55420,5,426322,Assisted Living Facility,
CARING GROUP HOME LLC,1318 EMERSON AVENUE NORTH,MINNEAPOLIS,MN,55411,4,426422,Assisted Living Facility,
CARING HEART ASSISTED LIVING LLC,13223 YUKON ST NW,MINNEAPOLIS,MN,55448,5,426218,Assisted Living Facility,
CARING HEART HOME HEALTHCARE,1826 MARYLAND AVENUE EAST,ST. PAUL,MN,55119,3,421463,Assisted Living Facility,
CARING HEARTS HOME CARE INC,2916 BLOOMINGTON AVENUE,MINNEAPOLIS,MN,55407,7,425078,Assisted Living Facility,
CARING HEARTS SENIOR COMMUNITY,4451 EAST WOODMAN STREET,PEQUOT LAKES,MN,56472,18,426245,Assisted Living Facility Dementia Care,
CARING HOME HEALTH INC,2529 17TH AVENUE SOUTH,MINNEAPOLIS,MN,55404,5,425240,Assisted Living Facility,
CARING HOME HEALTH INC,2536 28TH AVENUE SOUTH,MINNEAPOLIS,MN,55406,5,423630,Assisted Living Facility,
CARING NEST HOME HEALTH LLC,447 MARNIE STREET SOUTH,MAPLEWOOD,MN,55119,5,426187,Assisted Living Facility,
CARING NURSES LLC,7700 SHINGLE CREEK DRIVE,BROOKLYN PARK,MN,55443,4,419984,Assisted Living Facility,
CARING NURSES LLC,7723 BROOKLYN BOULEVARD,BROOKLYN PARK,MN,55443,9,424334,Assisted Living Facility,
CARING NURSES LLC,4137 FOXGLOVE AVENUE NORTH,BROOKLYN PARK,MN,55443,4,420025,Assisted Living Facility,
CARING NURSES LLC,7601 REGENT AVENUE NORTH,BROOKLYN PARK,MN,55443,4,424325,Assisted Living Facility,
CARING NURSES LLC,7715 BROOKLYN BOULEVARD,BROOKLYN PARK,MN,55443,4,424562,Assisted Living Facility,
CARING ROSE HOMES LLC,449 AURORA AVE,ST. PAUL,MN,55103,4,422990,Assisted Living Facility,
CARING SQUADS LLC,380 YORK AVENUE,SAINT PAUL,MN,55130,5,425300,Assisted Living Facility,
CARINGBRIDGE HAVEN LLC,10800 NORWAY ST NW,COON RAPIDS,MN,55448,5,424907,Assisted Living Facility,
CARINGHANDS LLC,2901 WEST 90TH STREET,BLOOMINGTON,MN,55431,4,425288,Assisted Living Facility,
CARIVIDA PLACE L.L.C,2513 SERENITY DR,SAINT CLOUD,MN,56301,5,425411,Provisional Assisted Living Facility,
CARLTON PLACE,813 3RD STREET,CARLTON,MN,55718,24,425286,Assisted Living Facility,
CARONDELET VILLAGE,525 FAIRVIEW AVENUE SOUTH,ST. PAUL,MN,55116,72,423139,Assisted Living Facility Dementia Care,
CARRIAGE HOUSE SENIOR LIVING,175 EAST DERRYNANE STREET,LE CENTER,MN,56057,20,424346,Assisted Living Facility Dementia Care,
CARVER RIDGE SENIOR LIVING,920 6TH STREET WEST,CARVER,MN,55315,82,423045,Assisted Living Facility Dementia Care,
CASA BELLA VITA INC,723 CHARLES AVE,SAINT PAUL,MN,55104,5,425812,Provisional Assisted Living Facility,
CASCADE CREEK MEMORY CARE,3530 FAIRWAY RIDGE LANE SW,ROCHESTER,MN,55902,50,425741,Assisted Living Facility Dementia Care,
CC GROUP HOME CARE INC,3633 COLUMBUS AVENUE,MINNEAPOLIS,MN,55407,4,425744,Assisted Living Facility,
CEDAR COURT,810 WEST MAIN STREET,ADAMS,MN,55909,55,423730,Assisted Living Facility Dementia Care,
CEDAR COVE ASSISTED LIVING LLC,21596 CEDAR LAKE ROAD,SAUK CENTRE,MN,56378,5,424172,Assisted Living Facility,
CEDAR CREEK SENIOR LIVING,19131 TAYLOR STREET,EAST BETHEL,MN,55011,90,424547,Assisted Living Facility Dementia Care,
CEDAR CREST OF SILVER LAKE,1401 MAIN STREET WEST,SILVER LAKE,MN,55381,41,425132,Assisted Living Facility Dementia Care,
CEDAR HEART HOMES INC,551 2ND AVENUE EAST,FRANKLIN,MN,55333,14,426336,Assisted Living Facility,
CEDAR LODGE,195 24TH PLACE NW,OWATONNA,MN,55060,60,425917,Assisted Living Facility,
CEDAR RIDGE PLACE,7115 WAYZATA BOULEVARD,ST. LOUIS PARK,MN,55426,28,423814,Assisted Living Facility Dementia Care,
CEDARS OF AUSTIN,700 1ST DRIVE NW,AUSTIN,MN,55912,140,423043,Assisted Living Facility Dementia Care,
CENACLE CARE SERVICES LLC,9466 JAREAU AVE S,COTTAGE GROVE,MN,55016,5,425412,Provisional Assisted Living Facility,
CENTENNIAL VILLA,500 PARK STREET EAST,ANNANDALE,MN,55302,29,426184,Assisted Living Facility Dementia Care,
CENTENNIAL VILLA ASSISTED LIVING,600 PARK STREET EAST,ANNANDALE,MN,55302,120,425705,Assisted Living Facility,
CENTER CARE INC,3601 PORTLAND AVENUE,MINNEAPOLIS,MN,55407,4,424233,Assisted Living Facility,
CENTER COMMUNITY HOMES INC,5313 OLIVER AVE N,BROOKLYN CENTER,MN,55430,5,422650,Provisional Assisted Living Facility,
"CENTRAL MINNESOTA SENIOR CARE, INC.",315 6TH STREET SW,LITTLE FALLS,MN,56345,10,425358,Assisted Living Facility,
"CENTRAL MINNESOTA SENIOR CARE, INC.",316 SUNRISE LANE,ATWATER,MN,56209,11,425361,Assisted Living Facility,
"CENTRAL MINNESOTA SENIOR CARE, INC.",2323 GORTON AVENUE SW,WILLMAR,MN,56201,11,425351,Assisted Living Facility,
"CENTRAL MINNESOTA SENIOR CARE, INC.",1008 SOUTH 10TH STREET,BRAINERD,MN,56401,11,425368,Assisted Living Facility,
"CENTRAL MINNESOTA SENIOR CARE, INC.",700 HIGHWAY 71 NORTHEAST,WILLMAR,MN,56201,8,425359,Assisted Living Facility,
CENTRAL TODD COUNTY CARE CENTER,406 HIGHWAY 71 EAST,CLARISSA,MN,56440,20,423067,Assisted Living Facility,
CERENITY CARE CENTER - MARIAN OF ST PAUL,200 EARL STREET,ST. PAUL,MN,55106,30,426359,Assisted Living Facility Dementia Care,
CERENITY RESIDENCE MARIAN OF ST. PAUL,225 FRANK STREET,ST. PAUL,MN,55106,135,421928,Assisted Living Facility,
CERENITY RESIDENCE OF WHITE BEAR LAKE,4615 2ND AVENUE,WHITE BEAR LAKE,MN,55110,65,422228,Assisted Living Facility,
CERENITY RESIDENCE ON HUMBOLDT,514 HUMBOLDT AVENUE,ST. PAUL,MN,55107,115,422381,Assisted Living Facility Dementia Care,
CHAMPIONS VILLAGE II LLC,8001 82ND AVE N,BROOKLYN PARK,MN,55445,5,420835,Assisted Living Facility,
"CHAMPIONS VILLAGE, LLC",7899 ALDEN WAY NE,FRIDLEY,MN,55432,4,425968,Assisted Living Facility,
CHAPEL VIEW APARTMENTS,605 MINNETONKA MILLS ROAD,HOPKINS,MN,55343,66,425306,Assisted Living Facility,
CHARITY CARE INC,10909 BRITTANY DRIVE NORTH,CHAMPLIN,MN,55316,4,423683,Assisted Living Facility,
CHARITY CARE INC,2816 92ND CRESCENT NORTH,BROOKLYN PARK,MN,55443,4,423682,Assisted Living Facility,
CHARTER HOUSE,211 2ND STREET NW,ROCHESTER,MN,55901,400,422879,Assisted Living Facility,
"CHASE COURAGEOUS HEALTH SERVICES, LLC",7708 REGENT AVENUE NORTH,BROOKLYN PARK,MN,55443,5,422075,Assisted Living Facility,
CHASKA HEIGHTS SENIOR LIVING,3120 CHESTNUT STREET NORTH,CHASKA,MN,55318,166,426087,Assisted Living Facility Dementia Care,
CHATEAU WATERS,960 19TH STREET SOUTH,SARTELL,MN,56377,92,423312,Assisted Living Facility,
ECUMEN SBC SARTELL PROPERTIES LLC,990 19TH ST S,SARTELL,MN,56377,24,425910,Provisional Assisted Living W Dementia C,
CHERRYWOOD ANDOVER,1889 139TH AVENUE NW,ANDOVER,MN,55304,20,422802,Assisted Living Facility Dementia Care,
CHERRYWOOD BIG LAKE,171 HENRY ROAD,BIG LAKE,MN,55309,20,423700,Assisted Living Facility Dementia Care,
CHERRYWOOD RICHMOND,140 BARRY AVENUE NW,RICHMOND,MN,56368,20,423252,Assisted Living Facility Dementia Care,
CHERRYWOOD SOUTH ST. CLOUD,3315 COOPER AVENUE SOUTH,ST. CLOUD,MN,56301,20,423329,Assisted Living Facility Dementia Care,
CHERRYWOOD ST. CLOUD,1030 VOYAGEUR STREET,ST. CLOUD,MN,56303,20,423773,Assisted Living Facility Dementia Care,
CHESTNUT GROVE,1204 WEST CHESTNUT STREET,VIRGINIA,MN,55792,20,425786,Assisted Living Facility Dementia Care,
CHEV'S PLACE LLC,13902 JASMINE WAY,ROGERS,MN,55374,10,425969,Assisted Living Facility Dementia Care,
CHEZ MICHAEL CARE LLC,5748 REGENT AVENUE NORTH,CRYSTAL,MN,55429,5,425295,Assisted Living Facility,
CHEZMICHAEL CARE LLC,6600 75TH AVENUE NORTH,BROOKLYN PARK,MN,55428,5,425144,Assisted Living Facility,
CHIMNEY PINES,10452 SPYGLASS DRIVE,EDEN PRAIRIE,MN,55347,5,425302,Assisted Living Facility,
CHOICE LIVING LLC,136 WEST 92ND STREET,BLOOMINGTON,MN,55420,5,425301,Assisted Living Facility,
CHOSEN VALLEY ASSISTED LIVING,1260 WINONA STREET SE,CHATFIELD,MN,55923,40,424188,Assisted Living Facility,
CHRISTIAN HOMES,295 12TH STREET,NEWPORT,MN,55055,5,425831,Assisted Living Facility,
"CIRCLE DRIVE MANOR ASSISTED LIVING, LLC",56733 STATE HIGHWAY 56 SOUTH,WEST CONCORD,MN,55985,10,422425,Assisted Living Facility,
"CITIZENS HEALTH CARE SERVICES, INC",413 CENTRAL AVE W,SAINT PAUL,MN,55103,5,422704,Provisional Assisted Living Facility,
CLADDAGH SENIOR LIVING,508 KRUCKOW AVENUE NORTH,CALEDONIA,MN,55921,45,423478,Assisted Living Facility Dementia Care,
CLARA CITY ASSISTED LIVING,200 EAST WACHTLER AVENUE,CLARA CITY,MN,56222,32,422793,Assisted Living Facility Dementia Care,
CLARK CROSSINGS OF WELLS,351 2ND AVENUE NW,WELLS,MN,56097,20,423568,Assisted Living Facility Dementia Care,
CLEAR VIEW LIVING LLC,6313 FRANCE AVE S,EDINA,MN,55410,5,425927,Provisional Assisted Living Facility,
CLGV ASSISTED LIVING,5800 ST. CROIX AVENUE NORTH,GOLDEN VALLEY,MN,55422,50,423697,Assisted Living Facility,
CLGV ASSISTED LIVING MEMORY,5825 ST. CROIX AVENUE NORTH,GOLDEN VALLEY,MN,55422,18,423797,Assisted Living Facility Dementia Care,
CLINIQUE HEALTHCARE SERVICES INC,7924 JUNE AVENUE NORTH,BROOKLYN PARK,MN,55443,5,422804,Assisted Living Facility Dementia Care,
COLFAX CAREVIEW INC,8332 COLFAX AVE S,BLOOMINGTON,MN,55420,5,421794,Assisted Living Facility,
COLLEENS CARING HANDS INC.,2525 BEMIDJI AVENUE NORTH,BEMIDJI,MN,56601,10,421950,Assisted Living Facility Dementia Care,
COLONY COURT,200 22ND AVENUE NE,WASECA,MN,56093,95,425870,Assisted Living Facility Dementia Care,
COMFORT CARE ASSISTED LIVING LLC,414 EAST 26TH STREET,MINNEAPOLIS,MN,55404,6,425349,Assisted Living Facility,
COMFORT CARE CENTER LLC,3236 BRUNSWICK AVENUE SOUTH,ST. LOUIS PARK,MN,55416,5,423344,Assisted Living Facility,
COMFORT CARE COTTAGES,1232 JEFFERSON STREET SOUTH,WADENA,MN,56482,21,423057,Assisted Living Facility,
COMFORT CARE HOMES,2018 UPTON AVENUE NORTH,MINNEAPOLIS,MN,55411,4,425788,Assisted Living Facility,
COMFORT CARE HOMES,2521 12TH AVENUE SOUTH,MINNEAPOLIS,MN,55404,4,425287,Assisted Living Facility,
COMFORT CARE PLUS LLC,7420 BRUNSWICK AVE NORTH,BROOKLYN PARK,MN,55443,5,426383,Assisted Living Facility,
"COMFORT COVE PREMIER LIVING, LLC",2415 16TH AVE NW,ROCHESTER,MN,55901,5,422465,Provisional Assisted Living Facility,
COMFORT GROUP HOMES INC.,3955 HAYES ST NE,COLUMBIA HEIGHTS,MN,55421,4,422226,Assisted Living Facility,
"COMFORT LIVING, INC",2504 16TH AVENUE SOUTH,MINNEAPOLIS,MN,55404,4,422287,Assisted Living Facility,
COMFORT LIVING SERVICES LLC,6421 JOSEPHINE AVE,EDINA,MN,55439,3,424508,Provisional Assisted Living Facility,
COMMON CONNECTIONS CARE LLC,13804 THOMAS AVE S,BURNSVILLE,MN,55337,5,422821,Provisional Assisted Living Facility,
COMMUNITY ASSISTED LIVING INC,13628 PILOT KNOB ROAD,APPLE VALLEY,MN,55124,12,422829,Assisted Living Facility,
"COMMUNITY ASSISTED LIVING, INC",1205 6TH AVENUE WEST,SHAKOPEE,MN,55379,6,422828,Assisted Living Facility,
COMPANIONS OF COMFORT LLC,6892 175TH ST W,FARMINGTON,MN,55024,5,420226,Assisted Living Facility,
COMPASS ASSISTED LIVING LLC,7901 MOUNT CURVE BLVD,BROOKLYN PARK,MN,55445,5,422343,Provisional Assisted Living Facility,
COMPASS ASSISTED LIVING LLC,7100 64TH AVENUE NORTH,BROOKLYN PARK,MN,55428,5,425933,Assisted Living Facility,
COMPASSION CONNECT LLC,9524 KNOX AVE N,BROOKLYN PARK,MN,55444,5,420383,Assisted Living Facility,
COMPASSION CONNECT LLC,3201 84TH STREET WEST,BLOOMINGTON,MN,55431,5,424253,Assisted Living Facility,
COMPASSION HOME,2912 63RD AVE N,BROOKLYN CENTER,MN,55430,5,425517,Provisional Assisted Living Facility,
COMPASSION HOME HEALTH CARE LLC,1495 SEXTANT AVENUE EAST,MAPLEWOOD,MN,55109,4,422360,Assisted Living Facility,
COMPASSION HOME HEALTH CARE LLC,1364 GRANITE LANE NORTH,OAKDALE,MN,55128,5,426393,Assisted Living Facility,
"COMPASSIONATE COTTAGE, LLC",1000 COTTONWOOD DRIVE NE,WILLMAR,MN,56201,10,425613,Assisted Living Facility,
"COMPASSIONATE COTTAGE, LLC",1506 UPPER TRENTWOOD CIRCLE NE,WILLMAR,MN,56201,11,425672,Assisted Living Facility,
COMPASSIONATE HEARTS LLC,1284 BERRY RIDGE ROAD,EAGAN,MN,55123,4,425533,Assisted Living Facility,
COPPER GLEN ASSISTED LIVING,801 13TH STREET NORTH,MONTEVIDEO,MN,56265,24,422926,Assisted Living Facility,
COPPERFIELD HILL THE LODGE,4020 LAKELAND AVENUE NORTH,ROBBINSDALE,MN,55422,110,424914,Assisted Living Facility Dementia Care,
CORE HEALTH CARE LLC,985 REDWOOD DRIVE,APPLE VALLEY,MN,55124,5,421858,Provisional Assisted Living Facility,
CORE HEALTH CARE LLC,4609 WEST 90TH STREET,BLOOMINGTON,MN,55437,4,424474,Provisional Assisted Living Facility,
CORE HEALTH CARE LLC,101 WENTWORTH PLACE,BURNSVILLE,MN,55337,5,424486,Provisional Assisted Living Facility,
CORNERSTONE ASSISTED LIVING,3750 LAWNDALE LANE NORTH,PLYMOUTH,MN,55446,96,425500,Assisted Living Facility Dementia Care,
CORNERSTONE CARE LLC,23766 570TH AVENUE,LITCHFIELD,MN,55355,4,422859,Assisted Living Facility,
CORNERSTONE RESIDENCE OF BAGLEY,30 SUNSET AVENUE SW,BAGLEY,MN,56621,39,426318,Assisted Living Facility,
CORNERSTONE RESIDENCE OF FOSSTON,115 1ST STREET EAST,FOSSTON,MN,56542,41,423364,Assisted Living Facility Dementia Care,
CORNERSTONE RESIDENCE OF KELLIHER,280 MAIN STREET WEST,KELLIHER,MN,56650,22,425213,Assisted Living Facility,
CORNERSTONE RESIDENCE SENIOR CARE,421 6TH STREET NE,BAGLEY,MN,56621,32,425555,Assisted Living Facility Dementia Care,
CORNERSTONE VILLA,1000 FOREST STREET,BUHL,MN,55713,10,423156,Assisted Living Facility,
COSMO HOME HEALTHCARE SERVICES LLC,3935 5TH AVENUE SOUTH,MINNEAPOLIS,MN,55407,4,425638,Assisted Living Facility,
COSMO HOME HEALTHCARE SERVICES LLC,6425 DAWN WAY,INVER GROVE HEIGHTS,MN,55076,4,425722,Assisted Living Facility,
COTTAGE GROVE WP II LLC,6950 EAST POINT DOUGLAS ROAD S,COTTAGE GROVE,MN,55016,44,425641,Assisted Living Facility Dementia Care,
COTTAGE GROVE WP LLC,6900 EAST POINT DOUGLAS ROAD S,COTTAGE GROVE,MN,55016,44,425153,Assisted Living Facility,
COTTAGEWOOD SENIOR COMMUNITIES,300 BUNTING LANE,MANKATO,MN,56001,24,425824,Assisted Living Facility Dementia Care,
COTTAGEWOOD SENIOR COMMUNITIES,4216 55TH STREET NW,ROCHESTER,MN,55901,125,425738,Assisted Living Facility Dementia Care,
COUNTRY MANOR APARTMENTS,520 1ST STREET NE,SARTELL,MN,56377,25,423706,Assisted Living Facility Dementia Care,
COUNTRYSIDE CATERED SENIOR LIVING,650 EL DORADO STREET,OWATONNA,MN,55060,75,422030,Assisted Living Facility Dementia Care,
COVERED BRIDGE LLC,231 WASHINGTON STREET PO BOX 10,HOLDINGFORD,MN,56340,15,424148,Assisted Living Facility,
COZY BARAKA HOME CARE INC,9317 NORTHWOOD PARKWAY,NEW HOPE,MN,55427,6,425711,Assisted Living Facility,
COZY BARAKA HOME CARE INC.,3554 BOONE AVENUE NORTH,NEW HOPE,MN,55427,4,425708,Assisted Living Facility,
CREEKSIDE COTTAGE ASSISTED LIVING,1190 117TH AVENUE NW,COON RAPIDS,MN,55448,12,423596,Assisted Living Facility Dementia Care,
CREEKSIDE VILLAS ASSISTED LIVING,1177 117TH AVENUE,COON RAPIDS,MN,55448,8,423447,Assisted Living Facility,
CRESCENT CARE LLC,13415 54TH AVE N,PLYMOUTH,MN,55442,5,423844,Provisional Assisted Living Facility,
CRESCENT GROUP HOME L.L.C.,2566 SUNBOW LANE,NEW BRIGHTON,MN,55112,5,426025,Assisted Living Facility,
CRESCENT HAUS LLC,4070 W 140TH ST,SAVAGE,MN,55378,5,423909,Provisional Assisted Living Facility,
CRESCENT HEARTH LLC,5530 REGIS DR NE,FRIDLEY,MN,55432,5,425405,Provisional Assisted Living Facility,
CROIXDALE,850 HIGHWAY 95 NORTH,BAYPORT,MN,55003,60,425922,Assisted Living Facility Dementia Care,
CRYSTAL BROOK SENIOR LIVING,1006 CROCUS HILL STREET,PARK RAPIDS,MN,56470,125,423588,Assisted Living Facility Dementia Care,
CRYSTAL EDGE 2 LLC,1979 WILSON AVE,ST PAUL,MN,55119,5,425305,Assisted Living Facility,
CRYSTAL EDGE LLC,9119 REGENT PARKWAY,BROOKLYN PARK,MN,55443,5,425791,Assisted Living Facility,
CRYSTAL HOMES LLC,4825 DOUGLAS DR N,CRYSTAL,MN,55429,5,420658,Provisional Assisted Living Facility,
CRYSTAL SEASONS ASSISTED LIVING,222 SOUTH MURPHY STREET,LAKE CRYSTAL,MN,56055,50,425737,Assisted Living Facility,
CULTIVATE CARE LLC,4333 MEDARY AVENUE,EAGAN,MN,55122,5,425665,Assisted Living Facility,
CURA CARE LLC,5722 UPPER 179TH ST W,LAKEVILLE,MN,55044,5,425577,Provisional Assisted Living Facility,
CURA OF MELROSE,125 5TH AVENUE NW,MELROSE,MN,56352,66,423818,Assisted Living Facility,
CURE HOME HEALTH INC,508 VAN BUREN AVENUE,ST. PAUL,MN,55103,5,425591,Assisted Living Facility,
CURE HOME HEALTH INC,1509 EAST 22ND STREET,MINNEAPOLIS,MN,55404,4,425587,Assisted Living Facility,
CURE HOME HEALTH INC,1502 7TH AVENUE SOUTH,ST. CLOUD,MN,56301,5,425588,Assisted Living Facility,
CUSTOMIZE LIVING,3237 2ND AVENUE SOUTH,MINNEAPOLIS,MN,55408,5,424948,Assisted Living Facility,
CUSTOMIZE LIVING LLC,2842 85TH COURT NE,BLAINE,MN,55449,4,426151,Assisted Living Facility,
DAGMO GROUP HOME LLC,4154 IRVING AVE N,MINNEAPOLIS,MN,55412,5,422600,Provisional Assisted Living Facility,
DAYSTAR HOMECARE LLC,13087 QUAIL CREEK DRIVE NE,BLAINE,MN,55449,5,426065,Provisional Assisted Living Facility,
DAYSTAR HOMECARE LLC,12995 AVOCET ST NW,COON RAPIDS,MN,55448,5,425803,Assisted Living Facility,
DAYSTAR HOMECARE LLC,12928 BLUEBIRD STREET NW,COON RAPIDS,MN,55448,5,423685,Assisted Living Facility,
DAYSTAR HOMECARE LLC,2849 108TH LANE NORTHEAST,BLAINE,MN,55449,5,424116,Assisted Living Facility,
DECKER'S FAMILY CARE INC,3443 PINE STREET,RANIER,MN,56668,16,423039,Assisted Living Facility,
DEEP HARMONY HOME CARE LLC,8051 HORNELL AVENUE SOUTH,COTTAGE GROVE,MN,55016,5,422537,Assisted Living Facility,
DEEPHAVEN WOODS SENIOR LIVING,18025 MINNETONKA BOULEVARD,DEEPHAVEN,MN,55391,86,424723,Assisted Living Facility Dementia Care,
DEER CREST SENIOR LIVING,470 HEWITT BOULEVARD,RED WING,MN,55066,85,422950,Assisted Living Facility Dementia Care,
DELIGHT HOME HEALTHCARE LLC,8017 NORTH COLLEGE PARK DRIVE,BROOKLYN PARK,MN,55445,4,425546,Assisted Living Facility,
DELIGHT HOME HEALTHCARE LLC,4909 KINGS CROSSING,BROOKLYN PARK,MN,55443,4,425545,Assisted Living Facility,
DELIGHT HOME HEALTHCARE LLC,6401 NEDDERSEN PARKWAY,BROOKLYN PARK,MN,55445,4,425544,Assisted Living Facility,
DELIGHT HOME HEALTHCARE LLC,8117 HAMPSHIRE COURT NORTH,BROOKLYN PARK,MN,55445,4,424999,Assisted Living Facility,
DELIGHT HOME HEALTHCARE LLC,4418 LADYSLIPPER AVE N,BROOKLYN PARK,MN,55443,4,426124,Assisted Living Facility,
DELIGHTFUL HEALTHCARE LLC,1821 IRVING LN N,BROOKLYN CENTER,MN,55430,5,424995,Assisted Living Facility,
DELIGHTFUL HOME HEALTHCARE LLC,7124 FRANCE AVE N,BROOKLYN CENTER,MN,55429,5,426275,Assisted Living Facility,
DELLWOOD GARDENS,753 EAST 7TH STREET,ST. PAUL,MN,55106,90,425387,Assisted Living Facility Dementia Care,
DERMAN SENIOR CARE INC,6852 7TH ST NE,FRIDLEY,MN,55432,4,425564,Assisted Living Facility,
DERMAN SENIOR CARE INC,2218 DOSWELL AVENUE,ST. PAUL,MN,55108,5,424536,Assisted Living Facility,
DERMAN SENIOR CARE INC,2401 WILLIAMS DRIVE,BURNSVILLE,MN,55337,4,424525,Assisted Living Facility,
DESTINY HEALTHCARE SERVICES LLC,3013 QUARLES ROAD,BROOKLYN CENTER,MN,55429,5,426416,Assisted Living Facility,
DESTINY HEALTHCARE SERVICES LLC,3207 QUARLES ROAD,BROOKLYN CENTER,MN,55429,5,424861,Assisted Living Facility,
DESTINY HOME,7416 COLORADO AVENUE NORTH,BROOKLYN PARK,MN,55443,4,426242,Assisted Living Facility,
DESTINY HOME CARE SERVICES,8709 BRYANT AVENUE SOUTH,BLOOMINGTON,MN,55420,4,423361,Assisted Living Facility,
DESTINY HOME CARE SERVICES,8007 UPTON AVENUE SOUTH,BLOOMINGTON,MN,55431,4,423479,Assisted Living Facility,
DESTINY HOME CARE SERVICES,9725 OAKLAND AVENUE SOUTH,BLOOMINGTON,MN,55420,4,423480,Assisted Living Facility,
DESTINY HOME CARE SERVICES,8036 UPTON AVENUE SOUTH,BLOOMINGTON,MN,55431,4,424958,Assisted Living Facility,
DESTINY HOME CARE SERVICES,9907 WENTWORTH AVENUE SOUTH,BLOOMINGTON,MN,55420,4,423367,Assisted Living Facility,
DESTINY HOMECARE SERVICES INC,9318 CHICAGO AVENUE SOUTH,BLOOMINGTON,MN,55420,5,423481,Assisted Living Facility,
DIAMOND ASSISTED LIVING LLC,4506 ARCTIC FOX RD NW,ROCHESTER,MN,55901,5,425151,Provisional Assisted Living Facility,
DIAMOND WILLOW ASSISTED LIVING,1558 RANDOLPH ROAD,DETROIT LAKES,MN,56501,30,423827,Assisted Living Facility Dementia Care,
DIAMOND WILLOW ASSISTED LIVING,8583 UNITY DRIVE,MOUNTAIN IRON,MN,55768,26,424147,Assisted Living Facility Dementia Care,
DIAMOND WILLOW ASSISTED LIVING,909 CROCUS HILL STREET,PARK RAPIDS,MN,56470,30,423850,Assisted Living Facility Dementia Care,
DIAMOND WILLOW ASSISTED LIVING,1401 5TH AVENUE NE,LITTLE FALLS,MN,56345,26,423847,Assisted Living Facility Dementia Care,
DIAMOND WILLOW ASSISTED LIVING,949 SW 11TH AVENUE,GRAND RAPIDS,MN,55744,26,423832,Assisted Living Facility Dementia Care,
DIAMOND WILLOW ASSISTED LIVING,130 WEST NORTH ROAD,CLOQUET,MN,55720,26,423824,Assisted Living Facility Dementia Care,
DIAMOND WILLOW ASSISTED LIVING,6353 EAST SUPERIOR STREET,DULUTH,MN,55804,26,423836,Assisted Living Facility Dementia Care,
DIAMOND WILLOW ASSISTED LIVING,913 OLD HIGHWAY 2,PROCTOR,MN,55810,56,423869,Assisted Living Facility Dementia Care,
DIANE'S PLACE LLC,10300 180TH LANE NW,ELK RIVER,MN,55330,10,426236,Assisted Living Facility Dementia Care,
DIGNITY AND COMPASSION HOMES LLC,5127 PENN AVE N,MINNEAPOLIS,MN,55430,4,422344,Provisional Assisted Living Facility,
DIGNITY AND COMPASSION HOMES LLC,4986 XYLON AVENUE NORTH,NEW HOPE,MN,55428,5,424630,Assisted Living Facility,
DIGNITY HOME CARE LLC,8613 ZENITH ROAD,BLOOMINGTON,MN,55431,4,422192,Assisted Living Facility,
DIRECT HOME CARE SERVICES LLC,19449 RUSH STREET NW,ELK RIVER,MN,55330,4,424950,Assisted Living Facility,
DIS-GENERATION GROUP INC,6617 QUEBEC AVENUE,BROOKLYN PARK,MN,55428,3,422362,Assisted Living Facility,
DIS-GENERATION GROUP INC,9032 PRESTWICK PARKWAY,BROOKLYN PARK,MN,55443,5,422564,Assisted Living Facility,
DIS-GENERATION GROUP INC,6825 46TH AVENUE NORTH,CRYSTAL,MN,55428,4,422379,Assisted Living Facility,
DIVERSITY HOME COMMUNITY,3853 KINGS WOOD COURT,EAGAN,MN,55122,5,426274,Assisted Living Facility,
DIVINE HOME CARE SERVICES LLC,3307 O'HENRY ROAD,BROOKLYN CENTER,MN,55429,4,423661,Assisted Living Facility,
DIVINE CARE SPACES,3400 83RD AVENUE NORTH,BROOKLYN PARK,MN,55443,5,425297,Assisted Living Facility,
DIVINE HEIGHTS HEALTHCARE,208 14TH STREET WEST,HASTINGS,MN,55033,5,422426,Assisted Living Facility,
DIVINE MERCY HOMES LLC,6325 XERXES AVENUE NORTH,BROOKLYN CENTER,MN,55430,5,422963,Assisted Living Facility,
DIVINE MERCY HOMES LLC,6717 JEFFERSON STREET NE,FRIDLEY,MN,55432,5,423636,Assisted Living Facility,
DOODI'S BEST CARE,5624 36TH AVENUE SOUTH,MINNEAPOLIS,MN,55417,5,422361,Assisted Living Facility,
DOOR OF GRACE LLC,152 102ND LANE NE,BLAINE,MN,55434,5,423977,Assisted Living Facility,
DOOR OF GRACE LLC,1157 129TH AVE NE,BLAINE,MN,55434,5,422604,Provisional Assisted Living Facility,
DPH SP,1445 WINTHROP STREET NORTH,ST PAUL,MN,55119,5,424863,Assisted Living Facility,
DR THOMAS H JOHNSON HWS,5518 OLIVER AVENUE SOUTH,MINNEAPOLIS,MN,55419,8,422678,Assisted Living Facility,
DR THOMAS H JOHNSON HWS,2221 WEST 55TH STREET,MINNEAPOLIS,MN,55419,8,422428,Assisted Living Facility,
DR THOMAS H JOHNSON HWS,5515 PENN AVENUE SOUTH,MINNEAPOLIS,MN,55419,8,422157,Assisted Living Facility,
DREAM CARE CENTER LLC,3029 PARK AVENUE,MINNEAPOLIS,MN,55407,5,421625,Assisted Living Facility,
DS ASSISTED LIVING LLC,1430 2ND ST SW,NEW BRIGHTON,MN,55112,5,422607,Provisional Assisted Living Facility,
DUALE INC,2700 RUSSELL AVE NORTH,MINNEAPOLIS,MN,55411,5,423214,Assisted Living Facility,
DULUTH HEIGHTS LODGE SENIOR LIVING,724 MAPLE GROVE ROAD,DULUTH,MN,55811,90,424394,Assisted Living Facility,
EAGAN POINTE SENIOR LIVING LLC,4232 BLACK HAWK ROAD,EAGAN,MN,55122,170,426117,Assisted Living Facility Dementia Care,
EAGANCARE BEHAVIORAL HEALTH,1766 GABBRO TRAIL,EAGAN,MN,55122,4,426386,Assisted Living Facility,
EAGANCARE BEHAVIORAL HEALTH SERVICES LLP,1901 TAMARACK LANE,BURNSVILLE,MN,55337,5,426298,Assisted Living Facility,
EAGLE GROUP HOME LLC,2653 14TH AVENUE SOUTH,MINNEAPOLIS,MN,55407,4,423666,Assisted Living Facility,
EAGLE GROUP HOME LLC,3414 OAKLAND AVENUE SOUTH,MINNEAPOLIS,MN,55407,4,423662,Assisted Living Facility,
EAGLE GROUP HOME LLC,6400 NOBLE AVENUE NORTH,BROOKLYN CENTER,MN,55429,4,423669,Assisted Living Facility,
EAGLE STREET ASSISTED LIVING,12009 EAGLE STREET,COON RAPIDS,MN,55448,12,423462,Assisted Living Facility Dementia Care,
EAGLECREST,2955 LINCOLN DRIVE,ROSEVILLE,MN,55113,136,423955,Assisted Living Facility Dementia Care,
"MINNEWASKA COMMUNITY HOME CARE, LLC",170 VALHALLA CIRCLE,MORA,MN,55051,30,424144,Assisted Living Facility Dementia Care,
EBUNCARES LLC,819 26TH AVENUE NORTH,ST CLOUD,MN,56303,5,422470,Provisional Assisted Living Facility,
ECUMEN DETROIT LAKES THE COTTAGE,1435 MADISON AVENUE,DETROIT LAKES,MN,56501,25,426406,Assisted Living Facility Dementia Care,
ECUMEN DULUTH THE SHORES,4000 LONDON ROAD,DULUTH,MN,55804,70,426464,Assisted Living Facility Dementia Care,
ECUMEN HUTCHINSON THE PINES,1015 CENTURY AVENUE SW,HUTCHINSON,MN,55350,110,422054,Assisted Living Facility Dementia Care,
ECUMEN LAKEVIEW COMMONS,1200 NORTH LAKEWOOD DRIVE,MAPLEWOOD,MN,55119,106,425730,Assisted Living Facility Dementia Care,
ECUMEN NORTH BRANCH,5379 383RD STREET,NORTH BRANCH,MN,55056,85,422052,Assisted Living Facility Dementia Care,
ECUMEN PRAIRIE HILL,1305 MARSHALL STREET,ST. PETER,MN,56082,75,426466,Assisted Living Facility Dementia Care,
ECUMEN SAND PRAIRIE,700 KNIGHT STREET,ST. PETER,MN,56082,55,422082,Assisted Living Facility Dementia Care,
ECUMEN SEASONS AT APPLE VALLEY,15359 FOUNDERS LANE,APPLE VALLEY,MN,55124,160,426448,Assisted Living Facility Dementia Care,
ECUMEN SEASONS AT MAPLEWOOD,1670 LEGACY PARKWAY EAST,MAPLEWOOD,MN,55109,163,422079,Assisted Living Facility Dementia Care,
ECUMEN WORTHINGTON THE MEADOWS,1801 COLLEGEWAY,WORTHINGTON,MN,56187,128,425742,Assisted Living Facility Dementia Care,
EDEN HEALTH CARE LLC,219 106TH AVE NW,COON RAPIDS,MN,55448,5,425505,Assisted Living Facility,
EDEN HOMES & CARE SERVICES LLC,18741 IVANHOE ST NW,ELK RIVER,MN,55330,5,421488,Provisional Assisted Living Facility,
EDEN HOMES INC,3714 BRYANT AVENUE NORTH,MINNEAPOLIS,MN,55412,4,425640,Assisted Living Facility,
EDEN HOMES INC,7411 QUEEN AVENUE SOUTH,RICHFIELD,MN,55423,4,425926,Assisted Living Facility,
EDEN OAK ASSISTED LIVING,6216 BAKER ROAD,EDEN PRAIRIE,MN,55346,28,426002,Assisted Living Facility,
EDEN PRAIRIE SENIOR LIVING LLC,8480 FRANLO ROAD,EDEN PRAIRIE,MN,55344,130,426123,Assisted Living Facility Dementia Care,
EDEN VISTA OF EDINA.,3434 HERITAGE DRIVE,EDINA,MN,55435,75,425394,Assisted Living Facility,
EDEN VISTA OF EDINA,3456 HERITAGE DRIVE,EDINA,MN,55435,54,425396,Assisted Living Facility Dementia Care,
EDGEBROOK CARE CENTER INC,301 5TH AVENUE NORTH,EDGERTON,MN,56128,20,425363,Assisted Living Facility,
EDGEWOOD ALEXANDRIA SENIOR LIVING,1902 7TH AVENUE EAST,ALEXANDRIA,MN,56308,62,425235,Assisted Living Facility Dementia Care,
EDGEWOOD BAXTER LLC,14211 FIREWOOD DRIVE,BAXTER,MN,56425,85,426462,Assisted Living Facility Dementia Care,
EDGEWOOD BLAINE LLC,12450 CLOUD DRIVE NE,BLAINE,MN,55449,70,425792,Assisted Living Facility Dementia Care,
EDGEWOOD BRAINERD SENIOR LIVING,14890 BEAVER DAM ROAD,BRAINERD,MN,56401,107,426003,Assisted Living Facility Dementia Care,
EDGEWOOD EGF SENIOR LIVING,608 5TH AVENUE NW,EAST GRAND FORKS,MN,56721,38,425241,Assisted Living Facility Dementia Care,
EDGEWOOD HERMANTOWN I SR LVG,4195 WESTBERG ROAD,HERMANTOWN,MN,55811,226,426268,Assisted Living Facility Dementia Care,
EDGEWOOD MAY CREEK LLC,303 10TH STREET SOUTH,WALKER,MN,56484,49,424563,Assisted Living Facility Dementia Care,
EDGEWOOD SARTELL LLC,677 BRIANNA DRIVE,SARTELL,MN,56377,97,426328,Assisted Living Facility Dementia Care,
EDGEWOOD VIRGINIA I SENIOR LIV,705 17TH STREET NORTH,VIRGINIA,MN,55792,212,426331,Assisted Living Facility Dementia Care,
EDINA HEIGHTS SENIOR LIVING,3330 EDINBOROUGH WAY,EDINA,MN,55435,377,425419,Assisted Living Facility Dementia Care,
EE AND E SISTERS CARING HOME LLC,81 117TH AVENUE NE,BLAINE,MN,55434,5,424736,Assisted Living Facility,
ELDER HOMESTEAD,11400 4TH STREET NORTH,MINNETONKA,MN,55343,55,423249,Assisted Living Facility Dementia Care,
ELDERWOOD OF HINCKLEY,710 SPRING LANE,HINCKLEY,MN,55037,36,423213,Assisted Living Facility Dementia Care,
ELEGED HOME CARE INC,2200 28TH AVE S,MINNEAPOLIS,MN,55406,5,425761,Provisional Assisted Living Facility,
ELEGED HOME CARE INC,2824 OAKLAND AVENUE,MINNEAPOLIS,MN,55407,5,422895,Assisted Living Facility,
ELEVATE CARE LLC,978 DESOTO ST,SAINT PAUL,MN,55130,5,425558,Provisional Assisted Living Facility,
ELEVATION HOME HEALTHCARE SERVICE CORPORATION,5937 COLFAX AVENUE NORTH,BROOKLYN CENTER,MN,55430,5,425726,Assisted Living Facility,
ELIM SHORES,7900 TIMBER LAKE DRIVE,EDEN PRAIRIE,MN,55347,70,425543,Assisted Living Facility,
ELIM WELLSPRING ASSISTED LIVING,104 SOUTH 8TH AVENUE,PRINCETON,MN,55371,35,424626,Assisted Living Facility,
ELITE NURSING SERVICES INC,3100 THURBER ROAD,BROOKLYN CENTER,MN,55430,4,426457,Assisted Living Facility,
ELK RIVER SENIOR LIVING,11124 183RD CIRCLE NW,ELK RIVER,MN,55330,115,426085,Assisted Living Facility Dementia Care,
ELMHURST COMMONS APARTMENTS,400 3RD STREET SW,BRAHAM,MN,55006,39,425656,Assisted Living Facility,
ELMORE ASSISTED LIVING,202 EAST NORTH STREET,ELMORE,MN,56027,72,425649,Assisted Living Facility Dementia Care,
ELY CAREFREE LIVING BY OXFORD LIVING,140 SOUTH 2ND AVENUE WEST,ELY,MN,55731,48,425561,Assisted Living Facility Dementia Care,
ELYSIAN FIELDS RED WING,522 RIEDELL CT,RED WING,MN,55066,24,425611,Assisted Living Facility Dementia Care,
ELYSIAN SENIOR HOMES OF DULUTH,110 COFFEE CREEK BOULEVARD,DULUTH,MN,55811,40,424273,Assisted Living Facility Dementia Care,
ELYSIAN SENIOR HOMES OF LAKE CITY,480 WEST GRANT STREET,LAKE CITY,MN,55041,75,424278,Assisted Living Facility Dementia Care,
ELYSIAN SENIOR HOMES OF NORTHFIELD,2501 JEFFERSON ROAD,NORTHFIELD,MN,55057,12,424454,Assisted Living Facility Dementia Care,
"ELYSIAN SENIOR HOMES, LLC",108 COUNTY 9 BOULEVARD,GOODHUE,MN,55027,46,423809,Assisted Living Facility Dementia Care,
ELYSIAN SR HOMES OF CHANHASSEN,1850 PIONEER TRAIL,CHANHASSEN,MN,55317,27,425119,Assisted Living Facility Dementia Care,
EMALINA CARES LLC,2100 55TH AVE N,BROOKLYN CENTER,MN,55430,5,424467,Assisted Living Facility,
EMERALD CREST OF BURNSVILLE,457 EAST TRAVELERS TRAIL,BURNSVILLE,MN,55337,70,424714,Assisted Living Facility Dementia Care,
EMERALD CREST OF MINNETONKA,13417 LAKE STREET EXTENSION,MINNETONKA,MN,55305,42,425308,Assisted Living Facility Dementia Care,
EMERALD CREST OF SHAKOPEE,1855 10TH AVENUE WEST,SHAKOPEE,MN,55379,43,425203,Assisted Living Facility Dementia Care,
EMPATHY HOME CARE,7333 KENTUCKY AVENUE NORTH,BROOKLYN PARK,MN,55428,16,425762,Assisted Living Facility,
EMPIRE SYSTEMS HOME CARE,3301 LAWRENCE ROAD,BROOKLYN CENTER,MN,55429,5,423942,Assisted Living Facility,
EMPIRE SYSTEMS HOME CARE,6324 SCOTT AVENUE NORTH,BROOKLYN CENTER,MN,55429,4,423210,Assisted Living Facility,
EMPIRE SYSTEMS HOME CARE,6012 YORK AVENUE NORTH,BROOKLYN CENTER,MN,55429,4,426248,Assisted Living Facility,
EMPOWER CENTER CARE,1105 HAZEL STREET NORTH,ST. PAUL,MN,55119,54,424716,Assisted Living Facility,
EMPOWER HOME HEALTH SERVICES INC,3606 EMERSON AVENUE NORTH,MINNEAPOLIS,MN,55412,5,422752,Provisional Assisted Living Facility,
EMPOWERED LIVING LLC,17884 FIELDING CT,LAKEVILLE,MN,55044,5,424078,Provisional Assisted Living Facility,
EMPOWERMENT HEALTHCARE,7517 69TH AVENUE NORTH,BROOKLYN PARK,MN,55428,4,426207,Assisted Living Facility,
EMPOWERMENT HEALTHCARE,112005 HIDDEN CREEK PLACE,CHASKA,MN,55318,5,426192,Assisted Living Facility,
EMPOWERMENT HEALTHCARE,924 VICEROY DRIVE NE,SPRING LAKE PARK,MN,55432,4,426255,Assisted Living Facility,
EMPOWERMENT HEALTHCARE,4400 82ND AVENUE NORTH,BROOKLYN PARK,MN,55443,4,426206,Assisted Living Facility,
EMPOWERMENT HEALTHCARE,5401 4TH STREET NE,FRIDLEY,MN,55421,4,426256,Assisted Living Facility,
EMPOWERMENT HEALTHCARE,112001 HIDDEN CREEK PLACE,CHASKA,MN,55318,5,426189,Assisted Living Facility,
EMPOWERMENT HEALTHCARE,112007 HIDDEN CREEK PLACE,CHASKA,MN,55318,7,425947,Assisted Living Facility,
EMPOWERMENT HEALTHCARE,112003 HIDDEN CREEK PLACE,CHASKA,MN,55318,5,426191,Assisted Living Facility,
ENCORE AT MAHTOMEDI,720 MAHTOMEDI AVENUE,MAHTOMEDI,MN,55115,48,425936,Assisted Living Facility Dementia Care,
ENGEL HAUS,5101 KASSEL AVENUE NE,ALBERTVILLE,MN,55301,70,426216,Assisted Living Facility Dementia Care,
ENGLISH ROSE SUITES,609 BLAKE ROAD SOUTH,EDINA,MN,55343,6,423486,Assisted Living Facility Dementia Care,
ENGLISH ROSE SUITES,6201 LOCH MOOR DRIVE,EDINA,MN,55439,6,423494,Assisted Living Facility Dementia Care,
ENGLISH ROSE SUITES,6941 VALLEY VIEW ROAD,EDINA,MN,55439,6,423492,Assisted Living Facility Dementia Care,
ENGLISH ROSE SUITES,6400 TIMBER RIDGE,EDINA,MN,55439,6,423497,Assisted Living Facility Dementia Care,
ENGLISH ROSE SUITES,6200 LOCH MOOR DRIVE,EDINA,MN,55439,6,423501,Assisted Living Facility Dementia Care,
ENGLISH ROSE SUITES,9804 OAKRIDGE TRAIL,MINNETONKA,MN,55305,6,422712,Assisted Living Facility,
ENHANCE LIVING INC,1377 SEARLE STREET,ST. PAUL,MN,55130,4,422896,Assisted Living Facility,
ENJOY HOME HEALTHCARE LLC,3817 6TH ST NW,ROCHESTER,MN,55901,5,424646,Provisional Assisted Living Facility,
ENROGEL HEALTH,7446 UPPER 164TH STREET WEST,ROSEMOUNT,MN,55068,5,426144,Assisted Living Facility,
ENTRUSTED HOME HEALTHCARE LLC,478 AURORA AVENUE,ST PAUL,MN,55103,5,423133,Assisted Living Facility,
EPIC HOMES LLC,7200 NOBLE AVENUE NORTH,BROOKLYN CENTER,MN,55429,5,425987,Assisted Living Facility,
EPIC HOMES LLC,8216 IRVING AVENUE NORTH,BROOKLYN PARK,MN,55444,4,424088,Assisted Living Facility,
EPIC HOMES LLC,8216 HALIFAX COURT NORTH,BROOKLYN PARK,MN,55443,2,423042,Assisted Living Facility,
"EPIC HOMES ,LLC",1800 LARAMIE TRAIL,BROOKLYN PARK,MN,55444,5,424086,Assisted Living Facility,
EPIC RESIDENTIAL CARE LLC,11021 OAK KNOLL TER N,HOPKINS,MN,55305,5,422342,Provisional Assisted Living Facility,
EPIPHANY ASSISTED LIVING LLC,10955 HANSON BOULEVARD NW,COON RAPIDS,MN,55433,75,426428,Assisted Living Facility Dementia Care,
EPIPHANY CARE HOMES LLC,14317 ORCHARD ROAD,MINNETONKA,MN,55345,5,422466,Assisted Living Facility,
EPIPHANY CARE HOMES LLC,4441 HUNTERS RIDGE ROAD,MINNETONKA,MN,55345,5,421975,Assisted Living Facility,
EPIPHANY CARE HOMES L.L.C.,6443 WESTCHESTER CIRCLE,GOLDEN VALLEY,MN,55427,6,425345,Assisted Living Facility,
EPIPHANY CARE HOMES LLC,3704 CARDINAL ROAD,MINNETONKA,MN,55345,7,421983,Assisted Living Facility Dementia Care,
EQUAL CARE LLC,7131 HALIFAX AVE N,MINNEAPOLIS,MN,55429,5,424374,Provisional Assisted Living Facility,
ESSENCE CARE CENTER,963 21ST STREET SE,ROCHESTER,MN,55904,4,422335,Assisted Living Facility Dementia Care,
"ESTEEM HOME HEALTH SERVICES, LLC",4024 IDAHO AVENUE,CRYSTAL,MN,55427,5,422122,Assisted Living Facility,
ESTHERRA CARE LLC,7357 CHOWEN AVENUE NORTH,BROOKLYN PARK,MN,55443,4,422546,Assisted Living Facility,
ESTHERRA CARE LLC,3808 73RD AVENUE NORTH,BROOKLYN PARK,MN,55429,4,422605,Assisted Living Facility,
ESTHERRA CARE LLC,5018 NORTH 4TH STREET,MINNEAPOLIS,MN,55430,4,422562,Assisted Living Facility,
ESTHERRA CARE LLC,4224 WINCHESTER LANE,BROOKLYN CENTER,MN,55429,5,425687,Assisted Living Facility,
ESTHERRA CARE LLC,3257 98TH CIRCLE NORTH,BROOKLYN PARK,MN,55443,4,422559,Assisted Living Facility,
EVANSVILLE SENIOR LIVING,651 STATE STREET NW,EVANSVILLE,MN,56326,16,426092,Assisted Living Facility,
EVENSONG MANOR,6264 YUKON AVENUE NORTH,BROOKLYN PARK,MN,55428,5,421971,Assisted Living Facility,
EVENTIDE THE LINDEN,1500 7TH STREET SOUTH,MOORHEAD,MN,56560,220,422087,Assisted Living Facility Dementia Care,
EVERBLOOM HOME HEALTH CARE,1864 BEAR PATH TRAIL,EAGAN,MN,55122,4,422330,Assisted Living Facility,
EVERBLOOM HOME HEALTHCARE LLC,6401 132ND STREET WEST,APPLE VALLEY,MN,55124,5,422331,Assisted Living Facility,
EVERBRIGHT CARE HOMES LLC,1910 JOHNSON ST NE,MINNEAPOLIS,MN,55418,5,423689,Provisional Assisted Living Facility,
EVERBRIGHT PLACE LLC,1940 HAZEN ST,SHAKOPEE,MN,55379,5,420876,Provisional Assisted Living Facility,
EVERCARE LLC,20430 GATEWAY DR,LAKEVILLE,MN,55044,5,424644,Provisional Assisted Living Facility,
EVERGREEN ASSISTED LIVING HOMES INC,6629 XERXES AVENUE SOUTH,RICHFIELD,MN,55423,5,423204,Assisted Living Facility,
EVERGREEN ASSISTED LIVING HOMES INC,5517 HIGHLAND ROAD,MINNETONKA,MN,55345,5,425391,Assisted Living Facility,
EVERGREEN ASSISTED LIVING HOMES INC,1215 LAKE LUCY ROAD,CHANHASSEN,MN,55317,5,422728,Assisted Living Facility,
EVERGREEN ASSISTED LIVING HOME INC,7016 ANTRIM ROAD,EDINA,MN,55439,5,426485,Assisted Living Facility,
EVERGREEN CARE HOMES LLC,14359 UTICA AVE,SAVAGE,MN,55378,5,423255,Provisional Assisted Living Facility,
EVERGREEN COMFORT LIVING INC,14455 GUTHRIE WAY,APPLE VALLEY,MN,55124,5,425894,Provisional Assisted Living Facility,
EVERGREEN HOME HEALTHCARE SERVICES LLC,2621 S HEIGHTS DRIVE NW,COON RAPIDS,MN,55433,5,423653,Assisted Living Facility,
EVERGREEN KNOLL,1309 14TH STREET,CLOQUET,MN,55720,70,423176,Assisted Living Facility Dementia Care,
EVERHAVEN CARE LLC,3498 VICTORIA ST N,SHOREVIEW,MN,55126,5,422593,Provisional Assisted Living Facility,
EVERLASTING CARE HOMES LLC,11640 COLORADO AVENUE NORTH,CHAMPLIN,MN,55316,5,424324,Assisted Living Facility,
EVERLASTING CARE RESIDENCE LLC,6231 BLOOMINGTON AVE,RICHFIELD,MN,55423,5,420130,Assisted Living Facility,
EVERSPRING LIVING LLC,14312 ACER AVE,ROSEMOUNT,MN,55068,5,422843,Provisional Assisted Living Facility,
EVYGABS HEALTHCARE SYSTEMS,339 PENDRYN HILL CURVE,WOODBURY,MN,55125,5,422364,Assisted Living Facility,
EVYGABS HEALTHCARE SYSTEMS LLC,20604 ENFIELD AVENUE NORTH,FOREST LAKE,MN,55025,5,425752,Assisted Living Facility,
EXECUTIVE HEALTH SERVICES LLC,1847 IVY AVENUE EAST,ST PAUL,MN,55119,5,421927,Assisted Living Facility,
FAIR MEADOW ASSISTED LIVING,300 GARFIELD AVENUE SE,FERTILE,MN,56540,25,425908,Assisted Living Facility,
FAIRWAY PINES SENIOR LIVING,606 MAIN STREET NORTH,SAUK CENTRE,MN,56378,58,422383,Assisted Living Facility Dementia Care,
FAIRWAY VIEW ASSISTED LIVING,215 LUNDELL AVENUE,ORTONVILLE,MN,56278,36,423206,Assisted Living Facility,
FALLS LANDING ASSISTED LIVING,1101 NORTH HIAWATHA AVENUE,PIPESTONE,MN,56164,28,425892,Assisted Living Facility,
FAMILY CHOICE ASSISTED LIVING LLC,272 ARLINGTON AVENUE WEST,ST PAUL,MN,55117,5,425833,Assisted Living Facility,
FAMILY TREE CARE HOMES,3233 RICHMOND AVENUE,SHOREVIEW,MN,55126,5,425784,Assisted Living Facility,
FAMILY TREE CARE HOMES,2029 PALMER DRIVE,NEW BRIGHTON,MN,55112,5,424699,Assisted Living Facility Dementia Care,
FANTUM HOME HEALTH CARE LLC,9009 LOCH LOMOND BLVD N,BROOKLYN PARK,MN,55443,5,423037,Provisional Assisted Living Facility,
FANTUM HOME HEALTH CARE LLC,8032 FRANCE AVENUE NORTH,BROOKLYN PARK,MN,55443,5,424323,Assisted Living Facility,
FARDI HOMES LLC,4915 FILLMORE STREET NE,COLUMBIA HEIGHTS,MN,55421,5,425990,Assisted Living Facility,
FARIBAULT SENIOR LIVING,843 FARIBAULT ROAD,FARIBAULT,MN,55021,104,422776,Assisted Living Facility Dementia Care,
FARMSIDE SENIOR LIVING,823 STATE HIGHWAY 371 NW,BACKUS,MN,56435,13,425498,Assisted Living Facility,
FARMSTEAD CARE OF MOORHEAD LP,3200 28TH STREET SOUTH,MOORHEAD,MN,56560,137,426468,Assisted Living Facility Dementia Care,
FIELD CREST ASSISTED LIVING,305 4TH STREET NE,HAYFIELD,MN,55940,36,425643,Assisted Living Facility,
FIELDCREST ASSISTED LIVING,80 VERMILLION STREET EAST,COTTONWOOD,MN,56229,25,423212,Assisted Living Facility,
FIRST CHOICE ASSISTED LIVING INC,2301 WEST 96TH STREET,BLOOMINGTON,MN,55431,6,426354,Assisted Living Facility,
FIRST CHOICE NURSING SERVICES,10510 FRANCE AVENUE NORTH,BROOKLYN PARK,MN,55443,3,426013,Assisted Living Facility,
FIRST CHOICE NURSING SERVICES,5500 81ST AVENUE NORTH,BROOKLYN PARK,MN,55443,5,426012,Assisted Living Facility,
FIRST CHOICE NURSING SERVICES,5231 91ST CRESCENT NORTH,BROOKLYN PARK,MN,55443,4,426009,Assisted Living Facility,
FIRST CHOICE NURSING SERVICES,2108 PEARSON PARKWAY,BROOKLYN PARK,MN,55444,4,426007,Assisted Living Facility,
FIRST CHOICE NURSING SERVICES,5211 92ND CRESCENT,BROOKLYN PARK,MN,55443,4,426011,Assisted Living Facility,
FIRST CHOICE RESIDENTIAL LLC,7620 NICOLLET AVE,RICHFIELD,MN,55423,5,423196,Provisional Assisted Living Facility,
FIRST LIGHT RESIDENTIAL CARE,2935 AQUILA AVENUE SOUTH,ST. LOUIS PARK,MN,55426,4,425163,Assisted Living Facility,
FIRST LIGHT RESIDENTIAL CARE,6338 GIRARD AVENUE S,RICHFIELD,MN,55423,5,426294,Assisted Living Facility,
FIRST LIGHT RESIDENTIAL CARE LLC,801 EAST 84TH STREET,BLOOMINGTON,MN,55420,5,424540,Assisted Living Facility,
FIRST LIGHT RESIDENTIAL CARE LLC,3537 LEE AVENUE NORTH,CRYSTAL,MN,55422,4,425094,Assisted Living Facility,
FIRST MERCY HOMES LLC,7420 17TH AVENUE SOUTH,RICHFIELD,MN,55423,5,425271,Assisted Living Facility,
FIVE G LIVING CENTER LLC,7007 GREENBRIAR CURVE,SHAKOPEE,MN,55379,5,425501,Assisted Living Facility,
FLAGSTONE,12500 CASTLEMOOR DRIVE,EDEN PRAIRIE,MN,55344,87,423966,Assisted Living Facility Dementia Care,
FLOURISH APARTMENTS LLC,9000 GOLDEN VALLEY ROAD,GOLDEN VALLEY,MN,55427,121,425759,Assisted Living Facility,
FOLKESTONE,100 PROMENADE AVENUE,WAYZATA,MN,55391,90,422659,Assisted Living Facility Dementia Care,
FOREVER HOME CARE LLC,4806 69TH AVE N,BROOKLYN CENTER,MN,55429,5,424242,Provisional Assisted Living Facility,
FORTHRIGHT HOME CARE LLC,6818 TOLEDO AVE N,BROOKLYN CENTER,MN,55429,5,426091,Assisted Living Facility,
FORTUNATE HOMES LLC,6937 FRANCE AVENUE NORTH,BROOKLYN CENTER,MN,55429,5,426181,Assisted Living Facility,
FORTUNATE HOMES LLC,7332 FRANCE AVENUE NORTH,BROOKLYN PARK,MN,55443,5,426185,Assisted Living Facility,
FORTUNATE HOMES LLC,7409 LOUISIANA AVENUE NORTH,BROOKLYN PARK,MN,55428,5,426183,Assisted Living Facility,
FORTUNATE HOMES LLC,6124 LEE AVENUE NORTH,BROOKLYN CENTER,MN,55429,5,426252,Assisted Living Facility,
FORTUNATE QUALITY CARE LLC,6930 HALIFAX AVE NORTH,BROOKLYN CENTER,MN,55429,5,426234,Assisted Living Facility,
FOUNDERS RIDGE,6600 AUTO CLUB ROAD,BLOOMINGTON,MN,55438,59,423096,Assisted Living Facility Dementia Care,
FOXDALE,500 22ND AVENUE NW,WASECA,MN,56093,20,425779,Assisted Living Facility Dementia Care,
FRANALISH CARE LLC,6224 LEE AVE N,BROOKLYN CENTER,MN,55429,5,425343,Assisted Living Facility,
FRANCISCAN SISTERS OF LITTLE FALLS MN,116 8TH AVENUE SE,LITTLE FALLS,MN,56345,34,426329,Assisted Living Facility,
FRANKLIN MARTINS,6224 QUAIL AVENUE NORTH,BROOKLYN CENTER,MN,55429,5,424096,Assisted Living Facility,
FRAZEE ASSISTED LIVING,219 WEST MAPLE AVENUE,FRAZEE,MN,56544,19,426014,Assisted Living Facility,
FREMONT VILLAGE SENIOR LIVING,26369 2ND STREET EAST,ZIMMERMAN,MN,55398,80,423142,Assisted Living Facility Dementia Care,
FRIDLEY ASSISTED LIVING LLC,6352 CENTRAL AVENUE,FRIDLEY,MN,55432,59,425206,Assisted Living Facility Dementia Care,
FRIENDSHIP COURT,1228 SOUTH RICE STREET,BLUE EARTH,MN,56013,32,422332,Assisted Living Facility,
FRIENDSHIP HOUSE LLC,15872 EASTCHESTER ROAD,APPLE VALLEY,MN,55124,5,425480,Assisted Living Facility,
FRIENDSHIP VILLAGE OF BLOOMINGTON,8130 HIGHWOOD DRIVE,BLOOMINGTON,MN,55438,85,426346,Assisted Living Facility Dementia Care,
FUTURES OF TOMORROW LLC,273 15TH ST,FARMINGTON,MN,55024,4,424532,Provisional Assisted Living Facility,
GABBY CARE HOMES LLC,1512 PENNSYLVANIA AVENUE NORTH,CHAMPLIN,MN,55316,8,423134,Assisted Living Facility,
GABBY CARE HOMES LLC - FAITH'S HOUSE,1513 PENNSYLVANIA AVENUE NORTH,CHAMPLIN,MN,55316,4,422615,Assisted Living Facility,
GABBY CARE HOMES LLC CILLA HOUSE,1500 PENNSYLVANIA AVENUE NORTH,CHAMPLIN,MN,55316,8,422618,Assisted Living Facility,
GABBY CARE HOMES LLC OREGON HOUSE,11917 OREGON AVENUE NORTH,CHAMPLIN,MN,55316,3,422621,Assisted Living Facility,
GABBY CARE HOMES LLC SAM'S HOUSE,1306 WEST RIVER ROAD,CHAMPLIN,MN,55316,4,422622,Assisted Living Facility,
GABLE PINES LLC,1260 EAST COUNTY ROAD EAST,VADNAIS HEIGHTS,MN,55110,160,426128,Assisted Living Facility Dementia Care,
GARDEN COURT CHATEAU,2495 SW 8TH STREET,GRAND RAPIDS,MN,55744,24,423034,Assisted Living Facility,
GARDEN HOME AL LLC,16612 SEYMORE DRIVE,MINNETONKA,MN,55345,5,422868,Assisted Living Facility,
GARDEN TERRACE ASSISTED LIVING,426 MASON DRIVE,WRENSHALL,MN,55797,10,422292,Assisted Living Facility,
GARDEN VALLEY ASSISTED LIVING LLC,2613 HYDRAM AVE N,OAKDALE,MN,55128,5,424440,Provisional Assisted Living Facility,
GARDEN VIEW,404 LUELLA STREET,WATKINS,MN,55389,50,424504,Assisted Living Facility,
GARDENVIEW HOME HEALTH LLC,401 EAST 100TH STREET,BLOOMINGTON,MN,55420,5,425684,Assisted Living Facility,
GENERATIONS CHILD & MEMORY CARE LLC,3631 HOFFMAN ROAD,MANKATO,MN,56001,22,420417,Assisted Living Facility Dementia Care,
GENERATIONS HOUSING AND SVCS,2616 1ST STREET NORTH,WAITE PARK,MN,56387,6,423775,Assisted Living Facility,
GENERATIONS HOUSING AND SVCS,119 3RD AVENUE SE,ST. JOSEPH,MN,56374,6,423777,Assisted Living Facility,
GENERATIONS HOUSING AND SVCS,841 PINECONE ROAD,SARTELL,MN,56377,6,423778,Assisted Living Facility,
GENERATIONS HOUSING AND SVCS,705 2ND AVENUE SOUTH,WAITE PARK,MN,56387,6,423772,Assisted Living Facility,
GENEROUS HOME CARE SERVICES,3835 SARATOGA LANE NORTH,PLYMOUTH,MN,55441,4,426064,Assisted Living Facility,
GENESIS ASSISTED LIVING LLC,1019 SOUTH MADISON STREET,SHAKOPEE,MN,55379,5,424633,Assisted Living Facility,
GENTLE CARE HOMES INC,8308 49TH AVENUE NORTH,NEW HOPE,MN,55428,4,423239,Assisted Living Facility,
GENTLE HAVEN LLC,8045 159TH STREET WEST,APPLE VALLEY,MN,55124,5,422897,Assisted Living Facility,
GENTLE HAVEN LLC,15768 CARDINAL CIRCLE,ROSEMOUNT,MN,55068,5,423910,Assisted Living Facility,
GENTLE HEARTS LLC,3212 4TH AVENUE SOUTH,MINNEAPOLIS,MN,55408,5,425437,Assisted Living Facility,
GENTLE HOMES LLC,809 EAST 94TH STREET,BLOOMINGTON,MN,55420,5,424799,Assisted Living Facility,
GENTLEHANDS HOME HEALTH CARE LLC,2320 COUNTY ROAD 101 NORTH,PLYMOUTH,MN,55447,5,425835,Assisted Living Facility,
GETTY STREET ASSISTED LIVING,1214 GETTY STREET SOUTH,SAUK CENTRE,MN,56378,26,423036,Assisted Living Facility,
GIANNA HOMES GLADYS' PLACE LLC,10210 28TH AVENUE NORTH,PLYMOUTH,MN,55441,7,422497,Assisted Living Facility Dementia Care,
GIANNA HOMES SURSUM CORDA,4605 FAIRHILLS ROAD EAST,MINNETONKA,MN,55345,10,426296,Assisted Living Facility Dementia Care,
GIFTED HOME HEALTH CARE LLC,6344 154TH COURT NW,RAMSEY,MN,55303,5,425727,Assisted Living Facility,
GIFTIN ASSISTED LIVING INC,3244 OAKLAND AVE,MINNEAPOLIS,MN,55407,5,420285,Provisional Assisted Living Facility,
GLACIAL TRAILS MEMORY CARE,109 EAST 7TH STREET,STARBUCK,MN,56381,16,425673,Assisted Living Facility Dementia Care,
GLEN OAKS SENIOR LIVING CAMPUS,102 GLENOAKS DRIVE,NEW LONDON,MN,56273,24,426377,Assisted Living Facility,
GLENN BUFFALO,201 1ST STREET NE,BUFFALO,MN,55313,70,422570,Assisted Living Facility,
GLENN BUFFALO MC,415 8TH STREET NW,BUFFALO,MN,55313,48,425686,Assisted Living Facility Dementia Care,
GLENWOOD ESTATES,500 FRANKLIN STREET NORTH,GLENWOOD,MN,56334,25,423132,Assisted Living Facility,
GLESENERS ASSISTED LIVING,150 MAIN STREET,BIRD ISLAND,MN,55310,15,422480,Assisted Living Facility,
GLOBAL ALLIANCE HOME HEALTH CARE,4833 WINNETKA AVENUE NORTH,CRYSTAL,MN,55428,6,419614,Assisted Living Facility,
GLOBAL CASE MANAGEMENT,5231 BUCHANAN STREET NE,FRIDLEY,MN,55421,5,425104,Assisted Living Facility,
GLOBAL CASE MGMT EAST ST. PAUL,217 WINIFRED STREET EAST,ST. PAUL,MN,55107,5,425496,Assisted Living Facility,
GLOBAL POINTE SENIOR LIVING,5200 WAYZATA BOULEVARD,GOLDEN VALLEY,MN,55416,115,425755,Assisted Living Facility Dementia Care,
GOLDEN AGE LIVING LLC,7725 DUPONT AVE N,BROOKLYN PARK,MN,55444,5,425290,Provisional Assisted Living Facility,
GOLDEN ARMS HOME HEALTH CARE,1488 JEWEL DRIVE,WOODBURY,MN,55125,5,425699,Assisted Living Facility,
GOLDEN ASSISTED LIVING LLC,10701 HOPKINS RD,BLOOMINGTON,MN,55420,5,424200,Provisional Assisted Living Facility,
GOLDEN ASSISTED LIVING LLC,1496 AUBURN COURT,EAGAN,MN,55122,5,424624,Assisted Living Facility,
GOLDEN BAY HOMES LLC,2700 62ND STREET EAST,INVER GROVE HEIGHTS,MN,55076,6,426040,Assisted Living Facility,
GOLDEN BRIDGE HOME CARE LLC,8260 SADDLE TRAIL,WOODBURY,MN,55129,5,423687,Provisional Assisted Living Facility,
GOLDEN BRIGHT HOMES,2842 RALEIGH AVENUE,ST. LOUIS PARK,MN,55416,4,426347,Assisted Living Facility,
GOLDEN CARING SERVICES,6925 OLIVER AVENUE NORTH,BROOKLYN CENTER,MN,55430,5,421146,Assisted Living Facility,
GOLDEN FRONTIER CARE SVCS INC,3226 HAMLET DRIVE,WOODBURY,MN,55125,5,424976,Assisted Living Facility,
GOLDEN HAVEN LLC,16154 ESTATE LANE,LAKEVILLE,MN,55044,5,420711,Provisional Assisted Living Facility,
GOLDEN HEART HOME,5808 WEST 70TH STREET,EDINA,MN,55439,5,424341,Assisted Living Facility,
GOLDEN HEART HOME 2,9524 ELLIOT AVENUE SOUTH,BLOOMINGTON,MN,55420,6,424024,Assisted Living Facility,
GOLDEN HEART HOME 3,14280 ALLEN DRIVE,SAVAGE,MN,55378,5,426261,Assisted Living Facility,
GOLDEN HEART HOME 4,5781 MCCOLL DRIVE,SAVAGE,MN,55378,5,424026,Assisted Living Facility,
GOLDEN HEARTS HOME CARE SERVICES LLC,10245 94TH AVENUE NORTH,MAPLE GROVE,MN,55369,7,425605,Assisted Living Facility,
GOLDEN HEARTS HOME CARE SERVICES LLC,3940 9TH LANE,ANOKA,MN,55303,6,425601,Assisted Living Facility,
GOLDEN HEARTS INC,602 MARION DRIVE,ARLINGTON,MN,55307,16,422217,Assisted Living Facility Dementia Care,
GOLDEN HORIZONS,1109 LUNDORFF DRIVE,SANDSTONE,MN,55072,36,421468,Assisted Living Facility Dementia Care,
GOLDEN HORIZONS,1790 COLLEGEWAY,WORTHINGTON,MN,56187,41,425090,Assisted Living Facility Dementia Care,
GOLDEN HORIZONS,13631 EAST SHORE ROAD,CROSSLAKE,MN,56442,35,422994,Assisted Living Facility Dementia Care,
GOLDEN HORIZONS,518 7TH AVENUE NE,AITKIN,MN,56431,44,425676,Assisted Living Facility Dementia Care,
GOLDEN LIGHT ASSISTED LIVING LLC,8248 SADDLE TRAIL,WOODBURY,MN,55129,5,422440,Provisional Assisted Living Facility,
GOLDEN MANOR CORPORATION,1159 GARNET BOULEVARD,DETROIT LAKES,MN,56501,22,424395,Assisted Living Facility Dementia Care,
GOLDEN MANOR OF BARNESVILLE,1102 4TH AVENUE NE,BARNESVILLE,MN,56514,11,424450,Assisted Living Facility Dementia Care,
GOLDEN MAPLE HOMES INC,13104 GIRARD AVENUE SOUTH,BURNSVILLE,MN,55337,6,423679,Assisted Living Facility,
GOLDEN MAPLE HOMES INC,21338 DODD BOULEVARD,LAKEVILLE,MN,55044,5,424257,Assisted Living Facility,
GOLDEN MAPLE HOMES INC,12100 ALLEN DRIVE,BURNSVILLE,MN,55337,6,423681,Assisted Living Facility,
GOLDEN MAPLE HOMES INC,13613 WASHBURN AVENUE SOUTH,BURNSVILLE,MN,55337,5,424641,Assisted Living Facility,
"GOLDEN NEST, LLC",1918 19TH AVENUE NE,MINNEAPOLIS,MN,55418,24,426469,Assisted Living Facility,
GOLDEN NEST LLC,6733 EMERSON AVENUE SOUTH,RICHFIELD,MN,55423,6,425890,Assisted Living Facility,
GOLDEN OAKS HOME CARE LLC,14377 EXLEY LN,APPLE VALLEY,MN,55124,5,424675,Assisted Living Facility,
GOLDEN OAKS HOME CARE LLC,7100 MARYLAND AVENUE NORTH,BROOKLYN PARK,MN,55428,4,424370,Assisted Living Facility,
GOLDEN OAKS LIVING CORPORATION,1265 BELMONT DRIVE,WOODBURY,MN,55125,6,423854,Assisted Living Facility,
GOLDEN PATH HOME CARE SERVICES L.L.C,2094 151ST LANE NW,ANDOVER,MN,55304,5,423964,Assisted Living Facility,
GOLDEN POND BP,10251 YATES DRIVE,BROOKLYN PARK,MN,55443,4,425880,Assisted Living Facility,
GOLDEN POND CHAMPLIN,6708 119TH PLACE NORTH,CHAMPLIN,MN,55316,4,425466,Assisted Living Facility,
GOLDEN POND CRYSTAL,3648 COLORADO AVENUE NORTH,CRYSTAL,MN,55422,4,425470,Assisted Living Facility,
GOLDEN POND LORETTO,8055 FERN LANE,LORETTO,MN,55357,5,422151,Assisted Living Facility,
GOLDEN POND MAPLE GROVE,12270 87TH AVENUE NORTH,MAPLE GROVE,MN,55369,4,425790,Assisted Living Facility,
GOLDEN POND MOUNDS VIEW,7245 HIDDEN HOLLOW COURT,MOUNDS VIEW,MN,55112,5,425567,Assisted Living Facility,
GOLDEN POND MWD,3029 MARY COURT,MAPLEWOOD,MN,55109,4,425570,Assisted Living Facility,
GOLDEN POND WBL,4624 STODDART CIRCLE,ST. PAUL,MN,55127,4,425581,Assisted Living Facility,
GOLDEN STAR RESIDENTIAL CARE LLC,8143 IVYWOOD AVENUE SOUTH,COTTAGE GROVE,MN,55016,5,426260,Assisted Living Facility,
GOLDEN TOUCH HEALTH CARE LLC,5012 66TH AVENUE NORTH,BROOKLYN CENTER,MN,55429,5,425010,Assisted Living Facility,
GOLDEN TOUCH HEALTH CARE LLC,8216 HAMPSHIRE COURT NORTH,BROOKLYN PARK,MN,55445,4,424119,Assisted Living Facility,
GOLDEN TOUCH HEALTH CARE LLC,6800 SCOTT AVENUE NORTH,BROOKLYN CENTER,MN,55429,4,424118,Assisted Living Facility,
GOLDEN VALLEY RESIDENCE,1940 MAJOR DRIVE,GOLDEN VALLEY,MN,55422,6,425873,Assisted Living Facility,
GOLDEN YEARS RESIDENCE LLC,6528 RUSSELL AVENUE SOUTH,RICHFIELD,MN,55423,5,426093,Assisted Living Facility,
GOLDENLIGHTASSISTEDLIVING LLC,600 LANDAU DRIVE,WOODBURY,MN,55125,4,425502,Assisted Living Facility,
GOLDENVIEW HEALTHCARE SERVICES,14604 92ND PLACE NORTH,MAPLE GROVE,MN,55369,5,424966,Assisted Living Facility,
GOLDENVIEW HEALTHCARE SERVICES,1001 65TH AVENUE NORTH,BROOKLYN CENTER,MN,55430,4,422662,Assisted Living Facility,
GOLDIES GROUP HOMES LLC,7720 UPTON AVE S,RICHFIELD,MN,55423,5,423332,Assisted Living Facility,
GOLDPINE HOME,1700 30TH STREET NW,BEMIDJI,MN,56601,97,422668,Assisted Living Facility,
GOLDSTAR RESIDENTIAL SERVICES,7239 3RD AVENUE SOUTH,RICHFIELD,MN,55423,4,426010,Assisted Living Facility,
GOOD CHAMBER ASSISTED LVG LLC,2643 LONGFELLOW AVENUE,MINNEAPOLIS,MN,55407,5,423589,Assisted Living Facility,
GOOD LIFE ASSISTED LIVING & ME,5260 127TH STREET NORTH,HUGO,MN,55038,32,426483,Assisted Living Facility Dementia Care,
GOOD QUALITY HOME HEALTH SERVICES INC,3701 RESERVOIR BOULEVARD,COLUMBIA HEIGHTS,MN,55421,6,425636,Assisted Living Facility,
GOOD SAMARITAN SOCIETY ALBERT LEA,75303 240TH STREET,ALBERT LEA,MN,56007,86,426029,Assisted Living Facility,
GOOD SAMARITAN SOCIETY BATTLE LAKE,605 NORTH LAKE AVENUE,BATTLE LAKE,MN,56515,40,425991,Assisted Living Facility,
GOOD SAMARITAN SOCIETY BETHANY,1953 7TH STREET SOUTH,BRAINERD,MN,56401,44,425979,Assisted Living Facility,
GOOD SAMARITAN SOCIETY BLACKDUCK,152 MARGARET AVENUE NW,BLACKDUCK,MN,56630,22,425954,Assisted Living Facility,
GOOD SAMARITAN SOCIETY HERITAGE GROVE,2122 RIVER ROAD NW,EAST GRAND FORKS,MN,56721,109,425939,Assisted Living Facility,
GOOD SAMARITAN SOCIETY INTERNATIONAL FALLS,2101 KEENAN DRIVE,INTERNATIONAL FALLS,MN,56649,28,426083,Assisted Living Facility,
GOOD SAMARITAN SOCIETY LUVERNE,201 OAK DRIVE,LUVERNE,MN,56156,30,425877,Assisted Living Facility,
GOOD SAMARITAN SOCIETY PINE RIVER,2175 WHITE PINE POINT ROAD SW,PINE RIVER,MN,56474,18,425975,Assisted Living Facility,
GOOD SAMARITAN SOCIETY PIPESTONE,903 2ND AVENUE SE,PIPESTONE,MN,56164,55,425919,Assisted Living Facility,
GOOD SAMARITAN SOCIETY ST. JAMES,1102 2ND STREET SOUTH,ST. JAMES,MN,56081,28,425950,Assisted Living Facility,
GOOD SAMARITAN SOCIETY WACONIA,433 5TH STREET WEST,WACONIA,MN,55387,140,425970,Assisted Living Facility,
GOOD SAMARITAN SOCIETY WINDOM,725 FULLER DRIVE,WINDOM,MN,56101,26,425878,Assisted Living Facility,
GOOD SAMARITAN SOCIETY WOODLAND,200 BUFFALO HILLS LANE,BRAINERD,MN,56401,140,425953,Assisted Living Facility,
GOOD SAMARITAN SOCIETY- THE PINES,1508 NORTH HIGHWAY,JACKSON,MN,56143,38,426164,Assisted Living Facility,
GOOD SHEPHERD ASSISTED LIVING,330 13TH STREET NORTH,SAUK RAPIDS,MN,56379,60,425719,Assisted Living Facility,
GOOD SHEPHERD COTTAGES,307 11TH STREET NORTH,SAUK RAPIDS,MN,56379,36,425644,Assisted Living Facility Dementia Care,
GOOD SHEPHERD HEALTHCARE SERVICES LLC,1146 BROOKDALE DRIVE,BROOKLYN PARK,MN,55444,5,425403,Assisted Living Facility,
GOOD SHEPHERD HOMES INC,1211 4TH AVENUE NORTH,SAUK RAPIDS,MN,56379,64,422333,Assisted Living Facility,
GOOD START LIVING LLC,2209 KENNARD ST,MAPLEWOOD,MN,55109,5,425994,Provisional Assisted Living Facility,
GOOD TIME CARE LLC,17515 30TH AVENUE NORTH,PLYMOUTH,MN,55447,4,423119,Assisted Living Facility,
"GOODNEIGHBORS-MAPLEWOOD MANOR, LLC",1010 1ST STREET NE,ELBOW LAKE,MN,56531,29,422652,Assisted Living Facility Dementia Care,
"GOODNESS AND MERCY HEALTH SERVICES, INC",6319 INDIANA AVENUE NORTH,BROOKLYN CENTER,MN,55429,4,422424,Assisted Living Facility,
GOODNESS AND MERCY HEALTH SERVICES INC,5101 63RD AVENUE NORTH,BROOKLYN CENTER,MN,55429,4,422429,Assisted Living Facility,
GOODNESS AND MERCY HEALTH SERV,4000 61ST AVENUE NORTH,BROOKLYN CENTER,MN,55429,4,422427,Assisted Living Facility,
GOSHEN CARE LLC,6330 JEFFERSON ST NE,FRIDLEY,MN,55432,5,420005,Provisional Assisted Living Facility,
GOSHEN CONCEPT CARE LLC,1352 CALUMET AVENUE,WEST ST PAUL,MN,55118,5,426239,Assisted Living Facility,
GRACE ASSISTED LIVING HOME LLC,2468 BRENNER AVENUE EAST,MAPLEWOOD,MN,55109,5,424788,Assisted Living Facility,
GRACE ASSISTED LIVING LLC,13439 GRANADA AVENUE,APPLE VALLEY,MN,55124,5,419644,Provisional Assisted Living Facility,
GRACE ASSISTED LIVING LLC,2566 112TH AVENUE NW,COON RAPIDS,MN,55433,5,424877,Assisted Living Facility,
GRACE AT HOME CARE LLC,3124 65TH AVE N,BROOKLYN CENTER,MN,55429,5,424687,Provisional Assisted Living Facility,
GRACE CARE LLP,824 PLEASANT AVENUE,ST PAUL PARK,MN,55071,5,426006,Assisted Living Facility,
GRACE GROUP HOME LLC,3538 FREMONT AVENUE NORTH,MINNEAPOLIS,MN,55412,5,424761,Assisted Living Facility,
GRACE HAND GROUP HOME LLC,2715 QUEEN AVE N,MINNEAPOLIS,MN,55411,5,426125,Assisted Living Facility,
GRACE HAND GROUP HOME LLC,2738 OAKLAND AVENUE SOUTH,MINNEAPOLIS,MN,55407,4,426441,Assisted Living Facility,
GRACE HAVEN ASSISTED LIVING,301 3RD STREET EAST,MADISON,MN,56256,10,423941,Assisted Living Facility,
GRACE HOMES,601 OAK RIDGE ROAD,HOPKINS,MN,55305,6,425869,Assisted Living Facility,
GRACE HOMES,414 WILSHIRE WALK,HOPKINS,MN,55305,6,425867,Assisted Living Facility,
GRACE SUITES LLC,12630 15TH AVE N,PLYMOUTH,MN,55441,5,426423,Assisted Living Facility,
GRACEFUL HOMES LLC,1742 CASPIAN LANE,SHAKOPEE,MN,55379,5,423218,Provisional Assisted Living Facility,
GRACEFUL LIVING LLC,17862 ESSEX LANE,LAKEVILLE,MN,55044,5,424621,Assisted Living Facility,
GRACEFUL LIVING MANOR LLC,2624 BLAISDELL AVE,MINNEAPOLIS,MN,55408,5,421358,Provisional Assisted Living Facility,
GRACEFUL LODGE ASSISTED LIVING,6307 UNITY AVENUE NORTH,BROOKLYN CENTER,MN,55429,5,423650,Assisted Living Facility,
GRACEFUL LODGE ASSISTED LIVING,6430 JUNE AVENUE NORTH,BROOKLYN CENTER,MN,55429,4,426113,Assisted Living Facility,
GRACEFULL LIVING LLC,5424 ROWLAND RD,MINNETONKA,MN,55343,5,425102,Provisional Assisted Living Facility,
GRACEPOINTE CROSSING,1545 RIVERHILLS PARKWAY NW,CAMBRIDGE,MN,55008,88,426048,Assisted Living Facility Dementia Care,
GRAND ARBOR,4403 PIONEER ROAD SE,ALEXANDRIA,MN,56308,295,426018,Assisted Living Facility Dementia Care,
GREAT HEALTH CARE LLC,4501 WINCHESTER LANE,BROOKLYN CENTER,MN,55429,5,426243,Assisted Living Facility,
GREAT HOME MINNESOTA LLC,8668 ALVARADO COURT,INVER GROVE HEIGHTS,MN,55077,5,424865,Assisted Living Facility,
GREAT HOME MN AVIARY,8811 AVIARY PATH,INVER GROVE HEIGHTS,MN,55077,6,424867,Assisted Living Facility,
GREAT IMPRESSIONS HEALTH LLC,1001 LYNDE DRIVE NE,FRIDLEY,MN,55432,5,426033,Provisional Assisted Living Facility,
GREATER HEIGHTS CARE,8041 NOBLE AVENUE NORTH,BROOKLYN PARK,MN,55443,4,426289,Assisted Living Facility,
"GREATERCARE FACILITIES, LLC",6576 FALSTAFF TERRACE,WOODBURY,MN,55125,4,425983,Assisted Living Facility,
"GREATERCARE FACILITIES, LLC",2087 WOODBRIDGE WAY,WOODBURY,MN,55125,4,424695,Assisted Living Facility,
"GREATERCARE FACILITIES, LLC",9377 NEWCASTLE ROAD,WOODBURY,MN,55125,4,426132,Assisted Living Facility,
GREATERCARE FACILITIES LLC,7159 ROBINWOOD TRAIL,WOODBURY,MN,55125,4,426134,Assisted Living Facility,
"GREATERCARE FACILITIES,LLC",7780 SOMERSET ROAD,WOODBURY,MN,55125,5,425985,Assisted Living Facility,
GREEN LAKES HOMES,11540 NORWAY STREET NORTHWEST,MINNEAPOLIS,MN,55448,5,425992,Assisted Living Facility,
GREENSTAR CARE HOMES LLC,4950 JEFFERSON ST NE,COLUMBIA HEIGHTS,MN,55421,5,424740,Provisional Assisted Living Facility,
GREENWOOD CONNECTIONS,501 MAIN STREET NE,MENAHGA,MN,56464,43,425373,Assisted Living Facility,
GROVE LIVING COMPANY LLC,7248 BANCROFT WAY,INVER GROVE HEIGHTS,MN,55077,5,425935,Assisted Living Facility,
GROWTH SEASONS HOME CARE LLC,8251 JOHANSEN AVE S,COTTAGE GROVE,MN,55016,5,421657,Provisional Assisted Living Facility,
GUARDIAN ANGELS BY THE LAKE,13439 185TH LANE NW,ELK RIVER,MN,55330,100,425951,Assisted Living Facility Dementia Care,
GUARDIAN CARE HOMES INC,7221 1ST AVENUE SOUTH,RICHFIELD,MN,55423,5,424358,Assisted Living Facility,
GUIDANCE HEALTHCARE LLC,1324 CEDARWOOD COURT,WOODBURY,MN,55125,5,425352,Assisted Living Facility,
GURE HOMES INC,8835 NICOLLET AVE S,BLOOMINGTON,MN,55420,5,424530,Provisional Assisted Living Facility,
H & H GROUP HOME LLC,3316 PLEASANT AVENUE,MINNEAPOLIS,MN,55408,5,422315,Assisted Living Facility,
H & H GROUP HOME LLC,3541 AQUILA AVENUE SOUTH,ST. LOUIS PARK,MN,55426,4,425850,Assisted Living Facility,
H AND S RESIDENCE LLC,532 79TH AVENUE NORTH,BROOKLYN PARK,MN,55444,5,424332,Assisted Living Facility,
H&A ASSISTED LIVING INC,1020 5TH AVENUE,SOUTH ST. PAUL,MN,55075,8,424201,Assisted Living Facility,
HADLEY HOUSE,908 CONEY STREET WEST,PERHAM,MN,56573,32,424315,Assisted Living Facility,
BROOKDALE FARIBAULT,935 SPRING ROAD,FARIBAULT,MN,55021,20,424596,Assisted Living Facility,
BROOKDALE INVER GROVE HEIGHTS,5891 CARMEN AVENUE,INVER GROVE HEIGHTS,MN,55076,20,424615,Assisted Living Facility,
BROOKDALE MANKATO,100 TETON LANE,MANKATO,MN,56001,20,424599,Assisted Living Facility,
BROOKDALE WILLMAR,1501 19TH AVENUE SW,WILLMAR,MN,56201,20,424591,Assisted Living Facility,
HALLOWSTONE WINONA OPERATING LLC,835 EAST BELLEVIEW STREET,WINONA,MN,55987,20,424576,Assisted Living Facility,
HANDS AT THE CROSS CARE HOME,11010 SWEETWATER PATH,WOODBURY,MN,55129,5,424797,Assisted Living Facility,
HANDS CARE LLP,7041 ABERDEEN CURVE,WOODBURY,MN,55125,5,425461,Assisted Living Facility,
HAPPY CARE INC,6703 89TH AVENUE NORTH,BROOKLYN PARK,MN,55445,5,424697,Assisted Living Facility,
HAPPY HEARTS HOMECARE CORPORATION,2310 JAMES AVE N,MINNEAPOLIS,MN,55411,5,420326,Provisional Assisted Living Facility,
HAPPY PLACE CARE SERVICES LLC,7217 EDGEWOOD AVENUE NORTH,MINNEAPOLIS,MN,55428,5,422718,Assisted Living Facility,
HAPPY STAR ASSISTANT LIVING LLC,6718 QUAIL AVE N,BROOKLYN CENTER,MN,55429,5,425767,Provisional Assisted Living Facility,
HARB SERVICES LLC,13752 ZARTHAN AVENUE SOUTH,SAVAGE,MN,55378,5,426062,Assisted Living Facility,
HARBOR CROSSING,4650 CENTERVILLE ROAD,WHITE BEAR LAKE,MN,55127,132,425703,Assisted Living Facility Dementia Care,
HARDING PLACE,24448 296TH AVENUE,PIERZ,MN,56364,28,423884,Assisted Living Facility,
HARMONY ASSISTED LIVING INC,17656 59TH STREET NORTHEAST,OTSEGO,MN,55374,5,426104,Assisted Living Facility,
HARMONY ASSISTED LIVING LLC,1519 LYDIA AVE W,ROSEVILLE,MN,55113,5,426068,Assisted Living Facility,
HARMONY COVE HOMES,16834 GALENA AVE W,ROSEMOUNT,MN,55068,5,425949,Provisional Assisted Living Facility,
HARMONY GARDENS,1440 COUNTY ROAD C EAST,MAPLEWOOD,MN,55109,120,422971,Assisted Living Facility Dementia Care,
HARMONY GROUP HOME LLC,9018 CAMBRIDGE AVE N,BROOKLYN PARK,MN,55443,4,424917,Provisional Assisted Living Facility,
HARMONY HANDS HOME HEALTH CARE LLC,2441 WILLIAMS DRIVE,BURNSVILLE,MN,55337,5,425488,Assisted Living Facility,
HARMONY HEALTH SERVICES LLC,10520 ROBINSON DR NW,COON RAPIDS,MN,55433,5,425256,Provisional Assisted Living Facility,
HARMONY HOMES & SERVICES LLC,7064 158TH STREET WEST,APPLE VALLEY,MN,55124,5,426429,Assisted Living Facility,
HARMONY HOMES LLC,7006 MORGAN AVENUE NORTH,BROOKLYN CENTER,MN,55430,4,423763,Assisted Living Facility,
HARMONY HOUSE OF BRAINERD,218 9TH STREET SW,BRAINERD,MN,56401,22,424046,Assisted Living Facility Dementia Care,
HARMONY HOUSE OF MOTLEY,900 EASTWOOD LANE SOUTH,MOTLEY,MN,56466,22,423733,Assisted Living Facility Dementia Care,
HARMONY HOUSE OF PIERZ,26886 143RD STREET,PIERZ,MN,56364,25,424048,Assisted Living Facility Dementia Care,
HARMONY PLACE,455 MAIN AVENUE NORTH,HARMONY,MN,55939,60,424846,Assisted Living Facility Dementia Care,
HARMONY RIVER LIVING CENTER,1555 SHERWOOD STREET SE,HUTCHINSON,MN,55350,20,424270,Assisted Living Facility Dementia Care,
HARMONY VIEW ASSISTED LIVING,1420 2ND STREET NORTH,SAUK RAPIDS,MN,56379,30,423882,Assisted Living Facility,
HARRISON BAY SENIOR LIVING,1861 COMMERCE BOULEVARD,MOUND,MN,55364,85,425057,Assisted Living Facility Dementia Care,
HASH BAZ HOME LLC,633 SNELLING AVENUE NORTH,ST PAUL,MN,55104,5,426317,Assisted Living Facility,
HASTINGS SENIOR HEALTH AND LIVING,901 WEST 16TH STREET,HASTINGS,MN,55033,93,424413,Assisted Living Facility,
HAVEN HOMES ASSISTED LIVING,4848 GATEWAY BOULEVARD,MAPLE PLAIN,MN,55359,106,425709,Assisted Living Facility Dementia Care,
HAVEN RESIDENTIAL LLC,9131 13TH AVE SOUTH,BLOOMINGTON,MN,55425,5,425462,Provisional Assisted Living Facility,
HAVENWOOD CARE LLC,11704 CARTIER AVE S,BURNSVILLE,MN,55337,5,422773,Provisional Assisted Living Facility,
HAVENWOOD OF BUFFALO,150 DIVISION STREET EAST,BUFFALO,MN,55313,110,423801,Assisted Living Facility Dementia Care,
HAVENWOOD OF BURNSVILLE,14401 GRAND AVENUE,BURNSVILLE,MN,55306,160,423957,Assisted Living Facility Dementia Care,
HAVENWOOD OF MAPLE GROVE,18695 73RD AVENUE NORTH,MAPLE GROVE,MN,55311,180,423960,Assisted Living Facility Dementia Care,
HAVENWOOD OF MINNETONKA,17710 OLD EXCELSIOR BOULEVARD,MINNETONKA,MN,55345,115,424055,Assisted Living Facility Dementia Care,
HAVENWOOD OF RICHFIELD,245 WEST 76TH STREET,RICHFIELD,MN,55423,110,423859,Assisted Living Facility Dementia Care,
HAWLEY SENIOR LIVING,923 5TH STREET,HAWLEY,MN,56549,43,422777,Assisted Living Facility Dementia Care,
HAWTHORNE HOUSE INC,6909 COUNTRY CLUB DRIVE,GOLDEN VALLEY,MN,55427,4,423548,Assisted Living Facility,
HAWTHORNE HOUSE INC,501 KELLY DRIVE,GOLDEN VALLEY,MN,55427,4,423625,Assisted Living Facility,
HAWTHORNE HOUSE INC,6931 COUNTRY CLUB DRIVE,GOLDEN VALLEY,MN,55427,4,423629,Assisted Living Facility,
HAWTHORNE HOUSE INC,541 KELLY DRIVE,GOLDEN VALLEY,MN,55427,4,423626,Assisted Living Facility,
HAWTHORNE HOUSE INC,1100 IDAHO AVENUE,GOLDEN VALLEY,MN,55427,4,423546,Assisted Living Facility,
HAYDEN GROVE OF ST ANTHONY,2601 STINSON PARKWAY,ST. ANTHONY,MN,55418,155,425454,Assisted Living Facility Dementia Care,
HAYDEN GROVE SENIOR LIVING,8715 PORTLAND AVENUE SOUTH,BLOOMINGTON,MN,55420,190,423639,Assisted Living Facility Dementia Care,
HAYSTE GROUP LLC,15664 FINCH AVENUE,APPLE VALLEY,MN,55124,5,423188,Assisted Living Facility,
HAZIM CARE,7626 SHERIDAN AVE S,RICHFIELD,MN,55423,5,425404,Provisional Assisted Living Facility,
HEALING HEART NURSING CARE LLC,6937 WEST PALMER LAKE DRIVE,MINNEAPOLIS,MN,55429,5,426160,Assisted Living Facility,
HEALING HEARTS RESIDENTIAL SERVICES,3208 HIGHLAND DR,BURNSVILLE,MN,55337,5,425408,Provisional Assisted Living Facility,
HEALING HOME SERVICES LLC,6051 4TH ST NE,FRIDLEY,MN,55432,4,422237,Assisted Living Facility,
HEALING HOMECARE LLC,6476 ARTHUR STREET NORTHEAST,FRIDLEY,MN,55432,5,426016,Assisted Living Facility,
HEALING HOMES LIVING SERVICES,83 COOK AVENUE WEST,ST. PAUL,MN,55117,3,425535,Assisted Living Facility,
HEALING NETWORK LLC,956 GERANIUM AVENUE EAST,ST PAUL,MN,55106,5,423407,Provisional Assisted Living Facility,
HEALING RESIDENCES INC,4800 5TH STREET NE,COLUMBIA HEIGHTS,MN,55421,4,424089,Assisted Living Facility,
HEALING STAR HOMES LLC,8526 PORTLAND AVE S,BLOOMINGTON,MN,55420,5,422649,Provisional Assisted Living Facility,
HEALTHGUARD LIVING,3126 98TH AVENUE NORTH,BROOKLYN PARK,MN,55443,5,424701,Assisted Living Facility,
HEALTHGUARD PARTNERS,3201 SILVER LAKE RD NE,SAINT ANTHONY,MN,55418,4,425184,Assisted Living Facility,
HEALTHPOINT HWS @ 93RD,351 93RD AVENUE NE,BLAINE,MN,55434,5,425044,Assisted Living Facility,
HEALTHPOINT HWS @ MORGAN,5419 MORGAN AVENUE NORTH,BROOKLYN CENTER,MN,55430,5,424707,Assisted Living Facility,
HEALTHSYNC SOLUTIONS LLC,10924 GETTYSBURG AVE N,CHAMPLIN,MN,55316,5,423417,Provisional Assisted Living Facility,
HEART GROUP HOME,4643 7TH STREET NE,COLUMBIA HEIGHTS,MN,55421,5,425275,Assisted Living Facility,
HEART HOUSE LLC,6917 PLEASANT VIEW DR,MOUNDS VIEW,MN,55112,5,425479,Provisional Assisted Living Facility,
HEART OF A STAR HOME CARE LLC,3100 YUKON AVENUE NORTH,CRYSTAL,MN,55427,5,426263,Assisted Living Facility,
HEART OF A STAR HOMECARE LLC,6430 TOLEDO AVENUE NORTH,BROOKLYN CENTER,MN,55429,4,422573,Assisted Living Facility,
HEART TO HOME INC,659 MULBERRY LANE,MENDOTA HEIGHTS,MN,55118,7,425854,Assisted Living Facility Dementia Care,
HEART TO HOME INCORPORATED,2351 PAGEL ROAD,MENDOTA HEIGHTS,MN,55120,7,425836,Assisted Living Facility Dementia Care,
HEART TO HOME INCORPORATED,595 MENDOTA ROAD,MENDOTA HEIGHTS,MN,55118,7,425849,Assisted Living Facility Dementia Care,
HEART TO HOME INCORPORATED,2370 ROGERS AVENUE,MENDOTA HEIGHTS,MN,55120,6,426176,Assisted Living Facility Dementia Care,
HEARTFELT CARE LLC,7717 GEORGIA AVENUE NORTH,BROOKLYN PARK,MN,55445,4,425158,Assisted Living Facility,
HEARTFELT CARE LLC,10344 BOUNDARY CREEK TERRACE,MAPLE GROVE,MN,55369,4,425590,Assisted Living Facility,
HEARTHSIDE LIVING LLC,16402 GRINNELL AVE,LAKEVILLE,MN,55044,5,422511,Provisional Assisted Living Facility,
HEARTS OF HOPE ASSISTED LIVING LLC,1717 YELLOWSTONE TRAIL,BROOKLYN PARK,MN,55444,5,426478,Assisted Living Facility,
HEARTWOOD,500 HEARTWOOD DRIVE,CROSBY,MN,56441,55,422233,Assisted Living Facility Dementia Care,
HEATHER HAUS,223 4TH STREET NW,BLOOMING PRAIRIE,MN,55917,23,425923,Assisted Living Facility,
HEATHERS MANOR,3000 NORTH DOUGLAS DRIVE,CRYSTAL,MN,55422,90,426039,Assisted Living Facility,
HEAVEN HOMES INC,1139 15TH AVENUE SE,MINNEAPOLIS,MN,55414,5,422819,Assisted Living Facility,
HELIOPOLIS HOME HEALTHCARE LLC,1610 EAST 26TH STREET,MINNEAPOLIS,MN,55404,4,422612,Assisted Living Facility,
HELP HOME CARE LLC,1830 BIRMINGHAM STREET,MAPLEWOOD,MN,55109,5,425596,Assisted Living Facility,
HELPFUL HANDS LLC,8224 18TH AVENUE SOUTH,BLOOMINGTON,MN,55425,5,424039,Assisted Living Facility,
HELPFUL LIVING LLC,4024 134TH CIRCLE,SAVAGE,MN,55378,5,425279,Assisted Living Facility,
HELPING HANDS GROUP HOME INC,707 VIRGINIA ST,SAINT PAUL,MN,55103,5,426020,Provisional Assisted Living Facility,
HERITAGE COTTAGE ON 6TH,611 WEST 6TH STREET,PARK RAPIDS,MN,56470,48,426035,Assisted Living Facility Dementia Care,
HERITAGE COURT ASSISTED LIVING,110 S HENDERSON STREET,HOUSTON,MN,55943,24,426127,Assisted Living Facility,
HERITAGE HAVEN INC,3042 MORRIS THOMAS ROAD,DULUTH,MN,55811,33,425179,Assisted Living Facility Dementia Care,
HERITAGE HOUSE,870 9TH AVENUE NW,NEW BRIGHTON,MN,55112,4,422940,Assisted Living Facility,
HERITAGE HOUSE ELDER CARE,1415 7TH STREET NW,FARIBAULT,MN,55021,10,422328,Assisted Living Facility,
HERITAGE LIVING,1140 3RD STREET NORTHWEST,NEW BRIGHTON,MN,55112,5,422507,Assisted Living Facility,
HERITAGE PLACE,303 TROENDLE STREET SW,MAPLETON,MN,56065,40,422748,Assisted Living Facility,
HERITAGE POINTE SENIOR LIVING,207 NORTH 4TH STREET,MARSHALL,MN,56258,65,425813,Assisted Living Facility Dementia Care,
HERITAGE SENIOR HOME LLC,4842 162ND WAY N,HUGO,MN,55038,5,424429,Provisional Assisted Living Facility,
HEROIC HOME CARE LLC,6206 CHOWEN AVE N,BROOKLYN CENTER,MN,55429,5,424135,Provisional Assisted Living Facility,
HIGH DRIVE CUSTOMIZED/ ASSISTED LIVING LLC,13813 HIGH DRIVE,BURNSVILLE,MN,55337,5,425883,Assisted Living Facility,
HIGH GRADE CARE LLC,12909 ROSE BLUFF BLVD,BURNSVILLE,MN,55337,5,421470,Provisional Assisted Living Facility,
HIGHLAND GW LLC,1925 GRAHAM AVENUE,ST. PAUL,MN,55116,36,424107,Assisted Living Facility Dementia Care,
HIGHLAND HOME CARES LLC,1944 RAINIER DR,SHAKOPEE,MN,55379,5,424892,Provisional Assisted Living Facility,
HIGHLAND PATH,1925 NORFOLK AVENUE,ST. PAUL,MN,55116,90,425733,Assisted Living Facility Dementia Care,
HIGHLAND SENIOR LIVING OF LITTLE FALLS,1012 3RD AVENUE NE,LITTLE FALLS,MN,56345,75,425476,Assisted Living Facility Dementia Care,
HIGHLINKS HOLDINGS LLC,5341 LAKESIDE AVENUE N,CRYSTAL,MN,55429,5,425264,Assisted Living Facility,
HIGHVIEW ASSISTED LIVING LLC,1460 FARRINGTON STREET,ST PAUL,MN,55117,5,422517,Assisted Living Facility,
HILLCREST ADAMS,2229 3RD AVENUE EAST,HIBBING,MN,55746,30,425787,Assisted Living Facility,
HILLCREST NASHWAUK,570 PLATT AVENUE EAST,NASHWAUK,MN,55769,43,425789,Assisted Living Facility,
HILLCREST SENIOR LIVING,311 BROADWAY AVENUE NE,RED LAKE FALLS,MN,56750,28,425863,Assisted Living Facility Dementia Care,
HILLCREST SUITES,1520 EAST HIGHWAY 37,HIBBING,MN,55746,40,422985,Assisted Living Facility,
HILLCREST TERRACE,1507 EAST 41ST STREET,HIBBING,MN,55746,50,423035,Assisted Living Facility,
HILLS CROSSING SENIOR LIVING,5307 HILLS CROSSING,NISSWA,MN,56468,30,424918,Assisted Living Facility Dementia Care,
HILLSIDE HARMONY LLC,135 GERANIUM AVE E,ST PAUL,MN,55117,18,422920,Provisional Assisted Living Facility,
HILSTAR HOMES CORPORATION,3808 BLACKHAWK RIDGE PLACE,EAGAN,MN,55122,9,423830,Assisted Living Facility,
"HIS SERVICES HOME CARE, LLC",2108 70TH AVENUE NORTH,BROOKLYN PARK,MN,55430,4,425652,Assisted Living Facility,
HOFFMAN SENIOR LIVING,601 CAROLINA AVENUE,HOFFMAN,MN,56339,22,424110,Assisted Living Facility Dementia Care,
HOLISTIC HEALTH CARE SERVICES LLC,1544 ROUNDHOUSE CIRCLE,SHAKOPEE,MN,55379,5,423758,Assisted Living Facility,
HOLISTIC HOME CARE LLC,2325 CASCADE PLAZA SOUTH,WOODBURY,MN,55125,4,423947,Assisted Living Facility,
HOLISTIC HOME CARE LLC,2321 CASCADE PLAZA SOUTH,WOODBURY,MN,55125,4,423945,Assisted Living Facility,
HOLLY RIDGE MANOR,500 HOLLY RIDGE DRIVE,STARBUCK,MN,56381,32,424113,Assisted Living Facility,
"HOME AND COMFORT, INC. OF GRAND RAPIDS, MN",500 POWELL AVENUE,COLERAINE,MN,55722,18,422616,Assisted Living Facility,
HOME FROM HOME ASSISTED LIVING LLC,2613 93RD WAY,BROOKLYN PARK,MN,55444,4,425681,Assisted Living Facility,
HOME FRONT FIRST,224 NORTH 19TH STREET,MONTEVIDEO,MN,56265,29,425486,Assisted Living Facility,
"HOME JOY HOME CARE, INC",7632 83RD AVENUE NORTH,BROOKLYN PARK,MN,55445,4,424866,Assisted Living Facility,
HOME JOY HOME CARE INC,1908 LARAMIE TRAIL,BROOKLYN PARK,MN,55444,4,420057,Assisted Living Facility,
HOME PARTNERS LLC,8309 SCOTT AVENUE NORTH,BROOKLYN PARK,MN,55443,5,423952,Assisted Living Facility,
HOMEFELT ASSISTED LIVING,1132 ADAMS STREET NE,MINNEAPOLIS,MN,55413,5,423737,Assisted Living Facility,
HOMEFELT ASSISTED LIVING,2319 UNIVERSITY AVENUE NE,MINNEAPOLIS,MN,55418,5,423724,Assisted Living Facility,
HOMENEST ASSISTED LIVING LLC,3800 WOODBINE LANE,BROOKLYN CENTER,MN,55429,5,423420,Provisional Assisted Living Facility,
HONEST CARE LLC,8381 6TH ST NE,SPRING LAKE PARK,MN,55432,5,419643,Assisted Living Facility,
HONESTY CARE HOME LLC,5540 LINDSAY STREET,GOLDEN VALLEY,MN,55422,4,422620,Assisted Living Facility,
HOPE ASSISTED LIVING LLC,3410 HUMBOLDT AVENUE NORTH,MINNEAPOLIS,MN,55412,4,425723,Assisted Living Facility,
HOPE ASSISTED LIVING OF MINNESOTA LLC,4229 ARTHUR ST NE,COLUMBIA HEIGHTS,MN,55421,5,422930,Provisional Assisted Living Facility,
HOPE FOR ALL LLC,7300 CONCERTO CURVE NE,FRIDLEY,MN,55432,5,424430,Provisional Assisted Living Facility,
HOPE HEALTHCARE LLC,1621 EAST OLD SHAKOPEE ROAD,BLOOMINGTON,MN,55425,5,426376,Assisted Living Facility,
HOPE HOMES LLC,8035 STEVENS AVENUE SOUTH,BLOOMINGTON,MN,55420,5,422566,Assisted Living Facility,
HOPE RESIDENTIAL CARE LLC,260 AURORA AVENUE,ST PAUL,MN,55103,5,419784,Assisted Living Facility,
HOPE REST HOMES INC,333 EAST 22ND STREET,MINNEAPOLIS,MN,55404,4,423892,Assisted Living Facility,
HOPE REST HOMES INC,7553 UNIVERSITY AVENUE NE,FRIDLEY,MN,55432,4,423896,Assisted Living Facility,
HOPE WELLNESS CENTER INC,3119 4TH AVENUE SOUTH,MINNEAPOLIS,MN,55408,4,423033,Assisted Living Facility,
HOPELAND ASSISTED LIVING LLC,4640 INDEPENDENCE AVE N,NEW HOPE,MN,55428,5,425159,Assisted Living Facility,
HOPEVILLE HOMES,4034 LAKE ROAD AVENUE,ROBBINSDALE,MN,55442,5,423671,Assisted Living Facility,
HOPEVILLE HOMES,4801 78TH LANE NORTH,BROOKLYN PARK,MN,55443,5,423649,Assisted Living Facility,
HOPEVILLE HOMES,4925 78TH LANE NORTH,BROOKLYN PARK,MN,55443,5,426201,Assisted Living Facility,
HORIZON ASSISTED LIVING INC,3136 BLOOMINGTON AVENUE,MINNEAPOLIS,MN,55407,5,421244,Assisted Living Facility,
HORIZON CARE LLC,1075 ROME DRIVE,APPLE VALLEY,MN,55124,5,422569,Assisted Living Facility,
HORIZON CARE LLC,17827 ESSEX LANE,LAKEVILLE,MN,55044,5,421926,Assisted Living Facility,
HORIZON HOME CARE SERVICES INC,2317 80TH AVENUE NORTH,BROOKLYN PARK,MN,55444,5,425056,Assisted Living Facility,
HORIZON HOME CARE SERVICES INCORPORATED,6017 92ND AVENUE NORTH,BROOKLYN PARK,MN,55443,5,424049,Assisted Living Facility,
HORIZON PLACE INC,510 COMMERCE DRIVE,LE CENTER,MN,56057,12,425414,Assisted Living Facility,
HORIZON RESIDENTIAL CARE INC,1304 REANEY AVENUE,ST. PAUL,MN,55106,5,425225,Assisted Living Facility,
HOUSE OF HEAVEN LLC,1523 GIRARD AVENUE NORTH,MINNEAPOLIS,MN,55411,4,425569,Assisted Living Facility,
HUMANITY CARE LLC,7245 GRAND AVENUE SOUTH,RICHFIELD,MN,55423,5,425180,Assisted Living Facility,
HUMBLE HANDS HOME CARE LLC,7317 KYLE AVENUE N,BROOKLYN PARK,MN,55443,5,425122,Provisional Assisted Living Facility,
HUMBLE HEALTH SERVICES LLC,13205 HUMBOLDT AVENUE SOUTH,BURNSVILLE,MN,55337,5,424932,Assisted Living Facility,
HUUNOCARE LLC,8655 PORTAGE LANE E,SHAKOPEE,MN,55379,5,424555,Assisted Living Facility,
HYATT HOME HEALTHCARE INC,7438 13TH AVE S,RICHFIELD,MN,55423,5,426159,Assisted Living Facility,
IBSON HEALTH SERVICES LLC,4553 HAMPSHIRE AVENUE NORTH,CRYSTAL,MN,55428,5,424783,Assisted Living Facility,
ILSA LLC,1612 HILLSIDE AVE N,MINNEAPOLIS,MN,55411,5,425800,Provisional Assisted Living Facility,
ILZA ASSISTED LIVING LLC,118 KNOLL CIRCLE EAST,BURNSVILLE,MN,55337,5,418557,Assisted Living Facility,
IMED HOME CARE LLC,4309 WEST OLD SHAKOPEE ROAD,BLOOMINGTON,MN,55437,4,422418,Assisted Living Facility,
IMMACULATE HOME INC,29 DARLENE STREET,ST PAUL,MN,55119,5,424310,Assisted Living Facility,
IMRAN HEALTHCARE SERVICES LLC,5543 PENN AVENUE SOUTH,MINNEAPOLIS,MN,55419,10,425578,Assisted Living Facility,
IN HOUSE HOME HEALTH L.L.C,1378 SKYWOOD LANE NE,FRIDLEY,MN,55421,4,426193,Assisted Living Facility,
IN MY FATHER'S HOUSE LLC,3096 SNELLING AVENUE NORTH,ROSEVILLE,MN,55113,5,422193,Assisted Living Facility,
INDEPENDENT GROUP HOME INC,2226 IRVING AVENUE NORTH,MINNEAPOLIS,MN,55411,5,425589,Assisted Living Facility,
INDIGO HEALTHCARE SERVICES LLC,1161 CHEERY LANE NE,COLUMBIA HEIGHTS,MN,55421,4,425977,Assisted Living Facility,
INFINITY CARE CORP,14015 COUNTY ROAD 9,PLYMOUTH,MN,55447,4,426362,Assisted Living Facility,
INGLESIDE,2811 ROLAND AVENUE,FAIRMONT,MN,56031,62,422664,Assisted Living Facility Dementia Care,
INNOVATIVE ASSISTED LIVING INC,10005 101ST AVE N,MAPLE GROVE,MN,55369,5,422707,Provisional Assisted Living Facility,
INSPIRE CARE INC,610 SILVER LAKE ROAD NW,NEW BRIGHTON,MN,55112,5,424428,Assisted Living Facility,
INSPIRE CRAFT HEALTHCARE INC,1916 DIXON DR,BLOOMINGTON,MN,55431,5,424722,Provisional Assisted Living Facility,
INSPIRED HELP LLC,8219 FREMONT AVENUE SOUTH,BLOOMINGTON,MN,55420,5,424554,Assisted Living Facility,
"INTEGRA HOME HEALTH PROFESSIONALS, LLC",4532 BOONE AVENUE NORTH,NEW HOPE,MN,55428,4,425053,Assisted Living Facility,
INTEGRITY HOME HEALTH CARE LLC,3906 JANET LANE,BROOKLYN CENTER,MN,55429,5,424871,Assisted Living Facility,
INVER GLEN SENIOR LIVING,7260 SOUTH ROBERT TRAIL,INVER GROVE HEIGHTS,MN,55077,120,426135,Assisted Living Facility Dementia Care,
INVER GROVE HEIGHTS WP II LLC,9058 BUCHANAN TRAIL,INVER GROVE HEIGHTS,MN,55077,44,426440,Assisted Living Facility Dementia Care,
INVER GROVE HEIGHTS WP LLC,9056 BUCHANAN TRAIL,INVER GROVE HEIGHTS,MN,55076,67,425117,Assisted Living Facility,
IRIS PARK COMMONS,1850 UNIVERSITY AVENUE WEST,ST. PAUL,MN,55104,70,422234,Assisted Living Facility Dementia Care,
"ISLAND LIVING, INC",300 SOUTH 13TH STREET,BIRD ISLAND,MN,55310,15,426473,Assisted Living Facility Dementia Care,
IVY HILL SENIOR CARE INC,607 NW 2ND AVENUE,FARIBAULT,MN,55021,16,426078,Assisted Living Facility,
IVY SENIOR HOUSING LLC,1 RIVERSIDE DRIVE,DULUTH,MN,55808,29,425003,Assisted Living Facility,
JABEZ CUSTOMIZED LIVING SERVICES,1417 BROOKDALE DRIVE,BROOKLYN PARK,MN,55444,4,424674,Assisted Living Facility,
JABEZ CUSTOMIZED LIVING SERVICES,8350 PIERCE STREET NE,SPRING LAKE PARK,MN,55432,4,424372,Assisted Living Facility,
JACOB SERVICES LLC,1086 HIGHVIEW DRIVE,NEW BRIGHTON,MN,55112,5,425028,Assisted Living Facility,
JAMES RESIDENCES,9400 JAMES AVENUE NORTH,BROOKLYN PARK,MN,55444,4,421713,Assisted Living Facility,
JARIS M POKEY PARO ASSISTED LIVING RESIDENCE,1571 AIRPORT ROAD,CLOQUET,MN,55720,10,425269,Assisted Living Facility,
JAYNE HEALTHCARE LLC,7019 DALLAS ROAD,BROOKLYN PARK,MN,55430,5,418261,Assisted Living Facility,
JAYTEE RESIDENTIAL CARE LLC,5306 HOWE LANE,BROOKLYN CENTER,MN,55429,4,422403,Provisional Assisted Living Facility,
JMKAY HEALTHCARE SERVICES INC,2318 55TH AVENUE NORTH,BROOKLYN CENTER,MN,55430,4,423885,Assisted Living Facility,
JOHANNA SHORES,3200 LAKE JOHANNA BOULEVARD,ARDEN HILLS,MN,55112,120,425962,Assisted Living Facility Dementia Care,
JOHNSON MEMORIAL HEALTH SERVICES,1288 LOCUST STREET,DAWSON,MN,56232,16,422127,Assisted Living Facility,
JONES HARRISON ASSISTED LIVING,3700 CEDAR LAKE AVENUE,MINNEAPOLIS,MN,55416,53,425487,Assisted Living Facility Dementia Care,
JOURNEYS HOME CARE LLC,3264 XENIA AVENUE NORTH,CRYSTAL,MN,55422,4,423461,Assisted Living Facility,
JOURNEYS,5312 QUEEN AVENUE NORTH,BROOKLYN CENTER,MN,55430,4,423405,Assisted Living Facility,
JOY CARE HOMES LLC,4301 78TH AVENUE NORTH,BROOKLYN PARK,MN,55443,4,425254,Assisted Living Facility,
JOY CARE HOMES LLC,11900 QUEBEC CIRCLE,CHAMPLIN,MN,55316,4,425060,Assisted Living Facility,
JOY CARE HOMES LLC,6825 71ST AVENUE NORTH,BROOKLYN PARK,MN,55428,4,425066,Assisted Living Facility,
JOY LIVING INC,430 NIAGARA LANE NORTH,PLYMOUTH,MN,55447,4,426293,Assisted Living Facility,
JOYFUL HOME HEALTH SERVICE LLC,6623 TESSMAN TERRACE N,BROOKLYN PARK,MN,55445,5,423647,Assisted Living Facility,
JOYFUL HOME HEALTH CARE LLC,6045 GARDENA LANE NE,FRIDLEY,MN,55432,4,424412,Assisted Living Facility,
JOYFUL HOME HEALTHCARE LLC,5737 REGENT AVENUE NORTH,CRYSTAL,MN,55429,4,424405,Assisted Living Facility,
JOYFUL JOURNEYS LLC,8227 12TH AVE S,BLOOMINGTON,MN,55425,5,423826,Assisted Living Facility,
JS AND Y ASSISTED LIVING MAPLE GROVE,8915 VINEWOOD LANE,MAPLE GROVE,MN,55369,5,422283,Assisted Living Facility,
JUST LIKE HOME SENIOR CARE,29288 OLD TOWN ROAD,CHISAGO CITY,MN,55013,5,425914,Assisted Living Facility,
KANGARS RESIDENTIAL HOME LLC,141 64 1/2 WAY NORTHEAST,FRIDLEY,MN,55432,5,422703,Assisted Living Facility,
KARE ASSISTANCE LIVING LLC,1112 E 36TH ST,MINNEAPOLIS,MN,55407,5,425633,Provisional Assisted Living Facility,
KAREN HOME,11711 KAREN LANE,MINNETONKA,MN,55343,4,425199,Assisted Living Facility,
KAYLI RESIDENCE LLC,8256 SCOTT AVENUE NORTH,BROOKLYN PARK,MN,55443,5,424944,Assisted Living Facility,
KAYO HEALTH CARE CENTER LLC,5941 6TH STREET NORTHEAST,FRIDLEY,MN,55432,5,425541,Assisted Living Facility,
KE HOLDINGS LLC,16219 EVANSTON AVE SE,PRIOR LAKE,MN,55372,5,425963,Provisional Assisted Living Facility,
KEKELI CARE CENTER LLC,18315 82ND PLACE NORTH,MAPLE GROVE,MN,55311,5,424546,Assisted Living Facility,
KELLER LAKE COMMONS,655 NORWOOD LANE,BIG LAKE,MN,55309,100,421929,Assisted Living Facility,
KESHI HEALTH CARE SERVICES INC,9501 WASHBURN AVENUE NORTH,BROOKLYN PARK,MN,55444,5,422169,Assisted Living Facility,
KESHI HEALTH CARE SERVICES INC,9632 THOMAS AVE N,BROOKLYN PARK,MN,55444,4,421860,Assisted Living Facility,
KEY LIVING VILLAGE (ALF),842 102ND LANE NORTHEAST,BLAINE,MN,55434,5,425033,Assisted Living Facility,
KEYSTONE BLUFFS ASSISTED LIVING,2528 TRINITY ROAD,DULUTH,MN,55811,100,423569,Assisted Living Facility,
KEYSTONE PLACE AT LAVALLE FIELDS,14602 FINALE AVENUE NORTH,HUGO,MN,55038,117,424992,Assisted Living Facility Dementia Care,
KHEYRCARE LLC,9225 CLINTON AVENUE SOUTH,BLOOMINGTON,MN,55420,5,424833,Assisted Living Facility,
KIND CARE LLC,6418 GIRARD AVENUE,BROOKLYN CENTER,MN,55430,4,426292,Assisted Living Facility,
KIND HEART CARE HOME INC,1049 GLEN PAUL COURT,SHOREVIEW,MN,55126,5,424204,Assisted Living Facility,
KIND HEARTS ASSISTED LIVING LLC,3430 MICHAEL AVE,WHITE BEAR LAKE,MN,55110,5,425281,Assisted Living Facility,
KINDCARE LIVING LLC,6910 102ND ST S,COTTAGE GROVE,MN,55016,5,425637,Provisional Assisted Living Facility,
KINDHEART HOMES INC,2400 CHICAGO AVENUE,MINNEAPOLIS,MN,55404,4,424926,Assisted Living Facility,
KINDHEART HOMES INC,4401 NEWTON AVENUE NORTH,MINNEAPOLIS,MN,55412,5,424825,Assisted Living Facility,
KINDHEART HOMES INC,2308 87TH TRAIL NORTH,BROOKLYN PARK,MN,55443,5,425106,Assisted Living Facility,
KINGSWAY HEALTHCARE SVCS LLC,9248 QUEENS GARDEN NORTH,BROOKLYN PARK,MN,55443,5,422516,Assisted Living Facility,
KINGSWAY RETIREMENT LIVING,815 WEST MAIN STREET,BELLE PLAINE,MN,56011,86,421785,Assisted Living Facility Dementia Care,
KORONIS PLACE,405 HIGHWAY 55,PAYNESVILLE,MN,56362,60,424502,Assisted Living Facility,
KSMS OUR HOUSE LLC,1313 15TH AVENUE NW,AUSTIN,MN,55912,89,423891,Assisted Living Facility Dementia Care,
KSMS OUR HOUSE LLC,204 14TH STREET NW,AUSTIN,MN,55912,20,423894,Assisted Living Facility Dementia Care,
KUBRA HOME CARE INC,2437 15TH AVENUE SOUTH,MINNEAPOLIS,MN,55404,5,423219,Assisted Living Facility,
LADNAN HEALTH CARE LLC,14716 SOUTHPOINTE CURVE,BURNSVILLE,MN,55306,5,425219,Assisted Living Facility,
LAKE MINNETONKA SHORES,4559 SHORELINE DRIVE,SPRING PARK,MN,55384,77,423098,Assisted Living Facility Dementia Care,
LAKE RIDGE ASSISTED LIVING,310 LAKE BOULEVARD SOUTH,BUFFALO,MN,55313,29,422688,Assisted Living Facility,
LAKE SONG ASSISTED LIVING,206 CROSIER DRIVE NORTH,ONAMIA,MN,56359,37,425277,Assisted Living Facility Dementia Care,
LAKELAND HEALTH SERVICES LLC,11840 FOLEY BOULEVARD NW,COON RAPIDS,MN,55448,5,424134,Assisted Living Facility,
LAKESHORE ASSISTED LIVING,105 NW 8TH STREET,WASECA,MN,56093,35,426479,Assisted Living Facility,
LAKESIDE GENERATIONS ASSISTED LIVING,441 WILLIAM AVENUE EAST,DASSEL,MN,55325,40,422282,Assisted Living Facility,
LAKESIDE MANOR,4831 LONDON ROAD,DULUTH,MN,55804,40,422125,Assisted Living Facility,
LAKESIDE MEMORY CARE,15855 22ND AVENUE NORTH,PLYMOUTH,MN,55447,52,425423,Assisted Living Facility Dementia Care,
LAKEVIEW ASSISTED LIVING,941 10TH STREET,HERON LAKE,MN,56137,27,422928,Assisted Living Facility,
LAKEVIEW ESTATE,12778 183RD COURT NW,ELK RIVER,MN,55330,5,426439,Assisted Living Facility,
LAKEVIEW HOME HEALTH CARE,15891 GALVESTON AVENUE,APPLE VALLEY,MN,55124,5,425568,Assisted Living Facility,
LAKEVIEW HOMECARE LLC,3655 145TH AVE NW,ANDOVER,MN,55304,5,421471,Provisional Assisted Living Facility,
LAKEVIEW RETIREMENT RESIDENCE,1401 LAKE STREET NW,WARROAD,MN,56763,54,421214,Assisted Living Facility,
LAKEVIEW SENIOR HOUSING,651 US HIGHWAY 14 EAST,BALATON,MN,56115,18,423450,Assisted Living Facility,
LAKEVILLE ASSISTED LIVING LLC,5928 UPPER 179TH STREET W,LAKEVILLE,MN,55044,5,425190,Provisional Assisted Living Facility,
LAKEWOOD MANOR,222 5TH STREET NE,STAPLES,MN,56479,30,425599,Assisted Living Facility,
LAKEWOOD PINES,1702 AIRPORT ROAD NE,STAPLES,MN,56479,50,425600,Assisted Living Facility,
LAND OF LAKES RESIDENCE LLC,7826 HAMPSHIRE CIR N,BROOKLYN PARK,MN,55445,5,425606,Assisted Living Facility,
LANDINGS OF MINNETONKA,14505 MINNETONKA DRIVE,MINNETONKA,MN,55345,90,423392,Assisted Living Facility,
LANGE BOARD AND ROOM INC,13892 37TH STREET,CLEAR LAKE,MN,55319,34,426290,Assisted Living Facility,
LAURELS EDGE ASSISTED LIVING,77 STADIUM ROAD,MANKATO,MN,56001,50,423324,Assisted Living Facility Dementia Care,
LAVENROSE ASSISTED LIVING LLC,2913 RICE CREEK PKWY NE,BLAINE,MN,55449,5,424077,Provisional Assisted Living Facility,
LEGACY CARE HOME,14814 CROWN DRIVE,MINNETONKA,MN,55345,6,425438,Assisted Living Facility Dementia Care,
LEGACY CARE HOME,5230 CIRCLE DOWN,GOLDEN VALLEY,MN,55416,6,426110,Assisted Living Facility,
LEGACY CARE HOME,14900 CROWN DRIVE,MINNETONKA,MN,55345,6,423183,Assisted Living Facility Dementia Care,
LEGACY CARE HOME,5531 EDEN PRAIRIE ROAD,MINNETONKA,MN,55345,8,425441,Assisted Living Facility Dementia Care,
"LEGACY COMMONS SENIOR LIVING, LLC",322 COUNTY HIGHWAY 6,CLINTON,MN,56225,22,424168,Assisted Living Facility,
LEGACY LIVING HOMES LLC,8501 BROOKLYN BLVD,BROOKLYN PARK,MN,55445,5,421552,Assisted Living Facility,
LEGACY OF BROWNSDALE,105 LATHAM STREET NE,BROWNSDALE,MN,55918,39,425108,Assisted Living Facility,
LEGACY PLACE LLC,902 15TH STREET NE,SAUK RAPIDS,MN,56379,8,422144,Assisted Living Facility,
LEGEND GROUP HOME CORP,2240 IDE COURT,MAPLEWOOD,MN,55109,5,425728,Assisted Living Facility,
LENOX HOMES LLC,2624 XYLON AVENUE SOUTH,ST LOUIS PARK,MN,55426,5,426247,Assisted Living Facility,
LEWISTON SENIOR LIVING,505 EAST MAIN STREET,LEWISTON,MN,55952,32,422387,Assisted Living Facility Dementia Care,
LEXINGTON LANDING,900 OLD LEXINGTON AVENUE,ST. PAUL,MN,55116,64,421600,Assisted Living Facility Dementia Care,
LEXINGTON POINTE SENIOR LIVING,3385 DISCOVERY ROAD,EAGAN,MN,55121,195,422419,Assisted Living Facility Dementia Care,
LIBERTY ASSISTED LIVING LLC,2519 83RD CT N,BROOKLYN PARK,MN,55444,5,422269,Provisional Assisted Living Facility,
LIBERTY CARE LLC,10820 DIRECT RIVER DR NW,COON RAPIDS,MN,55433,5,425683,Assisted Living Facility,
LIBERTY MATHAN HEALTH CARE SER,3920 9TH LANE,ANOKA,MN,55303,4,422212,Assisted Living Facility,
LIBERTY MATHAN HEALTH CARE SER,3248 SPRAGUE AVENUE,ANOKA,MN,55303,4,422208,Assisted Living Facility,
LIFECARE ASSISTED LIVING - GREENBUSH,19120 200TH STREET,GREENBUSH,MN,56726,16,424738,Assisted Living Facility,
LIFECARE ASSISTED LIVING LLC,12512 SKYLINE DRIVE,BURNSVILLE,MN,55337,5,424169,Assisted Living Facility,
LIFECARE MEDICAL CENTER,201 10TH STREET SE,ROSEAU,MN,56751,45,422577,Assisted Living Facility,
LIFEPOINT HOME LLC,2216 MAPLE LANE EAST,MAPLEWOOD,MN,55109,5,425200,Assisted Living Facility,
LIFESTONE HEALTH CARE INC,319 7TH STREET,PROCTOR,MN,55810,10,426266,Assisted Living Facility,
LIFETIME CARE ASSISTED LIVING,6748 101ST ST S,COTTAGE GROVE,MN,55016,5,426363,Assisted Living Facility,
LIGHTCARE GROUP HOMES LLC,7539 16TH AVENUE SOUTH,RICHFIELD,MN,55423,4,424035,Assisted Living Facility,
LIGHTHOUSE ASSISTED LIVING LLC,818 19TH AVE NE,MINNEAPOLIS,MN,55418,5,421431,Assisted Living Facility,
LILAC HOMES ASSISTED LIVING,2615 PARKVIEW DRIVE,MOORHEAD,MN,56560,28,425207,Assisted Living Facility Dementia Care,
LILAC HOMES ENH AS LIV MEM CARE,1500 SOUTHWOOD DRIVE,DILWORTH,MN,56529,40,425209,Assisted Living Facility Dementia Care,
LILLY JS HOUSING AND SERVICES LLC,111 63 1/2 WAY NORTHEAST,FRIDLEY,MN,55432,5,421529,Assisted Living Facility,
LILYDALE SENIOR LIVING,949 SIBLEY MEMORIAL HIGHWAY,LILYDALE,MN,55118,135,426452,Assisted Living Facility Dementia Care,
LINCOLN LANE VILLA,503 EAST LINCOLN STREET,HENDRICKS,MN,56136,16,424874,Assisted Living Facility,
LINCOLN PARK ASSISTED LIVING,208 OAK STREET,DETROIT LAKES,MN,56501,34,423217,Assisted Living Facility,
LINDENWOOD ASSISTED LIVING,2409 LINDEN AVENUE,SLAYTON,MN,56172,17,423232,Assisted Living Facility,
LINDSTROM SENIOR LIVING,30455 LEHIGH AVENUE,LINDSTROM,MN,55045,102,422960,Assisted Living Facility Dementia Care,
LINO LAKES ASSISTED LIVING,725 TOWN CENTER PARKWAY,LINO LAKES,MN,55014,114,425539,Assisted Living Facility Dementia Care,
LINO LAKES GW LLC,675 MARKET PLACE DRIVE,LINO LAKES,MN,55014,39,422910,Assisted Living Facility Dementia Care,
LIVE IN CARE HOME HEALTH LLC,8625 CHEROKEE DR N,BROOKLYN PARK,MN,55428,5,423086,Assisted Living Facility,
LIVE WELL MN HOME HEALTHCARE,8600 PARK AVENUE SOUTH,BLOOMINGTON,MN,55420,5,422007,Assisted Living Facility,
LIVING GRACE HOME CARE,10253 MISSISSIPPI BOULEVARD,COON RAPIDS,MN,55433,4,425995,Assisted Living Facility,
LIVING HOPE HOMES AUDREY'S PLACE,5641 BABCOCK TRAIL,INVER GROVE HEIGHTS,MN,55077,5,423648,Assisted Living Facility,
LIVING HOPE HOMES CARDINAL CREST,2310 ST GERMAIN ST W,ST CLOUD,MN,56301,5,424557,Assisted Living Facility,
LIVING HOPE HOMES COTTAGE CREST,140 EAST SPRUCE STREET,SOUTH ST. PAUL,MN,55075,5,423269,Assisted Living Facility,
LIVING HOPE HOMES EAGLES VIEW,2904 COOPER AVENUE SOUTH,ST CLOUD,MN,56301,6,425477,Assisted Living Facility,
LIVING HOPE HOMES HUMMINGBIRD WAY,2316 ST GERMAIN STREET WEST,ST CLOUD,MN,56301,5,426046,Assisted Living Facility,
LIVING HOPE HOMES OAK GROVE,1805 60TH STREET EAST,INVER GROVE HEIGHTS,MN,55077,6,423573,Assisted Living Facility,
LIVING HOPE HOMES PEACEFUL PINES,14134 ROLLING OAKS CIRCLE NE,PRIOR LAKE,MN,55372,6,423646,Assisted Living Facility,
LIVING HOPE HOMES SPARROWS LANDING,2939 COOPER AVENUE SOUTH,ST. CLOUD,MN,56301,6,424559,Assisted Living Facility,
"LIVING WELL HOME CARE, LLC",5019 61ST AVENUE NORTH,BROOKLYN CENTER,MN,55429,4,426323,Assisted Living Facility,
LIVING WELL HOME CARE LLC,7040 EDGEWOOD AVENUE NORTH,BROOKLYN PARK,MN,55428,5,425825,Assisted Living Facility,
LIVING WELL HOME CARE LLC,7939 59TH AVE N,NEW HOPE,MN,55428,5,420613,Provisional Assisted Living Facility,
LONG LAKE ASSISTED LIVING LLC,345 NORTH BROWN ROAD,LONG LAKE,MN,55356,42,425058,Assisted Living Facility,
LONG LAKE LOON LODGE,7747 LOON LODGE LANE NE,BEMIDJI,MN,56601,10,423696,Assisted Living Facility,
LOON HOME HEALTH CARE LLC,7037 LOGAN AVENUE SOUTH,RICHFIELD,MN,55423,5,423578,Assisted Living Facility,
LOON HOME HEALTH CARE LLC,8651 QUEEN AVENUE SOUTH,BLOOMINGTON,MN,55431,5,421986,Assisted Living Facility,
LOVE & CARE LLC,5324 BOULDER LANE,BROOKLYN CENTER,MN,55429,4,422763,Assisted Living Facility,
LOVELEAD AL LLC,7357 JENSEN AVE S,COTTAGE GROVE,MN,55016,5,424171,Provisional Assisted Living Facility,
LOVELY CARE LIVING LLC,5913 HALIFAX AVE N,MINNEAPOLIS,MN,55429,5,422180,Provisional Assisted Living Facility,
LOVING CARE COTTAGE LLC,7740 HADLEY AVENUE SOUTH,COTTAGE GROVE,MN,55016,6,426480,Assisted Living Facility,
LOVING HANDS HEALTHCARE LLC,2915 CRESCENT RIDGE TR,ST CLOUD,MN,56301,5,422402,Provisional Assisted Living Facility,
LOVING HOMES INC.,3428 LEE AVENUE NORTH,CRYSTAL,MN,55422,4,424496,Assisted Living Facility,
LOVING RESIDENCE,1760 PERLICH AVENUE,RED WING,MN,55066,10,422931,Assisted Living Facility,
LOVING TOUCH INC.,3818 BURQUEST LANE,BROOKLYN CENTER,MN,55429,4,422420,Assisted Living Facility,
LOVING TOUCH INC,5548 GIRARD AVE N,BROOKLYN CENTER,MN,55430,5,425202,Assisted Living Facility,
LOYALTY HOME HEALTH CARE LLC,1712 84TH COURT NORTH,BROOKLYN PARK,MN,55444,4,424773,Assisted Living Facility,
LUANN'S PLACE,6660 WEST 175TH AVENUE,EDEN PRAIRIE,MN,55346,6,424844,Assisted Living Facility Dementia Care,
LUXE HOME RESIDENTIAL SERVICES LLC,1144 36 1/2 AVE NE,MINNEAPOLIS,MN,55418,5,423760,Assisted Living Facility,
LUXURY ASSISTED LIVING LLC,5336 PINE ISLAND RD,WOODBURY,MN,55129,5,422148,Provisional Assisted Living Facility,
LYNGBLOMSTEN AT LINO LAKES LLC,6050 BLANCHARD BOULEVARD,LINO LAKES,MN,55014,55,426421,Assisted Living Facility Dementia Care,
M3 HOME SERVICES INC,5216 BROOKDALE DRIVE NORTH,BROOKLYN PARK,MN,55443,5,424435,Assisted Living Facility,
MA'S ROOM AND BOARD,605 EAST AVENUE,RED WING,MN,55066,10,426215,Assisted Living Facility,
MADONNA MEADOWS OF ROCHESTER,3035 SALEM MEADOWS DRIVE SW,ROCHESTER,MN,55902,72,426430,Assisted Living Facility Dementia Care,
MADONNA TOWERS OF ROCHESTER,4001 19TH AVENUE NW,ROCHESTER,MN,55901,148,422295,Assisted Living Facility Dementia Care,
MAGNANIMOUS LIVING,920 MILDRED DRIVE,RICHFIELD,MN,55423,5,425937,Assisted Living Facility,
MAGNANIMOUS LIVING,6301 DUPONT AVE S,RICHFIELD,MN,55423,5,425070,Provisional Assisted Living Facility,
MAGNANIMOUS LLC,3213 BARBARA LANE,BURNSVILLE,MN,55337,5,425204,Provisional Assisted Living Facility,
MAI HERO LLC,6609 NEDDERSEN PARKWAY,BROOKLYN PARK,MN,55445,4,422913,Assisted Living Facility,
MAINSTREET LODGE,909 MAIN STREET NE,MINNEAPOLIS,MN,55413,51,425381,Assisted Living Facility,
MAINSTREET VILLAGE,7601 LYNDALE AVENUE SOUTH,RICHFIELD,MN,55423,61,424574,Assisted Living Facility Dementia Care,
MAJESTIC PINES,1614 GOLF COURSE ROAD,GRAND RAPIDS,MN,55744,101,422232,Assisted Living Facility Dementia Care,
MALA STRANA ASSISTED LIVING,999 COLUMBUS AVENUE NORTH,NEW PRAGUE,MN,56071,42,423954,Assisted Living Facility,
MANDAS HOUSE ST CLOUD,2012 7TH AVENUE SOUTH,ST. CLOUD,MN,56301,4,422613,Assisted Living Facility,
MANGERS WAY HOME,10652 ALISON WAY,INVER GROVE HEIGHTS,MN,55077,5,424571,Assisted Living Facility Dementia Care,
MANKATO LODGE SENIOR LIVING,1360 ADAMS STREET,MANKATO,MN,56001,70,423788,Assisted Living Facility,
MANZMED START CORPORATIONS,10417 ZENITH AVENUE SOUTH,BLOOMINGTON,MN,55431,4,425532,Assisted Living Facility,
MAPLE CARE HOMES,8421 UPLAND LANE NORTH,MAPLE GROVE,MN,55311,6,423561,Assisted Living Facility,
MAPLE CARE HOMES,8997 MONTEQUE TERRACE,BROOKLYN PARK,MN,55443,5,423567,Assisted Living Facility,
MAPLE CARE HOMES,1209 EAST 131ST STREET,BURNSVILLE,MN,55337,4,423564,Assisted Living Facility,
MAPLE CARE HOMES,14424 LOWER GUTHRIE COURT,APPLE VALLEY,MN,55124,8,423558,Assisted Living Facility Dementia Care,
MAPLE HILL SENIOR LIVING LLC,3030 SOUTHLAWN DRIVE,MAPLEWOOD,MN,55109,100,426251,Assisted Living Facility Dementia Care,
MAPLE HOUSE LLC,5900 AMBASSADOR BOULEVARD NW,ST. FRANCIS,MN,55070,6,421702,Assisted Living Facility,
MAPLE WOODS ASSISTED LIVING,40170 COUNTY ROAD 257,COHASSET,MN,55721,30,425382,Assisted Living Facility,
MAPLE WOODS ASSISTED LIVING,33310 STATE HIGHWAY 6,DEER RIVER,MN,56636,32,426145,Assisted Living Facility Dementia Care,
MAPLEWOOD ASSISTED LIVING,1890 SHERREN AVENUE EAST,MAPLEWOOD,MN,55109,61,423365,Assisted Living Facility Dementia Care,
MAPLEWOOD ASSISTED LIVING INC,1799 EDGERTON STREET,MAPLEWOOD,MN,55117,5,418260,Provisional Assisted Living Facility,
MAPLEWOOD CARE RESIDENCE,2338 OVERLOOK CIRCLE,MAPLEWOOD,MN,55119,6,425376,Assisted Living Facility,
MAPLEWOOD COURT ASSISTED LIVING,310 7TH STREET NE,FULDA,MN,56131,46,424031,Assisted Living Facility,
MAPLEWOOD HOMES OF FARIBAULT,519 1ST STREET SW,FARIBAULT,MN,55021,11,422656,Assisted Living Facility,
MAPLEWOOD HOMES OF FARIBAULT,428 NW 5TH STREET,FARIBAULT,MN,55021,14,422657,Assisted Living Facility,
MAPLEWOOD MEADOW ASSISTED LIVING,1744 COUNTY RD D EAST,MAPLEWOOD,MN,55119,20,425785,Assisted Living Facility,
MARANATHA,5415 69TH AVENUE NORTH,BROOKLYN CENTER,MN,55429,68,425047,Assisted Living Facility,
MARCELLA MANOR LLC,228 19TH STREET SW,ROCHESTER,MN,55902,5,423990,Assisted Living Facility,
MARIANNHOMES INC,16039 GOODVIEW CT,LAKEVILLE,MN,55044,5,424655,Provisional Assisted Living Facility,
MARTHA HOUSE LLC,1861 PRESERVE COURT,SHAKOPEE,MN,55379,5,426340,Assisted Living Facility,
MARVELLA,822 WOODLAWN AVENUE,ST PAUL,MN,55116,88,423531,Assisted Living Facility Dementia Care,
MARYWOOD,915 KENWOOD AVENUE,DULUTH,MN,55811,48,424654,Assisted Living Facility Dementia Care,
MAS HOME HEALTH CARE LLC,8019 UPTON AVENUE SOUTH,BLOOMINGTON,MN,55431,5,423787,Assisted Living Facility,
MAYCEEKIDS HEALTHCARE LLC,3256 HAMPSHIRE AVE N,CRYSTAL,MN,55427,4,420958,Provisional Assisted Living Facility,
MCCARTHY MANOR ASSISTED LIVING,2221 NORTH ARLINGTON AVENUE,DULUTH,MN,55811,32,424690,Assisted Living Facility,
MCCORNELL COURT,122 MCCORNELL AVENUE NORTH,PARKERS PRAIRIE,MN,56361,19,426327,Assisted Living Facility,
MCGREGOR CAREFREE LIVING BY OXFORD LIVING,22027 420TH STREET,MCGREGOR,MN,55760,21,425310,Assisted Living Facility,
MCKENNA CROSSING,13810 SHEPHERDS PATH NW,PRIOR LAKE,MN,55379,91,422339,Assisted Living Facility Dementia Care,
MEADOW CREEK HOSPITALITY LLC,4000 COUNTY ROAD 15 SW,MONTEVIDEO,MN,56265,16,422495,Assisted Living Facility,
MEADOW PLACE,220 CENTRACARE DRIVE,LONG PRAIRIE,MN,56347,40,424491,Assisted Living Facility Dementia Care,
MEADOW RIDGE SENIOR LIVING,7475 COUNTRY CLUB DRIVE,GOLDEN VALLEY,MN,55427,107,424151,Assisted Living Facility Dementia Care,
MEADOW WOODS ASSISTED LIVING,1301 EAST 100TH STREET,BLOOMINGTON,MN,55425,116,424396,Assisted Living Facility Dementia Care,
MEADOWS ON FAIRVIEW AL,25565 FAIRVIEW AVENUE,WYOMING,MN,55092,75,422889,Assisted Living Facility Dementia Care,
MEDFORD SENIOR CARE LLC,108 3RD STREET NE,MEDFORD,MN,55049,26,423076,Assisted Living Facility,
MEDIAN CARE LLC,5709 HANSEN RD,EDINA,MN,55436,5,420726,Provisional Assisted Living Facility,
MEDIAN COMMUNITY AND CARE LLC,20465 AKIN CIRCLE,FARMINGTON,MN,55024,5,422545,Assisted Living Facility,
MEDISA ASSISTED LIVING,6719 92ND AVE NORTH,BROOKLYN PARK,MN,55445,5,424807,Provisional Assisted Living Facility,
MEDSTAR HOME SERVICES LLC,3533 CEDAR AVE S,MINNEAPOLIS,MN,55407,5,425595,Provisional Assisted Living Facility,
MELKEZEDEK CARE LLC,2217 BROOKDALE DRIVE,BROOKLYN PARK,MN,55444,4,424007,Assisted Living Facility,
MEMORY LANE ASSISTED LIVING,15117 EMORY CIRCLE,APPLE VALLEY,MN,55124,5,423870,Provisional Assisted Living Facility,
MENDOTA HEIGHTS WP LLC,745 SOUTH PLAZA DRIVE,MENDOTA HEIGHTS,MN,55120,46,425035,Assisted Living Facility Dementia Care,
MERAKI HOME LLC,4941 MADISON ST NE,COLUMBIA HEIGHTS,MN,55421,5,422137,Provisional Assisted Living Facility,
MERCHANT HEALTH SERVICES LLC,7036 GIRARD AVE N,BROOKLYN CENTER,MN,55430,5,425900,Provisional Assisted Living Facility,
MERCY ASSISTED LIVING INC,97 20TH AVE SW,NEW BRIGHTON,MN,55112,5,425410,Provisional Assisted Living Facility,
MERCY CARE CENTER LLC,9012 TESSMAN PKWY N,BROOKLYN PARK,MN,55443,5,420918,Assisted Living Facility,
MERCY CARE HOME,5005 WOODLAND ROAD,MINNETONKA,MN,55345,4,422439,Assisted Living Facility,
MERCY CAREGIVERS OF MINNESOTA,556 84TH AVENUE NE,SPRING LAKE PARK,MN,55432,4,423187,Assisted Living Facility,
MERCY HOMES LLC,3100 80TH AVE N,BROOKLYN PARK,MN,55443,4,423970,Provisional Assisted Living Facility,
MERCY LINK LLC,3149 COLUMBUS AVENUE SOUTH,MINNEAPOLIS,MN,55407,4,423613,Assisted Living Facility,
MERCY LINK LLC,15684 HARMONY WAY,APPLE VALLEY,MN,55124,4,414749,Assisted Living Facility,
MERRCY CARE HOME LLC,1609 EDGEWOOD AVENUE SOUTH,ST. LOUIS PARK,MN,55426,4,425531,Assisted Living Facility,
MERRY LAKE LLC,14803 BELVOIR DRIVE,MINNETONKA,MN,55345,4,421756,Assisted Living Facility,
METRO ASSISTED LIVING,7663 JACKSON STREET NE,FRIDLEY,MN,55432,5,424098,Assisted Living Facility,
METRO ASSISTED LIVING,2307 ERICON DRIVE,BROOKLYN CENTER,MN,55430,5,422722,Assisted Living Facility,
METRO HEALTH CARE SERVICES LLC,1312 BURKE CIRCLE E,MAPLEWOOD,MN,55109,5,425072,Provisional Assisted Living Facility,
METROPOLITAN SINCERITY HC,2748 CHICAGO AVENUE SOUTH,MINNEAPOLIS,MN,55407,6,426330,Assisted Living Facility,
MIA'S HOUSE ST. CLOUD,2607 15TH AVENUE SE,ST. CLOUD,MN,56304,3,422737,Assisted Living Facility,
MIAKARSEH HOUSE,10608 ARROWHEAD STREET NW,COON RAPIDS,MN,55433,3,422767,Assisted Living Facility,
MICHAELA RESIDENTIAL CARE LLC,312 74TH AVE N,BROOKLYN PARK,MN,55444,5,424388,Assisted Living Facility,
MIDTOWN HOUSING SERVICES LLC,2830 12TH AVENUE SOUTH,MINNEAPOLIS,MN,55407,4,426486,Assisted Living Facility,
MIDWEST GROUP HOME LLC,4232 5TH STREET NE,COLUMBIA HEIGHTS,MN,55421,4,425093,Assisted Living Facility,
MIDWEST GROUP LIVING INC,3552 1ST AVENUE SOUTH,MINNEAPOLIS,MN,55408,4,423083,Assisted Living Facility,
MIDWEST HOMES INC,2445 10TH AVENUE SOUTH,MINNEAPOLIS,MN,55404,5,426194,Assisted Living Facility,
MIDWEST HOMES INC,1628 KELLER DRIVE,BURNSVILLE,MN,55306,5,426195,Assisted Living Facility,
MIDWEST HOMES INC,158 71ST WAY NE,FRIDLEY,MN,55432,4,423337,Assisted Living Facility,
MIDWEST LIVING GROUP INC,5517 WELCOME AVENUE NORTH,CRYSTAL,MN,55429,4,423158,Assisted Living Facility,
MIDWEST RESIDENTIAL ACHC LLC,8344 ALDRICH AVE S,BLOOMINGTON,MN,55420,5,424030,Provisional Assisted Living Facility,
MIDWEST RESIDENTIAL INC,421 HEMLOCK DRIVE,BURNSVILLE,MN,55337,6,423563,Assisted Living Facility,
MIDWEST RESIDENTIAL INC,7800 WEST 101ST STREET,BLOOMINGTON,MN,55438,6,423533,Assisted Living Facility,
MIDWEST RESIDENTIAL INC,140 MAPLE ISLAND ROAD,BURNSVILLE,MN,55306,6,423535,Assisted Living Facility,
MIDWEST RESIDENTIAL INC,5620 WEST 99TH STREET,BLOOMINGTON,MN,55437,6,423539,Assisted Living Facility,
MIDWEST RESIDENTIAL INC,10325 ZINRAN AVENUE SOUTH,BLOOMINGTON,MN,55438,6,423538,Assisted Living Facility,
MIDWEST RESIDENTIAL INC,10917 HUMBOLDT AVENUE SOUTH,BLOOMINGTON,MN,55431,6,423543,Assisted Living Facility,
MIDWEST RESIDENTIAL INC,10449 JOHNSON AVENUE SOUTH,BLOOMINGTON,MN,55437,6,423534,Assisted Living Facility,
MIGHTY LOVE HOME CARE INC,1529 PENNSYLVANIA AVENUE NORTH,CHAMPLAIN,MN,55316,5,426105,Assisted Living Facility,
MIGHTY LOVE HOME CARE INC,1588 19TH AVENUE NW,NEW BRIGHTON,MN,55112,5,422478,Provisional Assisted Living Facility,
MILACA ELIM MEADOWS ASSISTED LIVING,740 2ND STREET SE,MILACA,MN,56353,40,422899,Assisted Living Facility,
MILES VENTS INC,7124 FREMONT AVENUE NORTH,BROOKLYN CENTER,MN,55430,4,423916,Assisted Living Facility,
MILES VENTS INC,10625 RHODE ISLAND AVENUE N,BROOKLYN PARK,MN,55445,4,426072,Assisted Living Facility,
MILES VENTS INCORPORATED,5817 DECATUR AVENUE NORTH,NEW HOPE,MN,55428,4,426073,Assisted Living Facility,
MILES VENTS INCORPORATED,5336 SAILOR LANE,BROOKLYN CENTER,MN,55429,4,423912,Assisted Living Facility,
MILESTONE SENIOR LIVING FARIBAULT,2500 14TH STREET NE,FARIBAULT,MN,55021,60,423547,Assisted Living Facility Dementia Care,
MILL CITY HOME HEALTH CARE INC,384 66TH AVENUE NE,FRIDLEY,MN,55432,4,422629,Assisted Living Facility,
MILL CITY SENIOR LIVING,1520 17TH STREET NW,FARIBAULT,MN,55021,110,426262,Assisted Living Facility Dementia Care,
MILL STREET RESIDENCE,802 SOUTH MILL STREET,FERGUS FALLS,MN,56537,64,424671,Assisted Living Facility,
MILLENNIUM HEALTH CARE LLC,3109 OAKLAND AVENUE,MINNEAPOLIS,MN,55407,5,424062,Assisted Living Facility,
MILLENNIUM HOME SENIOR CARE,1830 SUMMER AVENUE EAST,MAPLEWOOD,MN,55109,5,424572,Assisted Living Facility,
MILLENNIUM HOMES LLC,9307 59TH AVENUE NORTH,NEW HOPE,MN,55428,4,422655,Assisted Living Facility,
MILLERS LANDING SENIOR LIVING,155 5TH AVENUE SOUTH,MINNEAPOLIS,MN,55401,80,422720,Assisted Living Facility Dementia Care,
MILLSTREAM COMMONS,210 WEST 8TH STREET,NORTHFIELD,MN,55057,50,422653,Assisted Living Facility,
MINA SAFE HOUSE LLC,3008 QUARLES ROAD,BROOKLYN CENTER,MN,55429,5,424179,Assisted Living Facility,
MINDFUL CARE LIVING ASSISTED LIVING INC,2712 63RD AVE,BROOKLYN CENTER,MN,55430,5,425013,Provisional Assisted Living Facility,
MINDFUL LIVING LLC,2440 10TH AVE S,MINNEAPOLIS,MN,55404,5,425993,Provisional Assisted Living Facility,
MINN CARE HOME HEALTH,7215 FREMONT AVENUE NORTH,BROOKLYN CENTER,MN,55430,5,422376,Assisted Living Facility,
MINN CARE HOME HEALTH,7820 47TH AVENUE NORTH,NEW HOPE,MN,55428,4,424008,Assisted Living Facility,
MINN CARE HOME HEALTH,7055 PERRY AVENUE NORTH,BROOKLYN CENTER,MN,55429,5,423982,Assisted Living Facility,
MINNEHAHA CARE,1477 MINNEHAHA AVE E,ST PAUL,MN,55106,25,423951,Assisted Living Facility,
MINNEHAHA SENIOR LIVING,3733 23RD AVENUE SOUTH,MINNEAPOLIS,MN,55407,84,422654,Assisted Living Facility Dementia Care,
MINNEOTA ASSISTED LIVING AND HOME HEALTH CARE,700 NORTH MADISON STREET,MINNEOTA,MN,56264,35,422525,Assisted Living Facility,
MINNESOTA GREENLEAF,1006 GREENWOOD STREET EAST,THIEF RIVER FALLS,MN,56701,71,422992,Assisted Living Facility Dementia Care,
MINNESOTA GROUP HOMES LLC,6322 PLEASANT AVENUE SOUTH,RICHFIELD,MN,55423,5,423786,Assisted Living Facility,
MINNESOTA GROUP HOMES LLC,10355 GRAND AVENUE SOUTH,BLOOMINGTON,MN,55420,4,423785,Assisted Living Facility,
MINNESOTA HEALTHCARE SERVICES LLC,5126 LONG LAKE ROAD,MOUNDS VIEW,MN,55112,5,420542,Provisional Assisted Living Facility,
MINNESOTA HOME AND HEALTH CARE LLC,6008 RHODE ISLAND AVENUE NORTH,NEW HOPE,MN,55428,5,426250,Assisted Living Facility,
MINNESOTA WELLNESS CENTER LLC,724 ROBINWOOD LANE,HOPKINS,MN,55305,4,426434,Assisted Living Facility,
MINNESOTA WELLNESS CENTER LLC,11103 OAK KNOLL TERRACE NORTH,MINNETONKA,MN,55305,4,426455,Assisted Living Facility,
MINNETONKA CARE RESIDENCE,421 SPRING VALLEY DRIVE,BLOOMINGTON,MN,55420,6,425395,Assisted Living Facility,
"MINNEWASKA COMMUNITY HOME CARE, LLC",810 8TH STREET,WALNUT GROVE,MN,56180,20,424217,Assisted Living Facility,
MIRA HOME HEALTH SERVICES LLC,7465 HAROLD AVENUE NORTH,GOLDEN VALLEY,MN,55427,5,424397,Assisted Living Facility,
MISSION GROUP HOME LLC,6730 EWING AVENUE NORTH,BROOKLYN CENTER,MN,55429,4,422536,Assisted Living Facility,
MISSION HILL GROUP HOME SRVS,2519 NORTH 4TH STREET,MINNEAPOLIS,MN,55411,4,426277,Assisted Living Facility,
MN BEST HOMECARE LLC,6264 SUNRISE TERRACE,BROOKLYN PARK,MN,55428,5,422633,Assisted Living Facility,
MN BEST HOMECARE LLC,8217 IRIS DRIVE NORTH,BROOKLYN PARK,MN,55428,5,424236,Assisted Living Facility,
MN BEST HOMECARE LLC,9737 3RD STREET NE,BLAINE,MN,55434,4,422635,Assisted Living Facility,
MN CARE ACCESS LLC,2513 POLK STREET NE,MINNEAPOLIS,MN,55418,5,422289,Assisted Living Facility,
MN HEALTH INC,1058 6TH ST E,SAINT PAUL,MN,55106,5,425208,Provisional Assisted Living Facility,
MN HEALTH INC,984 MINNEHAHA AVENUE E,ST PAUL,MN,55106,5,421224,Provisional Assisted Living Facility,
MOONLIGHT HOME HEALTH CARE LLC,7144 LAKE SHORE DRIVE SOUTH,RICHFIELD,MN,55423,3,424769,Assisted Living Facility,
MOORHEAD MANOR,1710 13TH AVENUE NORTH,MOORHEAD,MN,56560,30,424145,Assisted Living Facility,
MOOSE LAKE VILLAGE ASSISTED LIVING OAKVIEW,300 TALBOT DRIVE,MOOSE LAKE,MN,55767,22,422911,Assisted Living Facility,
MOOSE LAKE VILLAGE ASSISTED LIVING OAKVIEW,1200 TALBOT DRIVE,MOOSE LAKE,MN,55767,12,422875,Assisted Living Facility,
MOOSE LAKE VILLAGE ASSISTED LIVING KENWOOD,4560 COUNTY HIGHWAY 61,MOOSE LAKE,MN,55767,12,425642,Assisted Living Facility,
MORGAN MEMORIAL FOUNDATION INC,90 3RD STREET EAST,MORGAN,MN,56266,25,426050,Assisted Living Facility,
MORNING GLORY HOMES INC,18626 CLEARVIEW DRIVE,MINNETONKA,MN,55345,6,423247,Assisted Living Facility,
MORNING GLORY HOMES INCORPORATED,4328 WILLISTON ROAD,MINNETONKA,MN,55345,6,423246,Assisted Living Facility,
MORNING STAR HEALTH CARE SER,6400 GEORGIA AVENUE NORTH,MINNEAPOLIS,MN,55428,4,422019,Assisted Living Facility,
MORNING STAR HEALTHCARE SERVICES,2925 REGENT AVENUE NORTH,GOLDEN VALLEY,MN,55422,5,423644,Assisted Living Facility,
MORNINGSTAR CARE SERVICES LLC,4749 OAK WAY,EAGAN,MN,55122,5,426137,Assisted Living Facility,
MOSSE HOME CARE LLC,14399 BAYBERRY CIRCLE,ROSEMOUNT,MN,55068,5,422750,Provisional Assisted Living Facility,
MOTHER OF MERCY,230 CHURCH AVENUE,ALBANY,MN,56307,79,423234,Assisted Living Facility Dementia Care,
MOTIVATE HOME SERVICES,13050 PIONEER TRAIL,EDEN PRAIRIE,MN,55347,9,422936,Assisted Living Facility,
MOTIVATE HOME SERVICES,14673 CIMARRON AVENUE WEST,ROSEMOUNT,MN,55068,4,422934,Assisted Living Facility,
MOTIVATE HOME SERVICES,3094 CLEVELAND AVENUE NORTH,ROSEVILLE,MN,55113,4,422942,Assisted Living Facility,
MOTIVATE HOME SERVICES,9235 ZANE AVENUE NORTH UNIT 2,BROOKLYN PARK,MN,55443,4,422951,Assisted Living Facility,
MOTIVATE HOME SERVICES,9235 ZANE AVENUE NORTH UNIT 3,BROOKLYN PARK,MN,55443,4,422952,Assisted Living Facility,
MOTIVATE HOME SERVICES,4522 KATHRENE DRIVE,BROOKLYN CENTER,MN,55429,4,422962,Assisted Living Facility,
MOTIVATE HOME SERVICES,9235 ZANE AVENUE NORTH UNIT 4,BROOKLYN PARK,MN,55443,4,422954,Assisted Living Facility,
MOTIVATE HOME SERVICES,9235 ZANE AVENUE NORTH UNIT 1,BROOKLYN PARK,MN,55443,4,422949,Assisted Living Facility,
MOTIVATE HOME SERVICES,14665 CHILI AVENUE WEST,ROSEMOUNT,MN,55068,4,422932,Assisted Living Facility,
MOTIVATE HOME SERVICES,6057 SUMTER PLACE NORTH,NEW HOPE,MN,55428,4,422939,Assisted Living Facility,
MOTIVATE HOME SERVICES,844 WEST RIVER ROAD,CHAMPLIN,MN,55316,4,422938,Assisted Living Facility,
MOTIVATE HOME SERVICES,3092 CLEVELAND AVENUE NORTH,ROSEVILLE,MN,55113,3,422948,Assisted Living Facility,
MOTIVATE HOME SERVICES,8500 WEST 28TH STREET,ST. LOUIS PARK,MN,55426,4,422961,Assisted Living Facility,
MOTIVATE HOME SERVICES LLC,6940 ZANE AVENUE NORTH,BROOKLYN PARK,MN,55429,26,422723,Assisted Living Facility Dementia Care,
MOUNDS HOME,7780 LONG LAKE ROAD,MOUNDS VIEW,MN,55112,5,424090,Assisted Living Facility,
MOUNT ZION CARE SERVICES LLC,4930 155TH LANE NW,RAMSEY,MN,55303,5,423845,Provisional Assisted Living Facility,
MOUNT ZION CARE SERVICES LLC,3751 RIDGE AVENUE,ANOKA,MN,55303,5,422170,Assisted Living Facility,
MUNGU CAPABLE HOMES LLC,8709 CHANHASSEN HILLS DR NORTH,CHANHASSEN,MN,55317,5,423223,Assisted Living Facility,
N&V HELPFUL HEART CARE INC,8159 MOUNT CURVE BOULEVARD,BROOKLYN PARK,MN,55445,4,424137,Assisted Living Facility Dementia Care,
N&V HELPFUL HEART CARE INC,6620 BRYANT AVENUE NORTH,BROOKLYN CENTER,MN,55430,4,424140,Assisted Living Facility,
N&V HELPFUL HEART CARE INC,7037 PERRY AVENUE NORTH,BROOKLYN CENTER,MN,55429,4,424139,Assisted Living Facility,
NAGEL ASSISTED LIVING,232 ELM STREET SOUTH,WACONIA,MN,55387,55,424959,Assisted Living Facility Dementia Care,
NAJMA GROUP HOME LLC,494 AURORA AVENUE,ST. PAUL,MN,55103,4,423008,Assisted Living Facility,
NASIYE GROUP HOME CORP,3913 4TH AVENUE SOUTH,MINNEAPOLIS,MN,55409,4,424859,Assisted Living Facility,
NATIONAL HOME HEALTHCARE INC,1976 MINNEHAHA AVENUE EAST,ST PAUL,MN,55119,5,424782,Assisted Living Facility,
NATURE'S POINT ASSISTED LIVING,1717 UNIVERSITY DRIVE SE,ST. CLOUD,MN,56304,39,422245,Assisted Living Facility,
NBB ASSISTED LIVING LLC,1159 15TH AVE SE,MINNEAPOLIS,MN,55414,4,425073,Provisional Assisted Living Facility,
NEDKA CARE LLC,4856 FLAG AVENUE NORTH,NEW HOPE,MN,55428,5,423483,Assisted Living Facility,
NELSON GABLES,1220 NOKOMIS STREET,ALEXANDRIA,MN,56308,67,423194,Assisted Living Facility,
NERVANA'S CARING HANDS INC,2508 RIVER HILLS DRIVE,BURNSVILLE,MN,55337,5,424093,Assisted Living Facility,
NERVANA'S CARING HANDS INC,401 HAROLD DRIVE,BURNSVILLE,MN,55337,4,424094,Assisted Living Facility,
NERVANAS CARING HANDS INC,8719 BLOOMINGTON AVENUE SOUTH,BLOOMINGTON,MN,55425,4,424091,Assisted Living Facility,
NEST CARE INC,3930 ZANE AVENUE NORTH,ROBBINSDALE,MN,55422,5,425651,Assisted Living Facility,
NESTLE CARE LLC,6019 39TH STREET WEST,ST LOUIS PARK,MN,55416,5,425623,Assisted Living Facility,
NEVADA HOME,9019 NEVADA AVENUE NORTH,BROOKLYN PARK,MN,55445,5,424463,Assisted Living Facility,
NEW BEGINNINGS HOUSING ASSISTANCE LLC,436 11TH AVE NW,NEW BRIGHTON,MN,55112,5,425259,Provisional Assisted Living Facility,
NEW BRIDGE CARE LLC,10 92ND AVENUE NE,BLAINE,MN,55434,5,422123,Assisted Living Facility,
NEW CARE LLC,3710 PIERCE STREET NORTHEAST,COLUMBIA HEIGHTS,MN,55421,5,418425,Provisional Assisted Living Facility,
NEW CHALLENGES INC AFTON,6880 ST. CROIX TRAIL SOUTH,HASTINGS,MN,55033,12,425097,Assisted Living Facility,
NEW CREATION SOCIAL SERVICES LLC,14011 JUNIPER CIRCLE NW,ANDOVER,MN,55304,5,423071,Assisted Living Facility,
NEW DREAM HOME SERVICES LLC,7816 REGENT AVENUE NORTH,BROOKLYN PARK,MN,55443,5,425887,Assisted Living Facility,
NEW HOPE ASSISTED LIVING CARE LLC,5941 WASHBURN AVE S,MINNEAPOLIS,MN,55410,5,423085,Provisional Assisted Living Facility,
NEW HOPE ASSISTED LIVING LLC,8131 62ND AVENUE NORTH,NEW HOPE,MN,55428,5,424517,Assisted Living Facility,
NEW HOPE CARE LLC,7949 ORCHARD AVENUE NORTH,BROOKLYN PARK,MN,55443,4,422313,Assisted Living Facility,
NEW HOPE CARE LLC,6632 EDGEMONT BOULEVARD N,BROOKLYN PARK,MN,55428,5,422557,Provisional Assisted Living Facility,
NEW HOPE HEALTH CARE LLC,3721 104TH AVENUE NORTH,BROOKLYN PARK,MN,55443,5,424237,Assisted Living Facility,
NEW HOPE HEALTH CARE LLC,5631 103RD AVE N,BROOKLYN PARK,MN,55443,5,425393,Provisional Assisted Living Facility,
NEW HOPE HEALTH CARE LLC,3812 BASS LAKE ROAD NORTH,BROOKLYN CENTER,MN,55429,5,419444,Assisted Living Facility,
NEW HORIZON ASSISTED LIVING,7119 GIRARD AVENUE NORTH,BROOKLYN CENTER,MN,55430,5,421701,Assisted Living Facility,
NEW HORIZON ASSISTED LIVING,5916 71ST AVENUE NORTH,BROOKLYN PARK,MN,55429,5,425460,Assisted Living Facility,
NEW JOURNEY RESIDENCE,100 VERMILION TRAIL,BIWABIK,MN,55708,40,423207,Assisted Living Facility Dementia Care,
NEW JOURNEY RESIDENCE,303 HAT TRICK AVENUE,EVELETH,MN,55734,20,423205,Assisted Living Facility Dementia Care,
NEW LIFE CARE LLC,10115 GROUSE STREET NW,COON RAPIDS,MN,55433,4,423309,Assisted Living Facility,
NEW LIFE CARE LLC,4913 WINCHESTER LANE NORTH,BROOKLYN CENTER,MN,55429,4,423237,Assisted Living Facility,
NEW LIFE HEALTH SERVICE,4756 DECATUR AVENUE NORTH,NEW HOPE,MN,55428,5,425367,Assisted Living Facility Dementia Care,
NEW LIFE HEALTH SERVICE,1586 BEECH STREET,ST. PAUL,MN,55106,5,424100,Assisted Living Facility,
NEW LIFE HOME,15300 DUNDEE COURT,APPLE VALLEY,MN,55124,5,423575,Assisted Living Facility,
NEW PERSPECTIVE - MAHTOMEDI,111 EAST AVENUE,MAHTOMEDI,MN,55115,32,425625,Assisted Living Facility Dementia Care,
NEW PERSPECTIVE ARDEN HILLS,3565 PINE TREE DRIVE,ARDEN HILLS,MN,55112,160,424216,Assisted Living Facility Dementia Care,
NEW PERSPECTIVE CLOQUET & BARNUM,701 HORIZON CIRCLE,CLOQUET,MN,55720,55,424981,Assisted Living Facility Dementia Care,
NEW PERSPECTIVE CLOQUET & BARNUM,1909 TALL PINE LANE,CLOQUET,MN,55720,9,424860,Assisted Living Facility,
NEW PERSPECTIVE CLOQUET & BARNUM,3725 HORIZON DRIVE,BARNUM,MN,55707,29,424361,Assisted Living Facility Dementia Care,
NEWTON MANOR,10000 NEWTON AVENUE SOUTH,BLOOMINGTON,MN,55431,50,423988,Assisted Living Facility,
GONDOLA GROUP INC,4307 159TH COURT WEST,ROSEMOUNT,MN,55068,6,422699,Assisted Living Facility,
NG AND NG SERVICES GROUP LLC,14311 ASPEN AVENUE,ROSEMOUNT,MN,55068,5,426214,Assisted Living Facility,
NG&NG SERVICES GROUP LLC,8615 BIRCH BOULEVARD,INVER GROVE HEIGHTS,MN,55076,5,424258,Assisted Living Facility,
NINE MILE CREEK SENIOR LIVING,2301 VILLAGE LANE,BLOOMINGTON,MN,55431,107,424985,Assisted Living Facility Dementia Care,
NOAH ASSISTING LIVING INC,5100 XERXES AVENUE NORTH,MINNEAPOLIS,MN,55430,4,424512,Assisted Living Facility,
NOAH HOME CARE INC,13521 NICOLLET LANE,BURNSVILLE,MN,55337,4,424772,Assisted Living Facility,
NOBLE CARES LLC,3240 SPRAGUE AVENUE,ANOKA,MN,55303,4,422288,Assisted Living Facility,
NOBLE CARES LLC,6925 HALIFAX AVENUE NORTH,BROOKLYN CENTER,MN,55429,5,422150,Assisted Living Facility,
NOBLE CARES LLC,7957 MONROE STREET NE,SPRING LAKE PARK,MN,55432,5,423862,Assisted Living Facility,
NOBLE CREST HOME & SERVICES INC,5912 XERXES AVENUE NORTH,BROOKLYN PARK,MN,55430,3,418339,Provisional Assisted Living Facility,
NOBLE HOMES LLC,14168 PALM ST NW,ANDOVER,MN,55304,5,421052,Provisional Assisted Living Facility,
NOBLE RESIDENCE INC,2000 WHITEWATER TRL,BROOKLYN PARK,MN,55444,5,422462,Assisted Living Facility,
NOBLE RESIDENTIAL LIVING,179 POTTOK LANE,SHAKOPEE,MN,55379,5,424691,Assisted Living Facility,
NORBELLA CENTERVILLE,2025 MICHAUD WAY,CENTERVILLE,MN,55038,40,422175,Assisted Living Facility Dementia Care,
NORBELLA OF CHAMPLIN,8700 EMERY PARKWAY NORTH,CHAMPLIN,MN,55316,41,421622,Assisted Living Facility Dementia Care,
NORBELLA OF PRIOR LAKE,4285 FOUNTAIN HILL DRIVE NE,PRIOR LAKE,MN,55372,40,421601,Assisted Living Facility Dementia Care,
NORBELLA OF ROGERS,21900 SOUTH DIAMOND LAKE ROAD,ROGERS,MN,55374,40,424956,Assisted Living Facility Dementia Care,
NORBELLA SENIOR LIVING SAVAGE,14275 JOPPA AVENUE,SAVAGE,MN,55378,40,422771,Assisted Living Facility Dementia Care,
NORDIC WOOD ASSISTED LIVING,14396 GRAND OAKS DRIVE,BAXTER,MN,56425,20,418559,Provisional Assisted Living Facility,
NORRIS SQUARE,6995 80TH STREET SOUTH,COTTAGE GROVE,MN,55016,65,424964,Assisted Living Facility Dementia Care,
NORTH OAKS MEMORY CARE,300 VILLAGE CENTER DRIVE,NORTH OAKS,MN,55127,52,425416,Assisted Living Facility Dementia Care,
NORTH STAR ASSISTED LIVING,400 SOUTH MCKINLEY STREET,WARREN,MN,56762,26,422380,Assisted Living Facility,
NORTHEASTERN HOME GROUP LLC,6901 QUEEN AVE S,RICHFIELD,MN,55423,5,425783,Provisional Assisted Living Facility,
NORTHERN LAKES SENIOR LIVING,8186 EXCELSIOR ROAD,BAXTER,MN,56425,85,424399,Assisted Living Facility Dementia Care,
NORTHERN MEADOWS,31521 172ND STREET,PRINCETON,MN,55371,5,423222,Assisted Living Facility,
NORTHERN OAKS PLACE,1005 PAUL PARKWAY NE,BLAINE,MN,55434,25,425874,Assisted Living Facility Dementia Care,
NORTHSHORE CARING LLC,8409 31ST AVE N,CRYSTAL,MN,55427,5,424715,Provisional Assisted Living Facility,
NORTHSTAR OF OWATONNA LLC,160 18TH PL NE,OWATONNA,MN,55060,5,424462,Assisted Living Facility,
NORTHWOODS MEMORY CARE SUITES,4313 BALL ROAD NORTHEAST,BLAINE,MN,55014,26,421706,Assisted Living Facility Dementia Care,
NORTHWOODS VILLA INC,1212 GUNN ROAD,GRAND RAPIDS,MN,55744,4,424434,Assisted Living Facility,
NORTHWOODS VILLA INC,1200 GUNN ROAD,GRAND RAPIDS,MN,55744,6,424389,Assisted Living Facility,
NOUIS HOME CARE INCORPORATED,308 1ST STREET SE,LITTLE FALLS,MN,56345,50,425678,Assisted Living Facility,
NOVA EWING HOME,5152 EWING AVENUE NORTH,BROOKLYN CENTER,MN,55429,5,422152,Assisted Living Facility,
NUMAN LEGACY LIVING,8316 66TH ST S,COTTAGE GROVE,MN,55016,5,424912,Provisional Assisted Living Facility,
NURKAY INC,6229 BLAISDELL AVE,RICHFIELD,MN,55423,5,421068,Provisional Assisted Living Facility,
NUVISION HOMECARE SERVICES LLC,4568 ZENITH AVENUE NORTH,ROBBINSDALE,MN,55422,4,426344,Assisted Living Facility,
NUVISION HOMECARE SERVICES LLC,4364 CHOWEN AVENUE NORTH,ROBBINSDALE,MN,55422,5,423354,Assisted Living Facility,
OAK GROVE CARE CENTER INC,1822 PARK AVENUE,MINNEAPOLIS,MN,55404,18,426238,Assisted Living Facility,
OAK HILL ASSISTED LIVING,1971 1ST AVENUE NE,GRAND RAPIDS,MN,55744,24,425096,Assisted Living Facility,
OAK HILLS LIVING CENTER ASSISTED LIVING,1314 8TH STREET NORTH,NEW ULM,MN,56073,16,422846,Assisted Living Facility,
OAK HOUSE LLC,10038 215TH AVENUE NW,ELK RIVER,MN,55330,7,422374,Assisted Living Facility,
OAK MEADOWS SENIOR LIVING,8131 4TH STREET NORTH,OAKDALE,MN,55128,150,424042,Assisted Living Facility Dementia Care,
OAK PARK PLACE OF ALBERT LEA,1615 BRIDGE AVENUE,ALBERT LEA,MN,56007,62,425804,Assisted Living Facility Dementia Care,
OAK PARK SENIOR LIVING,13936 LOWER 59TH STREET NORTH,OAK PARK HEIGHTS,MN,55082,162,425609,Assisted Living Facility Dementia Care,
OAK RIDGE ASSISTED LIVING OF HASTINGS,1128 BAHLS DRIVE,HASTINGS,MN,55033,70,421827,Assisted Living Facility Dementia Care,
OAK RIDGE PLACE,6060 OXBORO AVENUE NORTH,OAK PARK HEIGHTS,MN,55082,83,422861,Assisted Living Facility,
OAK TERRACE ASSISTED LIVING OF NORTH MANKATO LLC,1575 HOOVER DRIVE,NORTH MANKATO,MN,56003,90,426212,Assisted Living Facility Dementia Care,
"OAK TERRACE SENIOR HOUSING OF LE SUEUR, LLC",811 SOUTH 4TH STREET,LE SUEUR,MN,56058,65,426162,Assisted Living Facility Dementia Care,
OAK TERRACE SENIOR HOUSING OF JORDAN LLC,622 ABERDEEN AVENUE,JORDAN,MN,55352,72,426210,Assisted Living Facility Dementia Care,
OAK TERRACE SENIOR HOUSING OF ST. PETER LLC,1807 SUNRISE DRIVE,ST. PETER,MN,56082,29,424083,Assisted Living Facility Dementia Care,
OAKLAND ASSISTED LIVING LLC,17838 OAKLAND DRIVE NORTHEAST,HAM LAKE,MN,55304,5,424457,Assisted Living Facility,
OAKLAND PARK COMMUNITIES INC,123 BAKEN STREET,THIEF RIVER FALLS,MN,56701,5,424597,Assisted Living Facility,
OAKS,2201 7TH AVENUE NORTH,ANOKA,MN,55303,10,423695,Assisted Living Facility,
OAKWOOD SENIOR LIVING,543 OAKWOOD DRIVE,JANESVILLE,MN,56048,26,422873,Assisted Living Facility Dementia Care,
OASIS ASSISTED CARE LIVING,1305 MINNEHAHA AVE E,SAINT PAUL,MN,55106,5,425662,Provisional Assisted Living Facility,
OASIS CARE HOME LLC,514 BRITZ DRIVE,LUVERNE,MN,56156,6,424898,Assisted Living Facility,
OASIS HOME HEALTH CARE LLC,6600 LOGAN AVE S,RICHFIELD,MN,55423,5,425844,Assisted Living Facility,
OBED-EDOM ASSISTED LIVING LLC,7388 SYMPHONY STREET NE,FRIDLEY,MN,55432,4,423254,Assisted Living Facility,
OKALEE OF MEDINA,4350 CHIPPEWA COURT,MEDINA,MN,55340,95,422697,Assisted Living Facility Dementia Care,
OL-US ST. CLOUD LLC,1225 DIVISION STREET EAST,ST. CLOUD,MN,56304,70,425263,Assisted Living Facility,
OLD MAIN VILLAGE,301 SOUTH 5TH STREET,MANKATO,MN,56001,100,424470,Assisted Living Facility,
OLU'S HOME INCORPORATED,1850 7TH STREET EAST,ST. PAUL,MN,55119,9,425050,Assisted Living Facility,
OLYDIA HOME CARE INC,7243 MORGAN AVENUE NORTH,BROOKLYN CENTER,MN,55430,5,424589,Assisted Living Facility,
OPEN ARMS GROUP HOME LLC,3701 66TH AVENUE NORTH,BROOKLYN CENTER,MN,55429,4,422809,Assisted Living Facility,
OPEN ARMS HOUSING INC,6250 RAINBOW DRIVE NE,FRIDLEY,MN,55432,5,426418,Assisted Living Facility,
OPEN ARMS LLC,14737 INNSBROOK LANE,BURNSVILLE,MN,55306,5,423477,Assisted Living Facility,
OPEN ARMS SENIOR LIVING,4414 MARTIN ROAD,RICE LAKE,MN,55803,30,423046,Assisted Living Facility Dementia Care,
OPEN HEART RESIDENCE,4945 DREW AVENUE SOUTH,MINNEAPOLIS,MN,55410,5,424993,Assisted Living Facility,
OPEN HEART RESIDENCE LIMITED,4441 PARK AVENUE SOUTH,MINNEAPOLIS,MN,55407,4,426437,Assisted Living Facility,
OPTIMAL HOME OF MAPLE GROVE LLC,9261 FORESTVIEW LANE NORTH,MAPLE GROVE,MN,55369,5,425085,Assisted Living Facility,
OPTIMAL HOME OF RICHFIELD LLC,7621 14TH AVENUE SOUTH,RICHFIELD,MN,55423,5,423498,Assisted Living Facility,
OPTIMAL LOVING CARE LLC,6708 78TH AVENUE NORTH,MINNEAPOLIS,MN,55445,5,418668,Provisional Assisted Living Facility,
OPTIMUM HEALTHCARE SERVICES LLC,5060 HUGHES AVENUE NE,FRIDLEY,MN,55421,4,421921,Assisted Living Facility,
"OPTIONS RESIDENTIAL, INC.",12837 BRIAR COURT,BURNSVILLE,MN,55337,28,423699,Assisted Living Facility,
OPTIONS RESIDENTIAL INC,1167 SOUTH ROBERT STREET,WEST ST. PAUL,MN,55118,11,423363,Assisted Living Facility,
ORCHARD HILL SENIOR LIVING,1223 KARL DRIVE,NEW ULM,MN,56073,62,422860,Assisted Living Facility,
ORCHARD PATH,5400 157TH STREET WEST,APPLE VALLEY,MN,55124,87,421705,Assisted Living Facility Dementia Care,
"AHR MINNETONKA MN SH TRS SUB, LLC",10955 WAYZATA BOULEVARD,MINNETONKA,MN,55305,175,424515,Assisted Living Facility Dementia Care,
ORIVIX HEALTH LLC,5424 LOGAN AVE N,BROOKLYN CENTER,MN,55430,5,422008,Provisional Assisted Living Facility,
OSSEO GARDENS ASSISTED LIVING,525 2ND STREET SE,OSSEO,MN,55369,42,422023,Assisted Living Facility,
OSTRANDER ASSISTED LIVING,309 MINNESOTA STREET,OSTRANDER,MN,55961,6,426219,Assisted Living Facility,
OUR CARING HANDS LLP,9220 207TH STREET WEST,LAKEVILLE,MN,55044,6,415235,Assisted Living Facility,
OUR CARING HANDS LLP,18712 EUCLID PATH,FARMINGTON,MN,55024,6,419508,Assisted Living Facility,
OZIF HEALTHCARE SERVICES LLC,4618 DREW AVENUE NORTH,ROBBINSDALE,MN,55422,5,423058,Assisted Living Facility,
P&D HOMES LLC,1556 121ST AVE NE,BLAINE,MN,55449,5,425560,Provisional Assisted Living Facility,
PALISADE ASSISTED LIVING INC,14740 ERKIUM ST NW,RAMSEY,MN,55303,5,420834,Provisional Assisted Living W Dementia C,
PARADISE ASSISTED LIVING INC,10829 VINCENT AVENUE SOUTH,BLOOMINGTON,MN,55431,4,426049,Assisted Living Facility,
PARADISE CARE HOMES LLC,4031 2ND AVENUE SOUTH,MINNEAPOLIS,MN,55409,6,422413,Assisted Living Facility,
PARADISE CARE HOMES LLC,2501 EAST 24TH STREET,MINNEAPOLIS,MN,55406,6,422247,Assisted Living Facility,
PARADISE CARE HOMES LLC,7709 UNITY AVENUE NORTH,BROOKLYN PARK,MN,55443,6,422249,Assisted Living Facility,
PARADISE GARDENS LLC,8538 COTTAGEWOOD TER,BLAINE,MN,55434,5,421771,Provisional Assisted Living Facility,
PARAMOUNT CARE,6807 DREW AVENUE NORTH,BROOKLYN CENTER,MN,55429,4,422969,Assisted Living Facility,
YUFANYI HOLDING GROUP LLC,5650 DUPONT AVE N,BROOKLYN CENTER,MN,55430,5,425075,Provisional Assisted Living Facility,
PARK GARDENS OF FERGUS FALLS,215 EAST SKOGMO BOULEVARD,FERGUS FALLS,MN,56537,68,422636,Assisted Living Facility Dementia Care,
PARK POINT INC,9442 TRENTON LANE NORTH,MAPLE GROVE,MN,55369,5,422286,Assisted Living Facility,
PARK POINT INC,5930 PEARSON DRIVE,BROOKLYN CENTER,MN,55429,5,426295,Assisted Living Facility,
PARK POINT INC,5630 YATES AVENUE NORTH,CRYSTAL,MN,55429,5,424391,Assisted Living Facility,
PARK VIEW ASSISTED LIVING,613 MONTROSE BOULEVARD,BUFFALO,MN,55313,52,424390,Assisted Living Facility Dementia Care,
PARK VIEW VILLAGE,1204 WEST PARK AVENUE,OLIVIA,MN,56277,24,422642,Assisted Living Facility,
PARKER OAKS SENIOR LIVING,211 6TH STREET NW,WINNEBAGO,MN,56098,35,423209,Assisted Living Facility,
PARKINSON'S SPECIALTY CARE,6804 DOVRE DRIVE,EDINA,MN,55436,12,425379,Assisted Living Facility,
PARKS' PLACE,18040 MEDINA ROAD,PLYMOUTH,MN,55446,36,426357,Assisted Living Facility Dementia Care,
PARKVIEW COURT,300 8TH AVENUE SE,GLENWOOD,MN,56334,36,425141,Assisted Living Facility,
PARKVIEW GROUP HOME LLC,9901 NEWTON AVENUE SOUTH,BLOOMINGTON,MN,55431,5,423153,Assisted Living Facility,
PARKWOOD APARTMENTS,505 SOUTH 2ND STREET,BELVIEW,MN,56214,20,426415,Assisted Living Facility,
PARMLY ON THE LAKE,28210 OLD TOWNE ROAD,CHISAGO CITY,MN,55013,55,425930,Assisted Living Facility Dementia Care,
PASSION ASSISTED LIVING LLC,6271 COMET LN NE,FRIDLEY,MN,55432,5,422883,Provisional Assisted Living Facility,
PASSION CARE HOMES,2701 9TH AVENUE EAST,NORTH ST PAUL,MN,55109,5,423643,Assisted Living Facility,
PASSIONATE HEALTH CARE SERVICES,1555 CHRISTIE PLACE,ST. PAUL,MN,55106,5,422953,Assisted Living Facility,
PATHSTONE CROSSING,718 MOUND AVENUE,MANKATO,MN,56001,93,422160,Assisted Living Facility Dementia Care,
PATHWAY HOME HEALTHCARE LLC,9266 JERGEN CT S,COTTAGE GROVE,MN,55016,5,421241,Provisional Assisted Living Facility,
PATIENT FOCUS HOMECARE LLC,3060 LOWER 147TH STREET WEST,ROSEMOUNT,MN,55068,5,424393,Assisted Living Facility,
PATRICIA HEALTH CARE SERVICES,1351 GRESHAM AVE N,OAKDALE,MN,55128,5,423600,Assisted Living Facility,
PEACE HEALTHCARE SYSTEMS LLC,8255 GRANGE BOULEVARD,COTTAGE GROVE,MN,55016,5,423796,Assisted Living Facility,
PEACE HOME,4953 ALDRICH AVENUE SOUTH,MINNEAPOLIS,MN,55419,10,424627,Assisted Living Facility Dementia Care,
PEACE HOMECARE SERVICES LLC,5127 53RD AVENUE NORTH,CRYSTAL,MN,55429,4,425375,Assisted Living Facility,
PEACE ON EARTH LIVING LLC,15008 STEVENS AVE,BURNSVILLE,MN,55306,5,425494,Provisional Assisted Living Facility,
PEACEFUL & COMFORT CARE HOMES,4721 WINGARD LANE,BROOKLYN CENTER,MN,55429,5,425134,Provisional Assisted Living Facility,
PEACEFUL BRIDGES ASSISTED LIVING LLC,2550 ORKLA DR,GOLDEN VALLEY,MN,55427,5,423944,Provisional Assisted Living Facility,
PEACEFUL HEART HEALTH GROUP LLC,7801 MISSISSIPI LANE NORTH,BROOKLYN PARK,MN,55444,5,425758,Provisional Assisted Living Facility,
PEACEFUL HEART HEALTH GROUP LLC,1301 88TH AVENUE NORTH,BROOKLYN PARK,MN,55444,5,423356,Provisional Assisted Living Facility,
PEACEFUL HEART HEALTH GROUP LLC,7237 OLIVER AVENUE NORTH,BROOKLYN CENTER,MN,55430,5,426311,Assisted Living Facility,
PEACEFUL LIVING LLC,1687 FALLBROOKE DRIVE,HASTINGS,MN,55033,7,422535,Assisted Living Facility,
PEACEFUL LIVING LLC,1808 4TH ST. N.,STILLWATER,MN,55082,4,422534,Assisted Living Facility,
PEACEFUL LODGE,6630 HUDSON BOULEVARD,OAKDALE,MN,55128,86,424858,Assisted Living Facility Dementia Care,
PEARL GARDEN,3700 FOSS ROAD NE,MINNEAPOLIS,MN,55421,25,421065,Assisted Living Facility Dementia Care,
PELICAN LANDING SENIOR LIVING,1325 PELICAN LANE,DETROIT LAKES,MN,56501,91,422296,Assisted Living Facility Dementia Care,
PEOPLE INCORPORATED DSL,726 NE 2ND STREET,MINNEAPOLIS,MN,55413,14,425042,Assisted Living Facility,
"PEOPLE'S CHOICE HOME CARE SERVICES, LLC",1241 DENNIS STREET,MAPLEWOOD,MN,55119,5,424955,Assisted Living Facility,
"PEOPLE'S CHOICE HOME CARE SERVICES, LLC",2260 HALLMARK AVENUE NORTH,OAKDALE,MN,55128,4,426121,Assisted Living Facility,
"PEOPLE'S CHOICE HOME CARE SERVICES, LLC",2260 HALLMARK AVENUE NORTH,OAKDALE,MN,55128,4,426120,Assisted Living Facility,
PERFECT CARE HOME SERVICES LLC,2030 FAIRVIEW AVE N,ROSEVILLE,MN,55113,5,424027,Provisional Assisted Living Facility,
PERFECTION HEALTH CARE SERVICE,1225 COOK AVENUE EAST,ST. PAUL,MN,55106,4,426143,Assisted Living Facility,
PERFECTION HEALTH CARE SERVICES INC,2092 OAKRIDGE STREET,ST PAUL,MN,55119,5,424387,Assisted Living Facility,
PERHAM LIVING NORTHWINDS,324 6TH AVENUE SW,PERHAM,MN,56573,12,422369,Assisted Living Facility Dementia Care,
PERSONAL CARE SENIOR LIVING,3850 JEFFERSON STREET NE,COLUMBIA HEIGHTS,MN,55432,29,426413,Assisted Living Facility Dementia Care,
PERSONAL CARE SENIOR LIVING LLC,14209 INCA STREET NW,ANDOVER,MN,55304,32,423041,Assisted Living Facility Dementia Care,
PERSONAL CARE SOLUTIONS LLC,6307 INDIANA AVENUE NORTH,BROOKLYN CENTER,MN,55429,5,425322,Assisted Living Facility,
PETERSON COLONIAL HOMES 1,4866 HIGHWAY 31 NORTH,BROOKSTON,MN,55711,22,422644,Assisted Living Facility,
PETERSON COLONIAL HOMES 2,4723 NYGAARD ROAD,BROOKSTON,MN,55711,32,422646,Assisted Living Facility,
PHOENIX HEALTH LLC,767 7TH AVE NW,NEW BRIGHTON,MN,55112,5,424988,Provisional Assisted Living Facility,
PIERZ MEADOW PONDS INC,305 RONALD AVENUE,PIERZ,MN,56364,23,425043,Assisted Living Facility,
PINE TREE RESIDENTIAL CARE INC,11881 UTAH AVE N,CHAMPLIN,MN,55316,5,422606,Assisted Living Facility,
PINE VIEW ASSISTED LIVING,750 4TH AVENUE,WINDOM,MN,56101,10,423154,Assisted Living Facility,
PINECARE HEALTH LLC,1225 COUNTY ROAD B W,ROSEVILLE,MN,55113,5,422543,Provisional Assisted Living Facility,
PINES III ASSISTED LIVING,50 EAST ST. MARIE STREET,DULUTH,MN,55803,61,425100,Assisted Living Facility Dementia Care,
PINES SENIOR SERVICES LLC,1305 8TH STREET SW,PINE CITY,MN,55063,36,424968,Assisted Living Facility Dementia Care,
PIONEER ESTATES,8761 PRESERVE BOULEVARD,EDEN PRAIRIE,MN,55344,30,422515,Assisted Living Facility,
PIONEER HOME CARE LIMITED,5109 WEST OLD SHAKOPEE ROAD,BLOOMINGTON,MN,55437,5,424063,Assisted Living Facility,
PIONEERCARE MEMORY COTTAGES,1317 SOUTH MABELLE AVENUE,FERGUS FALLS,MN,56537,52,424568,Assisted Living Facility Dementia Care,
PLACE OF JOY LLC,11600 NORWAY ST NW,COON RAPIDS,MN,55448,5,425374,Provisional Assisted Living Facility,
PLAINVIEW ESTATES,2507 FAIRVIEW AVENUE,CLOQUET,MN,55720,8,425101,Assisted Living Facility,
PLAINVIEW ESTATES INC,46 THOMSON ROAD,ESKO,MN,55733,8,425110,Assisted Living Facility,
PLATINUM PEAKS HOMECARE SERVICES,7382 UPPER 157TH STREET WEST,APPLE VALLEY,MN,55124,5,419319,Provisional Assisted Living Facility,
PLAZA GARDENS,100 MONROE STREET,ANOKA,MN,55303,80,425511,Assisted Living Facility Dementia Care,
PLEASANT ASSISTED LIVING LLC,3901 BURQUEST LANE,BROOKLYN CENTER,MN,55429,5,420006,Provisional Assisted Living Facility,
PLEASANT ASSISTED LIVING LLC,6932 JERSEY AVENUE NORTH,BROOKLYN PARK,MN,55428,5,423570,Assisted Living Facility,
PLEASANT ASSISTED LIVING LLC,7531 BRUNSWICK AVENUE NORTH,BROOKLYN PARK,MN,55443,10,423369,Assisted Living Facility,
PLEASANT LIGHT LLC,7765 DALEVIEW AVENUE,BROOKLYN PARK,MN,55443,5,423861,Assisted Living Facility,
POINT ONE HOME HEALTH LLC,4500 EAST 46TH STREET,MINNEAPOLIS,MN,55406,5,424320,Assisted Living Facility,
POLAR RIDGE SENIOR LIVING,2365 HELEN STREET NORTH,NORTH ST. PAUL,MN,55109,138,424777,Assisted Living Facility Dementia Care,
POPLAR BRIDGE HOMES LLC,4108 POPLAR BRIDGE RD,BLOOMINGTON,MN,55437,5,425139,Provisional Assisted Living Facility,
POPLAR MEADOWS OF MCINTOSH,325 SCOTS AVENUE SE,MCINTOSH,MN,56556,30,425064,Assisted Living Facility,
POTTER RIDGE LLC,1971 NEAL STREET,RED WING,MN,55066,60,425491,Assisted Living Facility,
PRAHA VILLAGE,1100 1ST STREET SE,NEW PRAGUE,MN,56071,100,423074,Assisted Living Facility Dementia Care,
PRAIRIE RESIDENCE CARE LLC,12570 CROWFOOT COURT,EDEN PRAIRIE,MN,55344,4,422378,Assisted Living Facility,
"PRAIRIE BLUFFS SENIOR LIVING OPERATIONS, LLC",10300 HENNEPIN TOWN ROAD,EDEN PRAIRIE,MN,55347,110,426086,Assisted Living Facility Dementia Care,
PRAIRIE COTTAGES OF ALBERT LEA,1602 FOUNTAIN STREET,ALBERT LEA,MN,56007,26,426424,Assisted Living Facility Dementia Care,
PRAIRIE COTTAGES OF NEW RICHLAND,113 SOUTH ASH STREET,NEW RICHLAND,MN,56072,18,426438,Assisted Living Facility Dementia Care,
PRAIRIE COTTAGES OF OWATONNA,150 24TH STREET NE,OWATONNA,MN,55060,52,426309,Assisted Living Facility Dementia Care,
PRAIRIE HEIGHTS MEMORY CARE,7513 MITCHELL ROAD,EDEN PRAIRIE,MN,55344,52,425422,Assisted Living Facility Dementia Care,
PRAIRIE PINES COMMUNITY,903 PRAIRIE PINES DRIVE,FOSSTON,MN,56542,25,426355,Assisted Living Facility,
PRAIRIE SENIOR COTTAGES OF HUTCHINSON,1310 BRADFORD STREET SE,HUTCHINSON,MN,55350,20,422725,Assisted Living Facility Dementia Care,
PRAIRIE SENIOR COTTAGES OF ISANTI,706 6TH AVENUE NE,ISANTI,MN,55040,58,426299,Assisted Living Facility Dementia Care,
"PRAIRIE SENIOR COTTAGES OF NEW ULM, LLC",1304 BIRCHWOOD DRIVE,NEW ULM,MN,56073,20,426358,Assisted Living Facility Dementia Care,
PRAIRIE SENIOR COTTAGES OF WILLMAR,1701 19TH AVENUE SW,WILLMAR,MN,56201,20,422647,Assisted Living Facility Dementia Care,
PRAIRIE VIEW,1010 EAST ELM AVENUE,HECTOR,MN,55342,40,421396,Assisted Living Facility Dementia Care,
PRAIRIE WINDS SENIOR AND ASSISTED LIVING,910 3RD AVENUE,MADISON,MN,56256,24,422464,Assisted Living Facility,
PRECIOUS HEALTH SERVICES LLF,1113 SUBURBAN AVENUE,ST PAUL,MN,55106,5,425109,Assisted Living Facility,
PRECIOUSLIVESHOMEVADNAISHEIGHT,60 SUZANNE AVENUE,VADNAIS HEIGHTS,MN,55127,5,426172,Assisted Living Facility,
PREFERRED CHOICE HEALTH,11430 47TH AVE N,PLYMOUTH,MN,55442,5,425015,Provisional Assisted Living Facility,
PRELUDE HOMES & SERVICES LLC,3610 MOUNT VERNON COURT,WOODBURY,MN,55129,30,424752,Assisted Living Facility,
PRELUDE HOMES & SERVICES LLC,10045 ANTRIM COURT,WOODBURY,MN,55129,6,423227,Assisted Living Facility Dementia Care,
PRELUDE HOMES & SERVICES LLC,4650 WHITE BEAR PARKWAY,WHITE BEAR LAKE,MN,55110,30,423238,Assisted Living Facility Dementia Care,
PRELUDE HOMES AND SERVICES,10018 RALEIGH ROAD,WOODBURY,MN,55129,54,423211,Assisted Living Facility Dementia Care,
PREMIER LIVING LLC,5612 STEVENS AVE,MINNEAPOLIS,MN,55419,5,425624,Provisional Assisted Living Facility,
PREMIUM HEALTH CARE INC,7532 13TH AVENUE SOUTH,MINNEAPOLIS,MN,55423,5,426278,Assisted Living Facility,
PREMIUM HOME HEALTHCARE LLC,9020 PRESTWICK PKWY NORTH,BROOKLYN PARK,MN,55443,5,425424,Assisted Living Facility,
PREMIUM HOME HEALTHCARE LLC,6424 FREMONT AVENUE NORTH,BROOKLYN CENTER,MN,55430,4,425427,Assisted Living Facility,
PREMIUM HOME HEALTHCARE LLC,5701 88TH CRESCENT NORTH,BROOKLYN PARK,MN,55443,5,422721,Assisted Living Facility,
PRESBYTERIAN HOMES OF BLOOMINGTON,9889 PENN AVENUE SOUTH,BLOOMINGTON,MN,55431,111,423099,Assisted Living Facility Dementia Care,
PRESTIGIOUS CARE HOMES,4369 EWING AVENUE NORTH,ROBBINSDALE,MN,55422,5,424461,Assisted Living Facility,
PRESTIGIOUS CARE HOMES LLC,4248 GRIMES AVE N,ROBBINSDALE,MN,55422,5,423280,Provisional Assisted Living Facility,
PRESTON ELDER SERVICES LLC,410 PARK LANE SE,PRESTON,MN,55965,20,424998,Assisted Living Facility,
PRIDE N LIVING HOME CARE INC,6257 SUNNY LANE,BROOKLYN PARK,MN,55428,3,426308,Assisted Living Facility,
PRIMARY LIVING INC,640 EAST 68TH ST,RICHFIELD,MN,55423,5,424234,Provisional Assisted Living Facility,
PRIMARY LIVING INC,7636 3RD AVENUE SOUTH,RICHFIELD,MN,55423,5,422377,Assisted Living Facility,
PRIMARY LIVING INC,6229 GARFIELD AVENUE SOUTH,RICHFIELD,MN,55423,5,423746,Assisted Living Facility,
PRIME CARE HOMES LLC,1818 E BLUESTONE DR,EAGAN,MN,55122,4,425550,Provisional Assisted Living Facility,
PRIME CARE SERVICES INC,484 PAGE STREET EAST UNIT B,ST. PAUL,MN,55107,4,419165,Assisted Living Facility,
PRIME CHOICE LIVING,4300 BOONE AVENUE NORTH,NEW HOPE,MN,55428,5,424694,Assisted Living Facility,
PRIME HEALTHCARE SERVICES LLC,11333 WELCOME AVENUE,CHAMPLIN,MN,55316,5,417127,Provisional Assisted Living Facility,
PRIME HOUSE ALLIANCE LLC,2305 TERRACE DRIVE,BURNSVILLE,MN,55337,5,421935,Provisional Assisted Living Facility,
PRIME HOME SERVICES LLC,3819 W 103RD ST,BLOOMINGTON,MN,55431,5,424766,Provisional Assisted Living Facility,
PRIME HOME SERVICES LLC,198 EAST 95TH STREET CIRCLE,BLOOMINGTON,MN,55420,5,426324,Assisted Living Facility,
PRIME LIVING MN LLC,2110 WUTHERING HEIGHTS RD,EAGAN,MN,55122,5,423895,Provisional Assisted Living Facility,
PRIMECARE ASSISTED LIVING INC,7109 14TH AVE S,RICHFIELD,MN,55423,5,424659,Provisional Assisted Living Facility,
PRIMETIME LIVING,3870 EASTWOOD ROAD SOUTHEAST,ROCHESTER,MN,55904,4,425255,Assisted Living Facility,
PRIMUS HEALTHCARE SERVICES,7756 DUPONT AVENUE NORTH,BROOKLYN PARK,MN,55444,4,423224,Assisted Living Facility,
PRIMUS HEALTHCARE SERVICES,2912 80TH CIRCLE N.,BROOKLYN PARK,MN,55444,4,424708,Assisted Living Facility,
PRIORITY CARE SERVICES INC,13721 BRUNSWICK AVE S,SAVAGE,MN,55378,5,422514,Provisional Assisted Living Facility,
PRO HOMES AND ASSISTED LIVING PROFESSIONAL LLC,3317 74TH ST E,INVER GROVE HEIGHTS,MN,55076,5,424219,Assisted Living Facility,
PROCARE HEALTH CORP,7426 10TH AVENUE SOUTH,RICHFIELD,MN,55423,4,426454,Assisted Living Facility,
"PROGRESSIVE CARE, LLC",1420 PRAIRIE AVENUE,GLENCOE,MN,55336,87,422294,Assisted Living Facility Dementia Care,
PROJECT CARING,14410 21ST STREET NORTH,STILLWATER,MN,55082,10,422329,Assisted Living Facility,
PROMISE ASSISTED LIVING LLC,1917 SUGARLOAF TR,BROOKLYN PARK,MN,55444,5,422769,Assisted Living Facility,
PROMISE CARE LLC,6559 UPPER 20TH STREET NORTH,OAKDALE,MN,55128,5,423172,Assisted Living Facility,
PROSPER HOME HEALTH & TRANSPORT,10025 COLFAX AVENUE SOUTH,BLOOMINGTON,MN,55431,4,426380,Assisted Living Facility,
PROSPER HOME HEALTH AND TRANSPORTATION SERVICES,2810 112TH STREET,BLOOMINGTON,MN,55431,5,422158,Assisted Living Facility,
GENERATIONAL HOLDING GROUP LLC,1233 PROSPERITY AVENUE,ST PAUL,MN,55106,5,424478,Provisional Assisted Living Facility,
PROVIDENCE HEALTH CARE SERVICES LLC,781 103RD AVENUE NE,BLAINE,MN,55434,5,425034,Assisted Living Facility,
PROVIDENCE VILLA,200 MINNESOTA AVENUE EAST,SEBEKA,MN,56477,16,422959,Assisted Living Facility,
PRYOR'S COMFORT ASSISTED LIVING LLC,11625 COLORADO AVE N,CHAMPLIN,MN,55316,5,422880,Provisional Assisted Living Facility,
PURE CARE LLP,12804 COUNTRY VIEW LN,BURNSVILLE,MN,55337,5,425554,Provisional Assisted Living Facility,
PURE HEART HEALTH SERVICES,5913 YORK AVENUE NORTH,BROOKLYN CENTER,MN,55429,4,423362,Assisted Living Facility,
PURE HEART HEALTH SERVICES INC,6213 LEE AVENUE NORTH,BROOKLYN CENTER,MN,55429,5,421703,Assisted Living Facility,
PUSH SERVICES INC,4757 LOUISIANA AVENUE NORTH,CRYSTAL,MN,55428,4,423551,Assisted Living Facility,
QUALICARE HOMES CORPORATION,950 121ST LANE NW,COON RAPIDS,MN,55448,4,413394,Assisted Living Facility,
QUALITY ASSISTED LIVING SERVICES LLC,7819 UNITY AVE N,BROOKLYN PARK,MN,55443,5,422783,Provisional Assisted Living Facility,
QUALITY CARE HOMES LLC,2048 50TH ST NW,ROCHESTER,MN,56901,5,422303,Provisional Assisted Living Facility,
QUALITY LIVING CARE 2 LLC,2309 26TH ST NW,ROCHESTER,MN,55901,5,424277,Provisional Assisted Living Facility,
QUALITY LIVING CARE LLC,925 MEMORIAL PARKWAY SOUTHWEST,ROCHESTER,MN,55902,5,425682,Assisted Living Facility,
R & B TENDER HOMECARE SERVICES LLC,1117 BLACKOAKS CT,ANOKA,MN,55303,5,423316,Provisional Assisted Living Facility,
RA&Z NURSES ASSISTED LIVING LLC,13409 MORGAN AVE S,BURNSVILLE,MN,55337,5,426196,Assisted Living Facility,
RADIANT CARE SERVICES,4110 31ST AVENUE SOUTH,MINNEAPOLIS,MN,55406,5,423065,Provisional Assisted Living Facility,
RADIANT LIVING HOMES LLC,640 4TH AVENUE NE,OSSEO,MN,55369,5,423591,Provisional Assisted Living Facility,
RAKHMA GRACE HOME,5126 MAYVIEW ROAD,MINNETONKA,MN,55345,16,425514,Assisted Living Facility Dementia Care,
RAKHMA JOY HOME,123 SOUTH WHEELER,ST. PAUL,MN,55105,10,425519,Assisted Living Facility Dementia Care,
RALIANCE GROUP HOME LLC,2618 LONGFELLOW AVENUE,MINNEAPOLIS,MN,55407,5,422156,Assisted Living Facility,
RECOVERY HOME HEALTH CARE,717 TERRACE DRIVE,ROSEVILLE,MN,55113,5,425901,Assisted Living Facility,
REDESIGN LIFESTYLE CARE LLC,1527 MORGAN AVENUE NORTH,MINNEAPOLIS,MN,55411,4,422822,Assisted Living Facility,
REFINE LIVING SERVICES LLC,14982 ECHO WAY,APPLE VALLEY,MN,55124,5,426067,Assisted Living Facility,
REGENT AT BURNSVILLE,14500 REGENT LANE,BURNSVILLE,MN,55306,170,425548,Assisted Living Facility Dementia Care,
REGINA ASSISTED LIVING,1008 1ST STREET WEST,HASTINGS,MN,55033,139,422878,Assisted Living Facility Dementia Care,
REIGN SERVICE LLC,8230 LONG LAKE ROAD,MOUNDS VIEW,MN,55112,5,425289,Assisted Living Facility,
REJOICE HOME CARE LLC,4529 LYNDALE AVENUE SOUTH,MINNEAPOLIS,MN,55419,5,422590,Assisted Living Facility,
REJOYCE HEALTH CARE LLC,11361 SWALLOW CIRCLE NORTHWEST,COON RAPIDS,MN,55433,5,420593,Provisional Assisted Living Facility,
REJUVN CARE LLC,16333 FINCH WAY WEST,ROSEMOUNT,MN,55068,4,426382,Assisted Living Facility,
REJUVN CARE LLC,15085 OAKCREST COURT,SAVAGE,MN,55378,5,426165,Assisted Living Facility,
REJUVN CARE LLC,1551 RED CEDAR ROAD,EAGAN,MN,55121,5,426021,Assisted Living Facility,
REJUVN CARE LLC,1486 ROUNDS HOUSE CIRCLE,SHAKOPEE,MN,55379,4,426375,Assisted Living Facility,
RELIACARE HOME HEALTH INC,680 THOMAS AVENUE,ST. PAUL,MN,55104,4,422731,Assisted Living Facility,
RELIACARE HOME HEALTH INC,1286 SHERBURNE AVENUE,ST PAUL,MN,55104,5,425261,Assisted Living Facility,
RELIACARE HOME HEALTH INC,751 SHERBURNE AVENUE,ST. PAUL,MN,55104,5,422732,Assisted Living Facility,
RELIACARE HOME HEALTH INC,445 ST ANTHONY AVENUE,ST PAUL,MN,55103,5,424915,Assisted Living Facility,
RELIEF HOMECARE LLC,16334 GLEN OAKS RD,LAKEVILLE,MN,55044,4,425680,Assisted Living Facility,
RELIEF HOMECARE LLC,14420 HOLLOW PARK LANE,BURNSVILLE,MN,55306,4,425834,Assisted Living Facility,
REMMYS TENDER CARE LLC LIMITED LIABILITY COMPANY,1439 SHERBURNE AVENUE,ST PAUL,MN,55104,5,425773,Assisted Living Facility,
RESIDENCES AT ST ANTHONY ASSISTED LIVING LLC,3701 CHANDLER DRIVE NE,ST. ANTHONY,MN,55421,135,426077,Assisted Living Facility,
RESIDENTIAL CARE NINE MILE CREEK,6520 PORTLAND AVENUE,RICHFIELD,MN,55423,6,423468,Assisted Living Facility,
RESIDENTIAL CARE NINE MILE CRK,10641 JAMES ROAD,BLOOMINGTON,MN,55431,6,423469,Assisted Living Facility,
RESIDENTIAL CARE NINE MILE CRK,7421 13TH AVENUE SOUTH,RICHFIELD,MN,55423,5,423571,Assisted Living Facility,
RESIDENTIAL HOME HEALTH CARE CORP,8201 15TH AVENUE SOUTH,BLOOMINGTON,MN,55425,5,423632,Assisted Living Facility,
REST CARE HOME SERVICES LLC,2421 WEST 98TH STREET,BLOOMINGTON,MN,55431,4,424679,Assisted Living Facility,
REST CARE HOMES INC,515 16TH AVENUE NORTH,ST. CLOUD,MN,56303,4,424183,Assisted Living Facility,
RESTART INC.,4654 MINNEHAHA AVENUE SOUTH,MINNEAPOLIS,MN,55406,9,422467,Assisted Living Facility,
RESTART INC.,4525 ALDRICH AVENUE SOUTH,MINNEAPOLIS,MN,55419,10,422468,Assisted Living Facility,
RESTART INC,614 8TH STREET SE,MINNEAPOLIS,MN,55414,7,422469,Assisted Living Facility,
RESTFUL HOME LLC,1000 REANEY AVENUE,ST. PAUL,MN,55106,10,426034,Assisted Living Facility,
RESTFUL LIVING,399 RUTH STREET NORTH,ST. PAUL,MN,55119,44,426269,Assisted Living Facility,
RESTORATION HEALTH CARE LLP,14886 EASTER AVENUE,APPLE VALLEY,MN,55124,5,424977,Assisted Living Facility,
RESTORATION SERVICES OF MN INC,417 MINNESOTA STREET,SANDSTONE,MN,55072,5,423010,Assisted Living Facility,
RESTORE LIVING WELL HOME CARE LLC,575 CALIFORNIA AVE E,ST PAUL,MN,55130,5,424143,Provisional Assisted Living Facility,
REVIVE CARE SERVICES INC,5111 IRVING AVENUE NORTH,MINNEAPOLIS,MN,55430,4,422314,Assisted Living Facility,
RHODIUM HEALTHCARE SERVICES,11323 74TH STREET NE,OTSEGO,MN,55301,4,425268,Assisted Living Facility,
RHYTHM ASSISTED LIVING,6251 6TH STREET NORTHEAST,FRIDLEY,MN,55432,5,423271,Assisted Living Facility,
RICHANGEL CARE INC,425 LAURIE ROAD EAST,MAPLEWOOD,MN,55117,5,425378,Assisted Living Facility,
RICHFIELD SENIOR SUITES LLC,6808 3RD AVENUE SOUTH,RICHFIELD,MN,55423,5,425456,Assisted Living Facility,
RIDGEVIEW ASSISTED LIVING LLC,2020 RIDGEVIEW DRIVE,INTERNATIONAL FALLS,MN,56649,12,426114,Assisted Living Facility,
RIDGEVIEW SENIOR LIVING,1009 10TH AVENUE NE,SAUK RAPIDS,MN,56374,57,422162,Assisted Living Facility Dementia Care,
RIGHT AT HOME CARE LLC,7520 THIRD AVE S,RICHFIELD,MN,55423,5,424367,Provisional Assisted Living Facility,
RIGHT AT HOME INC,1100 W 139TH AVE,BURNSVILLE,MN,55337,5,421917,Provisional Assisted Living Facility,
RILEY CROSSING SENIOR LIVING,620 ALDRICH DRIVE,CHANHASSEN,MN,55317,165,425731,Assisted Living Facility Dementia Care,
RISE RESIDENTIAL SERVICES SC,8424 CLINTON AVENUE SOUTH,BLOOMINGTON,MN,55420,5,424930,Assisted Living Facility,
RISE UP HOME CARE LLC,7207 FRANCE AVENUE,BROOKLYN CENTER,MN,55429,5,426487,Assisted Living Facility,
"RISEN HOME CARE, LLC",5333 BRYANT AVENUE NORTH,BROOKLYN CENTER,MN,55430,5,424266,Assisted Living Facility,
"RISEN HOME CARE, LLC",2208 69TH AVE N,BROOKLYN CENTER,MN,55430,4,423675,Assisted Living Facility,
RISEN HOME CARE LLC,3012 THURBER ROAD,BROOKLYN CENTER,MN,55429,4,424153,Assisted Living Facility,
RIVER GRAND SENIOR LIVING,355 RIVER ROAD,GRAND RAPIDS,MN,55744,78,422471,Assisted Living Facility Dementia Care,
RIVER OAKS AT LAKE PEPIN LLC,815 NORTH HIGH STREET,LAKE CITY,MN,55041,38,426417,Assisted Living Facility,
RIVER OAKS AT SHADY RIDGE LLC,225 SHADY RIDGE ROAD NW,HUTCHINSON,MN,55350,42,424109,Assisted Living Facility,
RIVER OAKS AT WATERTOWN,409 JEFFERSON AVENUE SW,WATERTOWN,MN,55388,50,423529,Assisted Living Facility,
RIVER OAKS COLUMBIA HEIGHTS,900 42ND AVENUE NE,COLUMBIA HEIGHTS,MN,55421,68,424265,Assisted Living Facility Dementia Care,
RIVER OF LIFE RESIDENTIAL LLC,45 BATTLE CREEK ROAD,ST. PAUL,MN,55119,5,421879,Assisted Living Facility,
RIVER POINTE OF MOORHEAD,2401 11TH STREET SOUTH,MOORHEAD,MN,56560,80,422177,Assisted Living Facility Dementia Care,
RIVER'S EDGE AT KITTSON HEALTHCARE,513 10TH STREET SE,HALLOCK,MN,56728,10,425360,Assisted Living Facility,
RIVERFRONT MANOR,215 EAST MILL AVENUE,PELICAN RAPIDS,MN,56572,23,421994,Assisted Living Facility,
RIVERFRONT ON MAIN,119 NORTH BROADWAY,PELICAN RAPIDS,MN,56572,28,426229,Assisted Living Facility Dementia Care,
RIVERS EDGE ASSISTED LIVING,11 MINNESOTA AVENUE SOUTH,AITKIN,MN,56431,66,422444,Assisted Living Facility,
RIVERS OF LIFE,2811 PILOT KNOB,EAGAN,MN,55121,32,423268,Assisted Living Facility Dementia Care,
RIVERS OF LIFE,6700 EGAN DRIVE,SAVAGE,MN,55378,42,422298,Assisted Living Facility Dementia Care,
RIVERSIDE ASSISTED LIVING,812 CENTRE STREET EAST,ROYALTON,MN,56373,15,425492,Assisted Living Facility,
RIVERSIDE ASSISTED LIVING,885 MEADOWVIEW CIRCLE NORTH,PILLAGER,MN,56473,24,425448,Assisted Living Facility,
"RIVERVIEW HOME, LLC",9257 UNITY ST NW,COON RAPIDS,MN,55433,5,425273,Assisted Living Facility,
RIVERVIEW LANDING,9200 QUANTRELLE AVENUE NE,OTSEGO,MN,55330,170,426310,Assisted Living Facility Dementia Care,
RIVERVILLAGE EAST,2919 RANDOLPH STREET NE,MINNEAPOLIS,MN,55418,70,425913,Assisted Living Facility Dementia Care,
RIZON HOMES,1017 7TH STREET NW,FARIBAULT,MN,55021,10,425490,Assisted Living Facility,
RIZON HOMES,4 3RD AVENUE SW,FARIBAULT,MN,55021,9,425489,Assisted Living Facility,
ROBERTS HOUSE,7749 NEWTON AVENUE NORTH,BROOKLYN PARK,MN,55444,5,423676,Assisted Living Facility,
ROITENBERG FAMILY ASSISTED LIVING RESIDENCE,3610 PHILLIPS PARKWAY SOUTH,ST. LOUIS PARK,MN,55426,76,423069,Assisted Living Facility Dementia Care,
ROMAN HEALTH SERVICES LLC,10220 47 AVE N,PLYMOUTH,MN,55442,5,421855,Provisional Assisted Living Facility,
ROSE ARBOR WILDFLOWER LODGE,16500 92ND AVENUE NORTH,MAPLE GROVE,MN,55311,144,422299,Assisted Living Facility Dementia Care,
ROSE HAVEN ASSISTED LIVING INC,37 6TH STREET SE,MENAHGA,MN,56464,14,422749,Assisted Living Facility,
ROSEMOUNT COURT,3710 145TH STREET WEST,ROSEMOUNT,MN,55068,24,425471,Assisted Living Facility,
THE ROSEMOUNT LLC,14344 CAMEO AVENUE WEST,ROSEMOUNT,MN,55068,115,424541,Assisted Living Facility Dementia Care,
ROSEWOOD SENIOR LIVING LLC,801 MAIN STREET NORTH,CAMBRIDGE,MN,55008,30,422669,Assisted Living Facility,
ARDEN HILLS 1740 LLC,1740 PARKSHORE DRIVE,ARDEN HILLS,MN,55112,132,426058,Assisted Living Facility Dementia Care,
ROYAL AGE ASSISTED LIVING LLC,7047 GOODVIEW AVENUE SOUTH,COTTAGE GROVE,MN,55016,4,422854,Assisted Living Facility,
ROYAL HEALTH,12209 PARKWOOD PLACE,BURNSVILLE,MN,55337,5,425793,Assisted Living Facility,
ROYAL HEALTH,416 UNIQUE DRIVE,BURNSVILLE,MN,55337,5,425776,Assisted Living Facility,
RUNNSTONE SENIOR LIVING,1509 10TH AVENUE SOUTH,MINNEAPOLIS,MN,55404,350,426356,Assisted Living Facility,
RUSHSEBA STATION ASSISTED LIVING,700 WEST 14TH STREET,RUSH CITY,MN,55069,60,425452,Assisted Living Facility Dementia Care,
S & H HEALTH CARE SERVICES,4925 SORELL AVENUE,GOLDEN VALLEY,MN,55422,4,422445,Assisted Living Facility,
S & H HEALTH CARE SERVICES LLC,4935 SORELL AVE,GOLDEN VALLEY,MN,55422,5,425612,Provisional Assisted Living Facility,
S&O'S ASSISTED LIVING LLC,14856 EDGEWATER ROAD NE,PINE CITY,MN,55063,12,425011,Assisted Living Facility Dementia Care,
SABA ASSISTED LIVING LLC,2582 SPRUCE ST,LITTLE CANADA,MN,55117,5,425325,Provisional Assisted Living Facility,
SABAINAH HEALTHCARE INC,1816 YELLOWSTONE TRAIL,BROOKLYN PARK,MN,55444,4,422280,Assisted Living Facility,
SABAINAH HEALTHCARE INC,914 38TH STREET,ANOKA,MN,55303,4,426320,Assisted Living Facility,
SACRED HEART ASSISTED LVG APTS,1202 12TH STREET SW,AUSTIN,MN,55912,30,425630,Assisted Living Facility,
SAFE & COMPASSIONATE HOMECARE SERVICES INC,1819 SOUTH 6TH STREET,MINNEAPOLIS,MN,55454,4,422015,Assisted Living Facility,
SAFE HARBOR RESIDENTIAL CARE HOME LLC,13607 FORDHAM AVENUE,APPLE VALLEY,MN,55124,5,425904,Assisted Living Facility,
SAFE HARBOR RESIDENTIAL CARE HOME LLC,9812 FORD CIRCLE,ST. LOUIS PARK,MN,55426,4,424268,Assisted Living Facility,
SAFE HARBOR RSDNTL CARE HOME,6101 XERXES AVENUE NORTH,BROOKLYN CENTER,MN,55430,4,424764,Assisted Living Facility,
SAFE HAVEN LIVINGS LLC,712 EAST 152ND STREET,BURNSVILLE,MN,55306,5,418578,Assisted Living Facility,
SAFECARE HOMES INC,763 COUNTY ROAD B2 WEST,ROSEVILLE,MN,55113,4,425224,Assisted Living Facility,
SAFI HOME HEALTH LLC,13167 NATIONAL ST NE,BLAINE,MN,55449,5,425663,Provisional Assisted Living Facility,
SAINT THERESE AT ST. ODILIA,3500 VIVIAN AVENUE,SHOREVIEW,MN,55126,8,426235,Assisted Living Facility,
SAINT THERESE OF CORCORAN LLC,19810 79TH PLACE,CORCORAN,MN,55340,36,423506,Assisted Living Facility,
SAINT THERESE OF CORCORAN LLC,19820 79TH PLACE,CORCORAN,MN,55340,21,424142,Assisted Living Facility Dementia Care,
SAINT THERESE OF OXBOW LAKE,5100 OAK GROVE PARKWAY,BROOKLYN PARK,MN,55443,71,421523,Assisted Living Facility Dementia Care,
SAKINAH HOMES LLC,120 EAST FROST STREET,SOUTH ST. PAUL,MN,55075,4,426332,Assisted Living Facility,
SAMEY INC,7130 FRANCE AVENUE NORTH,BROOKLYN CENTER,MN,55429,5,424509,Assisted Living Facility,
SANFORD HEALTH SYLVAN PLACE,212 ST. OLAF AVENUE SOUTH,CANBY,MN,56220,25,423409,Assisted Living Facility,
SANFORD HEALTH TRILLIUM,930 ANNE STREET NW,BEMIDJI,MN,56601,30,425111,Assisted Living Facility Dementia Care,
SAYID CARE LLC,6 OAK RIDGE DRIVE,SOUTH ST PAUL,MN,55075,5,425906,Assisted Living Facility,
SCANDI HAVEN OF CURA,1710 MCKINNEY AVENUE,BENSON,MN,56215,84,423714,Assisted Living Facility Dementia Care,
SCENIC HILLS ALTERNATIVE CARE,1729 GERVAIS AVENUE,MAPLEWOOD,MN,55109,6,423451,Assisted Living Facility,
SCENIC HILLS ALTERNATIVE CARE,2170 SNOWSHOE LANE,ST. PAUL,MN,55119,6,423449,Assisted Living Facility,
SCENIC HILLS ALTERNATIVE CARE,1747 GERVAIS AVENUE,MAPLEWOOD,MN,55109,5,423454,Assisted Living Facility,
SCENIC HILLS ALTERNATIVE CARE,2519 COUNTY ROAD I,MOUNDS VIEW,MN,55112,5,423470,Assisted Living Facility,
SCENIC HILLS ALTERNATIVE CARE,2197 BONNIE LANE,ST. PAUL,MN,55119,5,423456,Assisted Living Facility,
SCENIC HILLS ALTERNATIVE CARE,2187 BONNIE LANE,ST. PAUL,MN,55119,6,423840,Assisted Living Facility,
SCENIC HILLS ALTERNATIVE CARE,2517 COUNTY ROAD I,MOUNDS VIEW,MN,55112,5,423471,Assisted Living Facility,
SCENIC HILLS ALTERNATIVE CARE,1990 QUEENS AVENUE,LAKE ST. CROIX BEACH,MN,55043,5,423455,Assisted Living Facility,
SCHOLASTICA COTTAGES LLC,8618 PARK AVE S,BLOOMINGTON,MN,55420,5,425276,Provisional Assisted Living Facility,
SCOTT CARE HOME INC,5472 WEST 143RD STREET,SAVAGE,MN,55378,5,422967,Assisted Living Facility,
SECOND HOME HEALTHCARE LLC,2421 18TH AVENUE NW,ROCHESTER,MN,55901,5,426102,Assisted Living Facility,
SECOND HORIZON LIVING LLC,7609 MODERN ROAD,BROOKLYN PARK,MN,55428,4,422447,Assisted Living Facility,
ARDEN HOMES LLC,1013 WEST RIVER ROAD,CHAMPLIN,MN,55316,5,425562,Assisted Living Facility,
SECURED HEALTH AND HOME CARE INC.,10410 CROCUS STREET NW,COON RAPIDS,MN,55433,4,426140,Assisted Living Facility,
SEED SENIOR LIVING LLC,5422 WEST OLD SHAKOPEE ROAD,BLOOMINGTON,MN,55437,5,423819,Assisted Living Facility,
SELECT SR LVG COON RAPIDS LLC,11350 MARTIN STREET NW,COON RAPIDS,MN,55433,90,425493,Assisted Living Facility Dementia Care,
SENIOR LIVING LLC,8478-8480 ADAIR AVENUE NORTH,BROOKLYN PARK,MN,55443,5,424345,Assisted Living Facility,
SENIOR LIVING LLC,7949 BRUNSWICK AVENUE NORTH,BROOKLYN PARK,MN,55443,4,425385,Assisted Living Facility,
SENIOR LIVING LLC,7909 BRUNSWICK AVE N,BROOKLYN PARK,MN,55443,4,422522,Provisional Assisted Living Facility,
SERENDIPITOUS LIVING,103 ROBIE STREET WEST,ST. PAUL,MN,55107,4,424185,Assisted Living Facility,
SERENDIPITOUS LIVING,7935 UPPER 139TH COURT WEST,APPLE VALLEY,MN,55124,5,424186,Assisted Living Facility,
SERENE HAVEN LLC,4050 NATHAN LANE N,PLYMOUTH,MN,55441,5,422302,Provisional Assisted Living Facility,
SERENEAID HEALTH INC,333 BURKE AVENUE WEST,ROSEVILLE,MN,55113,5,423055,Provisional Assisted Living Facility,
SERENIA HOME HEALTH LLC,8206 DUPONT AVE S,BLOOMINGTON,MN,55420,5,424902,Provisional Assisted Living Facility,
SERENITY ASSISTED LIVING,1204 OAKVIEW DRIVE,DILWORTH,MN,56529,37,423798,Assisted Living Facility,
SERENITY ASSISTED LIVING,1125 OAKVIEW DRIVE,DILWORTH,MN,56529,27,423660,Assisted Living Facility,
SERENITY ASSISTED LIVING & MEMORY CARE,1251 3RD AVENUE NW,DILWORTH,MN,56529,14,423841,Assisted Living Facility Dementia Care,
SERENITY COURT,100 COURT AVENUE SOUTH,SANDSTONE,MN,55072,50,424498,Assisted Living Facility,
SERENITY GROUP HOMES LLC,3234 DUPONT AVENUE NORTH,MINNEAPOLIS,MN,55412,4,423903,Assisted Living Facility,
SERENITY HAVEN GROUP HOME LLC,2400 IVY LANE,BLOOMINGTON,MN,55431,3,422319,Provisional Assisted Living Facility,
SERENITY HEALTHCARE SERVICES,5524 84TH AVE N,BROOKLYN PARK,MN,55443,5,425732,Provisional Assisted Living Facility,
SERENITY LIVING CARE INC,2300 CARVER AVENUE EAST,MAPLEWOOD,MN,55119,4,424246,Assisted Living Facility,
SERENITY LIVING CARE INC,2449 SHRYER AVE E,NORTH ST PAUL,MN,55109,5,424248,Assisted Living Facility,
SERENITY LIVING RESIDENTIAL INC,7527 BLOOMINGTON AVENUE SOUTH,RICHFIELD,MN,55423,5,423171,Assisted Living Facility,
SERENITY PLACE ON 7TH,329 7TH AVENUE SE,ST. JOSEPH,MN,56374,50,424506,Assisted Living Facility,
SERENITY SUITES SENIOR LIVING AT WABASSO,1381 MAY STREET,WABASSO,MN,56293,16,422946,Assisted Living Facility Dementia Care,
SERENITY VILLAGE ASSISTED LIVING,113 SERENITY COURT,AVON,MN,56310,25,423905,Assisted Living Facility Dementia Care,
SEROVA RESIDENCE LLC,9007 REGENT PKWY,BROOKLYN PARK,MN,55443,5,422623,Provisional Assisted Living Facility,
SERVING HART INC,601 EAST LAKE STREET,CHISHOLM,MN,55719,28,422518,Assisted Living Facility,
SHAMAANI ASSISTANT LIVING LLC,1873 STINSON BOULEVARD,NEW BRIGHTON,MN,55112,5,425173,Assisted Living Facility,
SHARONS FAITH LLC,3923 GLOBEFLOWER CIRCLE NORTH,BROOKLYN PARK,MN,55443,5,419781,Assisted Living Facility,
SHAXLE ASSISTED LIVING INC,6237 LEE AVE N,BROOKLYN CENTER,MN,55429,5,421883,Provisional Assisted Living Facility,
SHEKKY CARE SERVICES PROFESSIONAL CORPORATION,1160 CHICAGO AVENUE,ST PAUL PARK,MN,55071,5,422908,Assisted Living Facility,
SHELTER ARM LLC,9444 FALLGOLD PARKWAY NORTH,BROOKLYN PARK,MN,55443,5,425304,Assisted Living Facility,
SHELTER ARMS2 LIVING LLC,7201 KYLE AVE N,BROOKLYN CENTER,MN,55429,5,422876,Provisional Assisted Living Facility,
SHEPHERD OF GRACE LLC,11175 27TH AVENUE SE,BECKER,MN,55308,71,423231,Assisted Living Facility Dementia Care,
SHEPHERD SENIOR HOUSING LLC,1306 ALTON STREET,ST. PAUL,MN,55116,64,424983,Assisted Living Facility Dementia Care,
SHEPHERDS HOME LLC,8381 YEARLING DRIVE,WOODBURY,MN,55129,5,426244,Assisted Living Facility,
SHEPHERDS INN ASSISTED LIVING INC,46 1ST AVENUE SW,WELLS,MN,56097,24,423371,Assisted Living Facility,
SHERBURN EDA OPERATING TEMPERANCE LAKE RIDGE,410 FOX LAKE AVENUE,SHERBURN,MN,56171,65,425972,Assisted Living Facility Dementia Care,
SHERIDAN SPECIAL CARE,6925 SHERIDAN AVENUE SOUTH,RICHFIELD,MN,55423,5,422972,Assisted Living Facility,
SHILOH ASSISTED LIVING,5384 COUNTRY CARE LANE,PEQUOT LAKES,MN,56472,70,423628,Assisted Living Facility Dementia Care,
SHIRES GROUP HOME INC,3909 4TH AVENUE SOUTH,MINNEAPOLIS,MN,55409,4,425513,Assisted Living Facility,
SHOREVIEW SENIOR LIVING LLC,4710 CUMBERLAND STREET,SHOREVIEW,MN,55126,165,423586,Assisted Living Facility Dementia Care,
SHOREWOOD COMMONS,2115 2ND STREET SW,ROCHESTER,MN,55902,90,423230,Assisted Living Facility Dementia Care,
SHOREWOOD LANDING,6000 CHASKA ROAD,SHOREWOOD,MN,55331,130,425746,Assisted Living Facility Dementia Care,
SIERRA CARE,9120 SIERRA RD,WOODBURY,MN,55125,5,423579,Provisional Assisted Living Facility,
SILVER BAY CAREFREE LIVING BY OXFORD LIVING,36 BELL CIRCLE,SILVER BAY,MN,55614,34,425169,Assisted Living Facility Dementia Care,
SILVER MAPLE RESIDENCE INC,802 28TH STREET SE,BRAINERD,MN,56401,20,426222,Assisted Living Facility,
SILVER MAPLE RESIDENCE INC,710 28TH STREET SE,BRAINERD,MN,56401,28,426223,Assisted Living Facility,
SILVER MEADOWS ASSISTED LIVING LLC,813 MEYER STREET N,MAPLEWOOD,MN,55119,3,420759,Provisional Assisted Living Facility,
SILVERCREEK ON MAIN,8200 MAIN STREET,MAPLE GROVE,MN,55369,115,424698,Assisted Living Facility Dementia Care,
SILVERCREST PROPERTIES LLC,2700 RICE CREEK ROAD,NEW BRIGHTON,MN,55112,86,422060,Assisted Living Facility Dementia Care,
SILVERCREST PROPERTIES LLC,6501 WOODLAKE DRIVE,RICHFIELD,MN,55423,240,422336,Assisted Living Facility Dementia Care,
SILVERCREST PROPERTIES LLC,3633 PARK CENTER BOULEVARD,ST. LOUIS PARK,MN,55416,100,425888,Assisted Living Facility Dementia Care,
SILVERCREST PROPERTIES LLC,8501 FLYING CLOUD DRIVE,EDEN PRAIRIE,MN,55344,100,422231,Assisted Living Facility Dementia Care,
SILVERWOOD CARE VILLA LLC,6714 92ND BAY,COTTAGE GROVE,MN,55016,3,423073,Assisted Living Facility,
SILVERWOOD CARE VILLA LLC,6714 92ND BAY,COTTAGE GROVE,MN,55016,3,424176,Assisted Living Facility,
SINCERE CARE INC,13515 NICOLLET LANE,BURNSVILLE,MN,55437,5,422305,Assisted Living Facility,
SINCERE CARE INC,12901 1ST AVENUE SOUTH,BURNSVILLE,MN,55337,5,424647,Assisted Living Facility,
SINCERE CARE SHAKOPEE LLC,1737 RIVERSIDE DR,SHAKOPEE,MN,55379,5,425484,Provisional Assisted Living Facility,
SISTER SUPPORT LLC,3220 NATHAN LANE NORTH,PLYMOUTH,MN,55441,4,423112,Assisted Living Facility,
SISTER SUPPORT LLC,1502 ARCHWOOD ROAD,MINNETONKA,MN,55305,4,423109,Assisted Living Facility,
SISTER SUPPORT LLC,14312 ROCKFORD ROAD,PLYMOUTH,MN,55446,4,423107,Assisted Living Facility,
SISTER SUPPORT LLC,2464 HEMLOCK LANE NORTH,PLYMOUTH,MN,55441,4,423110,Assisted Living Facility,
SISTER SUPPORT LLC,10805 SOUTH SHORE DRIVE,PLYMOUTH,MN,55441,4,423089,Assisted Living Facility,
SISTERS ASSISTANT LIVING CARE,1129 COUNTY ROAD B2 WEST,ROSEVILLE,MN,55113,4,425176,Assisted Living Facility,
SISTERS HOME HEALTH CARE LLC,7438 VINCENT AVENUE,RICHFIELD,MN,55423,5,423919,Assisted Living Facility,
SISTERS HOME HEALTH CARE LLC,6005 EWING AVENUE SOUTH,EDINA,MN,55410,4,424003,Assisted Living Facility,
SKYBLU RESIDENTIAL SERVICES,8943 DUNBAR KNOLL NORTH,BROOKLYN PARK,MN,55443,5,424473,Assisted Living Facility,
SKYBLU RESIDENTIAL SERVICES,9121 BARRINGTON TERRACE,BROOKLYN PARK,MN,55443,5,423327,Assisted Living Facility,
SKYBLU RESIDENTIAL SERVICES,9101 GEORGIA COURT NORTH,BROOKLYN PARK,MN,55445,5,424840,Assisted Living Facility,
SKYLIGHT GARDENS APARTMENTS LLC,501 1ST STREET NORTH,ST. CLOUD,MN,56303,63,422334,Assisted Living Facility,
SKYLINE ASSISTED LIVING,665 EAST 82ND STREET,BLOOMINGTON,MN,55420,5,426284,Assisted Living Facility,
SKYVIEW HOME CARE LLC,3201 SKYVIEW DRIVE,BURNSVILLE,MN,55337,5,425267,Assisted Living Facility,
SKYVIEW HOUSING,670 HEINEL DRIVE,ROSEVILLE,MN,55113,5,425142,Assisted Living Facility,
SKYVIEW PLAZA,1100 COURT DRIVE,MORRIS,MN,56267,50,424855,Assisted Living Facility,
SLEEPY EYE ASSISTED LIVING LLC,1100 1ST AVENUE SOUTH,SLEEPY EYE,MN,56085,60,423674,Assisted Living Facility,
SMC ASHTON INC,6242 LARCH LANE NORTH,MAPLE GROVE,MN,55369,4,424921,Assisted Living Facility,
SMC ASHTON INC,7435 78TH COURT NORTH,BROOKLYN PARK,MN,55445,4,424923,Assisted Living Facility,
SMC ASHTON INC,3840 BOONE AVENUE NORTH,NEW HOPE,MN,55427,4,425004,Assisted Living Facility,
"SMC ASHTON, INC",6642 DUPONT AVENUE,BROOKLYN CENTER,MN,55430,4,425008,Assisted Living Facility,
SMC ASHTON INC,9300 NORTHWOOD PARKWAY,NEW HOPE,MN,55427,4,425006,Assisted Living Facility,
"SMC ASHTON, INC",7523 HUMBOLDT CIRCLE NORTH,BROOKLYN PARK,MN,55444,4,424922,Assisted Living Facility,
SOFTOUCHCARINGPARTNERS LLC,5142 USEPPA TRL,WOODBURY,MN,55129,5,423811,Provisional Assisted Living Facility,
SOKHA ASSISTED LIVING LLC,2217 MERIDIAN DRIVE,SHAKOPEE,MN,55379,5,424684,Provisional Assisted Living Facility,
"SOLACE HEALING, LLC",5909 QUAIL AVE N,CRYSTAL,MN,55429,5,424092,Assisted Living Facility,
SOLACE HEALTH SERVICES LLC,9317 MINNESOTA LANE NORTH,MAPLE GROVE,MN,55369,5,424677,Assisted Living Facility,
SOLBAKKEN INC,16200 37TH AVENUE NORTH,PLYMOUTH,MN,55446,6,424614,Assisted Living Facility,
SOLBAKKEN INC,18255 83RD AVENUE NORTH,MAPLE GROVE,MN,55311,7,424613,Assisted Living Facility,
SOLUTION HOME CARE LLC,9037 MOORLAND CHASE,BROOKLYN PARK,MN,55443,4,422375,Assisted Living Facility,
SOMCARE LLC,2530 WASHINGTON ST NE,MINNEAPOLIS,MN,55418,5,419143,Assisted Living Facility,
SOPHIE'S MANOR ASSISTED LIVING,17500 RANCH DRIVE,PINE CITY,MN,55063,11,425814,Assisted Living Facility,
SOTAM HOMECARE LLC,9271 LAKE ROAD,WOODBURY,MN,55125,4,425766,Assisted Living Facility,
SOTAM HOMECARE LLC,7781 CAYENNE PLAZA WEST,WOODBURY,MN,55125,5,425774,Assisted Living Facility,
SOURIYATHAY ENTERPRISES LLC,10932 GETTYSBURG AVENUE NORTH,CHAMPLIN,MN,55316,5,423595,Assisted Living Facility,
SOURIYATHAY ENTERPRISES LLC,6231 SUNNY LANE,BROOKLYN PARK,MN,55428,5,423735,Assisted Living Facility,
SOUTH GROVE LODGE SENIOR LIVING,1701 22ND AVENUE SW,AUSTIN,MN,55912,85,424235,Assisted Living Facility,
SOUTH METRO HEALTHCARE LLC,2205 FRIENDSHIP LANE,BURNSVILLE,MN,55337,5,425022,Assisted Living Facility,
SOUTH VIEW LIVING CENTER,555 EAST 12TH STREET,GIBBON,MN,55335,12,423167,Assisted Living Facility Dementia Care,
SOUTHERN OAKS PLACE,10669 ULYSSES STREET NE,BLAINE,MN,55449,34,423828,Assisted Living Facility Dementia Care,
SPELTZ ESTATES ASSISTED LIVING,232 FREMONT STREET SOUTH,LEWISTON,MN,55952,14,426288,Assisted Living Facility,
SPES RESIDENTIAL CARE LLC,6336 WILRYAN AVE,EDINA,MN,55436,5,419529,Assisted Living Facility,
SPIRIT CARE HOMES,3727 SHADY OAK ROAD,MINNETONKA,MN,55305,10,425383,Assisted Living Facility Dementia Care,
SPRING GROVE ASSISTED LIVING,130 5TH AVENUE SE,SPRING GROVE,MN,55974,24,426188,Assisted Living Facility,
SPRING VALLEY ESTATES,815 MEMORIAL DRIVE,SPRING VALLEY,MN,55975,38,425311,Assisted Living Facility Dementia Care,
SPRING'S HOPE CARE LLC,8645 FREMONT AVE S,BLOOMINGTON,MN,55420,5,422529,Provisional Assisted Living Facility,
ST. ANDREW'S VILLAGE,220 EAST AVENUE,MAHTOMEDI,MN,55115,80,426180,Assisted Living Facility Dementia Care,
ST. ANN'S HOME,330 EAST 3RD STREET,DULUTH,MN,55805,150,424112,Assisted Living Facility,
ST. BENEDICT'S COURT,1301 EAST 7TH STREET,MONTICELLO,MN,55362,98,423166,Assisted Living Facility Dementia Care,
ST. CHARLES RETIREMENT COMMUNITY,402 WEST 4TH STREET,ST. CHARLES,MN,55972,42,423184,Assisted Living Facility Dementia Care,
ST. ELIZABETH HOSPITAL,1200 GRANT BOULEVARD WEST,WABASHA,MN,55981,46,423208,Assisted Living Facility,
ST. JUDE HOME HEALTH LLC,4506 IMPATIENS AVENUE NORTH,BROOKLYN PARK,MN,55443,5,424873,Assisted Living Facility,
ST JUDE HOME HEALTH LLC,11261 WEST RIVER ROAD,CHAMPLIN,MN,55316,5,426106,Assisted Living Facility,
ST. JUDE HOME HEALTH LLC,6426 109TH PLACE NORTH,CHAMPLIN,MN,55316,4,425303,Assisted Living Facility,
ST. MARK'S HERITAGE COMMUNITY,400 15TH AVENUE SW,AUSTIN,MN,55912,54,422523,Assisted Living Facility Dementia Care,
ST. SCHOLASTICA CONVENT,1845 20TH AVENUE SE,ST. CLOUD,MN,56304,72,422385,Assisted Living Facility Dementia Care,
ST. THERESE OF WOODBURY LLC,7555 BAILEY ROAD,WOODBURY,MN,55129,70,426197,Assisted Living Facility Dementia Care,
STANTON HOUSE W SERVICES INC,3350 JAMES AVENUE NORTH,MINNEAPOLIS,MN,55412,5,426045,Assisted Living Facility,
STANTON HOUSE W SERVICES INC,4847 BRYANT AVENUE NORTH,MINNEAPOLIS,MN,55430,6,426044,Assisted Living Facility,
STANTON HOUSE WITH SERVICES,3354 JAMES AVENUE NORTH,MINNEAPOLIS,MN,55412,4,426111,Assisted Living Facility,
STANTON HOUSE WITH SERVICES,5403 MINAQUA DRIVE,GOLDEN VALLEY,MN,55422,5,424927,Provisional Assisted Living Facility,
STAR CARE HEALTH SERVICES LLC,1729 15TH AVENUE SOUTH UNIT 1,MINNEAPOLIS,MN,55404,5,422857,Assisted Living Facility,
STAR GROUP HOME INC,6143 3RD AVENUE SOUTH,MINNEAPOLIS,MN,55419,4,422781,Assisted Living Facility,
STAR HOMES LLC,6830 PERRY AVE N,BROOKLYN CENTER,MN,55429,5,424483,Provisional Assisted Living Facility,
STAR LIVING CARE LLC,9930 COLUMBUS AVENUE SOUTH,BLOOMINGTON,MN,55420,4,425745,Assisted Living Facility,
STARFILL HEALTH INC,6917 101ST STREET SOUTH,COTTAGE GROVE,MN,55016,5,422430,Assisted Living Facility,
STARPATH LIVING INC,171 92ND AVE NE,BLAINE,MN,55434,5,425551,Provisional Assisted Living Facility,
STELIX CARE LLC,843 33RD AVENUE NORTH,ST CLOUD,MN,56303,5,424946,Assisted Living Facility,
STERLING PARK SENIOR LIVING,114 NORTH 1ST STREET,WAITE PARK,MN,56387,109,421826,Assisted Living Facility,
STERLING POINTE SENIOR LIVING,1250 NORTHLAND DRIVE,PRINCETON,MN,55371,65,426431,Assisted Living Facility Dementia Care,
"STEVENS COMMUNITY MEDICAL CENTER, INC",409 EAST 1ST STREET,MORRIS,MN,56267,5,425670,Assisted Living Facility,
HOMECARE INC,2742 14TH AVE S,MINNEAPOLIS,MN,55407,5,423744,Provisional Assisted Living Facility,
STONECREST,8725 PROMENADE LANE,WOODBURY,MN,55125,90,423226,Assisted Living Facility Dementia Care,
STONECREST LIVING,5022 BAKER ROAD,MINNETONKA,MN,55343,6,425082,Assisted Living Facility,
STONEHAVEN SENIOR LIVING,1000 STATION TRAIL,EAGAN,MN,55123,125,424351,Assisted Living Facility Dementia Care,
STONEY RIVER RAMSEY,14401 NOWTHEN BOULEVARD NW,RAMSEY,MN,55303,80,422506,Assisted Living Facility Dementia Care,
STORYPOINT BLAINE,11748 ULYSSES LANE NE,BLAINE,MN,55434,66,423203,Assisted Living Facility Dementia Care,
500 CARLSON PARKWAY OPCO LLC,500 CARLSON PARKWAY,MINNETONKA,MN,55305,115,424220,Assisted Living Facility Dementia Care,
STORYPOINT COLUMBIA HEIGHTS,3801 HART BOULEVARD NE,COLUMBIA HEIGHTS,MN,55421,85,425095,Assisted Living Facility Dementia Care,
STORYPOINT EAGAN,3810 ALDER LANE,EAGAN,MN,55122,155,424875,Assisted Living Facility Dementia Care,
STORYPOINT FARIBAULT,828 1ST STREET NE,FARIBAULT,MN,55021,65,424213,Assisted Living Facility Dementia Care,
STORYPOINT GOLDEN VALLEY,4950 OLSON MEMORIAL HIGHWAY,GOLDEN VALLEY,MN,55422,92,423692,Assisted Living Facility Dementia Care,
STORYPOINT HIGHLAND PARK,750 MISSISSIPPI RIVER BLVD,ST. PAUL,MN,55116,109,425754,Assisted Living Facility Dementia Care,
STORYPOINT MANKATO,100 DUBLIN ROAD,MANKATO,MN,56001,140,425089,Assisted Living Facility Dementia Care,
STORYPOINT MINNETONKA,18605 OLD EXCELSIOR BOULEVARD,MINNETONKA,MN,55345,74,423624,Assisted Living Facility Dementia Care,
STORYPOINT OAKDALE,7088 11TH STREET NORTH,OAKDALE,MN,55128,100,425974,Assisted Living Facility Dementia Care,
STORYPOINT PRIOR LAKE,4685 PARK NICOLLET AVENUE,PRIOR LAKE,MN,55372,120,424444,Assisted Living Facility Dementia Care,
STORYPOINT ROSEVILLE,2750 NORTH VICTORIA STREET,ROSEVILLE,MN,55113,107,425760,Assisted Living Facility Dementia Care,
STORYPOINT ROSEDALE,2555 SNELLING AVENUE NORTH,ROSEVILLE,MN,55113,91,423690,Assisted Living Facility Dementia Care,
STORYPOINT WACONIA,500 CHERRY STREET,WACONIA,MN,55387,115,424645,Assisted Living Facility Dementia Care,
STORYPOINT WHITE BEAR LAKE,3820 HOFFMAN ROAD,WHITE BEAR LAKE,MN,55110,152,424974,Assisted Living Facility Dementia Care,
STORYPOINT WOODBURY,2195 CENTURY AVENUE SOUTH,WOODBURY,MN,55125,85,424618,Assisted Living Facility Dementia Care,
SUBURBAN RESIDENTIAL CARE,7019 MORGAN AVENUE NORTH,BROOKLYN CENTER,MN,55430,4,425772,Assisted Living Facility,
SUBURBAN RESIDENTIAL CARE LLC,7138 18TH AVENUE SOUTH,RICHFIELD,MN,55423,4,425872,Provisional Assisted Living Facility,
SUGAR BROOK VILLA,20868 SUGAR HILLS ROAD,COHASSET,MN,55721,12,425182,Assisted Living Facility,
SUGAR LOAF SENIOR LIVING,765 MENARD ROAD,WINONA,MN,55987,92,426279,Assisted Living Facility Dementia Care,
SUITABLE COMMUNITY LIVING LLC,4173 CLOVER AVE,VADNAIS HEIGHTS,MN,55127,5,419935,Provisional Assisted Living Facility,
SUITE LIVING OF LITTLE CANADA,2740 RICE STREET,LITTLE CANADA,MN,55113,32,423180,Assisted Living Facility Dementia Care,
SUITE LIVING OF NORTH ST. PAUL,2710 13TH AVENUE EAST,NORTH ST. PAUL,MN,55109,32,423179,Assisted Living Facility Dementia Care,
SUITE LIVING SENIOR CARE,5600 CREDIT RIVER ROAD SE,PRIOR LAKE,MN,55372,32,422524,Assisted Living Facility Dementia Care,
SUITE LIVING SENIOR CARE,525 OSBORNE ROAD,SPRING LAKE PARK,MN,55432,33,425597,Assisted Living Facility Dementia Care,
SUITE LIVING SENIOR CARE,1880 134TH STREET EAST,BURNSVILLE,MN,55337,33,424925,Assisted Living Facility Dementia Care,
SUITE LIVING SENIOR CARE OF EAGAN,1950 DIFFLEY RD,EAGAN,MN,55122,32,425147,Provisional Assisted Living W Dementia C,
SUITE LIVING SENIOR CARE,4335 ZACHARY LANE N,PLYMOUTH,MN,55442,32,425137,Provisional Assisted Living W Dementia C,
SUITE LIVING SENIOR CARE OF ANOKA LLC,525 CUTTER STREET,ANOKA,MN,55303,32,424182,Assisted Living Facility Dementia Care,
SUITE LIVING SENIOR CARE OF BROOKLYN PARK,8500 REGENT AVENUE NORTH,BROOKLYN PARK,MN,55443,32,426153,Assisted Living Facility Dementia Care,
SUITE LIVING SENIOR CARE OF CRYSTAL LLC,3501 DOUGLAS DRIVE,CRYSTAL,MN,55442,32,426280,Assisted Living Facility Dementia Care,
SUITE LIVING SENIOR CARE OF EDEN PRAIRIE LLC,9360 HENNEPIN TOWN ROAD,EDEN PRAIRIE,MN,55347,32,424004,Assisted Living Facility Dementia Care,
SUITE LIVING SENIOR CARE OF FOREST LAKE LLC,19839 HEADWATERS BOULEVARD N,FOREST LAKE,MN,55025,32,422591,Assisted Living Facility Dementia Care,
SUITE LIVING SENIOR CARE OF LAKEVILLE LLC,20949 KEOKUK AVENUE,LAKEVILLE,MN,55044,32,426116,Assisted Living Facility Dementia Care,
SUITE LIVING SENIOR CARE OF MAPLE GROVE LLC,7010 ALVARADO LANE,MAPLE GROVE,MN,55311,32,425313,Assisted Living Facility Dementia Care,
SUITE LIVING SENIOR CARE OF RAMSEY,7007 139TH LANE NW,RAMSEY,MN,55303,32,425725,Assisted Living Facility Dementia Care,
"SUITE LIVING SENIOR CARE OF ROSEVILLE, LLC",197 COUNTY ROAD B2 WEST,ROSEVILLE,MN,55113,25,426460,Assisted Living Facility Dementia Care,
SUITE LIVING SENIOR CARE OF ROSEMOUNT LLC,14871 BUSINESS PARKWAY,ROSEMOUNT,MN,55068,32,424181,Assisted Living Facility Dementia Care,
SUITE LIVING SENIOR CARE OF SHAKOPEE,1645 WINDERMERE WAY,SHAKOPEE,MN,55379,32,424180,Assisted Living Facility Dementia Care,
SUITE LIVING SENIOR CARE OF VADNAIS,580 LIBERTY WAY,VADNAIS HEIGHTS,MN,55127,32,425765,Assisted Living Facility Dementia Care,
SUITE LIVING SENIOR CARE OF WEST ST. PAUL,938 SOUTH ROBERT STREET,WEST ST. PAUL,MN,55118,32,425312,Assisted Living Facility Dementia Care,
SUITE LIVING SR OF IGH,7900 AUSTIN WAY,INVER GROVE HEIGHTS,MN,55077,32,423322,Assisted Living Facility Dementia Care,
SUMMERWOOD OF CHANHASSEN,525 LAKE DRIVE,CHANHASSEN,MN,55317,84,424853,Assisted Living Facility Dementia Care,
SUMMERWOOD OF PLYMOUTH,16205 36TH AVENUE NORTH,PLYMOUTH,MN,55446,150,423100,Assisted Living Facility Dementia Care,
SUMMERWOODS HEALTHCARE SERVICE,8435 RED OAK DRIVE,MOUNDS VIEW,MN,55112,5,425549,Assisted Living Facility,
SUMMIT ASSISTED LIVING LLC,1389 SUMMIT AVENUE,ST PAUL,MN,55105,5,425525,Assisted Living Facility,
SUMMIT HILL SENIOR LIVING,1824 OLD HUDSON ROAD,ST. PAUL,MN,55119,115,426305,Assisted Living Facility Dementia Care,
SUMMIT RIDGE PLACE,1325 SUMMIT AVENUE NORTH,SAUK RAPIDS,MN,56379,25,425958,Assisted Living Facility Dementia Care,
SUMMIT VALLEY LLC,6712 DREW AVE N,BROOKLYN CENTER,MN,55429,5,422510,Provisional Assisted Living Facility,
SUNCREST ASSISTED LIVING,2400 WASHINGTON AVENUE,SCANLON,MN,55720,51,423059,Assisted Living Facility,
SUNFLOWER HOMES HEALTH LLC,901 REDWELL LANE,APPLE VALLEY,MN,55124,5,426420,Assisted Living Facility,
SUNLIGHT CARE LLC,13550 EVEREST AVE,APPLE VALLEY,MN,55124,5,421278,Assisted Living Facility,
SUNLIGHT SENIOR LIVING,400 WESTERN AVENUE,ST. PAUL,MN,55103,69,422235,Assisted Living Facility Dementia Care,
SUNNY HOMES LLC,9624 CLINTON AVE S,BLOOMINGTON,MN,55420,5,425840,Provisional Assisted Living Facility,
SUNNYSIDE OASIS LLC,11947 ELDORADO ST NW,COON RAPIDS,MN,55433,5,422304,Provisional Assisted Living Facility,
SUNRISE ASSISTED LIVING,15236 GERMANIUM CIRCLE NW,RAMSEY,MN,55303,5,424149,Assisted Living Facility,
SUNRISE ASSISTED LIVING LLC,2061 MARGARET ST,ST PAUL,MN,55119,5,422505,Provisional Assisted Living Facility,
SUNRISE ASSISTING LIVING LLC,7708 45TH 1/2 AVE N,NEW HOPE,MN,55428,5,422355,Assisted Living Facility,
SUNRISE OF EDINA,7128 FRANCE AVENUE SOUTH,EDINA,MN,55435,99,426425,Assisted Living Facility Dementia Care,
SUNRISE RESIDENTIAL LLC,6371 WASHINGTON ST NE,FRIDLEY,MN,55432,5,424322,Provisional Assisted Living Facility,
SUNRISE RESIDENTIAL SERVICES LLC,216 MAPLE LANE WEST,ROSEVILLE,MN,55113,4,421996,Assisted Living Facility,
SUNRISE VIEW ASSISTED LIVING,603 LOUISIANA AVENUE,ADRIAN,MN,56110,43,423452,Assisted Living Facility Dementia Care,
SUNRISE VILLAGE,1125 9TH STREET SE,WILLMAR,MN,56201,41,426171,Assisted Living Facility,
SUNRISE VILLAGE OF MILACA,115 9TH STREET NW,MILACA,MN,56353,40,424551,Assisted Living Facility,
SUNSET HOMES ASSISTED LIVING,5650 WEATHERHILL ROAD SW,ROCHESTER,MN,55902,,,Provisional Assisted Living Facility,
SUNSET HOMES ASSISTED LIVING,11237 11TH AVENUE NW,ORONOCO,MN,55960,7,422171,Assisted Living Facility,
SUNSET HOMES ASSISTED LIVING,3686 KENOSHA DRIVE NW,ROCHESTER,MN,55902,4,422651,Assisted Living Facility,
SUNSET HOMES ASSISTED LIVING,9938 18TH AVENUE NW,ORONOCO,MN,55960,5,422663,Assisted Living Facility,
SUNSHINE ASSISTED LIVING LLC,9517 CHICAGO AVENUE SOUTH,BLOOMINGTON,MN,55420,5,425442,Assisted Living Facility,
SUNSHINE ASSISTED LIVING SERVI,9540 COLUMBUS AVENUE SOUTH,BLOOMINGTON,MN,55420,4,422521,Assisted Living Facility,
SUNSHINE CORPORATION,7333 HARRIET AVENUE SOUTH,RICHFIELD,MN,55423,4,422248,Assisted Living Facility,
SUNSHINE GROUP HOME LLC,125 MAGNOLIA AVENUE WEST,ST. PAUL,MN,55117,4,423359,Assisted Living Facility,
SUNSHINE HOPECARE LLC,4533 COBALT DRIVE,WOODBURY,MN,55129,5,425362,Assisted Living Facility,
SUNSHINE SENIOR LIVING LLC,1485 CLARENCE STREET,ST PAUL,MN,55106,5,425720,Assisted Living Facility,
SUNSHINE SENIOR LIVING LLC,1479 LINCOLN TERRACE NE,COLUMBIA HEIGHTS,MN,55421,5,424594,Provisional Assisted Living Facility,
SUNSHINE WELLNESS CENTER INC,317 5TH AVENUE SE,MINNEAPOLIS,MN,55414,6,425432,Assisted Living Facility,
SUPERIOR SUPPORT LIVING LLC,3543 STONE POINT DR NE,ROCHESTER,MN,55906,5,421006,Provisional Assisted Living Facility,
SUPPORT HEALTH MN LLC,1027 LA FOND AVENUE,ST PAUL,MN,55104,4,421745,Provisional Assisted Living W Dementia C,
SUPPORTIVE LIVING LLC,3409 WEST PARK DRIVE,BURNSVILLE,MN,55306,5,426190,Assisted Living Facility,
SYNCARE GRANDE,13245 45TH AVENUE NORTH,PLYMOUTH,MN,55442,6,422965,Assisted Living Facility Dementia Care,
SYNCARE GRANDVIEW,13245 46TH AVENUE NORTH,PLYMOUTH,MN,55442,5,422675,Assisted Living Facility,
SYNCARE JOY HOME,11100 JOY LANE,MINNETONKA,MN,55305,5,423379,Assisted Living Facility Dementia Care,
TABERIN GROUP HOMES LLC,13020 LAKEVIEW DR,BURNSVILLE,MN,55337,5,424335,Provisional Assisted Living Facility,
TABERNACE HOME CARE,189 ULMER DRIVE,LINO LAKES,MN,55014,5,421212,Assisted Living Facility,
TAILORED CARE RESIDENCE INC,2311 10TH AVENUE SOUTH,MINNEAPOLIS,MN,55404,4,424979,Assisted Living Facility,
AHR ST CLOUD MN SH TRS SUB LLC,215 37TH AVENUE NORTH,ST. CLOUD,MN,56303,160,424329,Assisted Living Facility Dementia Care,
AHR PLYMOUTH MN SH TRS SUB. LLC,3025 NORTH HARBOR LANE,PLYMOUTH,MN,55447,130,425805,Assisted Living Facility Dementia Care,
"AHR WOODBURY MN SH TRS SUB, LLC",289 KAREN DRIVE,WOODBURY,MN,55129,275,424884,Assisted Living Facility Dementia Care,
TAMARACK COURT OF BEMIDJI,1511 DELTON AVENUE NW,BEMIDJI,MN,56601,60,425168,Assisted Living Facility,
TAMAY HOME HEALTHCARE LLC,5824 42ND AVENUE NORTH,ROBBINSDALE,MN,55422,5,424651,Assisted Living Facility,
TC CARE LLC,8454 KELL AVENUE SOUTH,BLOOMINGTON,MN,55437,5,426445,Assisted Living Facility,
TEAM HOME HEALTH CARE LLC,7421 18TH AVENUE SOUTH,RICHFIELD,MN,55423,4,422155,Assisted Living Facility,
TEMAN HOMES,910 HORN DRIVE,MINNETONKA,MN,55305,6,424282,Assisted Living Facility Dementia Care,
TEMAN HOMES LLC,6318 BROOKLYN DR,BROOKLYN CENTER,MN,55430,5,424141,Provisional Assisted Living Facility,
TEMPLE HILL CORPORATION,2942 OLIVER AVENUE NORTH,MINNEAPOLIS,MN,55411,4,423189,Assisted Living Facility,
TENACITY LIVING,2183 MAPLEVIEW AVENUE,MAPLEWOOD,MN,55109,5,426122,Assisted Living Facility,
TENDER CARE GROUP HOMES LLC,2640 POLK STREET NE,MINNEAPOLIS,MN,55418,4,423732,Assisted Living Facility,
TENDER CARE HOMES,9698 HAMES AVENUE SOUTH,COTTAGE GROVE,MN,55016,5,423328,Assisted Living Facility,
TENDER CARE PROVIDERS LLC,1794 SWITCHGRASS CIRCLE,SHAKOPEE,MN,55379,4,421995,Assisted Living Facility,
TENDER CARES,5227 MAPLE GROVE RD,HERMANTOWN,MN,55811,3,426118,Assisted Living Facility,
TERRACE HAVEN CARE LLC,1220 LINCOLN TERRACE NE,COLUMBIA HEIGHTS,MN,55421,5,425195,Provisional Assisted Living Facility,
TERRALUME,1520 CLARE LANE,MINNETONKA,MN,55391,43,425086,Provisional Assisted Living W Dementia C,
TFF CARE LLC,4200 40TH AVENUE NORTH,ROBBINSDALE,MN,55422,175,422032,Assisted Living Facility Dementia Care,
THE BARDO END OF LIFE,6565 BABCOCK TRAIL,INVER GROVE HEIGHTS,MN,55077,3,423645,Assisted Living Facility,
THE BEACON AT LAKE CRYSTAL,511 WEST BLUE EARTH STREET,LAKE CRYSTAL,MN,56055,20,422059,Assisted Living Facility Dementia Care,
THE BEACON AT MAPLETON,206 3RD AVENUE NE,MAPLETON,MN,56065,17,421629,Assisted Living Facility Dementia Care,
THE BEATITUDES HOMES LLC,1609 84TH AVENUE NORTH,BROOKLYN PARK,MN,55444,5,425604,Assisted Living Facility,
THE BEATITUDES HOMES LLC,3812 COMMODORE DRIVE,BROOKLYN CENTER,MN,55429,4,425602,Assisted Living Facility,
THE BLESSED HOME CARE LLC,2441 LINWOOD COURT EAST,ST. PAUL,MN,55119,4,426136,Assisted Living Facility,
THE BRIGHT SPACE HOME INC,6141 SHERIDAN AVE S,MINNEAPOLIS,MN,55410,4,424251,Provisional Assisted Living Facility,
THE BROOKS ON ST. PAUL,2480 ST. PAUL ROAD,OWATONNA,MN,55060,57,426481,Assisted Living Facility Dementia Care,
THE CARING SISTERS HOME CARE,1375 OAK GROVE CIRCLE,GOLDEN VALLEY,MN,55422,4,425710,Assisted Living Facility,
THE CARING SISTERS HOME CARE,2833 YOSEMITE AVENUE SOUTH,ST. LOUIS PARK,MN,55416,6,425621,Assisted Living Facility,
THE CARING SISTERS HOME CARE,2852 YOSEMITE AVENUE SOUTH,ST. LOUIS PARK,MN,55416,6,425620,Assisted Living Facility,
THE CARING SISTERS HOME CARE,5339 QUEEN AVENUE NORTH,BROOKLYN CENTER,MN,55430,4,416571,Assisted Living Facility,
THE CEDARS,701 POLK STREET,ANOKA,MN,55303,10,424989,Assisted Living Facility,
THE CENTENNIAL HOUSE OF APPLE VALLEY,14625 PENNOCK AVENUE,APPLE VALLEY,MN,55124,80,421985,Assisted Living Facility Dementia Care,
THE COMMONS ON MARICE,1380 MARICE DRIVE,EAGAN,MN,55121,147,422696,Assisted Living Facility Dementia Care,
THE COTTAGE,1639 COTTAGE DRIVE NORTH,FERGUS FALLS,MN,56537,41,421884,Provisional Assisted Living Facility,
THE COUNTRY VILLA,520 1ST STREET NE,SARTELL,MN,56377,270,423867,Assisted Living Facility,
"17701 GLACIER WAY LESSEE, LLC",17701 GLACIER WAY,LAKEVILLE,MN,55044,100,425329,Assisted Living Facility Dementia Care,
THE CROSSINGS OF WILLMAR SENIOR LIVING,2101 9TH ST SE,WILLMAR,MN,56201,15,424295,Provisional Assisted Living W Dementia C,
THE CROSSINGS OF WILLMAR,2103 9TH STREET SE,WILLMAR,MN,56201,35,424296,Assisted Living Facility,
THE CYPRESS MANOR,16770 WREN STREET NW,ANDOVER,MN,55304,10,421080,Assisted Living Facility,
THE ELMS,2171 7TH AVENUE NORTH,ANOKA,MN,55303,10,422209,Assisted Living Facility,
THE EMERALDS AT GRAND RAPIDS ASSISTED LIVING,2815 HIGHWAY 169 SOUTH,GRAND RAPIDS,MN,55744,55,422415,Assisted Living Facility,
THE ENCORE AT CHAMPLIN,11469 JEFFERSON COURT NORTH,CHAMPLIN,MN,55316,30,425130,Assisted Living Facility Dementia Care,
THE ENCORE AT HUGO,5607 150TH STREET NORTH,HUGO,MN,55038,24,424762,Assisted Living Facility Dementia Care,
THE ENCORE AT MAPLEWOOD,2300 HAZELWOOD STREET,MAPLEWOOD,MN,55109,46,424497,Assisted Living Facility Dementia Care,
THE ENCORE AT NORTH BRANCH,38610 14TH AVENUE,NORTH BRANCH,MN,55056,30,424255,Assisted Living Facility Dementia Care,
THE FANTASIA VIEW ASSISTED LIVING LLC,16325 FANTASIA AVENUE,ROSEMOUNT,MN,55068,5,423709,Assisted Living Facility,
THE FARMSTEAD OF ANDOVER,13733 QUAY STREET,ANDOVER,MN,55304,83,426069,Assisted Living Facility Dementia Care,
THE FOUNTAINS AT HOSANNA,9850 163RD STREET WEST,LAKEVILLE,MN,55044,108,424720,Assisted Living Facility Dementia Care,
THE FOUNTAINS LIVING LLC,12406 ALDER ST NW,COON RAPIDS,MN,55448,4,419473,Provisional Assisted Living Facility,
THE FRIENDSHIP HOME COMMUNITY,947 LYDIA DRIVE WEST,ROSEVILLE,MN,55113,6,424482,Assisted Living Facility,
THE FRIENDSHIP HOME COMMUNITY LLC,500 ROSELAWN AVENUE WEST,ROSEVILLE,MN,55113,6,424529,Assisted Living Facility,
THE FRIENDSHIP PLACE LLC,152 KING STREET WEST,ST. PAUL,MN,55107,4,424669,Assisted Living Facility,
THE GARDENS AT FOLEY ASSISTED LIVING,120 NORMAN AVENUE SOUTH,FOLEY,MN,56329,39,425717,Assisted Living Facility,
THE GARDENS AT ST. GERTRUDES,1850 SARAZIN STREET,SHAKOPEE,MN,55379,43,424842,Assisted Living Facility,
THE GARDENS AT WINSTED AL,300 FAIRLAWN AVENUE WEST,WINSTED,MN,55395,20,421999,Assisted Living Facility Dementia Care,
THE GENEVA SUITES,11416 WILD HERON POINT,EDEN PRAIRIE,MN,55347,7,423667,Assisted Living Facility,
THE GENEVA SUITES,13909 FRONTIER LANE,BURNSVILLE,MN,55337,6,423663,Assisted Living Facility,
THE GENEVA SUITES,1599 BLACKHAWK LAKE DRIVE,EAGAN,MN,55122,8,423542,Assisted Living Facility,
THE GENEVA SUITES,2309 WILDWOOD COURT,BURNSVILLE,MN,55306,6,423544,Assisted Living Facility,
THE GENEVA SUITES,9145 MEADOWVIEW ROAD,BLOOMINGTON,MN,55425,7,423541,Assisted Living Facility,
THE GENEVA SUITES,6222 BRAEBURN CIRCLE,EDINA,MN,55439,7,423664,Assisted Living Facility,
THE GENEVA SUITES,6200 PARKWOOD ROAD,EDINA,MN,55436,7,423665,Assisted Living Facility,
THE GLEN WEST ST PAUL,1984 OAKDALE AVENUE,WEST ST. PAUL,MN,55118,100,425039,Assisted Living Facility Dementia Care,
THE GLENN MINNETONKA,5300 WOODHILL ROAD,MINNETONKA,MN,55345,178,421980,Assisted Living Facility Dementia Care,
THE GREEN PRAIRIE ASSISTED LIVING,810 2ND AVENUE NW,PLAINVIEW,MN,55964,42,425622,Assisted Living Facility,
THE GUARDIAN HOME CARE LLC,7814 UNITY AVENUE NORTH,BROOKLYN PARK,MN,55443,4,422489,Assisted Living Facility,
THE HARBOR AT PEACE VILLAGE,300 FAXON ROAD NORTH,NORWOOD YOUNGAMERICA,MN,55368,41,422957,Assisted Living Facility Dementia Care,
THE HARBORS SENIOR LIVING OF FRIDLEY,5300 4TH STREET NE,FRIDLEY,MN,55421,50,426079,Assisted Living Facility Dementia Care,
THE HAVEN AT PEACE VILLAGE,600 RAILROAD DRIVE,NORWOOD YOUNGAMERICA,MN,55368,41,424516,Assisted Living Facility Dementia Care,
THE HERITAGE AT LYNGBLOMSTEN,1440 MIDWAY PARKWAY,ST. PAUL,MN,55108,65,424771,Assisted Living Facility,
THE HOMESTEAD AT ANOKA,3002 4TH AVENUE NORTH,ANOKA,MN,55303,95,424050,Assisted Living Facility Dementia Care,
THE HOMESTEAD AT ROCHESTER,5530 BALLINGTON ROAD NW,ROCHESTER,MN,55901,75,422061,Assisted Living Facility Dementia Care,
THE HUMMINGBIRD,7704 COLE AVENUE,MEADOWLANDS,MN,55765,13,423764,Assisted Living Facility Dementia Care,
THE JAMES INC,10549 BEARD AVENUE SOUTH,BLOOMINGTON,MN,55431,6,424642,Assisted Living Facility,
THE JAMES INC,4533 NORMANDALE HIGHLANDS DR,BLOOMINGTON,MN,55437,6,424363,Assisted Living Facility,
THE JAMES INC,10040 NORD ROAD,BLOOMINGTON,MN,55437,6,424689,Assisted Living Facility,
THE KENWOOD,825 SUMMIT AVENUE,MINNEAPOLIS,MN,55403,118,425356,Assisted Living Facility,
THE LANDMARK OF FRIDLEY,6490 CENTRAL AVENUE NE,FRIDLEY,MN,55432,75,421981,Assisted Living Facility Dementia Care,
THE LEGACY,622 EAST 7TH STREET,MORRIS,MN,56267,42,422881,Assisted Living Facility Dementia Care,
THE LEGACY OF DELANO,1350 ST. PETER AVENUE EAST,DELANO,MN,55328,59,425105,Assisted Living Facility Dementia Care,
THE LEGACY OF FARMINGTON,22300 DENMARK AVENUE,FARMINGTON,MN,55024,88,424688,Assisted Living Facility Dementia Care,
THE LEGACY OF ST. MICHAEL,4400 LANGE AVENUE NE,ST. MICHAEL,MN,55376,110,424924,Assisted Living Facility Dementia Care,
THE LODGE,107 BRIDGEWATER WAY,STILLWATER,MN,55082,150,424849,Assisted Living Facility Dementia Care,
THE LODGE OF HOWARD LAKE,445 1ST STREET EAST,HOWARD LAKE,MN,55349,20,422679,Assisted Living Facility,
THE LODGE OF MOUNTAIN LAKE,603 7TH AVENUE,MOUNTAIN LAKE,MN,56159,27,423290,Assisted Living Facility,
THE LODGE OF NEW HOPE LLC,2765 VIRGINIA AVENUE NORTH,NEW HOPE,MN,55427,36,423124,Assisted Living Facility,
THE LODGE OF TAYLORS FALLS LLC,1051 MULBERRY STREET,TAYLORS FALLS,MN,55084,24,423520,Assisted Living Facility,
THE LODGE OF WINTHROP LLC,204 SOUTH COUNTY ROAD 33,WINTHROP,MN,55396,19,423622,Assisted Living Facility,
THE LODGES OF BURNSVILLE,1412 SUMMIT OAKS DRIVE,BURNSVILLE,MN,55337,14,424366,Assisted Living Facility,
THE LODGES OF ELKO,27890 NATCHEZ AVENUE,ELKO NEW MARKET,MN,55020,10,424368,Assisted Living Facility,
THE LODGES OF MENDOTA,664 LINDEN STREET,MENDOTA HEIGHTS,MN,55118,7,424386,Assisted Living Facility,
THE MAPLES,2823 7TH AVENUE NORTH,ANOKA,MN,55303,8,425007,Assisted Living Facility,
THE MAPLES AT ST. JOHN,301 SOUTH COUNTY ROAD 5,SPRINGFIELD,MN,56087,26,421894,Assisted Living Facility,
THE MEADOWS,306 WASHINGTON AVENUE WEST,KARLSTAD,MN,56732,24,422050,Assisted Living Facility,
THE MEADOWS,1761 EAGLE VIEW CIRCLE,ALBERT LEA,MN,56007,36,426043,Assisted Living Facility Dementia Care,
THE MEADOWS OF GRAND MEADOW,117 2ND STREET SE,GRAND MEADOW,MN,55936,25,425065,Assisted Living Facility,
THE MEADOWS OF MABEL,610 NEWBURG STREET EAST,MABEL,MN,55954,22,423140,Assisted Living Facility,
THE MEADOWS OF WADENA,110 HEMLOCK AVENUE NW,WADENA,MN,56482,52,421976,Assisted Living Facility Dementia Care,
THE MEADOWS SENIOR LIVING,6555 LOFTUS LANE,SAVAGE,MN,55378,180,426100,Assisted Living Facility Dementia Care,
THE MOMENTS OF LAKEVILLE,16258 KENYON AVENUE,LAKEVILLE,MN,55044,99,423343,Assisted Living Facility Dementia Care,
THE PILLARS OF GRAND RAPIDS,2060 SW 8TH STREET,GRAND RAPIDS,MN,55744,140,426379,Assisted Living Facility Dementia Care,
THE PILLARS OF HERMANTOWN,4110 LAVAQUE ROAD,HERMANTOWN,MN,55811,135,424263,Assisted Living Facility Dementia Care,
THE PILLARS OF MANKATO,3125 PRAIRIE ROSE DRIVE,MANKATO,MN,56001,140,424211,Assisted Living Facility Dementia Care,
THE PILLARS OF PROSPECT PARK,22 MALCOLM AVENUE SE,MINNEAPOLIS,MN,55414,320,423759,Assisted Living Facility Dementia Care,
THE PINES,2153 7TH AVENUE NORTH,ANOKA,MN,55303,10,425718,Assisted Living Facility,
THE PINES ASSISTED LIVING,400 WEST 67TH STREET,RICHFIELD,MN,55423,95,426084,Assisted Living Facility,
THE PRAIRIE LODGE AT EARLE BROWN,6001 EARLE BROWN DRIVE,BROOKLYN CENTER,MN,55430,62,421982,Assisted Living Facility Dementia Care,
"GENTLE TOUCH HEALTH INITIATIVES, LLC",2600 DALE STREET NORTH,ROSEVILLE,MN,55113,120,426115,Assisted Living Facility Dementia Care,
THE RIVERS,11111 RIVER HILLS DRIVE,BURNSVILLE,MN,55337,182,426304,Assisted Living Facility Dementia Care,
THE SANCTUARY AT BROOKLYN CENTER,6121 BROOKLYN BOULEVARD,BROOKLYN CENTER,MN,55429,165,424911,Assisted Living Facility Dementia Care,
THE SANCTUARY AT ST. CLOUD,2410 20TH AVENUE SE,ST. CLOUD,MN,56304,137,424904,Assisted Living Facility Dementia Care,
THE SANCTUARY AT WEST ST. PAUL,1746 OAKDALE AVENUE,WEST ST. PAUL,MN,55118,174,424781,Assisted Living Facility Dementia Care,
THE SHORES OF LAKE PHALEN,1870 EAST SHORE DRIVE,MAPLEWOOD,MN,55109,105,421904,Assisted Living Facility Dementia Care,
THE TERRACES ASSISTED LIVING,901 FELTL COURT,HOPKINS,MN,55343,92,422001,Assisted Living Facility Dementia Care,
THE TOWERS,1011 FELTL COURT,HOPKINS,MN,55343,245,421973,Assisted Living Facility,
"SABRA MINNESOTA OPERATIONS, LLC",431 PRAIRIE CENTER DRIVE,EDEN PRAIRIE,MN,55344,165,425138,Assisted Living Facility Dementia Care,
THE WATERS OF EDINA,6300 COLONIAL WAY,EDINA,MN,55436,142,425154,Assisted Living Facility Dementia Care,
THE WATERS OF EXCELSIOR,723 WATER STREET,EXCELSIOR,MN,55331,145,425146,Assisted Living Facility Dementia Care,
THE WATERS OF HIGHLAND PARK,678 SNELLING AVENUE SOUTH,ST. PAUL,MN,55116,87,426217,Assisted Living Facility Dementia Care,
THE WATERS OF KINGSLEY SHORES,16880 KLAMATH TRAIL,LAKEVILLE,MN,55044,116,426436,Assisted Living Facility Dementia Care,
THE WATERS OF PLYMOUTH,11305 HIGHWAY 55,PLYMOUTH,MN,55441,105,425133,Assisted Living Facility Dementia Care,
THE WATERS ON 50TH,3500 50TH STREET WEST,MINNEAPOLIS,MN,55410,110,425135,Assisted Living Facility Dementia Care,
THE WATERS ON MAYOWOOD,827 MAYOWOOD ROAD SW,ROCHESTER,MN,55902,232,425143,Assisted Living Facility Dementia Care,
THE WATERVIEW SHORES ASSISTED LIVING,409 13TH AVENUE,TWO HARBORS,MN,55616,46,421084,Assisted Living Facility,
THE WATKINS HOUSE,341 4TH STREET NORTH,WATKINS,MN,55389,16,423424,Assisted Living Facility,
THE WEALSHIRE OF BLOOMINGTON,10601 LYNDALE AVENUE SOUTH,BLOOMINGTON,MN,55420,119,426005,Assisted Living Facility Dementia Care,
THE WILLOWS,2918 7TH AVENUE NORTH,ANOKA,MN,55303,10,424501,Assisted Living Facility,
THORNE CREST RETIREMENT CENTER,1201 GARFIELD AVENUE,ALBERT LEA,MN,56007,105,423177,Assisted Living Facility Dementia Care,
THREE STARS GROUP HOMES LLC,630 VIRGINIA STREET,ST. PAUL,MN,55103,4,425957,Assisted Living Facility,
THRIVE ASSISTED LIVING LLC,13008 GIRARD AVE S,BURNSVILLE,MN,55337,5,422340,Provisional Assisted Living Facility,
THRIVE BETTER ASSISTED LIVING,2518 WASHINGTON STREET NE,MINNEAPOLIS,MN,55418,5,424643,Assisted Living Facility,
TIMBER CREEK ASSISTED LIVING LLC,3312 64TH AVE N,BROOKLYN CENTER,MN,55429,5,419703,Assisted Living Facility,
TIMBER HILLS,6305 BURNHAM CIRCLE,INVER GROVE HEIGHTS,MN,55076,91,423097,Assisted Living Facility Dementia Care,
TIMBER PINES ASSISTED LIVING,650 NORTHRIDGE DRIVE NORTHWEST,PINE CITY,MN,55063,115,425594,Assisted Living Facility Dementia Care,
TIMELESS HOMECARE LLC,1108 158TH ST W,BURNSVILLE,MN,55306,5,421767,Provisional Assisted Living Facility,
TOGETHER HOME SERVICES,3809-3811 OREGON AVENUE,NEW HOPE,MN,55427,8,424553,Assisted Living Facility,
TOPCARE HEALTH SERVICES LLC,8936 DOUGLAS DRIVE NORTH,BROOKLYN PARK,MN,55445,5,424249,Assisted Living Facility,
TOPCARE HEALTH SERVICES LLC,9665 THOMAS AVENUE NORTH,BROOKLYN PARK,MN,55444,4,423488,Assisted Living Facility,
TOPCARE HEALTH SERVICES LLC,7225 KYLE AVENUE NORTH,BROOKLYN CENTER,MN,55429,5,423489,Assisted Living Facility,
TOTAL CARE CONNECTIONS INC,9313 12TH AVENUE SOUTH,BLOOMINGTON,MN,55425,5,424252,Assisted Living Facility,
TOTAL HOME HEALTH SERVICES LLC,6949 IDAHO AVENUE NORTH,BROOKLYN PARK,MN,55428,4,425749,Assisted Living Facility,
TOTALCARE ASSISTED LIVING,2365 COLORADO AVENUE NORTH,GOLDEN VALLEY,MN,55422,6,425059,Assisted Living Facility,
TOTALCARE ASSISTED LIVING SERVICES LLC,8005 33RD AVENUE NORTH,CRYSTAL,MN,55427,5,421991,Assisted Living Facility,
TOTALCARE ASSISTED LIVING SVCS,4301 FRANCE AVENUE NORTH,ROBBINSDALE,MN,55422,6,425156,Assisted Living Facility,
TOTALCARE ASSISTED LIVINING SE,2730 WINNETKA AVENUE NORTH,NEW HOPE,MN,55428,10,425037,Assisted Living Facility,
TOUCH OF HOME,711 17TH STREET,BEMIDJI,MN,56601,11,422909,Assisted Living Facility,
TOUCHING LIVES COMMUNITY,5554 WOODSIDE ROAD SE,PRIOR LAKE,MN,55372,7,425092,Assisted Living Facility,
TOWERLIGHT ON WOODDALE AVENUE,3601 WOODDALE AVENUE SOUTH,ST. LOUIS PARK,MN,55416,130,424718,Assisted Living Facility Dementia Care,
TR HOMES,3301 84TH AVENUE NORTH,BROOKLYN PARK,MN,55443,5,424155,Assisted Living Facility,
TR HOMES,11409 SWALLOW STREET NW,COON RAPIDS,MN,55433,5,424154,Assisted Living Facility,
TRADITION,8500 TESSMAN FARM ROAD NORTH,BROOKLYN PARK,MN,55445,160,426303,Assisted Living Facility,
TRADITIONS OF MONTGOMERY LLC,399 LEXINGTON AVENUE NW,MONTGOMERY,MN,56069,45,425911,Assisted Living Facility Dementia Care,
TRADITIONS OF PRESTON,515 WASHINGTON STREET NW,PRESTON,MN,55965,26,425315,Assisted Living Facility Dementia Care,
TRADITIONS OF WATERVILLE,117 PAQUIN STREET EAST,WATERVILLE,MN,56096,52,425871,Assisted Living Facility Dementia Care,
TRAILS OF ORONO SENIOR LIVING,875 WAYZATA BOULEVARD,ORONO,MN,55391,70,422241,Assisted Living Facility Dementia Care,
TRANQUIL LIVING,2521 WILSHIRE BOULEVARD,MOUND,MN,55364,5,426017,Assisted Living Facility,
TRANQUILITY HOMES LLC,6436 SCOTT AVENUE NORTH,BROOKLYN CENTER,MN,55429,5,425510,Assisted Living Facility,
TRANQUILOASIS LLC,7515 15TH AVE S,RICHFIELD,MN,55423,5,425989,Provisional Assisted Living Facility,
TREE OF LIFE ASSISTED LIVING,632 MAIN STREET,NEW MUNICH,MN,56356,16,426063,Assisted Living Facility,
TRILLIUM WOODS,5867 CHESHIRE PARKWAY N,PLYMOUTH,MN,55446,22,422483,Assisted Living Facility,
TRILLIUM WOODS,5865 CHESHIRE PARKWAY,PLYMOUTH,MN,55446,19,422484,Assisted Living Facility,
TRINITY SUITES,205 11TH STREET,FARMINGTON,MN,55024,10,424802,Assisted Living Facility Dementia Care,
TRINTY TERRACE,3330 213TH STREET WEST,FARMINGTON,MN,55024,60,424800,Assisted Living Facility,
TRIPLE ANGELS HEALTHCARE,7150 WEST POINT DOUGLAS ROAD S,COTTAGE GROVE,MN,55016,20,422898,Assisted Living Facility Dementia Care,
TRIPLE B CARE LLC,7025 QUAIL AVE N,BROOKLYN CENTER,MN,55429,5,424612,Assisted Living Facility,
TRIPLE E HOME CARE & ASSISTED,1654 CURRIE ST N,MAPLEWOOD,MN,55119,5,422944,Provisional Assisted Living Facility,
TRISTAR ASSISTED LIVING,3000 80TH AVENUE NORTH,BROOKLYN PARK,MN,55444,5,422677,Assisted Living Facility,
TRIUMPH CARE GROUP LLC,8200 XENIA AVE N,BROOKLYN PARK,MN,55443,5,423413,Provisional Assisted Living Facility,
TROUVAILLE MEMORY CARE SUITES,6330 HAZELTINE BOULEVARD,EXCELSIOR,MN,55331,52,425940,Assisted Living Facility Dementia Care,
TRUE ALLIANCE INC,13946 WEST PRESERVE BOULEVARD,BURNSVILLE,MN,55337,5,426080,Assisted Living Facility,
TRUE CARE HOMES INC,3428 OAKLAND AVENUE,MINNEAPOLIS,MN,55407,4,425185,Assisted Living Facility,
TRUE CARE LIVING LLC,3813 JANET LANE,BROOKLYN CENTER,MN,55429,5,424097,Assisted Living Facility,
TRUE HANDS LLC,8336 LITTLE ROAD,BLOOMINGTON,MN,55437,5,419968,Provisional Assisted Living Facility,
TRUMAN MANOR APARTMENTS,402 NORTH 4TH AVENUE EAST,TRUMAN,MN,56088,15,423444,Assisted Living Facility,
TRUSTCARE HEALTH SERVICES LLC,900 18TH STREET,NEWPORT,MN,55055,5,425398,Assisted Living Facility,
TRUSTED CARE RESIDENCE LLC,81 JESSAMINE AVE W,ST PAUL,MN,55117,5,422178,Provisional Assisted Living Facility,
TRUSTED HAVEN ASSISTED LIVING LLC,5754 HUMBOLDT AVE N,BROOKLYN CENTER,MN,55430,5,425753,Assisted Living Facility,
TURNING A NEW LEAF HOMECARE LLC,3071 MOUNT RIDGE ROAD,ROSEVILLE,MN,55113,5,423026,Assisted Living Facility,
TWIN CITIES ASSISTED LIVING INC,2814 COLFAX AVENUE NORTH,MINNEAPOLIS,MN,55411,7,426349,Assisted Living Facility,
TWIN CITIES ASSISTED LIVING INC,3123 JAMES AVENUE NORTH,MINNEAPOLIS,MN,55411,5,426426,Assisted Living Facility,
TWIN CITIES ASSISTED LIVING INC,2818 FREMONT AVENUE NORTH,MINNEAPOLIS,MN,55411,5,426484,Assisted Living Facility,
TWIN CITIES GROUP HOMES LLC,711 22ND AVENUE NE,MINNEAPOLIS,MN,55418,4,426226,Assisted Living Facility,
TWIN CITIES LIVING ASSISTANCE LLC,12920 HIGHCLERE DR,BURNSVILLE,MN,55337,5,419662,Provisional Assisted Living Facility,
TWIN CITIES NURSING CARE,1635 HAZEL STREET NORTH,ST. PAUL,MN,55119,3,423102,Assisted Living Facility,
TWIN CITY CARE LLC,9109 NEWTON AVE S,BLOOMINGTON,MN,55431,5,421836,Provisional Assisted Living Facility,
TWIN TOWN VILLA,615 DURUM DRIVE,BRECKENRIDGE,MN,56520,90,424666,Assisted Living Facility Dementia Care,
TWIN VALLEY ASSISTED LIVING,208 OPPEGARD AVENUE NW,TWIN VALLEY,MN,56584,33,425079,Assisted Living Facility Dementia Care,
TWINCITIES LOYAL HOLISTIC CARE LLC,860 ROGERS COURT,EAGAN,MN,55123,5,423898,Assisted Living Facility,
TWINS HOME CARE SERVICE,13413 PARKWOOD DRIVE,BURNSVILLE,MN,55337,5,422658,Assisted Living Facility,
ULTIMATE CARE ASSISTED LIVING BROOKDALE HOUSE,3609 78TH AVENUE NORTH,BROOKLYN PARK,MN,55443,8,423865,Assisted Living Facility,
ULTIMATE CARE ASSISTED LIVING- REGENT HOUSE,7508 SCOTT AVENUE NORTH,BROOKLYN PARK,MN,55443,4,423889,Assisted Living Facility,
ULTIMATE CARE ASSISTED LIVING- LOGAN HOUSE,5443 LOGAN AVENUE NORTH,BROOKLYN CENTER,MN,55430,4,423976,Assisted Living Facility,
ULTIMATE CARE ASSISTED LIVING- SPRINGLAKE HOUSE,7931 6TH STREET NE,SPRING LAKE PARK,MN,55432,4,423959,Assisted Living Facility,
UNIIKS LLC,1909 SOUTH MEADOWWOOD CT,BROOKLYN PARK,MN,55444,5,425344,Provisional Assisted Living Facility,
UNIQUE HOMES LLC,4922 NEWTON AVENUE NORTH,MINNEAPOLIS,MN,55430,4,421890,Assisted Living Facility,
UNIQUE HOMES LLC,3940 46TH AVENUE NORTH,ROBBINSDALE,MN,55422,4,421895,Assisted Living Facility,
UNITED ASSISTED LIVING LLC,1540 CONWAY STREET,ST. PAUL,MN,55106,5,424667,Assisted Living Facility,
UNITED HOMES SERVICES,14570 JOPPA AVENUE SOUTH,SAVAGE,MN,55378,6,424331,Assisted Living Facility,
UNITED PROVIDERS LLC,6601 75TH 1/2 AVENUE NORTH,BROOKLYN PARK,MN,55428,4,423999,Assisted Living Facility,
UNITED SOCIAL SERVICE OF MN,1020 EAST 25TH STREET,MINNEAPOLIS,MN,55404,4,423873,Assisted Living Facility,
UNITED SOCIAL SERVICES OF MN L,581 VAN BUREN AVENUE,ST PAUL,MN,55103,4,423868,Assisted Living Facility,
UNITEDCARE ASSIST LLC,3417 26TH AVENUE SOUTH,MINNEAPOLIS,MN,55406,5,424653,Assisted Living Facility,
UNITY ASSISTED LIVING INC,7038 15TH AVE S,RICHFIELD,MN,55423,5,422798,Provisional Assisted Living Facility,
"UNITY GROVE CARE, LLC",1931 BERKSHIRE DR,EAGAN,MN,55122,5,423114,Provisional Assisted Living Facility,
UNITY HEALTH CARE SERVICES LLC,121 MISSISSIPPI LANE NORTH,CHAMPLIN,MN,55316,5,422386,Assisted Living Facility,
UNITY HOME CARE LLC,2030 SUBURBAN AVENUE,ST PAUL,MN,55119,5,424652,Assisted Living Facility,
UNITY LIVING AND CARE LLC,4512 63RD AVE N,BROOKLYN CENTER,MN,55429,5,422405,Provisional Assisted Living Facility,
UNITY PLACE,2611 CENTRAL AVENUE NE,MINNEAPOLIS,MN,55418,37,424595,Assisted Living Facility,
UNITY TRUST HOME CARE,7333 DUPONT AVENUE NORTH,BROOKLYN PARK,MN,55444,5,423806,Assisted Living Facility,
UNIVERSAL CARE HOMES LLC,2301 16TH AVENUE SOUTH,MINNEAPOLIS,MN,55404,4,425309,Assisted Living Facility,
UNIVERSAL HEALTHCARE SOLUTIONS LLC,124 VALLEY HIGH ROAD,BURNSVILLE,MN,55337,5,424578,Assisted Living Facility,
UNIVERSAL HEALTHCARE SOLUTIONS LLC,8119 UPTON AVENUE SOUTH,BLOOMINGTON,MN,55431,5,422173,Assisted Living Facility,
UNIVERSAL HOME HEALTH OF MN LLC,7040 LOUISIANA AVENUE NORTH,BROOKLYN PARK,MN,55428,5,423590,Assisted Living Facility,
UPEND HOME HEALTH CARE,1698 BEECH STREET,ST. PAUL,MN,55106,4,423677,Assisted Living Facility,
UPLIFT HOME CARE SERVICES LLC,10558 104TH PLACE N,MAPLE GROVE,MN,55369,5,423516,Provisional Assisted Living Facility,
UPLIFT HOME CARE SERVICES LLC,14755 91ST PLACE NORTH,MAPLE GROVE,MN,55369,5,421517,Assisted Living Facility,
URBANA PLACE SENIOR LIVING,5601 94TH AVENUE NORTH,BROOKLYN PARK,MN,55443,120,422968,Assisted Living Facility Dementia Care,
UTMOST HOME HEALTH CARE LLC,16521 TERRITORIAL TRAIL,MAPLE GROVE,MN,55369,5,424668,Assisted Living Facility,
VAIMAR SUITES LLC,6050 68TH AVENUE NORTH,BROOKLYN PARK,MN,55429,5,424036,Assisted Living Facility,
VAIMAR SUITES LLC,5336 NORTHPORT DRIVE,BROOKLYN CENTER,MN,55429,5,423969,Assisted Living Facility,
VAIMAR SUITES LLC,7900 DOUGLAS DRIVE NORTH,BROOKLYN PARK,MN,55443,5,424041,Assisted Living Facility,
VAIMAR SUITES LLC,2116 73RD COURT NORTH,BROOKLYN PARK,MN,55444,5,424040,Assisted Living Facility,
VALENTINES,2557 EAGLE RIDGE DRIVE,RED WING,MN,55066,16,422947,Assisted Living Facility,
"VALENTINES OF LAKE CITY, INC",317 NORTH HIGH STREET,LAKE CITY,MN,55041,13,422785,Assisted Living Facility,
VALLEY ASSISTED LIVING,523 ARNOLD AVENUE SOUTH,THIEF RIVER FALLS,MN,56701,43,423137,Assisted Living Facility Dementia Care,
VALLEY RIDGE,1921 BURNSVILLE PARKWAY WEST,BURNSVILLE,MN,55337,67,421787,Assisted Living Facility Dementia Care,
VALLEY TERRACE OF OWATONNA,1212 WEST FRONTAGE ROAD,OWATONNA,MN,55060,86,426240,Assisted Living Facility,
VALLEY VIEW ASSISTED LIVING OF LAKEFIELD,1005 MILWAUKEE STREET,LAKEFIELD,MN,56150,23,426315,Assisted Living Facility,
VALLEYVIEW OF JORDAN LLC,4061 WEST 173RD STREET,JORDAN,MN,55352,52,425563,Assisted Living Facility,
VALLEYVIEW OF NORTHFIELD,812 LINDEN STREET NORTH,NORTHFIELD,MN,55057,42,426443,Assisted Living Facility,
VALORA LLC,2540 KENZIE TERRACE,ST. ANTHONY,MN,55418,97,425440,Assisted Living Facility,
VALORA ORONO LLC,2635 KELLEY PARKWAY,ORONO,MN,55356,80,423553,Assisted Living Facility Dementia Care,
VERA CRUZ ASSISTED LIVING,5608 VERA CRUZ AVE N,CRYSTAL,MN,55429,5,425858,Provisional Assisted Living Facility,
VERACITY ASSISTED LIVING LLC,11956 TERRACE ROAD,BLAINE,MN,55434,5,424343,Assisted Living Facility,
VERGAS ASSISTED LIVING,405 EAST FRAZEE AVENUE,VERGAS,MN,56587,15,425547,Assisted Living Facility,
VERMILION SENIOR LIVING,1232 BIRCH STREET NORTH,TOWER,MN,55790,24,423155,Assisted Living Facility Dementia Care,
VERNON TERRACE OF EDINA,5250 VERNON AVENUE SOUTH,EDINA,MN,55436,170,421086,Assisted Living Facility Dementia Care,
VIBRANTHOMES LLC,8665 DUNKIRK CT NE,BLAINE,MN,55449,5,424313,Provisional Assisted Living Facility,
VICTORY HEALTH CARE LLC,1582 POINT DOUGLAS ROAD SOUTH,ST PAUL,MN,55119,5,424051,Assisted Living Facility,
"VICTORY HEALTH CARE, LLC",1440 12TH AVENUE,NEWPORT,MN,55055,5,424494,Provisional Assisted Living Facility,
VICTORY HOMES,7917 PERRY AVENUE NORTH,BROOKLYN PARK,MN,55443,5,425121,Assisted Living Facility,
VIKING MANOR NURSING HOME/ NORTHERN LIGHTS ASSISTE,DE,ULEN,MN,56585,24,424285,Assisted Living Facility,
VIKINGS HOME HEALTH CARE LLC,11551 GEORGIA AVENUE NORTH,CHAMPLIN,MN,55316,4,422900,Assisted Living Facility,
VILLA COURT LLC,1220 VILLA COURT DRIVE,CROMWELL,MN,55726,56,423104,Assisted Living Facility,
VILLA ST. VINCENT,516 WALSH STREET,CROOKSTON,MN,56716,60,422047,Assisted Living Facility,
VILLAGE CORNER ASSISTED LIVING LLC,1714 ALTON ROAD,NEW BRIGHTON,MN,55112,5,424000,Assisted Living Facility,
VILLAGES OF LONSDALE,1000 BIRCH STREET NE,LONSDALE,MN,55046,60,422666,Assisted Living Facility Dementia Care,
VILLAGES OF ST. CLARE,101 9TH STREET,MORA,MN,55051,42,425152,Assisted Living Facility,
VIRGINIA CAREFREE LIVING BY OXFORD LIVING,421 10TH STREET SOUTH,VIRGINIA,MN,55792,38,425087,Assisted Living Facility Dementia Care,
VISION2020 GROUP HOMES LLC,1805 15TH AVENUE SOUTH,MINNEAPOLIS,MN,55404,4,425924,Assisted Living Facility,
VISTA AT PINE HAVEN,220 3RD STREET NW,PINE ISLAND,MN,55963,30,426056,Assisted Living Facility,
VISTA PRAIRIE AT COPPERLEAF LLC,1550 1ST STREET NORTH,WILLMAR,MN,56201,92,426095,Assisted Living Facility Dementia Care,
VISTA PRAIRIE AT EAGLE POINT,3820 STARK DR,ST FRANCIS,MN,55070,24,422925,Assisted Living Facility Dementia Care,
VISTA PRAIRIE AT EAGLE POINTE LLC,3830 STARK DR NW,ST FRANCIS,MN,55070,51,422924,Provisional Assisted Living Facility,
VISTA PRAIRIE AT GARNETTE GARDENS,511 DEKALB STREET,REDWOOD FALLS,MN,56283,92,426097,Assisted Living Facility Dementia Care,
VISTA PRAIRIE AT GOLDFINCH ESTATES LLC,850 GOLDFINCH STREET,FAIRMONT,MN,56031,140,424876,Assisted Living Facility Dementia Care,
VISTA PRAIRIE AT NORTH POINTE,2135 LOR RAY DRIVE,NORTH MANKATO,MN,56003,100,425945,Assisted Living Facility,
VISTA PRAIRIE AT RIDGEWAY ON 23RD,720 23RD STREET NORTH,NEW ULM,MN,56073,60,422384,Assisted Living Facility Dementia Care,
VISTA PRAIRIE AT RIDGEWAY ON GERMAN,715 SOUTH GERMAN STREET,NEW ULM,MN,56073,55,422433,Assisted Living Facility Dementia Care,
VISTA PRAIRIE AT WINDMILL PONDS LLC,715 VICTOR STREET,ALEXANDRIA,MN,56308,65,426094,Assisted Living Facility,
VISTA PRAIRIE AT WINDMILL PONDS MEMORY CARE,803 VICTOR STREET,ALEXANDRIA,MN,56308,26,425944,Assisted Living Facility Dementia Care,
VITACARE LIVING,973 MAPLE AVENUE EAST,MORA,MN,55051,12,425713,Assisted Living Facility Dementia Care,
VITACARE LIVING,126 98TH AVENUE WEST,DULUTH,MN,55808,11,425955,Assisted Living Facility Dementia Care,
VITACARE LIVING,101 NORTH 58TH AVENUE WEST,DULUTH,MN,55807,11,425712,Assisted Living Facility Dementia Care,
VITACARE LIVING,102 NORTH 58TH AVENUE WEST,DULUTH,MN,55807,11,425715,Assisted Living Facility Dementia Care,
VITACARE LIVING,540 EAST ISLE STREET,ISLE,MN,56342,12,425714,Assisted Living Facility Dementia Care,
VITACARE LIVING,23 WATERVIEW DRIVE,PROCTOR,MN,55810,30,425716,Assisted Living Facility Dementia Care,
VITACARE LIVING,1545 HARBOR STREET,OGILVIE,MN,56358,10,426465,Assisted Living Facility Dementia Care,
VITALITY LIVING OF AITKIN,840 2ND STREET NW,AITKIN,MN,56431,40,423967,Assisted Living Facility,
"VITALITY LIVING OF KIMBALL, LLC",260 MAGNUS JOHNSON STREET NE,KIMBALL,MN,55353,36,426353,Assisted Living Facility Dementia Care,
VITALITY LIVING OF NEW YORK MILLS LLC,215 TOUSLEY AVENUE SOUTH,NEW YORK MILLS,MN,56567,38,426442,Assisted Living Facility,
VITALITY LIVING OF PARK RAPIDS LLC,18846 EAGLE BEND ROAD,PARK RAPIDS,MN,56470,24,426351,Assisted Living Facility,
VITALITY LIVING OF REMER LLC,105 SPRUCE STREET NW,REMER,MN,56672,20,426348,Assisted Living Facility,
VITALITY LIVING OF SEBEKA LLC,1005 WELLS AVENUE WEST,SEBEKA,MN,56477,16,425815,Assisted Living Facility,
VITALITY LIVING OF UPSALA LLC,200 WALNUT AVENUE WEST,UPSALA,MN,56384,20,426225,Assisted Living Facility Dementia Care,
VITALITY LIVING OF LONG PRAIRIE,1104 4TH AVENUE NORTHEAST,LONG PRAIRIE,MN,56347,22,423902,Assisted Living Facility,
VITALNEST RESIDENTIAL LLC,312 JENNIFER LANE,JORDAN,MN,55352,5,425650,Provisional Assisted Living Facility,
VIVIE SENIOR LIVING OF NORTHFIELD,910 CANNON VALLEY DRIVE,NORTHFIELD,MN,55057,140,426047,Assisted Living Facility Dementia Care,
VOLANTE OF HANOVER,10875 SETTLERS LANE BUILDING 2,HANOVER,MN,55341,26,423842,Assisted Living Facility,
VOLANTE OF HANOVER,10875 SETTLERS LANE,HANOVER,MN,55341,26,422903,Assisted Living Facility Dementia Care,
WABE HOME RESIDENTIAL SERVICES LLC,5177 RED OAK DRIVE,MOUNDS VIEW,MN,55112,5,423170,Assisted Living Facility,
WALKER HIGHVIEW HILLS,20150 HIGHVIEW AVENUE,LAKEVILLE,MN,55044,175,424706,Assisted Living Facility Dementia Care,
WALKER METHODIST CARE SUITES,7400 YORK AVENUE SOUTH,EDINA,MN,55435,73,425632,Assisted Living Facility Dementia Care,
WALKER METHODIST LEVANDE,2011 6TH LANE SE,CAMBRIDGE,MN,55008,80,425103,Assisted Living Facility Dementia Care,
WALKER METHODIST PLACE,3701 BRYANT AVENUE SOUTH,MINNEAPOLIS,MN,55409,125,423373,Assisted Living Facility,
WALKER METHODIST PLAZACITYVIEW,131 MONROE STREET,ANOKA,MN,55303,118,421891,Assisted Living Facility,
WALKER METHODIST RIVER HEIGHTS LLC,744 19TH AVENUE NORTH,SOUTH ST. PAUL,MN,55075,60,426224,Assisted Living Facility Dementia Care,
WALKER METHODIST WESTWOOD II,61 THOMPSON AVENUE WEST,WEST ST. PAUL,MN,55118,35,423289,Assisted Living Facility Dementia Care,
WALKER METHODIST WESTWOOD RIDGE I,1 THOMPSON AVENUE WEST,WEST ST. PAUL,MN,55118,140,426474,Assisted Living Facility,
WALNUT GROVE HOME,13708 PORTLAND AVE S,BURNSVILLE,MN,55337,5,423843,Assisted Living Facility,
WARM TOUCH HOME CARE INC,3225 EMERSON AVENUE SOUTH,MINNEAPOLIS,MN,55408,5,424587,Assisted Living Facility,
WARM TOUCH HOME CARE INC,7548 FREMONT AVENUE NORTH,BROOKLYN PARK,MN,55444,4,425062,Assisted Living Facility,
WARMHEART HEALTHCARE LLC,5824 TENNISION DRIVE NE,FRIDLEY,MN,55432,5,419142,Assisted Living Facility,
WATCHFUL CAREGIVERS LLC,3806 57TH AVENUE NORTH,BROOKLYN CENTER,MN,55429,4,422586,Assisted Living Facility,
WATER'S EDGE,800 AGENCY TRAIL,MANKATO,MN,56001,36,425388,Assisted Living Facility Dementia Care,
WATERS EDGE,1841 EAGLE VIEW CIRCLE,ALBERT LEA,MN,56007,51,426482,Assisted Living Facility,
WATERS OF SAVAGE AT FEN POINTE,5950 WEST 130TH LANE,SAVAGE,MN,55378,145,426432,Assisted Living Facility Dementia Care,
WATKINS MANOR,175 EAST WABASHA STREET,WINONA,MN,55987,53,426199,Assisted Living Facility,
WAVERLY GARDENS,5919 CENTERVILLE ROAD,NORTH OAKS,MN,55127,110,423272,Assisted Living Facility Dementia Care,
WAVERLY SENIOR LIVING LLC,105 PLUM RUN ROAD,LE SUEUR,MN,56058,37,422554,Assisted Living Facility Dementia Care,
WE CARE ASSISTED LIVING,5039 BRENT AVENUE,INVER GROVE HEIGHTS,MN,55076,5,422587,Assisted Living Facility,
WE CARE HOME HEALTH SERVICES,12423 PARTRIDGE STREET NW,COON RAPIDS,MN,55448,5,422146,Assisted Living Facility,
WE CARE HOME HEALTH SERVICES LLC,2000 EDINBROOK COURT,BROOKLYN PARK,MN,55443,5,422196,Assisted Living Facility,
WE CARE RESIDENTIAL INC,1094 17TH AVENUE SOUTHEAST,MINNEAPOLIS,MN,55414,5,426075,Assisted Living Facility,
WE DO CARE LLC,9812 CHICAGO AVE S,BLOOMINGTON,MN,55420,5,419676,Assisted Living Facility,
WEALSHIRE OF MEDINA,4555 MOHAWK DRIVE,MEDINA,MN,55340,110,426345,Assisted Living Facility Dementia Care,
WELCOME HOME CARE,3425 XENIA AVE N,CRYSTAL,MN,55422,4,426024,Provisional Assisted Living Facility,
WELCOME HOMES BEST CARE,240 HURLEY STREET EAST,WEST ST. PAUL,MN,55118,4,424909,Assisted Living Facility,
WELL CARE HEALTH SERVICES,3600 73RD AVENUE,BROOKLYN PARK,MN,55429,5,423465,Assisted Living Facility,
WELL CARE HEALTH SERVICES LLC,8109 EWING AVENUE NORTH,BROOKLYN PARK,MN,55443,5,423983,Assisted Living Facility,
WELL WISH RESIDENTIAL LLC,418 PORTLAND PLACE,BLOOMINGTON,MN,55420,5,425040,Assisted Living Facility,
WELLINGTON HOME CARE LLC,1094 7TH ST E,ST. PAUL,MN,55106,5,425909,Provisional Assisted Living Facility,
WELLNESS GROUP HOME CORPORATION,2606 64TH AVENUE NORTH,BROOKLYN CENTER,MN,55430,4,426433,Assisted Living Facility,
WELLNESS HOMES INC,4137 CHICAGO AVENUE,MINNEAPOLIS,MN,55407,10,421974,Assisted Living Facility,
WELLNESS HOMES INC,1824 15TH AVENUE,MINNEAPOLIS,MN,55404,14,422027,Assisted Living Facility,
WELLSTEAD SENIOR LIVING LODGE,20500 SOUTH DIAMOND LAKE ROAD,ROGERS,MN,55374,78,422743,Assisted Living Facility,
WELLSTEAD SENIOR LIVING PLACE,20600 SOUTH DIAMOND LAKE ROAD,ROGERS,MN,55374,100,422293,Assisted Living Facility Dementia Care,
WESLEY RESIDENCE OF DULUTH,5601 GRAND AVENUE,DULUTH,MN,55807,43,424803,Assisted Living Facility,
WEST BLOOMINGTON RESIDENCE,10441 JOHNSON AVENUE SOUTH,BLOOMINGTON,MN,55437,6,426054,Assisted Living Facility,
WEST METRO CARE SERVICES LLC,6106 GIRARD AVE N,BROOKLYN CENTER,MN,55430,5,423740,Provisional Assisted Living Facility,
WEST METRO CARE SERVICES LLC,201 103RD AVENUE NW,COON RAPIDS,MN,55448,5,424068,Assisted Living Facility,
WEST SAINT PAUL OPCO LLC,315 THOMPSON AVENUE EAST,WEST ST. PAUL,MN,55118,20,423950,Assisted Living Facility Dementia Care,
WEST SAINT PAUL OPCO LLC,305 THOMPSON AVENUE EAST,WEST ST. PAUL,MN,55118,20,424495,Assisted Living Facility,
WEST VIEW ASSISTED LIVING APT,240 6TH AVENUE NORTH,OSAKIS,MN,56360,25,425196,Assisted Living Facility,
WESTVIEW ESTATES,703 WEST YELLOWSTONE TRAIL,BUFFALO LAKE,MN,55314,20,426055,Assisted Living Facility,
WESTVIEW HEALTH INC,1271 BURR STREET,ST PAUL,MN,55130,5,425115,Assisted Living Facility,
WESTWOOD OF DULUTH,925 KENWOOD AVENUE,DULUTH,MN,55811,120,425140,Assisted Living Facility Dementia Care,
WESTWOOD PLACE INC,209 JEFFERSON AVENUE SW,WATERTOWN,MN,55388,44,421951,Assisted Living Facility Dementia Care,
WHISPERING OAK PLACE,903 CALVERLY COURT,ELLENDALE,MN,56026,48,424905,Assisted Living Facility Dementia Care,
WHISPERING PINES ASSISTED LIVING,18660 SIMONET DRIVE,ELK RIVER,MN,55330,8,424886,Assisted Living Facility,
WHITE BEAR LAKE COH CARE LLC,1235 GUN CLUB ROAD,WHITE BEAR LAKE,MN,55110,44,423707,Assisted Living Facility Dementia Care,
WHITEFISH AT THE LAKES SENIOR LIVING,35625 OSTLUND AVENUE,CROSSLAKE,MN,56442,112,426321,Assisted Living Facility Dementia Care,
WHITTIER PLACE,2405 1ST AVENUE SOUTH,MINNEAPOLIS,MN,55404,86,424466,Assisted Living Facility,
WHOLESOME SENIOR LIVING LLC,8409 33RD AVE NORTH,CRYSTAL,MN,55427,5,423259,Assisted Living Facility,
WILDWOOD GROVE,410 EAST MAIN STREET,LEROY,MN,55951,43,423256,Assisted Living Facility Dementia Care,
WILLING COMPASSION CARE ASSISTED LIVING INC,8712 EMERSON AVE S,BLOOMINGTON,MN,55420,5,425721,Assisted Living Facility,
WILLOW CREEK SENIOR COMMUNITY,500 WILLOW CREEK DRIVE,HENNING,MN,56551,40,425129,Assisted Living Facility,
WILLOW HOUSE LLC,25611 110TH STREET NW,ZIMMERMAN,MN,55398,5,426150,Assisted Living Facility,
WILLOWS & WATERS SENIOR LIVING,707 UPPER MEADOW LANE NW,ROCHESTER,MN,55901,12,426233,Assisted Living Facility,
WILLOWS BEND SENIOR LIVING,6455 UNIVERSITY AVENUE NE,FRIDLEY,MN,55432,154,425068,Assisted Living Facility Dementia Care,
MONTICELLO SENIOR LIVING HOLDINGS LP,9872 HART BOULEVARD,MONTICELLO,MN,55362,125,423311,Assisted Living Facility Dementia Care,
WILLOWS OF ARBOR LAKES,11955 80TH AVENUE NORTH,MAPLE GROVE,MN,55369,60,423368,Assisted Living Facility Dementia Care,
WILLOWS OF EPISCOPAL HOMES LLC,80 NORTH MACKUBIN STREET,ST. PAUL,MN,55102,60,424488,Assisted Living Facility Dementia Care,
WILTIMA ASSISTED LIVING LLC,5716 42ND AVENUE NORTH,ROBBINSDALE,MN,55422,5,424243,Assisted Living Facility,
WINDSONG AT WOODSEDGE,1010 ANNE STREET NW,BEMIDJI,MN,56601,100,424806,Assisted Living Facility,
WINDY ACRES LONG TERM CARE INC,7040 LAKE BOULEVARD,FOREST LAKE,MN,55025,17,426112,Assisted Living Facility Dementia Care,
WOODBURY ESTATES,2825 WOODLANE DRIVE,WOODBURY,MN,55125,68,423313,Assisted Living Facility Dementia Care,
WOODBURY VILLA,7008 LAKE ROAD,WOODBURY,MN,55125,83,423341,Assisted Living Facility,
WOODCREST ASSISTED LIVING,1201 RIDGEVIEW TERRACE NE,ALEXANDRIA,MN,56308,10,426148,Assisted Living Facility Dementia Care,
WOODCREST OF COUNTRY MANOR,1200 LANIGAN WAY SW,ST. JOSEPH,MN,56374,115,426179,Assisted Living Facility Dementia Care,
WOODLAKE RESIDENCES,8008 BASS LAKE ROAD,NEW HOPE,MN,55428,221,426167,Assisted Living Facility Dementia Care,
WOODLAND MANOR,610 SUMMIT DRIVE,FAIRMONT,MN,56031,30,426368,Assisted Living Facility,
WOODSTONE SENIOR LIVING,1025 DALE STREET SW,HUTCHINSON,MN,55350,41,426108,Assisted Living Facility Dementia Care,
WOODSTONE SENIOR LIVING,2020 MEYER DRIVE,NEW ULM,MN,56073,30,422057,Assisted Living Facility Dementia Care,
WRIGHT WAY HOME CARE LLC,3701 54TH AVENUE NORTH,BROOKLYN CENTER,MN,55429,3,425961,Assisted Living Facility,
Y M CARE INC,5825 WEST BROADWAY,CRYSTAL,MN,55428,4,425915,Assisted Living Facility,
YAZEED ASSISTED LIVING LLC,810 LARPENTEUR AVE W,SAINT PAUL,MN,55113,5,424743,Provisional Assisted Living Facility,
YORK GARDENS SENIOR LIVING,3451 PARKLAWN AVENUE,EDINA,MN,55435,94,423593,Assisted Living Facility Dementia Care,
YORKSHIRE OF EDINA SENIOR LVG,7141 YORK AVENUE SOUTH,EDINA,MN,55435,110,421215,Assisted Living Facility Dementia Care,
ZAE COMMUNITY CARE LLC,7201 90TH AVENUE NORTH,BROOKLYN PARK,MN,55445,5,423120,Assisted Living Facility,
ZAHRA HOMECARE LLC,3336 DAYLILY AVE N,BROOKLYN PARK,MN,55443,5,425852,Provisional Assisted Living Facility,
ZARI HOMES,7709 IRVING CT,BROOKLYN PARK,MN,55444,5,425088,Provisional Assisted Living Facility,
ZARI HOMES,9757 THOMAS AVENUE NORTH,BROOKLYN PARK,MN,55443,5,423307,Assisted Living Facility,
ZENCARE HEALTH INC,1011 BURNS AVENUE,ST PAUL,MN,55106,5,426052,Assisted Living Facility,
ZUBEER GROUP HOME LLC,1567 COUNTY ROAD I,SHOREVIEW,MN,55126,4,426107,Assisted Living Facility,
ZURIEL ASSISTED LIVING LLC,5506 IRVING AVENUE NORTH,BROOKLYN CENTER,MN,55430,5,424637,Assisted Living Facility,
