name,street,city,state,zip,capacity,license_id,license_type,status
Homeplace of Burlington,118 Alamance Road,Burlington,NC,27215,67,HAL-001-173,Adult Care Home,
A Vision Come True,220 Hatch Street,Burlington,NC,27217,12,HAL-001-172,Adult Care Home,
Cape Point Memory Care Unit,205-B East 6th Street,Burlington,NC,27215,12,HAL-001-171,Adult Care Home,
Emory Adult Care Home,209 E. Sixth Street,Burlington,NC,27215,12,HAL-001-170,Adult Care Home,
SpringView-Cook Building,715 East Haggard Avenue,Elon,NC,27244,12,HAL-001-169,Adult Care Home,
Making Visions Come True Assistant Living Facility,625 Lane Street,Burlington,NC,27217,12,HAL-001-167,Adult Care Home,
Mebane Ridge Assisted Living,1999 South NC Hwy. 119,Mebane,NC,27302,100,HAL-001-166,Adult Care Home,
Twin Lakes Memory Care,3810 Heritage Drive,Burlington,NC,27215,32,HAL-001-165,Adult Care Home,
Springview - Ross Building,1032 B North Mebane Street,Burlington,NC,27217,12,HAL-001-164,Adult Care Home,
Springview - Stewart Building,611 W. Whitsett Street,Graham,NC,27253,12,HAL-001-163,Adult Care Home,
Springview - Crouse Building,613 W. Whitsett Street,Graham,NC,27253,12,HAL-001-162,Adult Care Home,
Springview - Brock Building,1032 C N. Mebane Street,Burlington,NC,27217,12,HAL-001-161,Adult Care Home,
Alamance House,2766 Grand Oaks Boulevard,Burlington,NC,27215,94,HAL-001-148,Adult Care Home,
The Oaks of Alamance,1670 Westbrook Avenue,Burlington,NC,27215,69,HAL-001-134,Adult Care Home,
Brookdale Burlington,3619 South Mebane Street,Burlington,NC,27215,52,HAL-001-028,Adult Care Home,
Brookdale Burlington AL (NC),3615 South Mebane Street,Burlington,NC,27215,84,HAL-001-024,Adult Care Home,
Blakey Hall Assisted Living,501 Blakey Hall Lane,Elon,NC,27244,72,HAL-001-023,Adult Care Home,
Burlington Care Center,2201 Burch Bridge Road,Burlington,NC,27217,12,HAL-001-002,Adult Care Home,
Heritage Care Home of Taylorsville,668 Wood Road,Taylorsville,NC,28681,34,HAL-002-009,Adult Care Home,
Faith Assisted Living Facility,"3032 N.C. Highway 16, South",Taylorsville,NC,28681,30,HAL-002-008,Adult Care Home,
Taylorsville House,350 School Drive,Taylorsville,NC,28681,60,HAL-002-003,Adult Care Home,
The Landings of Chestnut Grove,158 Chestnut Grove Church Road,Sparta,NC,28675,40,HAL-003-005,Adult Care Home,
Meadowview Terrace of Wadesboro,123 Anson High School Road,Wadesboro,NC,28170,60,HAL-004-003,Adult Care Home,
Forest Ridge Assisted Living,151 Village Park Drive,West Jefferson,NC,28694,60,HAL-005-016,Adult Care Home,
Generations Assisted Living and Memory Care,182 ChattyRob Lane,West Jefferson,NC,28694,55,HAL-005-013,Adult Care Home,
Cranberry House,6215 N. US 19 E Highway,Newland,NC,28657,60,HAL-006-007,Adult Care Home,
The Pines at Pinetown,1345 Seed Tick Neck Road,Pinetown,NC,27865,64,HAL-007-027,Adult Care Home,
Pantego Rest Home,143 Swamp Road,Pantego,NC,27860,30,HAL-007-025,Adult Care Home,
Clara Manor,1218 Pamlico Street,Washington,NC,27889,20,HAL-007-024,Adult Care Home,
Washington Manor,609 West 2nd Street,Washington,NC,27889,9,HAL-007-019,Adult Care Home,
Windsor House,336 Rhodes Avenue,Windsor,NC,27983,60,HAL-008-034,Adult Care Home,
Bladen Manor Assisted Living,53 South Smith Street,Clarkton,NC,28433,60,HAL-009-029,Adult Care Home,
West Bladen Assisted Living,714 Bladen Street,Bladenboro,NC,28320,60,HAL-009-025,Adult Care Home,
The Landings of Oak Island,2910 Pine Plantation Parkway,Oak Island,NC,28461,80,HAL-010-013,Adult Care Home,
Coastal Pointe,5220 Ocean Hwy W,Shallotte,NC,28470,110,HAL-010-012,Adult Care Home,
Ocean Isle Operations,5490 Arbor Branch Drive,Shallotte,NC,28470,40,HAL-010-011,Adult Care Home,
TerraBella Southport,1125 E Leonard Street,Southport,NC,28461,96,HAL-010-010,Adult Care Home,
The Bluefields,1935 Lincoln Road,Leland,NC,28451,78,HAL-010-007,Adult Care Home,
Heather Glen At Ardenwoods,103 Appalachian Boulevard,Arden,NC,28704,60,HAL-011-378,Adult Care Home,
Wilham Ridge,30 Dalea Drive,Asheville,NC,28805,54,HAL-011-377,Adult Care Home,
Richmond Hill Assisted Living 1,95 Richmond Hill Road,Asheville,NC,28806,12,HAL-011-376,Adult Care Home,
Richmond Hill Assisted Living #2,95 Richmond Hill Road,Asheville,NC,28806,12,HAL-011-375,Adult Care Home,
Richmond Hill Assisted Living #3,95 Richmond Hill Road,Asheville,NC,28806,12,HAL-011-374,Adult Care Home,
Richmond Hill Assisted Living #4,95 Richmond Hill Road,Asheville,NC,28806,12,HAL-011-373,Adult Care Home,
Richmond Hill Assisted Living #5,95 Richmond Hill Road,Asheville,NC,28806,12,HAL-011-372,Adult Care Home,
Hominy Valley Retirement Center,2189 Smokey Park Highway,Candler,NC,28715,30,HAL-011-370,Adult Care Home,
Candler Living Center,136 Robinson Cove Road,Candler,NC,28715,29,HAL-011-369,Adult Care Home,
Harmony at Reynolds Mountain,41 Cobbler's Way,Asheville,NC,28804,99,HAL-011-361,Adult Care Home,
Arbor Terrace of Asheville,3199 Sweeten Creek Road,Asheville,NC,28803,70,HAL-011-338,Adult Care Home,
Windwood Assisted Living,6 Windwood Dr,Candler,NC,28715,12,HAL-011-296,Adult Care Home,
Chunn's Cove Assisted Living,67 Mountain Brook Road,Asheville,NC,28805,67,HAL-011-262,Adult Care Home,
"Richard A. Wood, Jr. Assisted Living Center",100 Wesley Drive,Asheville,NC,28803,56,HAL-011-130,Adult Care Home,
Brookdale Asheville Overlook,308 Overlook Road,Asheville,NC,28803,79,HAL-011-036,Adult Care Home,
Brookdale Asheville Walden Ridge,4 Walden Ridge Drive,Asheville,NC,28803,38,HAL-011-035,Adult Care Home,
Trinity View,2533 Hendersonville Road,Arden,NC,28704,24,HAL-011-022,Adult Care Home,
Marjorie McCune Memorial Center,101 Lions Way,Black Mountain,NC,28711,64,HAL-011-011,Adult Care Home,
Flesher's Fairview Rest Home,3016 Cane Creek Road,Fairview,NC,28730,64,HAL-011-005,Adult Care Home,
Becky's Rest Home #2,316 Lower Brush Creek Road,Fletcher,NC,28732,15,HAL-011-003,Adult Care Home,
Becky's Rest Home #1,316 Lower Brush Creek Road,Fletcher,NC,28732,15,HAL-011-002,Adult Care Home,
Burke Assisted Living,125 Camellia Garden Street,Morganton,NC,28655,24,HAL-012-045,Adult Care Home,
Cambridge House,114 Tenth Street NE,Hildebran,NC,28637,60,HAL-012-044,Adult Care Home,
The Berkeley,330 Juniper Street,Morganton,NC,28655,63,HAL-012-043,Adult Care Home,
McAlpine Adult Care,3806 Kathy Road,Morganton,NC,28655,60,HAL-012-041,Adult Care Home,
Jonas Ridge Adult Care,9051 Hwy 181,Jonas Ridge,NC,28641,57,HAL-012-040,Adult Care Home,
Morningside of Concord,"500 Penny Lane, NE",Concord,NC,28025,105,HAL-013-053,Adult Care Home,
Caremoor Retirement Center,4876 Caremoor Place,Kannapolis,NC,28081,30,HAL-013-052,Adult Care Home,
The Country Home,2908 Country Home Road,Concord,NC,28025,40,HAL-013-050,Adult Care Home,
The Drake,1195 Drake Mill Lane SW,Concord,NC,28025,66,HAL-013-049,Adult Care Home,
TerraBella Harrisburg,6200 Roberta Road,Harrisburg,NC,28075,96,HAL-013-048,Adult Care Home,
The Landings of Cabarrus,4968 Milestone Avenue,Kannapolis,NC,28081,67,HAL-013-046,Adult Care Home,
Mt. Pleasant House,935 Page Street,Mt. Pleasant,NC,28124,74,HAL-013-041,Adult Care Home,
Brookdale Concord Parkway,2452 Rock Hill Church Road NW,Concord,NC,28027,112,HAL-013-019,Adult Care Home,
St. Andrews Living Center,246 Cabarrus Avenue West,Concord,NC,28025,56,HAL-013-006,Adult Care Home,
Grace Village Assisted Living & Memory Care,501 River Bend Drive,Granite Falls,NC,28630,78,HAL-014-017,Adult Care Home,
Grandview Villa Assisted Living,2544 Grandview Circle SW,Lenoir,NC,28645,40,HAL-014-015,Adult Care Home,
Brockford Inn,56 N. Highland Avenue,Granite Falls,NC,28630,67,HAL-014-014,Adult Care Home,
Brookdale Lenoir,1145 Powell Road NE,Lenoir,NC,28645,82,HAL-014-010,Adult Care Home,
The Shaire Center,1450 Shaire Center Drive,Lenoir,NC,28645,82,HAL-014-004,Adult Care Home,
Needham Adult Care Home,916 A Sandy Hook Rd,Shiloh,NC,27974,24,HAL-015-002,Adult Care Home,
Carteret Landing,221 Friendly Road,Morehead City,NC,28557,110,HAL-016-022,Adult Care Home,
Carteret House,3020 Market Street,Newport,NC,28570,64,HAL-016-018,Adult Care Home,
Brookdale Morehead City,107 Bryan Street,Morehead City,NC,28557,72,HAL-016-006,Adult Care Home,
Jefferson Care Home,111 Staley Boswell Road,Yanceyville,NC,27379,12,HAL-017-059,Adult Care Home,
Caswell House,535 US Highway 158 West,Yanceyville,NC,27379,100,HAL-017-054,Adult Care Home,
G. Anthony Rucker Rest Home,1196 Hodges Dairy Road,Yanceyville,NC,27379,12,HAL-017-040,Adult Care Home,
Heritage Care Home of Austin,511 Bumgarner Industrial Drive,Conover,NC,28613,29,HAL-018-042,Adult Care Home,
Comfort Cove,807 4th St. SW,Conover,NC,28613,21,HAL-018-041,Adult Care Home,
Catawba Valley Assisted Living,4174 Shook Road,Claremont,NC,28610,80,HAL-018-040,Adult Care Home,
Hickory Village,427 3rd Avenue S.E.,Hickory,NC,28602,56,HAL-018-039,Adult Care Home,
Piedmont Village at Newton,1345 Chapman Lane,Newton,NC,28658,40,HAL-018-037,Adult Care Home,
TerraBella Newton,1088 Radio Station Road,Newton,NC,28658,96,HAL-018-036,Adult Care Home,
Springs of Catawba,"2010 29th Avenue Drive, NE",Hickory,NC,28601,66,HAL-018-032,Adult Care Home,
Heritage Care of Conover,3430 Lester Street,Conover,NC,28613,60,HAL-018-018,Adult Care Home,
Brookdale Hickory Northeast,"2530 16th Street, N.E.",Hickory,NC,28601,88,HAL-018-016,Adult Care Home,
Brookdale Falling Creek,910 29th Avenue NE,Hickory,NC,28601,60,HAL-018-011,Adult Care Home,
Chatham Ridge Assisted Living,114 Polks Village Lane,Chapel Hill,NC,27517,91,HAL-019-023,Adult Care Home,
Dunmore Senior Living of Siler City,260 Village Lake Road,Siler City,NC,27344,86,HAL-019-022,Adult Care Home,
Carolina Meadows Fairways,700 A Carolina Meadows,Chapel Hill,NC,27517,95,HAL-019-020,Adult Care Home,
Cambridge Hills of Pittsboro,140 Brookstone Lane,Pittsboro,NC,27312,90,HAL-019-019,Adult Care Home,
Pittsboro Christian Village,1825 East Street,Pittsboro,NC,27312,40,HAL-019-006,Adult Care Home,
Edenton House,323 Medical Arts Drive,Edenton,NC,27932,60,HAL-021-009,Adult Care Home,
Edenton Prime Time Retirement Village,106 Mark Drive,Edenton,NC,27932,60,HAL-021-008,Adult Care Home,
Hayesville House,480 Old 64 West,Hayesville,NC,28904,60,HAL-022-005,Adult Care Home,
Golden Years Rest Home,630 Sugar Hill Road,Lawndale,NC,28090,12,HAL-023-052,Adult Care Home,
Kings Mountain Memory Care Center,115 Ferguson Drive,Kings Mountain,NC,28086,20,HAL-023-051,Adult Care Home,
Navion of Shelby,1425 E. Marion Street,Shelby,NC,28150,60,HAL-023-050,Adult Care Home,
Openview Retirement Center,112 Pony Barn Road,Lawndale,NC,28090,24,HAL-023-049,Adult Care Home,
TerraBella Shelby,1550 Charles Road,Shelby,NC,28152,96,HAL-023-048,Adult Care Home,
Shelby Manor,1176 Wyke Road,Shelby,NC,28150,74,HAL-023-046,Adult Care Home,
Cleveland House,950 Hardin Drive,Shelby,NC,28150,72,HAL-023-045,Adult Care Home,
Summit Place of Kings Mountain,1001 Phifer Road,Kings Mountain,NC,28086,65,HAL-023-042,Adult Care Home,
Tabor Commons,703 Elizabeth St.,Tabor City,NC,28463,80,HAL-024-015,Adult Care Home,
Morning Star Assisted Living #6,104 Efird Boulevard,New Bern,NC,28562,64,HAL-025-047,Adult Care Home,
The Indigo at New Bern,4522 Old Cherry Point Road,New Bern,NC,28560,72,HAL-025-046,Adult Care Home,
Navion of New Bern,1336 South Glenburnie Road,New Bern,NC,28562,60,HAL-025-045,Adult Care Home,
The Viridian,3003 Waterscape Way,New Bern,NC,28562,48,HAL-025-044,Adult Care Home,
Golden Heights Assisted Living,603 West Street,New Bern,NC,28560,54,HAL-025-043,Adult Care Home,
"Truewood by Merrill, New Bern",2701 Amhurst Boulevard,New Bern,NC,28562,55,HAL-025-041,Adult Care Home,
"Truewood by Merrill, New Bern Memory Care",2701 Amhurst Boulevard,New Bern,NC,28562,25,HAL-025-040,Adult Care Home,
Homeplace of New Bern,1309 McCarthy Blvd.,New Bern,NC,28562,60,HAL-025-039,Adult Care Home,
The Gardens of Trent,2915 Brunswick Avenue,New Bern,NC,28562,60,HAL-025-035,Adult Care Home,
Unbridled Living of Fayetteville,240 Ann Street,Fayetteville,NC,28301,62,HAL-026-072,Adult Care Home,
Cumberland Creek Assisted Living,1124 Cedar Creek Road,Fayetteville,NC,28312,163,HAL-026-071,Adult Care Home,
Hope Mills Retirement Center,4217 Elk Road,Hope Mills,NC,28348,64,HAL-026-070,Adult Care Home,
Cardinal Care of Hope Mills,4124 Pecan Dr,Hope Mills,NC,28348,29,HAL-026-069,Adult Care Home,
TerraBella Fayetteville,1164 71st School Rd,Fayetteville,NC,28314,96,HAL-026-068,Adult Care Home,
Morning Star Special Care Unit,3017 Dunn Road,Fayetteville,NC,28312,44,HAL-026-066,Adult Care Home,
Harmony at Hope Mills,7051 Rockfish Road,Fayetteville,NC,28306,100,HAL-026-065,Adult Care Home,
Fayetteville Manor,231 Treetop Drive,Fayetteville,NC,28311,60,HAL-026-054,Adult Care Home,
Valley Pines Adult Care,2521 Muriel Drive,Fayetteville,NC,28306,23,HAL-026-052,Adult Care Home,
Pine Valley Adult Care Home,3522 Camden Road,Fayetteville,NC,28306,40,HAL-026-048,Adult Care Home,
Carolina Inn at Village Green,400 Forsythe Street,Fayetteville,NC,28303,100,HAL-026-017,Adult Care Home,
Currituck House,141 Moyock Landing Drive,Moyock,NC,27958,90,HAL-027-003,Adult Care Home,
Spring Arbor of the Outer Banks,803 Bermuda Bay Blvd,Kill Devil Hills,NC,27948,102,HAL-028-002,Adult Care Home,
Brookstone Retirement Center,2968 Old Salisbury Road,Lexington,NC,27295,115,HAL-029-014,Adult Care Home,
Brookstone Terrace of Thomasville,915 West Cooksey Drive,Thomasville,NC,27360,62,HAL-029-013,Adult Care Home,
Mallard Ridge Assisted Living,9420 N NC Highway 150,Clemmons,NC,27012,100,HAL-029-011,Adult Care Home,
Grayson Creek of Welcome,6781 Old US HWY 52,Lexington,NC,27295,75,HAL-029-010,Adult Care Home,
Brookdale Lexington,161 Young Drive,Lexington,NC,27292,76,HAL-029-006,Adult Care Home,
PS Senior Living of Mocksville,191 Crestview Drive,Mocksville,NC,27028,40,HAL-030-010,Adult Care Home,
Mocksville Senior Living and Memory Care,337 Hospital Street,Mocksville,NC,27028,69,HAL-030-009,Adult Care Home,
Somerset Court of Mocksville,150 Ken Dwiggins Drive,Mocksville,NC,27028,60,HAL-030-008,Adult Care Home,
Wellington Park,329 Cooper Street,Kenansville,NC,28349,80,HAL-031-023,Adult Care Home,
DaySpring of Wallace,4026 S NC 11,Wallace,NC,28466,80,HAL-031-022,Adult Care Home,
The Gardens of Rose Hill,571 S. Sycamore Street,Rose Hill,NC,28458,45,HAL-031-019,Adult Care Home,
Autumn Village,235 North NC 41,Beulaville,NC,28518,88,HAL-031-018,Adult Care Home,
Wallace Gardens,1052 NE Railroad Street,Wallace,NC,28466,64,HAL-031-016,Adult Care Home,
Calyx Living of Durham,4214 Guess Road,Durham,NC,27712,84,HAL-032-134,Adult Care Home,
TerraBella Durham,4713 Garrett Road,Durham,NC,27707,96,HAL-032-133,Adult Care Home,
Carolina Reserve of Durham,4523 Hope Valley Road,Durham,NC,27707,60,HAL-032-132,Adult Care Home,
Atria Southpoint Walk,5705 Fayetteville Rd,Durham,NC,27713,20,HAL-032-131,Adult Care Home,
The Pearl at Southpoint,1002 East Highway 54,Durham,NC,27713,51,HAL-032-109,Adult Care Home,
Durham Ridge Assisted Living,3420 Wake Forrest Hwy,Durham,NC,27703,142,HAL-032-091,Adult Care Home,
Eden Spring Living Center,3812 Booker Street,Durham,NC,27713,19,HAL-032-073,Adult Care Home,
Camellia Gardens,5010 S. Alston Avenue,Durham,NC,27713,81,HAL-032-071,Adult Care Home,
Brookdale Durham,4434 Ben Franklin Boulevard,Durham,NC,27704,119,HAL-032-065,Adult Care Home,
Croasdaile Village,2600 Croasdaile Farm Parkway,Durham,NC,27705,64,HAL-032-020,Adult Care Home,
Brookdale Chapel Hill,2230 Farmington Drive,Chapel Hill,NC,27517,38,HAL-032-019,Adult Care Home,
Brookdale Chapel Hill AL (NC),2220 Farmington Drive,Chapel Hill,NC,27517,70,HAL-032-016,Adult Care Home,
Eno Pointe Assisted Living,5600 N. Roxboro Road,Durham,NC,27712,147,HAL-032-001,Adult Care Home,
Barclay House of Tarboro,200 Trade Street,Tarboro,NC,27886,56,HAL-033-007,Adult Care Home,
The Bridges of Hendricks Creek,3210 Western Boulevard,Tarboro,NC,27886,73,HAL-033-006,Adult Care Home,
Heritage Care of Rocky Mount,1650 Cokey Road,Rocky Mount,NC,27801,126,HAL-033-005,Adult Care Home,
PruittPlace-Winston Salem,2500 Polo Ridge Court,Winston-Salem,NC,27106,125,HAL-034-118,Adult Care Home,
Grand Villa Assisted Living at Winston,2609 Old Salisbury Road,Winston-Salem,NC,27127,142,HAL-034-116,Adult Care Home,
Kerner Ridge Assisted Living,250 Hopkins Road,Kernersville,NC,27284,66,HAL-034-115,Adult Care Home,
Southfork,1345 Jonestown Road,Winston-Salem,NC,27103,78,HAL-034-114,Adult Care Home,
Harmony at Brookberry Farm,5416 Hundley Road,Winston-Salem,NC,27106,121,HAL-034-112,Adult Care Home,
Shuler Health Care/Crane Villa,250 Pitt Street,Kernersville,NC,27284,12,HAL-034-111,Adult Care Home,
Shuler Health Care/Phillips Villa,250 Pitt Street,Kernersville,NC,27284,12,HAL-034-110,Adult Care Home,
Shuler Health Care/Pierce Villa,250 Pitt Street,Kernersville,NC,27285,12,HAL-034-109,Adult Care Home,
Shuler Health Care/Record Villa,250 Pitt Street,Kernersville,NC,27284,12,HAL-034-108,Adult Care Home,
Shuler Health Care/Storey Villa,250 Pitt Street,Kernersville,NC,27285,12,HAL-034-107,Adult Care Home,
Cadence at Clemmons,1165 S. Peace Haven Road,Clemmons,NC,27012,96,HAL-034-106,Adult Care Home,
Tranquility Care,5100 Lansing Drive,Winston-Salem,NC,27105,60,HAL-034-104,Adult Care Home,
Salemtowne,2000 Salemtowne,Winston Salem,NC,27106,46,HAL-034-103,Adult Care Home,
Brookstone of Clemmons,4430 Clinard Road,Clemmons,NC,27012,40,HAL-034-102,Adult Care Home,
Somerset Court at University Place,1635 East 5th Street,Winston Salem,NC,27101,60,HAL-034-100,Adult Care Home,
Magnolia Creek Assisted Living,2560 Willard Road,Winston-Salem,NC,27107,117,HAL-034-097,Adult Care Home,
The Southwood,3150 Burke Mill Road,Winston-Salem,NC,27103,100,HAL-034-093,Adult Care Home,
Clemmons Village I,6401 Holder Road,Clemmons,NC,27012,60,HAL-034-090,Adult Care Home,
Trinity Elms,3750 Harper Road,Clemmons,NC,27012,104,HAL-034-085,Adult Care Home,
The Bradford Village of Kernersville - West,602 Piney Grove Road,Kernersville,NC,27284,62,HAL-034-069,Adult Care Home,
Memory Care of the Triad,413 North Main Street,Kernersville,NC,27284,42,HAL-034-068,Adult Care Home,
Clemmons Village II,6441 Holder Road,Clemmons,NC,27012,66,HAL-034-062,Adult Care Home,
Creekside Manor,6206 Reidsville Road,Kernersville,NC,27284,60,HAL-034-060,Adult Care Home,
Brookdale Reynolda Road,2980 Reynolda Road,Winston-Salem,NC,27106,72,HAL-034-035,Adult Care Home,
Brookdale Winston-Salem,275 South Peace Haven Road,Winston-Salem,NC,27104,38,HAL-034-027,Adult Care Home,
Brighton Gardens of Winston-Salem,2601 Reynolda Road,Winston-Salem,NC,27106,115,HAL-034-026,Adult Care Home,
Homestead Hills Assisted Living,2101 Homestead Hills Drive,Winston-Salem,NC,27103,66,HAL-034-023,Adult Care Home,
C.R.T. - Golden Lamb Rest Home,1515 Golden Lamb Court,Winston-Salem,NC,27105,40,HAL-034-019,Adult Care Home,
Vienna Village,6601 Yadkinville Road,Pfafftown,NC,27040,90,HAL-034-016,Adult Care Home,
Verra Spring at Heritage Woods,3812 Forrestgate Drive,Winston-Salem,NC,27103,29,HAL-034-003,Adult Care Home,
Franklin Manor Assisted Living Center,100 Sunset Drive,Youngsville,NC,27596,54,HAL-035-024,Adult Care Home,
Morningside of Gastonia,2755 Union Road,Gastonia,NC,28054,105,HAL-036-041,Adult Care Home,
Woodlawn Haven Assisted Living,301 Craig Street,Mt. Holly,NC,28120,80,HAL-036-040,Adult Care Home,
TerraBella Cramer Mountain,500 Cramer Mountain Road,Cramerton,NC,28032,128,HAL-036-039,Adult Care Home,
Somerset Court of Cherryville,401 West Academy Street,Cherryville,NC,28021,60,HAL-036-034,Adult Care Home,
Wellington House,850 Majestic Court,Gastonia,NC,28054,48,HAL-036-031,Adult Care Home,
Terrace Ridge Assisted Living,1251 E Hudson Blvd,Gastonia,NC,28054,74,HAL-036-023,Adult Care Home,
Country Time Inn,602 Brevard Road,Kings Mountain,NC,28086,59,HAL-036-018,Adult Care Home,
Brookdale Robinwood,1750 Robinwood Road,Gastonia,NC,28054,89,HAL-036-015,Adult Care Home,
Brookdale New Hope,1680 South New Hope Road,Gastonia,NC,28054,86,HAL-036-013,Adult Care Home,
Brookdale Union,1717 Union Road,Gastonia,NC,28054,78,HAL-036-012,Adult Care Home,
Rosewood Assisted Living,"721 Dr. Martin Luther King, Jr. Way",Gastonia,NC,28052,48,HAL-036-004,Adult Care Home,
Gates House,11 Commerce Drive,Gatesville,NC,27938,70,HAL-037-002,Adult Care Home,
Tre' More Manor ALF,6016 Pine Town Road,Oxford,NC,27565,31,HAL-039-018,Adult Care Home,
Toney Rest Home,904 Raleigh Street,Oxford,NC,27565,60,HAL-039-017,Adult Care Home,
Dunmore Senior Living of Oxford,200 Coventry Drive,Oxford,NC,27565,60,HAL-039-016,Adult Care Home,
Heritage Meadows Long Term Care,6659 Private School Road,Oxford,NC,27565,80,HAL-039-015,Adult Care Home,
Snow Hill Assisted Living,1328 S. E. Second Street,Snow Hill,NC,28580,40,HAL-040-009,Adult Care Home,
Brookstone Terrace of Greensboro,3896 N. Elm Street,Greensboro,NC,27455,108,HAL-041-091,Adult Care Home,
Westchester Harbour at Providence Place,630 Whittier Avenue,High Point,NC,27262,90,HAL-041-090,Adult Care Home,
Richland Square,3823 Lawndale Drive,Greensboro,NC,27455,70,HAL-041-089,Adult Care Home,
Spring Arbor of Greensboro,5125 Michaux Road,Greensboro,NC,27410,100,HAL-041-088,Adult Care Home,
TerraBella Greensboro,1208 New Garden Road,Greensboro,NC,27410,125,HAL-041-087,Adult Care Home,
Harmony at Greensboro,3420 Whitehurst Road,Greensboro,NC,27410,92,HAL-041-086,Adult Care Home,
The Elms at Abbotswood,3508 Flint Street,Greensboro,NC,27405,48,HAL-041-085,Adult Care Home,
Alpha Concord of Greensboro,3301 Gar Place,Greensboro,NC,27406,64,HAL-041-082,Adult Care Home,
Verra Springs at Heritage Greens,803 Meadowood Street,Greensboro,NC,27409,45,HAL-041-079,Adult Care Home,
The Arboretum at Heritage Greens,709 Meadowood Street,Greensboro,NC,27409,66,HAL-041-078,Adult Care Home,
Guilford House,5918 Netfield Road,Greensboro,NC,27455,60,HAL-041-077,Adult Care Home,
Wellington Oaks,3004 Dexter Avenue,Greensboro,NC,27407,85,HAL-041-072,Adult Care Home,
Brookdale Lawndale Park,4400 Lawndale Drive,Greensboro,NC,27455,118,HAL-041-062,Adult Care Home,
Abbotswood at Irving Park Assisted Living,3506 Flint Street,Greensboro,NC,27405,28,HAL-041-060,Adult Care Home,
Clapp's Assisted Living,4558 Pleasant Garden Road,Pleasant Garden,NC,27313,30,HAL-041-054,Adult Care Home,
Brookdale High Point North AL (NC),1568 Skeet Club Road,High Point,NC,27265,102,HAL-041-039,Adult Care Home,
Brookdale High Point North,1564 Skeet Club Road,High Point,NC,27265,65,HAL-041-033,Adult Care Home,
Brookdale Northwest Greensboro,5809 Old Oak Ridge Road,Greensboro,NC,27410,81,HAL-041-031,Adult Care Home,
Brookdale High Point,201 West Hartley Drive,High Point,NC,27265,82,HAL-041-030,Adult Care Home,
Brookdale Skeet Club,1560 Skeet Club Road,High Point,NC,27265,79,HAL-041-029,Adult Care Home,
"Lawson Retirment Center, Inc.",1319 Woodbriar Avenue,Greensboro,NC,27405,18,HAL-041-015,Adult Care Home,
Piedmont Christian Home,1510 Deep River Road,High Point,NC,27265,93,HAL-041-010,Adult Care Home,
The Landings of Lake Gaston,206 North Mosby Ave,Littleton,NC,27850,60,HAL-042-007,Adult Care Home,
Scotland House,27669 Highway 125,Scotland Neck,NC,27874,60,HAL-042-006,Adult Care Home,
Carolina Rest Home,1361 Carolina Rest Home Road,Roanoke Rapids,NC,27870,40,HAL-042-005,Adult Care Home,
"Johnson Better Care Facility, Inc",3485 Hwy 301 North,Dunn,NC,28335,50,HAL-043-035,Adult Care Home,
Cardinal Care of Dunn,217 Jonesboro Road,Dunn,NC,28334,36,HAL-043-034,Adult Care Home,
Absolute Care Assisted Living II,431 Junny Road,Angier,NC,27501,12,HAL-043-031,Adult Care Home,
Absolute Care Assisted Living,431 Junny Road,Angier,NC,27501,12,HAL-043-029,Adult Care Home,
Green Leaf Care Center,2041 NC 210 North,Lillington,NC,27546,105,HAL-043-027,Adult Care Home,
The Springs of Ballentine,40 Rawls Club Road,Fuquay-Varina,NC,27526,50,HAL-043-024,Adult Care Home,
Pinecrest Gardens,1984 Old US 421,Lillington,NC,27546,60,HAL-043-022,Adult Care Home,
Oak Hill Living Center,9767 NC 210-N,Angier,NC,27501,122,HAL-043-015,Adult Care Home,
Senior Citizens Village,504 West Canal Drive,Dunn,NC,28334,65,HAL-043-006,Adult Care Home,
McCracken Rest Home,203 McCracken Street,Waynesville,NC,28786,22,HAL-044-049,Adult Care Home,
Spicewood Cottages Meadows,59 Loving Way,Clyde,NC,28721,9,HAL-044-048,Adult Care Home,
Haywood Springs,145 N Main St.,Canton,NC,28716,60,HAL-044-042,Adult Care Home,
Spicewood Cottages Willows,65 Loving Way,Clyde,NC,28721,20,HAL-044-041,Adult Care Home,
Spicewood Cottages Oaks,67 Loving Way,Clyde,NC,28721,20,HAL-044-040,Adult Care Home,
Spicewood Cottages Elms,39 Loving Way,Clyde,NC,28721,17,HAL-044-039,Adult Care Home,
Chestnut Park Retirement Center,84 Chestnut Park Drive,Waynesville,NC,28786,20,HAL-044-022,Adult Care Home,
Haywood Lodge and Retirement Center,251 Shelton Street,Waynesville,NC,28786,72,HAL-044-009,Adult Care Home,
Stonecroft Assisted Living,560 S Allen Rd,Flat Rock,NC,28731,58,HAL-045-131,Adult Care Home,
TerraBella Hendersonville,3851 Howard Gap Road,Hendersonville,NC,28792,96,HAL-045-130,Adult Care Home,
The Gardens of Hendersonville,1000 West Allen Street,Hendersonville,NC,28739,60,HAL-045-129,Adult Care Home,
The Landings of Mills River,4143 Haywood Road,Mills River,NC,28759,65,HAL-045-127,Adult Care Home,
Carolina Reserve of Laurel Park,1825 Pisgah Drive,Hendersonville,NC,28791,48,HAL-045-126,Adult Care Home,
Carolina Reserve of Hendersonville,1820 Pisgah Drive,Hendersonville,NC,28791,61,HAL-045-125,Adult Care Home,
Heritage Hills Senior Living,2500 Heritage Circle,Hendersonville,NC,28791,24,HAL-045-123,Adult Care Home,
Cherry Springs Village,358 Clear Creek Road,Hendersonville,NC,28792,60,HAL-045-115,Adult Care Home,
Henderson's Assisted Living,74 Lotus Lane,Hendersonville,NC,28792,26,HAL-045-113,Adult Care Home,
Mountain View Assisted Living,260 Centerway Drive,Hendersonville,NC,28792,27,HAL-045-112,Adult Care Home,
Carolina Village,600 Carolina Village Road,Hendersonville,NC,28792,60,HAL-045-067,Adult Care Home,
McCullough's Rest Home,720 Orr's Camp Road,Hendersonville,NC,28792,13,HAL-045-005,Adult Care Home,
Ahoskie Assisted Living,240 South Earley Station Road,Ahoskie,NC,27910,92,HAL-046-020,Adult Care Home,
Ahoskie House,407 Loftin Lane,Ahoskie,NC,27910,60,HAL-046-004,Adult Care Home,
Spring Arbor of Sand Hills,8398 Fayetteville Road,Raeford,NC,28376,75,HAL-047-016,Adult Care Home,
Open Arms Retirement Center,612 Health Drive,Raeford,NC,28376,90,HAL-047-014,Adult Care Home,
Harmony House Memory Care,1372 Eufola Road,Statesville,NC,28677,40,HAL-049-036,Adult Care Home,
Terrabella Lake Norman,140 Carriage Club Drive,Mooresville,NC,28117,120,HAL-049-035,Adult Care Home,
Cadence Mooresville,198 E Waterlynn Road,Mooresville,NC,28117,96,HAL-049-034,Adult Care Home,
Mill Creek Manor,1902 Ora Drive,Statesville,NC,28625,80,HAL-049-033,Adult Care Home,
Summit Place of Mooresville,128 Brawley School Road,Mooresville,NC,28117,60,HAL-049-030,Adult Care Home,
The Gardens of Statesville,2147 Davie Avenue,Statesville,NC,28625,67,HAL-049-023,Adult Care Home,
Brookdale Peachtree MC,2814 Peachtree Road,Statesville,NC,28625,40,HAL-049-021,Adult Care Home,
Brookdale Peachtree AL,2806 Peachtree Road,Statesville,NC,28625,87,HAL-049-020,Adult Care Home,
Brookdale East Broad,2441 East Broad Street,Statesville,NC,28625,58,HAL-049-019,Adult Care Home,
Olin Village,999 Tabor Road,Olin,NC,28660,64,HAL-049-016,Adult Care Home,
Jurney's Assisted Living,1942 Van Haven Drive,Statesville,NC,28625,60,HAL-049-015,Adult Care Home,
Rosewood Assisted Living,3134 Harmony Highway,Harmony,NC,28634,54,HAL-049-004,Adult Care Home,
The Hermitage,185 Brick Farm Road,Sylva,NC,28779,90,HAL-050-017,Adult Care Home,
Morningstar Assisted Living,95 Morningstar Lane,Sylva,NC,28779,55,HAL-050-016,Adult Care Home,
Kingswood Reserve,263 McKenzie Ridge Dr,Clayton,NC,27527,66,HAL-051-073,Adult Care Home,
Americares Adult Homes #2,103 Annie Parker Circle,Smithfield,NC,27577,12,HAL-051-072,Adult Care Home,
Americares Adult Homes #3,105 Annie Parker Circle,Smithfield,NC,27577,12,HAL-051-071,Adult Care Home,
Americares Adult Homes #1,101 Annie Parker Circle,Smithfield,NC,27577,12,HAL-051-070,Adult Care Home,
McLamb's Rest Home,998 Five Points Road,Benson,NC,27504,12,HAL-051-069,Adult Care Home,
McLamb's Rest Home #2,998 Five Points Road,Benson,NC,27504,12,HAL-051-068,Adult Care Home,
The Landings of Smithfield,200 Kellie Drive,Smithfield,NC,27577,66,HAL-051-065,Adult Care Home,
Providence Assisted Living,4302 NC 210,Smithfield,NC,27577,20,HAL-051-061,Adult Care Home,
Four Oaks Senior Living,565 Boyette Road,Four Oaks,NC,27524,96,HAL-051-060,Adult Care Home,
Progressive Care of Princeton,160 Haven Lane,Princeton,NC,27569,12,HAL-051-052,Adult Care Home,
Gabriel Manor Assisted Living Center,84 Johnson Estate Road,Clayton,NC,27520,77,HAL-051-048,Adult Care Home,
Meadowview Assisted Living Center,250 Highway 210 West,Smithfield,NC,27577,60,HAL-051-047,Adult Care Home,
Clayton House,145 Dairy Road,Clayton,NC,27520,60,HAL-051-041,Adult Care Home,
Brookdale Smithfield,830 Berkshire Road,Smithfield,NC,27577,74,HAL-051-024,Adult Care Home,
Autumn Home Care of Johnston County II,474 Jerry Road,Selma,NC,27576,12,HAL-051-003,Adult Care Home,
Autumn Home Care of Johnston County I,474 Jerry Road,Selma,NC,27576,12,HAL-051-002,Adult Care Home,
Autumn Home Care of Johnston County III,474 Jerry Road,Selma,NC,27576,12,HAL-051-001,Adult Care Home,
Sanford Senior Living,1107 Carthage Street,Sanford,NC,27330,50,HAL-053-031,Adult Care Home,
Sanford Manor,1115 Carthage Street,Sanford,NC,27330,85,HAL-053-030,Adult Care Home,
Parkview Retirement Center,1801 Wicker Street Ext.,Sanford,NC,27330,116,HAL-053-004,Adult Care Home,
Honey's Assisted Living,1935 Idlewild Drive,Kinston,NC,28504,63,HAL-054-072,Adult Care Home,
Spring Arbor of Kinston,3207 Carey Road,Kinston,NC,28504,86,HAL-054-071,Adult Care Home,
Legacy Memory Care at Kinston,1406 East Shine Street,Kinston,NC,28501,24,HAL-054-070,Adult Care Home,
Rose Vista Assisted Living,2130 Rose Vista Road,Kinston,NC,28504,60,HAL-054-069,Adult Care Home,
Lenoir Assisted Living,2773 Pinewood Home Drive,Pink Hill,NC,28572,94,HAL-054-068,Adult Care Home,
Heath House,919 Wilma Sigmon Road,Lincolnton,NC,28092,60,HAL-055-013,Adult Care Home,
Wexford House,3900 Wexford Lane,Denver,NC,28037,80,HAL-055-012,Adult Care Home,
TerraBella Lincolnton,440 Salem Church Road,Lincolnton,NC,28092,96,HAL-055-009,Adult Care Home,
North Brook Rest Home,1611 North Brook III School Rd,Vale,NC,28168,12,HAL-055-004,Adult Care Home,
Lakewood Care Center,7981 Optimist Club Road,Denver,NC,28037,60,HAL-055-003,Adult Care Home,
Boger City Rest Home,1428 Little Valley Lane,Lincolnton,NC,28092,52,HAL-055-002,Adult Care Home,
Amazing Grace Rest Home,3633 Amazing Grace Road,Lawndale,NC,28090,10,HAL-055-001,Adult Care Home,
Franklin House,186 One Center Court,Franklin,NC,28734,70,HAL-056-006,Adult Care Home,
Chestnut Hill of Highlands,24 Clubhouse Trail,Highlands,NC,28741,26,HAL-056-005,Adult Care Home,
Grandview Manor Care Center,150 Crisp Street,Franklin,NC,28734,82,HAL-056-001,Adult Care Home,
Mars Hill Retirement Community,170 South Main Street,Mars Hill,NC,28754,69,HAL-057-011,Adult Care Home,
Williamston House,160 Santree Drive,Williamston,NC,27892,60,HAL-058-011,Adult Care Home,
Vintage Inn Retirement Community,826 East Blvd. 17 N By-Pass,Williamston,NC,27892,122,HAL-058-010,Adult Care Home,
Rose Hill Retirement Community,120 Fleming Avenue,Marion,NC,28752,87,HAL-059-036,Adult Care Home,
Marion Assisted Living,5235 NC 226 South,Marion,NC,28752,54,HAL-059-035,Adult Care Home,
McDowell House,1687 Dairy Road,Nebo,NC,28761,25,HAL-059-034,Adult Care Home,
Houston House,9460 Hwy 64,Union Mills,NC,28167,29,HAL-059-033,Adult Care Home,
Lake James Lodge Assisted Living,63 Lakeview Drive North,Marion,NC,28752,60,HAL-059-032,Adult Care Home,
Cedarbrook Residential Center,1267 Pinnacle Church Road,Nebo,NC,28761,80,HAL-059-021,Adult Care Home,
Legacy Heights Senior Living Community,11230 Ballantyne Trace Court,Charlotte,NC,28277,122,HAL-060-179,Adult Care Home,
Navion of Cotswold,3610 Randolph Road,Charlotte,NC,28211,104,HAL-060-178,Adult Care Home,
Northlake House,9108- Reames Road,Charlotte,NC,28216,48,HAL-060-177,Adult Care Home,
MerryWood on Park,3600 Park Road,Charlotte,NC,28209,20,HAL-060-176,Adult Care Home,
Spring Arbor of Steele Creek,13600 S. Tryon Street,Charlotte,NC,28278,90,HAL-060-175,Adult Care Home,
The Terrace at Brightmore of South Charlotte,10225 Old Ardrey Kell Road,Charlotte,NC,28277,34,HAL-060-174,Adult Care Home,
Ranson Ridge Assisted Living & Memory Care,13910 Hunton Lane,Huntersville,NC,28078,100,HAL-060-172,Adult Care Home,
Arbor Ridge at Huntersville,10200 Hampton Park Drive,Huntersville,NC,28078,40,HAL-060-170,Adult Care Home,
Preston House,4910 Harris Woods Boulevard,Charlotte,NC,28269,40,HAL-060-169,Adult Care Home,
The Pines On Carmel Senior Living,5820 Carmel Road,Charlotte,NC,28226,125,HAL-060-168,Adult Care Home,
Oakbridge Terrace @ Matthews Glen,701 Plantation Estates Drive,Matthews,NC,28105,99,HAL-060-167,Adult Care Home,
Sunrise on Providence,5114 Providence Road,Charlotte,NC,28226,95,HAL-060-165,Adult Care Home,
The Laurels in the Village at Carolina Place,13180 Dorman Road,Pineville,NC,28134,104,HAL-060-164,Adult Care Home,
The Haven in the Village at Carolina Place,13150 Dorman Road,Pineville,NC,28134,60,HAL-060-163,Adult Care Home,
The Haven in Highland Creek,5920 McChesney Drive,Charlotte,NC,28269,60,HAL-060-162,Adult Care Home,
The Laurels in Highland Creek,6101 Clarke Creek Parkway,Charlotte,NC,28269,105,HAL-060-161,Adult Care Home,
Cadence Huntersville,250 Commerce Center Drive,Huntersville,NC,28078,96,HAL-060-160,Adult Care Home,
Cadence Senior Living at Mint Hill,5601 Margaret Wallace Road,Matthews,NC,28105,84,HAL-060-159,Adult Care Home,
The Charlotte Assisted Living,9120 Willow Ridge Drive,Charlotte,NC,28210,119,HAL-060-158,Adult Care Home,
TerraBella Little Avenue,7745 Little Avenue,Charlotte,NC,28226,62,HAL-060-156,Adult Care Home,
East Towne,4815 North Sharon Amity Road,Charlotte,NC,28205,120,HAL-060-149,Adult Care Home,
Waltonwood Cotswold,5215 Randolph Road,Charlotte,NC,28211,125,HAL-060-148,Adult Care Home,
Waltonwood at Providence,11945 Providence Road,Charlotte,NC,28277,80,HAL-060-138,Adult Care Home,
Mint Hill Senior Living,10830 Lawyers Glen Drive,Charlotte,NC,28227,82,HAL-060-136,Adult Care Home,
The Parc at Sharon Amity,4025 N. Sharon Amity Road,Charlotte,NC,28205,64,HAL-060-125,Adult Care Home,
Summit Place of Southpark,2101 Runnymede Lane,Charlotte,NC,28209,120,HAL-060-116,Adult Care Home,
Willow Ridge Memory Care,2040 Milton Road,Charlotte,NC,28215,52,HAL-060-111,Adult Care Home,
The Little Flower Assisted Living,8700 Lawyers Road,Charlotte,NC,28227,49,HAL-060-109,Adult Care Home,
Brookdale South Charlotte,5515 Rea Road,Charlotte,NC,28226,82,HAL-060-101,Adult Care Home,
Brookdale South Park,5326 Park Road,Charlotte,NC,28209,56,HAL-060-085,Adult Care Home,
Brookdale Charlotte East,6053 Wilora Lake Road,Charlotte,NC,28212,50,HAL-060-060,Adult Care Home,
Cuthbertson Village at Aldersgate,3800 Shamrock Drive,Charlotte,NC,28215,61,HAL-060-059,Adult Care Home,
Parker Terrace,3800 Shamrock Drive,Charlotte,NC,28215,53,HAL-060-054,Adult Care Home,
Brookdale Carriage Club Providence II,5816 Old Providence Road,Charlotte,NC,28226,34,HAL-060-049,Adult Care Home,
Brookdale Weddington Park,2404 Plantation Center Drive,Matthews,NC,28105,83,HAL-060-042,Adult Care Home,
Brighton Gardens of Charlotte,6000 Park South Drive,Charlotte,NC,28210,125,HAL-060-019,Adult Care Home,
Brookdale Carriage Club Providence I,5802 Old Providence Road,Charlotte,NC,28226,77,HAL-060-016,Adult Care Home,
Hunter Village,111 South Church Street,Huntersville,NC,28070,68,HAL-060-014,Adult Care Home,
Carmel Hills,2801 Carmel Road,Charlotte,NC,28226,38,HAL-060-001,Adult Care Home,
Mitchell House,13681 Hwy 226 South,Spruce Pine,NC,28777,80,HAL-061-011,Adult Care Home,
Montgomery Senior Living,327 Freeman Street,Star,NC,27356,54,HAL-062-016,Adult Care Home,
Poplar Springs Assisted Living,601 Dover Road,Star,NC,27356,12,HAL-062-015,Adult Care Home,
Sandy Ridge Assisted Living,326 Bowman Road,Candor,NC,27229,120,HAL-062-009,Adult Care Home,
Charter Senior Living of Fox Hollow,190 Fox Hollow Road,Pinehurst,NC,28374,85,HAL-063-026,Adult Care Home,
TerraBella Southern Pines,101 Brucewood Road,Southern Pines,NC,28387,94,HAL-063-025,Adult Care Home,
Brookdale Pinehurst,17 Regional Drive,Pinehurst,NC,28374,76,HAL-063-024,Adult Care Home,
Seven Lakes Assisted Living,292 McDougall Drive,West End,NC,27376,60,HAL-063-023,Adult Care Home,
The Coventry,105 Gossman Drive,Southern Pines,NC,28387,50,HAL-063-016,Adult Care Home,
Tara Plantation of Carthage,820 S. McNeill Street,Carthage,NC,28327,80,HAL-063-011,Adult Care Home,
Magnolia Gardens,594 Murray Hill Road,Southern Pines,NC,28387,110,HAL-063-007,Adult Care Home,
Navion of Rocky Mount,650 Goldrock Road,Rocky Mount,NC,27804,60,HAL-064-036,Adult Care Home,
Hunter Hill Assisted Living,891 Noell Lane,Rocky Mount,NC,27804,64,HAL-064-035,Adult Care Home,
The Landings of Rocky Mount Mills,1365 River Drive,Rocky Mount,NC,27802,60,HAL-064-034,Adult Care Home,
Spring Arbor of Rocky Mount,1251 S. Winstead Avenue,Rocky Mount,NC,27803,84,HAL-064-033,Adult Care Home,
The Gardens of Nashville,1022 Eastern Avenue,Nashville,NC,27856,62,HAL-064-031,Adult Care Home,
Somerset Court of Rocky Mount,918 Westwood Drive,Rocky Mount,NC,27802,60,HAL-064-029,Adult Care Home,
Brekenridge Retirement Center,2500 Hunter Hill Road,Rocky Mount,NC,27804,64,HAL-064-004,Adult Care Home,
Spring Arbor of Wilmington,809 John D. Barry Drive,Wilmington,NC,28412,66,HAL-065-046,Adult Care Home,
Morningside of Wilmington,2744 S 17th Street,Wilmington,NC,28412,101,HAL-065-045,Adult Care Home,
New Hanover House,3915 Stedwick Court,Wilmington,NC,28412,61,HAL-065-036,Adult Care Home,
Cedar Cove Assisted Living,4200 Jasmine Cove Way,Wilmington,NC,28412,64,HAL-065-035,Adult Care Home,
The Kempton at Brightmore,2298 S. Forty-first Street,Wilmington,NC,28403,84,HAL-065-023,Adult Care Home,
Champions Assisted Living,1007 Porters Neck Road,Wilmington,NC,28411,148,HAL-065-020,Adult Care Home,
Brookdale Wilmington,3501 Converse Drive,Wilmington,NC,28403,38,HAL-065-019,Adult Care Home,
The Commons at Brightmore,2320 41st Street,Wilmington,NC,28403,201,HAL-065-002,Adult Care Home,
Hampton Manor,320 Broughton Street,Gaston,NC,27832,82,HAL-066-012,Adult Care Home,
Rich Square Manor,400 North Main Street,Rich Square,NC,27869,32,HAL-066-011,Adult Care Home,
Rich Square Villa,310 North Main Street,Rich Square,NC,27869,38,HAL-066-010,Adult Care Home,
Pine Forest Rest Home,3277 HWY 35,Woodland,NC,27897,24,HAL-066-001,Adult Care Home,
The Landings of Swansboro,280 Swansboro Loop Road,Swansboro,NC,28584,80,HAL-067-025,Adult Care Home,
Onslow House,34 McDaniel Drive,Jacksonville,NC,28546,120,HAL-067-023,Adult Care Home,
The Heritage of Richlands,148 Cox Avenue,Richlands,NC,28574,40,HAL-067-016,Adult Care Home,
Lighthouse Village,182 Village Drive,Jacksonville,NC,28546,80,HAL-067-013,Adult Care Home,
Kempton of Jacksonville,3045 Henderson Drive Extension,Jacksonville,NC,28546,79,HAL-067-008,Adult Care Home,
Cardinal Care of Jacksonville,1241 Onslow Pines Road,Jacksonville,NC,28540,32,HAL-067-004,Adult Care Home,
Graceful Living Assisted Living,624 Jones Ferry Road,Carrboro,NC,27510,120,HAL-068-037,Adult Care Home,
TerraBella Hillsborough,1911 Orange Grove Road,Hillsborough,NC,27278,96,HAL-068-035,Adult Care Home,
Adorable Senior Living,401 West Queen Street,Hillsborough,NC,27278,17,HAL-068-034,Adult Care Home,
The Stratford,405 Smith Level Road,Chapel Hill,NC,27516,77,HAL-068-025,Adult Care Home,
Carol Woods Retirement Community - Building 7,750 Weaver Dairy Road,Chapel Hill,NC,27514,12,HAL-068-021,Adult Care Home,
The Carol Woods Retirement Community - Building 6,750 Weaver Dairy Road,Chapel Hill,NC,27514,12,HAL-068-020,Adult Care Home,
Brookdale Meadowmont,100 Lanark Road,Chapel Hill,NC,27517,64,HAL-068-008,Adult Care Home,
The Gardens of Pamlico,22 Magnolia Way,Grantsboro,NC,28529,70,HAL-069-002,Adult Care Home,
Waterbrooke of Elizabeth City,143 Rosedale Drive,Elizabeth City,NC,27909,130,HAL-070-008,Adult Care Home,
Heritage Care of Elizabeth City,100 Timmerman Drive,Elizabeth City,NC,27909,60,HAL-070-006,Adult Care Home,
Brookdale Elizabeth City,401 Hastings Lane,Elizabeth City,NC,27909,76,HAL-070-005,Adult Care Home,
Arbor Landing at Hampstead,13937 US Highway 17,Hampstead,NC,28443,19,HAL-071-016,Adult Care Home,
Poplar Grove,300 West Ashe Street,Burgaw,NC,28425,60,HAL-071-015,Adult Care Home,
Hertford Manor,464 Two Mile Desert Road,Hertford,NC,27944,24,HAL-072-015,Adult Care Home,
The Landings of Albemarle,603 South Church Street,Hertford,NC,27944,50,HAL-072-014,Adult Care Home,
AngelSprings Assisted Living,2065 Chub Lake Road,Roxboro,NC,27573,34,HAL-073-020,Adult Care Home,
Roxboro Assisted Living OPCP LLC,5660 Durham Road,Roxboro,NC,27574,120,HAL-073-019,Adult Care Home,
The Canterbury House,1284 Leasburg Road,Roxboro,NC,27574,60,HAL-073-018,Adult Care Home,
Navion of Greenville,2105 W. Arlington Boulevard,Greenville,NC,27834,60,HAL-074-047,Adult Care Home,
Alpha Care One Assisted Living,2060 West Fifth Street,Greenville,NC,27834,120,HAL-074-046,Adult Care Home,
Spring Arbor of Greenville,2097 West Arlington Boulevard,Greenville,NC,27834,66,HAL-074-045,Adult Care Home,
River Oak Assisted Living,716 Wall Street,Grifton,NC,28530,80,HAL-074-043,Adult Care Home,
Cypress Glen Retirement Community Memory Care Cottage,100 Hickory Street,Greenville,NC,27858,12,HAL-074-042,Adult Care Home,
Red Oak Assisted Living,2920 Williams Road,Greenville,NC,27834,62,HAL-074-037,Adult Care Home,
Oak Haven Assisted Living,506 Mattox Road,Greenville,NC,27834,54,HAL-074-036,Adult Care Home,
Brookdale Dickinson Avenue,2715 Dickinson Avenue,Greenville,NC,27834,76,HAL-074-011,Adult Care Home,
Ridge Rest Assisted Living,354 Woodland Drive,Columbus,NC,28722,12,HAL-075-011,Adult Care Home,
Laurelwoods,1062 West Mills Street,Columbus,NC,28722,60,HAL-075-010,Adult Care Home,
TerraBella Asheboro,2925 Zoo Parkway,Asheboro,NC,27205,96,HAL-076-035,Adult Care Home,
Brookstone Haven,501 Pointe South Drive,Randleman,NC,27317,120,HAL-076-034,Adult Care Home,
North Pointe Assisted Living Of Archdale,303 Aldridge Road,Archdale,NC,27263,56,HAL-076-032,Adult Care Home,
North Pointe,1195 Pineview Road,Randleman,NC,27317,67,HAL-076-027,Adult Care Home,
Brookdale Asheboro,514 Vision Drive,Asheboro,NC,27203,76,HAL-076-007,Adult Care Home,
Cross Road Retirement Community,1302 Old Cox Road,Asheboro,NC,27205,152,HAL-076-003,Adult Care Home,
Hermitage Retirement Center,139 Mallard Lane,Rockingham,NC,28379,114,HAL-077-012,Adult Care Home,
Hamlet House,632 Freeman Mill Road,Hamlet,NC,28345,60,HAL-077-010,Adult Care Home,
Greenbrier of Fairmont,703 S. Walnut Street,Fairmont,NC,28340,100,HAL-078-112,Adult Care Home,
Rivers Edge of Lumberton,550 Bailey Road,Lumberton,NC,28359,104,HAL-078-111,Adult Care Home,
Hope Springs,104 Hope Lane,Red Springs,NC,28377,63,HAL-078-100,Adult Care Home,
Red Springs Assisted Living,1301 E. Fourth Avenue,Red Springs,NC,28377,81,HAL-078-083,Adult Care Home,
Cromartie Spring Village Rest Home,508 Worth Street,St. Pauls,NC,28384,11,HAL-078-082,Adult Care Home,
Morning Star AL # 4,941 Goins Road,Pembroke,NC,28372,12,HAL-078-067,Adult Care Home,
Morning Star AL # 3,941Goins Road,Pembroke,NC,28372,12,HAL-078-065,Adult Care Home,
Morning Star AL # 2,941 Goins Road,Pembroke,NC,28372,12,HAL-078-064,Adult Care Home,
Covenant Care,600 Mt. Moriah Road,Lumberton,NC,28360,30,HAL-078-038,Adult Care Home,
Devoted Assisted Living,5767 Hwy 135,Stoneville,NC,27048,18,HAL-079-108,Adult Care Home,
The Landings of Rockingham,2605 Swallow Rd,Reidsville,NC,27320,43,HAL-079-106,Adult Care Home,
Pine Forrest Home for the Aged,312 Broad Street,Reidsville,NC,27320,58,HAL-079-079,Adult Care Home,
North Pointe of Mayodan,6970 NC HWY 135,Mayodan,NC,27027,70,HAL-079-053,Adult Care Home,
Brookdale Eden,314 W. Kings Highway,Eden,NC,27288,82,HAL-079-009,Adult Care Home,
Brookdale Reidsville,2931 Vance Street,Reidsville,NC,27320,76,HAL-079-007,Adult Care Home,
Highgrove Long Term Care Center,2135 S. Scales Street,Reidsville,NC,27320,62,HAL-079-002,Adult Care Home,
Best of Care,234 Northdale Avenue,Kannapolis,NC,28081,25,HAL-080-033,Adult Care Home,
Bethamy Retirement Center,909 N. Salisbury Avenue,Spencer,NC,28159,43,HAL-080-032,Adult Care Home,
Deal Care Inn,1075 Deal Road,Mooresville,NC,28115,21,HAL-080-031,Adult Care Home,
TerraBella Salisbury,1915 Mooresville Road,Salisbury,NC,28147,128,HAL-080-030,Adult Care Home,
Angels at Heart Assisted Living,1114 South Main Street,China Grove,NC,28023,28,HAL-080-029,Adult Care Home,
Compass Assisted Living Rowan,1404 S. Salisbury Avenue,Spencer,NC,28159,89,HAL-080-028,Adult Care Home,
Alpha Concord Plantation,2809 Old Concord Road,Salisbury,NC,28146,29,HAL-080-027,Adult Care Home,
The Meadows of Rockwell Retirement Center,612 China Grove Hwy,Rockwell,NC,28138,110,HAL-080-026,Adult Care Home,
Brookdale Salisbury,2201 Statesville Boulevard,Salisbury,NC,28147,88,HAL-080-014,Adult Care Home,
Trinity Oaks Continuing Care Retirement Community,728 Klumac Road,Salisbury,NC,28144,38,HAL-080-010,Adult Care Home,
The Landings of Lake Lure,920 Buffalo Creek Rd,Lake Lure,NC,28746,62,HAL-081-055,Adult Care Home,
Highlands Senior Living,2270 Oakland Road,Forest City,NC,28043,44,HAL-081-054,Adult Care Home,
Oakland Living Center,704 Poors Ford Road,Rutherfordton,NC,28139,40,HAL-081-053,Adult Care Home,
Sunnyside Retirement Home,1600 U.S. Highway 221 S.,Forest City,NC,28043,34,HAL-081-042,Adult Care Home,
Brookdale Forest City,493 Piney Ridge Road,Forest City,NC,28043,76,HAL-081-014,Adult Care Home,
Henderson Care Center,125 Henderson Circle,Forest City,NC,28043,86,HAL-081-010,Adult Care Home,
Southern Manor Rest Home,390 Hardin Road,Forest City,NC,28043,25,HAL-081-008,Adult Care Home,
Restwell Home,401 U.S. 221 S. Highway,Rutherfordton,NC,28139,20,HAL-081-007,Adult Care Home,
Holly Springs Senior Citizens Home,1881 Big Island Road,Rutherfordton,NC,28139,32,HAL-081-005,Adult Care Home,
Colonial Manor Rest Home,160 Health Care Drive,Rutherfordton,NC,28139,34,HAL-081-001,Adult Care Home,
Rolling Ridge Assisted Living,700 Mount Olive Drive,Newton Grove,NC,28366,61,HAL-082-030,Adult Care Home,
The Gardens of Roseboro,507 Pinewood Street,Roseboro,NC,28382,40,HAL-082-028,Adult Care Home,
The Magnolia,213 Forest Trail,Clinton,NC,28328,91,HAL-082-022,Adult Care Home,
Prestwick Village,1000 Johns Road,Laurinburg,NC,28352,100,HAL-083-021,Adult Care Home,
Spring Arbor of Albemarle,315 Park Ridge Road,Albemarle,NC,28001,78,HAL-084-010,Adult Care Home,
Woodhaven Court,1930 Woodhaven Drive,Albemarle,NC,28001,76,HAL-084-009,Adult Care Home,
The Taylor House,319 Palmer Street,Albemarle,NC,28001,30,HAL-084-001,Adult Care Home,
Walnut Ridge Assisted Living,411 Windmill Street,Walnut Cove,NC,27052,63,HAL-085-015,Adult Care Home,
Priddy Manor Assisted Living,1294 Priddy Road,King,NC,27021,79,HAL-085-014,Adult Care Home,
Graceland Living Center II,1290 Denny Road,King,NC,27021,11,HAL-085-013,Adult Care Home,
Graceland Living Center I,1290 Denny Road,King,NC,27021,12,HAL-085-012,Adult Care Home,
Mountain Valley Living Center,1135 Taylor Road,Westfield,NC,27053,26,HAL-085-011,Adult Care Home,
Rose Tara Senior Living,125 Plantation Drive,King,NC,27021,65,HAL-085-008,Adult Care Home,
Twelve Oaks,1297 Galax Trail,Mount Airy,NC,27030,112,HAL-086-016,Adult Care Home,
Yadkin Valley Senior Living,500 Johnson Ridge Road,Elkin,NC,28621,60,HAL-086-015,Adult Care Home,
Riverwood Assisted Living Facility,711 W Atkins St,Dobson,NC,27017,65,HAL-086-014,Adult Care Home,
Ridge Crest Retirement,1000 Ridge Crest Lane,Mt. Airy,NC,27030,28,HAL-086-010,Adult Care Home,
Dunmore Plantation,515 W. Kapp Street,Dobson,NC,27017,60,HAL-086-006,Adult Care Home,
Colonial Long Term Care Facility,340 Snowhill Drive,Mt. Airy,NC,27030,54,HAL-086-002,Adult Care Home,
Central Care,139 Apex Lane,Mount Airy,NC,27030,53,HAL-086-001,Adult Care Home,
Bryson Senior Living,314 Hughes Branch Road,Bryson City,NC,28713,50,HAL-087-009,Adult Care Home,
Kingsbridge House,10 Sugar Loaf Road,Brevard,NC,28712,60,HAL-088-015,Adult Care Home,
Cedar Mountain House,11 Sherwood Ridge Road,Brevard,NC,28712,64,HAL-088-014,Adult Care Home,
Tyrrell House,950 US Highway 64 E,Columbia,NC,27925,50,HAL-089-002,Adult Care Home,
Woodridge Assisted Living Facility,2515 Fowler Secrest Road,Monroe,NC,28110,80,HAL-090-036,Adult Care Home,
TerraBella Indian Trail,5306 Secrest Short Cut Road,Monroe,NC,28110,96,HAL-090-035,Adult Care Home,
Monroe Manor Assisted Living Building I,1101 Baucom Road,Monroe,NC,28110,12,HAL-090-034,Adult Care Home,
Monroe Manor Assisted Living Building II,1101 Baucom Road,Monroe,NC,28110,12,HAL-090-033,Adult Care Home,
Brookdale Monroe Square 1,918 Fitzgerald Street,Monroe,NC,28112,102,HAL-090-024,Adult Care Home,
Brookdale Monroe Square 2,919 Fitzgerald Street,Monroe,NC,28112,65,HAL-090-022,Adult Care Home,
Brookdale Union Park,1316 Patterson Avenue,Monroe,NC,28112,87,HAL-090-007,Adult Care Home,
The Bridges on Parkview,105 W Parkview Dr,Henderson,NC,27536,86,HAL-091-012,Adult Care Home,
Calyx Living of Apex,7501 Jenks Road,Apex,NC,27523,90,HAL-092-237,Adult Care Home,
Waltonwood Lead Mine,4510 Leadmine Road,Raleigh,NC,27612,100,HAL-092-236,Adult Care Home,
Falls River Court,1130 Falls River Avenue,Raleigh,NC,27614,38,HAL-092-235,Adult Care Home,
Falls River Village,1110 Falls River Avenue,Raleigh,NC,27614,60,HAL-092-234,Adult Care Home,
Lawndale Manor,601 Lakeside Drive,Garner,NC,27529,62,HAL-092-233,Adult Care Home,
Calyx Living of Wakefield,11555 Commons Oaks Drive,Raleigh,NC,27614,88,HAL-092-232,Adult Care Home,
The Reserve at Mills Farm,3000 Mills Chase Loop,Apex,NC,27523,35,HAL-092-229,Adult Care Home,
Calyx Living of Fuquay-Varina,1121 E Academy Street,Fuquay Varina,NC,27526,84,HAL-092-227,Adult Care Home,
The East Tower at Cardinal North Hills,320 St. Albans Drive,Raleigh,NC,27609,49,HAL-092-226,Adult Care Home,
Spring Arbor of Cary,1705 Kildaire Farm Road,Cary,NC,27511,80,HAL-092-225,Adult Care Home,
Spring Arbor of Apex,901 Spring Arbor Court,Apex,NC,27502,76,HAL-092-223,Adult Care Home,
Sunrise of Raleigh,4801 Edwards Mill Road,Raleigh,NC,27612,100,HAL-092-222,Adult Care Home,
TerraBella Knightdale,2408 Hodge Road,Knightdale,NC,27545,96,HAL-092-220,Adult Care Home,
TerraBella Fuquay-Varina,6516 Johnson Pond Road,Fuquay Varina,NC,27526,96,HAL-092-219,Adult Care Home,
Sunrise at North Hills,615 Spring Forest Road,Raleigh,NC,27609,160,HAL-092-218,Adult Care Home,
Morningside of Raleigh,801 Dixie Trail,Raleigh,NC,27607,110,HAL-092-217,Adult Care Home,
HeartFields at Cary,1050 Crescent Green Drive,Cary,NC,27518,97,HAL-092-216,Adult Care Home,
Cadence Garner,200 Minglewood Drive,Garner,NC,27529,84,HAL-092-215,Adult Care Home,
Cadence North Raleigh,5219 Old Wake Forest Road,Raleigh,NC,27609,96,HAL-092-214,Adult Care Home,
Cadence at Wake Forest,3218 Heritage Trade Drive,Wake Forest,NC,27587,96,HAL-092-213,Adult Care Home,
Dunmore Senior Living of Zebulon,1205 W Gannon Avenue,Zebulon,NC,27597,60,HAL-092-212,Adult Care Home,
Waltonwood Lake Boone,3560 Horton Street,Raleigh,NC,27607,68,HAL-092-210,Adult Care Home,
Sunrise of Cary,1206 West Chatham Street,Cary,NC,27513,85,HAL-092-209,Adult Care Home,
TerraBella Northridge,600 Newton Road,Raleigh,NC,27615,161,HAL-092-207,Adult Care Home,
Woodland Terrace,300 Kildaire Woods Drive,Cary,NC,27511,84,HAL-092-206,Adult Care Home,
The Blair Memory Care Center of Cary,809 West Chatham Street,Cary,NC,27511,80,HAL-092-203,Adult Care Home,
Foundation Senior Living,1437 Aversboro Road,Garner,NC,27529,126,HAL-092-186,Adult Care Home,
The Covington,4510 Duraleigh Road,Raleigh,NC,27612,120,HAL-092-181,Adult Care Home,
Magnolia Glen,5215 Creedmoor Road,Raleigh,NC,27612,66,HAL-092-180,Adult Care Home,
Waltonwood Cary Parkway,750 SE Cary Pky,Cary,NC,27511,57,HAL-092-161,Adult Care Home,
Wake Assisted Living,2800 Kidd Road,Raleigh,NC,27610,60,HAL-092-144,Adult Care Home,
Zebulon House,551 Pony Road,Zebulon,NC,27597,60,HAL-092-143,Adult Care Home,
Phoenix Assisted Care,201 West High Street,Cary,NC,27513,120,HAL-092-131,Adult Care Home,
Brookdale Wake Forest,611 South Brooks Street,Wake Forest,NC,27587,70,HAL-092-032,Adult Care Home,
Brookdale MacArthur Park,111 MacArthur Drive,Cary,NC,27513,80,HAL-092-027,Adult Care Home,
Brighton Gardens of Raleigh,3101 Duraleigh Road,Raleigh,NC,27612,115,HAL-092-024,Adult Care Home,
Brookdale Cary,7870 Chapel Hill Road,Cary,NC,27513,50,HAL-092-023,Adult Care Home,
Alpha Magnolia Garden,930 HWY. 158 Bus. E,Warrenton,NC,27589,86,HAL-093-010,Adult Care Home,
Boyd's Rest Home #2,295 Carrolltown Road,Macon,NC,27551,10,HAL-093-001,Adult Care Home,
Cypress Manor,503 West Buncombe Street,Roper,NC,27970,40,HAL-094-007,Adult Care Home,
Deerfield Ridge Assisted Living,287 Bamboo Road,Boone,NC,28607,96,HAL-095-009,Adult Care Home,
Eagle's Pointe,901 West New Hope Road,Goldsboro,NC,27534,104,HAL-096-056,Adult Care Home,
The Indigo at Pikeville,5383 US Hwy 117 North,Pikeville,NC,27863,40,HAL-096-055,Adult Care Home,
Navion of Goldsboro,1800 N. Berkeley Blvd.,Goldsboro,NC,27534,60,HAL-096-053,Adult Care Home,
Helping Hands Assisted Living,2052 US 70 West Hwy,Goldsboro,NC,27530,73,HAL-096-052,Adult Care Home,
Somerset Court of Goldsboro,603 Lockhaven Court,Goldsboro,NC,27534,60,HAL-096-047,Adult Care Home,
Goldsboro Assisted Living & Alzheimer's Care,2201 Royale Avenue,Goldsboro,NC,27534,56,HAL-096-031,Adult Care Home,
Sutton's Retirement Center,4258 HWY 13 North,Goldsboro,NC,27534,40,HAL-096-029,Adult Care Home,
Brookdale Country Day Road,380 Country Day Road,Goldsboro,NC,27530,104,HAL-096-026,Adult Care Home,
Wayne County Rest Villa No. 2,305 Vance Street,Fremont,NC,27830,12,HAL-096-004,Adult Care Home,
Wayne County Rest Villa No. 1,305 Vance Street,Fremont,NC,27830,12,HAL-096-003,Adult Care Home,
Wilkesboro Assisted Living Center,206 Old Brickyard Road,North Wilkesboro,NC,28659,102,HAL-097-016,Adult Care Home,
Rose Glen Manor,240 Independence Avenue,North Wilkesboro,NC,28659,60,HAL-097-015,Adult Care Home,
Parkwood Village,1730 Parkwood Blvd.,Wilson,NC,27895,70,HAL-098-033,Adult Care Home,
Spring Arbor of Wilson,"2045 Ward Boulevard, NW",Wilson,NC,27893,72,HAL-098-032,Adult Care Home,
Morning Star Assisted Living #5,416 North Parker Street,Elm City,NC,27822,58,HAL-098-031,Adult Care Home,
Wilson Assisted Living,3501 Senior Village Lane,Wilson,NC,27896,88,HAL-098-027,Adult Care Home,
Wilson House,1800 Martin Luther King Jr. Parkway SE,Wilson,NC,27893,136,HAL-098-023,Adult Care Home,
Patriot Living of Yadkinville,409 Harrison Avenue,Yadkinville,NC,27055,50,HAL-099-018,Adult Care Home,
Pinebrook Residential Center I,312 Harrison Avenue,Yadkinville,NC,27055,54,HAL-099-017,Adult Care Home,
Pinebrook Residential Center II,304 Harrison Avenue,Yadkinville,NC,27055,65,HAL-099-016,Adult Care Home,
Yancey House,6 Cooper Lane,Burnsville,NC,28714,70,HAL-100-005,Adult Care Home,
Eucodimus Family Care Home,2181 Meadow Ridge Rd,Burlington,NC,27217,4,FCL-001-192,Family Care Home,
A True Vision Family Care,1718 Morgantown Road,Burlington,NC,27217,6,FCL-001-191,Family Care Home,
Divine Supportive Homes,1703 Vaughn Road,Burlington,NC,27217,6,FCL-001-190,Family Care Home,
Easton Family Care Home,205-A East Sixth Street,Burlington,NC,27215,6,FCL-001-189,Family Care Home,
Eli Family Care Home,207 East. Sixth Street,Burlington,NC,27215,6,FCL-001-188,Family Care Home,
Harvey's Family Care Home,667 BH Harvey Trail Lot H,Burlington,NC,27217,3,FCL-001-187,Family Care Home,
Visions At Hand,509 Graham Drive,Graham,NC,27253,6,FCL-001-185,Family Care Home,
Elia 1 Family Care Home,206 Friendly Road,Burlington,NC,27215,5,FCL-001-184,Family Care Home,
Truly Grateful Family Care Home,1313 Eldrado Street,Burlington,NC,27217,6,FCL-001-183,Family Care Home,
Elnathan Family Care Home,316 Denny Circle,Graham,NC,27253,6,FCL-001-179,Family Care Home,
Above and Beyond Family Care,1616 E Webb Avenue,Burlington,NC,27217,5,FCL-001-177,Family Care Home,
Visions of Love,1237 Westmoreland Drive,Burlington,NC,27216,6,FCL-001-175,Family Care Home,
Eliot Family Care Home,2655 White Oak Drive,Burlington,NC,27215,6,FCL-001-174,Family Care Home,
C & M Adult Care Home,422 N. Main Street,Burlington,NC,27217,6,FCL-001-173,Family Care Home,
LakeView Care,806 Lakeside Avenue,Burlington,NC,27217,6,FCL-001-172,Family Care Home,
Dee & G Enrichment Center I,155 Carriage Loop,Burlington,NC,27217,6,FCL-001-169,Family Care Home,
Garden Assisted Living,3378 Garden Road,Burlington,NC,27215,6,FCL-001-165,Family Care Home,
Community Care Home,1104 S. Church Street,Burlington,NC,27215,6,FCL-001-162,Family Care Home,
Eliphal Family Care Home,724 Askew Street,Burlington,NC,27215,6,FCL-001-157,Family Care Home,
Elizur Family Care Home,711 Askew Street,Burlington,NC,27215,6,FCL-001-153,Family Care Home,
Eastway Family Care,108 Eastway Lane,Graham,NC,27253,6,FCL-001-151,Family Care Home,
Just Like Home Family Care,617 Durham Street,Burlington,NC,27217,5,FCL-001-150,Family Care Home,
B and N Family Care Home,301 Homewood Avenue,Burlington,NC,27217,6,FCL-001-144,Family Care Home,
Creekview Family Care Home,3524 Dickey Mill Road,Mebane,NC,27302,6,FCL-001-140,Family Care Home,
Your Grace & Mercy Family Care Home,919 Elm Street,Burlington,NC,27217,3,FCL-001-133,Family Care Home,
Alvarado's Family Care,646 Country Club Drive,Burlington,NC,27215,6,FCL-001-101,Family Care Home,
Sarah's House,21 College Road Extension,Taylorsville,NC,28681,6,FCL-002-006,Family Care Home,
Ashe Family Care Home #3,523 Milt Houck Road,Todd,NC,28684,6,FCL-005-019,Family Care Home,
Ashe Family Care Home #1,523 Milt Houck Road,Todd,NC,28684,6,FCL-005-018,Family Care Home,
Ashe Family Care Home #4,523 Milt Houck Road,Todd,NC,28684,6,FCL-005-017,Family Care Home,
Quality Family Care,222 Connarista Road,Kelford,NC,27847,6,FCL-008-045,Family Care Home,
The Home Place,404 W. River Street,Colerain,NC,27924,6,FCL-008-043,Family Care Home,
Moore's Family Care II,158 Hwy NC 42,Powellsville,NC,27967,6,FCL-008-042,Family Care Home,
Cherry's Family Care Home # 3,106 Harmon Street,Aulander,NC,27805,6,FCL-008-032,Family Care Home,
Moore's Family Care,154 Hwy NC 42,Powellsville,NC,27967,5,FCL-008-031,Family Care Home,
Pathways,743 Charles Taylor Road,Aulander,NC,27805,6,FCL-008-030,Family Care Home,
Virginia's Place,1517 Governor's Road,Windsor,NC,27983,6,FCL-008-029,Family Care Home,
Hawthorn House,1025 Highway 45 North,Merry Hill,NC,27957,6,FCL-008-025,Family Care Home,
Pathways IV,410 S Commerce Street,Aulander,NC,27805,4,FCL-008-009,Family Care Home,
Pathways II,812 Charles Taylor Road,Aulander,NC,27805,6,FCL-008-001,Family Care Home,
Turner's Family Care Home #1,2105 NC 410 Hwy,Bladenboro,NC,28320,6,FCL-009-030,Family Care Home,
Oak Grove Family Care Home,583 Sasafras Road,Bladenboro,NC,28320,6,FCL-009-028,Family Care Home,
Comfort Living Family Care Home,7264 NC Hwy 211 West,Bladenboro,NC,28320,5,FCL-009-022,Family Care Home,
Oak Grove Family Care Home #2,7288 Highway 211,Bladenboro,NC,28320,6,FCL-009-017,Family Care Home,
Eastland Home,2137 Spring Branch Road,Tar Heel,NC,28392,6,FCL-009-004,Family Care Home,
Oma's on Parkwood,1041 Parkwood Dr NE,Leland,NC,28451,6,FCL-010-001,Family Care Home,
Riverside Village Homes #2,351 Family Ridge Road,Leicester,NC,28748,6,FCL-011-407,Family Care Home,
Riverside Village Homes #1,236 Country Time Circle,Leicester,NC,28748,6,FCL-011-406,Family Care Home,
Ahava House 1,20 Melody Rose Lane,Asheville,NC,28804,6,FCL-011-405,Family Care Home,
Ahava House 2,26 Melody Rose Lane,Asheville,NC,28804,6,FCL-011-402,Family Care Home,
Ahava House 4,39 Melody Rose Lane,Asheville,NC,28804,6,FCL-011-401,Family Care Home,
Ahava House 5,45 Melody Rose Lane,Asheville,NC,28804,6,FCL-011-400,Family Care Home,
Ahava House 3,34 Melody Rose Lane,Asheville,NC,28804,6,FCL-011-398,Family Care Home,
Riverside Village Homes #6,19 Ella Lane,Alexander,NC,28701,6,FCL-011-392,Family Care Home,
Riverside Village Homes #7,11 Ella Lane,Alexander,NC,28701,6,FCL-011-391,Family Care Home,
Redeemed Family Care Home of Barnardsville,630 Dillingham Road,Barnardsville,NC,28709,6,FCL-011-389,Family Care Home,
Soundview II #32,32 Smith Graveyard Road,Asheville,NC,28806,6,FCL-011-388,Family Care Home,
Riverside VIllage Homes #5,18 Ella Lane,Alexander,NC,28701,6,FCL-011-387,Family Care Home,
Riverside Villages Homes #4,12 Ella Lane,Alexander,NC,28701,6,FCL-011-386,Family Care Home,
Riverside Villages Homes #3,8 Ella Lane,Alexander,NC,28701,6,FCL-011-385,Family Care Home,
Soundview II #94,94 Millbrook Road,Asheville,NC,28806,6,FCL-011-384,Family Care Home,
Soundview II #1,36 Smith Graveyard Road,Asheville,NC,28806,6,FCL-011-383,Family Care Home,
Soundview II #2,34 Smith Graveyard Road,Asheville,NC,28806,6,FCL-011-382,Family Care Home,
Soundview II #4,30 Smith Graveyard Road,Asheville,NC,28806,6,FCL-011-381,Family Care Home,
Autumn View Assisted Living #1,230 Country Time Circle,Leicester,NC,28748,6,FCL-011-380,Family Care Home,
Autumn View Assisted Living #6,235 Country Time Circle,Leicester,NC,28748,6,FCL-011-379,Family Care Home,
Autumn View Assisted Living #5,234 Country Time Circle,Leicester,NC,28748,6,FCL-011-378,Family Care Home,
Autumn View Assisted Living #4,233 Country Time Circle,Leicester,NC,28748,6,FCL-011-377,Family Care Home,
Autumn View Assisted Living #3,232 Country Time Circle,Leicester,NC,28748,6,FCL-011-376,Family Care Home,
Autumn View Assisted Living #2,231 Country Time Circle,Leicester,NC,28748,6,FCL-011-375,Family Care Home,
Angel House VII,60-C Hornot Circle,Asheville,NC,28806,6,FCL-011-295,Family Care Home,
Evergreen Living Home #12,352 Family Ridge Road,Leicester,NC,28748,6,FCL-011-288,Family Care Home,
Angel House VI,60-F Hornot Circle,Asheville,NC,28806,6,FCL-011-269,Family Care Home,
Angel House V,60 E Hornot Circle,Asheville,NC,28806,6,FCL-011-268,Family Care Home,
Angel House IV,60-B Hornot Circle,Asheville,NC,28806,6,FCL-011-264,Family Care Home,
Angel House III,60-A Hornot Circle,Asheville,NC,28806,6,FCL-011-263,Family Care Home,
Alverta Bolick Home,80 Baker Avenue,Asheville,NC,28806,6,FCL-011-225,Family Care Home,
Evergreen Living Home #13,353 Family Ridge Road,Leicester,NC,28748,6,FCL-011-198,Family Care Home,
Evergreen Living Home #3,103 Country Time Lane,Leicester,NC,28748,6,FCL-011-195,Family Care Home,
Evergreen Living Home #2,102 Country Time Lane,Leicester,NC,28748,6,FCL-011-194,Family Care Home,
Evergreen Living Home #1,101 Country Time Lane,Leicester,NC,28748,6,FCL-011-193,Family Care Home,
Angel House 2,60 G Hornot Circle,Asheville,NC,28806,6,FCL-011-154,Family Care Home,
Angel House 1,60-D Hornot Circle,Asheville,NC,28806,6,FCL-011-127,Family Care Home,
Cora's House,3351 Brandon Road,Morganton,NC,28655,6,FCL-012-053,Family Care Home,
Country Pines 1,3041 Country Pine Street,Morganton,NC,28655,6,FCL-012-052,Family Care Home,
Chesterfield Adult Care,2630 Pax Hill Road,Morganton,NC,28655,6,FCL-012-050,Family Care Home,
Quaker Meadows Family Care,125 Camellia Garden Street,Morganton,NC,28655,6,FCL-012-048,Family Care Home,
Perkins Care Home,2015 Sunnyside Drive,Morganton,NC,28655,6,FCL-012-046,Family Care Home,
The Patterson House Family Care Home,3053 Country Pines St,Morganton,NC,28655,6,FCL-012-044,Family Care Home,
Clara's Cottage # 2,5824 Holland Street,Morganton,NC,28655,6,FCL-012-043,Family Care Home,
Clara's Cottage # 1,5820 Holland St,Morganton,NC,28655,6,FCL-012-042,Family Care Home,
East View Family Care,3208 Tex's Fishcamp Road,Connelly Springs,NC,28612,6,FCL-012-033,Family Care Home,
Glen Alpine Family Care,405 Linville Street,Glen Alpine,NC,28628,5,FCL-012-027,Family Care Home,
Taylor Family Care Home,2572 Ridgeview Drive,Valdese,NC,28690,6,FCL-012-023,Family Care Home,
Days of Comfort Family Care Home,3421 Piney Road,Morganton,NC,28655,6,FCL-012-004,Family Care Home,
Elm Meadows Senior Living,6171 Busch Way,Midland,NC,28107,3,FCL-013-059,Family Care Home,
Hope Harbor Family Care Home,8625 NC Highway 49 N,Mount Pleasant,NC,28124,6,FCL-013-058,Family Care Home,
Ann St of Shady Brook II,1414 Azalea Ave,Kannapolis,NC,28081,5,FCL-013-057,Family Care Home,
Amika Manors,320 Plaza Dr,Harrisburg,NC,28075,3,FCL-013-056,Family Care Home,
True Joy Assisted Living,815 Kathryn Dr SE,Concord,NC,28025,6,FCL-013-055,Family Care Home,
Ann St of Shady Brook,809 Beechwood Ave,Kannapolis,NC,28081,6,FCL-013-054,Family Care Home,
Amata Estates School Cir,430 School Cir,Harrisburg,NC,28075,3,FCL-013-053,Family Care Home,
The Carriage House of Caremoor,4838 Caremoor Place,Kannapolis,NC,28081,6,FCL-013-052,Family Care Home,
Ann Street Senior Living,302 Ann Street,Kannapolis,NC,28081,6,FCL-013-050,Family Care Home,
Suburban Guardianship,1061 Union Street South,Concord,NC,28025,6,FCL-013-047,Family Care Home,
Kannapolis Family Care Home,2216 Kannapolis Highway,Concord,NC,28027,6,FCL-013-046,Family Care Home,
Jefferson Family Care Home #4,495 Staley Boswell Road,Yanceyville,NC,27379,6,FCL-017-066,Family Care Home,
New Life Horizons,1111 Yarborough Mill Road,Milton,NC,27305,6,FCL-017-064,Family Care Home,
Donnie's Compassionate Family Care Home LLC,3879 Hodges Dairy Road,Yanceyville,NC,27379,6,FCL-017-062,Family Care Home,
Higher Standard Assisted Living,596 Neal Road,Reidsville,NC,27320,6,FCL-017-061,Family Care Home,
Abundant Living # 2,3816 Cherry Grove Road,Elon,NC,27244,6,FCL-017-056,Family Care Home,
Abundant Living # 1,3814 Cherry Grove Road,Elon,NC,27244,6,FCL-017-055,Family Care Home,
Humphrey Family Care,6245 Burton Chapel Road,Mebane,NC,27302,6,FCL-017-052,Family Care Home,
Parker's Family Care Home,10123 Wades Dead End,Cedar Grove,NC,27231,6,FCL-017-042,Family Care Home,
Beverly Rucker Family Care Home #9,6878 NC Highway 150,Reidsville,NC,27320,6,FCL-017-038,Family Care Home,
L & L Family Care,3023 Chandler Mill Road,Pelham,NC,27311,6,FCL-017-026,Family Care Home,
D & H Family Care Home #2,1143 Yarborough Mill Road,Milton,NC,27305,6,FCL-017-024,Family Care Home,
Terry Care Home,2446 Cherry Grove Road,Yanceyville,NC,27379,5,FCL-017-009,Family Care Home,
Stoney Creek Family Care Home,2896 Stoney Creek School Road,Reidsville,NC,27320,6,FCL-017-008,Family Care Home,
Mildred's Family Care,3592 Marshall Graves Road,Yanceyville,NC,27379,6,FCL-017-006,Family Care Home,
Serenity Family Care Home,2415- B South Center Street,Hickory,NC,28602,6,FCL-018-040,Family Care Home,
Livewell at 11476 Club Drive,11476 Club Drive,Chapel Hill,NC,27517,6,FCL-019-012,Family Care Home,
Livewell on 11472 Club Drive,11472 Club Drive,Chapel Hill,NC,27517,6,FCL-019-011,Family Care Home,
Advanced Living #2,17 Moore Street,Andrews,NC,28901,5,FCL-020-018,Family Care Home,
Advanced Living,288 6th Street,Andrews,NC,28901,6,FCL-020-017,Family Care Home,
L and N Family Care Home,142 Grassy Knob Road,Andrews,NC,28901,6,FCL-020-011,Family Care Home,
Heavenly Merciful Home of Tyner,401 Dillard's Mill Road,Tyner,NC,27980,6,FCL-021-005,Family Care Home,
TD Care Home,523 East Marion Street,Shelby,NC,28150,6,FCL-023-061,Family Care Home,
Harmony Homes with Purpose,1806 Kingston Road,Kingstown,NC,28150,3,FCL-023-060,Family Care Home,
Divine Care Home,429 Crocker Road,Kings Mountain,NC,28086,6,FCL-023-057,Family Care Home,
Focus Family Care Home,1020 E. Stagecoach Trail,Lawndale,NC,28090,6,FCL-023-056,Family Care Home,
Greene Haven Family Care Home,1833 Stoney Point Road,Shelby,NC,28151,6,FCL-023-055,Family Care Home,
Serenity Living Family Care # 2,113 Leslie Drive,Shelby,NC,28152,6,FCL-023-046,Family Care Home,
Serenity Living,208 Leslie Drive,Shelby,NC,28152,5,FCL-023-043,Family Care Home,
Nellie's Family Care Home,1608 Fallston Road,Shelby,NC,28150,6,FCL-023-015,Family Care Home,
Morning Star Family Care Home,737 Sugar Hill Road,Lawndale,NC,28090,5,FCL-023-014,Family Care Home,
Gordon's Family Care Home,3727 Rube Spangler Road,Lawndale,NC,28090,4,FCL-023-007,Family Care Home,
Smith Family Care Home,492 Spearman Road,Bolton,NC,28423,4,FCL-024-014,Family Care Home,
Brockett House 3,513 Mechanic Street,Fayetteville,NC,28301,6,FCL-026-075,Family Care Home,
Brockett House 2,811 Lakeland Avenue,Fayetteville,NC,28301,6,FCL-026-074,Family Care Home,
Brockett House 1,336 Moore Street,Fayetteville,NC,28301,4,FCL-026-073,Family Care Home,
Forest Hill Family Care,3510 Camden Road,Fayetteville,NC,28306,6,FCL-026-071,Family Care Home,
Glenn Krystle's Manor,220 Davis Street,Fayetteville,NC,28305,5,FCL-026-049,Family Care Home,
A Touch of Grace,7028 Kittridge Drive,Fayetteville,NC,28314,6,FCL-026-002,Family Care Home,
Ginnie Mae Residence Care,514 Duke Street,Thomasville,NC,27360,6,FCL-029-014,Family Care Home,
Mary's House Family Care Home,120 Cotton Cross Drive,Lexington,NC,27292,4,FCL-029-013,Family Care Home,
Magnolia Place,270 Duke Street,Mocksville,NC,27028,6,FCL-030-002,Family Care Home,
Blizzard Family Care Home,1051 Firetower Road,Rose Hill,NC,28458,6,FCL-031-019,Family Care Home,
Rockbridge Senior Home Living,2713 Green Lane Drive,Durham,NC,27712,6,FCL-032-190,Family Care Home,
Amazing Xperience Family Care Home,5 Sameer Ct,Durham,NC,27703,5,FCL-032-189,Family Care Home,
Renaissance Care Home at Southpoint,109 Adaire Way,Durham,NC,27703,6,FCL-032-188,Family Care Home,
Abyssinia Health,1008 E Club Blvd,Durham,NC,27704,3,FCL-032-187,Family Care Home,
The Enclave at Shelburn,16 Shelburn Ct,Durham,NC,27712,6,FCL-032-186,Family Care Home,
The White House Family Care Home II,1009 S Alston Avenue,Durham,NC,27701,6,FCL-032-185,Family Care Home,
The Enclave at Pinedale,4613 Pinedale Drive,Durham,NC,27705,4,FCL-032-184,Family Care Home,
The White House Family Care Home,306 Cherry Grove Street,Durham,NC,27703,4,FCL-032-183,Family Care Home,
LiveWell Durham at Hope Valley,3736 Bentley Dr,Durham,NC,27707,6,FCL-032-181,Family Care Home,
Dedove Homes @ Chalk Level Road,1115 Chalk Level Road,Durham,NC,27704,6,FCL-032-179,Family Care Home,
Our Promise Care Homes,4811 Bay Point Drive,Durham,NC,27713,6,FCL-032-178,Family Care Home,
Sevenstars Family Care Home,3217 Dearborn Drive,Durham,NC,27704,6,FCL-032-177,Family Care Home,
Renaissance Care Home at Brier Creek,1306 Tamarisk Lane,Durham,NC,27703,6,FCL-032-175,Family Care Home,
Avendelle Assisted Living at Southpoint,1305 Capstone Dr,Durham,NC,27713,6,FCL-032-174,Family Care Home,
Springdaile Assisted Living,4315 Holder Road,Durham,NC,27703,6,FCL-032-171,Family Care Home,
Harmony House,1011 West Murray Avenue,Durham,NC,27704,5,FCL-032-168,Family Care Home,
Candlesticks Family Care Home,1607 Amberley Drive,Durham,NC,27704,6,FCL-032-165,Family Care Home,
Jace Healthcare Services III,3007 Dearborn Drive,Durham,NC,27704,6,FCL-032-163,Family Care Home,
Access Health System 3,234 Seven Oaks Road,Durham,NC,27704,6,FCL-032-162,Family Care Home,
Tower of Blessing a Refuge to Seek #3,407 North Hyde Park Avenue,Durham,NC,27703,6,FCL-032-157,Family Care Home,
Arnette Home,1202 Arnette Avenue,Durham,NC,27707,6,FCL-032-155,Family Care Home,
Changing Places Family Care Home of Durham,725 Hanson Road,Durham,NC,27713,6,FCL-032-146,Family Care Home,
Supreme Family Care Home,1120 Benning Street,Durham,NC,27703,6,FCL-032-142,Family Care Home,
Faith Homes & Habilitation II,207 Hickory Glen Lane,Durham,NC,27703,6,FCL-032-140,Family Care Home,
Faith Homes & Habilitation III,4014 Suitt Road,Durham,NC,27703,6,FCL-032-138,Family Care Home,
Prestige Estates Home,4120 Holt School Road,Durham,NC,27704,6,FCL-032-121,Family Care Home,
Ramsgate Family Care Home,3676 Guess Road,Durham,NC,27705,3,FCL-032-099,Family Care Home,
Jones Family Home,2122 Overland Drive,Durham,NC,27704,6,FCL-032-096,Family Care Home,
Caremind Homes,617 Sybil Drive,Durham,NC,27703,4,FCL-032-095,Family Care Home,
Angelica Houses Family Care Home,2007 Stadium Drive,Durham,NC,27705,6,FCL-032-086,Family Care Home,
B.J.'s Family Care Home,716 Hugo Street,Durham,NC,27704,6,FCL-032-062,Family Care Home,
Guiding Star Health Care Two,1564 Springbrook Drive,Rocky Mount,NC,27801,6,FCL-033-014,Family Care Home,
Fountain Adult Home Care,303 William Walston Lane,Tarboro,NC,27886,2,FCL-033-012,Family Care Home,
My Guardian Angel Family Care Home,514 Cokey Road,Rocky Mount,NC,27804,6,FCL-033-009,Family Care Home,
Your Loving Family Care Home I,730 Marigold Street,Rocky Mount,NC,27801,6,FCL-033-006,Family Care Home,
We Care Family Care Home #2,1101 Hill Street,Rocky Mount,NC,27801,5,FCL-033-004,Family Care Home,
Whit Raven Family Home Care,203 Snead Road,Winston Salem,NC,27103,6,FCL-034-110,Family Care Home,
Winston Neighbor's Assisted Living,2640 Belwick Drive,Winston Salem,NC,27106,3,FCL-034-109,Family Care Home,
Serenity Living at Willmeade,4155 Willmeade Drive,Winston Salem,NC,27127,3,FCL-034-108,Family Care Home,
Peace Haven Assisted Living,178 S Peace Haven Rd,Winston Salem,NC,27104,5,FCL-034-107,Family Care Home,
WAMU's Family Care Home,1251 Shelter Cove,Winston Salem,NC,27106,6,FCL-034-092,Family Care Home,
Hines Family Care Home,2224 Manchester Street,Winston-Salem,NC,27105,6,FCL-034-024,Family Care Home,
Parkview Family Care Home,2778 Reynolds Park Road,Winston-Salem,NC,27107,5,FCL-034-015,Family Care Home,
Pioneer Healthcare #7,109 Stratford Drive,Louisburg,NC,27549,6,FCL-035-039,Family Care Home,
Grace Castle Family Care Home,108 Bullock Street,Franklinton,NC,27525,4,FCL-035-038,Family Care Home,
Jolie's Family Care Home,509 Richlands Cliff Dr,Youngsville,NC,27596,3,FCL-035-037,Family Care Home,
McCullers Home,90 EF Cottrell Road,Louisburg,NC,27549,6,FCL-035-036,Family Care Home,
Divine Family Care Home III @ Mason St,108 E Mason St,Franklinton,NC,27525,6,FCL-035-035,Family Care Home,
House of Blessings at Sutton Rd.,1359 Sutton Road,Louisburg,NC,27549,6,FCL-035-034,Family Care Home,
Heart to Heart Family Care Home,131 Huntington Road,Louisburg,NC,27549,6,FCL-035-033,Family Care Home,
Divine at Hillsboro St,502 Hillsboro Street,Youngsville,NC,27596,6,FCL-035-032,Family Care Home,
Pinewood Manor Assisted Living,205 Bunn Road,Louisburg,NC,27549,6,FCL-035-030,Family Care Home,
Pioneer Healthcare #2,113 Justice Street,Louisburg,NC,27549,6,FCL-035-029,Family Care Home,
Pioneer Healthcare #1,306 Lumpkin Blvd,Louisburg,NC,27549,6,FCL-035-028,Family Care Home,
Divine Family Care Home III,45 Cannady Way,Franklinton,NC,27525,6,FCL-035-021,Family Care Home,
Alston Family Care Home,476 Leonard Road,Louisburg,NC,27549,6,FCL-035-008,Family Care Home,
Walden Pond Care Home,101 Olde Coach Lane,Cherryville,NC,28021,6,FCL-036-035,Family Care Home,
St Mark's Road Care Home,1230 St. Mark's Church Road,Crouse,NC,28033,5,FCL-036-034,Family Care Home,
Angelica Houses Family Care Home II,203 Belle Street,Oxford,NC,27565,6,FCL-039-018,Family Care Home,
Davis Family Care Home,408 Mimosa Street,Oxford,NC,27565,5,FCL-039-011,Family Care Home,
Miller's Family Care Home # 2,500 Free Gospel Road,Snow Hill,NC,28580,6,FCL-040-010,Family Care Home,
Sozo Family Care Home,2757 Mewborn Church Road,Snow Hill,NC,28580,6,FCL-040-009,Family Care Home,
Carrie's Family Care Home,1025 Pope Farm Rd,Stantonsburg,NC,27833,6,FCL-040-006,Family Care Home,
HMF Family Care Homes,809 West Minneola Road,Gibsonville,NC,27249,6,FCL-041-086,Family Care Home,
Agape Care Family Homes #2,2014 Willow Road,Greensboro,NC,27406,6,FCL-041-085,Family Care Home,
Agape Care Family Homes #1,1801 Britton Street,Greensboro,NC,27406,6,FCL-041-084,Family Care Home,
Cinnamon Ridge FCH,3211 Groometown Road,Greensboro,NC,27407,6,FCL-041-080,Family Care Home,
El Bethel Family Care Home,204 Circle Drive,Gibsonville,NC,27249,6,FCL-041-077,Family Care Home,
Pear Manor,2521 Pear Street,Greensboro,NC,27401,6,FCL-041-067,Family Care Home,
Benbow Manor,1403 South Benbow Road,Greensboro,NC,27406,6,FCL-041-043,Family Care Home,
Bennett's Family Care Home #2,804 Bales Chapel Road,Jamestown,NC,27282,6,FCL-041-029,Family Care Home,
Westdale Manor,303 West Dale Place,Greensboro,NC,27403,6,FCL-041-027,Family Care Home,
Guilford Adult Care #1,2322 Newton Street,Greensboro,NC,27406,6,FCL-041-012,Family Care Home,
Absolute Care Family Care II,431 Junny Road,Angier,NC,27501,6,FCL-043-037,Family Care Home,
Absolute Care Family Care Home,431 Junny Road,Angier,NC,27501,6,FCL-043-034,Family Care Home,
Hebron Family Care Home,1310 Hebron Street,Hendersonville,NC,28739,6,FCL-045-129,Family Care Home,
Tore's Home # 22,41 Tore's Drive,East Flat Rock,NC,28726,6,FCL-045-127,Family Care Home,
Tore's Home Henderson # 21,2408 Spartanburg Hwy,East Flat Rock,NC,28726,6,FCL-045-122,Family Care Home,
Soundview Assisted Living # 3,178 Kendrick Court,Flat Rock,NC,28731,6,FCL-045-118,Family Care Home,
Just In Time Family Care Homes - Unit 2,254 Kendrick Court,Flat Rock,NC,28731,6,FCL-045-111,Family Care Home,
Just In Time Family Care Homes - Unit 1,226 Kendrick Court,Flat Rock,NC,28731,6,FCL-045-110,Family Care Home,
Kay Family Care Home,337 Overlook Terrace,Hendersonville,NC,28739,6,FCL-045-104,Family Care Home,
Soundview Family Care Homes Unit O,34 West Monet Court,Flat Rock,NC,28731,6,FCL-045-103,Family Care Home,
Soundview Family Care Homes Unit N,15 East Monet Court,Flat Rock,NC,28731,6,FCL-045-102,Family Care Home,
Soundview Family Care Homes Unit M,151 Kendrick Court,Flat Rock,NC,28731,6,FCL-045-101,Family Care Home,
Soundview Family Care Homes Unit F,24 East Monet Court,Flat Rock,NC,28731,6,FCL-045-091,Family Care Home,
Soundview Family Care Homes - Unit D,43 Oxbow Lane,Flat Rock,NC,28731,6,FCL-045-088,Family Care Home,
Soundview Family Care Homes - Unit E,69 Oxbow Lane,Flat Rock,NC,28731,6,FCL-045-087,Family Care Home,
Soundview Family Care Homes - Unit A,70 Oxbow Lane,Flat Rock,NC,28731,6,FCL-045-082,Family Care Home,
Soundview Family Care Homes - Unit C,247 Kendrick Court,Flat Rock,NC,28731,6,FCL-045-081,Family Care Home,
Soundview Family Care Homes - Unit B,32 Oxbow Lane,Flat Rock,NC,28731,6,FCL-045-080,Family Care Home,
Confidence Builders II,1135 A Ahoshie-Cofield Road,Cofield,NC,27922,5,FCL-046-030,Family Care Home,
Cypress Landing Family Care Home,622 Cullen Road,Harrellsville,NC,27942,4,FCL-046-029,Family Care Home,
Douglas Family Care Home,1439 US 13 S,Ahoskie,NC,27910,5,FCL-046-028,Family Care Home,
Sure Promise Family Care Home II,240 Ahoskie-Cofield Road,Ahoskie,NC,27910,3,FCL-046-026,Family Care Home,
Sure Promise Family Care Home,222 W. Saluda Hall Road,Ahoskie,NC,27910,4,FCL-046-023,Family Care Home,
Stephenson Family Care Home,316 East Richard Street,Ahoskie,NC,27910,5,FCL-046-021,Family Care Home,
Weaver's Pineview Home,142 West Lewistown Road,Murfreesboro,NC,27855,6,FCL-046-013,Family Care Home,
Deloatch's Rest Villa I,104 E. Lewistown Road,Murfreesboro,NC,27855,6,FCL-046-004,Family Care Home,
Tranquility Estate Living,111 N Shayna Road,Troutman,NC,28166,6,FCL-049-006,Family Care Home,
Joyful Senior Living-2,146 Canoe Pole Ln,Mooresville,NC,28117,6,FCL-049-005,Family Care Home,
Sevya Homes,105 Mainview Drive,Mooresville,NC,28117,6,FCL-049-004,Family Care Home,
Purpose Living and Care,105 Dory Lane,Clayton,NC,27520,3,FCL-051-098,Family Care Home,
The Villas at Benson VI,"606 East Morris Ave, Building 6",Benson,NC,27504,6,FCL-051-097,Family Care Home,
The Villas at Benson IV,"606 E Morris Avenue, Building 4",Benson,NC,27504,6,FCL-051-096,Family Care Home,
Assurance Family Care Home,81 Union City Ct,Clayton,NC,27520,3,FCL-051-095,Family Care Home,
Teemed Family Care Home,305 Myrtle Road,Selma,NC,27576,6,FCL-051-089,Family Care Home,
Jace Healthcare Services # 4,144 Big Pine Road,Clayton,NC,27520,5,FCL-051-088,Family Care Home,
His Mercies Homes,105 Primrose Lane,Clayton,NC,27520,4,FCL-051-087,Family Care Home,
Brighter Path Homes,10321 NC HWY 210,Four Oaks,NC,27524,6,FCL-051-084,Family Care Home,
Pioneer Healthcare Inc. # 6,500 Wilson's Mills Road,Smithfield,NC,27577,6,FCL-051-083,Family Care Home,
The Enclave at Buffalo,13413 Buffalo Rd,Clayton,NC,27527,6,FCL-051-081,Family Care Home,
Miss Bell's Assisted Living of Garner,181 Kaspurr Drive,Garner,NC,27529,6,FCL-051-080,Family Care Home,
Bethesda Family Care Home,984 Avondale Drive,Clayton,NC,27520,5,FCL-051-077,Family Care Home,
Pandora Family Care Home II,101 W Stevens St,Smithfield,NC,27577,6,FCL-051-074,Family Care Home,
The Enclave at Eagle Point,118 Eagle Pointe Ln,Clayton,NC,27520,6,FCL-051-073,Family Care Home,
The Enclave at Silkgrass,118 Silkgrass Way,Clayton,NC,27527,6,FCL-051-069,Family Care Home,
The Villas at Benson 3,606 E Morris Avenue,Benson,NC,27504,6,FCL-051-066,Family Care Home,
The Villas at Benson VII,606 E. Morris Avenue - Building 7,Benson,NC,27504,6,FCL-051-065,Family Care Home,
Pandora Family Care Home,924 Hobbs Street,Clayton,NC,27520,6,FCL-051-063,Family Care Home,
The Villas @ Benson V,606 E. Morris Avenue Building 5,Benson,NC,27504,6,FCL-051-059,Family Care Home,
The Villas @ Benson II,606 East Morris Avenue- Bldg. #2,Benson,NC,27504,6,FCL-051-058,Family Care Home,
The Villas @ Benson I,606 E. Morris Avenue - Building 1,Benson,NC,27504,6,FCL-051-056,Family Care Home,
Hester Family Care Home,154 Haven Lane,Princeton,NC,27569,6,FCL-051-051,Family Care Home,
Ultimate Family Care Home,817 South Second Street,Smithfield,NC,27577,6,FCL-051-038,Family Care Home,
Magnolia Cottage Family Care Bldg 3,5643 Hwy 70,Dover,NC,28526,6,FCL-052-010,Family Care Home,
Magnolia Cottage Family Care Bldg 2,5643 Hwy 70,Dover,NC,28526,6,FCL-052-009,Family Care Home,
Magnolia Cottage Family Care Bldg 1,5643 Hwy 70,Dover,NC,28526,6,FCL-052-008,Family Care Home,
Meggie's Family Care Home,619 Glenwood Dr,Sanford,NC,27330,6,FCL-053-024,Family Care Home,
Impact Family Care Home,211 Red Holly Drive,Sanford,NC,27330,6,FCL-053-014,Family Care Home,
Miller's Family Care Home,306 E. Lenoir Avenue,Kinston,NC,28501,6,FCL-054-066,Family Care Home,
Barnes Family Care Home,1106 East Caswell Street,Kinston,NC,28501,6,FCL-054-061,Family Care Home,
A New Beginning,300 East Lenoir Avenue,Kinston,NC,28501,6,FCL-054-060,Family Care Home,
Ant Mary's Family Care Home # 3,3713 Herring Road,LaGrange,NC,28551,6,FCL-054-059,Family Care Home,
Hobbs Helping Hands,2504 Towerhill Road,Kinston,NC,28501,5,FCL-054-042,Family Care Home,
Denver FCH,4822 Webbs Chapel Church Road,Denver,NC,28037,6,FCL-055-011,Family Care Home,
Hot Springs Family Care Home #2,311 N. Serpentine Avenue #2,Hot Springs,NC,28743,6,FCL-057-008,Family Care Home,
Hot Springs Family Care Home #1,311 N. Serpentine Avenue,Hot Springs,NC,28743,6,FCL-057-007,Family Care Home,
Price Family Care Home,1385 Brown Road,Jamesville,NC,27846,6,FCL-058-013,Family Care Home,
Fields Foundation,1057 Land-Fields Lane,Williamston,NC,27892,6,FCL-058-008,Family Care Home,
Mt. View Family Care Home,3341 Old Hwy #10 E,Nebo,NC,28761,6,FCL-059-033,Family Care Home,
Nebo Family Care Home,405 Jack Corpening Road,Nebo,NC,28761,6,FCL-059-031,Family Care Home,
Rocky Pass Family Care Home,5349 NC 226 South,Marion,NC,28752,6,FCL-059-019,Family Care Home,
Lola's Home,4435 Rocky River Road,Charlotte,NC,28215,3,FCL-060-188,Family Care Home,
The Magnolia,7416 Quail Ridge Drive,Charlotte,NC,28226,6,FCL-060-187,Family Care Home,
Glen Haven-Huntersville,6900 Gilead Rd,Huntersville,NC,28078,6,FCL-060-186,Family Care Home,
House of Peace Family Care Home,3505 Oriole Place,Charlotte,NC,28269,6,FCL-060-184,Family Care Home,
The Brownstone at Park Crossing,10408 Avondale Avenue,Charlotte,NC,28210,6,FCL-060-183,Family Care Home,
Sanctuary at Stonehaven 6,3332 Cotillion Ave,Charlotte,NC,28210,6,FCL-060-182,Family Care Home,
The Post at Providence 2,7744 Bedfordshire Drive,Charlotte,NC,28226,6,FCL-060-181,Family Care Home,
Farmwood Senior Living 2,8110 Ottawa Lane,Charlotte,NC,28227,6,FCL-060-180,Family Care Home,
The Brownstone,6400 Burlwood Rd,Charlotte,NC,28211,6,FCL-060-179,Family Care Home,
Rosewood Providence,6827 Curlee Ct,Charlotte,NC,28277,6,FCL-060-178,Family Care Home,
Sanctuary at Stonehaven 5,5111 Allison Ave.,Charlotte,NC,28226,6,FCL-060-177,Family Care Home,
Amata Estates,9610 Kenneth Oren Dr,Charlotte,NC,28213,3,FCL-060-176,Family Care Home,
Caring Hands Senior Home,4720 Wilsham Court,Charlotte,NC,28226,6,FCL-060-175,Family Care Home,
The Post at Mint Hill 1,10201 Connell Road,Charlotte,NC,28227,6,FCL-060-173,Family Care Home,
The Post at Mint Hill 2,10215 Connell Road,Charlotte,NC,28227,6,FCL-060-172,Family Care Home,
Blissful Living Senior Care,8901 Robinson Church Rd,Charlotte,NC,28215,6,FCL-060-171,Family Care Home,
Farmwood Senior Living,7301 Canterway Drive,Mint Hill,NC,28227,6,FCL-060-170,Family Care Home,
Sanctuary at Stonehaven 4,4200 Quail Hunt Lane,Charlotte,NC,28226,6,FCL-060-168,Family Care Home,
De Good Shephard Senior Living,14809 Bridgewater Ln,Mint Hill,NC,28227,6,FCL-060-167,Family Care Home,
Peninsula Family Care Home,18240 John Connor Road,Cornelius,NC,28031,6,FCL-060-166,Family Care Home,
The Post at Providence,4416 Esherwood Lane,Charlotte,NC,28270,6,FCL-060-165,Family Care Home,
Revived Senior Living,7020 Wilson Grove Road,Mint Hill,NC,28227,6,FCL-060-164,Family Care Home,
Joyful Senior Living,16627 Ranger Trail,Huntersville,NC,28078,6,FCL-060-162,Family Care Home,
Sanctuary at Stonehaven 3,6021 Glenridge Road,Charlotte,NC,28211,6,FCL-060-161,Family Care Home,
S & T Senior Care Lakeside,8908 Alpine Circle,Charlotte,NC,28270,3,FCL-060-160,Family Care Home,
The Sanctuary at Stonehaven 2,6001 Bismark Place,Charlotte,NC,28211,6,FCL-060-158,Family Care Home,
Hamilton Family Care Home,13418 Hamilton Road,Charlotte,NC,28278,5,FCL-060-157,Family Care Home,
The Sanctuary at Stonehaven,6741 Ciscayne Place,Charlotte,NC,28211,6,FCL-060-156,Family Care Home,
McClain's Family Care Home #1,5953 The Plaza Road,Charlotte,NC,28215,5,FCL-060-123,Family Care Home,
Etta Love Family Care Home,1951 Dietrich Lane,Charlotte,NC,28262,4,FCL-060-072,Family Care Home,
Shady Harbour Adult Living,908 Tom Hunter Road,Charlotte,NC,28213,6,FCL-060-019,Family Care Home,
Aegis Family Care Home - Longleaf,125 Longleaf Rd,Southern Pines,NC,28387,6,FCL-063-032,Family Care Home,
Rosemary Cottage,155 Blake Boulevard Building 216,Pinehurst,NC,28374,6,FCL-063-031,Family Care Home,
Cardinal Cottage,155 Blake Boulevard Building 221,Pinehurst,NC,28374,6,FCL-063-030,Family Care Home,
Savannah Family Care,128 North Carlisle Street,Southern Pines,NC,28387,6,FCL-063-009,Family Care Home,
Teemed Family Care Home 2,307 N Pine Street,Spring Hope,NC,27882,6,FCL-064-037,Family Care Home,
House of Blessings at Jason Drive,2916 Jason Drive,Rocky Mount,NC,27803,6,FCL-064-036,Family Care Home,
Ashford House Family Care Home,581 Haley Drive,Nashville,NC,27856,5,FCL-064-035,Family Care Home,
Davenport Family Care Home,1327 Echo Lake Lane,Rocky Mount,NC,27803,5,FCL-064-033,Family Care Home,
Bradford House Family Care Home,703 Bayberry Lane,Nashville,NC,27856,6,FCL-064-032,Family Care Home,
Mercy's Supportive Living,932 Cobble Ridge Drive,Nashville,NC,27856,4,FCL-064-027,Family Care Home,
Knight's Family Care Home #2,312 Cleo Street,Rocky Mount,NC,27803,5,FCL-064-019,Family Care Home,
Knight's Family Care Home,3305 Greenfield Drive,Rocky Mount,NC,27804,6,FCL-064-006,Family Care Home,
The Cottages of Swansboro - Cottage V,111 Pelican Circle,Swansboro,NC,28584,6,FCL-067-028,Family Care Home,
The Cottages of Swansboro- Cottage IV,109 Pelican Circle,Swansboro,NC,28584,6,FCL-067-027,Family Care Home,
The Cottages at Swansboro- Cottage II,105 Pelican Circle,Swansboro,NC,28584,6,FCL-067-025,Family Care Home,
The Cottages of Swansboro- Cottage VI,113 Pelican Circle,Swansboro,NC,28584,6,FCL-067-024,Family Care Home,
The Cottages of Swansboro- Cottage III,107 Pelican Circle,Swansboro,NC,28584,6,FCL-067-023,Family Care Home,
The Cottages of Swansboro- Cottage I,101 Pelican Circle,Swansboro,NC,28584,6,FCL-067-022,Family Care Home,
Addis Family Care Home,120 Virginia Dr,Chapel Hill,NC,27514,3,FCL-068-039,Family Care Home,
Cates Family Care Home,116 Collums Rd,Chapel Hill,NC,27514,3,FCL-068-038,Family Care Home,
Our Promise Care Homes at Heritage Hill,303 Yorktown Drive,Chapell Hill,NC,27514,6,FCL-068-037,Family Care Home,
LiveWell at Duke Forest,6720 Pauline Drive,Chapel Hill,NC,27514,6,FCL-068-036,Family Care Home,
LiveWell at Coker Hills,202 N Elliott Road,Chapel Hill,NC,27514,6,FCL-068-035,Family Care Home,
Cedar Grove Family Care Home #2,313 Saw Mill Road,Cedar Grove,NC,27231,5,FCL-068-033,Family Care Home,
Cedar Grove Family Care Home # 1,317 Saw Mill Road,Cedar Grove,NC,27231,6,FCL-068-031,Family Care Home,
Charles House - Winmore Eldercare Home,121 Della Street,Carrboro,NC,27510,6,FCL-068-030,Family Care Home,
House of Love Family Care Home,1904 Johnson Road,Elizabeth City,NC,27909,6,FCL-070-011,Family Care Home,
Lily's Blessings Family Care Home,1246 Weeksville Road,Elizabeth City,NC,27909,6,FCL-070-010,Family Care Home,
Pen-Du Rest Home,685 NC HWY 50,Wallace,NC,28466,6,FCL-071-018,Family Care Home,
Mary Rebecca's Village,13605 US HWY 17,Hampstead,NC,28443,6,FCL-071-013,Family Care Home,
Karon's Family Care Home,570 Oak Tree Road,Willard,NC,28478,6,FCL-071-006,Family Care Home,
Helping Hands Adult Care Home,3067 Chub Lake Road,Roxboro,NC,27574,6,FCL-073-022,Family Care Home,
Touch of Love Family Care Home,1025 Ridge Road,Roxboro,NC,27573,6,FCL-073-014,Family Care Home,
Loving Touch Family Care Home,5975 Boston Road,Roxboro,NC,27574,6,FCL-073-012,Family Care Home,
Golden Years Family Care Home,410 Montford Drive,Roxboro,NC,27573,6,FCL-073-011,Family Care Home,
Jones Family Home #1,2437 Ephesus Church Road,Semora,NC,27343,6,FCL-073-005,Family Care Home,
Servants Heart Family Care Home,3201 Charles Boulevard,Greenville,NC,27858,5,FCL-074-053,Family Care Home,
L and C Family Care Home # 2,4224 Washington St,Ayden,NC,28513,6,FCL-074-052,Family Care Home,
L and C Family Care Home LLC,6347 Fairway Drive,Grifton,NC,28530,6,FCL-074-050,Family Care Home,
Fountain Adult Home Care # 2,6934 NC 43N,Fountain,NC,27829,3,FCL-074-048,Family Care Home,
Clemmie's Family Care Home II,110 Pearl Drive,Greenville,NC,27834,4,FCL-074-041,Family Care Home,
Edna's Place,963 Rockcliff Terrace,Asheboro,NC,27205,6,FCL-076-038,Family Care Home,
Uwharrie Family Care Home,4028 Old NC Hwy 49,Asheboro,NC,27205,6,FCL-076-037,Family Care Home,
Doc Hill's Family Care Home,302 Spring Street,Hamlet,NC,28345,6,FCL-077-007,Family Care Home,
Heritage Care Home of Dials #4,80 Care Drive,Pembroke,NC,28372,6,FCL-078-123,Family Care Home,
Heritage Care Home of Dials #3,78 Care Drive,Pembroke,NC,28372,6,FCL-078-122,Family Care Home,
Heritage Care Home of Dials #2,1698 Canal Road,Pembroke,NC,28372,6,FCL-078-121,Family Care Home,
Heritage Care Homes of Dials #1,1698 Canal Road,Pembroke,NC,28372,6,FCL-078-120,Family Care Home,
B & B Assisted Living # 4,9461 NCHwy. 710 S.,Rowland,NC,28383,6,FCL-078-119,Family Care Home,
B & B Assisted Living # 3,9461 NC 710 South,Rowland,NC,28383,6,FCL-078-118,Family Care Home,
B & B Assisted Living # 2,2610 Hwy 130 West,Rowland,NC,28383,6,FCL-078-117,Family Care Home,
B & B Assisted Living # 1,2610 Hwy 130 West,Rowland,NC,28383,6,FCL-078-116,Family Care Home,
Kim's Assisted Living,1241 Goins Road,Pembroke,NC,28372,6,FCL-078-114,Family Care Home,
B & B Assisted Living # 7,2133 Preston Road,Maxton,NC,28364,6,FCL-078-108,Family Care Home,
B & B Assisted Living # 5,2133 Preston Road,Maxton,NC,28364,6,FCL-078-107,Family Care Home,
B & B Assisted Living # 6,2133 Preston Road,Maxton,NC,28364,6,FCL-078-106,Family Care Home,
Mt. Olive Family Care Home #2,14471 NC Hwy 41 South,Fairmont,NC,28340,6,FCL-078-015,Family Care Home,
Rice Family Care #3,116 Gwynn Drive,Reidsville,NC,27320,6,FCL-079-122,Family Care Home,
Rice Family Care #2,5860 US 29 Business N,Reidsville,NC,27320,6,FCL-079-121,Family Care Home,
Harrisons Caring Hands 5,704 Willow Street,Reidsville,NC,27320,6,FCL-079-120,Family Care Home,
Harrisons Caring Hands 4,109 Roanoke Street,Reidsville,NC,27320,6,FCL-079-119,Family Care Home,
Rice Family Care,515 Piney Fork Church Rd,Eden,NC,27288,6,FCL-079-118,Family Care Home,
Harrisons Caring Hands 2,538 Warriner Street,Reidsville,NC,27320,6,FCL-079-116,Family Care Home,
Family First Assisted Living,424 Glovenia Street,Eden,NC,27288,6,FCL-079-114,Family Care Home,
Harrisons Caring Hands,814 Lindsey Street,Reidsville,NC,27320,6,FCL-079-113,Family Care Home,
Sincere Manor Family Care Home,334 Zeb Road,Gibsonville,NC,27249,6,FCL-079-112,Family Care Home,
Anthony & Aronderly Rucker Family Care Home #1,3008 Highway 150 East,Reidsville,NC,27320,5,FCL-079-110,Family Care Home,
Whispering Pines Assisted Living,149 Highway 87,Reidsville,NC,27320,6,FCL-079-109,Family Care Home,
Chilton Family Care Home,135 Turner Farm Lane,Reidsville,NC,27320,6,FCL-079-093,Family Care Home,
Safe Haven #2,157 Glendale Drive,Eden,NC,27288,6,FCL-079-089,Family Care Home,
Safe Haven Adult Care Home,165 Glendale Drive,Eden,NC,27288,6,FCL-079-086,Family Care Home,
Beverly Rucker's Family Care Home #2,503 N. E. Market Street,Reidsville,NC,27320,6,FCL-079-033,Family Care Home,
Beverly Rucker's Family Care Home,1123 Crutchfield Road,Reidsville,NC,27320,4,FCL-079-031,Family Care Home,
Oakwood Family Care Home,511 NC Highway 87,Reidsville,NC,27320,6,FCL-079-019,Family Care Home,
Nancy O. Turner Family Care Home II,165 Turner Farm Lane,Reidsville,NC,27320,6,FCL-079-008,Family Care Home,
Angels at Heart Family Care Home,102 Ann Street,Spencer,NC,28159,6,FCL-080-036,Family Care Home,
Best of Care FCH,204 Northdale Avenue,Kannapolis,NC,28081,6,FCL-080-035,Family Care Home,
Mary's Family Care Home,485 Long Ferry Road,Salisbury,NC,28144,5,FCL-080-032,Family Care Home,
Libby Family Care Home,4035 Woodleaf Barber Road,Cleveland,NC,27013,2,FCL-080-024,Family Care Home,
Lisa's Family Care Home #1,542 Forest Lake Road,Forest City,NC,28043,6,FCL-081-054,Family Care Home,
Lisa's Family Care Home #2,141 Fox Run,Forest City,NC,28043,6,FCL-081-053,Family Care Home,
Lisa's Family Care Home #3,149 Reid Street,Forest City,NC,28043,6,FCL-081-052,Family Care Home,
Joyful Home Family Care,113 Beacon Hill,Ellenboro,NC,28040,6,FCL-081-032,Family Care Home,
Serenity Family Care Home # 3,100 W Magnolia/Lishon Road,Rose Hill,NC,28458,5,FCL-082-028,Family Care Home,
Serenity Family Care Home #2,912 Buckhorn Road,Harrells,NC,28444,6,FCL-082-025,Family Care Home,
Legacy Meadows Adult Care Home,42912 Vickers Store Road,Albemarle,NC,28001,6,FCL-084-011,Family Care Home,
Forever Young Retreat II,44867 Byrd Road,Albemarle,NC,28001,6,FCL-084-005,Family Care Home,
Forever Young Retreat,44913 Byrd Road,Albemarle,NC,28001,6,FCL-084-002,Family Care Home,
Tore's Home # 7,15 Tore's Drive,Brevard,NC,28712,6,FCL-088-011,Family Care Home,
Tore's Home #3,65 Tore's Dr.,Brevard,NC,28712,6,FCL-088-010,Family Care Home,
The Potter's House Family Adult Care Home,9532 Potter Rd,Matthews,NC,28104,3,FCL-090-048,Family Care Home,
The Abide at Wesley Chapel,5405 Berrywood Ln,Monroe,NC,28110,6,FCL-090-047,Family Care Home,
The Post at Wesley Chapel,2725 Manor Stone Way,Indian Trail,NC,28079,6,FCL-090-046,Family Care Home,
Gracious Senior Living,2500 Carroll Street,Monroe,NC,28110,6,FCL-090-045,Family Care Home,
Avendelle Assisted Living at Wingate,111 Maye Street,Wingate,NC,28174,6,FCL-090-044,Family Care Home,
Arcadia Care Home,7415 Walnut Crest Drive,Waxhaw,NC,28173,6,FCL-090-029,Family Care Home,
House of Blessings Family Care Home,1421 Ross Mill Road,Henderson,NC,27537,5,FCL-091-018,Family Care Home,
Rising Hope Health Care Services,233 Gholson Avenue,Henderson,NC,27536,6,FCL-091-017,Family Care Home,
LiveWell at Springdale,9217 Oneal Rd,Raleigh,NC,27613,6,FCL-092-351,Family Care Home,
Avendelle at Wyckford,4520 Dilford Drive,Raleigh,NC,27604,6,FCL-092-350,Family Care Home,
Tower of Blessing #7,1975 Hickory Bark Drive,Fuquay Varina,NC,27526,6,FCL-092-349,Family Care Home,
Avendelle at Waterford,1008 Flower Round Court,Raleigh,NC,27610,6,FCL-092-348,Family Care Home,
One Choice at Holland Glen St,318 Holland Glen Street,Fuquay-Varina,NC,27526,5,FCL-092-347,Family Care Home,
Rose Care Homes 1,3300 N New Hope Road,Raleigh,NC,27610,6,FCL-092-346,Family Care Home,
Teemed Family Care Home 5,2305 Glascock Street,Raleigh,NC,27610,6,FCL-092-345,Family Care Home,
Teemed Family Care Home 4,1116 Beverly Drive,Raleigh,NC,27610,6,FCL-092-344,Family Care Home,
Ava's Care Home,1713 Castling Ct.,Wake Forest,NC,27587,6,FCL-092-343,Family Care Home,
Val's Heritage Pines,503 Quaker Dell Lane,Cary,NC,27519,5,FCL-092-342,Family Care Home,
Shiloh Grove Senior Living,909 Church St,Morrisville,NC,27560,6,FCL-092-340,Family Care Home,
Precious Family Care Home,1305 Trotter Bluffs Dr,Holly Springs,NC,27540,3,FCL-092-339,Family Care Home,
The Oasis Home,1529 Stonemill Falls Drive,Wake Forest,NC,27587,3,FCL-092-336,Family Care Home,
Rose Care Homes 2,804 West Gannon Street,Zebulon,NC,27597,6,FCL-092-335,Family Care Home,
Sun Rize Residence,104 S Smithfield Rd,Knightdale,NC,27545,5,FCL-092-334,Family Care Home,
Holly Springs Senior Living,100 East Hickory Avenue,Holly Springs,NC,27540,6,FCL-092-333,Family Care Home,
AJE Family Care Home,812 Grove Creek Ln,Raleigh,NC,27610,3,FCL-092-332,Family Care Home,
Rose Care Homes 3,1410 Kildaire Farm Rd,Cary,NC,27511,6,FCL-092-331,Family Care Home,
Agape Family-Greenwood,1308 Walnut St,Cary,NC,27511,3,FCL-092-329,Family Care Home,
One Choice Family Care Home At Louisbury,3913 Tritonville Way,Raleigh,NC,27616,5,FCL-092-328,Family Care Home,
Avendelle Assisted Living at Carlton Pointe,451 Bendemeer Lane,Rolesville,NC,27571,6,FCL-092-327,Family Care Home,
Avendelle Assisted Living at MacArthur,142 Trafalgar Lane,Cary,NC,27513,6,FCL-092-325,Family Care Home,
Lynndale Senior Living Home,6628 Keystone Dr.,Raleigh,NC,27612,3,FCL-092-324,Family Care Home,
Our Promise Care Homes at Lake Boone Trail,3324 Lake Boone Trail,Raleigh,NC,27607,6,FCL-092-322,Family Care Home,
Our Promise Care Homes at Falls Church,1405 Falls Church Road,Raleigh,NC,27609,6,FCL-092-321,Family Care Home,
Parentcare Assisted Living,3720 Vesta Drive,Raleigh,NC,27603,4,FCL-092-320,Family Care Home,
The Reserve at Mills Farm Villa #4,2030 Mills Chase Loop,Apex,NC,27523,6,FCL-092-319,Family Care Home,
The Reserve at Mills Farm Villa #3,2020 Mills Chase Loop,Apex,NC,27523,6,FCL-092-318,Family Care Home,
The Reserve at Mills Farm Villa #2,2010 Mills Chase Loop,Apex,NC,27523,6,FCL-092-317,Family Care Home,
The Reserve at Mills Farm Villa #1,2000 Mills Chase Loop,Apex,NC,27523,6,FCL-092-316,Family Care Home,
One Choice Family Care Homes 2,324 Rock Spring Road,Wake Forest,NC,27587,5,FCL-092-311,Family Care Home,
Heart to Heart Family Care Home 2,221 East Barbee St,Zebulon,NC,27597,5,FCL-092-309,Family Care Home,
Our Promise Care Homes,1600 Wake Drive,Wake Forest,NC,27587,6,FCL-092-308,Family Care Home,
Heavenly Family Care Home,405 Barrington Hall Dr,Rolesville,NC,27571,5,FCL-092-307,Family Care Home,
LiveWell Raleigh on Brassfield Rd,2100 Brassfield Rd,Raleigh,NC,27614,6,FCL-092-306,Family Care Home,
LiveWell at Wessex,208 Midenhall Way,Cary,NC,27513,6,FCL-092-305,Family Care Home,
LiveWell at Lynn Road,6701 Candlewood Drive,Raleigh,NC,27612,6,FCL-092-304,Family Care Home,
Serenity Falls Family Care Home at Durant Trace,2445 Deanwood Drive,Raleigh,NC,27615,6,FCL-092-303,Family Care Home,
Serenity Falls Family Care Home,401 E Millbrook Rd,Raleigh,NC,27609,3,FCL-092-302,Family Care Home,
Avendelle Assisted Living at Heritage,5112 Granitic Drive,Rolesville,NC,27571,6,FCL-092-301,Family Care Home,
Avendelle Assisted Living at Rolesville,129 Nortwick Road,Rolesville,NC,27571,6,FCL-092-300,Family Care Home,
Miss Bell's Assisted Living of Fuquay,709 Minerva Dale Drive,Fuquay-Varina,NC,27526,6,FCL-092-299,Family Care Home,
Southern Magnolia Living,328 Moore Hill Way,Holly Springs,NC,27540,6,FCL-092-296,Family Care Home,
Avendelle Assisted Living on Lazy River,2268 Lazy River Drive,Raleigh,NC,27610,6,FCL-092-295,Family Care Home,
Unique Assisted Living,6320 Saybrooke Drive,Raleigh,NC,27604,6,FCL-092-292,Family Care Home,
Senior Fluent,3004 Bunnfield Dr,Zebulon,NC,27597,6,FCL-092-291,Family Care Home,
Destiny Family Care Home #4,5818 Poole Road,Raleigh,NC,27610,6,FCL-092-290,Family Care Home,
Avendelle Assisted Living on Kildaire Farm,115 Steep Bank Drive,Cary,NC,27518,6,FCL-092-288,Family Care Home,
Avendelle Assisted Living at Southern Oaks,605 Lawson Cypress Lane,Fuquay Varina,NC,27526,6,FCL-092-287,Family Care Home,
One Choice Family Care Home Inc.,7305 Perry Creek Road,Raleigh,NC,27616,6,FCL-092-284,Family Care Home,
Avendelle Assisted Living on Tryon,6645 Tryon Road,Cary,NC,27518,6,FCL-092-272,Family Care Home,
Renaissance Care Home at Longleaf Estates,3352 Longleaf Estates Dr,Raleigh,NC,27616,6,FCL-092-266,Family Care Home,
The Retreat at Cary Corner,10108 Penny Rd,Raleigh,NC,27606,6,FCL-092-265,Family Care Home,
The Manor at Saratoga,3905 Saratoga Drive,Raleigh,NC,27604,6,FCL-092-264,Family Care Home,
Lakepark Family Care Home,1505 Lakepark Drive,Raleigh,NC,27612,5,FCL-092-260,Family Care Home,
Dedove Homes Inc at Riverknoll,1616 Riverknoll,Raleigh,NC,27610,6,FCL-092-256,Family Care Home,
Avendelle Assisted Living at Shepherds Vineyard,1100 Wellstone Circle,Apex,NC,27502,6,FCL-092-255,Family Care Home,
Brightside Homes III,2005 Ann Avenue,Raleigh,NC,27610,4,FCL-092-253,Family Care Home,
Kelley's Family at Drayton Reserve,4025 Pheasant Tail Ct,Wake Forest,NC,27587,6,FCL-092-251,Family Care Home,
Novelty Healthcare III,423 W Young Street,Rolesville,NC,27571,6,FCL-092-249,Family Care Home,
Val's Place at Dodsworth,6021 Dodsworth Drive,Raleigh,NC,27612,6,FCL-092-247,Family Care Home,
Renaissance Care Home at Traditions,612 Red Clover Court,Wake Forest,NC,27587,6,FCL-092-241,Family Care Home,
Fairfax Hills Senior Living,5313 Falls of Neuse Road,Raleigh,NC,27609,6,FCL-092-239,Family Care Home,
Renaissance Care Home at Neuse River Estates,3604 Neuse Estates Drive,Raleigh,NC,27604,6,FCL-092-238,Family Care Home,
Avendelle Assisted Living On Maynard,1104 SE Maynard Avenue,Cary,NC,27511,6,FCL-092-237,Family Care Home,
Care Innovations of North Carolina,2409 Horton Road,Knightdale,NC,27545,4,FCL-092-236,Family Care Home,
Kelley's Family Care Home,1919 High Holly Lane,Raleigh,NC,27614,6,FCL-092-233,Family Care Home,
Ann's New Day,400 Parnell Drive,Raleigh,NC,27610,6,FCL-092-232,Family Care Home,
Brightside Homes 2,105 Avery Street,Garner,NC,27529,6,FCL-092-231,Family Care Home,
Val's Place at Brookhaven,6112 Winthrop Drive,Raleigh,NC,27612,6,FCL-092-229,Family Care Home,
Novelty Healthcare Services II,6704 Shanghi Drive,Willow Springs,NC,27592,6,FCL-092-228,Family Care Home,
Cary Family Care,545 Front Ridge Drive,Cary,NC,27519,3,FCL-092-219,Family Care Home,
Agape House - Stonehollow,107 Stonehollow Court,Cary,NC,27513,6,FCL-092-218,Family Care Home,
The Retreat at Cary,309 Tweed Circle,Cary,NC,27511,6,FCL-092-216,Family Care Home,
Val's Place,4910 Morehead Drive,Raleigh,NC,27612,6,FCL-092-213,Family Care Home,
Adorable Family Care Home,2604 Adcox Place,Raleigh,NC,27610,6,FCL-092-212,Family Care Home,
Agape Family Care Home # 1,5024 Dantree Place,Raleigh,NC,27609,6,FCL-092-208,Family Care Home,
Novelty Healthcare Services,1101 Loxley Place,Raleigh,NC,27610,6,FCL-092-206,Family Care Home,
Ann's Sunrise II,404 Parnell Drive,Raleigh,NC,27610,6,FCL-092-178,Family Care Home,
Lynn's Home at Riverside,5614 Apalachicula Drive,Raleigh,NC,27616,6,FCL-092-174,Family Care Home,
The Manor at Edgewater,1038 Stormy Lane,Raleigh,NC,27610,6,FCL-092-153,Family Care Home,
Wrenette's Place,7029 San Juan Hill Court,Raleigh,NC,27610,6,FCL-092-140,Family Care Home,
The Manor at Coventry Creek,5124 Werribee Drive,Raleigh,NC,27616,6,FCL-092-132,Family Care Home,
Elsie's Place,10916 Raven Rock Drive,Raleigh,NC,27614,6,FCL-092-102,Family Care Home,
Mims Family Care Home,6337 Mims Road,Holly Springs,NC,27540,6,FCL-092-045,Family Care Home,
Boyd's Rest Home #1,295 Carrolltown Road,Macon,NC,27551,5,FCL-093-001,Family Care Home,
Latter Days LTC,928 Old Smith Chapel Rd,Mt Olive,NC,28365,6,FCL-096-057,Family Care Home,
Koody Health Care Services Inc.,1805 East Mulberry Street,Goldsboro,NC,27530,6,FCL-096-055,Family Care Home,
A Father's Love Family Care,502 Stronach Avenue,Goldsboro,NC,27534,4,FCL-096-054,Family Care Home,
Morning Glory Family Care,112 S. Church Street,Eureka,NC,27830,6,FCL-096-038,Family Care Home,
Grantham Family Care # II,107 N. Georgia Avenue,Goldsboro,NC,27530,6,FCL-096-009,Family Care Home,
Pandora Family Care Home III,1133 Nash St NW,Wilson,NC,27893,6,FCL-098-037,Family Care Home,
Compassionate Care Home at Foxcroft,2413 Foxcroft Rd,Wilson,NC,27893,3,FCL-098-036,Family Care Home,
Positive Lifestyles #2,4805 Green Wing Road,Wilson,NC,27893,5,FCL-098-035,Family Care Home,
"Called 2 Care Family Care Home, Inc.",502 Poe Street,Wilson,NC,27893,6,FCL-098-032,Family Care Home,
