"CMS Certification Number (CCN)","Facility Name","Address Line 1","Address Line 2",City/Town,State,"ZIP Code",County/Parish,"Telephone Number","CMS Region","Ownership Type","Certification Date"
001500,"AGAVE HOSPICE AND PALLIATIVE CARE","4050 EAST GREENWAY ROAD SUITE 1",-,PHOENIX,AZ,85032,MARICOPA,"(602) 855-3500",9,For-Profit,04/07/2022
001502,"FAMILY FIRST HOSPICE, INC","11225 N 28TH DRIVE STE B111",-,PHOENIX,AZ,85029,MARICOPA,"(480) 482-1833",9,For-Profit,03/30/2022
001504,"VITAL HC, INC","4447 EAST BROADWAY ROAD SUITE 101",-,MESA,AZ,85206,MARICOPA,"(520) 278-5003",9,For-Profit,06/03/2022
001505,"COPPER SKY HOSPICE LLC","7600 NORTH 16TH STREET, SUITE 112",-,PHOENIX,AZ,85020,MARICOPA,"(602) 830-0605",9,For-Profit,05/27/2022
001508,"OPTIMAL HOSPICE INC","64 EAST BROADWAY ROAD, SUITE 200 OFFICE 278",-,TEMPE,AZ,85282,MARICOPA,"(623) 887-8837",9,For-Profit,06/22/2022
001509,"CARE PLUS HOSPICE CARE, LLC","10290 NORTH 92ND STREET SUITE 201",-,SCOTTDALE,AZ,85258,MARICOPA,"(623) 476-9198",9,,07/01/2022
001511,"COPPER STATE HOSPICE INC","1760 EAST RIVER ROAD SUITE 117",-,TUCSON,AZ,85718,PIMA,"(520) 612-2181",9,For-Profit,07/14/2022
001513,"EXPERT HOSPICE CARE INC","11811 N TATUM BLVD, STE 3031 RM 70",-,PHOENIX,AZ,85028,MARICOPA,"(602) 805-9400",9,For-Profit,02/15/2022
001514,"UNIVERSAL HOSPICE CARE SERVICES","13201 NORTH 35TH AVENUE, SUITE B8-C",-,PHOENIX,AZ,85029,MARICOPA,"(602) 922-0446",9,For-Profit,03/23/2022
001515,"PRISTINE HOSPICE LLC","8607 NORTH 59TH AVENUE, SUITE A1",-,GLENDALE,AZ,85302,MARICOPA,"(480) 343-8045",9,For-Profit,07/29/2022
001516,"VALLEYSIDE HOSPICE INC","9200 EAST RAINTREE DRIVE, SUITE 120",-,SCOTTSDALE,AZ,85260,MARICOPA,"(480) 535-6188",9,For-Profit,08/10/2022
001517,"SUNSET HOSPICE LLC","17 WEST WETMORE ROAD SUITE 100",-,TUCSON,AZ,85705,PIMA,"(520) 207-1611",9,For-Profit,07/29/2022
001518,"OVATION HOSPICE OF PHOENIX","410 N SCOTTSDALE RD STE 1000",-,TEMPE,AZ,85288,MARICOPA,"(602) 669-9812",9,For-Profit,08/09/2022
001519,"DEVOTED HOSPICE CARE INC","4150 WEST PEORIA AVENUE, STE B 116-H",-,PHOENIX,AZ,85029,MARICOPA,"(602) 742-0335",9,For-Profit,04/30/2022
001520,"LOVING HANDS HOSPICE, INC","11811 NORTH TATUM BOULEVARD, SUITE 3031 OFFICE 45",-,PHOENIX,AZ,85028,MARICOPA,"(602) 612-8656",9,For-Profit,07/22/2022
001521,"OTIUM HOSPICE INC","64 EAST BROADWAY ROAD, SUITE 200 OFFICE 259",-,TEMPE,AZ,85282,MARICOPA,"(602) 844-8245",9,,06/15/2022
001522,"GARNET HOSPICE CARE INC","13416 N. 32ND ST.,","SUITE 105",PHOENIX,AZ,85032,MARICOPA,"(602) 887-3040",9,,08/16/2022
001524,"GOLDEN ROSE HOSPICE CARE INC","4150 WEST PEORIA AVE, STE B114A",-,PHOENIX,AZ,85029,MARICOPA,"(480) 885-5116",9,,07/27/2022
001527,"SUPPORTIVE HANDS HOSPICE INC","2930 E CAMELBACK RD STE 120",-,PHOENIX,AZ,85016,MARICOPA,"(602) 806-7205",9,,07/01/2022
001528,"ENDEAVOR HOSPICE","4838 EAST BASELINE ROAD SUITE 102",-,MESA,AZ,85206,MARICOPA,"(480) 674-8228",9,,11/17/2022
001529,"ACACIA HOSPICE CARE OF LAKE HAVASU INC","1930 MESQUITE AVENUE, SUITE 9",-,"LAKE HAVASU CITY",AZ,86403,"UNITED STATES","(928) 770-5580",9,,02/25/2022
001530,"ARIZONA PROFESSIONAL HOSPICE CARE","11225 NORTH 28TH DRIVE, SUITE A208",-,PHOENIX,AZ,85029,MARICOPA,"(602) 334-5778",9,,10/19/2022
001534,"PRIMAVERA HOSPICE LLC","8751 NORTH 51ST AVENUE SUITE 121-E",-,GLENDALE,AZ,85302,MARICOPA,"(480) 286-6903",9,,10/21/2022
001535,"RD HOSPICE","16165 NORTH 83RD AVENUE, SUITE 201",-,PEORIA,AZ,85382,MARICOPA,"(623) 688-0011",9,,12/12/2022
001536,"GLOBAL HOSPICE ARIZONA","9915 E BALL RD STE 114",-,SCOTTSDALE,AZ,85260,"UNITED STATES","(480) 716-1119",9,,07/08/2022
001538,"DESERT SKY HOSPICE, LLC","2737 EAST GREENWAY ROAD SUITE 1",-,PHOENIX,AZ,85032,MARICOPA,"(602) 899-9068",9,,05/12/2022
001542,"HIDDEN HILLS HOSPICE","1825 E NORTHERN AVENUE # 161 A",-,PHOENIX,AZ,85020,MARICOPA,"(602) 675-0277",9,,07/05/2022
001545,"AZORNA HOSPICE AND PALLIATIVE CARE OF TUCSON","1 SOUTH CHURCH AVENUE, SUITE 1200, OFFICE 1214",-,TUCSON,AZ,85701,PIMA,"(818) 960-9634",9,,09/29/2022
001546,"COMFORTING HOSPICE CENTER INC","4150 WEST PEORIA AVENUE SUITE B113 - F",-,PHOENIX,AZ,85029,MARICOPA,"(480) 674-0540",9,,02/24/2023
001547,"PRO CARE HOSPICE INC","3420 EAST SHEA BLVD, SUITE 200, OFFICE 210",-,PHOENIX,AZ,85028,MARICOPA,"(602) 805-7770",9,,01/27/2023
001549,"SELECT HOME HOSPICE","65 S SYCAMORE STE 2B",-,MESA,AZ,85202,MARICOPA,"(480) 608-7030",9,,01/12/2023
001550,"ALAGA HOSPICE LLC","3250 GATEWAY BLVD, SUITE 112",-,PRESCOTT,AZ,86303,MARICOPA,"(708) 248-0352",9,,12/29/2022
001552,"ARIZONA HOSPICE CARE INC","3101 NORTH CENTRAL AVENUE SUITE 0168",-,PHOENIX,AZ,85012,MARICOPA,"(623) 323-5199",9,,12/30/2022
001553,"SERENITY HOSPICE SERVICES INC","13231 NORTH 35TH AVENUE, SUITE A11-B",-,PHOENIX,AZ,85029,MARICOPA,"(480) 716-3044",9,,04/24/2023
001555,"SUPREME CARE HOSPICE INC","13201 NORTH 35TH AVENUE, SUITE B7A",-,PHOENIX,AZ,85029,MARICOPA,"(623) 303-2891",9,,04/05/2023
001557,"AMERICAN CARE CONCEPTS HOSPICE LLC","765 NORTH LINDSAY ROAD BUILDING 1 SUITE 201",-,GILBERT,AZ,85233,MARICOPA,"(602) 902-1982",9,,06/27/2023
001559,"MANOR HOSPICE LTD","4150 WEST PEORIA AVENUE, SUITE B130- A",-,PHOENIX,AZ,85029,MARICOPA,"(602) 691-0900",9,,04/20/2022
001561,"NUEVA HOSPICE & PALLIATIVE CARE, LLC","14362 NORTH FRANK LLOYD WRIGHT BLVD, SUITE 2162",-,SCOTTSDALE,AZ,85260,MARICOPA,"(602) 540-9690",9,,06/08/2023
001562,"ASCENSION HOSPICE LLC","6263 NORTH SCOTTSDALE RD STE 138 OFFICE A",-,SCOTTSDALE,AZ,85250,MARICOPA,"(480) 201-4163",9,,05/01/2023
001563,"ANTHEM EAST LLC","6650 N ORACLE ROAD, SUITE 101",-,TUCSON,AZ,85704,PINAL,"(480) 716-7745",9,,06/02/2023
001565,"ADVENT HOSPICE LLC","4025 EAST CHANDLER BOULEVARD, SUITE 52B",-,PHOENIX,AZ,85048,MARICOPA,"(602) 824-8730",9,,08/16/2023
001566,"ANGELS HEART HOSPICE INC","722 EAST OSBORN ROAD, SUITE 305",-,PHOENIX,AZ,85014,MARICOPA,"(480) 741-4604",9,,07/31/2023
001567,"KIND HEARTS HOSPICE INC","2 NORTH CENTRAL AVENUE SUITE 1800 UNIT 1918",-,PHOENIX,AZ,85004,MARICOPA,"(623) 624-7428",9,,08/15/2023
001568,"ENCORE HOSPICE LLC","4122 W INNOVATIVE DRIVE STE 101 H & I",-,PHOENIX,AZ,85086,MARICOPA,"(623) 248-6636",9,,08/15/2023
001570,"PRESTIGE HEALTH HOSPICE","4555 S PALO VERDE RD SUITE 163",-,TUCSON,AZ,85714,PIMA,"(520) 358-0946",9,,06/07/2023
001571,"BAYADA HOSPICE","7225 N MONA LISA RD","STE 100",TUCSON,AZ,85741,PIMA,"(520) 369-4560",9,,10/25/2023
001572,"POSITIVE NATURE HOSPICE LLC","7360 EAST 22ND STREET SUITE 106",-,TUCSON,AZ,85710,PIMA,"(520) 614-6326",9,,07/21/2023
001574,"HOSPICE IN THE DESERT LLC","639 EAST SPEEDWAY BLVD",-,TUCSON,AZ,85705,MARICOPA,"(520) 248-8129",9,,09/06/2023
001575,"CREEK VIEW HOSPICE LLC","4657 EAST COTTON GIN LOOP BLDG D SUITE 102B",-,PHOENIX,AZ,85040,MARICOPA,"(602) 603-5165",9,,08/02/2023
001577,"CARELIFE HOSPICE LLC","13832 N 32ND STREET","SUITE C124-C126H",PHOENIX,AZ,85032,MARICOPA,"(480) 234-3568",9,,02/15/2024
001578,"OAKMONT HOSPICE LLC","2432 WEST PEORIA AVENUE SUITE 1345-A",-,PHOENIX,AZ,85029,MARICOPA,"(480) 716-4517",9,,10/08/2024
001579,"SALUS HOSPICE","8701 EAST VISTA BONITA DRIVE, SUITE 210-5",-,SCOTTSDALE,AZ,85255,MARICOPA,"(949) 390-7308",9,,04/15/2024
001581,"MD HOSPICE CARE, LLC","7500 NORTH DREAMY DRAW DRIVE, SUITE 211B",-,PHOENIX,AZ,85020,MARICOPA,"(602) 266-9971",9,,10/22/2024
011500,"BAPTIST HOSPICE","2105 EAST SOUTH BLVD.",-,MONTGOMERY,AL,36116,MONTGOMERY,"(334) 395-5000",4,Other,03/23/1984
011501,"SOUTHERNCARE NEW BEACON N BIRMINGHAM","5582 APPLE PARK DR",-,BIRMINGHAM,AL,35235,SHELBY,"(205) 939-8799",4,For-Profit,05/24/1984
011502,"AVEANNA HOSPICE OF FAIRHOPE","22502 US HIGHWAY 98",-,FAIRHOPE,AL,36532,BALDWIN,"(251) 462-1428",4,Other,07/03/1984
011503,"SAAD HOSPICE SERVICES","1515 UNIVERSITY BOULEVARD, SOUTH",-,MOBILE,AL,36609,MOBILE,"(251) 343-9600",4,For-Profit,01/08/1986
011505,"HOSPICE FAMILY CARE","10000 SERENITY LANE SOUTHEAST",-,HUNTSVILLE,AL,35803,MADISON,"(256) 650-1212",4,Non-Profit,10/30/1986
011506,"SOUTHERNCARE NEW BEACON - JASPER","3835 WATERMELON ROAD","STE'S B&C",NORTHPORT,AL,35473,TUSCALOOSA,"(205) 387-9339",4,For-Profit,11/19/1986
011508,"SOUTHERNCARE NEW BEACON - ANNISTON","1419 LEIGHTON AVENUE, UNIT A",-,ANNISTON,AL,36207,CALHOUN,"(205) 236-5334",4,For-Profit,12/22/1987
011510,"CULLMAN REGIONAL HOSPICE","5788 ALABAMA HWY 157",-,CULLMAN,AL,35058,CULLMAN,"(256) 739-5185",4,For-Profit,02/18/1988
011511,"HOSPICE OF THE VALLEY, INC","240 JOHNSTON STREET, SE",-,DECATUR,AL,35601,MORGAN,"(205) 350-5585",4,Non-Profit,03/03/1988
011512,"SOUTHERNCARE NEW BEACON SCOTTSBORO","301 S. HOUSTON ST",-,SCOTTSBORO,AL,35768,JACKSON,"(205) 574-4622",4,For-Profit,04/07/1988
011513,"SHEPHERD'S COVE HOSPICE","408 MARTLING ROAD",-,ALBERTVILLE,AL,35951,MARSHALL,"(256) 891-7724",4,Other,04/14/1988
011514,"COMPASSUS SOUTHERN ALABAMA","2401 STEMLEY BRIDGE ROAD, STE 9",-,"PELL CITY",AL,35128,"ST. CLAIR","(205) 447-1114",4,For-Profit,06/02/1988
011516,"HOSPICE OF LIMESTONE COUNTY","405 SOUTH MARION STREET",-,ATHENS,AL,35611,LIMESTONE,"(256) 232-5017",4,Other,02/09/1989
011517,"HOSPICE OF WEST ALABAMA","3851 LOOP ROAD",-,TUSCALOOSA,AL,35404,TUSCALOOSA,"(205) 345-0067",4,Non-Profit,02/08/1989
011522,GENTIVA,"1208 RUCKER BLVD, SUITE - A","MAILING - P O DRAWER 2127, DOTHAN, 36302",ENTERPRISE,AL,36330,COFFEE,"(334) 792-1100",4,For-Profit,11/03/1989
011524,"CHATTAHOOCHEE HOSPICE INC","6 MEDICAL PARK NORTH",-,VALLEY,AL,36854,CHAMBERS,"(334) 756-8043",4,Other,01/05/1990
011526,"LAKESIDE HOSPICE INC","4010 MASTERS ROAD","P O BOX 544","PELL CITY",AL,35128,"ST. CLAIR","(205) 884-1111",4,For-Profit,03/28/1991
011527,"AMEDISYS HOSPICE OF BIRMINGHAM","2204 LAKESHORE DRIVE, SUITE 160",-,HOMEWOOD,AL,35209,JEFFERSON,"(205) 868-9221",4,For-Profit,05/02/1991
011528,COMPASSUS-AUBURN,"333 SAMFORD VILLAGE COURT, SUITE B",-,AUBURN,AL,36830,LEE,"(334) 826-1899",4,"Combination Government & Non-Profit",12/11/1991
011534,"HOSPICE OF NORTHWEST ALABAMA","1788 US HIGHWAY 46","P.O. BOX 1216",WINFIELD,AL,35594,MARION,"(205) 487-8140",4,Non-Profit,03/15/1994
011538,"HOSPICE OF CLAY COUNTY","83825 HIGHWAY 9 P O BOX 1270",-,ASHLAND,AL,36251,CLAY,"(205) 354-2131",4,"Combination Government & Non-Profit",12/12/1994
011543,"ENHABIT HOSPICE BIRMINGHAM","1 CHASE CORPORATE DRIVE, SUITE 210 B",-,HOOVER,AL,35244,JEFFERSON,"(205) 824-8681",4,For-Profit,06/20/1995
011546,"ACG HOSPICE","1450 N MCKENZIE STREET",-,FOLEY,AL,36535,BALDWIN,"(251) 334-9435",4,For-Profit,02/28/1996
011548,"ACG HOSPICE-BIRMINGHAM","3500 BLUE LAKE DRIVE, STE 445",-,BIRMINGHAM,AL,35243,JEFFERSON,"(205) 349-3065",4,For-Profit,08/22/1996
011549,"TRADITIONS HEALTH OF SELMA","3005 CITIZENS PARKWAY",-,SELMA,AL,36701,DALLAS,"(334) 418-0566",4,Other,10/18/1996
011558,"ALABAMA HOSPICE CARE OF MOBILE","851 E I-654 SERVICE ROAD SOUTH SUITE 1050",-,MOBILE,AL,36608,MOBILE,"(251) 345-1023",4,Other,10/03/1997
011566,"AMEDISYS HOSPICE OF DECATUR","725 BELTLINE ROAD SW, STE D",-,DECATUR,AL,35601,MORGAN,"(256) 350-8688",4,For-Profit,10/08/1997
011567,"AMEDISYS HOSPICE OF MOBILE","RSA BATTLE HOUSE TOWER BUILDING","11 NORTH WATER STREET, SUITE 11225",MOBILE,AL,36602,MOBILE,"(251) 343-0989",4,For-Profit,10/22/1997
011576,"AVEANNA HOSPICE OF DEMOPOLIS","547 U.S. HIGHWAY 80 WEST, SUITE 2",-,DEMOPOLIS,AL,36732,MARENGO,"(334) 289-2106",4,Other,03/23/2000
011577,"VITAS HEALTHCARE OF DOTHAN","1435 WEST MAIN STREET",-,DOTHAN,AL,36301,HOUSTON,"(334) 794-7847",4,Non-Profit,12/21/2000
011579,COMPASSUS-GADSDEN,"1735 HIGHWAY 77",-,SOUTHSIDE,AL,35907,ETOWAH,"(256) 782-3560",4,For-Profit,02/16/2001
011582,"AVEANNA HOSPICE OF GREENVILLE","23 JAMESON LANE",-,GREENVILLE,AL,36037,BUTLER,"(334) 383-9688",4,For-Profit,06/12/2001
011583,"COMMUNITY HOSPICE CARE","1526 GILMER AVENUE",-,TALLASSEE,AL,36078,ELMORE,"(334) 283-6541",4,Non-Profit,06/13/2001
011586,"ASERCARE HOSPICE - HAMILTON","123 1ST AVENUE SOUTHWEST",-,HAMILTON,AL,35470,MARION,"(205) 921-9091",4,For-Profit,02/06/2002
011591,"ACG HOSPICE-GARDENDALE","651 MAIN STREET, STE 159",-,GARDENDALE,AL,35071,JEFFERSON,"(205) 583-4673",4,For-Profit,10/02/2002
011592,"PREFERRED HOSPICE","1120 BRADSHAW DR",-,FLORENCE,AL,35630,LAUDERDALE,"(256) 767-1322",4,For-Profit,12/18/2002
011597,"AVEANNA HOSPICE OF ANDALUSIA","820 SOUTH THREE NOTCH STREET, SUITE C",-,ANDALUSIA,AL,36420,COVINGTON,"(334) 427-4000",4,For-Profit,05/14/2003
011598,"VITALCARING GROUP","917 WESTERN AMERICA CIRCLE, SUITE 101",-,MOBILE,AL,36571,MOBILE,"(251) 246-2727",4,Other,05/29/2003
011600,"ENHABIT HOSPICE PRATTVILLE","4782 WOODMERE BLVD SUITE C",-,MONTGOMERY,AL,36106,MONTGOMERY,"(334) 289-1007",4,For-Profit,07/22/2003
011602,"GENTIVA PHENIX CITY","730 N DEAN RD. SUITE 300",-,AUBURN,AL,36830,LEE,"(334) 298-8898",4,For-Profit,06/05/2003
011603,"DAYSPRING HOSPICE, LLC","100 PROFESSIONAL LANE","P.O. BOX 311246, ENTERPRISE, AL 36331",ENTERPRISE,AL,36330,COFFEE,"(334) 347-2999",4,For-Profit,07/24/2003
011604,"LEGACY HOSPICE OF THE EAST, LLC","1111 SOUTH CEDAR SUITE D",-,DEMOPOLIS,AL,36732,MARENGO,"(334) 218-1826",4,For-Profit,08/28/2003
011605,"GENTIVA MOBILE","2800 DAUPHIN STREET, SUITE 103",-,MOBILE,AL,36606,MOBILE,"(251) 478-9900",4,For-Profit,08/28/2003
011607,"AVEANNA HOSPICE OF PELHAM","245 CAHABA VALLEY PKWY, SUITE 110",-,PELHAM,AL,35124,SHELBY,"(205) 663-6887",4,Other,10/16/2003
011612,"COLUMBUS HOSPICE OF ALABAMA","1200 14TH STREET, UNIT D",-,"PHENIX CITY",AL,36867,RUSSELL,"(334) 664-0075",4,Non-Profit,01/23/2004
011617,"AVEANNA HOSPICE OF PELL CITY","2048 MARTIN STREET S",-,"PELL CITY",AL,35128,"ST. CLAIR","(205) 813-0290",4,For-Profit,04/22/2004
011621,"IVY CREEK HOSPICE","201 MARIARDEN ROAD",-,DADEVILLE,AL,36853,TALLAPOOSA,"(256) 825-7821",4,For-Profit,11/02/2004
011622,"HOSPICE OF NORTH ALABAMA, LLC","2905 WESTCORP BLVD, STE 115, 116, 117",-,HUNTSVILLE,AL,35805,MADISON,"(256) 533-4300",4,Other,11/03/2004
011623,"AMEDISYS HOSPICE OF MONTGOMERY","8160 DECKER LANE",-,MONTGOMERY,AL,36117,MONTGOMERY,"(334) 395-7789",4,Other,01/05/2005
011624,"AFFINITY HOSPICE","117 GEMINI CIRCLE, SUITE 415",-,BIRMINGHAM,AL,35209,JEFFERSON,"(205) 949-0400",4,For-Profit,03/08/2005
011626,"HOSPICE OF ALABAMA","266 INDUSTRIAL DRIVE, STE. B",-,RAINSVILLE,AL,35986,DEKALB,"(256) 638-3491",4,For-Profit,04/14/2005
011628,"COMMUNITY HOSPICE OF DALE MEDICAL CENTER","311 JAMES STREET",-,OZARK,AL,36360,DALE,"(334) 774-1380",4,"Combination Government & Non-Profit",05/10/2005
011629,"ADORATION HOSPICE","1631 HAMRIC DR EAST",-,OXFORD,AL,35203,CALHOUN,"(205) 682-9996",4,For-Profit,05/25/2005
011632,"ALABAMA HOSPICE OF THE SHOALS","1404 EAST AVALON AVENUE, SUITE C",-,TUSCUMBIA,AL,35674,COLBERT,"(256) 314-1204",4,For-Profit,10/20/2005
011634,"HEARTLITE HOSPICE","401 S. MARKET STREET",-,SCOTTSBORO,AL,35768,JACKSON,"(256) 259-1754",4,Other,11/02/2005
011635,"AVEANNA HOSPICE OF SCOTTSBORO","23730 JOHN T REID PKWY, SUITE A",-,SCOTTSBORO,AL,35768,JACKSON,"(256) 259-0906",4,Other,11/02/2005
011636,COMPASSUS-TROY,"121 SCOUTING CIRCLE","P. O. BOX 965",TROY,AL,36081,PIKE,"(334) 566-4357",4,For-Profit,11/17/2005
011638,"EXPECT CARE HOSPICE","501 RIVERCHASE PARKWAY EAST","SUITE 200",HOOVER,AL,35255,SHELBY,"(205) 444-0126",4,For-Profit,11/02/2005
011642,"SPRINGHILL HOME HEALTH AND HOSPICE","1110 MONTLIMAR DRIVE SUITE 700",-,MOBILE,AL,36609,MOBILE,"(251) 725-1268",4,For-Profit,01/18/2006
011643,"AVEANNA HOSPICE OF CULLMAN","407 4TH AVENUE SW",-,CULLMAN,AL,35055,CULLMAN,"(256) 739-4409",4,Other,01/05/2006
011654,"AVEANNA HOSPICE OF DECATUR","2424 DANVILLE ROAD, SUITE M",-,DECATUR,AL,35603,MORGAN,"(256) 905-0280",4,For-Profit,04/12/2007
011655,"SOUTHERNCARE GREENVILLE","501 E COMMERCE STREET",-,GREENVILLE,AL,36037,BUTLER,"(334) 382-1406",4,Other,04/13/2007
011656,"ACG HOSPICE-ENTERPRISE","201 S MAIN STREET, STE. 1",-,ENTERPRISE,AL,36330,COFFEE,"(334) 897-0650",4,For-Profit,04/11/2007
011657,"ALABAMA HOSPICE CARE OF BIRMINGHAM","5998 DEERFOOT PARKWAY",-,TRUSSVILLE,AL,35173,JEFFERSON,"(205) 228-0600",4,Other,04/12/2007
011660,"OASIS HEALTHCARE - MOODY","3522 VANN RD, STE 104",-,BIRMINGHAM,AL,35235,JEFFERSON,"(205) 640-3303",4,For-Profit,06/29/2007
011661,"COOSA VALLEY HOSPICE","210 WEST SPRING STREET",-,SYLACAUGA,AL,35150,TALLADEGA,"(256) 401-4545",4,Government,07/16/2007
011662,"ACCESS HOSPICE","1706 HWY 78 E",-,JASPER,AL,35501,WALKER,"(205) 385-0200",4,For-Profit,07/12/2007
011663,"SOUTHEAST HOSPICE NETWORK","453 19TH STREET WEST",-,JASPER,AL,35501,WALKER,"(205) 387-2300",4,Other,09/28/2007
011664,"COMPASSUS HOSPICE AND PALLIATIVE CARE-BIRMINGHAM","1900 INTERNATIONAL PARK DRIVE, SUITE 200",-,BIRMINGHAM,AL,35243,JEFFERSON,"(205) 437-8655",4,For-Profit,10/10/2007
011668,"AVEANNA HOSPICE OF GADSDEN","600 BROAD STREET, SUITE 301",-,GADSDEN,AL,35901,ETOWAH,"(256) 547-3050",4,For-Profit,02/21/2008
011669,"AMEDISYS HOSPICE OF FLORENCE","412 SOUTH COURT STREET, SUITE 302",-,FLORENCE,AL,35630,LAUDERDALE,"(256) 760-7877",4,For-Profit,03/24/2014
011670,"ENHABIT HOSPICE RAINBOW CITY","101 CHURCH STREET, SUITE A",-,"RAINBOW CITY",AL,35906,ETOWAH,"(256) 203-8508",4,For-Profit,04/10/2008
011671,"ALABAMA HOSPICE CARE OF EAST ALABAMA","2107 US HWY 78 E, SUITE 4",-,ANNISTON,AL,36201,CALHOUN,"(256) 831-2031",4,For-Profit,06/12/2008
011673,"AVEANNA HOSPICE OF MONTGOMERY","315 SAINT LUKES DRIVE",-,MONTGOMERY,AL,36117,MONTGOMERY,"(334) 514-0244",4,Other,07/23/2008
011674,"GENTIVA HUNTSVILLE","5000 BRADFORD DRIVE NW, SUITE 3A",-,HUNTSVILLE,AL,35805,MADISON,"(256) 837-1290",4,For-Profit,08/28/2008
011675,"GENTIVA BIRMINGHAM","2550 ACTON ROAD, SUITE 110",-,BIRMINGHAM,AL,35243,JEFFERSON,"(205) 870-4340",4,For-Profit,08/27/2008
011676,"AFFINITY HOSPICE MADISON","540 HUGHES RD. SUITE 12",-,MADISON,AL,35758,MADISON,"(256) 772-8108",4,For-Profit,12/10/2008
011677,"ALABAMA HOSPICE CARE OF TUSCALOOSA","94 MCFARLAND BLVD",-,NORTHPORT,AL,35476,TUSCALOOSA,"(205) 633-3705",4,For-Profit,12/30/2008
011678,COMPASSUS-FLORENCE,"507 EAST DR HICKS BOULEVARD",-,FLORENCE,AL,35634,LAUDERDALE,"(256) 757-2414",4,For-Profit,12/30/2008
011680,"ACG HOSPICE -DOTHAN","112 EAST HAVEN DRIVE STE 1",-,DOTHAN,AL,36301,HOUSTON,"(866) 266-5059",4,For-Profit,09/03/2009
011681,"ACG HOSPICE - ANDALUSIA","106 HILCREST DR",-,ANDALUSIA,AL,36420,COVINGTON,"(334) 897-0650",4,For-Profit,06/16/2011
011682,"ENHABIT HOSPICE - HUNTSVILLE","9668 MADISON BLVD, SUITE 335",-,MADISON,AL,35758,MADISON,"(256) 203-8508",4,For-Profit,05/29/2013
011684,"ST JOSEPH HOSPICE OF SOUTH ALABAMA LLC","23 MIDTOWN PARK W, UNIT B",-,MOBILE,AL,36607,MOBILE,"(251) 675-7555",4,For-Profit,10/31/2014
011685,"HOSPICE OF MONROE COUNTY","2016 SOUTH ALABAMA AVENUE",-,MONROEVILLE,AL,36460,MONROE,"(251) 575-3111",4,For-Profit,03/08/2018
011686,"PROHEALTH HOSPICE-GADSDEN","644 WALNUT STREET, SUITE B",-,GADSDEN,AL,35901,ETOWAH,"(256) 494-8170",4,For-Profit,06/26/2018
021500,"ANCORA HOME HEALTH & HOSPICE, LLC","3831 E BLUE LUPINE  STE B",-,WASILLA,AK,99654,MATANUSKA-SUSITNA,"(907) 561-9240",10,For-Profit,11/25/1993
021506,"PROVIDENCE AT HOME WITH COMPASSUS HOSPICE CARE, ANCHORAGE","4001 DALE STREET, SUITE 101",-,ANCHORAGE,AK,99508,ANCHORAGE,"(907) 563-0130",10,Other,03/15/2006
021507,"FAIRBANKS MEMORIAL HOSPITAL HOSPICE SERVICES","1650 COWLES STRET",-,FAIRBANKS,AK,99701,"FAIRBANKS NORTH STAR","(907) 458-3090",10,Non-Profit,01/14/2013
021508,"ENHABIT HOSPICE","101 W BENSON BLVD SUITE 200A",-,ANCHORAGE,AK,99503,ANCHORAGE,"(907) 272-1275",10,For-Profit,11/05/2015
021509,"PEACEHEALTH HOSPICE","212 CARLANNA LAKE RD STE 100",-,KETCHIKAN,AK,99901,KETCHIKAN,"(907) 228-7600",10,,05/03/2023
021510,"BARTLETT HOME HEALTH AND HOSPICE","641 WILLOUGHBY AVENUE SUITE 204",-,JUNEAU,AK,99801,"UNITED STATES",-,10,,12/11/2023
031500,"HOSPICE OF THE VALLEY - CENTRAL","1510 E FLOWER ST",-,PHOENIX,AZ,85014,MARICOPA,"(602) 287-7000",9,Other,11/17/1983
031501,"AMEDISYS HOSPICE","1585 EAST RIVER ROAD, SUITE 201",-,TUCSON,AZ,85718,PIMA,"(520) 205-7700",9,Other,11/01/1983
031502,"NORTHERN ARIZONA HOSPICE","203 SOUTH CANDY LANE, SUITE 2A",-,COTTONWOOD,AZ,86326,YAVAPAI,"(928) 639-6676",9,For-Profit,07/25/1984
031505,"HOSPICE OF THE VALLEY EAST","2020 E WOODSIDE CT",,GILBERT,AZ,85297,MARICOPA,"(480) 730-5980",9,Non-Profit,01/04/1989
031508,"HOSPICE OF YUMA","1824 SOUTH 8TH AVENUE",-,YUMA,AZ,85364,YUMA,"(928) 343-2222",9,Non-Profit,11/17/1989
031512,"NORTHLAND HOSPICE AND PALLIATIVE CARE, INC.","452 NORTH SWITZER CANYON DRIVE",-,FLAGSTAFF,AZ,86001,COCONINO,"(928) 779-1227",9,For-Profit,06/16/1992
031514,"T M C HOSPICE AKA PEPPI'S HOUSE","2715 NORTH WYATT DRIVE",-,TUCSON,AZ,85712,PIMA,"(520) 307-6257",9,Other,07/09/1992
031515,"HOSPICE OF THE VALLEY - WEST (031515)","9435 W PEORIA",-,PEORIA,AZ,85345,MARICOPA,"(623) 583-4848",9,Non-Profit,09/29/1992
031517,"SCOTTSDALE HOSPICE OF THE VALLEY","16117 NORTH 76TH ST",-,SCOTTSDALE,AZ,85260,MARICOPA,"(480) 663-6500",9,Non-Profit,11/10/1992
031519,"GENTIVA II","275 W CONTINENTAL RD STE 195",-,"GREEN VALLEY",AZ,85622,PIMA,"(520) 499-3072",9,For-Profit,06/08/1993
031521,"HOSPICE COMPASSUS-CASA GRANDE","1821 NORTH TREKELL ROAD SUITE 8",-,"CASA GRANDE",AZ,85122,PINAL,"(520) 421-7143",9,For-Profit,04/08/1994
031522,"EDEN HOSPICE","1491 WEST THATCHER BOULEVARD, SUITE 108",-,SAFFORD,AZ,85546,GRAHAM,"(928) 432-6255",9,For-Profit,07/21/1994
031523,"HOSPICE COMPASSUS-PAYSON","511 SOUTH MUD SPRING ROAD, SUITE #1",-,PAYSON,AZ,85541,GILA,"(928) 472-6340",9,For-Profit,07/15/1994
031529,"CASA DE LA PAZ HOSPICE","174 SOUTH CORONADO DRIVE SUITE C",-,"SIERRA VISTA",AZ,85635,COCHISE,"(520) 263-3400",9,For-Profit,02/01/1995
031537,"GENTIVA II","1175 EAST COTTONWOOD LANE SUITE 1",-,"CASA GRANDE",AZ,85122,PINAL,"(480) 461-3144",9,For-Profit,09/28/1996
031543,"HOSPICE OF HAVASU, INC.","232 LONDON BRIDGE RD","BUILDING A","LAKE HAVASU CITY",AZ,86403,MOHAVE,"(928) 453-2111",9,Other,11/19/1997
031547,"CASA DE LA LUZ HOSPICE","7740 NORTH ORACLE ROAD",-,TUCSON,AZ,85704,PIMA,"(337) 233-1307",9,Other,06/14/1999
031550,"HOSPICE COMPASSUS - WHITE MOUNTAIN","1789 WEST COMMERCE DRIVE, SUITE A",-,LAKESIDE,AZ,85929,NAVAJO,"(928) 368-4400",9,For-Profit,06/06/2001
031551,"CHARLES WM. LEIGHTON, JR. HOSPICE, INC.","524 WEST MALEY PLACE",-,WILLCOX,AZ,85643,COCHISE,"(520) 384-5878",9,Other,08/02/2001
031552,"KINGMAN REGIONAL MEDICAL CENTER HOSPICE","2202 STOCKTON HILL ROAD, SUITE 200",-,KINGMAN,AZ,86401,MOHAVE,"(928) 757-0602",9,For-Profit,02/08/2002
031555,"COMPASSUS - PHOENIX","5333 N 7TH ST, STE C123",-,PHOENIX,AZ,85014,MARICOPA,"(417) 841-4834",9,For-Profit,09/02/2004
031556,"THEMA HEALTH SERVICES","1725 EAST OSBORN ROAD SUITE 2",-,PHOENIX,AZ,85016,MARICOPA,"(602) 889-4400",9,For-Profit,12/08/2004
031559,"THE PINES HOSPICE","804 AINSWORTH DRIVE SUITE 102A",-,PRESCOTT,AZ,86301,YAVAPAI,"(928) 632-0111",9,For-Profit,06/16/2005
031560,"HOSPICE COMPASSUS - SEDONA/ FLAGSTAFF","7000 STATE ROUTE 179, SUITE D100",-,SEDONA,AZ,86351,COCONINO,"(928) 284-0180",9,For-Profit,06/15/2005
031562,"AGAPE SOUTH","210 W CONTINENTAL RD STE 220A",-,"GREEN VALLEY",AZ,85718,PIMA,"(520) 615-3996",9,For-Profit,08/09/2005
031563,"AMERICARE HOSPICE AND PALLIATIVE CARE","1212 NORTH SPENCER STREET, SUITE 2",-,MESA,AZ,85203,MARICOPA,"(480) 726-7773",9,For-Profit,09/20/2005
031565,"INFINITY HOSPICE CARE, LLC","8434 EAST SHEA BOULEVARD",-,SCOTTSDALE,AZ,85260,MARICOPA,"(602) 381-0375",9,For-Profit,01/20/2006
031573,"HOSPICE COMPASSUS - YUMA","2320 SOUTH 22ND DRIVE, OFFICE A",-,YUMA,AZ,85364,YUMA,"(928) 344-6100",9,For-Profit,06/14/2007
031577,"SOULISTIC HOSPICE","16-18 CALLE IGLESIA",-,TUBAC,AZ,85646,"SANTA CRUZ","(520) 398-2333",9,Other,10/17/2008
031578,"CASA DE LA LUZ EAST VALLEY","1840 SOUTH STAPLEY DRIVE SUITE 225",-,MESA,AZ,85204,MARICOPA,"(480) 895-5434",9,For-Profit,07/24/2008
031579,"EMBLEM HOSPICE CENTRAL","301 EAST BETHANY HOME ROAD, SUITE C-275",-,PHOENIX,AZ,85012,MARICOPA,"(623) 847-2323",9,For-Profit,09/17/2008
031581,"HOSPICE COMPASSUS - BULLHEAD CITY","2755 SILVER CREEK ROAD, SUITE 211",-,"BULLHEAD CITY",AZ,86442,MOHAVE,"(928) 763-6433",9,For-Profit,11/20/2008
031582,"AVIANT HOSPICE GILA","136 SOUTH BROAD STREET",-,GLOBE,AZ,85501,GILA,"(928) 425-5400",9,For-Profit,03/19/2009
031583,"AVIANT HOSPICE YAVAPAI","1756 EAST VILLA DRIVE, SUITE C17",-,COTTONWOOD,AZ,86326,YAVAPAI,"(928) 634-1073",9,For-Profit,05/12/2009
031584,"GOOD SAMARITAN SOCIETY PRESCOTT HOSPICE","1065 RUTH STREET, SUITE 108-109",-,PRESCOTT,AZ,86301,YAVAPAI,"(928) 778-5655",9,Non-Profit,07/15/2009
031586,"VALOR HOSPICE","1048 EAST FRY BOULEVARD, SUITE E",-,"SIERRA VISTA",AZ,85635,COCHISE,"(520) 458-9450",9,For-Profit,08/14/2009
031588,"FAITH HOSPICE","426 NORTH 44TH STREET, SUITE 405",-,PHOENIX,AZ,85008,MARICOPA,"(602) 476-2047",9,For-Profit,03/24/2010
031591,"AVIANT HOSPICE PHOENIX","890 WEST ELLIOT ROAD SUITE 101 OFFICE 110",-,GILBERT,AZ,85233,MARICOPA,"(480) 398-2411",9,For-Profit,08/20/2010
031592,"HOSPICE OF THE WEST","21410 N 19TH AVE","SUITE 100",PHOENIX,AZ,85027,MARICOPA,"(602) 343-6422",9,For-Profit,10/31/2010
031593,"ARISTA HOSPICE","1636 NORTH SWAN, SUITE 250",-,TUCSON,AZ,85712,PIMA,"(520) 333-0333",9,For-Profit,12/14/2010
031594,"ZION'S WAY HOSPICE","43 6TH AVENUE",-,PAGE,AZ,86040,COCONINO,"(435) 688-0648",9,For-Profit,01/17/2011
031595,"EMBLEM HOSPICE","1400 E SOUTHERN AVENUE, SUITE 1010-B",-,TEMPE,AZ,85282,MARICOPA,"(480) 444-7800",9,For-Profit,02/07/2011
031598,"CHOICE HOSPICE","2111 EAST HIGHLAND AVENUE, SUITE B-425",-,PHOENIX,AZ,85016,MARICOPA,"(602) 795-9705",9,For-Profit,08/05/2011
031599,"ARIA HOSPICE COMFORT CARE","7225 NORTH MONA LISA ROAD, SUITE 101",-,TUCSON,AZ,85741,PIMA,"(520) 547-7000",9,Other,10/14/2011
031600,"SUMMIT HOSPICE","7310 NORTH 16TH STREET, SUITE 100A",-,PHOENIX,AZ,85020,MARICOPA,"(602) 535-8255",9,For-Profit,10/14/2011
031601,"TRADITIONS HEALTH","5355 WEST CHANDLER BOULEVARD","SUITE 3A",CHANDLER,AZ,85226,MARICOPA,"(480) 246-3560",9,Non-Profit,07/07/2011
031602,"SAGE HOSPICE AND PALLIATIVE CARE","5111 NORTH SCOTTSDALE ROAD SUITE 204",-,SCOTTSDALE,AZ,85250,MARICOPA,"(480) 777-5117",9,For-Profit,11/28/2011
031605,"BRISTOL HOSPICE - TUCSON","5210 E WILLIAMS CIRCLE STE 530",-,TUCSON,AZ,85711,PIMA,"(520) 300-9337",9,For-Profit,06/12/2012
031606,"TRADITIONS HEALTH","7975 NORTH HAYDEN ROAD, SUITE A-203",-,SCOTTSDALE,AZ,85258,MARICOPA,"(480) 745-3015",9,Other,07/30/2012
031607,"BEACON OF HOPE HOSPICE","1760 MCCULLOCH BOULEVARD NORTH, SUITE 204",-,"LAKE HAVASU",AZ,86403,MOHAVE,"(928) 854-4200",9,For-Profit,09/17/2012
031609,"QUALITY HOSPICE CARE, INC.","3085 N WINDSONG DRIVE, SUITE B",-,"PRESCOTT VALLEY",AZ,86314,YAVAPAI,"(480) 588-8200",9,For-Profit,08/20/2012
031610,"BEACON OF HOPE HOSPICE","3550 NORTH LANE, SUITES 102,104,106 &108",-,"BULLHEAD CITY",AZ,86442,MOHAVE,"(928) 854-4200",9,For-Profit,09/14/2012
031611,"LIVING WATERS HOSPICE, LLC","3711 WEST HIGHWAY 68",-,"GOLDEN VALLEY",AZ,86413,MOHAVE,"(928) 565-9000",9,Other,11/28/2012
031613,"AEGIS HOSPICE, INC.","7227 E BASELINE ROAD SUITE 129",-,MESA,AZ,85209,MARICOPA,"(480) 219-4790",9,For-Profit,02/06/2013
031614,"AGAPE HOSPICE & PALLIATIVE CARE","4400 EAST BROADWAY BOULEVARD, SUITE 400",-,TUCSON,AZ,85711,PIMA,"(520) 207-5817",9,For-Profit,03/06/2013
031616,"PILLARS HOSPICE CARE, LLC","10221 NORTH 32ND STREET, SUITE H",-,PHOENIX,AZ,85028,MARICOPA,"(602) 788-1138",9,For-Profit,05/27/2013
031622,"ACCORD HOSPICE OF THE WHITE MOUNTAINS, LLC","5300 SOUTH SUTTER DRIVE, BUILDING C",-,"SHOW LOW",AZ,85901,NAVAJO,"(928) 271-8013",9,For-Profit,11/16/2013
031623,"HOSPICE AT HOME OF ARIZONA, LLC","2500 SOUTH POWER ROAD, BUILDING 1, SUITE 125A",-,MESA,AZ,85209,MARICOPA,"(480) 478-0643",9,For-Profit,01/07/2014
031624,"EMBLEM HOSPICE TUCSON","1880 E. RIVER RD","SUITE 210",TUCSON,AZ,85718,PIMA,"(520) 297-1460",9,For-Profit,02/04/2014
031625,"MAGGIE'S HOSPICE, LLC","801 MILLER VALLEY ROAD",-,PRESCOTT,AZ,86301,YAVAPAI,"(928) 775-2290",9,For-Profit,03/11/2014
031626,"OSHYN HOSPICE AND PALLIATIVE CARE","1870 WEST PRINCE ROAD, SUITE 37",-,TUCSON,AZ,85705,PIMA,"(520) 795-3535",9,Other,02/28/2014
031627,"ARIZONA BEST HOSPICE, LLC","11468 N. FRONTAGE RD",-,YUMA,AZ,85367,YUMA,"(928) 783-0705",9,For-Profit,04/20/2006
031628,"ENHABIT HOSPICE","1635 NORTH GREENFIELD ROAD, SUITE 126",-,MESA,AZ,85205,MARICOPA,"(480) 407-4597",9,For-Profit,07/15/2014
031630,"HOSPICE PROMISE, LLC","17235 N 75TH AVE STE E175",-,GLENDALE,AZ,85308,MARICOPA,"(623) 209-7003",9,For-Profit,09/29/2014
031631,"WINGS OF HOPE HOSPICE AND PALLIATIVE CARE, INC.","11022 NORTH 28TH DRIVE, SUITE 205",-,PHOENIX,AZ,85029,MARICOPA,"(602) 971-0304",9,For-Profit,11/24/2014
031633,"HOSPICE OF PAYSON, LLC","900 NORTH BEELINE HIGHWAY, SUITE B",-,PAYSON,AZ,85541,GILA,"(928) 474-2415",9,For-Profit,12/15/2014
031634,"BILLET HOSPICE INC- PEORIA","6718 WEST GREENWAY ROAD, SUITE 205",-,PEORIA,AZ,85381,MARICOPA,"(833) 224-5538",9,For-Profit,02/25/2015
031635,"INTEGRITY HOSPICE CARE, LLC","6877 SOUTH KINGS RANCH ROAD, SUITE 1",-,"GOLD CANYON",AZ,85118,PINAL,"(480) 426-0255",9,For-Profit,03/03/2015
031636,"RIVER VALLEY HOSPICE","3954 FRONTAGE RD.","SUITE D, E & F","BULLHEAD CITY",AZ,86442,MOHAVE,"(928) 683-4041",9,For-Profit,03/11/2015
031639,"RIVER VALLEY HOSPICE","1317 SOUTH JOSHUA AVENUE, SUITE P",-,PARKER,AZ,85344,"LA PAZ","(928) 683-4041",9,For-Profit,08/27/2015
031640,"CELEBRITY HOME HEALTH & HOSPICE","2510 SOUTH RURAL ROAD, SUITE 101",-,TEMPE,AZ,85282,MARICOPA,"(480) 966-8888",9,For-Profit,05/04/2015
031642,"DESERT HARMONY HOSPICE OF TUCSON","310 S WILLIAMS BLVD STE 210",-,TUCSON,AZ,85711,PIMA,"(520) 284-9334",9,For-Profit,03/24/2015
031643,"SHANTI HOSPICE, LLC","3180 NORTH ALMA SCHOOL ROAD","SUITE 2",CHANDLER,AZ,85224,MARICOPA,"(480) 788-7284",9,Other,12/02/2015
031645,"ARIZONA CARE HOSPICE","12035 NORTH SAGUARO BOULEVARD, SUITE 101",-,"FOUNTAIN HILLS",AZ,85268,MARICOPA,"(480) 588-8200",9,For-Profit,01/10/2016
031646,"SOLACE HOSPICE, LLC","16841 NORTH 31ST AVENUE, SUITE 161",-,PHOENIX,AZ,85053,MARICOPA,"(602) 888-7037",9,For-Profit,02/18/2016
031649,"DIVINE HOSPICE AND PALLIATIVE CARE, LLC","18185 N 83RD AVE SUITE 203",-,GLENDALE,AZ,85308,MARICOPA,"(623) 566-7995",9,Other,05/20/2016
031650,"BILLET HOSPICE INC- BULLHEAD CITY","1954 AZ-95, SUITE 2B",-,"BULLHEAD CITY",AZ,86442,MOHAVE,"(844) 824-3577",9,For-Profit,09/06/2016
031651,"SAVIOR HOSPICE","4530 EAST SHEA BOULEVARD, SUITE 160",-,PHOENIX,AZ,85028,MARICOPA,"(480) 320-4733",9,For-Profit,09/22/2016
031652,"NEW BEGINNING HOSPICE AND PALLIATIVE CARE, LLC","18001 NORTH 79TH AVENUE, SUITE A-6",-,GLENDALE,AZ,85308,MARICOPA,"(623) 312-6271",9,Other,08/25/2016
031654,"SUNCREST HOSPICE PHOENIX, LLC","4650 EAST COTTON CENTER BOULEVARD, SUITE 250",-,PHOENIX,AZ,85040,MARICOPA,"(602) 633-1828",9,For-Profit,10/17/2016
031655,"HOSPICE OF HOPE, LLC","17505 NORTH 79TH AVENUE, SUITE 313",-,GLENDALE,AZ,85308,MARICOPA,"(623) 399-6910",9,For-Profit,06/16/2016
031656,"ADVISACARE HOSPICE, LLC","1757 EAST BASELINE ROAD, SUITE 106",-,GILBERT,AZ,85233,MARICOPA,"(480) 284-4600",9,Other,10/08/2016
031658,"ASSISTED HOSPICE CARE","1420 EAST MISSOURI AVENUE, SUITE 103",-,PHOENIX,AZ,85014,MARICOPA,"(480) 860-2345",9,For-Profit,12/16/2016
031659,"TRADITIONS HEALTH","4732 NORTH ORACLE ROAD, SUITE 115",-,TUCSON,AZ,85705,PIMA,"(979) 704-6547",9,For-Profit,04/27/2017
031661,"EMBLEM HOSPICE WEST","301 E BETHANY HOME ROAD SUITE C-292",-,PHOENIX,AZ,85012,MARICOPA,"(623) 322-8686",9,For-Profit,06/03/2017
031662,"ZEPHYR HOSPICE","14040 NORTH CAVE CREEK ROAD, SUITE 308",-,PHOENIX,AZ,85022,MARICOPA,"(480) 584-4373",9,For-Profit,03/01/2017
031665,"AMERICAN PREMIER HOSPICE, LLC","11070 N 24TH AVENUE, SUITE 200",-,PHOENIX,AZ,85029,MARICOPA,"(602) 795-9480",9,For-Profit,08/09/2017
031667,"ETERNITY HOSPICE & PALLIATIVE CARE","4140 NORTH 108TH AVENUE, SUITE 101A",-,PHOENIX,AZ,85037,MARICOPA,"(602) 374-6878",9,Other,06/26/2017
031669,"SOUTHWESTERN PALLIATIVE CARE AND HOSPICE","1950 WEST 3RD STREET SUITE B",-,YUMA,AZ,85364,YUMA,"(928) 276-4477",9,For-Profit,08/11/2017
031670,"ALECA HOSPICE","8502 EAST PRINCESS DRIVE, SUITE 200",-,SCOTTSDALE,AZ,85255,MARICOPA,"(480) 748-4300",9,Other,09/11/2017
031671,"HOLY CROSS HOSPICE","1103 S MESA DR",-,MESA,AZ,85210,MARICOPA,"(480) 718-5678",9,For-Profit,06/16/2017
031672,"BRIDGES HEALTH SERVICES, INC","1301 EAST MCDOWELL ROAD, SUITE 201A",-,PHOENIX,AZ,85006,MARICOPA,"(602) 995-6956",9,For-Profit,09/21/2017
031673,"HOSPICE OF AMERICA, LLC","1837 SOUTH MESA DRIVE, SUITE C200",-,MESA,AZ,85210,MARICOPA,"(480) 219-8259",9,For-Profit,10/11/2017
031674,"CHOICE HOSPICE","1280 SOUTH 20TH AVE SUITE B",-,SAFFORD,AZ,85546,GRAHAM,"(520) 827-4488",9,For-Profit,10/25/2017
031675,"DIGNITY HOSPICE","1 WEST DEER VALLEY ROAD, STE 101",-,PHOENIX,AZ,85027,MARICOPA,"(602) 402-6619",9,Other,12/17/2017
031676,"ACCORD HOSPICE OF SEDONA VALLEY, LLC","2155 WEST STATE ROUTE 89A, SUITE 206",-,SEDONA,AZ,86336,COCONINO,"(928) 278-4134",9,For-Profit,10/12/2017
031678,"AGAPE HOSPICE PINAL COUNTY","580 NORTH CAMINO MERCADO SUITE 3 & 4",-,"CASA GRANDE",AZ,85122,PINAL,"(520) 413-0954",9,For-Profit,02/01/2018
031679,"OMEGALIFE HOSPICE OF ARIZONA, INC","10000 NORTH 31ST AVENUE, SUITE D301",-,PHOENIX,AZ,85051,MARICOPA,"(602) 606-8898",9,For-Profit,03/25/2018
031680,"FAMILY CARE HOSPICE","2580 HIGHWAY 95, SUITE 201",-,"BULLHEAD CITY",AZ,86442,MOHAVE,"(928) 299-5100",9,For-Profit,05/02/2018
031681,"ANTHEM HOSPICE CARE","1840 EAST UNIVERSITY DRIVE SUITE 1A",-,MESA,AZ,85203,MARICOPA,"(480) 588-5777",9,For-Profit,03/02/2018
031682,"AHC HOME HEALTH OF ARIZONA, LLC","2045 SOUTH VINEYARD, SUITE 127",-,MESA,AZ,85210,MARICOPA,"(949) 322-7853",9,For-Profit,12/30/2017
031685,"UPLIFT HOSPICE","7272 EAST INDIAN SCHOOL ROAD SUITE 480",-,SCOTTSDALE,AZ,85251,MARICOPA,"(480) 350-7554",9,For-Profit,11/30/2018
031687,"AZ SUNSET HOSPICE","4045 EAST UNION HILLS DRIVE, SUITE #104",-,PHOENIX,AZ,85050,MARICOPA,"(480) 544-9334",9,For-Profit,01/21/2019
031688,"ROYAL HOSPICE CARE LLC","14809 NORTH 73RD STREET, SUITE 202",-,SCOTTSDALE,AZ,85260,MARICOPA,"(480) 626-8242",9,Other,02/08/2019
031689,"MOUNTAIN VIEW HOSPICE, LLC","8263 WEST THUNDERBIRD ROAD, SUITE 120",-,PEORIA,AZ,85381,MARICOPA,"(623) 230-3698",9,Other,03/04/2019
031690,"ACACIA HOSPICE CARE, INC","107 EAST 24TH STREET",-,YUMA,AZ,85364,YUMA,"(623) 329-2676",9,For-Profit,04/17/2019
031692,"DEPENDABLE HOSPICE AND PALLIATIVE CARE, LLC","5255 EAST WILLIAMS CIRCLE, SUITE 4020",-,TUCSON,AZ,85711,PIMA,"(520) 901-5200",9,For-Profit,05/08/2019
031693,"LAVENDER HOSPICE","20815 NORTH 25TH PLACE, SUITE A106",-,PHOENIX,AZ,85050,MARICOPA,"(602) 283-3663",9,Other,03/19/2019
031694,"WHITE ROSE HOSPICE","4131 NORTH 24TH ST SUITE A116",-,PHOENIX,AZ,85016,MARICOPA,"(602) 354-7887",9,For-Profit,07/02/2019
031695,"HAVEN HOSPICE","15551 NORTH GREENWAY HAYDEN LOOP #155",-,SCOTTSDALE,AZ,85260,MARICOPA,"(941) 257-4285",9,For-Profit,07/11/2019
031696,"DESERT VALLEY HOSPICE LLC","20045 NORTH 19TH AVENUE, BUILDING 9 SUITE 162",-,PHOENIX,AZ,85027,MARICOPA,"(602) 999-0960",9,For-Profit,06/21/2019
031698,"ASTRA HOSPICE CARE","3420 EAST SHEA BOULEVARD SUITE 200 - 215",-,PHOENIX,AZ,85028,MARICOPA,"(480) 645-9660",9,For-Profit,08/29/2019
031699,"STILLWATER HOSPICE","22601 N 19TH AVE, STE 230",-,PHOENIX,AZ,85027,MARICOPA,"(602) 567-9953",9,For-Profit,11/26/2019
031700,"AZ HOSPICE CARE INC","1825 EAST NORTHERN AVENUE, SUITE 100",-,PHOENIX,AZ,85020,MARICOPA,"(480) 645-9640",9,For-Profit,09/09/2019
031701,"BLUE SKY HOSPICE, INC","8035 EAST BROWN ROAD, SUITE 200",-,MESA,AZ,85207,MARICOPA,"(480) 389-2484",9,For-Profit,12/18/2019
031702,"NOBLE HOSPICE AND PALLIATIVE CARE","2222 SOUTH DOBSON ROAD #1004",-,MESA,AZ,85202,MARICOPA,"(480) 868-2845",9,For-Profit,01/16/2020
031703,"GOLDEN CARE HOSPICE, LLC","2432 WEST PEORIA AVENUE SUITE 1073A",-,PHOENIX,AZ,85029,MARICOPA,"(602) 491-0411",9,For-Profit,02/06/2020
031704,"CHARTER HEALTHCARE OF TUCSON, LLC","6400 EAST GRANT ROAD, SUITE 150",-,TUCSON,AZ,85715,PIMA,"(520) 476-3611",9,For-Profit,02/15/2020
031705,"HAVEN HOSPICE","6375 EAST TANQUE VERDE ROAD SUITE 160",-,TUCSON,AZ,85715,PIMA,"(520) 363-2585",9,For-Profit,09/19/2019
031706,"ELEVATE HOSPICE AND PALLIATIVE CARE LLC","7010 EAST ACOMA DRIVE, SUITE 101E",-,SCOTTSDALE,AZ,85254,MARICOPA,"(480) 800-4816",9,For-Profit,12/02/2019
031708,"PRISM HOSPICE","401 NORTH ALMA SCHOOL ROAD, SUITE 3",-,CHANDLER,AZ,85225,MARICOPA,"(480) 246-9242",9,For-Profit,03/11/2020
031709,"UNITED HOSPICE & PALLIATIVE CARE OF ARIZONA","2222 WEST PARKSIDE LANE #109",-,PHOENIX,AZ,85027,MARICOPA,"(602) 296-4717",9,Other,05/08/2020
031710,"ALWAYS PRESENT HOSPICE","1400 NORTH GILBERT ROAD, SUITE P",-,GILBERT,AZ,85234,MARICOPA,"(480) 907-9737",9,For-Profit,06/12/2020
031711,"CANYON HOME CARE & HOSPICE","10150 W DESERT RIVER BLVD","STE A-150",GLENDALE,AZ,85307,MARICOPA,"(602) 314-6246",9,For-Profit,04/16/2020
031713,"AZORNA HOSPICE AND PALLIATIVE CARE","2919 SOUTH ELLSWORTH ROAD, SUITE 129",-,MESA,AZ,85212,MARICOPA,"(480) 637-4100",9,For-Profit,09/22/2020
031714,"VALLEY CARE HOSPICE, INC","2577 W QUEEN CREEK RD STE 200B",-,CHANDLER,AZ,85248,PINAL,"(480) 359-3998",9,For-Profit,09/14/2020
031716,"CHOICE HOSPICE OF ARIZONA","5055 E BROADWAY BLVD","SUITE C215",TUCSON,AZ,85711,PIMA,"(602) 795-9705",9,For-Profit,10/01/2020
031721,"ELEMENTS OF ELDER CARE LLC","2990 EAST NORTHERN AVENUE #C103",-,PHOENIX,AZ,85028,MARICOPA,"(602) 641-9505",9,For-Profit,10/15/2020
031723,"ARIZONA LIFE HOSPICE - MOHAVE","5225 HIGHWAY 95, SUITE 7",-,"FORT MOHAVE",AZ,86426,MOHAVE,"(480) 888-5609",9,For-Profit,01/13/2021
031724,"ARIZONA LIFE HOSPICE - YAVAPAI","3177 CLEARWATER DRIVE, SUITE B",-,PRESCOTT,AZ,86305,YAVAPAI,"(480) 888-5609",9,For-Profit,01/26/2021
031727,"ASSISTEO NORTH HOSPICE, LLC","919 12TH PLACE SUITE 6",-,PRESCOTT,AZ,86305,YAVAPAI,"(928) 277-1345",9,For-Profit,01/22/2021
031728,"ARIZONA LIFE HOSPICE","4824 E BASELINE RD","SUITE 133",MESA,AZ,85206,MARICOPA,"(480) 708-0829",9,For-Profit,03/21/2021
031729,"VITAL HOSPICE CARE INC","18185 N 83RD AVE STE 206",-,GLENDALE,AZ,85308,MARICOPA,"(480) 631-4777",9,For-Profit,03/19/2021
031731,"BLISS HOSPICE LLC","2550 WEST UNION HILLS DRIVE #350 - OFFICE 366",-,PHOENIX,AZ,85027,MARICOPA,"(602) 492-1643",9,For-Profit,04/15/2021
031732,"PASSION HOSPICE","2550 WEST UNION HILLS DRIVE, SUITE 350 OFFICE #317",-,PHOENIX,AZ,85027,MARICOPA,"(480) 485-8000",9,For-Profit,02/05/2021
031733,"UNICARE HOSPICE INC","105 W. 16TH ST, STE A",-,YUMA,AZ,85364,YUMA,"(928) 248-4110",9,For-Profit,12/07/2020
031734,"ABILITY HOSPICE","4710 E FALCON DR STE 201",-,MESA,AZ,85215,MARICOPA,"(480) 447-9049",9,For-Profit,03/25/2021
031735,"VICTORY HOSPICE, LLC","10210 N 32ND ST, SUITE C202-C",-,PHOENIX,AZ,85028,MARICOPA,"(623) 256-8098",9,For-Profit,03/21/2021
031738,"ARCH HOSPICE, LLC","10210 N. 32ND STREET STE C202",-,PHOENIX,AZ,85028,MARICOPA,"(480) 229-8298",9,For-Profit,03/21/2021
031740,"ADVISACARE HOSPICE OF SOUTHERN ARIZONA","3497 NORTH CAMPBELL AVENUE SUITE 701",-,TUCSON,AZ,85719,PIMA,"(520) 372-4365",9,For-Profit,07/08/2021
031741,"AFFINITY HOSPICE CARE INC","4400 EAST BROADWAY BOULEVARD, SUITE 600- Q",-,TUCSON,AZ,85711,PIMA,"(520) 230-1220",9,For-Profit,07/07/2021
031742,"CATALINA HOSPICE PLLC","3980 N CAMPBELL AVE",-,TUCSON,AZ,85719,PIMA,"(520) 999-5903",9,For-Profit,08/23/2021
031744,"NANA HOPE HOSPICE","1620 NORTH 48TH STREET, SUITE 101",-,PHOENIX,AZ,85008,MARICOPA,"(480) 352-1667",9,For-Profit,05/05/2021
031745,"G AND S HOSPICE INC","1 SOUTH CHURCH AVENUE, SUITE 1200",-,TUCSON,AZ,85701,PIMA,"(520) 416-6637",9,For-Profit,07/14/2021
031746,"SERENITY HOSPICE","5059 S LAKEWOOD RD",-,"FORT MOHAVE",AZ,86426,MARICOPA,"(928) 788-0027",9,For-Profit,08/27/2021
031747,"A AND B HOSPICE INC","3275 WEST INA ROAD, SUITE 115",-,TUCSON,AZ,85741,PIMA,"(480) 696-8726",9,For-Profit,09/03/2021
031748,"IN MY HOME HOSPICE CARE","1204 EAST BASELINE ROAD, SUITE 101",-,TEMPE,AZ,85283,MARICOPA,"(480) 590-6556",9,For-Profit,04/17/2021
031749,"D'AMORE HOSPICE, LLC","10000 NORTH 31ST AVENUE, SUITE C300",-,PHOENIX,AZ,85051,MARICOPA,"(602) 612-4111",9,For-Profit,08/12/2021
031750,"HOSPICE OF PHOENIX INC","16165 NORTH 83RD AVENUE, SUITE 205",-,PEORIA,AZ,85382,MARICOPA,"(602) 675-9090",9,For-Profit,09/15/2021
031751,"ARIZONA AMERICAN HOSPICE, LLC","3101 N CENTRAL AVE, SUITE 770",-,PHOENIX,AZ,85012,MARICOPA,"(480) 500-8544",9,For-Profit,08/30/2021
031752,"APOLLO HOSPICE INC","14631 NORTH CAVE CREEK RD, STE 104",-,PHOENIX,AZ,85022,MARICOPA,"(818) 851-6060",9,For-Profit,09/22/2021
031755,"ALL CARE HOSPICE INC","8712 E VISTA BONITA DRIVE UNIT 200",-,SCOTTSDALE,AZ,85255,MARICOPA,"(480) 582-4110",9,For-Profit,09/29/2021
031757,"SUN HOSPICE INC","21501 NORTH 78TH AVENUE SUITE 100 OFFICE 109",-,PEORIA,AZ,85382,MARICOPA,"(623) 248-1121",9,For-Profit,11/30/2021
031758,"ANGELS CARE HOSPICE","1000 WILLOW CREEK ROAD, SUITE B",-,PRESCOTT,AZ,86301,YAVAPAI,"(928) 379-2887",9,For-Profit,08/24/2021
031759,"EMPEROR HOSPICE OF ARIZONA, INC","1839 S ALMA SCHOOL ROAD SUITE 275",-,MESA,AZ,85210,MARICOPA,"(602) 609-2555",9,For-Profit,10/14/2021
031761,"REMEDY HOSPICE CARE INC","1555 EAST UNIVERSITY DRIVE SUITE 1",-,MESA,AZ,85203,MARICOPA,"(480) 213-7845",9,For-Profit,01/21/2022
031762,"AZUL HOSPICE & PALLIATIVE CARE","16767 NORTH PERIMETER DRIVE SUITE 240",-,SCOTTSDALE,AZ,85260,MARICOPA,"(602) 818-0021",9,For-Profit,01/19/2022
031764,"ANGELS TOUCH HOSPICE CARE INC","1940 E THUNDERBIRD RD STE 101",-,PHOENIX,AZ,85022,MARICOPA,"(602) 327-4386",9,For-Profit,01/27/2022
031765,"SAVIOR HOSPICE","14780 W MOUNTAIN VIEW BLVD STE 206",-,SURPRISE,AZ,85374,MARICOPA,"(605) 210-1254",9,For-Profit,01/18/2022
031766,"A TLC HOSPICE LLC","3960 EAST RIGGS RD, UNIT 3",-,CHANDLER,AZ,85249,MARICOPA,"(480) 687-2892",9,For-Profit,12/09/2021
031769,"ASPEN HOSPICE","17505 NORTH 79TH AVENUE, SUITE 108",-,GLENDALE,AZ,85308,MARICOPA,"(602) 609-6777",9,For-Profit,12/21/2021
031770,"EDEN HOSPICE CARE INC","1129 IRON SPRINGS ROAD SUITE 109",-,PRESCOTT,AZ,86305,YAVAPAI,"(928) 482-2490",9,For-Profit,12/01/2021
031771,"TRUE NORTH HOSPICE","2432 WEST PEORIA AVENUE, SUITE 1201",-,PHOENIX,AZ,85029,MARICOPA,"(602) 246-5096",9,For-Profit,12/03/2021
031773,"GOOD SAMARITAN HOSPICE","10000 NORTH 31ST AVENUE, SUITE D307A",-,PHOENIX,AZ,85051,MARICOPA,"(602) 612-2251",9,Other,02/23/2022
031774,"LEGACY HOSPICE","13207 E STATE ROUTE 169 STE B-2",-,DEWEY,AZ,86327,YAVAPAI,"(928) 460-5223",9,Other,12/22/2021
031775,"GRACE HOSPICE AND PALLIATIVE CARE LLC","2675 NORTH WYATT DRIVE",-,TUCSON,AZ,85712,PIMA,"(520) 496-4164",9,For-Profit,02/11/2022
031777,"BILLET HOSPICE, INC - PHOENIX","5540 WEST GLENDALE AVE SUITE C205",-,GLENDALE,AZ,85301,MARICOPA,"(833) 224-5538",9,For-Profit,03/15/2022
031779,"CARING HANDS PALLIATIVE AND HOSPICE CARE, INC","10000 N 31ST AVE SUITE D119",-,PHOENIX,AZ,85051,MARICOPA,"(602) 742-0370",9,For-Profit,02/11/2022
031780,"ST RITA HOSPICE INC","13201 NORTH 35TH AVENUE, SUITE B7-D",-,PHOENIX,AZ,85020,MARICOPA,"(602) 922-0266",9,For-Profit,03/16/2022
031781,"CANYON HOSPICE","3003 HIGHWAY 95 SUITE 21",-,"BULLHEAD CITY",AZ,86442,MOHAVE,"(928) 605-4009",9,For-Profit,11/20/2003
031783,"GOLDEN YEAR HOSPICE CARE INC","2550 WEST UNION HILLS DRIVE, SUITE 350 OFFICE 370",-,PHOENIX,AZ,85027,MARICOPA,"(602) 834-0167",9,For-Profit,04/15/2022
031784,"RUBY HOSPICE CARE INC","4150 WEST PEORIA AVENUE, SUITE B113 B",-,PHOENIX,AZ,85029,MARICOPA,"(602) 887-3105",9,For-Profit,05/02/2022
031786,"HOSPICE OF STARS INC","10000 N 31ST AVENUE SUITE C202",-,PHOENIX,AZ,85051,MARICOPA,"(602) 732-7355",9,For-Profit,04/07/2022
031789,"BRIGHT LIFE CARE HOSPICE LLC","10000 N 31ST AVE SUITE C216",-,PHOENIX,AZ,85051,MARICOPA,"(602) 607-5017",9,For-Profit,04/18/2022
031790,"AURORA HOSPICE LLC","1930 SOUTH ALMA SCHOOL ROAD, SUITE D201",-,MESA,AZ,85210,MARICOPA,"(480) 564-1058",9,For-Profit,03/02/2022
031791,"BEST SUPPORT HOSPICE INC","4150 W PEORIA AVE SUITE B130-D",-,PHOENIX,AZ,85029,MARICOPA,"(602) 960-6027",9,For-Profit,05/03/2022
031792,"GOOD SHEPHERD HOSPICE CARE INC","4150 WEST PEORIA AVENUE, SUITE B 116-F",-,PHOENIX,AZ,85029,MARICOPA,"(480) 712-0700",9,For-Profit,04/06/2022
031793,"HOSPICE AT HEART TO HEART INC","13231 NORTH 35TH AVENUE, # A10 E",-,PHOENIX,AZ,85029,MARICOPA,"(480) 808-8885",9,For-Profit,03/15/2022
031794,"AZ BEST HOSPICE CARE, INC","4425 E AGAVE RD BLDG 4, UNIT 120",-,PHOENIX,AZ,85044,MARICOPA,"(480) 790-5280",9,For-Profit,01/27/2022
031795,"SYNERGY HOSPICE SERVICE INC","2432 W PEORIA AVE STE 1343",-,PHOENIX,AZ,85029,MARICOPA,"(602) 960-6030",9,For-Profit,04/13/2022
031796,"SAPPHIRE HOSPICE","3377 SOUTH PRICE ROAD, SUITE 3060",-,CHANDLER,AZ,85248,MARICOPA,"(480) 347-9866",9,For-Profit,03/25/2022
031797,"LILYCARE OF ARIZONA LLC","14800 WEST MOUNTAIN VIEW BLVD",-,SURPRISE,AZ,85374,MARICOPA,"(480) 757-9758",9,For-Profit,04/19/2022
031798,"TRIFINITY HOSPICE INC","11811 NORTH TATUM BLVD, SUITE 3031 OFFICE 54",-,PHOENIX,AZ,85028,MARICOPA,"(818) 470-6457",9,For-Profit,05/18/2022
031799,"BELIEF HOSPICE","1930 SOUTH ALMA SCHOOL RD, SUITE C-104",-,MESA,AZ,85210,MARICOPA,"(480) 845-8088",9,For-Profit,09/20/2003
041500,"WASHINGTON REGIONAL HOSPICE","325 E LONGVIEW",-,FAYETTEVILLE,AR,72703,WASHINGTON,"(479) 463-7385",6,Non-Profit,01/22/1985
041501,"HOSPICE OF THE OZARKS","811 BURNETT DRIVE",-,"MOUNTAIN HOME",AR,72653,BAXTER,"(870) 508-1771",6,Non-Profit,03/13/1985
041502,"AREA AGENCY ON AGING OF WESTERN ARKANSAS INC","3600 WHEELER AVE STE 2",-,"FORT SMITH",AR,72901,SEBASTIAN,"(479) 783-5550",6,Non-Profit,01/24/1986
041503,"OUACHITA COUNTY MEDICAL CENTER HOSPICE","726 CALIFORNIA AVENUE SW",-,CAMDEN,AR,71701,OUACHITA,"(870) 836-1301",6,Non-Profit,11/26/1986
041504,"MERCY HOSPICE","6801 ROGERS AVE.",-,"FORT SMITH",AR,72903,SEBASTIAN,"(479) 314-1150",6,Non-Profit,02/27/1987
041507,"ELITE HOSPICE","4200 N WASHINGTON ST, SUITE 2",-,"FORREST CITY",AR,72335,"ST. FRANCIS","(870) 633-4613",6,For-Profit,07/21/1988
041509,"AREA AGENCY ON AGING OF WESTERN ARKANSAS, INC.","333 SOUTH 1ST STREET",-,PARIS,AR,72855,LOGAN,"(479) 943-6868",6,Non-Profit,11/23/1988
041510,GENTIVA,"915 NORTH WASHINGTON STREET, STE B-1",-,"FORREST CITY",AR,72335,"ST. FRANCIS","(870) 494-8067",6,For-Profit,02/23/1989
041511,"ELITE HOSPICE","135 AMITY ROAD, SUITE A",-,"HOT SPRINGS",AR,71913,GARLAND,"(501) 623-2076",6,For-Profit,05/24/1989
041512,"ST BERNARDS REGIONAL MED CTR H","1726 MARIE CIRCLE",-,JONESBORO,AR,72401,CRAIGHEAD,"(870) 972-4507",6,Non-Profit,06/16/1989
041515,"VISITING NURSES AGENCY OF WESTERN ARKANSAS INC","600 SEVENTH STREET",-,MENA,AR,71953,POLK,"(479) 394-5458",6,Non-Profit,10/26/1989
041518,"LIFETOUCH HEALTH HOSPICE CARE","222 JOHN BABISH LANE",-,RUSSELLVILLE,AR,72801,POPE,"(479) 498-2050",6,Other,05/02/1991
041519,"HOSPICE HOME CARE OF PINE BLUFF PLLC","7197 SHERIDAN ROAD","SUITE 113","WHITE HALL",AR,71602,JEFFERSON,"(870) 540-0727",6,For-Profit,05/09/1991
041520,"BAPTIST HEALTH HOSPICE LITTLE ROCK","11900 COLONEL GLENN RD, SUITE 2300",-,"LITTLE ROCK",AR,72210,PULASKI,"(501) 202-7474",6,Non-Profit,09/24/1991
041521,"ELITE HOSPICE","3024 RED WOLF BLVD STE 8",-,JONESBORO,AR,72401,CRAIGHEAD,"(870) 277-4029",6,For-Profit,10/01/1991
041522,"ARKANSAS HOSPICE, INC","403 W OAK STREET STE. 201",-,"EL DORADO",AR,71753,UNION,"(501) 748-3333",6,Non-Profit,11/12/1991
041523,"HOSPICE HOME CARE OF MONTICELLO","989 HWY 425 NORTH",-,MONTICELLO,AR,71655,DREW,"(870) 367-9008",6,For-Profit,02/05/1992
041524,"HOSPICE HOME CARE LLC","2200 SOUTH BOWMAN ROAD","STE C","LITTLE ROCK",AR,72211,PULASKI,"(501) 296-9043",6,For-Profit,02/28/1992
041525,"ENCOMPASS HEALTH HOSPICE","3809 EAST 9TH STREET, SUITE 10",-,TEXARKANA,AR,71854,MILLER,"(870) 773-2621",6,For-Profit,10/20/1992
041528,GENTIVA,"3801 WEST MAIN STREET, SUITE A",-,RUSSELLVILLE,AR,72801,POPE,"(479) 890-2730",6,For-Profit,12/23/1992
041529,"CIRCLE OF LIFE HOSPICE","901 JONES ROAD",-,SPRINGDALE,AR,72762,WASHINGTON,"(479) 750-6632",6,Non-Profit,12/29/1992
041531,GENTIVA,"100 E PEACH STREET","SUITE 350","EL DORADO",AR,71730,UNION,"(870) 498-4359",6,For-Profit,02/25/1993
041532,GENTIVA,"210 NORTH STATE LINE AVENUE, SUITE 502",-,TEXARKANA,AR,71854,MILLER,"(870) 330-7798",6,For-Profit,03/10/1993
041534,"HOSPICE OF THE HILLS","501 E SHERMAN",-,HARRISON,AR,72601,BOONE,"(870) 743-6860",6,Non-Profit,06/09/1993
041535,"HOSPICE OF HOPE","501 E 6TH STREET",-,TEXARKANA,AR,71854,MILLER,"(870) 216-0046",6,Non-Profit,07/29/1993
041537,GENTIVA,"2212 MALVERN AVENUE STE 3-B",-,"HOT SPRINGS",AR,71901,GARLAND,"(501) 781-4033",6,For-Profit,09/10/1993
041538,"ELITE HOSPICE","4847 KAYLEE AVENUE, SUITE A",-,SPRINGDALE,AR,72762,WASHINGTON,"(479) 751-3019",6,For-Profit,02/21/1994
041539,GENTIVA,"1141 EAST MAIN STREET, SUITE 208",-,BATESVILLE,AR,72501,INDEPENDENCE,"(870) 376-5571",6,For-Profit,09/15/1993
041547,"HEART OF HOSPICE, LLC","1401 SOUTH WALDRON ROAD, SUITE 201","IP HOSPICE UNIT STILL 1001 TOWSON AVE, 6TH FL WEST","FORT SMITH",AR,72903,SEBASTIAN,"(479) 494-0100",6,For-Profit,04/25/1995
041550,"ELITE HOSPICE","4000 HIGHWAY 5 N, SUITE 5",-,BRYANT,AR,72022,SALINE,"(501) 315-0136",6,For-Profit,09/01/1995
041551,"HOME HEALTH PROFESSIONAL & HOSPICE","2222 SPENCE CIRCLE",-,JONESBORO,AR,72401,CRAIGHEAD,"(870) 762-1825",6,For-Profit,08/31/1995
041552,"ELITE HOSPICE","330 HIGHWAY 5 NORTH, SUITE 20",-,"MOUNTAIN HOME",AR,72653,BAXTER,"(870) 424-4000",6,For-Profit,04/19/1996
041554,"BAPTIST HEALTH HOSPICE","205 N 26TH ST STE. B",-,ARKADELPHIA,AR,71923,CLARK,"(870) 245-1040",6,Other,07/03/1996
041559,"ELITE HOSPICE","1201 HIGHWAY 71 SOUTH","SUITE C",MENA,AR,71953,POLK,"(479) 394-1134",6,Other,09/26/1996
041560,"AFFINITY HOSPICE","201-203 FRANKIE LANE",-,"WHITE HALL",AR,71602,JEFFERSON,"(501) 534-4847",6,For-Profit,09/27/1996
041561,GENTIVA,"301 NATURAL RESOURCES DR STE 102",-,"LITTLE ROCK",AR,72205,PULASKI,"(501) 223-8868",6,For-Profit,11/27/1996
041564,"ARKANSAS HOSPICE INC","14 PARKSTONE CIRCLE",-,"NORTH LITTLE ROCK",AR,72116,PULASKI,"(501) 748-3333",6,Non-Profit,11/10/1998
041568,"LEGACY HOSPICE, INC","925 WEST KEISER",-,OSCEOLA,AR,72370,MISSISSIPPI,"(870) 563-9995",6,For-Profit,06/22/2004
041571,"LEGACY HOSPICE OF NORTH ARKANSAS","111 N MAIN STREET SUITE 1",-,SALEM,AR,72576,FULTON,"(870) 895-2651",6,For-Profit,01/04/2005
041572,"DIERKSEN MEMORIAL HOSPICE","4313 PARKWAY DRIVE, SUITE 20",-,TEXARKANA,AR,71854,MILLER,"(903) 793-6464",6,For-Profit,05/03/2005
041573,"ENHABIT HOSPICE","128 NORTH WASHINGTON",-,MAGNOLIA,AR,71753,COLUMBIA,"(870) 901-0500",6,For-Profit,04/20/2005
041574,"CARING HANDS HOSPICE, INC","2000 HARRISON STREET - SUITE E",-,BATESVILLE,AR,72501,INDEPENDENCE,"(870) 698-0505",6,For-Profit,05/05/2005
041575,"LESTER DIERKSEN MEMORIAL HOSPICE, LLC","3954 CENTRAL AVE STE H",-,"HOT SPRINGS V",AR,71913,GARLAND,"(501) 318-1500",6,For-Profit,09/13/2007
041577,"RIVER VALLEY HOSPICE","1231 HWY 77, SUITE 2",-,MARION,AR,72364,CRITTENDEN,"(870) 735-2824",6,For-Profit,06/27/2008
041578,"ARKANSAS HOSPICE INC","2233 HARRISON",-,BATESVILLE,AR,72501,INDEPENDENCE,"(501) 748-3333",6,Non-Profit,06/27/2008
041580,"ELITE HOSPICE","403 SOUTH POPULAR ST. STE. A",-,SEARCY,AR,72143,WHITE,"(501) 279-2048",6,For-Profit,10/18/2012
051501,"HOSPICE OF THE CENTRAL COAST","30 RYAN COURT, SUITE 250",-,MONTEREY,CA,93940,MONTEREY,"(831) 658-3737",9,Non-Profit,11/01/1983
051503,"SUTTER CARE AT HOME","2340 CLAY STREET, SUITE 2B",-,"SAN FRANCISCO",CA,94115,"SAN FRANCISCO","(415) 749-4201",9,For-Profit,11/01/1984
051504,"KAISER FOUNDATION HOSPITAL HOSPICE PROGRAM","12254 BELLFLOWER BLVD",-,DOWNEY,CA,90242,"LOS ANGELES","(562) 622-4350",9,For-Profit,11/17/1983
051506,"PATHWAYS HOME HEALTH AND HOSPICE","333 HEGENBERGER ROAD, SUITE 700",-,OAKLAND,CA,94621,ALAMEDA,"(510) 632-4390",9,Non-Profit,03/16/1984
051507,"SUTTER CARE AT HOME","12930 SARATOGA AVENUE, SUITE A-2",-,SARATOGA,CA,95070,"SANTA CLARA","(408) 559-5600",9,For-Profit,05/01/1984
051508,"BY THE BAY HEALTH","17 EAST SIR FRANCIS DRAKE BLVD",-,LARKSPUR,CA,94939,MARIN,"(415) 927-2273",9,Non-Profit,07/31/1984
051512,"PROVIDENCE AT HOME WITH COMPASSUS HOSPICE CARE LA COUNTY","5315 TORRANCE BLVD. SUITE B1",-,TORRANCE,CA,90503,"LOS ANGELES","(310) 530-3800",9,Other,10/01/1984
051515,"KAISER FOUNDATION HOSPITAL HOSPICE","17284 SLOVER AVENUE SUITE 105",-,FONTANA,CA,92337,"SAN BERNARDINO","(909) 609-3838",9,Non-Profit,07/16/1985
051517,"LIVINGSTON MEMORIAL VISITING NURSE ASSOCIATION - H","1996 EASTMAN AVE STE 108",-,VENTURA,CA,93003,VENTURA,"(805) 642-1608",9,Non-Profit,08/20/1985
051521,"KAISER FOUNDATION HOSPITAL VALLEY CONTINUING CARE","21263 ERWIN STREET",-,"WOODLAND HILLS",CA,91367,"LOS ANGELES","(818) 908-2400",9,For-Profit,10/03/1986
051522,"KAISER FOUNDATION HOSPITAL SAN DIEGO HOSPICE","8954 RIO SAN DIEGO DR, 2ND FLOOR, SUITE 200",-,"SAN DIEGO",CA,92108,"SAN DIEGO","(619) 641-4100",9,Non-Profit,12/19/1986
051523,"BY THE BAY HEALTH","180 REDWOOD STREET, SUITE 350",-,"SAN FRANCISCO",CA,94102,"SAN FRANCISCO","(415) 626-5900",9,For-Profit,01/22/1987
051524,"BUTTE HOME HEALTH HOSPICE","10 CONSTITUTION DRIVE",-,CHICO,CA,95926,BUTTE,"(916) 895-0462",9,Other,01/15/1987
051525,"KAISER FOUNDATION HOSPITAL LOS ANGELES - HOSPICE","74 N PASADENA AVE FLOOR 6",-,PASADENA,CA,91103,"LOS ANGELES","(323) 783-7416",9,For-Profit,02/02/1987
051526,"HOSPICE OF SANTA CRUZ COUNTY","940 DISC DRIVE",-,"SCOTTS VALLEY",CA,95066,"SANTA CRUZ","(831) 430-3000",9,Non-Profit,07/27/1987
051528,"ELIZABETH HOSPICE","800 W VALLEY PARK #100",-,ESCONDIDO,CA,92025,"SAN DIEGO","(760) 737-2050",9,Non-Profit,06/02/1987
051531,VNACARE,"25220 HANCOCK AVE, SUITE 100",-,MURRIETA,CA,92562,RIVERSIDE,"(951) 658-9288",9,Non-Profit,10/14/1987
051534,"HOSPICE OF REDLANDS COMMUNITY HOSPITAL","350 TERRACINA BLVD",-,REDLANDS,CA,92373,"SAN BERNARDINO","(909) 335-5643",9,For-Profit,01/25/1988
051535,VNACARE,"2151 EAST CONVENTION CENTER WAY, SUITE 100",-,ONTARIO,CA,91764,"SAN BERNARDINO","(909) 624-3574",9,Non-Profit,02/26/1988
051536,"HOSPICE OF HUMBOLDT, INC.","3327 TIMBER FALL COURT",-,EUREKA,CA,95503,HUMBOLDT,"(707) 445-8443",9,Non-Profit,02/25/1988
051537,"PROVIDENCE AT HOME WITH COMPASSUS HOSPICE AND PALLIATIVE CARE NAPA VALLEY","414 SOUTH JEFFERSON STREET",-,NAPA,CA,94559,NAPA,"(707) 258-9080",9,Non-Profit,01/22/1988
051538,"SAINT AGNES HOME HEALTH & HOSPICE","6729 NORTH WILLOW AVE SUITE 103",-,FRESNO,CA,93710,FRESNO,"(559) 450-5600",9,Non-Profit,06/21/1988
051540,"VNA HEALTH","512 EAST GUTIERREZ STREET SUITE A",-,"SANTA BARBARA",CA,93103,"SANTA BARBARA","(805) 965-5555",9,Non-Profit,12/02/1988
051542,"HOSPICE OF PRESBYTERIAN","15050 IMPERIAL HWY",-,"LA MIRADA",CA,90638,"LOS ANGELES","(562) 902-7770",9,Other,01/06/1989
051543,"COMMUNITY HOSPICE, INC - HOSPICE","4368 SPYRES WAY",-,MODESTO,CA,95356,STANISLAUS,"(209) 578-6300",9,Non-Profit,08/18/1988
051546,"KAISER FOUNDATION HOSPITAL - HOSPICE","3240 ARDEN WAY","SUITE 165",SACRAMENTO,CA,95825,SACRAMENTO,"(916) 486-5300",9,Non-Profit,02/14/1989
051547,"HOSPICE OF THE EAST BAY","3470 BUSKIRK AVENUE",-,"PLEASANT HILL",CA,94523,"CONTRA COSTA","(925) 887-5678",9,Non-Profit,01/17/1989
051548,"VNA OF GREATER LOS ANGELES, INC","402 S PROSPECTORS RD. SUITE G-200",-,"DIAMOND BAR",CA,91765,"LOS ANGELES","(626) 844-7692",9,For-Profit,05/05/1989
051551,"KAISER FOUNDATION HOSPITAL HOSPICE-OAKLAND","4501 BROADWAY, 1ST FLOOR",-,OAKLAND,CA,94611,ALAMEDA,"(510) 752-6390",9,Non-Profit,06/15/1989
051552,"KAISER FOUNDATION HOSPITAL HOSPICE - MARTINEZ","200 MUIR ROAD",-,MARTINEZ,CA,94553,"CONTRA COSTA","(925) 229-7800",9,Other,06/14/1989
051555,"SUTTER CARE AT HOME","1025 ATLANTIC AVE, SUITE 100A",-,ALAMEDA,CA,94501,ALAMEDA,"(510) 263-0900",9,For-Profit,06/01/1989
051556,"KAISER FOUNDATION HOSPITAL HOSPICE-HAYWARD","30116 EIGENBRODT WAY",-,"UNION CITY",CA,94587,ALAMEDA,"(510) 675-5777",9,Non-Profit,08/09/1989
051557,"PROVIDENCE AT HOME WITH COMPASSUS HOSPICE CARE, SONOMA COUNTY","416 PAYRAN STREET",-,PETALUMA,CA,94952,SONOMA,"(707) 778-6242",9,Non-Profit,08/10/1989
051560,"UC DAVIS HOSPICE PROGRAM","10850 WHITE ROCK RD",-,"RANCHO CORDOVA",CA,95670,SACRAMENTO,"(916) 734-2458",9,Other,01/22/1990
051561,"HOSPICE SERVICES OF LAKE COUNTY","1862 PARALLEL DR",-,LAKEPORT,CA,95453,LAKE,"(707) 263-6222",9,For-Profit,12/12/1989
051565,"KAISER FOUNDATION HOSPITAL HOSPICE - VALLEJO","975 SERENO DR., ROOM BAYVIEW - 1112",-,VALLEJO,CA,94589,SOLANO,"(707) 648-6969",9,Non-Profit,06/21/1990
051567,"SNOWLINE HEALTH","6520 PLEASANT VALLEY ROAD",-,"DIAMOND SPRINGS",CA,95619,"EL DORADO","(530) 621-7820",9,Non-Profit,05/25/1990
051571,"HINDS HOSPICE - FRESNO","2490 W SHAW AVE, SUITE 101",-,FRESNO,CA,93711,FRESNO,"(559) 320-0310",9,Non-Profit,09/18/1990
051573,"HOSPICE OF SAN JOAQUIN","3888 PACIFIC AVENUE","BUILDING A",STOCKTON,CA,95204,"SAN JOAQUIN","(209) 957-3888",9,Non-Profit,09/20/1990
051580,"PATHWAYS HOME HEALTH AND HOSPICE","585 NORTH MARY AVENUE",-,SUNNYVALE,CA,94085,"SANTA CLARA","(408) 730-5900",9,Non-Profit,06/24/1991
051582,"KAISER FOUNDATION HOSPITAL HOSPICE-SAN FRANCISCO","4131 GEARY BOULEVARD, 4TH FLOOR",-,"SAN FRANCISCO",CA,94118,"SAN FRANCISCO","(415) 666-1080",9,Non-Profit,07/05/1991
051585,"VNA OF ORANGE COUNTY LLC - HOSPICE","17682 MITCHELL N SUITE 100",-,IRVINE,CA,92614,ORANGE,"(714) 771-1209",9,For-Profit,02/14/1992
051589,"KAISER FOUNDATION HOSPITAL HOSPICE-SANTA CLARA","3900 FREEDOM CIRCLE, SUITE 201",-,"SANTA CLARA",CA,95054,"SANTA CLARA","(408) 342-6699",9,Non-Profit,06/22/1992
051590,"VITAS HEALTHCARE CORPORATION OF CALIFORNIA","7888 MISSION GROVE PARKWAY S, SUITE 200",-,RIVERSIDE,CA,92508,RIVERSIDE,"(909) 386-6000",9,For-Profit,07/02/1992
051592,"DIGNITY HEALTH HOSPICE","124 SOUTH COLLEGE DRIVE, SUITE B",-,"SANTA MARIA",CA,93454,"SANTA BARBARA","(805) 739-3830",9,Other,09/10/1992
051595,"MEMORIALCARE HOSPICE AND PALLIATIVE SERVICES","24411 HEALTH CENTER DR, SUITE 100",-,"LAGUNA HILLS",CA,92653,ORANGE,"(949) 460-1500",9,Non-Profit,09/03/1992
051597,"VITAS HEALTHCARE CORPORATION OF CALIFORNIA","9655 GRANITE RIDGE DRIVE, SUITE 300",-,"SAN DIEGO",CA,92123,"SAN DIEGO","(858) 499-8901",9,For-Profit,11/13/1992
051598,"SHARP HOSPICECARE","4000 RUFFIN ROAD","SUITE D","SAN DIEGO",CA,92123,"SAN DIEGO","(619) 667-1900",9,For-Profit,12/10/1992
051600,"MERCY HOSPICE","3400 DATA DRIVE",-,"RANCHO CORDOVA",CA,95670,SACRAMENTO,"(916) 281-3900",9,Non-Profit,02/04/1993
051601,"HOPE HOSPICE","6801 KOLL CENTER PKWY","SUITE 140",PLEASANTON,CA,94566,ALAMEDA,"(925) 829-8770",9,Non-Profit,12/10/1992
051603,"ACCENTCARE HOSPICE & PALLIATIVE CARE OF CALIFORNIA","750 THE CITY DRIVE SOUTH, SUITE 120",-,ORANGE,CA,92868,ORANGE,"(877) 508-0644",9,For-Profit,03/24/1993
051608,"VITAS HEALTHCARE CORP","1343 N GRAND AVENUE, SUITE 100",-,COVINA,CA,91724,"LOS ANGELES","(626) 918-2273",9,For-Profit,11/29/1993
051609,"ADVENTIST HEALTH HOME CARE SERVICES","20100 CEDAR ROAD NORTH",-,SONORA,CA,95370,TUOLUMNE,"(209) 532-7166",9,Non-Profit,05/27/1993
051611,"PEC HOSPICE","10507 GARDEN GROVE BLVD",-,"GARDEN GROVE",CA,92843,ORANGE,"(714) 590-3620",9,For-Profit,08/10/1993
051614,"COVENANT CARE HOSPICE","125 N BROADWAY STE 1A",-,TURLOCK,CA,95380,STANISLAUS,"(209) 664-2550",9,Non-Profit,08/09/1993
051615,"TORRANCE MEMORIAL HOSPICE","3121 SKYPARK DR. SUITE 3126",-,TORRANCE,CA,90505,"LOS ANGELES","(310) 784-3751",9,For-Profit,06/10/1993
051619,"YOLO HOSPICE","1909 GALILEO COURT, SUITE A",-,DAVIS,CA,95618,YOLO,"(530) 758-5566",9,Other,03/07/1994
051629,"HOSPICE OF THE FOOTHILLS","11270 ROUGH AND READY HIGHWAY",-,"GRASS VALLEY",CA,95945,NEVADA,"(530) 272-5739",9,Other,08/03/1994
051632,"SUTTER AUBURN FAITH VNA & HOSPICE-HOSPICE","11775 EDUCATION STREET, SUITE 201",-,AUBURN,CA,95602,PLACER,"(530) 886-6650",9,Non-Profit,08/18/1994
051634,"ASSISTED HOME HOSPICE","10550 SEPULVEDA BLVD SUITE 101","NORTH HILLS","MISSION HILLS",CA,91345,"LOS ANGELES","(805) 371-7306",9,For-Profit,07/18/1994
051645,"MERCY HOSPICE","1544 MARKET STREET",-,REDDING,CA,96001,SHASTA,"(530) 245-4070",9,Non-Profit,10/20/1994
051646,"HOFFMANN HOSPICE","4401 BUENA VISTA ROAD",-,BAKERSFIELD,CA,93311,KERN,"(661) 410-1010",9,Non-Profit,01/25/1995
051647,"HOSPICE BY THE SEA","777 S HIGHWAY 101","SUITE 105","SOLANA BEACH",CA,92075,"SAN DIEGO","(858) 794-0195",9,For-Profit,12/03/1994
051649,"ADVENTIST HEALTH HOME CARE","100 SAN HEDRIN CIRCLE",-,WILLITS,CA,95490,MENDOCINO,"(707) 459-1818",9,Non-Profit,04/06/1995
051650,"HOSPICE OF AMADOR & CALAVERAS","1500 SOUTH HIGHWAY 49, # 205",-,JACKSON,CA,95642,AMADOR,"(209) 223-5500",9,Non-Profit,02/23/1995
051651,"NORTHBAY HOSPICE & BEREAVEMENT","1101 B. GALE WILSON BOULEVARD, SUITE 101A",-,FAIRFIELD,CA,94533,SOLANO,"(707) 646-3575",9,Other,05/10/1995
051652,"SUTTER CARE AT HOME","3001 LAVA RIDGE COURT","SUITE 330B",ROSEVILLE,CA,95661,PLACER,"(916) 797-7850",9,For-Profit,02/01/1995
051656,"VITAS HEALTHCARE CORPORATION OF CALIFORNIA","16830 VENTURA BLVD SUITE 315",-,ENCINO,CA,91436,"LOS ANGELES","(818) 358-0273",9,For-Profit,06/06/1995
051657,"MADRONE HOSPICE, INC","255 COLLIER CIRCLE",-,YREKA,CA,96097,SISKIYOU,"(530) 842-3160",9,For-Profit,06/28/1995
051659,"PROVIDENCE AT HOME WITH COMPASSUS HOSPICE CARE ORANGE COUNTY","200 W CENTER STREET PROMENADE, SUITE 200B",-,ANAHEIM,CA,92805,ORANGE,"(714) 712-9559",9,For-Profit,08/03/1995
051663,"ACCESS TLC HOSPICE","5401 TECH CIRCLE",-,MOORPARK,CA,93021,VENTURA,"(805) 517-1620",9,Non-Profit,09/26/1995
051665,"MISSION HOSPICE & HOME CARE, INC.","66 BOVET RD., SUITE 100",-,"SAN MATEO",CA,94402,"SAN MATEO","(650) 554-1000",9,Non-Profit,10/12/1995
051666,"ENLOE MEDICAL CENTER HOSPICE","1390 E LASSEN AVE",-,CHICO,CA,95973,BUTTE,"(530) 332-6060",9,Non-Profit,10/03/1995
051667,"SELF-HELP HOME CARE & HOSPICE","731 SANSOME STREET, SUITE 100",-,"SAN FRANCISCO",CA,94111,"SAN FRANCISCO","(415) 677-7628",9,For-Profit,09/27/1995
051670,"ADVENTIST HEALTH HOME CARE SERVICES","440 GREENFIELD AVENUE SUITE B","2100 DOUGLAS BLVD",HANFORD,CA,93230,KINGS,"(559) 585-3425",9,For-Profit,09/29/1995
051687,"MISSION HOSPICE","2555 EAST COLORADO BLVD SUITE 301",-,PASADENA,CA,91107,"LOS ANGELES","(626) 799-2727",9,For-Profit,01/18/1996
051689,"CROSSROADS HOME HEALTH & HOSPICE","1109 VICENTE STREET, SUITE 101",-,"SAN FRANCISCO",CA,94116,"SAN FRANCISCO","(415) 682-2111",9,For-Profit,06/19/1996
051705,"HOSPICE OF IMPERIAL VALLEY","137 SOUTH 8TH STREET",-,"EL CENTRO",CA,92243,IMPERIAL,"(760) 352-8905",9,For-Profit,03/21/1997
051708,VNACARE,"16147 KAMANA ROAD",-,"APPLE VALLEY",CA,92307,"SAN BERNARDINO","(760) 946-4730",9,Non-Profit,05/13/1997
051711,"BARTON HEALTHCARE SYSTEM HOSPICE","2092 LAKE TAHOE BLVD SUITE 500",-,"SOUTH LAKE TAHOE",CA,96150,"EL DORADO","(530) 543-5581",9,Non-Profit,07/11/1997
051713,"CENTRAL COAST VNA & HOSPICE, INC","45 PLAZA CIRCLE",-,SALINAS,CA,93901,MONTEREY,"(831) 758-4200",9,Non-Profit,02/12/1998
051714,"HOSPICE OF THE VALLEYS","41391 KALMIA STREET, STE 300",-,MURRIETA,CA,92562,RIVERSIDE,"(951) 200-7800",9,Other,03/05/1998
051716,GENTIVA,"36947 COOK STREET, BUILDING 10, SUITE 102",-,"PALM DESERT",CA,92211,RIVERSIDE,"(760) 346-2816",9,For-Profit,02/13/1998
051717,GENTIVA,"5080 SHOREHAM PLACE SUITE 105",-,"SAN DIEGO",CA,92122,"SAN DIEGO","(858) 565-2499",9,For-Profit,04/24/1998
051719,"ROZE ROOM HOSPICE","5000 OVERLAND AVENUE, STE 101",-,"CULVER CITY",CA,90230,"LOS ANGELES","(310) 202-7693",9,For-Profit,06/26/1998
051721,"FIRST CALL HOSPICE","6929 SUNRISE BLVD, SUITE 180",-,"CITRUS HEIGHTS",CA,95610,SACRAMENTO,"(916) 725-2580",9,For-Profit,07/14/1998
051725,"BRISTOL HOSPICE - BAKERSFIELD","4900 CALIFORNIA AVE, SUITE 110A",-,BAKERSFIELD,CA,93309,KERN,"(661) 716-4000",9,For-Profit,11/12/1998
051728,"HI-DESERT HOME HEALTH SERVICES-HOSPICE","6601 WHITE FEATHER ROAD SUITE A5",-,"JOSHUA TREE",CA,92252,"SAN BERNARDINO","(760) 366-6443",9,For-Profit,03/12/1999
051731,"HOMEREACH HOSPICE","2250 OBISPO AVE, SUITE 101",-,"SIGNAL HILL",CA,90755,"LOS ANGELES","(562) 424-9405",9,For-Profit,06/02/1999
051732,"TAHOE FOREST HOSPICE","10875 PIONEER TRAIL",-,TRUCKEE,CA,96161,NEVADA,"(530) 582-6653",9,"Combination Government & Non-Profit",07/23/1999
051733,"HOSPICE OF THE NORTH COAST","2525 PIO PICO DRIVE, SUITE 301",-,CARLSBAD,CA,92008,"SAN DIEGO","(760) 431-4100",9,Other,07/22/1999
051736,"MERCY HOSPICE MT SHASTA","635 LASSEN LANE",-,"MOUNT SHASTA",CA,96067,SISKIYOU,"(530) 926-6111",9,Non-Profit,10/21/1999
051738,"INTERMOUNTAIN HOSPICE","43563 HIGHWAY 299 EAST",-,"FALL RIVER MILLS",CA,96028,SHASTA,"(530) 336-5511",9,Non-Profit,11/17/1999
051739,"VITAS HEALTHCARE CORPORATION OF CALIFORNIA","990 W 190TH STREET, SUITE 550",-,TORRANCE,CA,90502,"LOS ANGELES","(310) 324-2273",9,For-Profit,03/16/2000
051740,GENTIVA,"5001 EAST COMMERCE CENTER DRIVE, SUITE 200",-,BAKERSFIELD,CA,93309,KERN,"(661) 324-1232",9,For-Profit,05/10/2000
051743,"ASSISTED HOME HOSPICE","4450 WESTINGHOUSE STREET, SUITE #103",-,VENTURA,CA,93003,VENTURA,"(805) 677-7400",9,For-Profit,10/10/2000
051744,"ST LIZ HOSPICE, INC","1910 W SUNSET BLVD SUITE 420",-,"LOS ANGELES",CA,90026,"LOS ANGELES","(213) 365-6499",9,For-Profit,05/18/2001
051746,"VITAS HEALTHCARE CORPORATION OF CALIFORNIA","670 N MCCARTHY BOULEVARD, SUITE 220",-,MILPITAS,CA,95035,"SANTA CLARA","(408) 964-6800",9,For-Profit,02/14/2002
051748,"KAWEAH HEALTH HOSPICE","402 W ACEQUIA AVE",-,VISALIA,CA,93291,TULARE,"(559) 733-0642",9,Other,05/16/2002
051749,"ASIAN NETWORK HOSPICE, INC","212 9TH STREET, SUITE 204",-,OAKLAND,CA,94607,ALAMEDA,"(510) 268-1118",9,For-Profit,05/23/2002
051751,"SUTTER CARE AT HOME","400 PLUMAS BLVD","SUITE 115B","YUBA CITY",CA,95991,SUTTER,"(530) 749-3460",9,For-Profit,06/25/2002
051752,"SUTTER CARE AT HOME","1670 S AMPHLETT BLVD., SUITE 300B",-,"SAN MATEO",CA,94402,"SAN MATEO","(650) 685-2830",9,For-Profit,10/30/2002
051757,"BRISTOL HOSPICE-ORANGE COUNTY","3070 BRISTOL STREET SUITE 100",-,"COSTA MESA",CA,92626,ORANGE,"(888) 327-1936",9,For-Profit,05/21/2003
051758,"ALL CARE HOSPICE","100 W BROADWAY SUITE 810",-,GLENDALE,CA,91210,"LOS ANGELES","(818) 241-9120",9,For-Profit,04/02/2003
051759,"ROZE ROOM HOSPICE OF THE VALLEY","18107 SHERMAN WAY SUITE 200",-,RESEDA,CA,91335,"LOS ANGELES","(818) 783-1002",9,For-Profit,04/24/2003
051761,"SUTTER CARE AT HOME","110 STONY POINT ROAD, SUITE 200C",-,"SANTA ROSA",CA,95401,SONOMA,"(707) 542-5045",9,Other,06/20/2003
051762,"COMMUNITY CARE HOSPICE","115 E FOOTHILL BLVD SUITE 102",-,GLENDORA,CA,91741,"LOS ANGELES","(626) 335-9759",9,For-Profit,05/26/2003
051763,"LIGHTBRIDGE HOSPICE","6155 CORNERSTONE COURT EAST, #220",-,"SAN DIEGO",CA,92121,"SAN DIEGO","(858) 458-2992",9,For-Profit,08/06/2003
051765,"SERENITY HOSPICE CARE","1420 N. CLAREMONT BLVD SUITE 104-A",-,CLAREMONT,CA,91711,"LOS ANGELES","(800) 919-6419",9,For-Profit,11/08/2003
051769,"BRISTOL HOSPICE FRESNO","2787 W BULLARD AVE SUITE 101",-,FRESNO,CA,93711,FRESNO,"(559) 320-4000",9,For-Profit,07/15/2004
051770,"VITAS HEALTHCARE CORPORATION OF CALIFORNIA","355 LENNON LANE, SUITE 150",-,"WALNUT CREEK",CA,94598,"CONTRA COSTA","(925) 930-9373",9,For-Profit,08/17/2004
051771,"SILVERADO HOSPICE INC","6400 OAK CANYON DRIVE, SUITE 200",-,IRVINE,CA,92618,ORANGE,"(949) 240-7744",9,For-Profit,04/15/2004
051772,"VERDUGO HOSPICE CARE CENTER","4170 VERDUGO ROAD",-,"LOS ANGELES",CA,90065,"LOS ANGELES","(323) 257-5715",9,For-Profit,02/25/2004
051774,"HOPE INTERNATIONAL HOSPICE, INC.","20705 SOUTH WESTERN AVENUE SUITE 112",-,TORRANCE,CA,90501,"LOS ANGELES","(310) 782-7070",9,For-Profit,04/30/2004
051778,VNACARE,"6345 BALBOA BLVD., SUITE 315",-,ENCINO,CA,91316,"LOS ANGELES","(818) 774-3040",9,For-Profit,09/01/2004
051779,"VITAS HEALTHCARE CORPORATION OF CALIFORNIA","2710 GATEWAY OAKS DR., SUITE 100 SOUTH",-,SACRAMENTO,CA,95833,SACRAMENTO,"(916) 925-7010",9,For-Profit,11/12/2004
051784,"ASSURANCE HOSPICE, INC","444 E HUNTINGTON DRIVE, SUITE 103",-,ARCADIA,CA,91006,"LOS ANGELES","(626) 793-3374",9,For-Profit,04/01/2005
051786,"MISSION HOSPICE SERVICES OF LOS ANGELES LLC","875 SOUTH WESTLAKE BLVD, SUITE 110",-,"WESTLAKE VILLAGE",CA,91361,VENTURA,"(888) 328-6636",9,For-Profit,11/08/2005
051787,"BUENA VISTA HOSPICE","2545 W HILLCREST DR STE 130",-,"THOUSAND OAKS",CA,91320,VENTURA,"(805) 777-1133",9,For-Profit,11/10/2005
051790,"ACCENTCARE HOSPICE & PALLIATIVE CARE OF CALIFORNIA- LOS ANGELES","320 W ARDEN AVE, SUITE 100",-,GLENDALE,CA,91203,"LOS ANGELES","(866) 278-7500",9,For-Profit,02/17/2006
051791,"AVALON HOSPICE & PALLIATIVE CARE","3914 MURPHY CANYON ROAD, SUITE A226",-,"SAN DIEGO",CA,92123,"SAN DIEGO","(858) 751-0315",9,For-Profit,04/03/2006
051792,"ASCEND HOSPICE","650 E HOSPITALITY LANE SUITE 460",-,"SAN BERNARDINO",CA,92408,"SAN BERNARDINO","(951) 353-8006",9,For-Profit,11/18/2005
051793,"BRISTOL HOSPICE- STOCKTON","2800 W MARCH LANE, SUITE 110",-,STOCKTON,CA,95219,"SAN JOAQUIN","(209) 670-8000",9,For-Profit,09/06/2006
051794,"GRACE HOSPICE, INC","1711 WEST TEMPLE STREET, SUITE 3614",-,"LOS ANGELES",CA,90026,"LOS ANGELES","(213) 989-1600",9,For-Profit,05/18/2006
051795,"ROZE ROOM HOSPICE OF VENTURA","5675 RALSTON ST STE C",-,VENTURA,CA,93003,VENTURA,"(805) 654-0191",9,For-Profit,09/14/2006
051796,"INTERIM HEALTHCARE HOSPICE","1647 COURT STREET",-,REDDING,CA,96001,SHASTA,"(530) 221-1212",9,For-Profit,10/06/2006
051798,"FAMILY HOSPICE CARE LLC","255 NORTH EL CIELO ROAD, SUITE #300",-,"PALM SPRINGS",CA,92262,RIVERSIDE,"(760) 674-3344",9,For-Profit,11/01/2006
061500,"PIKES PEAK HOSPICE AND PALLIATIVE CARE","2550 TENDERFOOT HILL ST",-,"COLORADO SPRINGS",CO,80906,"EL PASO","(719) 633-3400",8,Non-Profit,11/03/1983
061501,"TRU COMMUNITY CARE - LAFAYETTE","2594 TRAILRIDGE DR E",-,LAFAYETTE,CO,80026,BOULDER,"(303) 449-7740",8,Non-Profit,12/29/1983
061503,"BANNER HOSPICE OF NORTHERN COLORADO","2001 70TH AVE","STE 100",GREELEY,CO,80634,WELD,"(970) 352-8487",8,Non-Profit,01/03/1984
061504,"DENVER HOSPICE THE","8289 E LOWRY BLVD",-,DENVER,CO,80230,DENVER,"(303) 321-2828",8,Non-Profit,07/17/1984
061505,"LAMAR AREA HOSPICE ASSOCIATION","108 W OLIVE ST",-,LAMAR,CO,81052,PROWERS,"(719) 336-2100",8,Non-Profit,08/03/1984
061506,"HOME HOSPICE DENVER","9100 E MINERAL CIR",-,CENTENNIAL,CO,80112,ARAPAHOE,"(303) 561-5193",8,Non-Profit,02/01/1985
061508,"INTERMOUNTAIN HEALTH HOSPICE - DENVER","3210 LUTHERAN PKWY",-,"WHEAT RIDGE",CO,80033,JEFFERSON,"(303) 425-8000",8,Other,07/12/1985
061509,"MOUNT EVANS HOSPICE, INC","3081 BERGEN PEAK DR",-,EVERGREEN,CO,80439,JEFFERSON,"(303) 674-6400",8,Non-Profit,06/06/1985
061510,"SANGRE DE CRISTO HOSPICE & PALLIATIVE CARE","1920 VALLEY DR",-,PUEBLO,CO,81008,PUEBLO,"(719) 542-0032",8,Non-Profit,08/15/1985
061511,"HOSPICE DEL VALLE, INC.","514 MAIN ST",-,ALAMOSA,CO,81101,ALAMOSA,"(719) 589-9019",8,Non-Profit,01/06/1986
061512,"HOSPICE MERCY","175 MERCADO ST","STE 131",DURANGO,CO,81301,"LA PLATA","(970) 382-2000",8,Non-Profit,06/06/1986
061515,"ARKANSAS VALLEY HOSPICE INC","531 LEWIS AVE",-,"LA JUNTA",CO,81050,OTERO,"(719) 384-8827",8,Non-Profit,11/18/1986
061516,"PATHWAYS HOSPICE","305 CARPENTER RD",-,"FORT COLLINS",CO,80525,LARIMER,"(970) 663-3500",8,Non-Profit,11/26/1986
061517,"ADVENTHEALTH HOSPICE","5020 E ARAPAHOE RD",-,LITTLETON,CO,80122,ARAPAHOE,"(303) 694-3545",8,Non-Profit,02/20/1987
061522,"HOSPICE OF MONTEZUMA INC","512 N BROADWAY",-,CORTEZ,CO,81321,MONTEZUMA,"(970) 565-4400",8,Non-Profit,08/10/1989
061523,"ESTES PARK HEALTH HOSPICE","555 PROSPECT AVE",-,"ESTES PARK",CO,80517,LARIMER,"(970) 586-2273",8,Government,09/22/1989
061525,"ENHABIT HOME HEALTH & HOSPICE","7800 W US HIGHWAY 50",#A1,SALIDA,CO,81201,CHAFFEE,"(719) 539-7638",8,For-Profit,06/07/1991
061527,"HOPEWEST GRAND JUNCTION","2754 COMPASS DR","STE 377","GRAND JUNCTION",CO,81506,MESA,"(970) 241-2212",8,Non-Profit,04/29/1993
061530,"BACA COUNTY HOSPICE","324 E 9TH AVE",-,SPRINGFIELD,CO,81073,BACA,"(719) 523-4057",8,Other,06/03/1994
061532,"NORTHWEST COLORADO HEALTH","1475 PINE GROVE DR","STE 202","STEAMBOAT SPRINGS",CO,80487,ROUTT,"(970) 879-1632",8,Non-Profit,10/05/1994
061537,"GUNNISON VALLEY HEALTH HOSPICE AND PALLIATIVE CARE","1498 W TOMICHI AVE","STE B",GUNNISON,CO,81230,GUNNISON,"(970) 641-4254",8,Non-Profit,05/17/1996
061538,"HOSPICE OF THE PLAINS INC","302 N 9TH AVE",-,STERLING,CO,80751,LOGAN,"(970) 526-7901",8,Non-Profit,11/08/1996
061545,"NAMASTE HOSPICE","5161 E ARAPAHOE RD","STE 320",CENTENNIAL,CO,80122,ARAPAHOE,"(303) 730-3578",8,For-Profit,09/01/1998
061552,"LINCOLN HEALTH HOSPICE","111 6TH ST",-,HUGO,CO,80821,LINCOLN,"(719) 743-2797",8,Government,06/08/2004
061553,"COMPASSUS - GREATER COLORADO SPRINGS","5475 TECH CENTER DR","STE 105","COLORADO SPRINGS",CO,80919,"EL PASO","(719) 226-0091",8,Other,04/16/2004
061554,"CENTERCARE HOSPICE, LLC","1300 FORTINO BLVD","STE E & F",PUEBLO,CO,81008,PUEBLO,"(719) 600-3040",8,For-Profit,03/01/2005
061558,"COMPASSUS - GREATER DENVER","4704 HARLAN ST","STE 550",DENVER,CO,80212,JEFFERSON,"(720) 200-1036",8,For-Profit,03/14/2006
061560,"ACCENTCARE OF COLORADO","4065 ST CLOUD DR","UNIT 200",LOVELAND,CO,80538,LARIMER,"(970) 717-6033",8,For-Profit,12/19/2006
061561,"BRISTOL HOSPICE - NOCO","3770 PURITAN WAY","UNIT E",FREDERICK,CO,80516,WELD,"(970) 618-8378",8,Non-Profit,01/19/2007
061562,"FREMONT REGIONAL HOSPICE","1439 MAIN ST",-,"CANON CITY",CO,81212,FREMONT,"(719) 275-4315",8,Non-Profit,03/15/2007
061567,"HOSPICE OF THE VALLEY","823 GRAND AVE",#300,"GLENWOOD SPRINGS",CO,81601,GARFIELD,"(970) 930-6008",8,Non-Profit,05/27/2009
061568,"OPTIMAL HOSPICE CARE","4380 S SYRACUSE ST","STE 630",DENVER,CO,80237,DENVER,"(303) 488-9998",8,For-Profit,11/29/2009
061569,"COMPASSIONATE HOSPICE CARE LLC","11935 QUAY ST",-,BROOMFIELD,CO,80020,BOULDER,"(303) 465-0944",8,For-Profit,12/09/2010
061570,GENTIVA,"380 PERRY ST STE 210",-,"CASTLE ROCK",CO,80104,DOUGLAS,"(704) 664-2876",8,For-Profit,05/06/2010
061573,"HCA HEALTHONE HOSPICE & FAMILY CARE","5600 S QUEBEC ST","STE 375C","GREENWOOD VILLAGE",CO,80111,ARAPAHOE,"(303) 771-3304",8,For-Profit,08/31/2011
061576,"BRISTOL HOSPICE - DENVER","5950 S WILLOW DR","STE 306","GREENWOOD VILLAGE",CO,80111,ARAPAHOE,"(720) 941-5580",8,For-Profit,03/21/2012
061578,"DIGNITY HOSPICE OF COLORADO, LLC","400 E 84TH AVE","STE W202",THORNTON,CO,80229,ADAMS,"(720) 222-3315",8,For-Profit,10/16/2012
061582,"OPTIMAL HOSPICE CARE OF COLORADO","4380 S SYRACUSE ST","STE 620",DENVER,CO,80237,DENVER,"(303) 488-9998",8,For-Profit,09/12/2013
061583,"GENTIVA I","6270 LEHMAN DR","STE 150","COLORADO SPRINGS",CO,80918,"EL PASO","(719) 330-6652",8,For-Profit,01/24/2014
061588,"ABODE HOSPICE OF COLORADO","445 UNION BLVD","STE 223",LAKEWOOD,CO,80228,JEFFERSON,"(720) 353-4078",8,For-Profit,01/15/2015
061590,"ABODE HOSPICE OF COLORADO","1975 RESEARCH PKWY","STE 300","COLORADO SPRINGS",CO,80920,"EL PASO","(719) 358-6428",8,For-Profit,08/28/2015
061591,"SACRED PASSAGE HOSPICE","3033 S PARKER RD","STE 506",AURORA,CO,80014,ARAPAHOE,"(303) 357-2540",8,Non-Profit,12/16/2015
061592,"ELEVATION HOSPICE OF COLORADO","7850 VANCE DR","STE 230",ARVADA,CO,80003,JEFFERSON,"(720) 608-2181",8,Other,04/13/2016
061593,"ACCENTCARE HOSPICE & PALLIATIVE CARE OF COLORADO","9191 SHERIDAN BLVD","STE 103",WESTMINSTER,CO,80031,JEFFERSON,"(720) 504-1309",8,For-Profit,08/19/2016
061594,"BERKLEY PALLIATIVE CARE AND HOSPICE, LLC","10697 E DARTMOUTH AVE",-,AURORA,CO,80014,ARAPAHOE,"(303) 758-2000",8,For-Profit,09/22/2016
061595,"COLORADO PALLIATIVE & HOSPICE CARE OF COLORADO SPRINGS, LLC","4775 CENTENNIAL BLVD","STE 160","COLORADO SPRINGS",CO,80919,"EL PASO","(719) 245-0077",8,For-Profit,12/13/2016
061596,"MISSION HOSPICE AND PALLIATIVE CARE","12835 E ARAPAHOE RD TOWER I STE 400",-,CENTENNIAL,CO,80112,ARAPAHOE,"(303) 708-1122",8,For-Profit,02/15/2017
061600,"COLORADO PALLIATIVE & HOSPICE CARE, LLC","6551 S REVERE PKWY","STE 130",CENTENNIAL,CO,80111,ARAPAHOE,"(303) 727-5709",8,Other,05/02/2017
061601,"AT HOME HOSPICE","1325 S COLORADO BLVD","STE B308",DENVER,CO,80222,DENVER,"(720) 459-7912",8,For-Profit,11/17/2017
061602,"TRAIL WINDS HOSPICE","4710 TABLE MESA DR","STE B",BOULDER,CO,80305,BOULDER,"(303) 442-5683",8,For-Profit,05/11/2018
061604,"MT ROSE HEALTH CENTER PALLIATIVE CARE AND HOSPICE INC.","1114 E MAIN ST",-,TRINIDAD,CO,81082,"LAS ANIMAS","(719) 846-8478",8,Non-Profit,06/27/2018
061605,"ABODE HOSPICE OF COLORADO","744 HORIZON CT","STE 110","GRAND JUNCTION",CO,81506,MESA,"(970) 658-8705",8,For-Profit,06/20/2018
061606,"ADVANCED HOSPICE OF COLORADO","7951 E MAPLEWOOD AVE","SUITE 112",ENGLEWOOD,CO,80111,ARAPAHOE,"(720) 213-1773",8,For-Profit,11/15/2018
061608,"CANYON HOME CARE & HOSPICE","8055 E TUFTS AVE","STE 425",DENVER,CO,80237,DENVER,"(303) 940-2495",8,For-Profit,01/30/2019
061609,"TOUCH OF CARE HOSPICE","1100 E MAIN ST","STE B-1",MONTROSE,CO,81401,MONTROSE,"(970) 787-9988",8,For-Profit,06/10/2019
061611,"GRACIA HOSPICE GROUP INC","7985 N VANCE DR",#308,ARVADA,CO,80003,JEFFERSON,"(720) 531-3172",8,For-Profit,09/12/2019
061612,"CHOICE HOSPICE","6041 S SYRACUSE WAY","STE 100","GREENWOOD VILLAGE",CO,80111,ARAPAHOE,"(720) 750-8397",8,For-Profit,02/05/2020
061613,"BRIGHTON HOSPICE COLORADO, LLC","8055 E TUFTS AVE","STE 700",DENVER,CO,80237,DENVER,"(720) 536-5060",8,For-Profit,09/28/2020
061614,"CRAFT HOSPICE LLC","1650 38TH ST",#101E,BOULDER,CO,80301,BOULDER,"(720) 274-5974",8,For-Profit,02/24/2021
061615,"SILVER LININGS HOSPICE","6450 S QUEBEC STE 650 BLDG 5",-,CENTENNIAL,CO,80111,ARAPAHOE,"(720) 502-4170",8,For-Profit,02/16/2021
061616,"ABODE HOSPICE OF COLORADO","1050 EAGLERIDGE BLVD",-,PUEBLO,CO,81008,PUEBLO,"(719) 600-2231",8,For-Profit,06/28/2021
061617,"GATEWAY HOSPICE","2696 S COLORADO BLVD","STE 570",DENVER,CO,80222,DENVER,"(303) 747-6377",8,For-Profit,05/21/2021
061618,"BLOOM HOSPICE","12600 W COLFAX AVE","STE B200",LAKEWOOD,CO,80215,JEFFERSON,"(303) 459-4000",8,For-Profit,04/07/2022
061619,"CHOICE HOSPICE","12225 PECOS ST","UNIT 100",WESTMINSTER,CO,80234,ADAMS,"(303) 424-8000",8,Other,08/09/2022
061620,"COLORADO PALLIATIVE & HOSPICE CARE OF THE FRONT RANGE LLC","6551 S REVERE PKWY","STE 125",CENTENNIAL,CO,80111,ARAPAHOE,"(303) 531-5511",8,For-Profit,05/24/2022
061621,"MOUNTAIN RIDGE HOSPICE, LLC","3204 N ACADEMY BLVD","STE 110","COLORADO SPRINGS",CO,80917,"EL PASO","(719) 418-3475",8,,09/13/2022
061622,"A PEACEFUL JOURNEY HOSPICE","2851 S PARKER RD","STE 1130",AURORA,CO,80014,ARAPAHOE,"(303) 755-0915",8,,09/28/2022
061623,"AMG HOSPICE OF COLORADO","3401 QUEBEC ST","STE 8400",DENVER,CO,80207,DENVER,"(303) 879-1700",8,,02/05/2023
061624,"AHC HOME HEALTH AND HOSPICE OF COLORADO SPRINGS","55 S PARKSIDE DR",-,"COLORADO SPRINGS",CO,80910,"EL PASO","(719) 418-4548",8,,08/12/2022
061625,"OVATION HOSPICE OF DENVER","7010 BROADWAY","STE 205",DENVER,CO,80221,ADAMS,"(720) 674-7388",8,,03/02/2023
061626,"CANYON HOME CARE & HOSPICE OF LOVELAND","4850 HAHNS PEAK DR","UNIT 100",LOVELAND,CO,80538,LARIMER,"(970) 330-5655",8,,04/04/2023
061627,"SUN CARE HOSPICE INC","8400 E CRESCENT PKWY","STE 623","GREENWOOD VILLAGE",CO,80111,ARAPAHOE,"(720) 588-1488",8,,02/24/2023
061628,"PASCO/SW HOSPICE","2208 E MAIN ST",-,CORTEZ,CO,81321,MONTEZUMA,"(970) 565-6833",8,,07/05/2023
061629,"EMMAUS CATHOLIC HOSPICE","6160 S SYRACUSE WAY","STE 250","GREENWOOD VILLAGE",CO,80111,ARAPAHOE,"(303) 322-1413",8,,10/13/2023
061630,"ENHABIT HOSPICE","910 PINON RANCH VW","UNIT 100","COLORADO SPRINGS",CO,80907,"EL PASO","(719) 300-4610",8,,09/21/2023
061631,"MED CARE HOSPICE INC","8400 E CRESCENT PKWY",#625,"GREENWOOD VILLAGE",CO,80111,DENVER,"(720) 496-0926",8,,08/16/2023
061632,"ALL SEASONS HOSPICE","7852 S ELATI ST","STE 100",LITTLETON,CO,80120,ARAPAHOE,"(303) 815-5133",8,,10/03/2023
061633,"NOBEL HOSPICE CARE INC","102 S TEJON ST","STE 1100 OFFICE 125","COLORADO SPRINGS",CO,80903,"EL PASO","(719) 653-2792",8,,11/10/2023
061634,"FULL HEARTS HOSPICE LLC","13780 E RICE PL","STE 115",AURORA,CO,80015,ARAPAHOE,"(720) 381-0181",8,,05/23/2024
061635,"PASCO/SW HOSPICE GRAND JUNCTION","2764 COMPASS DR","STE 101","GRAND JUNCTION",CO,81506,MESA,"(970) 208-1430",8,,11/13/2024
061636,"BRIGHTON HOSPICE COLORADO SPRINGS LLC","6005 DELMONICO DR #225",-,"COLORADO SPRINGS",CO,80919,"EL PASO","(719) 484-8282",8,,11/13/2024
061637,"ALLELON HOSPICE AND PALLIATIVE CARE","503 N MAIN ST","STE 215",PUEBLO,CO,81003,PUEBLO,"(719) 242-0043",8,,02/21/2025
061638,"LILY HOSPICE CARE INC","8400 E CRESCENT PKWY",#606,"GREENWOOD VILLAGE",CO,80111,ARAPAHOE,"(720) 780-2843",8,,04/10/2025
061639,"AURORA PALLIATIVE AND HOSPICE CARE INC","8400 E CRESCENT PKWY",#617,ENGLEWOOD,CO,80111,ARAPAHOE,"(720) 713-7037",8,,04/15/2025
061640,"HORIZON HOSPICE OF COLORADO","720 S COLORADO BLVD","STE 211",DENVER,CO,80246,DENVER,"(303) 248-7700",8,,06/11/2025
061641,"EVENTIDE HOSPICE","9100 E PANORAMA DR STE 150",-,ENGLEWOOD,CO,80112,ARAPAHOE,"(720) 798-3900",8,,04/15/2025
061642,"BONUM HOSPICE INC","3190 S VAUGHN WAY","STE 550 OFFICE 580",AURORA,CO,80014,ARAPAHOE,"(949) 331-4843",8,,08/30/2025
061643,"ROCKY MOUNTAIN HOSPICE, LLC","6143 S WILLOW DR","STE 401","GREENWOOD VILLAGE",CO,80111,ARAPAHOE,"(303) 996-6886",8,,04/08/2025
071500,"CONNECTICUT HOSPICE INC, THE","100 DOUBLE BEACH ROAD",-,BRANFORD,CT,06405,"NEW HAVEN","(203) 315-7586",1,Other,10/01/1984
071501,"CARING HOSPICE SERVICES OF CONNECTICUT LLC","456 GLENBROOK ROAD, SUITE 2",-,STAMFORD,CT,06906,FAIRFIELD,"(203) 674-8380",1,For-Profit,09/12/1985
071502,"GREATER MANCHESTER HOMECARE, LLC","8 KEYNOTE DRIVE",-,VERNON,CT,06066,TOLLAND,"(860) 872-9163",1,For-Profit,06/10/1987
071504,"DAY KIMBALL HOMECARE","415 RIVERSIDE DR, STE 3",-,"NORTH GROSVENORDALE",CT,06255,WINDHAM,"(860) 928-0422",1,Non-Profit,12/20/1988
071507,"HARTFORD HEALTHCARE AT HOME","60 HARTLAND ST",-,"EAST HARTFORD",CT,06108,HARTFORD,"(860) 249-4862",1,Non-Profit,05/01/1991
071512,"VISITING NURSE & HOSPICE OF FAIRFIELD COUNTY, INC","22 DANBURY ROAD, STE 1",-,WILTON,CT,06897,FAIRFIELD,"(203) 762-8958",1,Non-Profit,06/21/1993
071515,"FARMINGTON VALLEY VNA INC","8 OLD MILL LANE",-,SIMBURY,CT,06070,HARTFORD,"(860) 651-3539",1,Non-Profit,02/16/1994
071516,"MASONICARE HOME HEALTH AND HOSPICE INC","110 S TURNPIKE RD",-,WALLINGFORD,CT,06492,"NEW HAVEN","(203) 679-5200",1,Non-Profit,02/14/1994
071517,"BRISTOL HOME CARE AND HOSPICE AGENCY, INC.","32 VALLEY STREET, STE D",-,BRISTOL,CT,06010,HARTFORD,"(860) 585-4752",1,Non-Profit,10/19/1994
071518,"REGIONAL HOSPICE","30 MILESTONE ROAD",-,DANBURY,CT,06810,FAIRFIELD,"(203) 702-7414",1,Non-Profit,03/31/1994
071520,"TRINITY HEALTH OF NEW ENGLAND AT HOME","659 TOWER AVE, FL 2",-,HARTFORD,CT,06112,HARTFORD,"(860) 763-7600",1,Non-Profit,07/19/1994
071522,"MIDDLESEX HEALTH CARE AT HOME & HOSPICE PROGRAM","237 MAIN STREET",-,MIDDLETOWN,CT,06457,MIDDLESEX,"(860) 358-5600",1,Non-Profit,10/12/1994
071523,"VISITING NURSE & HOSPICE OF LITCHFIELD COUNTY, INC","32 UNION STREET",-,WINSTED,CT,06098,LITCHFIELD,"(860) 379-8561",1,Non-Profit,01/26/1995
071524,"MCLEAN HOME CARE AND HOSPICE","75 GREAT POND ROAD",-,SIMSBURY,CT,06070,HARTFORD,"(860) 658-3700",1,Non-Profit,01/05/1995
071530,"FRANCISCAN FAMILY CARE CENTER,","267 FINCH AVENUE",-,MERIDEN,CT,06451,"NEW HAVEN","(203) 238-1441",1,Non-Profit,10/18/1996
071533,"VITAS HEALTHCARE CORPORATION ATLANTIC","199 PARK RD EXTENSION",-,MIDDLEBURY,CT,06762,"NEW HAVEN","(203) 437-3111",1,For-Profit,03/29/2005
071536,"COMPASSUS - GREATER CONNECTICUT","612 WHEELERS FARMS ROAD, SUITE 103",-,MILFORD,CT,06461,FAIRFIELD,"(203) 301-0489",1,For-Profit,09/15/2006
071537,"BEACON HOSPICE, AN AMEDISYS COMPANY","77 HARTLAND ST, STE 230",-,"EAST HARTFORD",CT,06108,HARTFORD,"(860) 282-0527",1,For-Profit,03/02/2007
071539,"ACCENTCARE HOSPICE & PALLIATIVE CARE OF CONECTICUT","1579 STRAITS TNPK, UNIT 1E",-,MIDDLEBURY,CT,06762,"NEW HAVEN","(203) 490-1000",1,For-Profit,05/23/2012
071541,"MOZAIC HOSPICE","4200 PARK AVENUE",-,BRIDGEPORT,CT,06604,FAIRFIELD,"(203) 396-1136",1,Non-Profit,06/11/2012
071542,"CONSTELLATION HOME CARE","14 WESTPORT AVE",-,NORWALK,CT,06851,FAIRFIELD,"(203) 497-3888",1,For-Profit,06/13/2012
071543,"ATHENA HOME HEALTH & HOSPICE","135 SOUTH ROAD",-,FARMINGTON,CT,06032,HARTFORD,"(203) 234-9355",1,For-Profit,10/09/2015
071544,"HOME CARE PLUS, INC","753 BOSTON POST ROAD, SUITE 200",-,GUILFORD,CT,06437,"NEW HAVEN","(203) 458-4200",1,Non-Profit,06/08/2017
071545,"RIDGEFIELD VISITING NURSE ASSOCIATION","27 GOVERNOR STREET",-,RIDGEFIELD,CT,06877,FAIRFIELD,"(203) 438-5555",1,Non-Profit,11/16/2018
071546,"BRIGHTON HOSPICE CONNECTICUT, LLC","30 WATERSIDE DR STE 101",-,FARMINGTON,CT,06032,HARTFORD,"(860) 507-7508",1,,10/04/2023
071547,"AFFINITY CARE OF CONNECTICUT LLC","2751 DIXWELL AVE FL 3",-,HAMDEN,CT,06518,"NEW HAVEN","(203) 800-9990",1,,07/24/2024
071548,"HEALTH CARE CONNECTORS LLC","1 SOUND SHORE DR, STE 201",-,GREENWICH,CT,06830,FAIRFIELD,"(203) 489-0919",1,,02/07/2025
071549,"ENHABIT HOSPICE","2080 SILAS DEANE HIGHWAY, 2ND FLOOR, SUITE 204",-,"ROCKY HILL",CT,06067,HARTFORD,"(860) 529-5400",1,,05/02/2025
081500,"DELAWARE HOSPICE - NORTH DIVISION","630 CHURCHMANS ROAD SUITE 200",-,NEWARK,DE,19702,"NEW CASTLE","(302) 478-5707",3,Non-Profit,01/30/1984
081502,"DELAWARE HOSPICE CENTRAL DIV","555 E. LOOCKERMAN STREET","SUITE 200",DOVER,DE,19901,KENT,"(302) 678-4444",3,Non-Profit,01/18/1985
081503,"DELAWARE HOSPICE, INC SOUTHERN DIVISION","100 PATRIOTS WAY",-,MILFORD,DE,19963,SUSSEX,"(302) 856-7717",3,Other,07/09/1985
081504,"COMPASSIONATE CARE HOSPICE","405 EAST MARSH LANE, SUITE 4",-,NEWPORT,DE,19804,"NEW CASTLE","(302) 993-9090",3,For-Profit,06/02/1994
081506,"HEARTLAND HOSPICE","200 CONTINENTAL DRIVE, SUITE 201",-,NEWARK,DE,19713,"NEW CASTLE","(302) 737-7080",3,For-Profit,05/30/2003
081507,"VITAS HEALTHCARE CORPORATION ATLANTIC","100 COMMERCE DRIVE SUITE 302",-,NEWARK,DE,19713,"NEW CASTLE","(302) 451-4000",3,For-Profit,01/07/2005
081508,"CHRISTIANACARE ACCENTCARE HOSP & PALLIATIVE CARE","220 CONTINENTAL DR, SUITE 407","CHRISTIANA EXECUTIVE CAMPUS",NEWARK,DE,19713,"NEW CASTLE","(302) 533-3800",3,For-Profit,10/05/2007
081509,"COMPASSIONATE CARE HOSPICE OF THE DELMAR PENINSULA","416 WILLIAMS ST","STE 101",MILFORD,DE,19963,SUSSEX,"(302) 856-2659",3,For-Profit,08/20/2008
081511,"ACTS SIGNATURE HOSPICE DELAWARE","726 LOVEVILLE RD, STE 3000",-,HOCKESSIN,DE,19707,"NEW CASTLE","(302) 235-6888",3,For-Profit,09/04/2018
081512,"BAYADA HOSPICE","4250 LANCASTER PIKE SUITE 308",-,WILMINGTON,DE,19805,"NEW CASTLE","(302) 351-3633",3,Other,02/20/2019
081513,"PATRIOT HOME CARE","800 W. 4TH ST","SUITE 303",WILMINGTON,DE,19801,"NEW CASTLE","(302) 295-6312",3,For-Profit,05/26/2020
091501,"CAPITAL HOSPICE","5225 WISCONSIN AVENUE, NW",-,WASHINGTON,DC,20015,"DISTRICT OF COLUMBIA","(202) 244-8300",3,Non-Profit,12/19/1986
091505,"VITAS INNOVATIVE HOSPICE CARE OF GREATER WASH, DC","1200 FIRST STREET, NE SUITE 320",-,WASHINGTON,DC,20002,"DISTRICT OF COLUMBIA","(202) 414-5411",3,For-Profit,08/01/2006
091506,"PROFESSIONAL HEALTHCARE RESOURCES OF WASHINGTON DC","1010 WISCONSIN AVENUE NW",-,WASHINGTON,DC,20007,"DISTRICT OF COLUMBIA","(202) 955-8355",3,For-Profit,08/17/2010
091508,"AFFINITY CARE OF DC LLC","1140 VARNUM ST. NE","STE 208B",WASHINGTON,DC,20017,"DISTRICT OF COLUMBIA","(202) 800-9006",3,,05/17/2023
091509,"ACCENTCARE HOSPICE & PALLIATIVE CARE OF WASHINGTON, DC","3451 BENNING RD NE","STE 200",WASHINGTON,DC,20019,"DISTRICT OF COLUMBIA","(804) 690-2412",3,,10/13/2023
101500,"COMMUNITY HOSPICE OF NORTHEAST FLORIDA INC","4266 SUNBEAM ROAD",-,JACKSONVILLE,FL,32257,DUVAL,"(904) 268-5200",4,Non-Profit,11/01/1983
101502,"HEARTLAND HOSPICE (BROWARD)","150 S PINE ISLAND RD STE 540",-,PLANTATION,FL,33324,BROWARD,"(704) 664-2876",4,Non-Profit,11/01/1983
101504,"HOSPICE BY THE SEA INC","1531 W PALMETTO PARK RD",-,"BOCA RATON",FL,33486,"PALM BEACH","(561) 395-5031",4,Other,12/01/1983
101507,"LIFEPATH HOSPICE","12470 TELECOM DR","STE 400","TEMPLE TERR",FL,33637,HILLSBOROUGH,"(813) 877-2200",4,For-Profit,04/04/1984
101508,"SUNCOAST HOSPICE","2675 TAMPA RD",-,"PALM HARBOR",FL,34684,PINELLAS,"(727) 467-7423",4,Non-Profit,07/16/1984
101509,"HOSPICE OF GOLD COAST HOME HEALTH SERVICES","309 SE 18 ST",-,"FORT LAUDERDALE",FL,33316,BROWARD,"(954) 785-2990",4,Non-Profit,05/03/1984
101510,"TREASURE COAST HOSPICE OF MARTIN","1201 SE INDIAN ST",-,STUART,FL,34997,MARTIN,"(772) 403-4500",4,Non-Profit,05/18/1984
101511,"HPH HOSPICE","12260 CORTEZ BLVD",-,BROOKSVILLE,FL,34613,HERNANDO,"(866) 940-0962",4,Non-Profit,06/08/1984
101512,"HOSPICE OF PALM BEACH COUNTY INC","5300 EAST AVENUE",-,"WEST PALM BEACH",FL,33407,"PALM BEACH","(561) 848-5200",4,Non-Profit,06/20/1984
101513,"VITAS HEALTHCARE CORPORATION OF FLORIDA","2852 REMINGTON GREEN CIR, STE 101",-,TALLAHASSEE,FL,32308,ESCAMBIA,"(850) 575-4998",4,Non-Profit,07/25/1984
101514,"MEDERI CARETENDERS HOSPICE","8060 SPYGLASS HILL RD",-,VIERA,FL,32940,BREVARD,"(321) 253-2222",4,For-Profit,08/16/1984
101515,"HAVEN HOSPICE","4200 NW 90TH BLVD",-,GAINESVILLE,FL,32606,ALACHUA,"(904) 378-2121",4,Non-Profit,11/07/1984
101516,"HOPE HOSPICE AND COMMUNITY SERVICES INC","9470 HEALTHPARK CIRCLE",-,"FORT MYERS",FL,33908,LEE,"(800) 835-1673",4,For-Profit,12/07/1984
101517,"TREASURE COAST HOSPICE OF ST LUCIE","5000 DUNN ROAD",-,"FORT PIERCE",FL,34981,"ST. LUCIE","(772) 403-4500",4,Other,11/27/1984
101518,"HOSPICE OF MARION COUNTY INC","3231 SW 34TH AVENUE",-,OCALA,FL,34474,MARION,"(352) 873-7400",4,Non-Profit,01/17/1985
101520,"HOSPICE OF HEALTH FIRST INC","1131 W NEW HAVEN AVE STE 102",-,"WEST MELBOURNE",FL,32904,BREVARD,"(321) 434-1744",4,Non-Profit,05/09/1985
101521,"EMPATH TIDEWELL HOSPICE","5955 RAND BOULEVARD",-,SARASOTA,FL,34238,SARASOTA,"(941) 552-7500",4,Other,10/17/1985
101522,"HALIFAX HEALTH HOSPICE","3800 WOODBRIAR TRAIL",-,"PORT ORANGE",FL,32129,VOLUSIA,"(386) 425-4701",4,Non-Profit,01/07/1986
101523,"BIG BEND HOSPICE INC","1723 MAHAN CENTER BLVD",-,TALLAHASSEE,FL,32308,LEON,"(850) 878-5310",4,Non-Profit,06/19/1986
101525,"HOSPICE OF LAKE & SUMTER INC","2445 LANE PARK ROAD",-,TAVARES,FL,32778,LAKE,"(352) 343-1341",4,For-Profit,03/03/1986
101527,"HOSPICE OF OKEECHOBEE INCORPORATED","411 SE 4TH STREET",-,OKEECHOBEE,FL,34974,OKEECHOBEE,"(813) 467-2321",4,For-Profit,06/03/1987
101528,"AVOW HOSPICE INC","1095 WHIPPOORWILL LANE",-,NAPLES,FL,34105,COLLIER,"(239) 261-4404",4,Non-Profit,09/24/1987
101529,"VNA HOSPICE OF INDIAN RIVER COUNTY INC","958 20TH PLACE, 2ND FLOOR",-,"VERO BEACH",FL,32960,"INDIAN RIVER","(772) 567-5551",4,Non-Profit,06/23/1988
101530,"CATHOLIC HOSPICE INC","14875 NW 77TH AVE STE 100",-,"MIAMI LAKES",FL,33014,MIAMI-DADE,"(305) 822-2380",4,Non-Profit,12/06/1988
101532,"GULFSIDE HOSPICE, INC","2061 COLLIER PKWY",-,"LAND O LAKES",FL,34639,PASCO,"(727) 845-5707",4,Non-Profit,10/30/1989
101533,"ADVENTHEALTH HOSPICE CARE CENTRAL FLORIDA","480 WEST CENTRAL PARKWAY",-,"ALTAMONTE SPRINGS",FL,32714,SEMINOLE,"(407) 682-0808",4,Non-Profit,09/06/1990
101534,"ST. FRANCIS HOSPICE","1250B GRUMMAN PLACE",-,TITUSVILLE,FL,32780,BREVARD,"(321) 269-4240",4,Non-Profit,09/05/1990
101536,"OPUS CARE OF SOUTH FLORIDA","6900 SW 80TH ST",-,MIAMI,FL,33143,MIAMI-DADE,"(305) 591-1606",4,For-Profit,02/12/1992
101537,"EMERALD COAST HOSPICE","401 E 23RD ST, STE C",-,"PANAMA CITY",FL,32405,BAY,"(850) 769-0055",4,For-Profit,04/09/1992
101539,"ADVENTHEALTH HOSPICE CARE EAST FLORIDA","770 W GRANADA BLVD STE 304",-,"ORMOND BEACH",FL,32174,VOLUSIA,"(386) 231-6555",4,Non-Profit,08/06/1996
101540,GENTIVA,"4776 NEW BROAD ST STE 200",-,ORLANDO,FL,32814,ORANGE,"(407) 514-1300",4,For-Profit,08/12/1998
101543,"ACCENTCARE HOSPICE & PALLIATIVE CARE OF SOUTHERN FLORIDA","5200 NE 2ND AVE","3RD FLOOR / STEIN BLDG",MIAMI,FL,33137,MIAMI-DADE,"(305) 762-3883",4,For-Profit,03/14/2002
101545,"VITAS HEALTHCARE CORPORATION OF FLORIDA","4450 W EAU GALLIE BLVD 32934-7214","STE 250",MELBOURNE,FL,32934,BREVARD,"(321) 751-6671",4,For-Profit,11/05/2002
101548,GENTIVA,"6161 BLUE LAGOON DR STE 170",-,MIAMI,FL,33126,MIAMI-DADE,"(786) 388-1400",4,For-Profit,06/05/2006
101549,"HEARTLAND HOSPICE (JACKSONVILLE)","8130 BAYMEADOWS WAY W STE 201",-,JACKSONVILLE,FL,32256,DUVAL,"(904) 737-2553",4,Non-Profit,11/15/2007
101550,"GOOD SHEPHERD HOSPICE","3470 LAKELAND HILLS BLVD",-,LAKELAND,FL,33805,POLK,"(863) 682-0067",4,Non-Profit,03/21/2008
101551,"GENTIVA I","7282 PLANTATION RD","STE 302",PENSACOLA,FL,32504,ESCAMBIA,"(704) 662-1761",4,For-Profit,09/22/2009
101553,"COMPASSIONATE CARE HOSPICE OF CENTRAL FLORIDA INC","212 E HIGHLAND DR.","STE 105",LAKELAND,FL,33813,POLK,"(863) 709-0099",4,For-Profit,07/21/2011
101554,"AMEDISYS HOSPICE","460-464 W 51 PL",-,HIALEAH,FL,33012,MIAMI-DADE,"(786) 566-6176",4,For-Profit,08/04/2014
101555,"ACCENTCARE HOSPICE & PALLIATIVE CARE OF BROWARD COUNTY","1200 S PINE ISLAND RD STE 300",-,PLANTATION,FL,33324,BROWARD,"(954) 625-7900",4,For-Profit,05/27/2015
101556,"COMPASSIONATE CARE HOSPICE OF LAKE AND SUMTER INC","304 LAGRANDE BLVD, THE VILLAGES FL",-,"THE VILLAGES",FL,32159,LAKE,"(352) 415-0778",4,For-Profit,11/19/2015
101557,"ACCENT CARE HOSPICE & PALLIATIVE CARE OF HILLSBORO","1408 N W SHORE BLVD STE 260",-,TAMPA,FL,33607,HILLSBOROUGH,"(813) 607-2630",4,For-Profit,10/11/2017
101558,"BRISTOL HOSPICE - MIAMI DADE, LLC","5201 BLUE LAGOON DRIVE 570",-,MIAMI,FL,33126,MIAMI-DADE,"(786) 382-0433",4,For-Profit,04/19/2018
101559,"ACCENTCARE HOSPICE & PALLIATIVE CARE OF PINELLAS C","17757 US HIGHWAY 19N SUITE 175",-,CLEARWATER,FL,33756,PINELLAS,"(727) 270-9800",4,Other,08/11/2018
101560,"PALM BEACH HOSPICE AND PALLIATIVE CARE BY MORSELIFE","4876 N MORSELIFE DR",-,"WEST PALM BEACH",FL,33417,"PALM BEACH","(561) 868-6573",4,Non-Profit,07/06/2019
101561,"ACCENTCARE HOSPICE & PALLIATIVE CARE OF PASCO COUN","2644 CYPRESS RIDGE BLVD STE 104",-,"WESLEY CHAPEL",FL,33544,PASCO,"(813) 364-0311",4,For-Profit,07/17/2020
101562,"CONTINUUM CARE OF BROWARD LLC","7771 W OAKLAND PARK BLVD","STE 224",SUNRISE,FL,33351,BROWARD,"(954) 239-6600",4,For-Profit,12/30/2020
101563,"MEDCARE HOSPICE","780 NW 42ND AVE","SUITE 525",MIAMI,FL,33126,MIAMI-DADE,"(305) 465-2273",4,Non-Profit,08/30/2021
101564,"AFFINITY CARE OF SARASOTA","8590 POTTER PARK DRIVE","STE B",SARASOTA,FL,34238,SARASOTA,"(941) 477-9991",4,For-Profit,08/19/2021
101565,"CONTINUUM CARE OF MIAMI DADE LLC","1150 NW 72ND AVE, STE 400",-,MIAMI,FL,33126,MIAMI-DADE,"(305) 463-1600",4,For-Profit,05/04/2022
101566,"MOMENTS HOSPICE OF MIAMI LLC","14400 NW 77TH CT","STE 203","MIAMI LAKES",FL,33016,MIAMI-DADE,"(305) 454-6000",4,For-Profit,05/25/2022
101567,"SUNCOAST HOSPICE OF HILLSBOROUGH, LLC","422 S KINGS AVE",-,BRANDON,FL,33511,HILLSBOROUGH,"(813) 561-7300",4,,11/16/2022
101568,"PEOPLES HOSPICE AND PALLIATIVE CARE OF FLORIDA LLC","213 E WRIGHT ST STE B",-,PENSACOLA,FL,32501,ESCAMBIA,"(850) 378-5618",4,,05/02/2023
101570,"AMEDISYS HOSPICE OF BREVARD","1696 W HIBISCUS BLVD STE B",-,MELBOURNE,FL,32901,BREVARD,"(321) 549-0275",4,,07/27/2023
101571,"AFFINITY CARE OF MANATEE COUNTY LLC","1771 MANATEE AVE W UNITS A, B, AND C",-,BRADENTON,FL,34205,MANATEE,"(941) 277-5990",4,,08/24/2023
101572,"HOSPICE OF FLORIDA","501 RIVERSIDE AVE",-,JACKSONVILLE,FL,32202,DUVAL,"(904) 740-2310",4,,06/07/2024
101573,"EMPATH HOSPICE, LLC","331 S FLORIDA AVE","STE 201",LAKELAND,FL,33801,POLK,"(863) 329-2750",4,,07/23/2024
101574,"AFFINITY CARE OF CHARLOTTE AND DESOTO LLC","18501 MURDOCK CIR UNIT 103",-,"PORT CHARLOTTE",FL,33948,CHARLOTTE,"(941) 336-5001",4,,07/31/2024
101575,"ARC HOSPICE OF FLORIDA LLC","700 N PALMETTO ST, FL 3",-,LEESBURG,FL,34748,LAKE,"(917) 647-1536",4,,07/03/2025
101576,"AFFINITY CARE OF HILLSBOROUGH LLC","4510 OAK FAIR BLVD STE 130",-,TAMPA,FL,33610,HILLSBOROUGH,"(813) 535-7711",4,,04/24/2025
101577,"PEOPLES HOSPICE AND PALLIATIVE CARE","221 E 23RD ST STE F",-,"PANAMA CITY",FL,32405,BAY,"(850) 740-0687",4,,11/20/2025
111500,"HAMILTON MEDICAL CENTER- HOSPICE","475 REED RD, SUITE 104",-,DALTON,GA,30720,WHITFIELD,"(706) 278-2848",4,Non-Profit,11/07/1983
111504,"HOSPICE SAVANNAH","1352 EISENHOWER DRIVE",-,SAVANNAH,GA,31406,CHATHAM,"(912) 355-2289",4,Other,01/24/1984
111505,"HOSPICE OF THE GOLDEN ISLES","1692 GLYNCO PARKWAY",-,BRUNSWICK,GA,31525,GLYNN,"(912) 265-4735",4,Non-Profit,03/26/1984
111506,"COMPASSUS-NORTH GEORGIA","105 JW PLAZA DRIVE SUITE 7-9",-,CALHOUN,GA,30701,GORDON,"(706) 602-9001",4,For-Profit,03/30/1984
111507,"WELLSTAR COMMUNITY HOSPICE","4040 HOSPITAL WEST DRIVE",-,AUSTELL,GA,30106,COBB,"(770) 732-6710",4,For-Profit,06/19/1984
111508,"HOSPICE ATLANTA","1 RAVINIA DRIVE, SUITE 1430",-,ATLANTA,GA,30346,FULTON,"(404) 869-3060",4,Non-Profit,12/15/1983
111511,"HEART OF GEORGIA HOSPICE, INC","103 WESTRIDGE DRIVE",-,"WARNER ROBINS",GA,31088,HOUSTON,"(478) 953-5161",4,Non-Profit,07/24/1986
111512,"COLUMBUS HOSPICE, INC.","7020 MOON ROAD",-,COLUMBUS,GA,31909,MUSCOGEE,"(706) 569-7992",4,Non-Profit,10/01/1986
111513,"HEARTH HOSPICE","93 CRYE LEIKE DRIVE",-,"FORT OGLETHORPE",GA,30742,CATOOSA,"(706) 866-9854",4,Other,06/26/1986
111514,"HOSPICE OF NORTHEAST GA MC","2150 LIMESTONE PARKWAY STE 222",-,GAINESVILLE,GA,30501,HALL,"(770) 219-8888",4,Other,12/30/1986
111515,"TRINITY HOSPICE","4106 COLUMBIA ROAD, SUITE 201",-,MARTINEZ,GA,30907,COLUMBIA,"(706) 729-6000",4,For-Profit,07/15/1987
111516,"WEST GEORGIA HOSPICE","1510 VERNON ROAD",-,LAGRANGE,GA,30240,TROUP,"(706) 845-3905",4,Non-Profit,02/19/1987
111517,"HOSPICE SATILLA OF MEM HOSP","808 EVERGREEN WAY",-,WAYCROSS,GA,31501,WARE,"(912) 285-2340",4,Non-Profit,02/05/1988
111519,"ATRIUM HEALTH NAVICENT HOSPICE PINE POINTE","6261 PEAKE ROAD, SUITE B",-,MACON,GA,31210,BIBB,"(478) 633-5660",4,Other,03/22/1989
111520,"HOSPICE OF TIFT AREA","618 NORTH CENTRAL AVENUE",-,TIFTON,GA,31794,TIFT,"(229) 353-6330",4,Other,06/01/1989
111521,"HOSPICE OF SOUTHWEST GEORGIA","400 OLD ALBANY ROAD",-,THOMASVILLE,GA,31792,THOMAS,"(229) 584-5500",4,For-Profit,07/10/1989
111524,"ATRIUM HEALTH FLOYD MEDICAL CENTER HEYMAN HOSPICE CARE","420 EAST SECOND AVENUE, SUITE 103",-,ROME,GA,30161,FLOYD,"(706) 509-3200",4,Other,09/21/1990
111525,"ST. MARY'S HOSPICE SERVICES","1021 JAMESTOWN BLVD SUITE 219",-,WATKINSVILLE,GA,30677,OCONEE,"(706) 389-2273",4,Non-Profit,01/17/1991
111527,"PHOEBE HOSPICE","320 FOUNDATION LANE",-,ALBANY,GA,31707,DOUGHERTY,"(229) 312-7050",4,Other,05/02/1991
111528,GENTIVA,"200 BUSINESS CENTER DR, STE 200",-,STOCKBRIDGE,GA,30281,HENRY,"(770) 389-5760",4,For-Profit,05/27/1992
111530,"ABBEY HOSPICE","215 AZALEA COURT",-,"SOCIAL CIRCLE",GA,30025,NEWTON,"(770) 464-5858",4,For-Profit,02/01/1994
111531,"HOSPICE OF SOUTH GEORGIA","2263 PINEVIEW DRIVE",-,VALDOSTA,GA,31602,BROOKS,"(229) 433-7000",4,Non-Profit,07/09/1993
111532,"GEORGIA MOUNTAIN HOSPICE, INC.","70 CARING WAY",-,JASPER,GA,30143,PICKENS,"(706) 253-4100",4,Non-Profit,09/17/1993
111533,"PRUITTHEALTH HOSPICE AND PALLIATIVE CARE-ATLANTA","5365 OAKBROOK PARKWAY",-,NORCROSS,GA,30093,GWINNETT,"(404) 292-2081",4,For-Profit,12/14/1993
111534,"HOSPICE CARE- A PART OF TANNER","100 GREENWAY BLVD, SUITE F",-,CARROLLTON,GA,30117,CARROLL,"(770) 214-2355",4,Non-Profit,02/04/1994
111535,"OGEECHEE AREA HOSPICE, INC.","200 DONEHOO STREET",-,STATESBORO,GA,30458,BULLOCH,"(912) 764-8441",4,For-Profit,05/18/1994
111537,"PHOEBE SUMTER HOSPICE","126 EAST FURLOW STREET",-,AMERICUS,GA,31709,SUMTER,"(229) 928-4000",4,Non-Profit,08/03/1994
111542,"COLQUITT REGIONAL HOSPICE","415 ROWLAND DRIVE",-,MOULTRIE,GA,31768,COLQUITT,"(229) 890-3526",4,For-Profit,09/21/1995
111544,GENTIVA,"1120 SANCTUARY PARKWAY, SUITE 250",-,ALPHARETTA,GA,30009,FULTON,"(770) 952-5574",4,For-Profit,08/01/1995
111545,"PRUITTHEALTH HOSPICE-MACON","6060 LAKESIDE COMMONS DRIVE",-,MACON,GA,31210,BIBB,"(478) 745-9204",4,Non-Profit,09/14/1995
111548,"PRUITTHEALTH HOSPICE-CALHOUN","197 CURTIS PARKWAY NE",-,CALHOUN,GA,30701,GORDON,"(706) 602-9546",4,For-Profit,01/05/1996
111550,"CRISP REGIONAL HOSPICE AND PALLIATIVE CARE","202 E 4TH AVENUE",-,CORDELE,GA,31015,CRISP,"(229) 273-6282",4,Other,03/21/1996
111553,"VITAS HEALTHCARE CORPORATION OF GEORGIA","2000 RIVER EDGE PARKWAY, STE GL-100",-,ATLANTA,GA,30328,FULTON,"(404) 843-6500",4,For-Profit,12/18/1996
111556,GENTIVA,"432 EAST SHOTWELL STREET",-,BAINBRIDGE,GA,39819,DECATUR,"(229) 246-6330",4,For-Profit,05/23/1997
111559,GENTIVA,"105 JIM MASON COURT, STE100",-,"WARNER ROBINS",GA,31088,HOUSTON,"(478) 953-1016",4,For-Profit,11/06/1997
111560,GENTIVA,"700 BROOKSTONE CENTRE PARKWAY, SUITE 100",-,COLUMBUS,GA,31904,MUSCOGEE,"(706) 653-0835",4,For-Profit,11/07/1997
111569,"HOSPICE CARE OPTIONS INC.","486 NEW STREET",-,MACON,GA,31201,BIBB,"(478) 743-3033",4,For-Profit,06/04/1998
111571,"PRUITTHEALTH HOSPICE-VALDOSTA","407 COWART AVENUE",-,VALDOSTA,GA,31602,LOWNDES,"(229) 242-1187",4,For-Profit,12/16/1998
111572,"PRUITTHEALTH HOSPICE-SWAINSBORO","667 S MAIN STREET",-,SWAINSBORO,GA,30401,EMANUEL,"(478) 237-7798",4,For-Profit,02/16/1999
111574,"HOSPICE OF SOUTH GEORGIA, INC.","1625 SUNSET BLVD",-,JESUP,GA,31545,WAYNE,"(912) 588-0080",4,For-Profit,07/07/1999
111576,"COMMUNITY HOSPICE","904 MOUNT VERNON ROAD",-,VIDALIA,GA,30474,TOOMBS,"(912) 537-0063",4,For-Profit,10/28/1999
111577,"THE WEINSTEIN HOSPICE","3150 HOWELL MILL ROAD, NW",-,ATLANTA,GA,30327,FULTON,"(404) 352-4308",4,Non-Profit,11/11/1999
111578,"PRUITTHEALTH HOSPICE-CORDELE","708 EAST 16TH AVENUE",-,CORDELE,GA,31015,CRISP,"(229) 271-0300",4,For-Profit,11/12/1999
111579,"PRUITTHEALTH HOSPICE-GAINESVILLE","2545 FLINTRIDGE ROAD, SUITE 100",-,GAINESVILLE,GA,30501,HALL,"(770) 297-1970",4,For-Profit,12/01/1999
111580,"PRUITTHEALTH HOSPICE-AUGUSTA","1220 AUGUSTA WEST PARKWAY",-,AUGUSTA,GA,30909,RICHMOND,"(706) 650-1522",4,For-Profit,12/21/1999
111587,"AFFINITY HOSPICE","2700 NORTH OAK STREET BUILDING B",-,VALDOSTA,GA,31602,LOWNDES,"(229) 242-8904",4,For-Profit,08/08/2000
111596,"THOMASTON HOSPICE, INC","512 SOUTH CENTER STREET",-,THOMASTON,GA,30286,UPSON,"(706) 647-2273",4,For-Profit,11/09/2001
111599,"ADORATION HOSPICE","2010 AVALON PARKWAY, SUITE 200",-,MCDONOUGH,GA,30253,HENRY,"(678) 583-0717",4,For-Profit,03/06/2002
111601,"SPANISH OAKS HOSPICE, INC","8510 WHITFIELD AVENUE",-,SAVANNAH,GA,31406,CHATHAM,"(912) 508-0911",4,For-Profit,11/14/2002
111603,"HEARTLAND HOSPICE- MACON","5400 RIVERSIDE DRIVE STE 200",-,MACON,GA,31210,BIBB,"(478) 477-0101",4,For-Profit,02/27/2003
111608,"PRUITTHEALTH HOSPICE-BLUE RIDGE","6050 APPALACHIAN HWY, CLOCK TOWER CROSSING",-,"BLUE RIDGE",GA,30513,FANNIN,"(706) 632-0027",4,For-Profit,10/29/2003
111610,"HEARTLAND HOSPICE- AUGUSTA","4487 COLUMBIA ROAD, SUITE 103",-,MARTINEZ,GA,30907,RICHMOND,"(706) 860-7374",4,Non-Profit,02/25/2004
111612,GENTIVA,"575 RESEARCH DRIVE, STE A",-,ATHENS,GA,30605,CLARKE,"(706) 549-5736",4,For-Profit,06/21/2004
111614,"HERITAGE HOSPICE, INC","3315 HILLTOP DRIVE",-,MARIETTA,GA,30066,COBB,"(770) 423-5959",4,For-Profit,08/05/2004
111615,GENTIVA,"41 PARK OF COMMERCE WAY, SUITE 200B",-,SAVANNAH,GA,31405,CHATHAM,"(912) 352-8200",4,For-Profit,12/15/2004
111618,"BRIGHTMOOR HOSPICE, LLC","3247 NEWNAN ROAD",,GRIFFIN,GA,30223,SPALDING,"(770) 467-9930",4,For-Profit,06/02/2005
111621,"HARBOR GRACE HOSPICE, INC","500 LANIER AVENUE WEST, SUITE 401",-,FAYETTEVILLE,GA,30214,FAYETTE,"(678) 962-5850",4,For-Profit,09/12/2005
111626,"MEDICAL SERVICES OF AMERICA HOSPICE","4314 BELAIR FRONTAGE RD, SUITE B",-,AUGUSTA,GA,30909,RICHMOND,"(706) 447-2626",4,For-Profit,12/14/2005
111627,COMPASSUS-KENNESAW,"300 CHASTAIN CENTER BLVD SUITE 345",-,KENNESAW,GA,30144,COBB,"(770) 218-1997",4,For-Profit,03/30/2006
111631,"CRESCENT HOSPICE","621 NW FRONTAGE ROAD, SUITE 101",-,AUGUSTA,GA,30907,COLUMBIA,"(706) 447-2461",4,For-Profit,07/13/2006
111632,"HEART OF HOSPICE VALDOSTA","515 NORTH SAINT AUGUSTINE ROAD, SUITE D",-,VALDOSTA,GA,31601,LOWNDES,"(229) 333-5005",4,For-Profit,07/20/2006
111633,"DYNAMIC HOSPICE","419 EAST CROSSVILLE ROAD SUITE 105",-,ROSWELL,GA,30075,FULTON,"(470) 375-3115",4,For-Profit,06/01/2006
111634,"HEART OF HOSPICE NORTH ATLANTA","102 MARY ALICE PARK ROAD, SUITE 101",-,CUMMING,GA,30040,FORSYTH,"(678) 717-0969",4,For-Profit,08/03/2006
111635,MESUN,"88 JOHNSON ROAD",-,LAWRENCEVILLE,GA,30046,GWINNETT,"(770) 623-2710",4,For-Profit,08/17/2006
111637,"REGENCY SOUTHERNCARE","3730 WASHINGTON RD, SUITE 100",-,AUGUSTA,GA,30907,RICHMOND,"(706) 868-4422",4,For-Profit,09/07/2006
111638,"GEORGIA HOSPICE CARE","1700 VETERANS BLVD,",-,DUBLIN,GA,31021,LAURENS,"(800) 932-2738",4,For-Profit,10/12/2006
111640,"ACCENTCARE HOSPICE & PALLIATIVE CARE OF GEORGIA","11675 GREAT OAKS WAY, SUITE 310",-,ALPHARETTA,GA,30022,FULTON,"(404) 250-4950",4,Non-Profit,10/11/2006
111641,"TRANSITIONS HOSPICE, INC","316 EAST 7TH STREET SW",-,ROME,GA,30161,FLOYD,"(706) 378-2273",4,For-Profit,10/11/2006
111643,"AMEDISYS HOSPICE OF DALTON","1510 NORTH THORNTON AVENUE, SUITE 200",-,DALTON,GA,30720,WHITFIELD,"(706) 259-2518",4,For-Profit,12/18/2006
111644,GENTIVA,"664 SCRANTON ROAD SUITE 103",-,BRUNSWICK,GA,31520,GLYNN,"(912) 261-8760",4,Non-Profit,01/11/2007
111645,"PRUITTHEALTH HOSPICE-ROME","35 THREE RIVERS DR",-,ROME,GA,30161,FLOYD,"(706) 236-4706",4,For-Profit,02/14/2007
111648,COMPASSUS-ATLANTA,"3235 SATELLITE BLVD, SUITE 290",-,DULUTH,GA,30096,GWINNETT,"(770) 449-8142",4,For-Profit,03/23/2007
111649,COMPASSUS-FAYETTEVILLE,"101 YORKTOWN DRIVE, SUITE 107A",-,FAYETTEVILLE,GA,30214,FAYETTE,"(678) 817-4180",4,For-Profit,04/04/2007
111650,"PRUITTHEALTH HOSPICE-ATHENS","1751 MERIWEATHER DRIVE, SUITE 1A",-,WATKINSVILLE,GA,30677,OCONEE,"(706) 552-1699",4,For-Profit,04/04/2007
111651,COMPASSUS-ATHENS,"2470 DANIELS BRIDGE ROAD BLDG 100 SUITE 181",-,ATHENS,GA,30606,CLARKE,"(706) 354-1707",4,For-Profit,04/18/2007
111652,"HEARTLITE HOSPICE","307 W EMERY STREET, SUITE B1",-,DALTON,GA,30720,WHITFIELD,"(706) 272-1035",4,For-Profit,05/09/2007
111654,"ETERNAL FAITH HOSPICE AND PALLIATIVE CARE","1080 HOLCOMB BRIDGE ROAD, BLDG. 200, SUITE 100",-,ROSWELL,GA,30076,COBB,"(770) 797-9300",4,For-Profit,05/22/2007
111658,"AFFINITY HOSPICE","109 SOUTH DUVAL STREET",-,CLAXTON,GA,30417,EVANS,"(912) 739-0058",4,For-Profit,08/15/2007
111663,"ISLAND HOSPICE, INC","300 BULL STREET, SUITE 202",-,SAVANNAH,GA,31411,CHATHAM,"(888) 842-4663",4,Non-Profit,10/24/2007
111665,"AMEDISYS HOSPICE OF LAWRENCEVILLE","595 HURRICANE SHOALS ROAD, NW SUITE 201",-,LAWRENCEVILLE,GA,30046,GWINNETT,"(678) 442-7338",4,For-Profit,12/20/2007
111668,GENTIVA,"1051 CULPEPPER DRIVE SW, SUITE 100",-,CONYERS,GA,30094,ROCKDALE,"(678) 413-1360",4,For-Profit,03/05/2008
111671,"COMPASSUS HOSPICE AND PALLIATIVE CARE-MACON","1100 NORTHSIDE DRIVE",-,MACON,GA,31210,BIBB,"(478) 321-9070",4,Other,06/26/2008
111672,"AFFINIS CARTERSVILLE","162 W. MAIN STREET, SUITE 104",-,CARTERSVILLE,GA,30120,BARTOW,"(678) 689-2343",4,Non-Profit,07/01/2008
111673,"GEORGIA HOSPICE CARE","4900 IVEY ROAD NW, SUITE 1405",-,ACWORTH,GA,30101,COBB,"(770) 387-9578",4,For-Profit,10/01/2008
111675,GENTIVA,"2525 HIGHWAY 34 EAST",-,NEWNAN,GA,30265,COWETA,"(770) 502-1104",4,For-Profit,11/06/2008
111676,"AFFINITY HOSPICE","105 WESTPARK DRIVE, SUITE A",-,ATHENS,GA,30606,CLARKE,"(205) 949-0400",4,For-Profit,10/16/2008
111677,"PRUITTHEALTH HOSPICE-UNION CITY","7345 RED OAK ROAD BUILDING 25",-,"UNION CITY",GA,30291,FULTON,"(770) 254-8612",4,For-Profit,04/01/2009
111680,"LONGLEAF HOSPICE, LLC","2310 PARKLAKE DRIVE SUITE 325",-,ATLANTA,GA,30345,DEKALB,"(770) 939-9179",4,For-Profit,09/23/2009
111682,"COMPASSUS-NORTH GEORGIA II","583 HIGHLAND CROSSING, SUITE 120",-,ELLIJAY,GA,30540,GILMER,"(706) 686-5244",4,For-Profit,06/29/2009
111684,"GEORGIA HOSPICE CARE","645 TALLULAH TRAIL STE 202",-,"WARNER ROBINS",GA,31088,HOUSTON,"(800) 932-2738",4,For-Profit,10/15/2009
111685,"AMEDISYS HOSPICE CARE OF NEWNAN","1825 HIGHWAY 34 EAST,SUITE 2200",-,NEWNAN,GA,30265,COWETA,"(770) 502-3667",4,For-Profit,11/03/2009
111686,"AMEDISYS HOSPICE CARE OF KENNESAW","4255 WADE GREEN ROAD NW , BLDG 300 SUITE 320",-,KENNESAW,GA,30144,COBB,"(770) 423-1316",4,For-Profit,11/20/2009
111687,"AMEDISYS HOSPICE CARE OF CARTERSVILLE","11 CHARLEY HARPER DRIVE SUITE 170",-,CARTERSVILLE,GA,30120,BARTOW,"(770) 382-0114",4,Other,11/05/2009
111690,"AFFINIS HOSPICE, LLC","507 NORTH JEFFERSON STREET",-,ALBANY,GA,31702,DOUGHERTY,"(229) 435-2109",4,Non-Profit,03/05/2010
111691,"ETERNAL HOPE HOSPICE","123 N. 18TH STREET",-,GRIFFIN,GA,30223,SPALDING,"(770) 229-4673",4,For-Profit,04/19/2010
111692,"AMITY CARE","161 VILLAGE PARKWAY, BUILDING 7",-,MARIETTA,GA,30067,COBB,"(678) 402-5235",4,Other,04/01/2010
111693,"ETERNAL FAITH HOSPICE AND PALLIATIVE CARE","100 MARKET PLACE BLVD SUITE 301",-,CARTERSVILLE,GA,30121,BARTOW,"(678) 290-4817",4,For-Profit,04/14/2010
111695,"ETERNAL FAITH HOSPICE AND PALLIATIVE CARE","497 ROME STREET",-,CARROLLTON,GA,30117,CARROLL,"(770) 462-1047",4,For-Profit,06/23/2010
111697,"AGAPE HOSPICE CARE OF NORTHEAST GEORGIA, LLC","575 OLD NORCROSS ROAD, SUITE A",-,LAWRENCEVILLE,GA,30045,GWINNETT,"(404) 763-1456",4,For-Profit,07/06/2010
111698,COMPASSUS-SAVANNAH,"450 MALL BLVD, SUITE A",-,SAVANNAH,GA,31406,CHATHAM,"(912) 354-3727",4,For-Profit,07/26/2010
111700,"HEART OF HOSPICE WEST ATLANTA","1 COMMUNITY SQUARE BLVD, SUITE 302",-,"VILLA RICA",GA,30180,CARROLL,"(770) 456-4643",4,For-Profit,07/12/2010
111702,"AMEDISYS HOSPICE","138 CANAL STREET SUITES 304/305",-,POOLER,GA,31322,CHATHAM,"(912) 691-5755",4,For-Profit,05/20/2010
111704,"ENHABIT HOSPICE","1000 COBB PLACE BLVD NW SUITE 310",-,KENNESAW,GA,30144,COBB,"(678) 218-5745",4,For-Profit,01/26/2011
111705,"AMEDISYS HOSPICE","2952 VINEVILLE AVE",-,MACON,GA,31204,BIBB,"(478) 953-0520",4,For-Profit,03/17/2011
111707,"AMICASA HOSPICE HOME CARE","3482 FLAT SHOALS ROAD",-,DECATUR,GA,30034,DEKALB,"(404) 537-1960",4,Other,06/16/2011
111708,"AMEDISYS HOSPICE","1061 DOWDY ROAD SUITE 206",-,ATHENS,GA,30606,OCONEE,"(706) 369-3550",4,For-Profit,06/23/2011
111711,"BRISTOL HOSPICE GEORGIA, LLC","2849 PACES FERRY ROAD, SUITE 380",-,ATLANTA,GA,30339,COBB,"(770) 434-9530",4,For-Profit,08/26/2011
111716,"ETERNAL FAITH HOSPICE AND PALLIATIVE CARE","1561 LENRU ROAD, SUITE A",-,BOGART,GA,30622,CLARKE,"(770) 725-2399",4,For-Profit,11/11/2011
111717,"AFFINITY HOSPICE","138 MOUNTAIN BROOK DRIVE, SUITE 102",-,CANTON,GA,30115,CHEROKEE,"(706) 403-4033",4,Other,12/08/2011
111718,"AMEDISYS HOSPICE","53 ROCK DRIVE",-,TOCCOA,GA,30577,STEPHENS,"(706) 827-0020",4,For-Profit,12/14/2011
111719,"AFFINIS HOSPICE, LLC- GAINESVILLE","2565 THOMPSON BRIDGE ROAD SUITE 201",-,GAINESVILLE,GA,30501,HALL,"(678) 989-0981",4,Non-Profit,01/05/2012
111720,"COMFORT CARE HOSPICE","88 HERITAGE STREET",-,BAXLEY,GA,31513,APPLING,"(912) 367-4146",4,For-Profit,02/27/2012
111722,"ST JOSEPH HOSPICE, LLC","1231 AUGUSTA WEST PKWY",-,AUGUSTA,GA,30909,RICHMOND,"(706) 922-7480",4,For-Profit,06/04/2012
111723,"ETERNAL FAITH HOSPICE AND PALLIATIVE CARE","794 MCDONOUGH ROAD, SUITE 107",-,JACKSON,GA,30233,BUTTS,"(770) 775-0100",4,For-Profit,05/10/2012
111726,"TAPESTRY HOSPICE OF NORTHWEST GEORGIA, LLC","189 PROFESSIONAL COURT SE STE 300",-,CALHOUN,GA,30701,GORDON,"(706) 383-8812",4,Other,07/25/2012
111728,"AFFINIS HOSPICE","21 HIGHLAND DRIVE",-,NEWNAN,GA,30263,COWETA,"(404) 832-4232",4,For-Profit,09/27/2012
111731,"ATLANTA FAMILY HOSPICE AND PALLIATIVE CARE II, LLC","5950 LIVE OAK PARKWAY, SUITE 240",-,NORCROSS,GA,30093,GWINNETT,"(770) 892-1637",4,Non-Profit,12/03/2012
111732,"ENHABIT HOSPICE","2743 PERIMETER PARKWAY, BUILDING 100, STE 110",-,AUGUSTA,GA,30909,RICHMOND,"(706) 550-9966",4,For-Profit,10/11/2012
111733,"AGAPE HOSPICE CARE OF CARROLLTON, LLC","126 WEST MONTGOMERY STREET",-,"VILLA RICA",GA,30180,CARROLL,"(770) 462-6000",4,For-Profit,01/31/2013
111734,"AFFINITY HOSPICE","1233 EAGLES LANDING PKWY, STE A&B",-,STOCKBRIDGE,GA,30281,HENRY,"(678) 583-2269",4,For-Profit,02/08/2013
111735,"AVEANNA HOSPICE","285 COUNTRY CLUB DR, STE 100,",-,STOCKBRIDGE,GA,30281,HENRY,"(678) 603-1321",4,For-Profit,02/28/2013
111736,"GEORGIA HOSPICE CARE","500 JESSE JEWEL PARKWAY SE, SUITE 201",-,GAINESVILLE,GA,30501,HALL,"(800) 932-2738",4,For-Profit,03/28/2013
111738,"GEORGIA HOSPICE CARE","2743 PERIMETER PARKWAY BLDG. 200, SUITE 230",-,AUGUSTA,GA,30909,COLUMBIA,"(800) 932-2738",4,For-Profit,06/20/2013
111740,"RELIANCE HOSPICE CARE","625 CARVER ROAD",-,GRIFFIN,GA,30224,PIKE,"(770) 227-9222",4,For-Profit,02/07/2014
111741,"ETERNAL FAITH HOSPICE AND PALLIATIVE CARE","1209 STARR DRIVE",-,DALTON,GA,30720,WHITFIELD,"(706) 217-1926",4,For-Profit,02/20/2014
111743,"AFFINIS HOSPICE, LLC","825 BAXTER STREET",-,ATHENS,GA,30605,OCONEE,"(706) 705-6000",4,For-Profit,02/27/2014
111745,"ETERNAL FAITH HOSPICE AND PALLIATIVE CARE","470 SOUTH HOUSTON LAKE RD, SUITE 100",-,"WARNER ROBINS",GA,31093,HOUSTON,"(478) 971-1099",4,For-Profit,06/23/2014
111746,"AFFINIS HOSPICE LLC","806 MAPLE DRIVE",-,VIDALIA,GA,30474,TOOMBS,"(912) 538-0465",4,For-Profit,06/19/2014
111748,"AFFINIS HOSPICE, LLC","2945 WALTON WAY",-,AUGUSTA,GA,30909,RICHMOND,"(706) 434-0421",4,Non-Profit,08/28/2014
111750,"SOUTHERN GRACE HOSPICE AND PALLIATIVE CARE","80 CANDLER ROAD",-,MCDONOUGH,GA,30253,HENRY,"(678) 432-8811",4,For-Profit,08/28/2014
111753,"HELPING HANDS HOSPICE","1350 AUGUSTA WEST PARKWAY",-,AUGUSTA,GA,30909,RICHMOND,"(706) 432-8321",4,For-Profit,10/09/2014
111754,"OPUSCARE OF GEORGIA","5040 SNAPFINGER WOODS DRIVE, SUITE 204A",-,STONECREST,GA,30035,DEKALB,"(770) 483-9111",4,For-Profit,10/02/2014
111757,HOSPICE360,"833 CAMPBELL HILL STREET NW, SUITE 114",-,MARIETTA,GA,30060,COBB,"(770) 545-8226",4,For-Profit,01/29/2015
111760,"GEORGIA HOSPICE CARE","141 SOUTH MACON STREET",-,JESUP,GA,31545,WAYNE,"(912) 427-3202",4,For-Profit,05/07/2015
111762,"AFFINITY HOSPICE","1395 SOUTH MARIETTA PKWY SE, BLDG 400, SUITE 116",-,MARIETTA,GA,30067,COBB,"(404) 444-4748",4,For-Profit,05/21/2015
111763,"ENHABIT HOSPICE","3920 ARKWRIGHT ROAD, SUITE 325A",-,MACON,GA,31210,BIBB,"(478) 474-1155",4,Other,04/29/2015
111764,"FAMILY HOSPICE","435 WEST BANKHEAD HWY",-,"VILLA RICA",GA,30180,COBB,"(434) 977-9711",4,For-Profit,06/24/2015
111765,"ETERNAL FAITH HOSPICE AND PALLIATIVE CARE","426 CLEVELAND ST STE 3",-,BLAIRSVILLE,GA,30512,UNION,"(706) 835-3960",4,For-Profit,07/23/2015
111766,"SOVEREIGN HOSPICE","6065 ROSWELL RD. SUITE 520",-,"SANDY SPRINGS",GA,30328,FULTON,"(470) 223-3773",4,For-Profit,08/27/2015
111768,"PRECIOUS HOSPICE","105 HABERSHAM DRIVE, SUITE D",-,FAYETTEVILLE,GA,30214,FAYETTE,"(404) 992-5088",4,For-Profit,09/11/2015
111769,"SOUTHEAST HOSPICE","3736 EXECUTIVE CENTER DRIVE",-,MARTINEZ,GA,30907,RICHMOND,"(706) 364-3108",4,For-Profit,10/30/2015
111770,"HOPE HOSPICE OF ATLANTA","5604 WENDY BAGWELL PARKWAY, SUITE 422",-,HIRAM,GA,30141,PAULDING,"(678) 903-2159",4,For-Profit,11/24/2015
111771,"AFFINIS HOSPICE","130 CANAL STREET, SUITE 104",-,POOLER,GA,31322,CHATHAM,"(912) 748-6000",4,For-Profit,11/22/2015
111772,"BRIDGE HOSPICE, LLC","119 CANAL ST SUITE 103",-,POOLER,GA,31322,CHATHAM,"(912) 417-4571",4,For-Profit,08/21/2015
111773,"GEORGIA HOSPICE CARE","2425 WESTGATE DRIVE, SUITE 100",-,ALBANY,GA,31701,DOUGHERTY,"(229) 349-6390",4,For-Profit,02/01/2016
111774,"CAPSTONE HOSPICE LLC","5550 PEACHTREE PARKWAY, SUITE 150",-,"PEACHTREE CORNERS",GA,30092,GWINNETT,"(770) 558-6202",4,For-Profit,04/27/2016
111776,"GOLDEN RULE HOSPICE, LLC.","4080 MCGINNIS FERRY ROAD, SUITE 602",-,ALPHARETTA,GA,30005,FULTON,"(470) 395-6567",4,For-Profit,04/28/2016
111777,"CARIS HEALTHCARE","127 BATTLEFIELD CROSSSING COURT","SUITE 127",RINGGOLD,GA,30736,CATOOSA,"(706) 944-9110",4,Other,05/25/2016
111780,"AFFINITY HOSPICE","2000 RIVERSIDE PARKWAY, SUITE 107",-,LAWRENCEVILLE,GA,30043,GWINNETT,"(678) 878-3215",4,For-Profit,08/18/2016
111781,"AFFINIS HOSPICE","1705 BOULEVARD SQ, SUITE C",-,WAYCROSS,GA,31501,WARE,"(912) 590-0121",4,Non-Profit,06/29/2016
111782,"BRISTOL HOSPICE- EAST GEORGIA","2053 EXPERIMENT STATION ROAD, BUILDING 500,",-,WATKINSVILLE,GA,30677,OCONEE,"(706) 850-9300",4,For-Profit,09/13/2016
111783,"CIRCLE OF ANGELS HOSPICE INC","2817 HIGHWAY 212 SW",-,CONYERS,GA,30094,ROCKDALE,"(770) 679-1899",4,For-Profit,10/13/2016
111786,"HOMESPUN HOSPICE, LLC","308 N WALL STREET",-,CALHOUN,GA,30701,GORDON,"(678) 986-7746",4,For-Profit,03/16/2017
111788,"LOVING ARMS HOSPICE","1775 PARKER ROAD BLDG. C, SUITE 210",-,CONYERS,GA,30094,DEKALB,"(770) 765-7030",4,For-Profit,06/20/2017
111790,"INS HOSPICE","1818 LAKEFIELD COURT SE SUITE B",-,CONYERS,GA,30013,ROCKDALE,"(404) 784-9158",4,Other,07/14/2017
111793,"GUARDIAN ANGELS HOSPICE","3469 LAWRENCEVILLE HWY #205",-,TUCKER,GA,30084,DEKALB,"(470) 242-5682",4,For-Profit,11/16/2017
111795,"FAVOR HOSPICE CARE","1400 BUFORD HWY, SUITE M-3",-,"SUGAR HILL",GA,30518,GWINNETT,"(470) 330-9864",4,For-Profit,04/16/2018
111796,"SYMPONIA HOSPICE","4288 MEMORIAL DR, SUITE B",-,DECATUR,GA,30032,DEKALB,"(770) 456-5701",4,For-Profit,04/16/2018
111799,"ADORATION HOSPICE","125 OAK HILL BLVD",-,NEWNAN,GA,30265,COWETA,"(678) 583-0717",4,For-Profit,04/16/2018
121500,"ST FRANCIS HOSPICE","24 PUIWA ROAD - IN PATIENT UNIT",-,HONOLULU,HI,96817,HONOLULU,"(808) 595-7566",9,Non-Profit,12/20/1983
121501,"NAVIAN HAWAII","680 IWILEI ROAD","SUITE 660",HONOLULU,HI,96817,HONOLULU,"(808) 924-9255",9,Non-Profit,03/25/1986
121503,"DBA HAWAI'I CARE CHOICES","1011 WAIANUENUE AVENUE",-,HILO,HI,96720,HAWAII,"(808) 969-1733",9,Non-Profit,08/25/1989
121504,"HOSPICE MAUI","400 MAHALANI STREET",,WAILUKU,HI,96793,MAUI,"(808) 244-5555",9,Non-Profit,05/10/1991
121505,"HOSPICE OF KONA","75-5925 WALUA ROAD, SUITE 101",-,"KAILUA KONA",HI,96740,HAWAII,"(808) 324-7700",9,Non-Profit,02/26/1992
121506,"NORTH HAWAII HOSPICE, INC","65-1328 KAWAIHAE ROAD",-,KAMUELA,HI,96743,HAWAII,"(808) 885-7547",9,For-Profit,08/06/1992
121507,"KAUAI HOSPICE","4457 PAHE'E STREET",-,LIHUE,HI,96766,KAUAI,"(808) 245-7277",9,Non-Profit,02/12/1997
121508,"BRISTOL HOSPICE - HAWAII, LLC","55 MERCHANT STREET, SUITE 2900",-,HONOLULU,HI,96813,HONOLULU,"(808) 536-8012",9,For-Profit,08/10/2007
121509,"ISLANDS HOSPICE","820 MILILANI ST, SUITE 400",-,HONOLULU,HI,96813,HONOLULU,"(808) 550-2552",9,Non-Profit,11/26/2009
121511,"MALAMA OLA HEALTH SERVICES LLC","1783 PIIKEA STREET",-,HONOLULU,HI,96818,HONOLULU,"(808) 543-1188",9,For-Profit,11/27/2018
121512,"KAISER PERMANENTE CARE AT HOME, OAHU HOSPICE","3288 MOANALUA RD",-,HONOLULU,HI,96819,-,"(808) 432-7660",9,,04/23/2024
131501,"IDAHO HOME HEALTH & HOSPICE","722 N, COLLEGE RD STE 125","3356 E GOLDSTONE WAY, STE 100, MERIDIAN, ID 83642","TWIN FALLS",ID,83301,"TWIN FALLS","(208) 887-9283",10,Other,04/05/1984
131503,"ST LUKE'S HOME CARE / HOSPICE","3330 E LOUISE DR, STE 400",-,MERIDIAN,ID,83642,ADA,"(208) 381-2138",10,Non-Profit,05/19/1986
131504,"HOSPICE OF NORTH IDAHO","2290 W PRAIRIE AVE",-,"COEUR D ALENE",ID,83815,KOOTENAI,"(208) 772-7994",10,Non-Profit,05/23/1986
131507,"ENHABIT HOME HEALTH & HOSPICE","1450 S EAGLE FLIGHT WAY, STE 100A",-,BOISE,ID,83709,ADA,"(208) 321-8641",10,For-Profit,04/28/1987
131510,"HORIZON HOSPICE WEST","211 E LOGAN STREET STE #103",-,CALDWELL,ID,83605,PAYETTE,"(208) 642-9222",10,For-Profit,07/18/1990
131514,"BONNER COMMUNITY HOSPICE","520 NORTH THIRD AVENUE",-,SANDPOINT,ID,83864,BONNER,"(208) 265-1179",10,Non-Profit,07/22/1992
131516,"HORIZON HOSPICE MAGIC VALLEY","855 N COLLEGE ROAD",-,"TWIN FALLS",ID,83301,"TWIN FALLS","(208) 344-6500",10,For-Profit,03/21/1994
131519,"FRANKLIN COUNTY MEDICAL CENTER HOSPICE","44 NORTH 1ST EAST",-,PRESTON,ID,83263,FRANKLIN,"(208) 852-1937",10,Government,11/02/1994
131520,"HORIZON HOSPICE","63 W WILLOWBROOK DR",-,MERIDIAN,ID,83642,ADA,"(208) 888-7877",10,For-Profit,05/08/1995
131524,"HOSPICE VISIONS","455 PARK VIEW LOOP",-,"TWIN FALLS",ID,83301,"TWIN FALLS","(208) 735-0121",10,Non-Profit,09/07/1995
131528,"HEART 'N HOME HOSPICE","200 MAIN ST",-,LEWISTON,ID,83501,"NEZ PERCE","(208) 799-5275",10,For-Profit,09/25/1996
131534,"SYRINGA GENERAL HOSPITAL HOSPICE","607 WEST MAIN STREET",-,GRANGEVILLE,ID,83530,IDAHO,"(208) 983-1700",10,Other,12/02/1997
131538,"HOSPICE OF EASTERN IDAHO","1810 MORAN STREET",-,"IDAHO FALLS",ID,83401,BONNEVILLE,"(208) 529-0342",10,For-Profit,08/01/2000
131540,"ENHABIT HOSPICE OF IDAHO","435 S WHITLEY DR",-,FRUITLAND,ID,83619,PAYETTE,"(208) 461-1600",10,For-Profit,07/17/2002
131541,"ASPEN HOSPICE","3480 WASHINGTON PARKWAY",-,"IDAHO FALLS",ID,83404,BONNEVILLE,"(208) 529-0800",10,For-Profit,08/05/2002
131542,"INTERMOUNTAIN HOMECARE HOSPICE - CASSIA","1501 HILAND AVE, STE Z",-,BURLEY,ID,83318,CASSIA,"(208) 677-6282",10,For-Profit,11/27/2002
131544,"ALLIANCE HOSPICE OF IDAHO","1655 1ST STREET",-,"IDAHO FALLS",ID,83401,BONNEVILLE,"(208) 733-2234",10,For-Profit,05/09/2003
131545,"HEART N HOME HOSPICE & PALLIATIVE CARE","1104 VERMONT AVE",-,FRUITLAND,ID,83619,PAYETTE,"(208) 452-2663",10,Other,06/17/2004
131547,"HANDS OF HOPE HOSPICE","3242 S WOODRUFF AVE","STE B","IDAHO FALLS",ID,83404,BONNEVILLE,"(208) 523-7441",10,For-Profit,03/15/2005
131550,"ENCOMPASS HOSPICE OF EASTERN IDAHO","183 VISTA DRIVE SUITE B",-,POCATELLO,ID,83201,BANNOCK,"(208) 637-1100",10,For-Profit,03/27/2006
131552,"SYMBII HOSPICE","240 WEST BURNSIDE AVENUE, SUITE B",-,CHUBBUCK,ID,83202,BANNOCK,"(208) 637-2273",10,For-Profit,07/25/2006
131553,"HARRISON'S HOPE","3137 S MERIDIAN RD, SUITE 120","3137 S MERIDIAN RD, SUITE 120",MERIDIAN,ID,83642,ADA,"(208) 947-6800",10,For-Profit,09/21/2006
131555,"JOURNEYS HOSPICE","223 EAST AMITY",-,NAMPA,ID,83686,CANYON,"(208) 353-4285",10,For-Profit,02/06/2007
131557,"CREST HOME HEALTH AND HOSPICE, LLC","2100 NORTHWEST BLVD STE 120",-,"COEUR D'ALENE",ID,83814,KOOTENAI,"(208) 765-4343",10,Non-Profit,08/27/2007
131558,"IDAHO HOME HEALTH & HOSPICE OF TREASURE VALLEY","822 S. 10TH AVE",-,CALDWELL,ID,83605,CANYON,"(208) 467-7423",10,For-Profit,10/24/2008
131559,"AUBURN CREST HOSPICE","1221 IRONWOOD DR SUITE 102",-,"COEUR D'ALENE",ID,83814,KOOTENAI,"(208) 665-8111",10,For-Profit,12/05/2008
131563,"FIRST CHOICE HOME HEALTH & HOSPICE","12400 WEST OVERLAND ROAD, SUITE 100",-,BOISE,ID,83709,ADA,"(208) 322-4663",10,For-Profit,07/15/2010
131564,"HARRISON'S HOPE TWIN FALLS","401 GOODINGS ST N SUITE 107",-,"TWIN FALLS",ID,83301,"TWIN FALLS","(208) 286-1300",10,For-Profit,09/13/2010
131565,"ONESOURCE HOSPICE","1680 ELK CREEK DRIVE",-,"IDAHO FALLS",ID,83404,BONNEVILLE,"(208) 524-0685",10,For-Profit,10/28/2010
131566,"SOLACE HEALTHCARE","850 ENERGY PL STE.2",-,"IDAHO FALLS",ID,83401,JEFFERSON,"(208) 757-8444",10,For-Profit,04/20/2011
131568,"HERITAGE HOSPICE","1009 W QUINN ROAD, SUITE B",-,POCATELLO,ID,83202,BANNOCK,"(208) 238-0088",10,For-Profit,08/12/2013
131570,"AUBURN CREST HOSPICE TREASURE VALLEY, LLC","3751 N CLOVERDALE RD",-,BOISE,ID,83713,ADA,"(208) 321-5073",10,For-Profit,03/18/2014
131571,"ACHS HOSPICE & PALLIATIVE CARE","815 S BRIDGEWAY PLACE STE 122",-,EAGLE,ID,83616,ADA,"(208) 473-2077",10,For-Profit,07/30/2014
131573,"SALMON VALLEY HOSPICE","404 COURTHOUSE DR",-,SALMON,ID,83467,LEMHI,"(208) 993-8050",10,For-Profit,04/16/2015
131574,"KEYSTONE HOSPICE","868 E RIVERSIDE DRIVE SUITE 270",-,EAGLE,ID,83616,ADA,"(208) 996-8181",10,For-Profit,07/15/2016
131575,"DOCTORS HOSPICE OF IDAHO","1811 E KARCHER ROAD 83687",-,NAMPA,ID,83687,CANYON,"(208) 985-2260",10,For-Profit,12/02/2016
131576,"GENTIVA HOSPICE","1321 N NORTHWOOD CENTER COURT, SUITE A",-,"COEUR D'ALENE",ID,83814,KOOTENAI,"(208) 765-3452",10,For-Profit,12/30/2016
131577,"CANYON HOME CARE & HOSPICE","929 NW 16TH STREET",-,FRUITLAND,ID,83619,PAYETTE,"(208) 642-1838",10,For-Profit,06/20/2017
131578,"BRIO IDAHO HOSPICE LLC","556 W SUNNYSIDE RD",-,"IDAHO FALLS",ID,83402,BONNEVILLE,"(801) 361-4381",10,For-Profit,08/27/2017
131579,"HOMESTEAD HOME HEALTH & HOSPICE LLC","407 WEST 1ST NORTH",-,REXBURG,ID,83441,MADISON,"(208) 497-7384",10,For-Profit,09/07/2017
131580,"LIGHTHOUSE HOSPICE LLC","1079 S ANCONA AVE, STE 130",-,EAGLE,ID,83616,ADA,"(208) 576-6383",10,For-Profit,11/30/2017
131581,"ASPEN HOME CARE AND HOSPICE","2950 E MAGIC VIEW DR STE 188",-,MERIDIAN,ID,83642,ADA,"(208) 401-9153",10,For-Profit,06/05/2019
131582,"ADVANCED HOME CARE AND HOSPICE OF COEUR D'ALENE","1450 NORTHWEST BLVD STE 103",-,"COEUR D'ALENE",ID,83814,KOOTENAI,"(208) 769-0500",10,For-Profit,02/13/2019
131583,"BLUEBIRD HOSPICE","3080 E GENTRY WAY, STE 203",-,MERIDIAN,ID,83642,ADA,"(208) 401-9600",10,For-Profit,03/09/2021
131584,"EDEN HOSPICE","1480 MIDWAY AVENUE, UNIT 7",-,AMMON,ID,83406,BONNEVILLE,"(208) 255-1640",10,For-Profit,05/05/2021
131585,"ANCORA HOSPICE & PALLIATIVE SERVICES, LLC","401 N WHITLEY DRIVE",-,FRUITLAND,ID,83619,PAYETTE,"(208) 573-2606",10,For-Profit,11/22/2021
131587,"TERRACE HOSPICE","2929 W. NAVIGATOR DR","STE 310",MERIDIAN,ID,83642,ADA,"(208) 506-7240",10,,08/04/2023
131588,"WHITE OAK HOSPICE","124 N SENECA SPRINGS WAY","STE B",STAR,ID,83669,-,"(208) 629-1037",10,,08/09/2023
131589,"A BRIDGE HOME LLC","1201 FALLS AVE E","SUITE #34","TWIN FALLS",ID,83301,IDAHO,"(208) 423-8694",10,,09/20/2023
131590,"EDEN HOSPICE AT THE INLAND NORTHWEST LLC","676 N TRIANGLE DRIVE",-,PONDERAY,ID,83852,BONNER,"(208) 946-6873",10,,08/24/2023
131591,"ELITE HOSPICE","504 MAIN STREET",-,LEWISTON,ID,83501,"NEZ PERCE","(208) 576-6500",10,,08/02/2024
131592,"COPPER FALLS HOSPICE LLC","1830 S. EAGLE RD",-,MERIDIAN,ID,83642,CANYON,"(208) 995-2453",10,,08/07/2024
131593,"GEISS MED HOSPICE ID LLC","4301 GARRITY BLVD, STE 103",-,NAMPA,ID,83687,-,"(855) 434-7763",10,,04/09/2025
131594,"AARONDALE HOSPICE","39 W PINE AVE","STE B20",MERIDIAN,ID,83642,ADA,"(208) 996-2262",10,,08/21/2025
131595,"ASCEND HOSPICE OF IDAHO","534 4TH AVE",-,LEWISTON,ID,83501,"NEZ PERCE","(208) 739-5093",10,,10/15/2025
131596,"OAKSTONE HOSPICE LLC","2450 E 25TH ST",-,"IDAHO FALLS",ID,83404,BONNEVILLE,"(208) 516-1550",10,,12/26/2025
141501,"BLESSING HOSPICE","5011 OAK STREET",-,QUINCY,IL,62305,ADAMS,"(217) 228-5521",5,Non-Profit,06/04/1984
141504,"HOSPICE OF SOUTHERN ILLINOIS, INC","305 S ILLINOIS ST",-,BELLEVILLE,IL,62220,"ST. CLAIR","(618) 235-1703",5,Non-Profit,08/01/1984
141507,"ADVENTIST ST THOMAS HOSPICE","119 E OGDEN AVE, STE 111",-,HINSDALE,IL,60521,DUPAGE,"(630) 856-6990",5,For-Profit,03/14/1985
141511,"OSF HOSPICE","9800 SOUTHWEST HIGHWAY",-,"OAK LAWN",IL,60453,COOK,"(708) 229-4663",5,Non-Profit,12/30/1986
141513,"RAINBOW HOSPICE","1550 BISHOP COURT",-,"MOUNT PROSPECT",IL,60056,COOK,"(847) 685-9900",5,Non-Profit,01/21/1988
141514,"VITAS HEALTHCARE CORPORATION OF ILLINOIS","580 WATERS EDGE LANE , SUITE 100",-,LOMBARD,IL,60148,DUPAGE,"(630) 495-8484",5,For-Profit,02/01/1988
141516,"ADVOCATE HOSPICE","2311 W 22ND ST","STE 300","OAK BROOK",IL,60523,DUPAGE,"(630) 963-6800",5,"Combination Government & Non-Profit",04/26/1988
141520,"NORTHERN ILLINOIS HOSPICE","4751 HARRISON AVENUE",-,ROCKFORD,IL,61108,WINNEBAGO,"(815) 398-0500",5,Non-Profit,11/16/1988
141521,"VNA HOSPICE","2350 N ROCKTON AVE, STE 401",-,ROCKFORD,IL,61103,WINNEBAGO,"(815) 971-3550",5,Non-Profit,12/29/1988
141522,"RESIDENTIAL HOSPICE","630 DUNDEE RD","SUITE 320",NORTHBROOK,IL,60062,COOK,"(855) 902-5100",5,Non-Profit,01/06/1989
141524,"MDH HOSPICE,THE","525 E GRANT ST",-,MACOMB,IL,61455,MCDONOUGH,"(309) 836-1543",5,Government,01/12/1989
141525,"JOURNEYCARE - BARRINGTON","405 LAKE ZURICH ROAD",-,BARRINGTON,IL,60010,COOK,"(847) 381-5599",5,Non-Profit,03/01/1989
141526,"CARLE HOSPICE","4116 FIELDSTONE RD",-,CHAMPAIGN,IL,61822,CHAMPAIGN,"(800) 239-3620",5,Other,05/09/1989
141527,"JOURNEYCARE - DEERFIELD","1717 DEERFIELD RD., SUITE 101",-,DEERFIELD,IL,60015,LAKE,"(844) 656-8763",5,For-Profit,04/10/1989
141529,"HOSPICE OF THE CALUMET AREA INC","3256 RIDGE ROAD, SUITE 207",-,LANSING,IL,60438,COOK,"(708) 895-8332",5,Other,08/31/1989
141530,"SSM HOSPICE OF ILLINOIS","1501 MCPHERSON AVENUE",-,"MOUNT VERNON",IL,62864,JEFFERSON,"(618) 899-1651",5,Non-Profit,11/09/1989
141531,"VITAS HEALTHCARE CORPORATION OF ILLINOIS","1040 4TH STREET",-,PERU,IL,61354,LASALLE,"(815) 220-0021",5,For-Profit,01/09/1990
141535,"UCM HOME CARE","ONE INGALLS DRIVE",-,HARVEY,IL,60426,COOK,"(708) 331-0226",5,Non-Profit,06/15/1990
141539,"LIGHTWAYS HOSPICE AND SERIOUS ILLNESS CARE","250 WATER STONE CIRCLE",-,JOLIET,IL,60431,WILL,"(815) 740-4104",5,Non-Profit,10/03/1990
141540,"HOSPICE CARE OF ILLINOIS","701 NORTH FIRST STREET",-,SPRINGFIELD,IL,62781,SANGAMON,"(217) 788-4663",5,Other,10/19/1990
141541,"VITAS HEALTHCARE CORPORATION OF ILLINOIS","8525 W 183RD STREET, STE M",-,"TINLEY PARK",IL,60487,COOK,"(708) 781-4400",5,For-Profit,02/18/1991
141543,"STAR HOSPICE","36100 N BROOKSIDE DR, STE 101",-,GURNEE,IL,60031,LAKE,"(847) 672-9225",5,Other,04/24/1991
141544,"FAMILY HOSPICE OF BELLEVILLE AREA","5110 WEST MAIN STREET",-,BELLEVILLE,IL,62226,"ST. CLAIR","(618) 277-1800",5,Non-Profit,08/01/1991
141546,"OSF HOSPICE","2265 WEST ALTORFER DRIVE",-,PEORIA,IL,61615,PEORIA,"(309) 683-7700",5,Non-Profit,01/30/1992
141548,"MERCY HEALTH HOSPICE METROPOLIS","704 E 5TH ST, STE 5",-,METROPOLIS,IL,62960,MASSAC,"(270) 415-3636",5,Non-Profit,05/04/1992
141551,"UNITY HOSPICE OF CHICAGOLAND, LLC","600 W CERMAK RD SUITE 3D",-,CHICAGO,IL,60616,COOK,"(312) 949-1188",5,For-Profit,02/03/1993
141552,"ROCK RIVER HOSPICE AND HOME","2706 AVENUE E",-,STERLING,IL,61081,WHITESIDE,"(815) 288-3673",5,Non-Profit,03/25/1993
141553,"VNA HEALTH CARE, AN ILLINOIS NOT-FOR-PROFIT CORPORATION","400 NORTH HIGHLAND AVENUE",-,AURORA,IL,60506,KANE,"(630) 978-2532",5,Non-Profit,04/01/1993
141556,"UPLIFTED CARE","482 MAIN STREET NW",-,BOURBONNAIS,IL,60914,KANKAKEE,"(815) 939-4141",5,Non-Profit,05/26/1993
141560,"FHN HOSPICE","773 WEST LINCOLN ST, STE 403",-,FREEPORT,IL,61032,STEPHENSON,"(815) 599-7240",5,For-Profit,08/12/1993
141566,"LOYOLA MEDICINE HOSPICE","2301 W 22ND STREET, STE 107",-,"OAK BROOK",IL,60523,DUPAGE,"(630) 861-5165",5,Non-Profit,04/14/1994
141569,"TRADITIONS HEALTH","3333 WARRENVILLE ROAD","SUITE 200, OFFICE 279",LISLE,IL,60132,DUPAGE,"(630) 682-3871",5,For-Profit,06/22/1994
141571,"CASS-SCHUYLER AREA HOSPICE","331 S MAIN ST",-,VIRGINIA,IL,62691,CASS,"(217) 452-3057",5,Government,08/04/1994
141573,"OSF SAINT ANTHONY'S HOSPICE","228 ALTON SQUARE",-,ALTON,IL,62002,MADISON,"(618) 463-5683",5,Non-Profit,09/15/1994
141574,"VITAS HEALTHCARE CORPORATION OF ILLINOIS","1340 SOUTH DAMEN AVENUE, STE A",-,CHICAGO,IL,60608,COOK,"(312) 997-7200",5,For-Profit,10/14/1994
141575,"QUAD COUNTY HOSPICE","8 HUBER STREET",-,PANA,IL,62557,CHRISTIAN,"(217) 562-2131",5,Non-Profit,10/21/1994
141576,"RESIDENTIAL HOSPICE OF SOUTHERN ILLINOIS","104 AIRWAY DRIVE, SUITE 1",-,MARION,IL,62959,WILLIAMSON,"(800) 358-8227",5,For-Profit,11/30/1994
141579,"SERENITY HOSPICE AND HOME","1658 S ILLINOIS ROUTE 2","PO BOX 462",OREGON,IL,61061,OGLE,"(815) 732-2499",5,Non-Profit,03/03/1995
141581,"HOSPICE COMPASSUS - NORTHWEST ILLINOIS","799 NORTH HENDERSON STREET",-,GALESBURG,IL,61401,KNOX,"(309) 342-3007",5,For-Profit,05/17/1995
141582,"ACCENTCARE HOSPICE & PALLIATIVE CARE OF ILLINOIS","6400 SHAFER COURT","SUITE 300",ROSEMONT,IL,60018,COOK,"(847) 759-9449",5,For-Profit,05/09/1995
141583,"UNITYPOINT HOSPICE","106 19TH AVENUE, SUITE 101",-,MOLINE,IL,61265,"ROCK ISLAND","(309) 779-7600",5,Non-Profit,07/20/1995
141586,"HEARTLAND HOSPICE (NORTHBROOK)","1110 W LAKE COOK RD, STE 130",-,"BUFFALO GROVE",IL,60089,LAKE,"(847) 272-7338",5,For-Profit,11/01/1995
141591,"PALOS COMMUNITY HOSPITAL HOSPICE","15295 E 127TH STREET",-,LEMONT,IL,60439,DUPAGE,"(630) 257-1111",5,Non-Profit,06/06/1997
141594,"BOND COUNTY HEALTH DEPARTMENT","1520 SOUTH FOURTH STREET",-,GREENVILLE,IL,62246,BOND,"(618) 664-1442",5,Government,04/03/1998
141596,"ELARA CARING I","1011 E. TOUHY AVE STE 170A",-,"DES PLAINES",IL,60018,COOK,"(224) 244-7381",5,For-Profit,08/17/1998
141597,"UNITY HOSPICE OF GREATER ST LOUIS","1604 EASTPORT PLAZA DR STE 102",-,COLLINSVILLE,IL,62234,MADISON,"(618) 346-1111",5,For-Profit,01/01/1998
141599,"SARAH BUSH LINCOLN HOSPICE","700 W LINCOLN AVE, STE 100",-,CHARLESTON,IL,61920,COLES,"(800) 454-4055",5,Non-Profit,08/10/1999
141601,"OSF HOSPICE - EASTERN REGION","1701 E COLLEGE AVE",-,BLOOMINGTON,IL,61704,MCLEAN,"(309) 451-5925",5,Non-Profit,12/06/2000
141605,"OSF HOSPICE","9951 ROCK CUT CROSSING",-,"LOVES PARK",IL,61111,WINNEBAGO,"(815) 433-6090",5,Non-Profit,09/04/2002
141607,"FAYETTE COUNTY HEALTH DEPARTMENT HOSPICE","416 W EDWARDS STREET","MAILING - 509 WEST EDWARDS STREET",VANDALIA,IL,62471,FAYETTE,"(618) 283-1044",5,Government,09/09/2002
141608,"KINDRED HOSPICE","85 WEST ALGONQUIN ROAD, SUITE 100",-,"ARLINGTON HEIGHTS",IL,60005,COOK,"(847) 439-0348",5,For-Profit,09/05/2002
141609,"PROVIDENCE HOSPICE","14301 INDEPENDENCE WAY",-,"HOMER GLEN",IL,60491,WILL,"(800) 509-2800",5,Non-Profit,02/10/2003
141610,"GENTIVA I","800 ENTERPRISE DRIVE, SUITE 111",-,"OAK BROOK",IL,60523,DUPAGE,"(708) 409-3040",5,For-Profit,03/12/2003
141611,"CLAY COUNTY HEALTH DEPARTMENT","601 EAST 12TH STREET",-,FLORA,IL,62839,CLAY,"(618) 662-4406",5,Government,07/16/2003
141614,"UNITY HOSPICE OF WESTERN ILLINOIS","915 N CARON ROAD",-,ROCHELLE,IL,61068,OGLE,"(815) 561-8866",5,For-Profit,02/10/2004
141616,"IROQUOIS MEMORIAL HOSPICE","200 E FAIRMAN AVE",-,WATSEKA,IL,60970,IROQUOIS,"(815) 432-0185",5,Other,11/04/2004
141617,"HEARTLAND HOSPICE (ROCKFORD)","6000 E STATE STREET, STE 1",-,ROCKFORD,IL,61108,WINNEBAGO,"(815) 397-3691",5,For-Profit,09/20/2004
141619,"HEARTLAND HOSPICE (FRANKFORT)","20960 S FRANKFORT SQUARE ROAD, UNIT C",-,FRANKFORT,IL,60423,WILL,"(815) 469-7100",5,For-Profit,11/30/2004
141621,"ST CROIX HOSPICE","185 BUCKLEY DRIVE, STE B",-,ROCKFORD,IL,61107,WINNEBAGO,"(815) 316-2700",5,For-Profit,04/01/2005
141622,"FAMILY CENTERED HOSPICE","2171 EXECUTIVE DRIVE","SUITE 450",ADDISON,IL,60101,DUPAGE,"(630) 317-3300",5,For-Profit,05/04/2005
141623,COMPASSUS-CHICAGO,"3301 RESOURCE PARKWAY, SUITE 5",-,DEKALB,IL,60115,LASALLE,"(815) 220-1390",5,For-Profit,10/20/2005
141624,"ST CROIX HOSPICE LOMBARD","333 E BUTTERFIELD RD, STE 100",-,LOMBARD,IL,60148,DUPAGE,"(630) 748-3652",5,For-Profit,10/26/2005
141626,"TRANSITIONS HOSPICE, LLC","2312 TOUHY AVENUE",-,"ELK GROVE VILLAGE",IL,60007,DUPAGE,"(847) 515-1505",5,For-Profit,04/13/2006
141627,"HOPE HOSPICE, INC","3501 W. ALGONQUIN ROAD","SUITE 190","ROLLING MEADOWS",IL,60008,COOK,"(847) 803-0400",5,For-Profit,03/01/2007
141628,"THREE OAKS HOSPICE","1717 N NAPER BLVD SUITE 301",-,NAPERVILLE,IL,60563,DUPAGE,"(773) 233-1010",5,For-Profit,09/07/2007
141630,"GUARDIAN HEALTHCARE & HOSPICE, LLC","1775 WINNETKA ROAD, STE 101",-,NORTHFIELD,IL,60093,COOK,"(847) 446-0000",5,For-Profit,05/08/2009
141631,"HENDERSON COUNTY HEALTH DEPARTMENT HOSPICE","208 WEST ELM STREET",-,GLADSTONE,IL,61437,HENDERSON,"(309) 627-2812",5,"Combination Government & Non-Profit",06/11/2009
141632,"ALEXIAN BROTHERS HOSPICE","1515 E LAKE STREET, STE 206",-,"HANOVER PARK",IL,60133,ADAMS,"(847) 685-9900",5,Non-Profit,10/13/2009
141634,"VITAS HEALTHCARE CORPORATION MIDWEST","16 EXECUTIVE DRIVE, SUITE 100",-,"FAIRVIEW HEIGHTS",IL,62208,"ST. CLAIR","(618) 622-9073",5,For-Profit,02/02/2011
141636,"HEARTLAND HOSPICE (FAIRVIEW HEIGHTS)","333 SALEM PLACE, SUITE 165",-,"FAIRVIEW HEIGHTS",IL,62208,"ST. CLAIR","(618) 632-0304",5,For-Profit,05/02/2011
141637,"BJC HOSPICE","2220 S STATE ROUTE 157, STE 300",-,"GLEN CARBON",IL,62034,MADISON,"(618) 463-7100",5,Non-Profit,05/27/2011
141638,"GAFFEY HOME NURSING & HOSPICE, INC","3408 EAST 23RD STREET",-,STERLING,IL,61081,WHITESIDE,"(815) 626-3467",5,For-Profit,09/15/2011
141639,"COVENANTCARE HOSPICE","3755 EAST MAIN STREET, SUITE 165",-,"SAINT CHARLES",IL,60174,KANE,"(630) 845-0680",5,Non-Profit,10/12/2011
141640,"GOOD SAMARITAN HOSPICE","2101 JAMES ST.",-,LAWRENCEVILLE,IL,62439,LAWRENCE,"(800) 604-9203",5,"Combination Government & Non-Profit",12/21/2011
141641,"COMFORT PLUS HOSPICE INC","7150 N UNIVERSITY STREET",-,PEORIA,IL,61614,PEORIA,"(309) 263-4787",5,For-Profit,11/03/2011
141644,"ANGELS GRACE HOSPICE","440 QUADRANGLE DRIVE SUITE G",-,BOLINGBROOK,IL,60440,WILL,"(630) 633-6370",5,For-Profit,07/27/2012
141645,"APEX HOSPICE AND PALLIATIVE CARE, INC","510 OAKMONT LANE",-,WESTMONT,IL,60559,DUPAGE,"(630) 601-1280",5,For-Profit,06/07/2012
141648,"SANCTUARY HOSPICE","1 WESTBROOK CORPORATE CTR","STE 525",WESTCHESTER,IL,60154,COOK,"(312) 662-1009",5,For-Profit,11/08/2012
141650,"ACCORD HOSPICE","400 LAKE COOK RD, SUITE 223",-,DEERFIELD,IL,60015,LAKE,"(847) 780-4594",5,For-Profit,04/11/2013
141652,"SOLACE HOSPICE & PALLIATIVE CARE INC","40W310 LAFOX RD, UNIT K2",-,"ST CHARLES",IL,60175,DUPAGE,"(847) 250-5036",5,For-Profit,07/29/2013
141653,"INTEGRATED PALLIATIVE AND HOSPICE LLC","151 W. GOLF ROAD",-,LIBERTYVILLE,IL,60048,LAKE,"(847) 549-0588",5,For-Profit,08/21/2013
141654,"V CARE HOSPICE SERVICES OF ILLINOIS","3100 DUNDEE ROAD, SUITE 303",-,NORTHBROOK,IL,60062,COOK,"(847) 272-5883",5,For-Profit,08/07/2013
141655,"RESIDENTIAL HOSPICE LLC","2443 WARRENVILLE RD, STE 500",-,LISLE,IL,60532,DUPAGE,"(886) 902-5854",5,Other,07/05/2013
141657,"WILLOW HOSPICE AND PALLIATIVE CARE LLC","18400 MAPLE CREEK DR, STE 500",-,"TINLEY PARK",IL,60477,COOK,"(708) 719-6533",5,For-Profit,05/28/2014
141658,"HSHS HOSPICE ILLINOIS","900 W TEMPLE AVE","BUILDING A, STE 101",EFFINGHAM,IL,62401,EFFINGHAM,"(217) 347-1777",5,Non-Profit,10/14/2014
141659,"BREEZE HOSPICE","1109 HARTMAN LN, STE 200",-,SHILOH,IL,62221,"ST. CLAIR","(618) 416-6410",5,For-Profit,12/12/2014
141660,"ST CROIX HOSPICE DES PLAINES","11741 SOUTHWEST HIGHWAY",-,"PALOS HEIGHTS",IL,60463,COOK,"(708) 323-2501",5,For-Profit,03/20/2015
141661,"CAPITAL HOSPICE & PALLIATIVE CARE LLC","17W662 BUTTERFIELD RD, STE 207",-,"OAKBROOK TERRACE",IL,60181,DUPAGE,"(630) 581-5492",5,For-Profit,02/23/2015
141662,"OASIS HOSPICE & PALLIATIVE CARE INC","19810-19812 GOVERNORS HIGHWAY",-,FLOSSMOOR,IL,60422,COOK,"(773) 941-4838",5,For-Profit,06/11/2015
141663,"BEACON OF HOPE HOSPICE OF ILLINOIS","1235 N HENDERSON ST, #A",-,GALESBURG,IL,61401,KNOX,"(309) 760-0466",5,For-Profit,07/09/2015
141665,"CARETENDERS HOSPICE","3701 ALGONQUIN RD, STE 100",-,"ROLLING MDWS",IL,60008,COOK,"(847) 635-6199",5,For-Profit,10/26/2015
141666,GENTIVA,"2815 OLD JACKSONVILLE ROAD, SUITE 202",-,SPRINGFIELD,IL,62704,SANGAMON,"(217) 525-6200",5,For-Profit,04/19/2016
141667,"CHICAGO HOPE & PALLIATIVE HEALTHCARE INC","9944 S ROBERTS ROAD SUITE 105",-,"PALOS HILLS",IL,60465,COOK,"(708) 598-2509",5,For-Profit,03/03/2016
141668,"ALC PALLIATIVE AND HOSPICE CARE INC","360 W BUTTERFIELD RD, STE 325",-,ELMHURST,IL,60126,COOK,"(630) 480-6887",5,For-Profit,09/29/2016
141690,"DIVINE HOSPICE & PALLIATIVE CARE LLC","234 GARDEN STREET",-,YORKVILLE,IL,60560,KENDALL,"(630) 553-8500",5,For-Profit,03/29/2017
141691,"MERIDIAN PALLIATIVE & HOSPICE CARE SERVICES LLC","3601 ALGONQUIN RD., SUITE 305",-,"ROLLING MEADOWS",IL,60008,LAKE,"(847) 543-7550",5,For-Profit,04/05/2017
141692,"ELARA CARING VII","1999 WABASH AVE",-,SPRINGFIELD,IL,62704,SANGAMON,"(217) 210-8457",5,For-Profit,05/09/2017
141693,"VIP HOME HEALTH & HOSPICE INC.","17W703 BUTTERFIELD RD, STE G",-,"OAKBROOK TERRACE",IL,60181,DUPAGE,"(630) 410-8338",5,For-Profit,03/30/2017
141694,"SERENITY ONE HOSPICE AND PALLIATIVE CARE LLC","2200 S MAIN ST, SUITE 212",-,LOMBARD,IL,60148,DUPAGE,"(630) 953-2019",5,For-Profit,08/28/2017
141695,"ELYSIAN HOSPICE, INC.","320 E JACKSON ST, STE 6",-,MORTON,IL,61550,TAZEWELL,"(309) 699-4715",5,Non-Profit,03/23/2018
141696,"SUNCREST HOSPICE ILLINOIS LLC","5 REVERE DR, STE 130",-,NORTHBROOK,IL,60062,COOK,"(847) 983-0017",5,For-Profit,01/01/2018
141697,"UNITED HOSPICE, INC","1420 RENAISSANCE DRIVE, STE 209",-,"PARK RIDGE",IL,60068,COOK,"(847) 779-3989",5,For-Profit,04/16/2018
141698,"MAPLE CREEK HOSPICE INC","110 S MARKET ST.",-,SPARTA,IL,62286,RANDOLPH,"(618) 443-4671",5,For-Profit,10/22/2018
141699,"LIFECHOICE HOSPICE AND PALLIATIVE CARE","800 E NORTHWEST HWY, SUITE 526",-,PALATINE,IL,60074,COOK,"(847) 777-8888",5,For-Profit,04/25/2019
141700,"OSF HOSPICE - URBANA","1501 INTERSTATE DRIVE, STE C",-,CHAMPAIGN,IL,61822,CHAMPAIGN,"(217) 355-4120",5,Non-Profit,05/31/2019
141701,"PEARL PALLIATIVE AND HOSPICE","1328 MAIN STREET, 2A",-,CRETE,IL,60417,DUPAGE,"(630) 410-1060",5,For-Profit,09/13/2019
141702,"TRANSITIONS HOSPICE CENTRAL ILLINOIS LLC","3011A VILLAGE OFFICE PLACE",-,CHAMPAIGN,IL,61822,CHAMPAIGN,"(217) 212-9121",5,For-Profit,05/23/2019
141704,"HAVEN HOSPICE IL, LLC","120 S PENNSYLVANIA STREET",-,CHRISMAN,IL,61924,EDGAR,"(217) 728-3200",5,For-Profit,03/17/2020
141705,"DOVER HOSPICE IL CHICAGO METRO, LLC","3333 75TH STREET",LL20-A,WOODRIDGE,IL,60517,DUPAGE,"(815) 630-2279",5,For-Profit,07/21/2020
141706,"FIVE STAR HOSPICE AND PALLIATIVE CARE LLC","2500 WEST HIGGINS ROAD SUITE 1165",-,"HOFFMAN ESTATES",IL,60169,COOK,"(847) 610-3188",5,For-Profit,02/24/2021
141707,"ILLUMINATE HOSPICE","1815 S MEYERS RD","SUITE 210","OAKBROOK TERRACE",IL,60181,COOK,"(224) 574-4220",5,For-Profit,04/25/2021
141708,"SERENITY POINT HOSPICE LLC","762 E CHESTNUT ST",-,CANTON,IL,61520,FULTON,"(309) 435-7050",5,For-Profit,06/09/2021
141709,"AMENITY HEALTH CARE INC","715 W LAKE STREET",-,ADDISON,IL,60101,DUPAGE,"(630) 366-6424",5,For-Profit,06/10/2021
141710,"SHILOH HOSPICE & PALLIATIVE CARE, LLC","603 E 170TH STREET",-,"SOUTH HOLLAND",IL,60473,COOK,"(708) 705-5851",5,Other,06/30/2021
141711,"IN-HOME CARE CONNECTION HOSPICE SERVICES","680 W PERU ST",-,PRINCETON,IL,61356,BUREAU,"(815) 993-5374",5,For-Profit,06/17/2021
141713,"LIGHTHOUSE HOSPICE CARE LLC","648 N RIVER RD STE 100",-,NAPERVILLE,IL,60563,DUPAGE,"(331) 472-4706",5,For-Profit,08/24/2021
141715,"MOMENTS HOSPICE OF CHICAGO NORTH LLC","2860 S RIVER RD, STE 160",-,"DES PLAINES",IL,60018,COOK,"(773) 798-6741",5,For-Profit,10/06/2021
141716,"MOMENTS HOSPICE OF CHICAGO SOUTH LLC","545 PLAINFIELD RD, SUITE G-1",-,WILLOWBROOK,IL,60527,DUPAGE,"(708) 397-8871",5,For-Profit,11/19/2021
141717,"ORION HOSPICE AND PALLIATIVE CARE INC","632 EXECUTIVE DRIVE",-,WILLOWBROOK,IL,60527,COOK,"(847) 324-9346",5,For-Profit,03/30/2022
141718,"FIRST HEALTH HOSPICE LLC","1111 W 22ND ST","SUITE 260","OAK BROOK",IL,60523,DUPAGE,"(561) 234-7084",5,For-Profit,04/06/2022
141719,"ENTERA HOSPICE, INC","10700 W HIGGINS RD STE 340",-,ROSEMONT,IL,60018,COOK,"(847) 324-5550",5,For-Profit,07/14/2022
141721,"WE CARE HOSPICE SERVICES","5360 FARGO AVE","SUITE 202",SKOKIE,IL,60077,COOK,"(847) 597-1870",5,,10/27/2022
141722,"ANODYNE PALLIATIVE SERVICES, LLC","999 N MAIN ST STE 102A",-,"GLEN ELLYN",IL,60137,-,"(630) 463-9032",5,,01/20/2023
141723,"VITAL CARE HOSPICE LLC","3317 W 95TH ST, STE 8",-,"EVERGREEN PARK",IL,60805,COOK,"(773) 232-7200",5,,03/07/2023
141724,"LOVING CARE HOSPICE INC.","5875 N. LINCOLN AVE, STE 150",-,CHICAGO,IL,60659,-,"(773) 997-1993",5,,03/21/2023
141725,"HANDS OF GOD HOSPICE","1500 N. 5TH STREET","SUITE 203",SPRINGFIELD,IL,62702,SANGAMON,"(217) 284-9070",5,,09/15/2023
141726,"WILLOW RIDGE HOSPICE, LLC","536 SOUTH SCHRADER",-,HAVANA,IL,62644,MASON,"(309) 543-1239",5,,08/28/2023
141727,"BRISTOL HOSPICE - CHICAGO, LLC","2800 S. RIVER ROAD, STE 440",-,"DES PLAINES",IL,60018,COOK,"(872) 777-1750",5,,07/06/2023
141728,"VISIONS HOSPICE","1701 E WOODFIELD RD, SUITE 810",-,SCHAUMBURG,IL,60173,COOK,"(847) 235-6000",5,,11/28/2023
141729,"HEART TO HEART HOSPICE CORP","9950 LAWRENCE AVE.","SUITE 301","SCHILLER PARK",IL,60176,-,"(224) 567-8093",5,,12/14/2023
141730,"MIDWEST HOSPICE LLC","1045 DIXIE HWY, STE 100",-,"CHICAGO HEIGHTS",IL,60411,-,"(708) 437-0002",5,,11/21/2023
141731,"ENHABIT HOSPICE","2970 BAKER DRIVE","SUITE B",SPRINGFIELD,IL,62703,-,"(447) 442-1237",5,,01/31/2024
141732,"FAMILY PARAMOUNT HOSPICE LLC","800 W 5TH AVE","STE 208B",NAPERVILLE,IL,60563,-,"(331) 814-3137",5,,05/06/2024
141733,"NOVA HOSPICE CARE LLC","7370 N LINCOLN AVE","STE D",LINCOLNWOOD,IL,60712,-,"(800) 520-1948",5,,03/12/2024
141734,"ARDENT HOSPICE & PALLIATIVE CARE SOUTHERN ILLINOIS, INC.","732 SUSSEX WAY, STE B",-,O'FALLON,IL,62269,"ST. CLAIR","(618) 607-8110",5,,05/06/2024
141735,"GEMINI HOSPICE, LLC","5836 LINCOLN AVE","STE 200","MORTON GROVE",IL,60053,COOK,"(847) 834-6967",5,,05/24/2024
141736,"DESTINY HOSPICE AND PALLIATIVE CARE, INC.","350 W. NORTH AVE.",-,ADDISON,IL,60101,DUPAGE,"(630) 743-8979",5,,04/19/2024
141737,"MO CHARA HOSPICE LLC","1740 SOUTH BELL SCHOOL RD","UNIT C","CHERRY VALLEY",IL,61016,WINNEBAGO,"(847) 275-9510",5,,03/13/2024
141738,"QUALITY OF LIFE HOSPICE & PALLIATIVE CARE LLC","15255 S 94TH AVE","SUITE 500, UNIT 552","ORLAND PARK",IL,60462,COOK,"(708) 996-5898",5,,08/05/2024
141739,"CENTURION HOSPICE & PALLIATIVE CARE","2720 S RIVER RD., STE 219",-,"DES PLAINES",IL,60018,-,"(224) 567-8810",5,,09/16/2024
141740,"LUXE HOSPICE AND PALLIATIVE CARE LLC","2860 S. RIVER RD, STE 145",-,"DES PLAINES",IL,60018,COOK,"(708) 746-8150",5,,12/13/2024
141741,"CADRE HOSPICE - CHICAGO LLC","4355 WEAVER PARKWAY","SUITE 110",WARRENVILLE,IL,60555,-,"(331) 252-9001",5,,02/21/2025
141742,"MOMENTS HOSPICE OF SPRINGFIELD LLC","2131 W WHITE OAKS DR, STE C",-,SPRINGFIELD,IL,62704,SANGAMON,"(877) 666-3687",5,,09/11/2024
141743,"CUREWELL HOSPICE AND PALLIATIVE CARE LLC","425 OGDEN AVE",-,"DOWNERS GROVE",IL,60515,DUPAGE,"(630) 506-5553",5,,05/15/2025
141744,"TOWN SQUARE HOSPICE ILLINOIS LLC","112 W. WASHINGTON STREET","STE 2B",MONTICELLO,IL,61856,PIATT,"(217) 670-6990",5,,04/23/2025
141745,"DOVER HOSPICE IL STL METRO, LLC","2 GINGER CREEK VLG",-,"GLEN CARBON",IL,62034,MADISON,"(618) 961-8331",5,,08/14/2025
141746,"ALL PROGRESSIVE PALLIATIVE & HOSPICE CARE, INC.","601 SKOKIE BLVD, SUITE 303",-,NORTHBROOK,IL,60062,COOK,"(847) 908-8858",5,,08/28/2025
141747,"ST CROIX HOSPICE","1000 36TH AVE, STE 102",-,MOLINE,IL,61265,"ROCK ISLAND","(309) 272-1141",5,,11/14/2025
141748,"WILLOW BRANCH HOSPICE, LLC","5333 N SHERIDAN RD","SUITE 300",CHICAGO,IL,60640,COOK,"(872) 351-4991",5,,10/16/2025
151500,"HOSPICE OF THE CALUMET AREA INC","600 SUPERIOR AVE",-,MUNSTER,IN,46321,LAKE,"(219) 922-2732",5,Non-Profit,05/05/1986
151501,"CENTER FOR HOSPICE AND PALLIATIVE CARE INC, THE","501 COMFORT PLACE",-,MISHAWAKA,IN,46545,"ST. JOSEPH","(574) 243-3100",5,Non-Profit,07/18/1986
151502,"OUR HOSPICE OF SOUTH CENTRAL INDIANA INC","2626 E 17TH ST",-,COLUMBUS,IN,47201,BARTHOLOMEW,"(812) 314-8000",5,Non-Profit,01/26/1987
151503,"STILLWATER HOSPICE","5910 HOMESTEAD RD",-,"FORT WAYNE",IN,46814,ALLEN,"(260) 435-3222",5,Non-Profit,03/18/1987
151504,"HOSPARUS SOUTHERN INDIANA","502 HAUSFELDT LANE",-,"NEW ALBANY",IN,47150,FLOYD,"(812) 945-4596",5,Non-Profit,01/03/1989
151505,"VNA HOSPICE HOME CARE","501 MARQUETTE STREET",-,VALPARAISO,IN,46383,PORTER,"(219) 462-5195",5,Other,06/26/1989
151507,"COMPASSUS-INDIANAPOLIS METRO","6510 TELECOM DR","SUITE 165",INDIANAPOLIS,IN,46278,MARION,"(317) 829-2124",5,For-Profit,02/09/1990
151510,"HOSPICE OF THE WABASH VALLEY INC","400 8TH AVE",-,"TERRE HAUTE",IN,47804,VIGO,"(812) 234-2515",5,Non-Profit,05/31/1991
151511,"INDIANA UNIVERSITY HEALTH HOSPICE","950 N MERIDIAN ST, SUITE 700",-,INDIANAPOLIS,IN,46204,MARION,"(317) 962-0800",5,Other,05/22/1991
151514,"HEART TO HEART HOSPICE OF SOUTHWEST INDIANA LLC","415 E 6TH STREET",-,JASPER,IN,47546,DUBOIS,"(812) 482-2012",5,For-Profit,03/31/1992
151516,"COMPASSUS-SOUTHERN INDIANA","2626 SOUTH WEBSTER STREET, SUITE A",-,KOKOMO,IN,46902,HOWARD,"(765) 252-2353",5,Government,07/02/1992
151518,"DEACONESS HOSPICE","611 HARRIETT STREET",-,EVANSVILLE,IN,47710,VANDERBURGH,"(812) 450-7021",5,Other,08/28/1992
151521,"HEARTLAND HOSPICE (FT WAYNE)","2720 DUPONT COMMERCE COURT, SUITE 210",-,"FORT WAYNE",IN,46825,ALLEN,"(260) 484-7622",5,For-Profit,09/16/1993
151523,"FRANCISCAN HOSPICE CARE","8414 FRANCISCAN LANE",-,INDIANAPOLIS,IN,46237,MARION,"(317) 528-2092",5,For-Profit,08/27/1993
151524,"REID HEALTH","1913 CHESTER BLVD",-,RICHMOND,IN,47374,WAYNE,"(765) 983-3344",5,Non-Profit,11/03/1993
151526,"GOOD SAMARITAN HOSPICE","520 S 7TH ST",-,VINCENNES,IN,47591,KNOX,"(812) 885-8035",5,"Combination Government & Non-Profit",07/01/1994
151527,"GOSHEN HOME CARE AND HOSPICE","1147 PROFESSIONAL DRIVE",-,GOSHEN,IN,46526,ELKHART,"(574) 364-2700",5,Non-Profit,11/15/1994
151529,"SCHNECK MEDICAL CENTER HOSPICE","415 S WALNUT STREET",-,SEYMOUR,IN,47274,JACKSON,"(812) 522-0508",5,Government,12/09/1994
151537,"ASERACARE HOSPICE","8910 PURDUE ROAD STE 130",-,INDIANAPOLIS,IN,46268,MARION,"(317) 337-0439",5,For-Profit,10/06/1995
151540,"MAIN STREET HOSPICE, LLC","10 HIGHLAND AVENUE",-,FRANKLIN,IN,46131,JOHNSON,"(317) 736-0055",5,For-Profit,01/11/1996
151544,"TRADITIONS HEALTH","1229 ARROWHEAD COURT",-,"CROWN POINT",IN,46307,LAKE,"(219) 661-3100",5,Non-Profit,01/25/1996
151547,"SUBURBAN HOSPICE, INC","14297 BERGEN BOULEVARD STE 150",-,NOBLESVILLE,IN,46060,HAMILTON,"(317) 468-4522",5,Government,02/23/1996
151551,"MARGARET MARY HEALTH HOSPICE","321 MITCHELL AVENUE",-,BATESVILLE,IN,47006,RIPLEY,"(812) 933-5125",5,Non-Profit,07/01/1996
151552,"PARKVIEW HOSPICE","1900 CAREW ST STE 6",-,"FORT WAYNE",IN,46805,ALLEN,"(260) 373-9800",5,Non-Profit,06/27/1996
151553,"HELPING HEARTS HOSPICE","1314 E WALNUT ST PO BOX 760",-,WASHINGTON,IN,47501,DAVIESS,"(812) 254-8950",5,Non-Profit,07/11/1996
151554,"COMMUNITY HOSPICE","9894 EAST 121ST STREET, SUITE 5",-,FISHERS,IN,46037,HAMILTON,"(317) 621-5900",5,For-Profit,08/09/1996
151556,"HOOSIER UPLANDS HOSPICE","500 W MAIN ST",-,MITCHELL,IN,47446,LAWRENCE,"(812) 849-4447",5,Non-Profit,10/01/1996
151557,"GENTIVA I","1701 E. MARKET STREET",-,JEFFERSONVILLE,IN,47130,CLARK,"(812) 284-2600",5,For-Profit,01/01/1997
151558,"GENTIVA I","5401 VOGEL ROAD, SUITE 740",-,EVANSVILLE,IN,47715,VANDERBURGH,"(812) 476-8990",5,For-Profit,01/01/1997
151560,"COMPASSUS - INDIANAPOLIS","3530 W FOX RIDGE LANE",-,MUNCIE,IN,47304,DELAWARE,"(765) 288-2162",5,For-Profit,01/22/1997
151561,"HEART TO HEART HOSPICE OF EASTERN INDIANA LLC","1178 FREMONT COURT SUITE 2",-,ELKHART,IN,46516,ELKHART,"(574) 350-4977",5,For-Profit,03/20/1997
151562,"GENTIVA III","1476 W 18TH ST",-,ROCHESTER,IN,46975,FULTON,"(574) 224-4673",5,Other,04/17/1997
151563,"FRANCISCAN HOSPICE CARE","1501 HARTFORD ST, SUITE G525",-,LAFAYETTE,IN,47904,TIPPECANOE,"(765) 423-6224",5,Non-Profit,06/19/1997
151564,"HENRY COUNTY MEMORIAL HOSPITAL HOSPICE","798 N 16TH STREET",-,"NEW CASTLE",IN,47362,HENRY,"(765) 593-2389",5,Other,08/01/1997
151572,"SOUTHERNCARE INDIANAPOLIS","1907 SOUTH LIBERTY DRIVE","SUITE 102",BLOOMINGTON,IN,47403,MONROE,"(812) 334-8343",5,For-Profit,01/15/2002
151573,"HEARTLAND HOSPICE (INDIANAPOLIS)","931 E 86TH ST STE 208",-,INDIANAPOLIS,IN,46240,MARION,"(317) 251-3012",5,For-Profit,04/11/2002
151575,"VIAQUEST HOSPICE OF INDIANA, LLC","724 WEST NAVAJO STREET",-,"WEST LAFAYETTE",IN,47906,TIPPECANOE,"(765) 446-9100",5,For-Profit,08/30/2002
151577,"GUARDIAN ANGEL HOSPICE INC","513 W LINCOLN RD",-,KOKOMO,IN,46902,HOWARD,"(765) 453-7702",5,For-Profit,12/10/2002
151582,"SOUTHERNCARE SOUTH BEND","1626E DAY ROAD",-,MISHAWAKA,IN,46545,"ST. JOSEPH","(574) 259-0895",5,For-Profit,09/02/2003
151583,"UNITY HOSPICE OF NORTHWEST INDIANA LLC","3313 EAST 83RD PLACE",-,MERRILLVILLE,IN,46410,LAKE,"(219) 769-8648",5,For-Profit,11/13/2003
151586,"KINDRED HOSPICE","37 SOUTH PARK BOULEVARD, BLDG 1",-,GREENWOOD,IN,46143,JOHNSON,"(317) 788-0300",5,For-Profit,02/24/2004
151587,"HEART TO HEART HOSPICE OF CENTRAL INDIANA LLC","1614 N BALDWIN AVE STE A",-,MARION,IN,46952,GRANT,"(765) 677-0684",5,For-Profit,08/11/2004
151589,"HERITAGE HOSPICE INC","1202 W BUENA VISTA RD STE 107",-,EVANSVILLE,IN,47710,VANDERBURGH,"(812) 475-9712",5,For-Profit,04/12/2005
151590,"ASERACARE HOSPICE","6724 E MORGAN AVE STE A",-,EVANSVILLE,IN,47715,ADAMS,"(812) 858-1032",5,For-Profit,06/09/2005
151591,"ELARA CARING","2130 W SYCAMORE, SUITE 240 A",-,KOKOMO,IN,46901,HOWARD,"(765) 388-4125",5,For-Profit,07/15/2005
151592,"GENTIVA I","4134 SOUTH 7TH STREET",-,"TERRE HAUTE",IN,47802,VIGO,"(812) 478-3250",5,For-Profit,03/07/2006
151594,"GENTIVA III","6640 PARKDALE PL","SUITE R",INDIANAPOLIS,IN,46254,MARION,"(317) 272-0975",5,For-Profit,06/09/2006
151595,"ASERACARE HOSPICE","808 VALE PARK ROAD, SUITE 200",-,VALPARAISO,IN,46383,PORTER,"(219) 462-6398",5,For-Profit,12/29/2006
151596,"KEYSTONE HOSPICE","8455 KEYSTONE CROSSING",-,INDIANAPOLIS,IN,46240,MARION,"(317) 805-4711",5,For-Profit,03/06/2007
151597,"HEART TO HEART HOSPICE OF INDIANAPOLIS LLC","2611 WATERFRONT PKWY E DR STE 200",-,INDIANAPOLIS,IN,46214,MARION,"(317) 718-7422",5,For-Profit,04/13/2007
151599,"ADORATION HOSPICE","9292 N. MERIDIAN STREET, SUITE 250",-,INDIANAPOLIS,IN,46260,MARION,"(317) 844-8700",5,For-Profit,10/10/2007
151601,"GENTIVA II","9775 CROSSPOINT BOULEVARD, SUITE 118",-,INDIANAPOLIS,IN,46256,MARION,"(317) 381-0095",5,For-Profit,08/25/2008
151603,"ACCENTCARE HOSPICE AND PALLIATIVE CARE OF INDIANA","6640 INTECH BLVD STE 270",-,INDIANAPOLIS,IN,46278,MARION,"(317) 885-4200",5,For-Profit,11/25/2008
151605,"AMEDISYS HOSPICE","305 QUARTERMASTER CT",-,JEFFERSONVILLE,IN,47130,CLARK,"(812) 284-4630",5,For-Profit,02/16/2011
151606,"TRADITIONS HEALTH","7215 E 21ST STREET, SUITE A",-,INDIANAPOLIS,IN,46219,MARION,"(463) 202-2926",5,Other,05/22/2012
151608,"HEART TO HEART HOSPICE OF NORTHERN INDIANA LLC","620 W EDISON ROAD, SUITE 122",-,MISHAWAKA,IN,46545,"ST. JOSEPH","(574) 855-4475",5,For-Profit,09/19/2012
151611,"PARADIGM HEALTH","8904 BASH ST, SUITE B",-,INDIANAPOLIS,IN,46256,MARION,"(317) 735-6001",5,For-Profit,02/12/2014
151612,"HEART TO HEART HOSPICE OF TERRE HAUTE, LLC","4529 SOUTH SEVENTH STREET",-,"TERRE HAUTE",IN,47802,VIGO,"(812) 232-9220",5,For-Profit,04/10/2014
151613,"INTREPID USA HOSPICE","5250 E US HWY 36 STE 1102B",-,AVON,IN,46123,HENDRICKS,"(317) 337-0203",5,For-Profit,12/18/2014
151614,"DUNES HOSPICE LLC","4711 EVANS AVENUE",-,VALPARAISO,IN,46383,PORTER,"(888) 602-9004",5,For-Profit,07/09/2015
151615,"SELECT HOSPICE","1440 INNOVATION PLACE",-,"WEST LAFAYETTE",IN,47906,TIPPECANOE,"(765) 250-3827",5,For-Profit,06/01/2015
151616,"ELARA CARING","7820 INNOVATION BLVD, SUITE 150A",-,INDIANAPOLIS,IN,46278,MARION,"(317) 537-1140",5,For-Profit,10/23/2015
151619,"ANEW HOSPICE","3830 E SOUTHPORT RD, SUITE 300",-,INDIANAPOLIS,IN,46237,MARION,"(317) 300-2292",5,For-Profit,08/24/2016
151620,"THE CARE TEAM HOSPICE","11495 PENNSYLVANIA ST STE 270",-,CARMEL,IN,46032,HAMILTON,"(317) 214-9459",5,For-Profit,08/15/2016
151621,"TRANSITIONS INDIANA, LLC","8435 KEYSTONE CROSSING SUITE 108",-,INDIANAPOLIS,IN,46240,MARION,"(317) 210-8144",5,For-Profit,10/28/2016
151622,"LOVING HEARTS HOSPICE AND PALLIATIVE CARE LLC","4109 NORTH DEARBORN ROAD",-,LAWRENCEBURG,IN,47025,DEARBORN,"(812) 932-0641",5,For-Profit,11/21/2016
151623,"ST CROIX HOSPICE","2916 PEACH BLOSSOM DR STE 106",-,JEFFERSONVILLE,IN,47130,CLARK,"(812) 590-1575",5,For-Profit,04/10/2017
151624,"PROVIDENCE HOSPICE, INC","10700 PARK PLACE",-,"SAINT JOHN",IN,46373,LAKE,"(800) 509-2800",5,Non-Profit,08/28/2017
151628,"LIFE'S JOURNEY OF AVON LLC","10241 E CR 100 N",-,INDIANAPOLIS,IN,46234,HENDRICKS,"(317) 561-6840",5,For-Profit,10/15/2018
151629,"COMFORT 1 HOSPICE, LLC","118 W EDISON ROAD, SUITE 200",-,MISHAWAKA,IN,46545,"ST. JOSEPH","(574) 387-4117",5,Other,11/06/2018
151630,"BRIGHTON HOSPICE INDIANA LLC","280 E 96TH ST SUITE 350",-,INDIANAPOLIS,IN,46240,MARION,"(317) 798-2160",5,For-Profit,02/14/2020
151631,"ELEOS HOSPICE CARE","4432 ARDMORE AVENUE UNIT B",-,"FORT WAYNE",IN,46809,ALLEN,"(260) 333-5367",5,For-Profit,06/03/2020
151632,"HEART TO HEART HOSPICE OF NORTHWEST INDIANA, LLC","402 WALL STREET, SUITE 12",-,VALPARAISO,IN,46383,PORTER,"(219) 252-4860",5,For-Profit,06/25/2020
151633,"HEART TO HEART HOSPICE OF EVANSVILLE, LLC","610 E WALNUT ST, SUITE A",-,EVANSVILLE,IN,47713,VANDERBURGH,"(812) 549-0373",5,For-Profit,06/12/2020
151635,"HEART TO HEART HOSPICE OF NORTHEAST INDIANA, LLC","5646 COVENTRY LANE",-,"FORT WAYNE",IN,46804,ALLEN,"(260) 203-5441",5,For-Profit,07/23/2020
151636,"CAREFIRST HOSPICE LLC","7225 NOVA'S LANDING",-,SELLERSBURG,IN,47172,CLARK,"(812) 748-7433",5,For-Profit,03/12/2021
151637,"ST. CROIX HOSPICE","6325 DIGITAL WAY, STE 130",-,INDIANAPOLIS,IN,46278,MARION,"(317) 721-2577",5,For-Profit,06/15/2021
151639,"ST. CROIX HOSPICE","8844 RUFFIAN LANE, SUITE B",-,NEWBURGH,IN,47630,WARRICK,"(812) 250-9094",5,For-Profit,09/21/2021
151641,"CARING COVE HOSPICE LLC","3120 N HOME STREET, SUITE B",-,MISHAWAKA,IN,46545,"ST. JOSEPH","(574) 855-3017",5,For-Profit,12/02/2021
151644,"INTERIM HEALTHCARE HOSPICE OF LAWRENCEBURG","5140 CHARLESTOWN RD UNIT 2",-,"NEW ALBANY",IN,47150,FLOYD,"(930) 888-2110",5,For-Profit,02/02/2022
151645,"AFFINITY CARE OF INDIANA, LLC","846 N SENATE AVE STE 216",-,INDIANAPOLIS,IN,46202,MARION,"(463) 232-3300",5,For-Profit,04/27/2022
151646,"AARON-RUBEN-NELSON HOSPICE","7001 HOOVER ROAD",-,INDIANAPOLIS,IN,46260,MARION,"(317) 956-5662",5,Non-Profit,05/12/2022
151647,"OPTIMAL CARE HOSPICE","600 E CARMEL DRIVE SUITE 144",-,CARMEL,IN,46032,HAMILTON,"(317) 349-7015",5,For-Profit,06/30/2022
151649,"ASCENT HOSPICE LLC","1930 EDISON ROAD",-,"SOUTH BEND",IN,46617,"ST. JOSEPH","(574) 213-2727",5,,09/22/2022
151651,"COMPASSUS - SOUTHWESTERN INDIANA","101 N PLAZA EAST BLVD STE 200","SUITE 200",EVANSVILLE,IN,47715,VANDERBURGH,"(812) 909-8707",5,,12/07/2022
151652,"TRANSITIONS FORT WAYNE, LLC","2865 E. DUPONT RD",-,"FORT WAYNE",IN,46825,ALLEN,"(877) 467-6880",5,,12/15/2022
151653,"TRANSITIONS CROWN POINT, LLC","11035 BROADWAY  SUITE F",-,"CROWN POINT",IN,46307,LAKE,"(317) 954-6600",5,,11/26/2022
151654,"ANCHOR OF HOPE HOSPICE","973 KEYSTON AVENUE WAY N",-,CARMEL,IN,46032,HAMILTON,"(317) 668-1011",5,,03/08/2023
151655,"LUMINARY HOSPICE","11708 N COLLEGE AVENUE STE 175",-,CARMEL,IN,46032,HAMILTON,"(317) 814-6190",5,,04/05/2023
151656,"ELEVATE HOSPICE","6612 E 75TH ST","SUITE 150",INDIANAPOLIS,IN,46250,MARION,"(317) 764-2124",5,,09/05/2023
151657,"INTERIM HEALTHCARE OF FORT WAYNE","111 E LUDWIG ROAD",-,"FORT WAYNE",IN,46825,ALLEN,"(260) 482-9405",5,,06/07/2023
151658,"CHERISH HOSPICE","1128 E WINONA AVENUE SUITE B1",-,WARSAW,IN,46580,KOSCIUSKO,"(317) 418-8556",5,,08/18/2023
151659,"SELECT HOSPICE LLC","650 E CARMEL DRIVE STE 420",-,CARMEL,IN,46032,HAMILTON,"(317) 669-0077",5,,01/26/2024
151660,"CORSOCARE HOSPICE OF INDIANA, LLC","12315 HANCOCK ST STE 28",-,CARMEL,IN,46032,HAMILTON,"(877) 633-5760",5,,05/13/2024
151661,"ANEW HOSPICE FT WAYNE LLC","7833 W JEFFERSON BLVD","STE 400","FORT WAYNE",IN,46804,ALLEN,"(317) 300-2292",5,,07/05/2024
151662,"SOLACE HOSPICE LLC","280 COMMERCIAL STREET",-,ROANOKE,IN,46783,HUNTINGTON,"(260) 600-9912",5,,11/06/2024
151663,"ENLIGHT HOSPICE & PALLIATIVE CARE LLC","5329 S EMERSON AVE STE C",-,INDIANAPOLIS,IN,46237,MARION,"(317) 721-2726",5,,10/31/2024
151664,"PARADIGM HEALTH","10020 LIMA ROAD STE D",-,"FORT WAYNE",IN,46818,ALLEN,"(317) 735-6001",5,,09/12/2024
151665,"CHARLES FORD HOSPICE IN HARMONY","817 BREWERY STREET",-,"NEW HARMONY",IN,47631,POSEY,"(812) 287-6790",5,,11/08/2024
151666,"LEGACY HOSPICE LLC","1119 N KEYSTONE WAY STE 101A",-,CARMEL,IN,46032,HAMILTON,"(317) 453-5863",5,,05/08/2025
151667,"DIGNITY & HOPE HOSPICE","911 E 86TH ST STE 109",-,INDIANAPOLIS,IN,46240,MARION,"(866) 201-8231",5,,08/04/2025
151668,"AHAVA HOSPICE","777 EAST MAIN STREET","SUITE 211",WESTFIELD,IN,46074,HAMILTON,"(317) 593-1545",5,,10/17/2025
161500,EVERYSTEP,"3000 EASTON BLVD",-,"DES MOINES",IA,50317,POLK,"(515) 274-3400",7,Other,11/02/1983
161501,"AVERA AT HOME","826 NORTH EIGHTH STREET",-,ESTHERVILLE,IA,51334,EMMET,"(712) 362-2631",7,Non-Profit,02/06/1984
161503,"MERCYONE NORTH IOWA HOSPICE","232 SECOND STREET SE",-,"MASON CITY",IA,50401,"CERRO GORDO","(641) 428-6268",7,For-Profit,02/12/1985
161504,"CEDAR VALLEY HOSPICE","900 TOWER PARK DRIVE",-,WATERLOO,IA,50701,"BLACK HAWK","(319) 272-2002",7,For-Profit,03/01/1985
161505,"IOWA RIVER HOSPICE","502 PLAZA HEIGHTS ROAD",-,MARSHALLTOWN,IA,50158,MARSHALL,"(641) 753-7704",7,Non-Profit,02/28/1986
161506,"MERCYONE DES MOINES HOSPICE","500 SW 7TH ST   STE 104",-,"DES MOINES",IA,50319,IOWA,"(515) 643-8383",7,Non-Profit,05/16/1986
161507,"IOWA CITY HOSPICE","1526 SYCAMORE STREET",-,"IOWA CITY",IA,52240,JOHNSON,"(319) 351-5665",7,Non-Profit,07/09/1987
161508,"MARY GREELEY HOSPICE SERVICES","1111 DUFF AVE",-,AMES,IA,50014,STORY,"(515) 239-2011",7,Government,10/21/1987
161511,"MAHASKA HEALTH PARTNERSHIP HOSPICE SERVICES","630 N 12TH ST",,OSKALOOSA,IA,52577,MAHASKA,"(641) 672-3140",7,Government,03/22/1989
161512,"HOSPICE OF MERCY","315 18TH AVENUE",-,HIAWATHA,IA,52233,LINN,"(319) 398-6496",7,Non-Profit,10/03/1989
161513,"HOSPICE INC SERVING DAVIS & WAPELLO COUNTIES","927 EAST PENNSYLVANIA",-,OTTUMWA,IA,52501,WAPELLO,"(641) 682-0684",7,Other,11/13/1989
161514,"HOSPICE OF DUBUQUE","1670 JOHN F KENNEDY ROAD",-,DUBUQUE,IA,52002,DUBUQUE,"(563) 582-1220",7,Non-Profit,02/24/1990
161515,"HOSPICE OF THE HEARTLAND","1515 SOUTH PHILLIPS",-,ALGONA,IA,50511,KOSSUTH,"(515) 295-4430",7,Government,02/15/1990
161516,"UNITYPOINT HOSPICE","290 BLAIRS FERRY ROAD NE, SUITE 100",-,"CEDAR RAPIDS",IA,52402,LINN,"(319) 874-4907",7,Other,06/21/1990
161517,"LEE COUNTY HEALTH DEPARTMENT","5001 AVENUE O",-,"FORT MADISON",IA,52627,LEE,"(319) 372-5225",7,Government,10/15/1990
161519,"SIOUX CENTER HEALTH HOME CARE AND HOSPICE","1400 7TH AVENUE SE",-,"SIOUX CENTER",IA,51250,SIOUX,"(712) 722-8108",7,Non-Profit,10/24/1991
161520,"MERCYONE GENESIS","2546 TECH DRIVE",-,BETTENDORF,IA,52722,SCOTT,"(563) 421-5100",7,Non-Profit,02/13/1992
161521,"GUNDERSEN PALMER LUTHERAN HOSP AND CLINICS-HOSPICE","200 JEFFERSON STREET",-,"WEST UNION",IA,52175,FAYETTE,"(563) 422-6267",7,Non-Profit,03/19/1992
161525,"SANFORD HOME HEALTH AND HOSPICE SHELDON","118 NORTH SEVENTH STREET, PO BOX 250",-,SHELDON,IA,51201,O'BRIEN,"(712) 324-6420",7,Non-Profit,08/19/1992
161530,"HOSPICE OF PALO ALTO COUNTY","3201 FIRST STREET",-,EMMETSBURG,IA,50536,"PALO ALTO","(712) 852-5419",7,Government,09/07/1993
161532,"ASERACARE HOSPICE","4201 RIVERS EDGE PKWY STE 420",-,"COUNCIL BLUFFS",IA,51501,POTTAWATTAMIE,"(712) 723-3959",7,For-Profit,09/28/1993
161533,"AVERA @ HOME OF SPENCER HOSPITAL","101 E 10TH ST",-,SPENCER,IA,51301,CLAY,"(712) 264-6380",7,Government,11/16/1993
161537,"CHEROKEE REGIONAL HOSPICE","212 E BOW DRIVE","MAILING ADDRESS-300 SIOUX VALLEY DRIVE",CHEROKEE,IA,51012,CHEROKEE,"(712) 225-6459",7,Non-Profit,11/01/1994
161538,"HOSPICE OF PELLA, THE COMFORT HOUSE","404 JEFFERSON STREET",,PELLA,IA,50219,MARION,"(641) 628-6644",7,For-Profit,02/12/1995
161539,"BURGESS HOSPICE","1600 DIAMOND STREET",-,ONAWA,IA,51040,MONONA,"(712) 423-2311",7,Non-Profit,03/09/1995
161544,"HOSPICE OF WASHINGTON COUNTY","948 EAST 11TH STREET",-,WASHINGTON,IA,52353,WASHINGTON,"(319) 653-7321",7,Non-Profit,02/01/1996
161546,"ST. ANTHONY REGIONAL HOSPITAL AND NURSING HOME","1524 E US HIGHWAY 30",-,CARROLL,IA,51401,CARROLL,"(712) 794-5279",7,Non-Profit,12/07/1995
161549,"UNITYPOINT HOSPICE","214 S 25TH ST",-,"FORT DODGE",IA,50501,WEBSTER,"(515) 574-6420",7,Non-Profit,11/21/1995
161551,"HOWARD COUNTY COMMUNITY HOSPICE","402 2ND AVE SE",-,CRESCO,IA,52136,HOWARD,"(563) 547-2989",7,Other,06/19/1996
161552,"BEACON OF HOPE HOSPICE","1020 WEST 35TH STREET",-,DAVENPORT,IA,52806,SCOTT,"(563) 391-6933",7,For-Profit,07/16/1996
161553,"WINNMED HOSPICE","901 MONTGOMERY STREET STE D",-,DECORAH,IA,52101,WINNESHIEK,"(563) 387-3024",7,Non-Profit,10/09/1996
161554,"UNITYPOINT HOSPICE","11333 AURORA AVENUE",-,URBANDALE,IA,50322,POLK,"(515) 557-3100",7,Non-Profit,11/26/1996
161555,"MYRTUE MEDICAL CENTER HOSPICE","2712 12TH STREET",-,HARLAN,IA,51537,SHELBY,"(712) 755-4308",7,Government,12/24/1996
161561,"CRAWFORD COUNTY COMMUNITY HEALTH","115 N 14TH ST",-,DENISON,IA,51442,CRAWFORD,"(712) 263-3303",7,"Combination Government & Non-Profit",05/21/1999
161562,"LAKES REGIONAL HEALTHCARE HOSPICE","2301 HWY 71 SOUTH",-,"SPIRIT LAKE",IA,51360,DICKINSON,"(712) 336-8796",7,Government,12/02/1999
161563,EVERYSTEP,"118 N MAIN STREET",-,"MOUNT PLEASANT",IA,52641,HENRY,"(319) 385-4472",7,Other,04/10/2000
161566,"HOSPICE COMPASSUS - NORTHEAST IOWA","5005 BOWLING STREET STE B",-,"CEDAR RAPIDS",IA,52404,LINN,"(319) 362-2500",7,For-Profit,02/14/2002
161567,"SOUTHEAST IOWA REGIONAL HOSPICE","1306 SOUTH WASHINGTON ROAD",,"WEST BURLINGTON",IA,52655,"DES MOINES","(319) 768-3350",7,Other,03/06/2002
161568,"HEARTLAND HOSPICE DAVENPORT","5139 UTICA RIDGE RD",-,DAVENPORT,IA,52807,SCOTT,"(563) 359-3540",7,Non-Profit,03/21/2003
161569,"HOSPICE OF JACKSON COUNTY","611 WEST QUARRY STREET","PO BOX 675",MAQUOKETA,IA,52060,JACKSON,"(563) 652-0123",7,Non-Profit,09/12/2003
161575,GENTIVA,"5399 CHIMRA ROAD",-,PANORA,IA,50216,GUTHRIE,"(515) 276-6696",7,For-Profit,08/01/2005
161577,"ORANGE CITY HOSPICE","400 CENTRAL AVENUE NW","MAIL-1000 LINCOLN CIRCLE SE","ORANGE CITY",IA,51041,SIOUX,"(712) 737-5279",7,"Combination Government & Non-Profit",02/01/2006
161580,"ESSENCE OF LIFE HOSPICE","606 39TH AVE BOX 333",-,AMANA,IA,52203,IOWA,"(319) 622-3195",7,Other,03/20/2007
161581,"ABOVE & BEYOND HOSPICE CARE","417 EAST 1ST STREET",-,MONTICELLO,IA,52310,JONES,"(319) 465-4637",7,For-Profit,03/19/2007
161582,GENTIVA,"831 NORTH GRIFFITH ROAD",-,CARROLL,IA,51401,CARROLL,"(712) 792-2191",7,For-Profit,06/20/2007
161583,"ST CROIX HOSPICE","1555 SE DELAWARE SUITE Q",-,ANKENY,IA,50021,POLK,"(515) 276-2700",7,For-Profit,10/05/2007
161586,GENTIVA,"1370 LAKE STREET",-,"SPIRIT LAKE",IA,51360,DICKINSON,"(712) 336-2941",7,For-Profit,10/10/2007
161587,"WESLEYLIFE HOSPICE","4328 114TH STREET",-,URBANDALE,IA,50322,POLK,"(515) 271-6777",7,Non-Profit,11/05/2007
161591,"GOOD SAMARITAN SOCIETY HOME CARE AND HOSPICE","2035 CHESTER AVE",-,OTTUMWA,IA,52501,WAPELLO,"(641) 684-9309",7,Non-Profit,07/15/2009
161592,"CARE INITIATIVES HOSPICE - SIOUX CITY","4301 SERGEANT ROAD, SUITE 110",-,"SIOUX CITY",IA,51106,WOODBURY,"(712) 239-1226",7,Non-Profit,09/16/2009
161593,"CARE INITIATIVES HOSPICE - CEDAR FALLS","6915 CHANCELLOR DRIVE SUITE A",-,"CEDAR FALLS",IA,50613,"BLACK HAWK","(319) 232-6148",7,Other,11/17/2009
161594,"CARE INITIATIVES HOSPICE - WEST DES MOINES","7055 VISTA DRIVE",-,"WEST DES MOINES",IA,50266,DALLAS,"(515) 223-3813",7,Other,10/15/2009
161595,"CARE INITIATIVES HOSPICE - GREENFIELD","122 PUBLIC SQUARE",-,GREENFIELD,IA,50849,ADAIR,"(641) 743-6226",7,Non-Profit,09/16/2009
161596,"CARE INITIATIVES HOSPICE - ALBIA","4 SOUTH MAIN STREET",-,ALBIA,IA,52531,MONROE,"(641) 932-3488",7,Non-Profit,09/16/2009
161597,"CARE INITIATIVES HOSPICE - CEDAR RAPIDS","3720 QUEEN COURT SW, SUITE 9",-,"CEDAR RAPIDS",IA,52404,LINN,"(319) 390-4161",7,Non-Profit,09/20/2009
161598,"UNITYPOINT HOSPICE","3731 UNIVERSITY AVE",-,WATERLOO,IA,50703,"BLACK HAWK","(319) 235-5027",7,Non-Profit,09/15/2011
161599,"GENERATIONS HOSPICE CARE INC","1010 LONGVIEW RD, SUITE 101",-,"MISSOURI VALLEY",IA,51555,HARRISON,"(712) 642-4222",7,For-Profit,04/23/2012
161602,"ST CROIX HOSPICE","1920 RUE STREET SUITE 3",-,"CO BLUFFS",IA,51503,POTTAWATTAMIE,"(712) 318-2120",7,For-Profit,02/05/2013
161604,"ST CROIX HOSPICE","101 ELKADER STREET",-,"STRAWBERRY POINT",IA,52076,CLAYTON,"(563) 933-2070",7,For-Profit,07/10/2014
161605,"ST CROIX HOSPICE","302 N GRAND AVE SUITE 5",-,"CHARLES CITY",IA,50616,FLOYD,"(641) 394-2700",7,For-Profit,09/22/2014
161607,"ST CROIX HOSPICE","802 LAKE ST, STE 3",-,"SPIRIT LAKE",IA,51360,CLAY,"(712) 264-5674",7,For-Profit,03/12/2015
161608,"SUNCREST HOSPICE, LLC","5959 VILLAGE VIEW DRIVE  SUITE 100",-,"WEST DES MOINES",IA,50266,DALLAS,"(515) 327-6026",7,For-Profit,08/26/2015
161609,"HOSPICE OF THE MIDWEST, LLC","9249 NORTH PARK DRIVE",-,JOHNSTON,IA,50131,POLK,"(515) 218-2143",7,For-Profit,01/21/2016
161612,"MOMENTS HOSPICE OF DES MOINES LLC","1450 BOYSON RD STE B3",-,HIAWATHA,IA,50266,LINN,"(515) 316-6400",7,For-Profit,11/13/2020
161614,"HILLCREST HOSPICE","1702 WEST BROADWAY, SUITE 7",-,"COUNCIL BLUFFS",IA,51501,POTTAWATTAMIE,"(712) 435-4910",7,For-Profit,04/09/2021
161616,"HEARTLAND HOSPICE (WEST DES MOINES)","2521 UNIVERSITY BLVD SUITE 124",-,AMES,IA,50010,STORY,"(515) 346-3321",7,,08/15/2022
161617,"HOSPICE OF MIDWEST","304 WEST 28TH STREET",-,"SIOUX CITY",IA,51104,WOODBURY,"(712) 317-3720",7,,04/26/2023
161618,"SUNCREST HOSPICE","1005 BLAIRS FERRY RD NE",-,"CEDAR RAPIDS",IA,52402,LINN,"(319) 451-6300",7,,12/18/2024
161619,"ANGELS CARE HOSPICE","1509 W BROADWAY, STE 5",-,"COUNCIL BLUFFS",IA,51501,POTTAWATTAMIE,"(712) 352-3640",7,,12/10/2025
161620,"COMPASSUS CENTRAL IOWA","2501 SE TONES DRIVE, STE 400",-,ANKENY,IA,50021,POLK,"(515) 304-4634",7,,11/19/2025
161621,"AFFINITY CARE OF IOWA LLC","4601 WESTOWN PKWY STE 100",-,"WEST DES MOINES",IA,50266,POLK,"(515) 304-3344",7,,12/18/2025
171500,"HARRY HYNES MEMORIAL HOSPICE","313 S MARKET STREET",-,WICHITA,KS,67202,SEDGWICK,"(316) 265-9441",7,Other,06/18/1986
171503,"HOSPICE AND HOMECARE OF RENO COUNTY","2020 N WALDRON STREET SUITE 100",-,HUTCHINSON,KS,67502,RENO,"(620) 665-2473",7,Other,03/08/1989
171505,"HOSPICE THE UNIVERSITY OF KANSAS HEALTH SYSTEM","20920 W 151ST STREET, SUITE 204",-,OLATHE,KS,66061,JOHNSON,"(913) 324-8515",7,Non-Profit,10/26/1989
171506,"MIDLAND CARE HOSPICE","200 SW FRAZIER CIRCLE",-,TOPEKA,KS,66606,SHAWNEE,"(785) 232-2044",7,Non-Profit,06/10/1991
171508,"HOSPICE OF THE PRAIRIE","200 FOURTH CIRCLE","PO BOX 1298","DODGE CITY",KS,67801,FORD,"(620) 227-7209",7,Non-Profit,10/29/1991
171509,"SAINT LUKES HOSPICE OF LEAVENWORTH, LLC","1001 6TH AVE., SUITE 125",-,LEAVENWORTH,KS,66048,LEAVENWORTH,"(913) 758-9034",7,Other,01/14/1992
171511,"VISITING NURSES HOSPICE","200 MAINE STE C (3RD FLOOR)",-,LAWRENCE,KS,66044,DOUGLAS,"(785) 843-3738",7,For-Profit,05/01/1992
171512,"GOLDEN BELT HOSPICE","3421 FOREST AVE",-,"GREAT BEND",KS,67530,BARTON,"(620) 792-8171",7,For-Profit,06/03/1992
171515,"HOSPICE SERVICES INC","424 EIGHTH STREET","PO BOX 116",PHILLIPSBURG,KS,67661,PHILLIPS,"(785) 543-2900",7,Non-Profit,09/09/1992
171516,"AMBERWELL HOSPICE","705 COMMERCIAL ST",-,ATCHISON,KS,66002,ATCHISON,"(913) 360-5520",7,Non-Profit,09/11/1992
171517,"GOOD SHEPHERD HOMECARE & HOSPICE INC","3801 VANESTA DRIVE",-,MANHATTAN,KS,66503,RILEY,"(785) 537-0688",7,For-Profit,12/10/1992
171518,"HAND IN HAND HOSPICE","1201 W 12TH AVE",-,EMPORIA,KS,66801,LYON,"(620) 340-6177",7,Government,01/08/1993
171520,"HOSPICE OF JEFFERSON COUNTY","1212 WALNUT US HIGHWAY 59",-,OSKALOOSA,KS,66066,JEFFERSON,"(785) 403-0025",7,Government,04/23/1993
171522,"MEADOWLARK HOSPICE","709 LIBERTY STREET",-,"CLAY CENTER",KS,67432,CLAY,"(785) 632-2225",7,"Combination Government & Non-Profit",11/01/1993
171523,"HOSPICE OF DICKINSON COUNTY","1111 NORTH BRADY",-,ABILENE,KS,67410,DICKINSON,"(785) 263-6630",7,Other,03/09/1994
171525,"HORIZON HOSPICE","1709 W 7TH STREET PO BOX 426",-,CHANUTE,KS,66720,NEOSHO,"(620) 432-5436",7,Government,05/03/1994
171528,"HEARTLAND HOSPICE (WICHITA)","2872 N RIDGE ROAD SUITE 122",-,WICHITA,KS,67205,SEDGWICK,"(316) 788-7626",7,Other,05/09/1995
171529,"HOSPICE OF NE KS MULTI-COUNTY","907 S 2ND ST",-,HIAWATHA,KS,66439,BROWN,"(785) 742-1966",7,"Combination Government & Non-Profit",08/03/1995
171530,"ST CATHERINE HOSPICE","602 N 6TH STREET",-,"GARDEN CITY",KS,67846,FINNEY,"(620) 272-2519",7,For-Profit,12/20/1995
171533,"HOSPICE & PALLIATIVE CARE AT HAYSMED","2220 CANTERBURY DRIVE",-,HAYS,KS,67601,ELLIS,"(785) 623-6200",7,Other,12/14/1995
171536,"ELARA CARING","3745 SW WANAMAKER RD, STE A",-,TOPEKA,KS,66610,SHAWNEE,"(785) 228-0400",7,For-Profit,04/04/1997
171539,"SOLOMON VALLEY HOSPICE","400 WEST 8TH ST",-,BELOIT,KS,67420,MITCHELL,"(785) 738-9260",7,Government,05/05/1998
171540,"CATHOLIC COMM HOSPICE","9740 WEST 87TH STREET",-,"OVERLAND PARK",KS,66212,JOHNSON,"(913) 621-5090",7,Non-Profit,04/24/1998
171542,GENTIVA,"9229 E 37TH ST N, STE 104",-,WICHITA,KS,67226,SEDGWICK,"(316) 559-2049",7,Other,05/04/1999
171544,"HOLTON COMMUNITY HOSP HOME HEALTH & HOSPICE AGENCY","1110 COLUMBINE DR",-,HOLTON,KS,66436,JACKSON,"(785) 364-9617",7,Non-Profit,11/28/2000
171546,GENTIVA,"5375 SW 7TH STREET SUITE 500",-,TOPEKA,KS,66606,SHAWNEE,"(785) 246-6520",7,For-Profit,12/05/2001
171551,"ST CROIX HOSPICE","2231 SW WANAMAKER RD","STE 202",TOPEKA,KS,66614,SHAWNEE,"(785) 256-9632",7,For-Profit,03/17/2004
171554,"PROGRESSIVE HOME HEALTH & HOSPICE","3500 N ROCK ROAD BLDG 400",-,WICHITA,KS,67226,SEDGWICK,"(316) 691-5050",7,Other,03/30/2004
171555,"NEMAHA COUNTY HOME HEALTH AND HOSPICE","14TH AND OREGON STREET, SUITE 204",-,SABETHA,KS,66534,NEMAHA,"(785) 284-2288",7,Other,08/17/2004
171556,GENTIVA,"1819 MAIN STREET",-,PARSONS,KS,67357,LABETTE,"(620) 421-6161",7,For-Profit,09/28/2004
171557,"KANSAS PALLIATIVE & HOSPICE CARE","7171 W 95TH ST STE 220",-,"OVERLAND PARK",KS,66212,JOHNSON,"(913) 353-6525",7,For-Profit,10/31/2004
171558,"ENHABIT HOSPICE","8201 E. 34TH STREET CIRCLE N., SUITE 1505",-,WICHITA,KS,67226,SEDGWICK,"(316) 315-6425",7,For-Profit,12/21/2004
171559,"RIVERCROSS HOSPICE LLC","611 E WILLIAM ST",-,WICHITA,KS,67202,SEDGWICK,"(316) 260-9690",7,For-Profit,09/12/2005
171560,"HOSPICE COMPASSUS-SOUTHEAST KANSAS","200 E CENTENNIAL SUITE 12",-,PITTSBURG,KS,66762,CRAWFORD,"(620) 232-9898",7,For-Profit,03/08/2006
171561,"GOOD SHEPHERD HOSPICE","7829 E ROCKHILL ST, STE 403",-,WICHITA,KS,67206,SEDGWICK,"(316) 616-2277",7,For-Profit,06/08/2006
171562,GENTIVA,"2307 SOUTH TUCKER",-,PITTSBURG,KS,66762,CRAWFORD,"(620) 231-8000",7,For-Profit,06/22/2006
171564,"VITAS INNOVATIVE HOSPICE CARE","8527 BLUEJACKET DRIVE",-,LENEXA,KS,66214,JOHNSON,"(913) 722-1631",7,For-Profit,05/04/2006
171566,"ASCEND HOSPICE","4550 W 109TH ST SUITE 210",-,"OVERLAND PARK",KS,66211,JOHNSON,"(913) 287-5678",7,Other,11/16/2006
171568,"HOME HEALTH & HOSPICE OF KANSAS","7607 E HARRY STE 100",-,WICHITA,KS,67207,SEDGWICK,"(316) 869-0015",7,For-Profit,03/22/2007
171569,GENTIVA,"8735 ROSEHILL ROAD SUITE 200",-,LENEXA,KS,66215,JOHNSON,"(913) 541-0266",7,For-Profit,03/20/2007
171573,"THREE OAKS HOSPICE","10500 BARKLEY SUITE 228",-,"OVERLAND PARK",KS,66212,JOHNSON,"(913) 758-1700",7,For-Profit,09/09/2009
171574,"AMEDISYS HOSPICE","8725 ROSEHILL ROAD SUITE 380",-,LENEXA,KS,66215,JOHNSON,"(913) 671-6740",7,Other,04/06/2010
171576,"INTERIM HEALTHCARE OF WICHITA INC (HOSPICE)","9920 E HARRY STREET",-,WICHITA,KS,67207,SEDGWICK,"(316) 265-4295",7,For-Profit,01/27/2001
171579,"KANSAS CITY HOSPICE AND PALLIATIVE CARE","10100 W 87TH STREET SUITE 100",-,"OVERLAND PARK",KS,66212,JOHNSON,"(913) 894-8228",7,Non-Profit,11/14/2011
171580,"HCA MIDWEST HOSPICE & FAMILY CARE","11111 NALL AVE, STE 220",-,LEAWOOD,KS,66211,JOHNSON,"(913) 663-0267",7,Other,10/26/2011
171582,"GOOD SHEPHERD HOSPICE OF MID AMERICA INC","401 W FRONTIER LN STE 103",-,OLATHE,KS,66061,JOHNSON,"(913) 322-3297",7,For-Profit,12/28/2011
171584,"ENHABIT HOSPICE","14833 W 95TH STREET",-,LENEXA,KS,66215,JOHNSON,"(913) 948-8281",7,For-Profit,09/13/2012
171585,"PHOENIX HOME CARE & HOSPICE","3450 N ROCK ROAD STE 213",-,WICHITA,KS,67226,SEDGWICK,"(316) 688-5511",7,For-Profit,10/10/2012
171586,"HOME TOWN HOSPICE","921 W MYRTLE",-,INDEPENDENCE,KS,67301,MONTGOMERY,"(620) 332-3215",7,Government,12/06/2012
171589,"CLEAR PATH HOSPICE OF WICHITA LLC","1861 N ROCK ROAD STE 102",-,WICHITA,KS,67206,SEDGWICK,"(316) 440-6780",7,For-Profit,04/18/2013
171590,"INTERIM HEALTHCARE OF KANSAS CITY, INC","10977 GRANADA LANE SUITE 205",-,"OVERLAND PARK",KS,66211,JOHNSON,"(913) 381-3100",7,For-Profit,08/30/2013
171593,"ACCORD HOSPICE OF MANHATTAN LLC","3246 KIMBALL AVENUE",-,MANHATTAN,KS,66503,RILEY,"(785) 376-0946",7,Other,09/27/2014
171594,"TRADITIONS HEALTH","9415 EAST HARRY STREET, SUITE 306",-,WICHITA,KS,67207,JOHNSON,"(316) 687-2273",7,For-Profit,06/08/2015
171595,"EVERGREEN HOSPICE CARE LLC","11875 S SUNSET DRIVE SUITE 200",-,OLATHE,KS,66061,JOHNSON,"(913) 477-8248",7,Non-Profit,12/11/2015
171597,"COMMUNITY CARE HOSPICE LLC","905 CEDARS DR",-,MCPHERSON,KS,67460,SEDGWICK,"(620) 654-6960",7,Other,02/18/2016
171598,"HARBOR HOSPICE OF KANSAS LP","7223 WEST 95TH STREET SUITE 230",-,"OVERLAND PARK",KS,66212,JOHNSON,"(913) 291-1883",7,Other,07/22/2016
171599,"ANGELS CARE HOSPICE","8200 EAST 34TH STREET, CIRCLE NORTH BUILDING #1800","STE 1801",WICHITA,KS,67206,SEDGWICK,"(316) 854-0859",7,For-Profit,07/29/2016
171600,"PROVIDENCE HOME HEALTH & HOSPICE LLC","9415 E HARRY ST STE 703",-,WICHITA,KS,67207,SEDGWICK,"(316) 558-5956",7,For-Profit,09/30/2016
171601,"PHOENIX HOME CARE AND HOSPICE","6803 WEST 64TH STREET. SUITE 101",-,"OVERLAND PARK",KS,66202,JOHNSON,"(913) 384-2273",7,For-Profit,11/23/2016
171602,"INTERIM HEALTH CARE OF TOPEKA","1251 SW ARROWHEAD SUITE 103",-,TOPEKA,KS,66604,SHAWNEE,"(785) 272-1616",7,For-Profit,12/23/2016
171603,"FREEDOM HOSPICE","1705 OREGON",-,HIAWATHA,KS,66434,BROWN,"(785) 740-1705",7,For-Profit,09/14/2017
171604,"FAITH HOSPICE","7309 E 21ST STREET NORTH, STE 200",-,WICHITA,KS,67206,SEDGWICK,"(316) 370-2116",7,For-Profit,09/21/2018
171606,"APPL ORCHARD HOSPICE OF KANSAS INC","7730 HEDGE LANE TERR",-,SHAWNEE,KS,66227,JOHNSON,"(913) 320-1688",7,For-Profit,03/13/2020
171607,"FAITH HOSPICE INC","11827 W 112TH ST, STE 100",-,"OVERLAND PARK",KS,66210,JOHNSON,"(913) 296-7636",7,For-Profit,02/20/2020
171609,"AHC HOME HEALTH OF KANSAS, LLC (HOSPICE)","4700 INDIAN CREEK PARKWAY",-,"OVERLAND PARK",KS,66207,JOHNSON,"(913) 890-8400",7,For-Profit,06/08/2020
171610,"FAITH HOSPICE CARE","11827 WEST 112TH STREET, SUITE 100",-,"OVERLAND PARK",KS,66210,JOHNSON,"(913) 296-7636",7,Other,06/30/2020
171611,"TRADITIONS HEALTH","7500 COLLEGE BLVD., FLOOR 5",-,"OVERLAND PARK",KS,66210,JOHNSON,"(913) 340-6389",7,For-Profit,10/05/2020
171612,"CHOICE HOSPICE","7500 COLLEGE BLVD STE 535",-,"OVERLAND PARK",KS,66210,JOHNSON,"(316) 618-9288",7,For-Profit,11/04/2020
171613,"PRAIRIE WIND HOSPICE LLC","6333 LONG ST STE 301",-,SHAWNEE,KS,66216,JOHNSON,"(785) 202-8900",7,For-Profit,03/03/2021
171614,"SERENE PALLIATIVE CARE & HOSPICE, INC.","345 RIVERVIEW ST","STE 412",WICHITA,KS,67203,SEDGWICK,"(316) 223-4466",7,For-Profit,10/04/2021
171615,"COUNTRY CARE HOSPICE, INC","710 W. 14TH AVE",-,HARPER,KS,67058,HARPER,"(316) 661-5917",7,For-Profit,11/15/2021
171616,"MONARCH HOSPICE & PALLIATIVE CARE","7451 SWITZER RD","SUITE 100",SHAWNEE,KS,66203,JOHNSON,"(913) 730-8080",7,Other,08/26/2021
171617,"HOSPICE CARE OF VNA","6405 METCALF AVE, STE 202",-,"OVERLAND PARK",KS,66202,JOHNSON,"(913) 888-4596",7,For-Profit,11/11/2021
171618,"COMPASSION WITHIN HOSPICE","1400 TERRADYNE DRIVE SUITE 230",-,ANDOVER,KS,67002,BUTLER,"(316) 512-9039",7,For-Profit,01/20/2022
171619,"SPECIALIZED HOSPICE, LLC","4801 W 110TH ST, STE 110",-,"OVERLAND PARK",KS,66211,JOHNSON,"(816) 795-7990",7,For-Profit,12/28/2021
171620,"SPECIALIZED HOME CARE & HOSPICE","1861 N ROCK RD STE 380",-,WICHITA,KS,67206,SEDGWICK,"(316) 210-4309",7,For-Profit,04/26/2022
171621,"BRIGHTON HOSPICE KANSAS, LLC","10601 MISSION RD, STE 240",-,LEAWOOD,KS,66206,JOHNSON,"(913) 283-7107",7,For-Profit,03/03/2022
171622,"NOVUS LIFECARE","1333 MEADOWLARK LANE SUITE 204",-,"KANSAS CITY",KS,66102,WYANDOTTE,"(959) 424-2990",7,,05/25/2022
171623,"COMPASSUS WICHITA","301 N MAIN ST","STE 250",WICHITA,KS,67202,-,"(316) 221-3786",7,,11/17/2022
171624,"INFINITY HOSPICE CARE LLC","7230 W 13TH ST N, STE 4A",-,WICHITA,KS,67212,SEDGWICK,"(316) 260-1901",7,,06/22/2023
171626,"ACG HOSPICE","7400 W 132ND ST STE 180",-,"OVERLAND PARK",KS,66213,JOHNSON,"(864) 913-2690",7,,05/28/2024
171627,"RESIDENTIAL HOSPICE","13002 STATE LINE RD",-,LEAWOOD,KS,66209,JOHNSON,"(866) 902-2621",7,,05/02/2024
171628,"SUNSET HOSPICE LLC","7500 COLLEGE BLVD, STE 514",-,"OVERLAND PARK",KS,66210,JOHNSON,"(913) 704-2123",7,,12/06/2024
171629,"ONLY ANGELS HOSPICE LLC","1624 S RUTAN AVE STE B",-,WICHITA,KS,67218,SEDGWICK,"(316) 925-2627",7,,05/30/2025
171630,"ENNOBLE CARE","345 N RIVERVIEW ST STE 412",-,WICHITA,KS,67203,SEDGWICK,"(316) 219-8208",7,,01/01/2025
181500,"HOSPICE OF THE BLUEGRASS, INC DBA BLUEGRASS CARE N","1733 HARRODSBURG RD",-,LEXINGTON,KY,40504,FAYETTE,"(859) 276-5344",4,Non-Profit,11/07/1983
181501,"COMMUNITY HOSPICE","1480 CARTER AVENUE",-,ASHLAND,KY,41101,BOYD,"(606) 329-1890",4,Non-Profit,11/01/1983
181502,"HOSPARUS, INC","6200 DUTCHMANS LANE",-,LOUISVILLE,KY,40205,JEFFERSON,"(502) 456-6200",4,Non-Profit,12/22/1983
181503,"COMPASSIONATE CARE PLUS","350 ISAACS LANE",-,RICHMOND,KY,40475,MADISON,"(859) 986-1500",4,For-Profit,06/10/1985
181506,"HOSPICE EAST","407 SHOPPERS DRIVE",-,WINCHESTER,KY,40392,CLARK,"(859) 744-9866",4,For-Profit,09/19/1986
181507,"MERCY HEALTH - HOSPICE, PADUCAH","225 MEDICAL CENTER DRIVE, SUITE 203",-,PADUCAH,KY,42003,MCCRACKEN,"(270) 415-3600",4,Non-Profit,01/27/1987
181508,"VNA HEALTH AT HOME 1","740 EAST LAUREL ROAD",-,LONDON,KY,40741,LAUREL,"(606) 877-3950",4,Non-Profit,08/26/1987
181510,"HOSPICE OF LAKE CUMBERLAND","100 PARKWAY DRIVE",-,SOMERSET,KY,42503,PULASKI,"(606) 679-4389",4,Non-Profit,02/03/1988
181511,"HOSPICE OF SOUTHERN KENTUCKY","5872 SCOTTSVILLE ROAD",-,"BOWLING GREEN",KY,42104,WARREN,"(270) 746-9300",4,Non-Profit,03/23/1988
181513,"HOSPICE CARE OF ST ELIZABETH HEALTHCARE","483 SOUTH LOOP ROAD",-,EDGEWOOD,KY,41017,KENTON,"(859) 301-4600",4,Non-Profit,02/25/1988
181514,"ST CLAIRE HOSPICE/PALLIATIVE CARE","201 LYONS AVENUE","SEE NOTES FOR MAILING ADDRESS",MOREHEAD,KY,40351,ROWAN,"(606) 783-6808",4,Non-Profit,09/30/1988
181515,"HERITAGE HOSPICE, INC","120 ENTERPRISE DRIVE","SEE NOTES FOR MAILING ADDRESS",DANVILLE,KY,40422,BOYLE,"(859) 236-2425",4,Non-Profit,12/16/1988
181517,"ST ANTHONY'S HOSPICE INC","2410 SOUTH GREEN STREET",-,HENDERSON,KY,42420,HENDERSON,"(270) 826-2326",4,Non-Profit,10/30/1989
181518,"HOSPICE OF OHIO COUNTY","107 GILLESPIE STREET","SEE NOTES FOR MAILING ADDRESS",HARTFORD,KY,42347,OHIO,"(270) 298-9507",4,Non-Profit,11/27/1989
181519,"HOSPICE OF HOPE INC","909 KENTON STATION DRIVE",-,MAYSVILLE,KY,41056,MASON,"(606) 759-4050",4,Non-Profit,03/02/1990
181520,"HOSPICE OF WESTERN KENTUCKY","3419 WATHENS CROSSING",-,OWENSBORO,KY,42301,DAVIESS,"(270) 926-7565",4,For-Profit,04/25/1990
181521,"VNA HEALTH AT HOME","711 MCDOWELL BOULEVARD",-,BARDSTOWN,KY,40004,NELSON,"(502) 349-5500",4,For-Profit,08/28/1990
181523,"MURRAY CALLOWAY COUNTY HOSPITAL HOSPICE","1959 STATE ROUTE 94W","SEE NOTES FOR MAILING ADDRESS",MURRAY,KY,42071,CALLOWAY,"(270) 767-3670",4,For-Profit,03/19/1991
181524,"APPALACHIAN HOSPICE CARE","1414 SOUTH MAYO TRAIL",-,PIKEVILLE,KY,41501,PIKE,"(606) 432-2112",4,For-Profit,04/25/1991
181525,"PENNYROYAL HOSPICE","220 BURLEY AVENUE",-,HOPKINSVILLE,KY,42240,CHRISTIAN,"(270) 885-6428",4,For-Profit,02/18/1992
181526,"HOSPICE OF THE BLUEGRASS, INC.","57 DENNIS SANDLIN, MD COVE",-,HAZARD,KY,41701,PERRY,"(606) 439-2111",4,Non-Profit,06/19/1992
181527,"HOSPARUS WESTERN KENTUCKY","200 CLINIC DRIVE",-,MADISONVILLE,KY,42431,HOPKINS,"(502) 456-6200",4,Non-Profit,05/19/1993
181531,"T J SAMSON COMMUNITY HOSPITAL HOME CARE HOSPICE","1301 NORTH RACE STREET",-,GLASGOW,KY,42142,BARREN,"(270) 651-4430",4,For-Profit,12/10/2003
191500,"HOSPICE OF ACADIANA INC","2600 JOHNSTON STREET, SUITE 200",-,LAFAYETTE,LA,70503,LAFAYETTE,"(337) 232-1234",6,Non-Profit,02/07/1985
191504,"CHRISTUS HOSPICE SHREVEPORT-BOSSIER","425 ASHLEY RIDGE BLVD STE 330B",-,SHREVEPORT,LA,71106,CADDO,"(318) 383-6748",6,For-Profit,02/03/1986
191507,"THE HOSPICE OF BATON ROUGE","3600 FLORIDA BLVD",-,"BATON ROUGE",LA,70806,"EAST BATON ROUGE","(225) 767-4673",6,Non-Profit,06/25/1986
191510,"HOPE HEALTHCARE & HOSPICE BC, LLC","205 BAYOU GARDENS BOULEVARD, SUITE E",-,HOUMA,LA,70364,TERREBONNE,"(985) 868-3095",6,For-Profit,07/13/1987
191511,"ST MARGARET'S HOME HEALTH AND HOSPICE","3525 BIENVILLE STREET",-,"NEW ORLEANS",LA,70119,ORLEANS,"(504) 373-5923",6,Non-Profit,11/10/1987
191512,"NOTRE DAME HOSPICE","3330 NORTH CAUSEWAY BLVD. SUITE 320","SUITE 320",METAIRIE,LA,70002,JEFFERSON,"(504) 227-3600",6,Non-Profit,02/19/1988
191515,"HEART OF HOSPICE","1001 BAYOU PLACE",-,ALEXANDRIA,LA,71303,RAPIDES,"(318) 880-0223",6,For-Profit,03/31/1989
191516,"ST TAMMANY HOSPITAL HOSPICE","101 ASLAND WAY, SUITE 2",-,MADISONVILLE,LA,70447,"ST. TAMMANY","(985) 871-5976",6,Non-Profit,05/22/1989
191517,"WILLIS KNIGHTON HOSPICE OF LOUISIANA","616 E FLOURNOY LUCAS ROAD",-,SHREVEPORT,LA,71115,CADDO,"(318) 212-2170",6,Non-Profit,07/31/1989
191519,"CHRISTUS HOSPICE ST FRANCES CABRINI","6501 COLISEUM BLVD","STE 700D",ALEXANDRIA,LA,71303,RAPIDES,"(318) 266-8656",6,For-Profit,02/27/1991
191522,"NORTH OAKS HOSPICE","15790 PAUL VEGA, MD DRIVE",-,HAMMOND,LA,70403,TANGIPAHOA,"(985) 230-7620",6,Other,07/21/1992
191525,"VITALCARING GROUP","41601 VETERANS AVE.","STE 200B",HAMMOND,LA,70403,TANGIPAHOA,"(504) 456-6011",6,For-Profit,05/03/1994
191531,"ST JOSEPH HOSPICE OF CENLA, LLC","101 YORKTOWN DRIVE, STE B","STE B",ALEXANDRIA,LA,71303,RAPIDES,"(318) 561-0100",6,For-Profit,02/02/1995
191533,"AMEDISYS HOSPICE","425 ASHLEY RIDGE BLVD SUITE 240",-,SHREVEPORT,LA,71106,CADDO,"(318) 868-8788",6,For-Profit,03/27/1995
191534,"AMEDISYS HOSPICE","4017 COMMON STREET",-,"LAKE CHARLES",LA,70607,CALCASIEU,"(337) 562-3200",6,For-Profit,05/23/1995
191535,"PASSAGES HOSPICE","909 ELM STREET, STE B",-,MINDEN,LA,71055,WEBSTER,"(318) 371-1140",6,For-Profit,07/06/1995
191539,"BRIDGEWAY HEALTHCARE & HOSPICE","4333 AMERICAN WAY",-,"BATON ROUGE",LA,70816,"EAST BATON ROUGE","(225) 753-1495",6,For-Profit,06/07/1996
191541,"PASSAGES HOSPICE","1900 AUBURN AVE., STE F",-,MONROE,LA,71201,OUACHITA,"(318) 387-1115",6,For-Profit,06/03/1996
191542,"LOUISIANA HOSPICE AND PALLIATIVE CARE","426 HEATHER DRIVE",-,OPELOUSAS,LA,70570,"ST. LANDRY","(337) 948-8835",6,For-Profit,08/01/1996
191547,"FAITH FOUNDATION HOSPICE, INC","3503 PARLIAMENT COURT",-,ALEXANDRIA,LA,71303,RAPIDES,"(318) 443-5545",6,For-Profit,09/19/1996
191551,"HOPE HEALTHCARE AND HOSPICE, LLC","301 E KALISTE SALOOM RD, STE 201",-,LAFAYETTE,LA,70508,LAFAYETTE,"(337) 703-4674",6,For-Profit,05/06/1999
191553,"HOSPICE COMPASSUS -MONROE","2003 TOWER DRIVE, UNIT B",-,MONROE,LA,71201,OUACHITA,"(318) 322-0062",6,For-Profit,06/17/1999
191555,"AUDUBON HOSPICE OF NEW ORLEANS","3621 RIDGELAKE DR. SUITE 305,","SUITE 305",METAIRIE,LA,70002,JEFFERSON,"(504) 274-1942",6,For-Profit,02/25/2000
191558,"MODERN HOSPICE","15781 PROFESSTIONAL PLAZA",-,HAMMOND,LA,70403,TANGIPAHOA,"(985) 429-0210",6,For-Profit,09/01/2000
191560,"NOLA SJH II, LLC","507 UPSTREAM STREET",-,"RIVER RIDGE",LA,70123,JEFFERSON,"(504) 305-4910",6,Non-Profit,12/21/2000
191561,"HOSPICE OF NATCHITOCHES, INC","336 2ND STREET",-,NATCHITOCHES,LA,71457,NATCHITOCHES,"(318) 214-0944",6,For-Profit,01/09/2001
191563,"SERENITY HOSPICE SERVICES, LLC","3445 NORTH CAUSEWAY BLVD","STE 901",METAIRIE,LA,70002,JEFFERSON,"(504) 366-3996",6,For-Profit,09/28/2001
191564,"POINTE COUPEE HOSPICE","350 HOSPITAL ROAD",-,"NEW ROADS",LA,70760,"POINTE COUPEE","(225) 638-5717",6,"Combination Government & Non-Profit",01/08/2002
191565,"LOUISIANA HOSPICE AND PALLIATIVE CARE","1101 HUDSON LANE , SUITE D",-,MONROE,LA,71201,OUACHITA,"(318) 322-2235",6,For-Profit,01/24/2002
191568,"ST. JOSEPH HOSPICE OF ACADIANA, LLC","10615 JEFFERSON HIGHWAY",-,"BATON ROUGE",LA,70809,"EAST BATON ROUGE","(225) 769-4810",6,For-Profit,09/19/2002
191569,"HOSPICE COMPASSUS - GREATER NEW ORLEANS","1301 WEST CAUSEWAY APPROACH",-,MANDEVILLE,LA,70471,"ST. TAMMANY","(985) 639-8000",6,For-Profit,10/25/2002
191570,GENTIVA,"17316 AIRLINE HWY, STE P",-,PRAIRIEVILLE,LA,70769,ASCENSION,"(225) 673-9949",6,For-Profit,11/01/2002
191571,"ENHABIT HOSPICE OF VIDALIA","1653 CARTER STREET",-,VIDALIA,LA,71373,CONCORDIA,"(318) 336-8989",6,For-Profit,12/31/2002
191572,"ST JOSEPH HOSPICE","108 W MAIN STREET STE C-1",-,THIBODAUX,LA,70301,LAFOURCHE,"(504) 305-6434",6,For-Profit,01/30/2003
191574,"LIFEPATH HOSPICE CARE SERVICES, LLC","8720 QUIMPER PLACE SUITE 100",-,SHREVEPORT,LA,71105,CADDO,"(318) 222-5711",6,Other,04/01/2003
191575,"GUARDIAN ANGEL HOSPICE","825 LITTLE FARMS, AVE, STE D",-,METAIRIE,LA,70003,JEFFERSON,"(504) 737-2244",6,For-Profit,04/04/2003
191576,"HAYDEL MEMORIAL HOSPICE","741 POINT ST,",-,HOUMA,LA,70360,TERREBONNE,"(985) 655-1020",6,For-Profit,05/22/2003
191577,"ACG HOSPICE","726 PERSHING HWY",-,JONESBORO,LA,71251,JACKSON,"(318) 302-3001",6,For-Profit,06/10/2003
191578,"THE CARPENTER HOSPICE OF NORTHWEST LOUISIANA, LLC","364 N MAIN STREET",-,SIBLEY,LA,71073,WEBSTER,"(318) 222-8723",6,For-Profit,06/26/2003
191579,"PASSAGES HOSPICE","812 VERSAILLES BLVD, STE B","STE B",ALEXANDRIA,LA,71303,RAPIDES,"(318) 619-9457",6,For-Profit,08/14/2003
191580,GENTIVA,"590 BOARDWALK BLVD STE BO-590",-,"BOSSIER CITY",LA,71111,BOSSIER,"(318) 227-9160",6,For-Profit,08/28/2003
191581,"HOSPICE IN HIS CARE, LLC","4301 BLUEBONNET BLVD STE B",-,"BATON ROUGE",LA,70809,"EAST BATON ROUGE","(225) 214-0010",6,For-Profit,09/30/2003
191589,"CONCERNED CARE HOSPICE","125 NORTH THEARD STREET, SUITE C",-,COVINGTON,LA,70433,"ST. TAMMANY","(985) 892-3947",6,For-Profit,08/31/2004
191591,"LIFE SOURCE SERVICES OF BATON ROUGE","11605 SOUTHFORK AVENUE, SUITE A",-,"BATON ROUGE",LA,70816,"EAST BATON ROUGE","(225) 291-9421",6,Other,09/27/2004
191592,"SOUTHERN GRACE HOSPICE","1442 B, EAST BRIDGE ST.,",-,"BREAUX BRIDGE",LA,70517,"ST. MARTIN","(337) 366-8505",6,For-Profit,10/06/2004
191593,COMPASSUS-RUSTON,"1132 HOMER RD","STE 1A",MINDEN,LA,71055,WEBSTER,"(318) 255-2033",6,For-Profit,10/11/2004
191594,"HEART OF HOSPICE, LLC","10528 KENTSHIRE CT","STE 100","BATON ROUGE",LA,70810,"EAST BATON ROUGE","(225) 412-2614",6,For-Profit,10/14/2004
191597,"TRADITIONS HEALTH","303 WEST 21ST AVENUE",-,COVINGTON,LA,70433,"ST. TAMMANY","(985) 893-3301",6,For-Profit,10/28/2004
191600,"NOTRE DAME HOSPICE OF GREATER BATON ROUGE","11616 SOUTHFORK DR., SUITE 402",-,"BATON ROUGE",LA,70816,"EAST BATON ROUGE","(225) 243-7358",6,Non-Profit,12/20/2004
191601,"HOSPICE ASSOCIATES OF NEW ORLEANS, LLC","3941 HOUMA BLVD SUITE 1 A",-,METAIRIE,LA,70006,JEFFERSON,"(504) 457-2200",6,For-Profit,02/11/2005
191602,"ST JOSEPH HOSPICE OF BAYOU REGION","108 W. MAIN STREET. SUITE C",-,THIBODAUX,LA,70301,LAFOURCHE,"(985) 447-0095",6,For-Profit,03/11/2005
191603,"ALLEGIANCE HOSPICE & PALLIATIVE CARE","1229 FARMERVILLE HWY",-,RUSTON,LA,71270,LINCOLN,"(318) 232-1107",6,For-Profit,03/09/2005
191605,"ENHABIT HOSPICE OF THE NORTHSHORE","360 GATEWAY DRIVE, SUITE B","SUITE B",SLIDELL,LA,70461,"ST. TAMMANY","(985) 732-1762",6,For-Profit,03/22/2005
191606,"N S I HOSPICE, L L C","1009 CAMELIA BLVD",-,LAFAYETTE,LA,70508,LAFAYETTE,"(337) 347-8826",6,For-Profit,04/15/2005
191607,"AMEDISYS HOSPICE","3854 AMERICAN WAY, SUITE C",-,"BATON ROUGE",LA,70816,"EAST BATON ROUGE","(225) 751-4599",6,For-Profit,04/14/2005
191608,"HOSPICE OF LEESVILLE","1615 SOUTH 5TH STREET",-,LEESVILLE,LA,71446,VERNON,"(337) 239-1020",6,For-Profit,07/06/2005
191611,"HEART OF HOSPICE","1810 MAIN STREET",-,FRANKLIN,LA,70538,"ST. MARY","(337) 828-2678",6,For-Profit,08/26/2005
191615,"PREMIER HOSPICE, LLC","1513 TEXAS AVENUE",-,BASTROP,LA,71220,MOREHOUSE,"(318) 556-1999",6,For-Profit,09/13/2005
191616,"BRISTOL HOSPICE-NW LOUISIANA","1634 HWY 531",-,MINDEN,LA,71055,WEBSTER,"(318) 524-1046",6,For-Profit,01/05/2006
191617,"HOSPICE T L C, INC","12 MARY MARR ST",-,WINNSBORO,LA,71295,FRANKLIN,"(318) 435-9111",6,For-Profit,12/19/2005
191620,"ST JOSEPH HOSPICE & PALLIATIVE CARE OF MONROE, LLC","1890 HUDSON CIRCLE SUITE 3",-,MONROE,LA,71201,OUACHITA,"(318) 387-2687",6,For-Profit,01/24/2006
191621,"HOSPICE SPECIALISTS OF LOUISIANA","1761 PHYSICIAN'S PARK AVE., STE A",-,"BATON ROUGE",LA,70816,"EAST BATON ROUGE","(985) 262-7590",6,For-Profit,03/09/2006
191622,"HEART OF HOSPICE, LLC","1816 GLENMAR AVENUE, SUITE 2",-,MONROE,LA,71201,OUACHITA,"(318) 329-9300",6,For-Profit,03/16/2006
191623,"ST CATHERINE'S HOSPICE, LLC","1704 CANNES DRIVE",,"LA PLACE",LA,70068,"ST. JOHN THE BAPTIST","(985) 651-9733",6,For-Profit,05/25/2006
191624,"COMFORT CARE HOSPICE","23675 CHURCH STREET",-,PLAQUEMINE,LA,70764,IBERVILLE,"(225) 385-4202",6,For-Profit,06/02/2006
191625,"HARBOR HOSPICE OF LAKE CHARLES, LP","5210 LAKE STREET",-,"LAKE CHARLES",LA,70605,CALCASIEU,"(337) 562-8620",6,For-Profit,06/14/2006
191626,"ELARA CARING","300 WASHINGTON ST., STE. 303",-,MONROE,LA,71201,OUACHITA,"(318) 322-0049",6,For-Profit,07/07/2006
191627,"BRIGHTON BRIDGE","213-B N FIRST STREET",-,OBERLIN,LA,70655,ALLEN,"(337) 639-9200",6,For-Profit,08/02/2006
191628,"COMMUNITY HOSPICE OF LAFAYETTE","5750 JOHNSTON ST STE 204",-,LAFAYETTE,LA,70503,LAFAYETTE,"(337) 806-9190",6,For-Profit,08/24/2006
191633,"COMMUNITY CARE HOSPICE","2124 WASHINGTON STREET",-,FRANKLINTON,LA,70438,WASHINGTON,"(985) 340-1880",6,Other,12/21/2006
191635,"ST JOSEPH HOSPICE AND PALLIATIVE CARE NORTHSHORE,","409 W 21ST AVE","STE A",COVINGTON,LA,70433,"ST. TAMMANY","(985) 892-6955",6,For-Profit,03/19/2007
191636,"STILL WATERS HOSPICE, LLC","1405 METRO DRIVE","BLDG L",ALEXANDRIA,LA,71301,RAPIDES,"(318) 767-2000",6,For-Profit,03/30/2007
191637,"GUARDIAN HOSPICE CARE,LLC","5212 RUE VERDUN",-,ALEXANDRIA,LA,71303,RAPIDES,"(318) 484-4418",6,For-Profit,04/03/2007
191638,"HEART OF HOSPICE, LLC","901 HUGH WALLIS ROAD SOUTH, SUITE B104","SUITE B104",LAFAYETTE,LA,70508,LAFAYETTE,"(337) 232-8159",6,Other,04/12/2007
191639,"ACG HOSPICE ,","1109 FAGAN DRIVE STE N",-,HAMMOND,LA,70403,TANGIPAHOA,"(985) 773-1995",6,For-Profit,04/27/2007
191640,"HOSPICE COMPASSUS - BATON ROUGE","6700 JEFFERSON HIGHWAY, BUILDING 1",-,"BATON ROUGE",LA,70806,"EAST BATON ROUGE","(225) 768-0866",6,For-Profit,04/26/2007
191642,"HEART OF HOSPICE","3101 LAKE ST., STE 101","STE 101","LAKE CHARLES",LA,70601,CALCASIEU,"(337) 855-5154",6,For-Profit,10/17/2007
191643,"CARING HANDS HOSPICE","3602 CYPRESS STREET, STE B,",-,"WEST MONROE",LA,71291,OUACHITA,"(318) 516-2640",6,For-Profit,10/26/2007
191644,"SOUTHERN GRACE HOSPICE","510 E. MORRIS AVENUE",-,HAMMOND,LA,70403,TANGIPAHOA,"(985) 277-1945",6,Other,10/15/2007
191645,"CARDINAL HOSPICE","8280 YMCA PLAZA DRIVE , BLDG 3 STE A",-,"BATON ROUGE",LA,70810,"EAST BATON ROUGE","(225) 291-3322",6,For-Profit,10/11/2007
191646,"MY HOSPICE","3510 CAUSEWAY BLVD SUITE 501A",-,METAIRIE,LA,70002,JEFFERSON,"(504) 831-3044",6,For-Profit,10/24/2007
191649,"HEART OF HOSPICE","1700 BELLE CHASSE HWY, BLDG B STE 230",-,GRETNA,LA,70056,JEFFERSON,"(504) 341-0038",6,For-Profit,10/31/2007
191650,"HOSPICE COMPASSUS - LAFAYETTE","1018 HARDING STREET, STE 207",-,LAFAYETTE,LA,70503,LAFAYETTE,"(337) 235-8690",6,For-Profit,10/26/2007
191651,"CROSSROADS HOSPICE, LLC","702 FIRST STREET",-,DELHI,LA,71232,RICHLAND,"(318) 878-2182",6,Other,10/29/2007
191653,"TRADITIONS HEALTH","217 RUE LOUIS XIV, SUITE 100",-,LAFAYETTE,LA,70508,LAFAYETTE,"(337) 948-9004",6,Other,11/29/2007
191654,"ST JOSEPH HOSPICE OF ACADIANA, LLC","923 WEST PINHOOK ROAD",-,LAFAYETTE,LA,70503,LAFAYETTE,"(337) 233-1131",6,For-Profit,11/29/2007
191656,"HARBOR HOSPICE OF OAKDALE, LLC","209 N 16TH STREET",-,OAKDALE,LA,71463,ALLEN,"(318) 335-5029",6,For-Profit,12/17/2007
191657,"ACG HOSPICE","598 CORPORATE DRIVE",-,HOUMA,LA,70360,TERREBONNE,"(985) 223-1865",6,For-Profit,02/19/2008
191659,"PREMIER HOSPICE","600 FACTORY OUTLET DRIVE, SUITE 15",-,ARCADIA,LA,71001,BIENVILLE,"(318) 579-5066",6,For-Profit,03/26/2008
191660,"CLARITY HOSPICE OF BATON ROUGE","9191 BLUEBONNET BLVD, SUITE B",-,"BATON ROUGE",LA,70810,"EAST BATON ROUGE","(225) 291-4700",6,For-Profit,03/18/2008
191662,"PINNACLE HOSPICE","5627 S SHERWOOD FOREST BLVD, STE C",-,"BATON ROUGE",LA,70816,"EAST BATON ROUGE","(225) 214-0043",6,For-Profit,04/08/2008
191663,"HARMONY HOSPICE, LLC","3621 RIDELAKE DRIVE, SUITE 200",-,METAIRIE,LA,70002,JEFFERSON,"(504) 832-8111",6,For-Profit,04/04/2008
191664,"SUPERIOR HOSPICE","511 JENKINS STREET SUITE B",-,MANSFIELD,LA,71052,"DE SOTO","(318) 872-2000",6,For-Profit,10/01/2008
191665,"AUDUBON HOSPICE OF LAFAYETTE, INC","221 RUE DE JEAN,","STE 205",LAFAYETTE,LA,70508,LAFAYETTE,"(337) 541-1000",6,For-Profit,10/08/2009
191666,"BRIDGEWAY HEALTHCARE AND HOSPICE OF ACADIANA","2014 W PINHOOK DRIVE, SUITE 604",-,LAFAYETTE,LA,70508,LAFAYETTE,"(337) 232-5925",6,For-Profit,11/23/2009
191668,"EGAN HOSPICE","121 PARK PLACE, SUITE 2,",-,COVINGTON,LA,70433,"ST. TAMMANY","(985) 467-5883",6,For-Profit,05/17/2010
191672,"ANVOI HOSPICE","1013 N CAUSEWAY BLVD STE 201B",-,METAIRIE,LA,70001,JEFFERSON,"(504) 603-3577",6,For-Profit,02/24/2011
191673,"COMPASSIONATE CARE HOSPICE","5417 JACKSON STREET, SUITE B",-,ALEXANDRIA,LA,71303,RAPIDES,"(318) 487-9400",6,For-Profit,04/07/2011
191674,"AMEDISYS HOSPICE","4021-B AMBASSADOR CAFFERY PARKWAY, SUITE 101",-,LAFAYETTE,LA,70503,LAFAYETTE,"(337) 988-9778",6,Other,08/19/2011
191675,"ASCEND HOSPICE CARE, LLC","4404 OLD STERLINGTON ROAD, SUITE 102",-,MONROE,LA,71203,OUACHITA,"(318) 398-8190",6,For-Profit,12/30/2011
191676,"GULF SOUTH HOSPICE OF NEW ORLEANS","812 HESPER AVENUE",-,METAIRIE,LA,70005,JEFFERSON,"(504) 525-2643",6,For-Profit,12/31/2011
191677,"ALL SAINTS HOSPICE","7406 HIGHWAY 1, SUITE 101",-,MANSURA,LA,71350,AVOYELLES,"(318) 240-8515",6,For-Profit,01/23/2012
191680,"PASSAGES HOSPICE","46 LOUIS PRIMA DRIVE STE A","STE A",COVINGTON,LA,70433,"ST. TAMMANY","(504) 875-4204",6,For-Profit,10/25/2012
191681,"INTERIM HEALTHCARE HOSPICE OF EAST LOUISIANA","2637 NORTH CAUSEWAY BLVD.",-,MANDVILLE,LA,70471,"ST. TAMMANY","(985) 234-0400",6,For-Profit,10/25/2012
191682,"LAMM FAMILY CARE HOSPICE","210 W. MILL STREET",-,CROWLEY,LA,70526,ACADIA,"(337) 704-0237",6,For-Profit,11/09/2012
191683,"HARBOR HOSPICE OF ALEXANDRIA, LP","1407 PETERMAN DRIVE",-,ALEXANDRIA,LA,71301,RAPIDES,"(318) 442-1491",6,For-Profit,05/10/2013
191684,"AUDUBON HOSPICE CARE","9332 INTERLINE AVE",-,"BATON ROUGE",LA,70809,"EAST BATON ROUGE","(225) 924-6830",6,For-Profit,03/11/2013
191686,"NIGHTINGALE HOSPICE","4530 BARKSDALE BLVD SUITES A1& A2",-,"BOSSIER CITY",LA,71112,BOSSIER,"(318) 402-2300",6,For-Profit,06/19/2013
191687,"ST JOSEPH HOSPICE OF SOUTHWEST LOUISIANA, LLC","2915 COMMON ST.",-,"LAKE CHARLES",LA,70601,CALCASIEU,"(337) 513-0731",6,For-Profit,10/25/2017
191688,"HOSPICE SPECIALISTS OF LOUISIANA","150 S. 7TH ST, STE C",-,PONCHATOULA,LA,70454,TANGIPAHOA,"(985) 288-1670",6,For-Profit,07/02/2018
191690,"HAND IN HAND HOSPICE CARE, LLC","135 EAST 5TH STREET",-,NATCHITOCHES,LA,71457,NATCHITOCHES,"(318) 521-8068",6,For-Profit,03/10/2020
191691,"HAND IN HAND HOSPICE CARE, LLC","1316 SIBLEY RD, STE A",-,MINDEN,LA,71055,WEBSTER,"(318) 299-3012",6,For-Profit,07/16/2020
191692,"FOUNDATIONS HOSPICE","29937 SOUTH MONTPELIER ROAD, STE D",-,ALBANY,LA,70711,LIVINGSTON,"(225) 209-5629",6,For-Profit,05/16/2022
191693,"ALLEGIANCE HEALTHCARE, LLC","1800 BUCKNER ST., SUITE B220",-,SHREVEPORT,LA,71101,CADDO,"(318) 615-9181",6,,12/19/2024
191694,"APEX HOSPICE","1402 SOUTH MAGNOLIA ST., SUITE F.",-,HAMMOND,LA,70403,TANGIPAHOA,"(985) 402-3050",6,,09/24/2024
191695,"ALLEGIANCE HEALTHCARE, LLC","233 WEST LAUREL AVENUE, SUITE A",-,EUNICE,LA,70535,LOUISIANA,"(337) 576-2975",6,,12/04/2024
191696,"ALLEGIANCE HEALTHCARE, LLC","1020 FERTITTA BLVD.",-,LEESVILLE,LA,71446,LOUISIANA,"(337) 509-4980",6,,12/05/2024
191698,"PREMIER HOSPICE CENTRAL, LLC","842 WEST BRADFORDD ST.",-,JENA,LA,71342,"EAST BATON ROUGE","(318) 281-0078",6,,07/23/2025
201500,"MAINEGENERAL COMMUNITY CARE","10 WATER STREET SUITE 307",-,WATERVILLE,ME,04901,KENNEBEC,"(207) 861-6200",1,Non-Profit,01/18/1989
201501,"CHANS HOME HEALTH & HOSPICE","45 BARIBEAU DRIVE",-,BRUNSWICK,ME,04011,CUMBERLAND,"(207) 729-6782",1,Other,01/02/1990
201502,"NORTHERN LIGHT HOME CARE & HOSPICE","225 GORHAM RD, SUITE 200",-,"SOUTH PORTLAND",ME,04106,CUMBERLAND,"(800) 757-3326",1,Non-Profit,01/28/1991
201504,"ST. JOSEPH HOSPICE","900 BROADWAY BUILDING 4",-,BANGOR,ME,04401,PENOBSCOT,"(207) 907-1810",1,Non-Profit,05/29/1991
201508,"MAINEHEALTH HOME HEALTH AND HOSPICE","815 COMMERCIAL ST, UNIT 6,",-,ROCKPORT,ME,04856,YORK,"(207) 284-4566",1,Other,03/10/1992
201511,"ANDWELL HEALTH PARTNERS","390 US ROUTE 1",-,SCARBOROUGH,ME,04074,CUMBERLAND,"(207) 777-7740",1,Non-Profit,01/04/1995
201513,"ANDWELL HEALTH PARTNERS","15 STRAWBERRY AVE",-,LEWISTON,ME,04240,ANDROSCOGGIN,"(207) 777-7740",1,Other,06/17/1996
201514,"COMMUNITY HEALTH & COUNSELING SERVICES","42 CEDAR STREET",-,BANGOR,ME,04401,PENOBSCOT,"(207) 947-0366",1,Non-Profit,07/17/1997
201516,"BEACON HOSPICE, AN AMEDISYS COMPANY","52 ATLANTIC PLACE, SUITE B-50",-,"SO PORTLAND",ME,04106,CUMBERLAND,"(207) 772-0929",1,For-Profit,09/18/2001
201517,"BEACON HOSPICE, AN AMEDISYS COMPANY","245 CENTER STREET, SUITE 10A",-,AUBURN,ME,04210,ANDROSCOGGIN,"(207) 784-4242",1,For-Profit,10/21/2003
201519,"COMPASSUS - GREATER MAINE","163 US ROUTE ONE",-,SCARBOROUGH,ME,04074,CUMBERLAND,"(207) 761-6967",1,For-Profit,06/27/2007
201520,"BEACON HOSPICE, AN AMEDISYS COMPANY","1026 STILLWATER AVENUE",-,BANGOR,ME,04401,PENOBSCOT,"(207) 942-2920",1,For-Profit,11/22/2007
201522,"CONSTELLATION HOSPICE, CONSTELLATION HEALTH SERVICES","323 STATE ST, STE 5",-,AUGUSTA,ME,04330,KENNEBEC,"(207) 370-6470",1,Other,10/04/2018
201523,GENTIVA,"238 STATE ST, STE 16",-,BREWER,ME,04412,PENOBSCOT,"(207) 573-7012",1,For-Profit,12/23/2019
201524,"AFFINITY CARE OF MAINE, LLC","1 RUNWAY ROAD, STE 5",-,"SOUTH PORTLAND",ME,04106,CUMBERLAND,"(207) 345-6669",1,,02/01/2023
201525,"GENTIVA I","310 BROADWAY",-,"SOUTH PORTLAND",ME,04106,CUMBERLAND,"(207) 245-1648",1,,01/04/2023
201526,"BRISTOL HOSPICE - BANGOR LLC","824 STILLWATER AVE STE B",-,BANGOR,ME,04401,PENOBSCOT,"(207) 605-9620",1,,10/30/2024
211500,"STELLA MARIS INC","2300 DULANEY VALLEY RD",-,TIMONIUM,MD,21093,BALTIMORE,"(410) 252-4500",3,Other,11/18/1983
211502,"HOLY CROSS HOME CARE AND HOSPICE","10720 COLUMBIA PIKE SECOND FLOOR",-,"SILVER SPRING",MD,20901,MONTGOMERY,"(301) 557-4663",3,Non-Profit,05/09/1986
211503,"MONTGOMERY HOSPICE & PRINCE GEORGES HOSPICE","700 KING FARM BOULEVARD, SUITE 100 & 125",-,ROCKVILLE,MD,20850,MONTGOMERY,"(301) 921-4400",3,Non-Profit,06/16/1986
211505,"COASTAL HOSPICE INC","1113 HEALTHWAY DR",-,SALISBURY,MD,21804,WICOMICO,"(410) 742-8732",3,Non-Profit,01/28/1987
211507,"ACCENTCARE HOSPICE & PALLIATIVE CARE OF MARYLAND","5457 TWIN KNOLLS ROAD, SUITE 100",-,COLUMBIA,MD,21045,HOWARD,"(410) 689-7400",3,For-Profit,06/29/1988
211508,"JEWISH SOCIAL SERVICE AGENCY HOSPICE","6123 MONTROSE ROAD",-,ROCKVILLE,MD,20850,MONTGOMERY,"(301) 881-3700",3,Non-Profit,08/16/1988
211509,"HOSPICE OF THE CHESAPEAKE, INC.","90 RITCHIE HIGHWAY",-,PASADENA,MD,21122,"ANNE ARUNDEL","(443) 837-1519",3,Non-Profit,09/26/1988
211511,"HOSPICE OF WASHINGTON COUNTY, INC","1710 UNDERPASS WAY, STE 300",-,HAGERSTOWN,MD,21740,WASHINGTON,"(301) 791-6360",3,Other,08/30/1989
211512,"PHR OF BALTIMORE","1501 S EDGEWOOD STREET, SUITE A",-,BALTIMORE,MD,21227,"BALTIMORE CITY","(410) 368-2825",3,For-Profit,08/28/1989
211516,"FREDERICK HEALTH HOSPICE","1 FREDERICK HEALTH WAY",-,FREDERICK,MD,21702,FREDERICK,"(240) 566-3030",3,Non-Profit,07/26/1990
211519,"HOSPICE OF THE CHESAPEAKE, INC.","2505 DAVIS ROAD",-,WALDORF,MD,20603,CHARLES,"(443) 837-1519",3,Non-Profit,10/25/1991
211521,"HOSPICE OF THE CHESAPEAKE, INC.","4559 SIXES ROAD",-,"PRINCE FREDERICK",MD,20678,CALVERT,"(443) 837-1519",3,Non-Profit,04/03/1992
211522,"BRIDGINGLIFE, INC.","292 STONER AVENUE",-,WESTMINSTER,MD,21157,CARROLL,"(410) 871-8000",3,Non-Profit,09/03/1992
211526,"GILCHRIST HOSPICE CARE, INC","11311 MCCORMICK ROAD, SUITE 350",-,"HUNT VALLEY",MD,21031,BALTIMORE,"(443) 849-8200",3,Non-Profit,02/02/1994
211529,"COMPASS REGIONAL HOSPICE, INC","255 COMET DR",-,CENTREVILLE,MD,21617,"QUEEN ANNE'S","(443) 262-4100",3,Non-Profit,03/31/1994
211533,"HEARTLAND HOSPICE (BALTIMORE)","7001 JOHNNYCAKE RD STE 204",-,"WINDSOR MILL",MD,21244,BALTIMORE,"(410) 247-2900",3,Non-Profit,07/08/1995
211534,"UPMC WESTERN MARYLAND","12501 WILLOWBROOK RD FL3",-,CUMBERLAND,MD,21502,ALLEGANY,"(240) 964-9000",3,Non-Profit,10/20/1995
211535,"HOSPICE OF GARRETT COUNTY","203 SOUTH 2ND STREET",-,OAKLAND,MD,21550,GARRETT,"(301) 334-5151",3,Other,10/26/1995
211536,"AMEDISYS HOSPICE OF GREATER CHESAPEAKE","7106 RIDGE ROAD, SUITE 140",-,ROSEDALE,MD,21237,BALTIMORE,"(410) 686-5635",3,For-Profit,08/15/1996
211539,"HOSPICE OF ST MARY'S","44724 HOSPICE LANE",-,CALLAWAY,MD,20620,"ST. MARY'S","(301) 994-3023",3,Other,11/19/1998
211541,"CAPITAL CARING","6404 IVY LN, STE 801",-,GREENBELT,MD,20770,"PRINCE GEORGE'S","(301) 883-0866",3,Other,03/17/2001
211542,"HEARTLAND HOSPICE (BELTSVILLE)","11720 BELTSVILLE DR STE 900",-,BELTSVILLE,MD,20705,"PRINCE GEORGE'S","(240) 264-1692",3,For-Profit,11/06/2003
211543,"TALBOT HOSPICE FOUNDATION, INC","586 CYNWOOD DRIVE",-,EASTON,MD,21601,TALBOT,"(410) 822-6681",3,Non-Profit,01/09/2015
211544,"AMEDISYS HOSPICE","1400 MERCANTILE LANE SUITE 228",-,LARGO,MD,20774,"PRINCE GEORGE'S","(301) 349-3568",3,Other,03/03/2020
211545,"ADORATION HOSPICE","4701 MOUNT HOPE DRIVE, SUITE B",-,BALTIMORE,MD,21215,"BALTIMORE CITY","(410) 235-1060",3,For-Profit,12/14/2021
211546,"LUMINIS HEALTH GILCHRIST LIFE CARE INSTITUTE","2000 MEDICAL PARKWAY, SUITE 607",-,ANNAPOLIS,MD,21401,"ANNE ARUNDEL","(443) 843-8200",3,Other,05/18/2022
221500,"GOOD SHEPHERD COMMUNITY CARE","160 WELLS AVENUE",-,NEWTON,MA,02459,MIDDLESEX,"(617) 969-6130",1,Non-Profit,10/01/1984
221504,"METROWEST HOMECARE AND HOSPICE, AN AMEDISYS COMPAN","200 NICKERSON ROAD, SUITE 110",-,MARLBORO,MA,01752,MIDDLESEX,"(508) 383-7000",1,For-Profit,11/01/1984
221506,"VNA & HOSPICE OF COOLEY DICKINSON","30 LOCUST STREET",-,NORTHAMPTON,MA,01060,HAMPSHIRE,"(413) 584-1060",1,Non-Profit,07/11/1985
221508,"TUFTS MEDICINE CARE AT HOME","847 ROGERS STREET, SUITE 201",-,LOWELL,MA,01852,ESSEX,"(978) 552-4000",1,Non-Profit,09/25/1985
221512,"HOPEHEALTH HOSPICE & PALLIATIVE CARE","10 EMORY STREET",-,ATTLEBORO,MA,02703,BRISTOL,"(508) 957-0200",1,Non-Profit,07/24/1986
221513,"VNA CARE HOSPICE INC","67 MILLBROOK ST., 500 NORTH",-,WORCESTER,MA,01606,WORCESTER,"(508) 756-7176",1,Non-Profit,12/05/1986
221514,"OLD COLONY HOSPICE, INC","321 MANLEY STREET",-,"W BRIDGEWATER",MA,02379,PLYMOUTH,"(781) 341-4145",1,Non-Profit,08/27/1986
221518,"ACCENTCARE HOSPICE OF MASSACHUSETTS","21 FATHER DEVALLES BLVD, SUITE 105",-,"FALL RIVER",MA,02723,NORFOLK,"(508) 235-5312",1,For-Profit,12/18/1987
221520,"CRANBERRY HOSPICE","36 CORDAGE PARK CIRCLE, SUITE 326","275 SANDWICH STREET",PLYMOUTH,MA,02360,PLYMOUTH,"(508) 746-0215",1,Non-Profit,06/23/1988
221521,"BAYSTATE HOSPICE","30 CAPITAL DR, SUITE A",-,"WEST SPRINGFIELD",MA,01089,HAMPDEN,"(413) 794-6411",1,Non-Profit,09/21/1988
221522,"CARE DIMENSIONS, INC","75 SYLVAN STREET, SUITE B-102",-,DANVERS,MA,01923,ESSEX,"(978) 822-3846",1,Non-Profit,09/06/1989
221524,"HEALTH ALLIANCE HOME HEALTH AND HOSPICE","60 HOSPITAL ROAD",-,LEOMINSTER,MA,01453,WORCESTER,"(978) 342-6013",1,Non-Profit,12/19/1989
221526,"HOSPICE LIFE CARE","20 HOSPITAL DRIVE, 3RD FLOOR",-,HOLYOKE,MA,01040,HAMPDEN,"(413) 534-5691",1,For-Profit,03/28/1990
221529,"CARE CENTRAL VNA & HOSPICE","34 PEARLY LANE",-,GARDNER,MA,01440,WORCESTER,"(978) 632-1230",1,Non-Profit,07/09/1991
221531,"HOSPICECARE IN THE BERKSHIRES","877 SOUTH STREET, SUITE 1W",-,PITTSFIELD,MA,01201,BERKSHIRE,"(413) 443-2994",1,Non-Profit,09/19/1991
221536,"HOSPICE AND PALLIATIVE CARE","200 MILL ROAD",-,FAIRHAVEN,MA,02719,BRISTOL,"(508) 973-3200",1,Non-Profit,03/16/1993
221541,"BETH ISRAEL LAHEY HEALTH AT HOME","199 ROSEWOOD DRIVE, SUITE 380",-,DANVERS,MA,01923,ESSEX,"(781) 756-2488",1,Non-Profit,12/23/1993
221542,"COMMUNITY NURSE HOME CARE, INC","62 CENTER STREET","P O BOX 831",FAIRHAVEN,MA,02719,BRISTOL,"(508) 992-6278",1,Non-Profit,12/21/1993
221544,"BEACON HOSPICE, AN AMEDISYS COMPANY","529 MAIN STREET, SUITE 126",-,CHARLESTOWN,MA,02129,SUFFOLK,"(617) 242-4872",1,For-Profit,04/03/1995
221553,"SUDBURY PINES HOSPICE","642 BOSTON POST ROAD",-,SUDBURY,MA,01776,MIDDLESEX,"(978) 443-3359",1,For-Profit,12/06/2001
221554,"VISITING NURSE ASSOCIATION OF CAPE COD HOSPICE","25 COMMUNICATION WAY",-,HYANNIS,MA,02601,BARNSTABLE,"(508) 957-7710",1,Non-Profit,04/05/2002
221555,"COMPASSUS - SOUTHERN MASSACHUSETTS","790 TURNPIKE STREET, SUITE 202",-,"NORTH ANDOVER",MA,01845,ESSEX,"(978) 777-8222",1,For-Profit,04/16/2002
221559,"BROAD REACH HOSPICE","1455 MAIN STREET",-,CHATHAM,MA,02633,BARNSTABLE,"(508) 945-4601",1,For-Profit,09/14/2004
221560,"COMPASSUS - GREATER WESTERN MASSACHUSETTS","19 MIDSTATE DRIVE, SUITE 130",-,AUBURN,MA,01501,WORCESTER,"(508) 845-2379",1,For-Profit,12/21/2004
221561,"PIONEER VALLEY HOSPICE & PALLIATIVE CARE","101 MUNSON STREET, SUITE 103",-,GREENFIELD,MA,01301,FRANKLIN,"(413) 774-2400",1,Non-Profit,03/09/2005
221562,"ALL CARE HOSPICE INC","210 MARKET STREET",-,LYNN,MA,01901,ESSEX,"(781) 586-1608",1,Non-Profit,04/12/2005
221563,"NEW ENGLAND HOSPICE II, LLC","190 OLD DERBY STREET SUITE 304",-,HINGHAM,MA,02043,PLYMOUTH,"(781) 749-2900",1,For-Profit,04/26/2005
221565,"OVERLOOK HOSPICE SERVICES","88 MASONIC HOME ROAD, DAVENPORT BLDG, 2ND FL",-,CHARLTON,MA,01507,WORCESTER,"(508) 765-1515",1,Non-Profit,11/09/2005
221566,"ASCEND HOSPICE","352 BELMONT STREET",-,WORCESTER,MA,01604,WORCESTER,"(508) 229-8390",1,For-Profit,11/18/2005
221568,"COMPASSUS - GREATER BOSTON","241-243 KING STREET, SUITES #237 & #239",-,NORTHAMPTON,MA,01060,HAMPSHIRE,"(508) 845-2379",1,For-Profit,03/01/2006
221569,"JHC HOSPICE","646 SALISBURY STREET",-,WORCESTER,MA,01609,WORCESTER,"(508) 713-0512",1,Non-Profit,03/08/2006
221570,"HOSPICE SERVICES OF MASSACHUSETTS","10 RIVERSIDE DRIVE, STE 201",-,LAKEVILLE,MA,02347,PLYMOUTH,"(508) 291-0049",1,For-Profit,04/28/2006
221571,"HOSPICE OF THE FISHER HOME","1165 NORTH PLEASANT STREET",-,AMHERST,MA,01002,HAMPSHIRE,"(413) 549-0115",1,Non-Profit,09/21/2006
221573,"BEACON HOSPICE, AN AMYEDISYS COMPANY","815 WORCESTER STREET",-,SPRINGFIELD,MA,01151,HAMPDEN,"(413) 205-1229",1,For-Profit,02/15/2007
221575,"NOTRE DAME HOSPICE","555 PLANTATION STREET",-,WORCESTER,MA,01605,WORCESTER,"(508) 852-5505",1,For-Profit,06/05/2007
221576,"HOSPICE SERVICES OF WESTERN & CENTRAL MASS","967 SPRINGFIELD STREET",-,"FEEDING HILLS",MA,01030,HAMPDEN,"(413) 786-4004",1,For-Profit,06/07/2007
221577,"TRINITY HOSPICE, LLC","647 WEST FALMOUTH HIGHWAY",-,FALMOUTH,MA,02540,WORCESTER,"(781) 690-6113",1,For-Profit,10/29/2007
221578,"ACCENTCARE HOSPICE & PALLIATIVE CARE OF MASSACHUSE","1 EDGEWATER DRIVE, SUITE 103",-,NORWOOD,MA,02062,NORFOLK,"(866) 670-9449",1,For-Profit,12/06/2007
221580,"BEACON HOSPICE, AN AMEDISYS COMPANY","36 WILLIAM STREET",-,LEOMINSTER,MA,01453,WORCESTER,"(978) 466-7890",1,For-Profit,01/08/2008
221581,"LEGACY LIFECARE HOME HEALTH AND HOSPICE CARE- WEST","770 CONVERSE STREET",-,LONGMEADOW,MA,01106,HAMPDEN,"(978) 471-5146",1,Non-Profit,01/10/2008
221582,"COMPASSIONATE CARE HOSPICE","800 CUMMINGS PARK, SUITE 3100",-,WOBURN,MA,01801,MIDDLESEX,"(781) 935-5550",1,For-Profit,06/04/2008
221583,"CROI HEALTH","120 LONGWATER DRIVE, SUITE 200",-,NORWELL,MA,02061,PLYMOUTH,"(781) 659-2342",1,Non-Profit,06/19/2008
221584,"LEGACY LIFECARE HOSPICE AND PALLIATIVE CARE","123 CAPTAIN'S ROW",-,CHELSEA,MA,02150,SUFFOLK,"(617) 889-0779",1,Non-Profit,08/22/2008
221586,"BROOKHAVEN HOSPICE","5 MOUNT ROYAL AVENUE, SUITE 5-040",-,MARLBOROUGH,MA,01752,WORCESTER,"(508) 820-4800",1,For-Profit,09/23/2008
221587,"ASERACARE HOSPICE","114 TURNPIKE ROAD, SUITE 100",-,WESTBOROUGH,MA,01581,WORCESTER,"(508) 721-1219",1,For-Profit,10/03/2008
221588,"VISITING NURSE & COMMUNITY CARE","37 BROADWAY, 2ND FLOOR",-,ARLINGTON,MA,02474,MIDDLESEX,"(781) 643-6090",1,Non-Profit,07/07/2009
221589,"SERENITY HOSPICE, LLC","153 CORDAVILLE ROAD, SUITE 120",-,SOUTHBOROUGH,MA,01772,MIDDLESEX,"(508) 266-6402",1,For-Profit,08/23/2009
221590,"VNA & HOSPICE OF GREATER MILFORD","37 BIRCH STREET",-,MILFORD,MA,01757,WORCESTER,"(508) 473-0862",1,For-Profit,12/16/2009
221591,GENTIVA,"130 RUMFORD AVENUE, SUITE 211",-,AUBURNDALE,MA,02466,MIDDLESEX,"(617) 332-0813",1,For-Profit,11/08/2010
221592,"HANOVER HOSPICE","10 NORTH MAIN STREET",-,"FALL RIVER",MA,02720,BRISTOL,"(508) 675-7583",1,For-Profit,02/25/2011
221593,"COMPASSIONATE CARE HOSPICE OF SOUTHEASTERN MASSACHUSETTS LLC","2 LAKESHORE CENTER, SUITE 110",-,BRIDGEWATER,MA,02324,BRISTOL,"(508) 399-5900",1,For-Profit,03/24/2010
221596,"HEBREW SENIORLIFE HOSPICE CARE, INC","29 NEWBRIDGE WAY",-,DEDHAM,MA,02026,NORFOLK,"(781) 234-9950",1,Non-Profit,01/06/2014
221599,"ALLIANCE HOSPICE CARE LLC","36 JACONNET STREET, #104",-,NEWTON,MA,02461,MIDDLESEX,"(617) 663-4881",1,For-Profit,06/19/2015
221600,"CONSTELLATION HOSPICE","38R MERRIMAC STREET, SUITE 201",-,NEWBURYPORT,MA,01950,ESSEX,"(978) 904-3059",1,For-Profit,11/05/2015
221601,"MAESTRO HOSPICE CARE, LLC","439 S UNION ST, BLDG 2, STE 209",-,LAWRENCE,MA,01843,ESSEX,"(978) 258-5637",1,For-Profit,02/26/2016
221602,"ELARA CARING","222 MERRIMAC STREET, 2ND FLOOR, SUITE A",-,NEWBURYPORT,MA,01950,ESSEX,"(978) 358-1007",1,For-Profit,01/17/2017
221603,"DIGNITY HOSPICE CARE","260 COCHITUATE ROAD, SUITE 201",-,FRAMINGHAM,MA,01701,MIDDLESEX,"(508) 872-0038",1,For-Profit,06/09/2017
221604,"WEST RIVER HOSPICE","63 KENDRICK STREET",-,NEEDHAM,MA,02494,NORFOLK,"(781) 707-9524",1,For-Profit,08/29/2017
221605,"FIRST CHOICE HEALTHCARE INC","ONE GATEWAY CENTER, 300 WASHINGTON STREET, SUITE 607",-,NEWTON,MA,02458,MIDDLESEX,"(617) 738-1113",1,For-Profit,11/20/2017
221606,"HARBORSIDE HOSPICE OF MASSACHUSETTS, LLC","241 WINTER STREET, SUITE 201, P O BOX 930",-,HAVERHILL,MA,01831,ESSEX,"(800) 331-1044",1,Other,01/29/2018
221607,"FAITH AND FAMILY HOSPICE","400 DONALD LYNCH BLVD, SUITE 104",-,MARLBOROUGH,MA,01752,MIDDLESEX,"(774) 405-3326",1,For-Profit,04/10/2019
221608,"BROCKTON VISITING NURSE ASSOCIATION","500 BELMONT STREET, SUITE 200",-,BROCKTON,MA,02301,PLYMOUTH,"(508) 587-2121",1,Other,07/15/2019
221609,"CONTINUUM CARE OF MASS, LLC","21 FATHER DEVALLES BLVD, SUITE 204",-,"FALL RIVER",MA,02723,MIDDLESEX,"(434) 977-9715",1,For-Profit,08/16/2019
221610,"AUTUMN HOSPICE","454 WASHINGTON STREET",-,NORWELL,MA,02061,PLYMOUTH,"(781) 480-1445",1,For-Profit,03/12/2020
221611,"CARING HOSPICE SERVICES OF MASSACHUSETTS LLC","11 VANDERBILT AVENUE, SUITE 250",-,NORWOOD,MA,02062,SUFFOLK,"(732) 901-6600",1,Other,10/21/2020
221612,"BRISTOL HOSPICE LLC","1 FATHER DEVALLES BLVD, SUITE 309",-,"FALL RIVER",MA,02723,BRISTOL,"(774) 379-7232",1,For-Profit,12/10/2021
221613,"CONVENIENT HOSPICE SERVICES, INC","329 BOSTON POST ROAD, UNIT A",-,SUDBURY,MA,01776,MIDDLESEX,"(781) 642-0880",1,For-Profit,09/27/2021
221614,"PATHWAYS HEALTHCARE","101 STATION DRIVE, SUITE 240",-,WESTWOOD,MA,02090,NORFOLK,"(617) 481-9077",1,For-Profit,01/24/2022
221615,"LONGWOOD HOSPICE","637 WASHINGTON STREET, SUITE 102",-,BROOKLINE,MA,02446,NORFOLK,"(617) 505-3443",1,For-Profit,05/10/2022
221616,"BRIGHTON HOSPICE MASSACHUSETTS, LLC","1234 CHESTNUT STREET, SUITE 101",-,NEWTON,MA,02464,MIDDLESEX,"(801) 996-3217",1,For-Profit,03/10/2022
221617,"HOSPICE AND PALLIATIVE CARE OF MARTHA'S VINEYARD","459 STATE ROAD, UNIT 18",-,"VINEYARD HAVEN",MA,02588,DUKES,"(508) 693-0189",1,,09/30/2022
221618,"SOLARA HOSPICE, LLC","69 HICKORY DRIVE, 3RD FLOOR",-,WALTHAM,MA,02451,MIDDLESEX,"(978) 992-8108",1,,10/07/2022
221619,"SUNSET HOSPICE","25 WAREHAM STREET, SUITE 2-26",-,MIDDLEBORO,MA,02346,PLYMOUTH,"(774) 419-2029",1,,03/15/2023
221621,"HANDS AND HEARTS HOSPICE CORPORATION","34 WASHINGTON STREET, SUITE 100",-,"WELLESLEY HILLS",MA,02481,-,"(617) 675-1900",1,,04/29/2024
221622,"TIDES HOSPICE, LLC","101 ACCORD PARK DRIVE","SUITE 202",NORWELL,MA,02061,PLYMOUTH,"(774) 218-4095",1,,07/17/2024
221623,"PREFERRED PEACEFUL TRANSITIONS HOME HEALTH CARE INC","321 FORTUNE BLVD, SUITE 106B",-,MILFORD,MA,01757,-,"(506) 473-0404",1,,10/29/2024
221624,"HARMONY HOSPICE LLC","450 MEMORIAL DRIVE, SUITE 407",-,CHICOPEE,MA,01020,HAMPDEN,"(413) 435-4044",1,,08/22/2025
231501,"HOSPICE OF SOUTHEASTERN MICHIGAN, INC","400 GALLERIA OFFICENTRE, SUITE 400",-,SOUTHFIELD,MI,48302,OAKLAND,"(248) 353-2070",5,Other,11/01/1983
231505,"CENTRICA CARE NAVIGATORS","7100 STADIUM DR",-,KALAMAZOO,MI,49009,KALAMAZOO,"(269) 345-0273",5,Non-Profit,04/17/1984
231508,"HARBOR HOSPICE","1050 WEST WESTERN AVENUE, SUITE 400",-,MUSKEGON,MI,49441,MUSKEGON,"(231) 728-3442",5,Non-Profit,03/29/1985
231509,"COMPASSUS - GRAND BLANC","5445 ALI DR, DEPT 600",-,"GRAND BLANC",MI,48439,GENESEE,"(810) 762-8600",5,Non-Profit,03/18/1985
231510,"HOSPICE OF WESTERN MICHIGAN","989 SPAULDING SE",-,ADA,MI,49301,KENT,"(616) 454-1426",5,Non-Profit,08/13/1985
231511,"TRINITY HEALTH AT HOME SOUTHEAST MICHIGAN","20555 VICTOR PARKWAY",-,LIVONIA,MI,48152,WAYNE,"(734) 327-3200",5,Non-Profit,08/15/1985
231512,"UNITED HOSPICE SERVICE","3006 MAIN ST.",-,MARLETTE,MI,48453,SANILAC,"(800) 635-7490",5,Non-Profit,03/19/1986
231513,"COREWELL HEALTH HOSPICE & PALLIATIVE CARE SOUTHWEST MICHIGAN","4025 HEALTH PARK LANE",-,"SAINT JOSEPH",MI,49085,BERRIEN,"(269) 429-7100",5,Non-Profit,05/14/1986
231514,"MEMORIAL HEALTHCARE","1975 W M 21, STE 102",-,OWOSSO,MI,48867,SHIAWASSEE,"(989) 725-2299",5,Non-Profit,06/12/1986
231515,"MUNSON HOSPICE AND PALLIATIVE CARE","550 MUNSON AVE",-,"TRAVERSE CITY",MI,49686,"GRAND TRAVERSE","(616) 935-6520",5,Non-Profit,07/25/1986
231516,"COVENANT AT HOME","515 N MICHIGAN AVE",-,SAGINAW,MI,48602,SAGINAW,"(989) 799-6020",5,Non-Profit,08/27/1986
231517,"HENRY FORD HOSPICE","1 FORD PLACE, SUITE 4C",-,DETROIT,MI,48202,WAYNE,"(248) 585-5270",5,Non-Profit,08/15/1986
231518,"MICHIGAN PALLIATIVE AND HOSPICE CARE","32255 NORTHWESTERN HWY","SUITE 197",FARMINGTON,MI,48334,OAKLAND,"(248) 991-3090",5,For-Profit,10/22/1986
231519,"SPARROW HOSPICE SERVICES","1210 WEST SAGINAW STREET",-,LANSING,MI,48915,INGHAM,"(517) 364-7200",5,Non-Profit,01/23/1987
231521,"MCLAREN HOSPICE","1515 CAL DRIVE",-,DAVISON,MI,48423,GENESEE,"(800) 206-4806",5,Non-Profit,01/08/1987
231522,"HOSPICE OF LANSING","3411 STONELEIGH DR",-,LANSING,MI,48910,INGHAM,"(517) 882-4500",5,Non-Profit,06/10/1987
231523,"HENRY FORD HEALTH HOSPICE-CENTRAL MICHIGAN","100 E MICHIGAN AVE, SUITE 400",-,JACKSON,MI,49201,JACKSON,"(517) 841-6983",5,For-Profit,06/17/1987
231524,GENTIVA,"4458 OAKBRIDGE DR, STE D",-,FLINT,MI,48532,GENESEE,"(810) 733-7250",5,For-Profit,12/14/1987
231526,"ARBOR HOSPICE","2366 OAK VALLEY DR",-,"ANN ARBOR",MI,48103,WASHTENAW,"(734) 662-5999",5,Non-Profit,03/25/1988
231527,"ANGELA HOSPICE HOME CARE, INC","14100 NEWBURGH RD",-,LIVONIA,MI,48154,WAYNE,"(734) 464-7810",5,Non-Profit,04/29/1988
231530,"ADVISACARE HOSPICE","3290 WEST BIG BEAVER RD, SUITE 501",-,TROY,MI,48084,OAKLAND,"(248) 649-5489",5,For-Profit,09/30/1988
231533,"THREE RIVERS HEALTH HOMECARE & HOSPICE","711 S HEALTH PAKRWAY",-,"THREE RIVERS",MI,49093,"ST. JOSEPH","(269) 278-6108",5,Non-Profit,04/10/1990
231534,"TRINITY HEALTH AT HOME - GRAND HAVEN","1027 S BEACON BLVD",-,"GRAND HAVEN",MI,49417,OTTAWA,"(616) 846-2015",5,Non-Profit,03/20/1990
231536,"HOSPICE OF NORTHEASTERN MICHIGAN","830 S OTSEGO AVE",-,GAYLORD,MI,49735,OTSEGO,"(989) 731-2744",5,Non-Profit,08/03/1990
231537,"HOSPICE OF LENAWEE","1903 WOLF CREEK HWY",-,ADRIAN,MI,49221,LENAWEE,"(517) 263-2323",5,Non-Profit,09/06/1990
231541,"MCLAREN HOSPICE","1 HILAND DRIVE",-,PETOSKEY,MI,49770,EMMET,"(231) 627-2031",5,Non-Profit,05/02/1991
231543,"BLUE WATER HOSPICE","3403 LAPEER RD, SUITE B101",-,"PORT HURON",MI,48060,"ST. CLAIR","(810) 982-8809",5,Non-Profit,06/19/1991
231544,"COREWELL HEALTH HOSPICE & PALLIATIVE CARE - WEST MICHIGAN","1239 E BELTLINE AVE NE",-,"GRAND RAPIDS",MI,49525,KENT,"(616) 391-4200",5,Non-Profit,08/14/1991
231546,"HOSPICE OF HOLLAND","270 HOOVER BLVD",-,HOLLAND,MI,49423,OTTAWA,"(616) 396-2972",5,Non-Profit,09/11/1991
231547,"WINGS OF HOPE HOSPICE","530 LINN STREET, SUITE A",-,ALLEGAN,MI,49010,ALLEGAN,"(269) 686-8659",5,Non-Profit,10/29/1991
231548,"COMPASSUS - KALAMAZOO","5136 LOVERS LANE, STE 200B",-,PORTAGE,MI,49002,KALAMAZOO,"(269) 459-3700",5,Non-Profit,05/07/1992
231549,"MYMICHIGAN HOME CARE","2597 S MERIDIAN RD",-,"MOUNT PLEASANT",MI,48858,ISABELLA,"(800) 862-5002",5,Non-Profit,06/16/1992
231550,"HEARTLAND HOSPICE","1320 WALDO AVE, SUITE 300",-,MIDLAND,MI,48642,MIDLAND,"(989) 667-3340",5,For-Profit,07/09/1992
231552,"HOSPICE OF HILLSDALE COUNTY","124 SOUTH HOWELL STREET",-,HILLSDALE,MI,49242,HILLSDALE,"(517) 437-5252",5,Non-Profit,10/09/1992
231553,"LAKE SUPERIOR LIFE CARE & HOSPICE","914 WEST BARAGA",-,MARQUETTE,MI,49855,MARQUETTE,"(906) 225-7760",5,Non-Profit,10/30/1992
231555,"UPPER PENINSULA HOME HEALTH & HOSPICE","1125 W RIDGE ST",-,MARQUETTE,MI,49855,MARQUETTE,"(906) 225-4545",5,For-Profit,03/19/1993
231556,"HOSPICE OF MECOSTA COUNTY","400 PERRY STREET",-,"BIG RAPIDS",MI,49307,MECOSTA,"(231) 796-7371",5,Non-Profit,04/08/1993
231557,"ADVISACARE SOLUTIONS OF NORTHERN MICHIGAN, LLC","218 W GARFIELD ST",-,CHARLEVOIX,MI,49720,CHARLEVOIX,"(231) 547-6092",5,Non-Profit,06/22/1993
231558,"NORTH WOODS HOME NURSING & HOSPICE","226 S CEDAR ST","PO BOX 307",MANISTIQUE,MI,49854,SCHOOLCRAFT,"(800) 852-3736",5,For-Profit,07/27/1993
231560,"ASPIRUS AT HOME","1101 N ELEVATION ST",-,HANCOCK,MI,49930,HOUGHTON,"(906) 337-5700",5,Non-Profit,10/12/1993
231562,"HOSPICE COMPASSUS-DETROIT","30665 NORTHWESTERN HWY, SUITE 150",-,FARMINGTON,MI,48334,OAKLAND,"(810) 355-9900",5,For-Profit,11/01/1993
231563,"OSF BAY DE NOC HOSPICE","901 NORTH LINCOLN ROAD",-,ESCANABA,MI,49829,DELTA,"(906) 786-3915",5,Non-Profit,04/06/1994
231564,"GENTIVA I","25925 TELEGRAPH RD, SUITE 102",-,SOUTHFIELD,MI,48033,OAKLAND,"(248) 356-5070",5,For-Profit,08/17/1994
231568,"MICHIGAN COMMUNITY VNA HOSPICE","30800 TELEGRAPH ROAD, SUITE 1728",-,"BINGHAM FARMS",MI,48025,OAKLAND,"(800) 852-1232",5,For-Profit,12/20/1994
231570,"FAITH HOSPICE AT TRILLIUM WOODS","8214 PFEIFER FARMS DR SW",-,"BYRON CENTER",MI,49315,KENT,"(616) 235-5100",5,Non-Profit,03/21/1995
231571,"UP HEALTH SYSTEM HOME CARE & HOSPICE","3500 LUDINGTON STREET SUITE 310",-,ESCANABA,MI,49829,DELTA,"(906) 212-4933",5,For-Profit,06/23/1995
231572,"HEARTLAND HOSPICE (ANN ARBOR)","1300 EISENHOWER PLACE, SUITE 1390",-,"ANN ARBOR",MI,48108,WASHTENAW,"(734) 973-1145",5,For-Profit,11/16/1995
231574,"BEAUMONT HOSPICE","1975 TECHNOLOGY DR, SUITE J120",-,TROY,MI,48083,OAKLAND,"(248) 743-9400",5,For-Profit,05/07/1996
231576,"HEARTLAND HOSPICE (WEST BRANCH)","564 PROGRESS STREET",-,"WEST BRANCH",MI,48661,OGEMAW,"(989) 345-0651",5,For-Profit,07/22/1997
231579,"ELARA CARING","30400 TELEGRAPH RD, SUITE 334",-,"BINGHAM FARMS",MI,48025,OAKLAND,"(248) 792-8017",5,For-Profit,08/11/1998
231581,"ELARA CARING","209 E WASHINGTON AVE, SUITE 450A",-,JACKSON,MI,49202,JACKSON,"(517) 435-3055",5,For-Profit,10/26/1998
231582,"HEARTLAND HOSPICE (GRAND RAPIDS)","695 KENMOOR AVE SE, STE B",-,"GRAND RAPIDS",MI,49546,KENT,"(616) 956-0636",5,For-Profit,01/13/1999
231583,"COMPASSUS-NORTHERN DETROIT","28120 DEQUINDRE RD",-,WARREN,MI,48092,MACOMB,"(800) 248-2298",5,Other,12/01/1998
231585,"SCHOOLCRAFT MEMORIAL HOMECARE AND HOSPICE","7870 W US HWY 2",-,MANISTIQUE,MI,49854,SCHOOLCRAFT,"(906) 341-3284",5,"Combination Government & Non-Profit",06/07/1999
231586,"BARAGA COUNTY HOME CARE & HOSPICE","18341 US HIGHWAY 41, SUITE 1",-,"L' ANSE",MI,49946,BARAGA,"(906) 524-3320",5,Government,06/07/1999
231587,"WELLSPRING LUTHERAN SERVICES","100 MAYER RD",-,FRANKENMUTH,MI,48734,SAGINAW,"(989) 652-4663",5,Non-Profit,08/20/1999
231588,"HEARTLAND HOSPICE (MASON)","2150 ASSOCIATION DR, SUITE 200",-,OKEMOS,MI,48864,INGHAM,"(517) 244-0404",5,For-Profit,02/11/2000
231589,"HEARTLAND HOSPICE (FLINT)","3031 AIRPARK DR N",-,FLINT,MI,48507,GENESEE,"(810) 230-1318",5,For-Profit,04/11/2000
231591,"GENTIVA II","1911 WEST CENTRE AVE, STE 1",-,PORTAGE,MI,49024,KALAMAZOO,"(269) 342-9308",5,For-Profit,03/12/2004
231592,"GENTIVA II","1965 BOARDMAN RD, UNIT B",-,JACKSON,MI,49202,JACKSON,"(517) 788-6838",5,For-Profit,03/11/2004
231596,"COMPASSUS - BAY CITY","5889 BAY RD, SUITE 103",-,SAGINAW,MI,48604,SAGINAW,"(989) 893-0500",5,For-Profit,08/09/2005
231599,"COMPASSUS - LANSING","801 S WAVERLY RD, SUITE 200",-,LANSING,MI,48917,EATON,"(517) 886-8470",5,For-Profit,01/09/2006
231600,"COMPASSUS - NORTHERN MICHIGAN","3217 WEST M-55, SUITE B",-,"WEST BRANCH",MI,48661,OGEMAW,"(989) 343-2470",5,For-Profit,01/26/2006
231601,"SEASONS HOSPICE & PALLIATIVE CARE OF MICHIGAN","27355 JOHN R ROAD",-,"MADISON HEIGHTS",MI,48071,OAKLAND,"(800) 370-8592",5,For-Profit,03/16/2006
231603,"RESIDENTIAL HOME HEALTH AND HOSPICE","1681 WOODBRIDGE PARK DRIVE",-,LAPEER,MI,48446,LAPEER,"(810) 245-3300",5,For-Profit,09/30/2006
231605,"COMPASS - CASS CITY","6450 W MAIN ST",-,"CASS CITY",MI,48726,TUSCOLA,"(989) 872-5852",5,For-Profit,01/22/2007
231608,"AMERICANS HOSPICE CARE, INC","2575 NORTH MCLEOD DR, SUITE C",-,SAGINAW,MI,48604,SAGINAW,"(989) 791-4575",5,For-Profit,12/28/2007
231609,"HEARTLAND HOSPICE (MONROE)","1070 N MONROE ST, SUITE B",-,MONROE,MI,48162,MONROE,"(734) 240-8939",5,Other,03/26/2008
231611,"CROSSBRIDGE HOSPICE","500 KIRTS BLVD, SUITE 250",-,TROY,MI,48084,OAKLAND,"(248) 837-4390",5,For-Profit,05/07/2009
231612,"OAKLAWN HOSPICE","13444 PRESTON DRIVE",-,MARSHALL,MI,49068,CALHOUN,"(269) 789-3939",5,Other,07/14/2009
231615,"GUARDIAN ANGEL HOME CARE & HOSPICE OF ROCHESTER HILLS","1715 NORTHFIELD DR",-,"ROCHESTER HILLS",MI,48309,OAKLAND,"(248) 293-2441",5,For-Profit,10/27/2009
231617,"HEART TO HEART HOSPICE OF FLINT","4438 OAK BRIDGE DR",-,FLINT,MI,48532,GENESEE,"(810) 422-9453",5,For-Profit,12/07/2009
231618,"HOSPICE OF NORTHWEST OHIO","8132 SECOR ROAD",-,LAMBERTVILLE,MI,48144,MONROE,"(414) 661-4001",5,Non-Profit,04/28/2010
231619,"RESIDENTIAL HOSPICE","5440 CORPORATE DRIVE, SUITE 400",-,TROY,MI,48098,OAKLAND,"(866) 902-5854",5,For-Profit,08/13/2010
231620,"HEART TO HEART HOSPICE OF SOUTHGATE, LLC","1 HERITAGE PLACE, SUITE 107",-,SOUTHGATE,MI,48195,WAYNE,"(734) 282-0209",5,For-Profit,01/04/2011
231621,"UNIVERSAL HOSPICE CARE","24315 NORTHWESTERN HIGHWAY, SUITE102",-,SOUTHFIELD,MI,48075,OAKLAND,"(248) 799-9225",5,For-Profit,04/05/2011
231623,"PREMIER HOSPICE","33259 DEQUINDRE RD, SUITE C",-,TROY,MI,48083,OAKLAND,"(248) 588-1885",5,Other,06/15/2011
231625,"HEART TO HEART HOSPICE OF DETROIT, LLC","30600 TELEGRAPH RD, SUITE 1131",-,"BINGHAM FARMS",MI,48025,OAKLAND,"(248) 952-9000",5,For-Profit,03/28/2013
231626,"ASSURED HOSPICE CARE, INC","25925 TELEGRAPH RD, STE 320",-,SOUTHFIELD,MI,48033,OAKLAND,"(248) 262-2205",5,For-Profit,04/19/2013
231627,"GENTIVA I","625 KENMOOR AVE SE, STE 115",-,"GRAND RAPIDS",MI,49546,KENT,"(616) 249-3043",5,For-Profit,05/31/2013
231628,"CROSSBRIDGE HOSPICE","4595 BROADMOOR AVE SE SUITE 130",-,KENTWOOD,MI,49512,KENT,"(616) 432-2050",5,For-Profit,06/03/2013
231629,"EMMANUEL HOSPICE","401 HALL ST SW, SUITE 263",-,"GRAND RAPIDS",MI,49503,KENT,"(616) 719-0919",5,Non-Profit,09/12/2013
231631,"THE MEDICAL TEAM","5406 GATEWAY CENTER, SUITE F",-,FLINT,MI,48507,GENESEE,"(810) 236-7421",5,For-Profit,04/17/2014
231633,"ABSOLUTE HOME HEALTH & HOSPICE, INC","9463 HOLLY RD, SUITE 104",-,"GRAND BLANC",MI,48439,GENESEE,"(810) 694-1042",5,For-Profit,11/25/2014
231634,"FIRST STATE HOSPICE CARE INC","4798 WENMAR DR",-,SAGINAW,MI,48604,SAGINAW,"(989) 771-2100",5,For-Profit,11/10/2014
231635,"ST CROIX HOSPICE","2075 W BIG BEAVER RD","SUITE 420",TROY,MI,48084,OAKLAND,"(248) 649-6200",5,For-Profit,09/26/2014
231636,"ANGEL HOSPICE, INC","30700 TELEGRAPH RD, SUITE 2540",-,"BINGHAM FARMS",MI,48025,OAKLAND,"(248) 593-5553",5,For-Profit,01/06/2015
231637,"ALL AMERICANS HOSPICE CARE, INC","1397 S LINDEN RD, SUITE D",-,FLINT,MI,48532,GENESEE,"(810) 230-9740",5,For-Profit,01/29/2015
231638,"CUSTOM HOSPICE, LLC","888 W BIG BEAVER RD, SUITE 900",-,TROY,MI,48084,OAKLAND,"(248) 822-2447",5,For-Profit,04/01/2015
231639,"A&D HOSPICE","3375 CARVER STREET",-,SAGINAW,MI,48603,SAGINAW,"(989) 249-0929",5,For-Profit,02/16/2015
231640,"MID MICHIGAN HOME HEALTH & HOSPICE, LLC","1321 S LINDEN RD, STE A",-,FLINT,MI,48532,GENESEE,"(810) 732-7333",5,For-Profit,05/06/2015
231641,"ST MARIE'S","24555 SOUTHFIELD RD, SUITE 100",-,SOUTHFIELD,MI,48075,OAKLAND,"(248) 809-3795",5,For-Profit,06/01/2015
231642,"BEACON HOSPICE OF NORTH DETROIT LP","30700 TELEGRAPH RD, SUITE 3650",-,"BINGHAM FARMS",MI,48025,OAKLAND,"(248) 480-4440",5,For-Profit,07/06/2015
231644,"ELARA CARING","203 S STATE ST",-,"BIG RAPIDS",MI,49307,MECOSTA,"(231) 598-4071",5,For-Profit,07/27/2015
231645,"THE MEDICAL TEAM INC","17197 N LAUREL PARK DRIVE, SUITE 555",-,LIVONIA,MI,48152,WAYNE,"(810) 239-3000",5,For-Profit,10/05/2015
231646,"ELARA CARING","20698 HALL RD",-,"CLINTON TOWNSHIP",MI,48038,MACOMB,"(586) 221-3056",5,For-Profit,09/02/2015
231648,"THE CARE TEAM HOSPICE","5401 GATEWAY CENTER, SUITE D",-,FLINT,MI,48507,GENESEE,"(888) 483-2273",5,For-Profit,12/16/2015
231649,"CORSOCARE HOSPICE","950 CORPORATE OFFICE DR, SUITE 150",-,MILFORD,MI,48381,OAKLAND,"(877) 581-8710",5,For-Profit,11/24/2015
231651,"THE CARE TEAM HOSPICE","441 S MAIN ST, SUITE 4",-,STANDISH,MI,48658,ARENAC,"(989) 941-9975",5,For-Profit,07/21/2016
231652,"TRANSITIONS HOSPICE","1097 S LAPEER RD, SUITE A",-,OXFORD,MI,48371,OAKLAND,"(248) 330-2379",5,For-Profit,08/16/2016
231653,"ST CROIX HOSPICE PLYMOUTH","17177 N LAUREL PARK DR, SUITE 410",-,LIVONIA,MI,48170,WAYNE,"(734) 822-9433",5,For-Profit,10/03/2016
231656,"THE MEDICAL TEAM, INC","400 ANN ST, SUITE 104",-,"GRAND RAPIDS",MI,49503,KENT,"(248) 949-9968",5,For-Profit,03/16/2017
231657,"BEACON HOSPICE OF MICHIGAN LP","5820 N CANTON CENTER RD, STE 190",-,CANTON,MI,48187,WAYNE,"(248) 480-4440",5,For-Profit,07/21/2016
231658,"CHOICE HOSPICE INC","12500 E 13 MILE RD, 2ND FLOOR",-,WARREN,MI,48093,MACOMB,"(313) 551-4626",5,For-Profit,01/16/2017
231659,"THE CARE TEAM HOSPICE","604 W MAIN ST, SUITE A",-,GAYLORD,MI,49735,OTSEGO,"(989) 447-7445",5,For-Profit,10/09/2017
231660,"VALLEY HOSPICE CARE","3175 CHRISTY WAY, SUITE A",-,SAGINAW,MI,48603,SAGINAW,"(989) 401-3019",5,For-Profit,01/03/2018
231661,"INTERIM HEALTHCARE OF WEST MICHIGAN","1971 EAST BELTLINE AVENUE, NE","SUITE 219","GRAND RAPIDS",MI,49525,KENT,"(616) 229-0004",5,For-Profit,02/23/2018
231662,"HEART TO HEART HOSPICE OF LANSING, LLC","2260 SAGINAW ST, SUITE A",-,"EAST LANSING",MI,48823,INGHAM,"(517) 580-7530",5,For-Profit,02/24/2018
231663,"ABSOLUTE HOSPICE SERVICES","9463 HOLLY RD, SUITE 103",-,"GRAND BLANC",MI,48439,GENESEE,"(810) 820-4701",5,For-Profit,03/30/2018
231664,"OAKLAND HOSPICE","7125 ORCHARD LAKE RD, SUITE 222",-,"WEST BLOOMFIELD",MI,48322,OAKLAND,"(248) 865-9418",5,For-Profit,01/08/2018
231666,"PARRISH PALLIATIVE AND HOSPICE CARE, LLC","25925 TELEGRAPH RD, SUITE 202",-,SOUTHFIELD,MI,48034,OAKLAND,"(248) 352-3400",5,For-Profit,09/21/2018
231668,"AMARA HOSPICE, LLC","3085 BAY RD, SUITE 3",-,SAGINAW,MI,48603,SAGINAW,"(989) 200-5000",5,For-Profit,01/10/2019
231669,"OPTIMAL CARE HOSPICE","801 ROSEHILL RD",-,JACKSON,MI,49202,JACKSON,"(517) 212-2006",5,For-Profit,05/08/2019
231670,"CARETENDERS HOSPICE","32300 NORTHWESTERN HIGHWAY, SUITE 125",-,"FARMINGTON HILLS",MI,48334,OAKLAND,"(248) 727-2323",5,For-Profit,03/21/2019
231671,"OPEN ARMS HOSPICE","39500 W TEN MILE RD",-,NOVI,MI,48375,OAKLAND,"(248) 979-5572",5,For-Profit,09/13/2019
231672,"TRANSITIONS HOSPICE","6907 WEST SIDE SAGINAW RD, SUITE 8",-,"BAY CITY",MI,48706,BAY,"(989) 964-9770",5,For-Profit,11/06/2019
231673,"HEART TO HEART HOSPICE OF MID-MICHIGAN, LLC","4901 TOWN CENTRE RD, SUITE 120",-,SAGINAW,MI,48604,SAGINAW,"(989) 412-3301",5,For-Profit,07/03/2019
231674,"FIRST HOSPICE CARE, INC.","G-3316 MILLER RD",-,FLINT,MI,48507,GENESEE,"(810) 407-6514",5,For-Profit,10/31/2019
231675,"HARMONY HOME HEALTH AND HOSPICE CARE","3061 CHRISTY WAY",-,SAGINAW,MI,48603,SAGINAW,"(989) 264-6160",5,For-Profit,11/14/2019
231676,"A CHANGE OF SEASONS HOSPICE, INC.","8201 PORT AUSTIN RD",-,PIGEON,MI,48755,HURON,"(989) 856-2800",5,For-Profit,10/22/2019
231678,"ALL AMERICAN HOSPICE CARE, LLC","30500 23 MILE ROAD",-,"CHESTERFIELD TOWNSHIP",MI,48047,MACOMB,"(586) 255-5520",5,For-Profit,11/06/2019
231679,"WEST MICHIGAN HOSPICE, LLC","6835 HANNA LAKE AVE SE",-,CALEDONIA,MI,49316,KENT,"(231) 246-1652",5,For-Profit,05/07/2020
231680,"INTERIM HOSPICE OF OAKLAND COUNTY","41700 GARDENBROOK ROAD, OFFICE B, STE 130",-,NOVI,MI,48375,OAKLAND,"(248) 553-3333",5,For-Profit,04/13/2020
231681,"COMPASSIONATE HOSPICE CARE, LLC","10524 E GRAND RIVER RD, SUITE 104",-,BRIGHTON,MI,48116,LIVINGSTON,"(810) 534-7525",5,For-Profit,05/11/2020
231682,"SWAN HOSPICE","5206 GATEWAY CTR, SUITE C",-,FLINT,MI,48507,GENESEE,"(586) 307-4552",5,For-Profit,08/21/2020
231684,"LILY HOSPICE","2125 BUTTERFIELD DR, STE 299",-,TROY,MI,48084,OAKLAND,"(248) 242-7901",5,Other,01/27/2021
231685,"COREWELL HEALTH CHILDREN'S PATCH PROGRAM","26901 BEAUMONT BLVD, SUITE 169",-,SOUTHFIELD,MI,48033,OAKLAND,"(947) 522-1495",5,Non-Profit,05/07/2021
231686,"JOHN PAUL HOME HOSPICE","30800 TELEGRAPH RD, SUITE 3700",-,"BINGHAM FARMS",MI,48025,OAKLAND,"(248) 707-2886",5,For-Profit,06/29/2021
231687,"HOPE HOSPICE AND PALLIATIVE CARE, LLC","26780 FRANKLIN RD",-,SOUTHFIELD,MI,48034,OAKLAND,"(248) 557-0111",5,For-Profit,08/26/2021
231689,"OPTIMAL CARE HOSPICE","4760 FASHION SQUARE BLVD",-,SAGINAW,MI,48604,SAGINAW,"(888) 758-5709",5,For-Profit,10/21/2021
231690,"OPTIMAL CARE HOSPICE","770 KENMOOR AVE, SUITE 100",-,"GRAND RAPIDS",MI,49546,KENT,"(616) 537-8971",5,For-Profit,01/05/2022
231691,"AMBER HOSPICE CARE, LLC","25500 MEADOWBROOK RD, STE 240",-,NOVI,MI,48375,OAKLAND,"(313) 739-2859",5,For-Profit,11/19/2021
231692,"BRIGHTON HOSPICE MICHIGAN, LLC","26075 WOODWARD AVE, SUITE 300",-,"HUNTINGTON WOODS",MI,48070,OAKLAND,"(248) 965-3010",5,For-Profit,07/30/2021
231693,"ADVANCED HOSPICE CARE, LLC","4705 TOWNE CENTRE, SUITE 001",-,SAGINAW,MI,48604,SAGINAW,"(989) 890-1455",5,For-Profit,03/17/2022
231694,"BAY NURSING, INC","255 N BAILEY ST",-,ROMEO,MI,48065,MACOMB,"(586) 752-1111",5,For-Profit,03/11/2022
231696,"TRANSITIONS HOSPICE","555 W CROSSTOWN PARKWAY","SUITE 100",KALAMAZOO,MI,49008,KALAMAZOO,"(841) 515-1505",5,For-Profit,05/17/2022
231697,"AMAZING HOSPICE CARE, INC","2575 MCLEOD DR NORTH, SUITE B",-,SAGINAW,MI,48604,SAGINAW,"(989) 992-4587",5,For-Profit,04/27/2022
231698,"OPTIMAL CARE HOSPICE","24255 W 13 MILE RD, STE 210",-,"BINGHAM FARMS",MI,48025,OAKLAND,"(517) 212-2006",5,For-Profit,06/09/2022
231699,"QUALITY CARE HOSPICE","30600 TELEGRAPH RD, SUITE 1132",-,"BINGHAM FARMS",MI,48025,WAYNE,"(248) 621-0350",5,,07/27/2022
231700,"SERENITY HOSPICE CARE","33620 FIVE MILE RD, SUITE C",-,LIVONIA,MI,48154,WAYNE,"(734) 655-9390",5,For-Profit,08/08/2022
231701,"INHOUSE HOSPICE, LLC","30800 TELEGRAPH RD, SUITE 1975",-,"BINGHAM FARMS",MI,48025,OAKLAND,"(248) 283-7500",5,,09/15/2022
231702,"CARING HOSPICE OF MICHIGAN","34441 8 MILE RD, SUITE 109",-,LIVONIA,MI,48152,WAYNE,"(734) 470-3901",5,,09/28/2022
231703,"COMMUNITY HOSPICE CARE, LLC","10299 GRAND RIVER RD, SUITE J",-,BRIGHTON,MI,48116,LIVINGSTON,"(989) 598-7822",5,,09/28/2022
231704,"ALL AMERICA HOSPICE CARE, INC","39555 W TEN MILE RD, SUITE 308",-,NOVI,MI,48375,OAKLAND,"(989) 992-6893",5,,10/06/2022
231705,"BEACON HOSPICE OF WEST DETROIT, LP","30700 TELEGRAPH RD, SUITE 3650C",-,"BINGHAM FARMS",MI,48025,OAKLAND,"(248) 480-4440",5,,08/20/2021
231706,"BEST CARE HOSPICE, LLC","2483 S LINDEN RD, SUITE 50",-,FLINT,MI,48532,GENESEE,"(810) 820-2160",5,,11/30/2022
231707,"SUPERIOR CARE HOSPICE, INC","23000 TELEGRAPH RD, STE 4",-,BROWNSTOWN,MI,48134,WAYNE,"(734) 377-4844",5,,01/20/2023
231708,"ABIGAIL HOSPICE, LLC","2790 W GRAND RIVER, SUITE 100",-,HOWELL,MI,48843,LIVINGSTON,"(517) 292-8600",5,,11/07/2022
231710,"NEW CENTURY HOSPICE AND PALLIATIVE CARE, LLC","1389 E 12 MILE RD",-,"MADISON HEIGHTS",MI,48071,OAKLAND,"(248) 997-4988",5,,01/11/2023
231712,"BAYSIDE WELLNESS, LLC","236 1/2 E FRONT ST, SUITE 6",-,"TRAVERSE CITY",MI,49684,"GRAND TRAVERSE","(231) 946-6000",5,,03/23/2023
231713,"BLOOM HOSPICE, LLC","5901 CHASE RD, SUITE 210A",-,DEARBORN,MI,48126,WAYNE,"(313) 644-2066",5,,04/25/2023
231714,"HEARTHSTONE HOSPICE","900 W UNIVERSITY SUITE A-4",-,ROCHESTER,MI,48307,OAKLAND,"(586) 991-1529",5,,08/09/2023
231715,"PARC HOSPICE, LLC","31690 W 12 MILE RD, SUITE 102",-,"FARMINGTON HILLS",MI,48334,OAKLAND,"(248) 328-2939",5,,11/04/2023
231716,"SERENITY HOME HOSPICE, LLC","1391 E 12 MILE RD",-,"MADISON HEIGHTS",MI,48071,OAKLAND,"(313) 551-5025",5,,01/20/2024
231717,"AXIOM HOSPICE, LLC","12815 NORTHLINE RD",-,SOUTHGATE,MI,48195,WAYNE,"(734) 324-3166",5,,12/04/2023
231718,"PREMIER AT HOME HOSPICE & PALLIATIVE CARE, LLC","18000 W 9 MILE RD, STE 340",-,SOUTHFIELD,MI,48075,OAKLAND,"(586) 738-1701",5,,01/12/2024
231719,"SAFE HANDS HOSPICE, LLC","31300 REXWOOD ST, SUITE A",-,"FARMINGTON HILLS",MI,48334,OAKLAND,"(248) 223-4433",5,,12/08/2023
231720,"HARMONY HOSPICE","181 W RIVER VALLEY DR",-,NEWAYGO,MI,49337,NEWAYGO,"(231) 674-5162",5,,12/16/2023
231721,"HARMONY AT HOME HOSPICE, LLC","1800 W BRADY RD, SUITE 1",-,CHESANING,MI,48616,SHIAWASSEE,"(989) 798-4695",5,,07/30/2024
231722,"DEVOTION HOSPICE, LLC","153 N MILFORD RD, SUITE 103",-,HIGHLAND,MI,48357,OAKLAND,"(248) 581-4000",5,,07/10/2024
231723,"INTERIM HEALTHCARE OF WEST MICHIGAN","950 N 10TH ST, SUITE 100",-,KALAMAZOO,MI,49009,KALAMAZOO,"(269) 238-0060",5,,09/16/2024
231724,"PROACTIVE HOSPICE CARE, LLC","52188 VAN DYKE AVE, SUITE 201A",-,"SHELBY TOWNSHIP",MI,48316,MACOMB,"(586) 991-3139",5,,10/16/2024
231725,"COMFORT CARE HOSPICE, LLC","1905 S HAGGERTY RD, SUITE 1",-,CANTON,MI,48188,WAYNE,"(734) 945-2832",5,,07/06/2024
231726,"BLUEBIRD HOSPICE, LLC","110 S WASHINGTON ST, SUITE 200",-,OXFORD,MI,48371,OAKLAND,"(248) 264-3704",5,,12/30/2024
231727,"UNIVERSITY HOME HOSPICE, LLC","11585 FARMINGTON RD",-,LIVONIA,MI,48150,WAYNE,"(313) 558-9958",5,,07/31/2024
231728,"MARSHFIELD MEDICAL CENTER - DICKINSON HOSPICE","722 RIVER AVE",-,"IRON MOUNTAIN",MI,49801,DICKINSON,"(906) 776-1925",5,,05/09/2024
231729,"IDEAL HOSPICE SERVICES, INC","8313 HOLLY RD, STE C2",-,"GRAND BLANC",MI,48439,GENESEE,"(888) 761-1215",5,,03/11/2025
231730,"BELLEVUE HOSPICE, LLC","8244 METRO PKWY, SUITE E",-,"STERLING HEIGHTS",MI,48312,MACOMB,"(248) 918-9850",5,,05/09/2025
231731,"TONE HOSPICE AND PALLIATIVE CARE, INC","33742 W 12 MILE RD, SUITE A2",-,"FARMINGTON HILLS",MI,48331,OAKLAND,"(248) 522-9572",5,,04/30/2025
231732,"OPTIMAL HOSPICE OF MICHIGAN, INC","33250 WARREN RD, SUITE 15",-,WESTLAND,MI,48185,WAYNE,"(734) 237-6440",5,,06/18/2025
231733,"RIVERVIEW HOSPICE CARE, INC","1100 EUREKA RD",-,WYANDOTTE,MI,48192,WAYNE,"(734) 575-5505",5,,08/11/2025
231734,"ODYSSEY HOSPICE CARE, LLC","3150 LIVERNOIS RD, SUITE 210",-,TROY,MI,48083,OAKLAND,"(810) 515-1457",5,,09/10/2025
231735,"LUMINARY HOSPICE","41800 W 11 MILE RD, SUITE 100",-,NOVI,MI,48375,OAKLAND,"(248) 697-2988",5,,10/23/2025
241500,"CENTRACARE HOSPICE","110 2ND ST SOUTH STE 104",-,"WAITE PARK",MN,56387,STEARNS,"(320) 259-9375",5,Non-Profit,06/04/1984
241502,"GLACIAL RIDGE HOSPICE","219 1ST STREET SE",-,GLENWOOD,MN,56334,POPE,"(320) 634-2221",5,Non-Profit,10/25/1984
241503,"STCH SOUTH CENTRAL MN OPCO LLC","201 NORTH RIVERFRONT DRIVE SUITE 210",-,MANKATO,MN,56001,"BLUE EARTH","(507) 735-6221",5,Non-Profit,03/11/1985
241506,"NORTH MEMORIAL HOME HLTH HOSPC","3500 FRANCE AVENUE NORTH, SUITE 101",-,ROBBINSDALE,MN,55422,HENNEPIN,"(763) 581-9340",5,Non-Profit,09/23/1986
241507,"PRAIRIE HOME HOSPICE","1108 EAST COLLEGE DRIVE",-,MARSHALL,MN,56258,LYON,"(507) 337-0080",5,Non-Profit,05/02/1986
241509,"CENTRACARE HOSPICE","325 WILLMAR AVENUE SW",-,WILLMAR,MN,56201,KANDIYOHI,"(320) 231-4470",5,Non-Profit,04/14/1987
241510,"CHI HEALTH AT HOME","1110 HIGHWAY 75 NORTH SUITE A",-,BRECKENRIDGE,MN,56520,WILKIN,"(218) 643-2275",5,Non-Profit,06/11/1987
241511,"SANFORD BEMIDJI HOSPICE","3201 PINE RIDGE AVENUE NORTHWEST SUITE A",-,BEMIDJI,MN,56601,BELTRAMI,"(218) 333-5665",5,Non-Profit,06/23/1987
241512,"PARK NICOLLET METHODIST HOSPITAL","4916 EXCELSIOR BOULEVARD",-,"SAINT LOUIS PARK",MN,55426,HENNEPIN,"(952) 993-6087",5,Non-Profit,09/14/1987
241513,"ALLINA HEALTH HOSPICE & PALLIATIVE CARE","2925 CHICAGO AVENUE SOUTH MAIL ROUTE 34100",-,MINNEAPOLIS,MN,55407,HENNEPIN,"(651) 635-9173",5,Non-Profit,04/15/1988
241514,"ACCENTCARE FAIRVIEW HOSPICE - WEST, LLC","767 EUSTIS STREET #150",-,"SAINT PAUL",MN,55114,RAMSEY,"(612) 721-2491",5,Non-Profit,04/04/1989
241517,"CENTRACARE HOSPICE","1110 EAST BRIDGE STREET",-,"REDWOOD FALLS",MN,56283,REDWOOD,"(507) 637-4579",5,Government,03/02/1990
241519,"MAYO CLINIC HOSPICE","200 FIRST STREET SOUTHWEST",-,ROCHESTER,MN,55905,OLMSTED,"(507) 284-4002",5,Non-Profit,03/14/1990
241520,"HEALTHPARTNERS HOSPICE AND PALLIATICE CARE","8170 33RD AVENUE SOUTH","MAILSTOP 21101H",BLOOMINGTON,MN,55425,HENNEPIN,"(952) 883-6877",5,Other,01/01/1991
241521,"ESSENTIA HEALTH ST MARY'S HOSPICE & PALLIATIVE CARE SERVICES","407 EAST 4TH STREET",-,DULUTH,MN,55805,"ST. LOUIS","(218) 786-4020",5,Non-Profit,03/21/1991
241523,"HOSPICE OF MURRAY COUNTY INC","36 PARK DRIVE P O BOX 86",-,SLAYTON,MN,56172,MURRAY,"(507) 836-8114",5,Non-Profit,09/11/1991
241524,"ASPIRUS ST. LUKE'S AT HOME-HOSPICE-DULUTH","1011 EAST 1ST STREET",-,DULUTH,MN,55805,"ST. LOUIS","(218) 249-6100",5,Non-Profit,05/06/1992
241535,"WINONA AREA HOSPICE SERVICES","175 EAST WABASHA STREET",-,WINONA,MN,55987,WINONA,"(507) 457-4468",5,Non-Profit,11/24/1993
241538,"OLIVIA HOSPITAL & CLINIC - HOSPICE","100 HEALTHY WAY",-,OLIVIA,MN,56277,RENVILLE,"(320) 523-1261",5,Government,02/08/1994
241540,"GOOD SHEPHERD HOSPICE","503 EAST LINCOLN STREET",-,HENDRICKS,MN,56136,LINCOLN,"(507) 275-3134",5,Other,04/08/1994
241542,"CHI HEALTH AT HOME","815 SOUTHEAST SECOND STREET",-,"LITTLE FALLS",MN,56345,MORRISON,"(320) 631-5575",5,Non-Profit,08/19/1994
241544,"MAYO CLINIC HEALTH SYSTEM - AUSTIN","101 14TH ST. NW",-,AUSTIN,MN,55912,MOWER,"(507) 434-1415",5,Non-Profit,10/03/1994
241545,"SEASONS HOSPICE","1696 GREENVIEW DRIVE SOUTHWEST",-,ROCHESTER,MN,55902,OLMSTED,"(507) 285-1930",5,Non-Profit,10/21/1994
241546,"ST. JOSEPH'S HOSPICE","323 MAIN AVENUE SOUTH",-,"PARK RAPIDS",MN,56470,HUBBARD,"(218) 732-4552",5,Non-Profit,12/16/1994
241548,"HORIZON PUBLIC HEALTH","809 ELM STREET SUITE 1200",-,ALEXANDRIA,MN,56308,DOUGLAS,"(320) 763-6018",5,Government,02/11/1995
241549,"UNITED HOSPITAL DISTRICT INC","125 SOUTH MAIN STREET",-,"BLUE EARTH",MN,56013,FARIBAULT,"(507) 526-3273",5,Non-Profit,02/16/1995
241552,"LAKEVIEW HOSPICE","5803 NEAL AVENUE NORTH",-,"OAK PARK HEIGHTS",MN,55082,WASHINGTON,"(651) 430-3320",5,Non-Profit,03/14/1995
241557,"ECUMEN HOSPICE","3530 LEXINGTON AVENUE NORTH",-,SHOREVIEW,MN,55126,RAMSEY,"(651) 714-0200",5,Non-Profit,08/15/1996
241559,"LAKEWOOD HEALTH SYSTEM HOSPICE","401 EAST PRAIRIE AVENUE",-,STAPLES,MN,56479,TODD,"(218) 894-8080",5,Non-Profit,08/06/1996
241563,"LIFECARE HOSPICE","715 DELMORE DRIVE",-,ROSEAU,MN,56751,ROSEAU,"(218) 463-2500",5,Non-Profit,02/07/1997
241564,"ESSENTIA HEALTH HOSPICE WEST","900 HILLIGOSS BLVD SOUTHEAST",-,FOSSTON,MN,56542,POLK,"(218) 435-1133",5,Non-Profit,03/20/1997
241567,"RIDGEVIEW HOSPICE","501 SOUTH MAPLE STREET STE #1",-,WACONIA,MN,55387,CARVER,"(952) 442-6030",5,Non-Profit,08/27/1997
241573,"OUR LADY OF PEACE HOSPICE","2076 ST ANTHONY AVENUE",-,"SAINT PAUL",MN,55104,RAMSEY,"(651) 789-5031",5,Non-Profit,09/25/2001
241574,"RANGE REGIONAL HEALTH SERVICES","1101 EAST 37TH STREET, SUITE 27",-,HIBBING,MN,55746,"ST. LOUIS","(218) 262-6982",5,Other,12/23/2003
241578,"TRINITI HOSPICE","403 MAIN STREET NW",-,"ELK RIVER",MN,55330,SHERBURNE,"(763) 241-0654",5,Non-Profit,11/17/2005
241580,"AVERA@HOME PIPESTONE","916 4TH AVENUE SOUTHWEST",-,PIPESTONE,MN,56164,PIPESTONE,"(507) 825-6024",5,Government,05/09/2006
241581,"GOOD SAMARITAN SOCIETY HOSPICE","24090 SMILEY ROAD, SUITE 200",-,NISSWA,MN,56468,"CROW WING","(218) 963-9452",5,Non-Profit,01/26/2007
241582,"MINNESOTA HOSPICE LLC","17645 JUNIPER PATH SUITE 155",-,LAKEVILLE,MN,55044,DAKOTA,"(952) 898-1022",5,For-Profit,02/15/2008
241583,"COMPASSIONATE CARE HOSPICE","31361 STATE HIGHWAY 266",-,WORTHINGTON,MN,56187,NOBLES,"(507) 372-7003",5,Other,06/04/2008
241585,"SHOLOM HOSPICE","740 KAY AVENUE",-,"SAINT PAUL",MN,55102,RAMSEY,"(651) 328-2091",5,Non-Profit,05/08/2009
241586,"ST CROIX HOSPICE","7200 HUDSON BOULEVARD SUITE 100",-,OAKDALE,MN,55128,WASHINGTON,"(651) 735-3656",5,Other,10/07/2009
241587,"MARY T HOSPICE","11777 XEON BLVD NW",-,"COON RAPIDS",MN,55443,ANOKA,"(763) 516-1027",5,For-Profit,02/17/2010
241588,"MILLE LACS HEALTH SYSTEM HOSPICE","200 NORTH ELM STREET",-,ONAMIA,MN,56359,"MILLE LACS","(320) 532-2800",5,Non-Profit,05/28/2010
241589,"PRESBYTERIAN HOMES HOSPICE INC","2845 HAMLINE AVENUE NORTH",-,ROSEVILLE,MN,55113,RAMSEY,"(651) 631-6406",5,Non-Profit,11/18/2010
241590,"INTERIM HEALTHCARE OF THE TWIN CITIES, INC.","2680 ARTHUR STREET",-,ROSEVILLE,MN,55113,RAMSEY,"(651) 917-3634",5,For-Profit,06/26/2012
241591,"HORIZON HEALTH HOSPICE","26814 143RD STREET",-,PIERZ,MN,56364,MORRISON,"(320) 468-2788",5,Non-Profit,04/23/2013
241592,"VIVIE HOSPICE","2715 HIGHWAY 29 S SUITE 103",-,ALEXANDRIA,MN,56308,DOUGLAS,"(320) 759-1275",5,Non-Profit,05/08/2013
241593,"CARETENDERS HOSPICE","7801 EAST BUSH LAKE ROAD, SUITE 230",-,MINNEAPOLIS,MN,55439,HENNEPIN,"(952) 831-0193",5,For-Profit,08/16/2013
241594,"BRIGHTON HOSPICE","4500 PARK GLEN ROAD STE 475",-,"SAINT LOUIS PARK",MN,55416,HENNEPIN,"(952) 856-2212",5,For-Profit,06/13/2014
241595,"GRACE HOSPICE","1015 4TH AVENUE NORTH STE 206",-,MINNEAPOLIS,MN,55405,HENNEPIN,"(612) 238-0034",5,Non-Profit,08/07/2014
241596,"INTREPID USA HOSPICE","3433 BRAODWAY ST. NE STE. 240B",-,MINNEAPOLIS,MN,55413,HENNEPIN,"(651) 633-6404",5,For-Profit,10/03/2014
241597,"DIVINE HOSPICE CARE","322 2ND STREET SOUTHWEST",-,WILLMAR,MN,56201,KANDIYOHI,"(320) 231-9757",5,For-Profit,02/10/2015
241598,"AVERA AT HOME SOUTHWEST MINNESOTA","300 SOUTH BRUCE STREET",-,MARSHALL,MN,56258,LYON,"(507) 537-7070",5,Non-Profit,06/19/2015
241600,"HOSPICE OF THE MIDWEST","1811 WEIR DRIVE, SUITE 150",-,WOODBURY,MN,55125,WASHINGTON,"(651) 344-1040",5,For-Profit,04/20/2016
241602,"MOMENTS HOSPICE","820 LILAC DRIVE N STE 210",-,"GOLDEN VALLEY",MN,55422,HENNEPIN,"(763) 205-3600",5,For-Profit,11/20/2017
241603,"OLIVE GROVE HOSPICE LLC","12402 JAMESTOWN STREET NE",-,BLAINE,MN,55449,ANOKA,"(763) 219-4939",5,For-Profit,09/21/2018
241604,"CARINGEDGE HOSPICE HERMANTOWN","4195 WESTBERG ROAD",-,HERMANTOWN,MN,55811,"ST. LOUIS","(218) 723-8905",5,For-Profit,07/03/2019
241605,"CROWN CAPITAL STRATEGIES, LLC","2222 18TH AVENUE NW STE 210",-,ROCHESTER,MN,55901,OLMSTED,"(507) 200-1111",5,For-Profit,07/07/2019
241606,"ST CROIX HOSPICE","1001 S POKEGAMA AVE STE D",-,"GRAND RAPIDS",MN,55744,ITASCA,"(218) 212-7915",5,For-Profit,10/21/2019
241607,"MOMENTS HOSPICE","1812 2ND STREET SW STE B",-,ROCHESTER,MN,55902,OLMSTED,"(507) 888-9700",5,For-Profit,08/23/2019
241608,"MOMENTS HOSPICE","2229 ROOSEVELT ROAD SUITE 1",-,"SAINT CLOUD",MN,56301,STEARNS,"(320) 372-4300",5,For-Profit,08/14/2019
241609,"MOMENTS HOSPICE","4897 MILLER TRUNK HIGHWAY #220",-,HERMANTOWN,MN,55811,"ST. LOUIS","(218) 520-0870",5,For-Profit,04/23/2020
241610,"LIFESPRK HOSPICE LLC","5320 23RD STREET W, SUITE 130",-,"SAINT LOUIS PARK",MN,55416,HENNEPIN,"(952) 737-4350",5,For-Profit,07/13/2020
241611,GENTIVA,"8000 W. 78TH ST. STE. 210",-,EDINA,MN,55439,HENNEPIN,"(612) 361-0022",5,For-Profit,10/13/2020
241612,"GENTIVA 1","4140 RICHARD AVENUE","BUILDING 6, SUITE 320",HERMANTOWN,MN,55811,"ST. LOUIS","(218) 729-2517",5,For-Profit,03/25/2021
241613,"ST CROIX HOSPICE","2580 BRIDGE AVENUE",-,"ALBERT LEA",MN,56007,FREEBORN,"(507) 416-4247",5,For-Profit,06/21/2022
241615,"SUITE LIVING HOSPICE, LLC","1824 BUERKLE ROAD",-,"WHITE BEAR LAKE",MN,55110,WASHINGTON,"(651) 964-1220",5,,02/20/2023
241616,"MOMENTS HOSPICE","124 EAST WALNUT STREET, STE. 205",-,MANKATO,MN,56001,"BLUE EARTH","(507) 609-8800",5,,03/17/2023
241617,"FAVOURED HOSPICE, LLC","13661 BALSAM LANE NORTH STE A",-,DAYTON,MN,55327,HENNEPIN,"(612) 477-1770",5,,04/27/2023
241618,"BEYOND HOSPICE","6025 UPPER 35TH ST NORTH",-,OAKDALE,MN,55128,WASHINGTON,"(651) 485-5095",5,,07/01/2023
241619,"LAKE VALLEY HOSPICE LLC","4517 MINNETONKA BLVD, STE 105",-,"ST. LOUIS PARK",MN,55416,HENNEPIN,"(763) 220-0467",5,,12/21/2023
241620,"ST CROIX HOSPICE","3315 ROSEVELT ROAD, STE 400",-,"ST. CLOUD",MN,56301,STEARNS,"(320) 201-5930",5,,02/14/2024
241621,"SERENITY HOSPICE HOMES LLC","8948 STRATFORD COURT",-,"BROOKLYN PARK",MN,55443,HENNEPIN,"(612) 398-6993",5,,01/19/2024
241622,"BETHESDA HOSPICE","1205 WILLMAR AVE SE, STE 165",-,WILLMAR,MN,56201,KANDIYOHI,"(320) 235-8364",5,,08/08/2024
241623,"ST CROIX HOSPICE","13911 RIDGEDALE DRIVE, STE 190",-,HOPKINS,MN,55305,HENNEPIN,"(952) 746-9649",5,,08/07/2024
241624,"PRAIRIE GRACE HOSPICE, LLC","1028 N. RIVERFRONT DR.",-,MANKATO,MN,56001,"BLUE EARTH","(507) 821-0430",5,,10/04/2024
241625,"SUPERIOR HOSPICE INC.","800 BOONE AVE. N., STE. 194",-,"GOLDEN VALLEY",MN,55427,HENNEPIN,"(763) 277-8777",5,,10/21/2024
241626,"EMERALD WINGS HOSPICE LLC","889 GRAND AVENUE #201",-,"SAINT PAUL",MN,55303,RAMSEY,"(763) 269-9906",5,,10/22/2024
241627,"AMAZING HANDS PALLIATIVE","350 SHERMAN STREET STE B40 H",-,"SAINT PAUL",MN,55102,RAMSEY,"(832) 350-2573",5,,10/02/2024
241628,"MOMENTS HOSPICE OF ALEXANDRIA LLC","507 NOKOMIS STREET SUITE D",-,ALEXANDRIA,MN,56308,DOUGLAS,"(877) 666-3687",5,,11/21/2024
241629,"ST CROIX HOSPICE","441 ARROWHEAD LANE, SUITE 3",-,"MOOSE LAKE",MN,55767,CARLTON,"(218) 389-7681",5,,02/27/2025
251501,"NORTH MISSISSIPPI MEDICAL CTR","830 S GLOSTER 5 SOUTH",-,TUPELO,MS,38801,LEE,"(662) 377-3612",4,Non-Profit,06/12/1984
251504,"BAPTIST HOSPICE-GOLDEN TRIANGLE","2309 BLUECUTT ROAD, SUITE B","P O BOX 51266 LAFAYETTE, LA 70505-1266",COLUMBUS,MS,39705,LOWNDES,"(662) 243-1173",4,For-Profit,09/15/1987
251505,"ARDEN OF CENTRAL MISSISSIPPI, LLC","450 TOWNE CENTER BLVD",-,RIDGELAND,MS,39157,MADISON,"(601) 898-1053",4,For-Profit,08/02/1989
251508,"MAGNOLIA REGIONAL HEALTH CENTER HH AND HOSPICE AGENCY","1001 SOUTH HARPER ROAD",-,CORINTH,MS,38834,ALCORN,"(662) 293-1405",4,Government,05/03/1990
251511,"ACCENTCARE HOSPICE & PALLIATIVE CARE OF MS","3500 LAKELAND DRIVE, SUITE 515",-,FLOWOOD,MS,39232,RANKIN,"(601) 991-1933",4,For-Profit,06/18/1992
251512,"COMFORTCARE HOSPICE","2260 HIGHWAY 15 NORTH/MAIL- PO BOX 607 39441","PO BOX 607 LAUREL, MS 39441",LAUREL,MS,39440,JONES,"(601) 422-0054",4,Government,09/02/1992
251518,"HOSPICE OF LIGHT","1121 OCEAN SPRINGS ROAD",-,"OCEAN SPRINGS",MS,39564,JACKSON,"(228) 818-2160",4,Government,04/18/1994
251519,"FORREST GENERAL HOME CARE AND HOSPICE","304 SOUTH 40TH AVENUE",-,HATTIESBURG,MS,39402,FORREST,"(601) 288-2500",4,Non-Profit,04/19/1994
251520,"WAYNE GENERAL HOSPICE","927 WAYNE STREET / MAIL-PO BOX 1249","PO BOX 1249",WAYNESBORO,MS,39367,WAYNE,"(601) 735-7133",4,Government,05/04/1994
251521,"VITALCARING GROUP","271 HWY 6 WEST, BATESVILLE",-,BATESVILLE,MS,38606,PANOLA,"(662) 563-5708",4,For-Profit,06/16/1994
251523,"BAPTIST HOME CARE & HOSPICE-NORTH MISSISSIPPI","560 HIGHWAY 6 EAST","P O BOX 51266, LAFAYETTE, LA 70505-1266",BATESVILLE,MS,38606,PANOLA,"(662) 267-3448",4,For-Profit,08/11/1994
251535,"DEACONESS HOSPICE","1121 N 16TH AVENUE, SUITE A",-,LAUREL,MS,39440,JONES,"(601) 261-4010",4,For-Profit,01/15/1997
251536,GENTIVA,"110 S 37TH AVENUE, SUITE 50",-,HATTIESBURG,MS,39402,HARRISON,"(228) 385-7845",4,For-Profit,02/20/1997
251537,"SOUTHERN CARE INC DBA GENTIVA","925 TOMMY MUNRO DRIVE, SUITE J",-,BILOXI,MS,39532,HARRISON,"(228) 396-4756",4,For-Profit,04/18/1997
251538,"DELTA HEALTH- THE MEDICAL CENTER (HOSPICE)","1693 FAIRGROUNDS ROAD",-,GREENVILLE,MS,38703,WASHINGTON,"(662) 725-1200",4,Government,04/02/1997
251541,GENTIVA,"278 COMMERCIAL DRIVE",-,NEWTON,MS,39345,NEWTON,"(601) 683-7500",4,For-Profit,06/19/1997
251542,"WE CARE HOSPICE","3737 MAIN STREET","P.O. BOX 8617, MOSS POINT 39562-0010","MOSS POINT",MS,39563,JACKSON,"(228) 474-2030",4,For-Profit,02/19/1998
251549,"HOSPICE COMPASSUS- MISSISSIPPI","119-D WEST PRESLEY BLVD",-,"MC COMB",MS,39648,PIKE,"(601) 250-0884",4,For-Profit,10/14/1998
251551,"SAAD HOSPICE OF MISSISSIPPI","10243 CENTRAL AVENUE",-,DIBERVILLE,MS,39540,HARRISON,"(228) 432-8855",4,For-Profit,01/12/1999
251552,"LEGACY HOSPICE OF THE SOUTH (* DEEMED )","301 E WALDRON STREET",-,CORINTH,MS,38834,ALCORN,"(662) 286-5333",4,For-Profit,02/15/1999
251559,GENTIVA,"1990 S. FRONTAGE ROAD, SUITE 1","P O BOX 4060 MOORESVILLE, NC 28117",VICKSBURG,MS,39180,WARREN,"(601) 629-9673",4,For-Profit,03/14/2000
251560,"MID DELTA HOSPICE, INC DBA BRISTOL HOSPICE - BELZONI","405 N HAYDEN STREET",-,BELZONI,MS,39038,HUMPHREYS,"(662) 247-1254",4,For-Profit,03/30/2000
251561,GENTIVA,"706 HIGHWAY 51 NORTH","P O BOX 4060 MOORESVILLE, NC 28117-4060",BROOKHAVEN,MS,39601,LINCOLN,"(601) 990-2315",4,For-Profit,04/28/2000
251567,"ARDEN OF NORTH MISSISSIPPI (OXFORD)","405 GALLERIA LANE, SUITE C",-,OXFORD,MS,38655,LAFAYETTE,"(662) 636-7001",4,For-Profit,10/05/2001
251569,"HARPERS HOSPICE CARE INC","1703 24TH AVENUE",-,MERIDIAN,MS,39301,LAUDERDALE,"(601) 483-4134",4,For-Profit,04/03/2002
251573,"HOMECARE HOSPICE, LLC DBA LEGACY HOSPICE OF THE SOUTH","13 NORTHTOWN DRIVE, SUITE 130",-,JACKSON,MS,39211,HINDS,"(601) 625-7840",4,For-Profit,03/05/2003
251574,"PAX HOSPICE","359 TOWNE CENTER BLVD SUITE 500",-,RIDGELAND,MS,39157,MADISON,"(601) 991-3840",4,For-Profit,03/07/2003
251575,"ST JOSEPH HOSPICE OF WEST MISSISSIPPI, LLC","120 SCARBROUGH STREET, SUITE C",-,RICHLAND,MS,39218,RANKIN,"(601) 825-0418",4,For-Profit,03/21/2003
251579,GENTIVA,"104 COURT STREET",-,BATESVILLE,MS,38606,PANOLA,"(662) 578-4072",4,For-Profit,04/09/2003
251580,"QUALITY HOSPICE CARE, INC","317 RANGE AVENUE","P O BOX 517",PHILADELPHIA,MS,39350,NESHOBA,"(601) 656-5252",4,For-Profit,07/03/2003
251585,"ENHABIT HOSPICE","135 MAYFAIR ROAD","SUITE C",HATTIESBURG,MS,39402,FORREST,"(601) 264-8691",4,For-Profit,01/22/2004
251586,COMPASSUS-JACKSON,"3900 LAKELAND DRIVE, SUITE 100",-,FLOWOOD,MS,39232,RANKIN,"(601) 956-9755",4,For-Profit,04/16/2004
251590,GENTIVA,"1910 LAKELAND DRIVE, SUITE B",-,JACKSON,MS,39216,HINDS,"(601) 983-3193",4,For-Profit,09/16/2004
251591,"ENHABIT HOSPICE OF NORTH MISSISSIPPI","2714 WEST OXFORD LOOP, SUITE 167",-,OXFORD,MS,38655,LAFAYETTE,"(662) 238-7771",4,For-Profit,09/22/2004
251592,"LEGACY HOSPICE OF THE SOUTH - GRENADA","1410 WOODED DRIVE",-,GRENADA,MS,38901,GRENADA,"(662) 226-4246",4,For-Profit,09/23/2004
251594,"GENTIVA HOSPICE","301-B WEST COLLEGE STREET",-,BOONEVILLE,MS,38829,PRENTISS,"(662) 844-9725",4,For-Profit,11/23/2004
251595,"COMMUNITY HOSPICE","100 PARKGATE DRIVE EXT, SUITE103",-,TUPELO,MS,38801,LEE,"(662) 823-9850",4,For-Profit,12/15/2004
251597,GENTIVA,"403 HOSPITAL ROAD",-,STARKVILLE,MS,39759,OKTIBBEHA,"(662) 615-1519",4,For-Profit,12/30/2004
251602,"ADORATION HOME HEALTH AND HOSPICE CARE MISSISSIPPI","15359 HIGHWAY 49, SUITE 3",-,"YAZOO CITY",MS,39194,YAZOO,"(662) 746-5815",4,For-Profit,03/01/2005
251603,"ADORATION HOSPICE CARE MISSISSIPPI","803 EAST SUNFLOWER ROAD",-,CLEVELAND,MS,38732,BOLIVAR,"(662) 846-6211",4,For-Profit,03/02/2005
251606,"HOSPICE CARE GROUP, LLC","114 EAST DONALD STREET",-,QUITMAN,MS,39355,CLARKE,"(601) 776-8880",4,For-Profit,04/27/2005
251615,"ENHABIT HOSPICE OF CENTRAL MS","225 KATHERINE DRIVE",-,FLOWOOD,MS,39232,RANKIN,"(601) 932-9066",4,For-Profit,10/25/2005
251616,"MID DELTA HOSPICE SOUTH, INC DBA BRISTOL HOSPICE - BROOKHAVEN","711 BROOKWAY BOULEVARD, SUITE B",-,BROOKHAVEN,MS,39601,LINCOLN,"(601) 691-9220",4,For-Profit,10/26/2005
251618,"ENHABIT HOSPICE OF NORTHEAST MISSISSIPPI","499 GLOSTER CREEK VILLAGE, SUITE 1-7","135 MAYFAIR RD, HATTIESBURG, MS 39402",TUPELO,MS,38801,LEE,"(662) 844-2870",4,For-Profit,11/09/2005
251620,"MID DELTA HOSPICE NORTH, INC DBA BRISTOL HOSPICE - SOUTHAVEN","203-2 GOODMAN ROAD, SUITE 200",-,SOUTHAVEN,MS,38671,DESOTO,"(662) 399-2860",4,For-Profit,11/14/2005
251623,"THE SANCTUARY HOSPICE HOUSE","5159 W MAIN ST (IN-PT & OUT-PT)","P O BOX 2177 38803",TUPELO,MS,38801,LEE,"(662) 407-2400",4,Non-Profit,12/31/2005
251625,COMPASSUS-HATTIESBURG,"1700 S. 28TH AVENUE, SUITE B",-,HATTIESBURG,MS,39401,FORREST,"(601) 705-0360",4,For-Profit,07/07/2006
251627,"ADR HOSPICE, LLC DBA ANVOI MISSISSIPPI","1213 BROAD AVENUE, SUITE 2",-,GULFPORT,MS,39501,HARRISON,"(228) 206-6418",4,For-Profit,01/03/2007
251628,"LEGACY HOSPICE OF THE SOUTH - BATESVILLE","183 HIGHWAY 51 SOUTH",-,BATESVILLE,MS,38606,PANOLA,"(662) 578-8177",4,For-Profit,08/17/2006
251637,COMPASSUS-MID-MISSISSIPPI,"120 WEST CHEROKEE STREET",-,BROOKHAVEN,MS,39601,LINCOLN,"(601) 835-3363",4,For-Profit,12/01/2006
251638,"LEGACY HOSPICE OF THE SOUTH","1111 STARK ROAD",-,STARKVILLE,MS,39759,OKTIBBEHA,"(662) 338-0007",4,For-Profit,01/16/2007
251641,"GRACE COMMUNITY HOSPICE","1116 EAST AVENUE NORTH",-,HOLLANDALE,MS,38748,WASHINGTON,"(662) 846-7600",4,For-Profit,02/23/2007
251644,"ALLIANCE HEALTHCARE HOSPICE","617-A HIGHWAY 7 SOUTH",-,"HOLLY SPRINGS",MS,38635,MARSHALL,"(662) 252-1212",4,For-Profit,08/17/2007
251648,"VITALCARING GROUP","115 E NORTH THOMAS, SUITE E",-,TUPELO,MS,38801,LEE,"(662) 205-5740",4,For-Profit,10/05/2007
251652,"ENHABIT HOSPICE OF THE GULF COAST","13155 SHRINERS BLVD, SUITE D",-,BILOXI,MS,39503,HARRISON,"(228) 374-4434",4,For-Profit,09/30/2009
251653,"ENHABIT HOSPICE OF SOUTHWEST MISSISSIPPI","1301 HARRISON AVENUE, SUITE B",-,MCCOMB,MS,39648,PIKE,"(601) 684-5033",4,For-Profit,09/30/2009
251656,COMPASSUS-MEMPHIS,"6880 COBBLESTONE BLVD., SUITE 2",-,SOUTHAVEN,MS,38672,DESOTO,"(662) 393-4033",4,For-Profit,12/02/2009
251658,"SPRING VALLEY HOSPICE","7139 COMMERCE DRIVE, BLDG B-3",-,"OLIVE BRANCH",MS,38654,DESOTO,"(662) 890-5554",4,For-Profit,05/05/2010
251660,"ACG HOSPICE-VICKSBURG","3409 HALLS FERRY ROAD, SUITE 1","P O BOX 867 OLIVE BRANCH, MS 38654",VICKSBURG,MS,39180,WARREN,"(601) 631-8060",4,For-Profit,05/24/2010
251669,"ACG HOSPICE-OLIVE BRANCH","5924 PLEASANT HILL ROAD",-,"OLIVE BRANCH",MS,38654,DESOTO,"(662) 420-7157",4,Government,02/03/2011
251670,"ST JOSEPH HOSPICE OF SOUTHERN MISSISSIPPI, LLC","32 MILBRANCH ROAD, SUITE 30",-,HATTIESBURG,MS,39402,FORREST,"(601) 261-2515",4,For-Profit,03/09/2011
251671,GENTIVA,"2706 WEST OXFORD LOOP, SUITE 100 (OXFORD)",-,OXFORD,MS,38655,LAFAYETTE,"(662) 578-4072",4,For-Profit,09/28/2011
251676,"BAPTIST HOSPICE","1200 N STATE STREET, SUITE 480",-,JACKSON,MS,39202,HINDS,"(601) 933-0053",4,For-Profit,09/26/2012
251677,"HALCYON HOSPICE- PHILADELPHIA","1120 EAST MAIN STREET, SUITE 13","P O BOX 51266 LAFAYETTE, LA 70505-1266",PHILADELPHIA,MS,39350,NESHOBA,"(601) 656-7411",4,For-Profit,09/27/2012
251679,"TRADITIONS HEALTH","3704 BIENVILLE BLVD, SUITE A-3",-,"OCEAN SPRINGS",MS,39564,JACKSON,"(228) 207-0390",4,For-Profit,09/25/2012
251682,"HOMECARE HOSPICE NORTH LLC DBA LEGACY HOSPICE OF THE SOUTH","301 HIGHWAY 30 WEST, SUITE B",-,"NEW ALBANY",MS,38652,UNION,"(662) 539-7339",4,For-Profit,09/29/2010
251684,"VITALCARING GROUP","930 HALL STREET, SUITE G",-,WIGGINS,MS,39577,STONE,"(601) 799-2088",4,For-Profit,05/16/2013
251685,"NOTRE DAME HOSPICE OF MISSISSIPPI","4405 EAST ALOHA DR, SUITE K",-,DIAMONDHEAD,MS,39525,HANCOCK,"(228) 687-1385",4,For-Profit,08/28/2013
251687,"ST LUKE HOME HEALTH AND HOSPICE","713-B WATTS STREET",-,MONTICELLO,MS,39654,LAWRENCE,"(601) 587-7686",4,Non-Profit,09/26/2013
251690,"HOMECARE HOSPICE SOUTH, LLC DBA LEGACY HOSPICE OF THE SOUTH","2903 ARLINGTON LOOP",-,HATTIESBURG,MS,39401,FORREST,"(601) 909-6105",4,For-Profit,07/08/2014
251691,"HOSPICE OF NORTH SUNFLOWER","105 EAST FLOYCE STREET",-,RULEVILLE,MS,38771,SUNFLOWER,"(662) 756-1700",4,Government,09/30/2014
251692,"VITALCARING GROUP","344 KEYWAY DRIVE, SUITE C",-,FLOWOOD,MS,39232,RANKIN,"(601) 605-3881",4,For-Profit,09/09/2014
251693,"GRACE HOSPICE","105-B GRAND BOULEVARD",-,GREENWOOD,MS,38930,LEFLORE,"(662) 563-2919",4,For-Profit,09/30/2014
251694,"DIGNITY HOSPICE LLC","114 WEST CHEROKEE STREET",-,BROOKHAVEN,MS,39601,LINCOLN,"(601) 748-7021",4,For-Profit,10/27/2014
251696,"DEACONESS HOSPICE","1641-A POPPS FERRY ROAD, SUITE A-3","P O BOX 51266 LAFAYETTE, LA 70505-1266",BILOXI,MS,39532,HARRISON,"(228) 435-2265",4,For-Profit,12/07/2015
251697,"ARDEN OF SOUTH MISSISSIPPI LLC","1310 SOUTH MAIN STREET",-,POPLARVILLE,MS,39470,"PEARL RIVER","(601) 403-9822",4,For-Profit,09/19/2017
251701,"TRADITIONS HEALTH","680 HIGHWAY 51, SUITE L",-,RIDGELAND,MS,39157,MADISON,"(601) 317-4947",4,For-Profit,09/28/2017
251702,"SPRING VALLLEY HOSPICE OF TUPELO","1018 N GLOSTER, STE J",-,TUPELO,MS,38804,LEE,"(662) 586-5126",4,For-Profit,09/26/2017
251703,"HEART OF HOSPICE, LLC - DELTA","810 EAST SUNFLOWER ROAD, SUITE 100-C",-,CLEVELAND,MS,38732,BOLIVAR,"(662) 350-0557",4,For-Profit,11/18/2017
251705,"HEART OF HOSPICE, LLC - JACKSON","1675 LAKELAND DRIVE, SUITE 407",-,JACKSON,MS,39216,HINDS,"(662) 350-0830",4,For-Profit,10/29/2017
251706,"HEART OF HOSPICE, LLC - SOUTHERN","2018 HARDY STREET, SUITE 210",-,HATTIESBURG,MS,39401,FORREST,"(601) 714-1221",4,For-Profit,10/09/2017
251707,"DEACONESS HOSPICE","1385 JOHNNY JOHNSON DRIVE, SUITE A",-,BROOKHAVEN,MS,39601,LINCOLN,"(601) 823-5990",4,For-Profit,10/09/2018
251708,"INFINITY HOSPICE, LLC DBA ACG HOSPICE - CARTHAGE","110 SOUTH PEARL STREET",-,CARTHAGE,MS,39051,LEAKE,"(601) 654-2328",4,For-Profit,02/25/2020
251709,"SHEPHERD HOSPICE CARE, LLC","106 W BANKHEAD STREET",-,"NEW ALBANY",MS,38652,UNION,"(662) 539-7086",4,For-Profit,10/29/2020
261500,"HOSPICE COMPASSUS-SOUTHWEST MISSOURI","1341 W BATTLEFIELD STREET, SUITE 120",-,SPRINGFIELD,MO,65807,GREENE,"(417) 882-0453",7,For-Profit,05/09/1984
261501,"HOSPICE OF CARE","1422 SOUTH SAM HOUSTON BLVD., SUITE 300",-,HOUSTON,MO,65483,TEXAS,"(417) 967-1279",7,Government,06/13/1984
261503,"KANSAS CITY HOSPICE AND PALLIATIVE CARE","9001 STATE LINE ROAD, SUITE 300",-,"KANSAS CITY",MO,64114,JACKSON,"(816) 363-2600",7,Non-Profit,12/10/1984
261506,"SAINT LUKE'S HOSPICE","3516 SUMMIT STREET",-,"KANSAS CITY",MO,64111,JACKSON,"(816) 756-1160",7,Non-Profit,04/22/1987
261507,"MOSAIC LIFE CARE HOSPICE","5506 CORPORATE DRIVE",-,"SAINT JOSEPH",MO,64507,BUCHANAN,"(816) 271-7190",7,Non-Profit,06/17/1987
261508,"CITIZENS MEMORIAL HOSPICE","111 WEST BROADWAY","1500 NORTH OAKLAND",BOLIVAR,MO,65613,POLK,"(417) 326-3585",7,Other,10/19/2009
261510,"MERCY HOSPICE","1630 DES PERES ROAD, SUITE 305",-,"SAINT LOUIS",MO,63131,"ST. LOUIS","(314) 729-4400",7,For-Profit,08/25/1988
261511,"BJC HOSPICE","670 MASON RIDGE CENTER DRIVE, STE 300",-,"SAINT LOUIS",MO,63141,"ST. LOUIS","(314) 872-5050",7,Non-Profit,08/15/1988
261514,"NOVUS LIFECARE","136 S MAIN STREET",-,CLINTON,MO,64735,HENRY,"(660) 890-2014",7,Non-Profit,06/02/1989
261515,"SSM HEALTH AT HOME HOSPICE","600 MEDICAL DRIVE, SUITE 209",-,WENTZVILLE,MO,63385,"ST. CHARLES","(636) 695-2050",7,Non-Profit,07/07/1989
261521,"THREE OAKS HOSPICE","4721 SOUTH CLIFF AVENUE, STE 220",-,INDEPENDENCE,MO,64055,JACKSON,"(816) 875-0420",7,For-Profit,11/14/1990
261522,"OZARKS HEALTHCARE AT HOME, HOSPICE","812 N KENTUCKY AVENUE",-,"WEST PLAINS",MO,65775,HOWELL,"(417) 256-3133",7,Non-Profit,02/06/1991
261533,"PIKE COUNTY HEALTH DEPARTMENT, HOME HEALTH & HOSPICE","1 HEALTH CARE PLACE",-,"BOWLING GREEN",MO,63334,PIKE,"(573) 324-2111",7,Government,05/20/1993
261534,GENTIVA,"8414 N CHURCH ROAD",-,"KANSAS CITY",MO,64157,JACKSON,"(816) 795-1333",7,For-Profit,07/08/1993
261535,"VNA HOSPICE","1124 INDEPENDENCE AVENUE","PO BOX 768",KENNETT,MO,63857,DUNKLIN,"(573) 888-5892",7,Other,06/24/1993
261536,"FITZGIBBON MARY MONTGOMERY HOSPICE","2303 SOUTH HIGHWAY 65, SUITE D","2305 SOUTH HIGHWAY 65, PO BOX 250",MARSHALL,MO,65340,SALINE,"(660) 831-3293",7,Other,07/14/1993
261537,"MERCY HOSPICE","1701 LACEY STREET",-,"CAPE GIRARDEAU",MO,63701,"CAPE GIRARDEAU","(573) 335-6208",7,For-Profit,07/21/1993
261541,"HARRISON COUNTY HOSPICE","1700 BETHANY AVENUE",-,BETHANY,MO,64424,HARRISON,"(660) 425-6324",7,Government,12/01/1993
261542,"COMFORT CARE HOSPICE","214 MCELWAIN DRIVE, STE A",-,CAMERON,MO,64429,CLINTON,"(816) 632-4411",7,Other,11/24/1993
261547,"HOSPICE COMPASSUS-TRI LAKES MISSOURI","3044 SHEPHERD OF THE HILLS EXPRESSWAY, SUITE 200",-,BRANSON,MO,65616,TANEY,"(417) 335-2004",7,For-Profit,06/30/1994
261548,"HOSPICE COMPASSUS-SOUTH CENTRAL MISSOURI","1602-C N MAIN",-,"MOUNTAIN GROVE",MO,65711,WRIGHT,"(417) 926-4146",7,For-Profit,07/06/1994
261550,GENTIVA,"12125 WOODCREST EXECUTIVE DRIVE, SUITE 300",-,"SAINT LOUIS",MO,63141,"ST. LOUIS","(314) 275-6100",7,For-Profit,08/31/1994
261553,"CENTRAL MISSOURI HOSPICE","1001 SOUTHWEST BLVD, SUITE A",-,"JEFFERSON CITY",MO,65109,COLE,"(573) 681-3750",7,For-Profit,10/20/1994
261554,"SERENITY HOSPICECARE","5272 FLAT RIVER ROAD",-,"PARK HILLS",MO,63601,"ST. FRANCOIS","(573) 431-0162",7,Non-Profit,01/26/1995
261555,"ASERACARE HOSPICE","301 E. PRICE, SUITE B",-,SAVANNAH,MO,64485,ANDREW,"(816) 324-1250",7,For-Profit,12/16/1994
261557,"HOSPICE OF NORTHEAST MISSOURI","201 SOUTH BALTIMORE, SUITE C",-,KIRKSVILLE,MO,63501,ADAIR,"(660) 627-9711",7,Non-Profit,03/14/1995
261559,"HOSPICE COMPASSUS-CENTRAL MISSOURI","3405 WEST TRUMAN BOULEVARD, SUITE 210",-,"JEFFERSON CITY",MO,65109,COLE,"(573) 556-3547",7,For-Profit,03/29/1995
261564,"HOMETOWN HOMECARE","101 FURR STREET",-,FAYETTE,MO,65248,HOWARD,"(660) 248-2100",7,Non-Profit,08/08/1995
261570,"ST. CROIX HOSPICE","1517 UNION AVE, STE D",-,MOBERLY,MO,65270,RANDOLPH,"(660) 675-4216",7,Non-Profit,02/05/1996
261572,"HEARTLAND HOSPICE (KANSAS CITY)","4731 SOUTH COCHISE DRIVE, SUITE 120",-,INDEPENDENCE,MO,64055,JACKSON,"(816) 943-1798",7,Non-Profit,07/05/1996
261574,"HEARTLAND HOSPICE (ST LOUIS)","12101 WOODCREST EXECUTIVE DRIVE, SUITE 102",-,"SAINT LOUIS",MO,63141,"ST. LOUIS","(314) 453-0990",7,For-Profit,07/19/1996
261575,"PATHWAYS HOSPICE AND PALLIATIVE CARE","14805 NORTH OUTER 40 ROAD, SUITE160",-,CHESTERFIELD,MO,63017,"ST. LOUIS","(636) 733-7399",7,Other,09/09/1996
261577,"BENTON COUNTY HOSPICE","1238 COMMERCIAL","PO BOX 935",WARSAW,MO,65355,BENTON,"(660) 438-2876",7,"Combination Government & Non-Profit",10/09/1996
261578,"REGIONAL HOSPICE","3405 WEST MOUNT VERNON, SUITE 100",-,SPRINGFIELD,MO,65802,GREENE,"(417) 832-0577",7,For-Profit,09/26/1996
261583,"PHELPS HEALTH HOME HEALTH AND HOSPICE","1500 E STATE HIGHWAY 72","1500 E STATE HIGHWAY 72",ROLLA,MO,65401,PHELPS,"(573) 364-2425",7,For-Profit,03/16/1999
261585,GENTIVA,"2024 MAIDEN LANE, SUITE 202",-,JOPLIN,MO,64804,JASPER,"(417) 782-6811",7,For-Profit,02/10/2000
261586,"LEGACY HOSPICE","733 WEST MAIN ST, STE C",-,FREDERICKTOWN,MO,63645,MADISON,"(573) 783-7625",7,For-Profit,05/31/2000
261589,"HOSPICE BY JOHN KNOX VILLAGE","600 NW PRYOR ROAD, UNIT 300",-,"LEES SUMMIT",MO,64081,JACKSON,"(816) 525-0986",7,Other,03/22/2002
261591,"BETHESDA HOSPICE CARE","12101 WOODCREST EXECUTIVE DR, STE 201",-,"SAINT LOUIS",MO,63141,"ST. LOUIS","(314) 446-0623",7,Non-Profit,07/19/2002
261593,"HOSPICE COMPASSUS-JOPLIN","2216 E 32ND STREET, SUITE 201",-,JOPLIN,MO,64804,JASPER,"(417) 623-8272",7,For-Profit,08/20/2003
261594,"COMMUNITY LOVING CARE HOSPICE","9 TIFFANY LYNN COURT",-,WENTZVILLE,MO,63385,"ST. CHARLES","(636) 639-6280",7,For-Profit,09/04/2003
261595,"GOOD SHEPHERD HOSPICE OF MID-AMERICA, INC.","123 WEST KANSAS AVENUE",-,INDEPENDENCE,MO,64050,JACKSON,"(816) 822-2292",7,For-Profit,08/22/2003
261596,"ELARA CARING","4200 LITTLE BLUE PARKWAY, STE 530",-,INDEPENDENCE,MO,64057,JACKSON,"(816) 444-4611",7,Other,01/07/2004
261598,"LEGACY HOSPICE, LLC","203 1ST STREET, STE A",-,KENNETT,MO,63857,DUNKLIN,"(573) 888-4946",7,For-Profit,03/17/2004
261599,"PROVIDENCE HOME HEALTH & HOSPICE","2825 BLOOMFIELD ROAD",-,"CAPE GIRARDEAU",MO,63703,"CAPE GIRARDEAU","(573) 334-1515",7,Non-Profit,04/14/2004
261600,"ASCEND HOSPICE","783 NE ANDERSON LANE",-,"LEES SUMMIT",MO,64064,JACKSON,"(816) 584-8111",7,Other,07/01/2004
261602,"SEASONS HOSPICE, INC","1831 W MELVILLE ROAD",-,SPRINGFIELD,MO,65803,GREENE,"(417) 890-5533",7,Non-Profit,09/09/2004
261603,"PREFERRED HOSPICE OF MISSOURI","810 PROGRESS DRIVE",-,FARMINGTON,MO,63640,"ST. FRANCOIS","(573) 614-4774",7,For-Profit,10/07/2004
261609,"ONE COMMUNITY HOSPICE","14700 42ND ST S",-,"KANSAS CITY",MO,64139,JACKSON,"(816) 836-1096",7,For-Profit,08/23/2005
261610,"PREFERRED HOSPICE OF MISSOURI (NORTHEAST)","301 SOUVEREIGN COURT, SUITE 206",-,BALLWIN,MO,63011,"ST. LOUIS","(636) 527-9330",7,Other,08/24/2005
261611,"ACCESS HOSPICE CARE","1910 E BATTLEFIELD RD, STE D",-,SPRINGFIELD,MO,65804,GREENE,"(417) 332-3510",7,For-Profit,09/16/2005
261612,"PREFERRED HOSPICE OF MISSOURI (CENTRAL)","1900 NORTH PROVIDENCE ROAD SUITE 311",-,COLUMBIA,MO,65202,BOONE,"(573) 499-4540",7,For-Profit,10/04/2005
261613,"ALTERNATIVE HOSPICE, LLC","1749 GILSINN LANE",-,FENTON,MO,63026,JEFFERSON,"(636) 343-3839",7,For-Profit,10/28/2005
261614,"HEART & SOUL HOSPICE","412 CAYCEE",-,FARMINGTON,MO,63640,"ST. FRANCOIS","(573) 756-7066",7,Non-Profit,11/21/2005
261616,"VITAS HEALTHCARE CORPORATION MIDWEST","1801 PARK 270 DRIVE - SUITE 150",-,"SAINT LOUIS",MO,63146,"ST. LOUIS","(314) 682-3400",7,For-Profit,12/30/2005
261620,"BRISTOL HOSPICE - ST LOUIS","1630 DES PERES ROAD, STE 250",-,"SAINT LOUIS",MO,63131,"ST. LOUIS","(314) 962-4673",7,For-Profit,09/25/2006
261621,"THREE RIVERS HOSPICE","700 BRANCH STREET, SUITES #1","PO BOX 1937","PLATTE CITY",MO,64079,PLATTE,"(816) 431-2333",7,For-Profit,09/27/2006
261623,"HOSPICE COMPASSUS-NORTH CENTRAL MISSOURI","303 NORTH KEENE STREET, SUITE 306",-,COLUMBIA,MO,65201,BOONE,"(573) 443-8360",7,For-Profit,10/18/2006
261624,"COXHEALTH AT HOME","2240 W SUNSET STREET, SUITE 104","PO BOX 10939",SPRINGFIELD,MO,65807,GREENE,"(417) 883-7500",7,Non-Profit,12/22/2006
261625,"CROWN HOSPICE, INC","2858 PROFESSIONAL COURT",-,"CAPE GIRARDEAU",MO,63703,"CAPE GIRARDEAU","(573) 335-4800",7,For-Profit,01/25/2007
261626,"MEDI-PLEX HOSPICE, LLC","1470 SOUTH VANDEVENTER AVENUE",-,"SAINT LOUIS",MO,63110,"ST. LOUIS CITY","(314) 993-5580",7,For-Profit,02/12/2007
261627,"ST LUKE'S HOSPICE SERVICES","101 ST LUKES CENTER DRIVE",-,CHESTERFIELD,MO,63017,"ST. LOUIS","(314) 205-6707",7,Non-Profit,02/15/2007
261630,"ST CROIX HOSPICE","471 S SPRINGFIELD AVE",-,BOLIVAR,MO,65613,POLK,"(417) 777-2703",7,For-Profit,08/20/2007
261631,"EVERTRUE HOSPICE","1150 HANLEY INDUSTRIAL COURT",-,BRENTWOOD,MO,63144,"ST. LOUIS","(314) 446-2539",7,Other,10/10/2007
261632,"THREE RIVERS HOSPICE SOUTH","1902 WEST 19TH STREET, SUITE E",-,"MOUNTAIN GROVE",MO,65711,WRIGHT,"(417) 926-3373",7,For-Profit,11/30/2007
261633,"ST CROIX HOSPICE","3701 N SAINT PETERS PKWY, STE B2",-,"SAINT PETERS",MO,63376,"ST. CHARLES","(636) 926-3722",7,Non-Profit,12/07/2007
261635,"PREFERRED HOSPICE OF MISSOURI (SOUTHWEST), LLC","5340 N TOWNE CENTRE DR",-,OZARK,MO,65721,CHRISTIAN,"(417) 581-4968",7,For-Profit,08/11/2008
261636,"ELITE HOSPICE","607 SOUTH MAIN STREET, STE 607",-,SIKESTON,MO,63801,SCOTT,"(573) 472-6163",7,For-Profit,10/17/2008
261637,"ELARA CARING","1614 W BUSINESS HWY 60, STE A-2","PO BOX 909",DEXTER,MO,63841,STODDARD,"(573) 614-4000",7,For-Profit,10/08/2008
261638,"GOOD SHEPHERD HOSPICE OF SPRINGFIELD, LLC","3250 SOUTH NATIONAL AVENUE",-,SPRINGFIELD,MO,65807,GREENE,"(417) 881-9111",7,For-Profit,05/26/2009
261640,"UNITY HOSPICE GSL, LLC","6406 WISE AVENUE",-,"SAINT LOUIS",MO,63139,"ST. LOUIS CITY","(314) 645-8648",7,For-Profit,12/02/2011
261641,"ACCENTCARE HOSPICE & PALLIATIVE CARE OF MISSOURI","3660 S GEYER ROAD - SUITE 120",-,"SAINT LOUIS",MO,63127,"ST. LOUIS","(314) 909-6200",7,Other,12/02/2011
261642,"SHIRKEY HOSPICE AND PALLIATIVE CARE","701 WOLLARD BLVD",-,RICHMOND,MO,64085,RAY,"(816) 776-5403",7,Non-Profit,12/09/2011
261644,"CATHOLIC COMMUNITY HOSPICE","1000 E 68TH STREET, STE 431",-,"KANSAS CITY",MO,64131,JACKSON,"(816) 523-5634",7,Non-Profit,01/09/2012
261646,"INTEGRITY HOME CARE + HOSPICE","2131 PRIMROSE STREET",-,SPRINGFIELD,MO,65804,GREENE,"(417) 851-4300",7,For-Profit,04/05/2012
261647,"THREE RIVERS HOSPICE WEST","631 NORTH SPRING PARK BOULEVARD",-,"MOUNT VERNON",MO,65712,LAWRENCE,"(417) 461-0580",7,For-Profit,06/06/2012
261648,"ST. CROIX HOSPICE","811 WESTCHESTER AVENUE",-,HARRISONVILLE,MO,64701,CASS,"(816) 380-3913",7,For-Profit,10/31/2012
261649,"AMEDISYS HOSPICE","6601 WINCHESTER, SUITE 230",-,"KANSAS CITY",MO,64133,JACKSON,"(816) 478-8900",7,For-Profit,10/21/2012
261653,"INTERIM HEALTHCARE OF KANSAS CITY","3131 ROUTE 291, SUITE C",-,INDEPENDENCE,MO,64057,JACKSON,"(913) 381-3100",7,For-Profit,03/06/2014
261654,"HCA MIDWEST HOSPICE & FAMILY CARE","19550 E 39TH STREET S, STE 322",-,INDEPENDENCE,MO,64057,JACKSON,"(816) 943-4015",7,For-Profit,04/25/2014
261655,"CARIS HEALTHCARE","2055 CRAIGSHIRE ROAD, SUITE 220",-,"SAINT LOUIS",MO,63146,"ST. LOUIS","(636) 527-6675",7,For-Profit,07/25/2014
261657,"SAINT FRANCIS HOSPICE","150 S MOUNT AUBURN, SUITE 344",-,"CAPE GIRARDEAU",MO,63703,"CAPE GIRARDEAU","(573) 331-5180",7,Other,12/01/2014
261660,"THREE OAKS HOSPICE","1215 FERN RIDGE PARKWAY, SUITE 209",-,"CREVE COEUR",MO,63141,"ST. LOUIS","(314) 794-4300",7,For-Profit,09/28/2015
261662,"HAVEN HOSPICE","850 NORTH 25TH STREET",-,OZARK,MO,65721,CHRISTIAN,"(417) 731-7055",7,For-Profit,03/17/2016
261663,"BEACON OF HOPE HOSPICE OF MISSOURI, INC","801 NW ST MARY'S DRIVE, STE 205",-,"BLUE SPRINGS",MO,64014,JACKSON,"(816) 267-4006",7,For-Profit,03/10/2016
261664,"SHALOM HOSPICE","13905 E 39TH STREET SOUTH, STE 104",-,INDEPENDENCE,MO,64055,JACKSON,"(816) 272-8181",7,Other,03/11/2016
261665,"FAITH HOSPICE OF THE OZARKS, LLC","123 JOHNSTOWN DRIVE",-,ROGERSVILLE,MO,65742,GREENE,"(417) 840-7776",7,For-Profit,05/27/2016
261667,"PHOENIX HOME CARE AND HOSPICE","1839 E INDEPENDENCE STREET, STE K",-,SPRINGFIELD,MO,65804,GREENE,"(417) 881-7442",7,For-Profit,04/21/2016
261669,"ENHABIT HOSPICE","943 NE COLUMBUS STREET",-,"LEES SUMMIT",MO,64086,JACKSON,"(816) 282-2617",7,For-Profit,07/05/2016
261670,"PHOENIX HOME CARE AND HOSPICE","14330 EAST 42ND STREET SOUTH",-,INDEPENDENCE,MO,64055,JACKSON,"(816) 373-7442",7,For-Profit,07/26/2016
261671,"BREEZE HOSPICE OF MISSOURI","301 SOVEREIGN CT, STE 209",-,BALLWIN,MO,63011,"ST. LOUIS","(314) 833-3180",7,For-Profit,08/16/2016
261672,"LAKE REGIONAL HOSPICE","1029 NICHOLS ROAD, SUITE A","54 HOSPITAL DRIVE","OSAGE BEACH",MO,65065,CAMDEN,"(573) 302-2860",7,For-Profit,01/09/2017
261673,"NEW HAVEN HOSPICE CARE, INC","9503 HIGHWAY 100, STE 101",-,"NEW HAVEN",MO,63068,FRANKLIN,"(573) 237-2878",7,Non-Profit,12/13/2017
261674,"HARBOR HOSPICE OF MISSOURI, LP","4911 S ARROWHEAD, STE 101",-,INDEPENDENCE,MO,64055,JACKSON,"(816) 600-6388",7,For-Profit,03/27/2018
261676,"FREUDENTHAL HOSPICE","2425 N WOODBINE ROAD, STE A",-,"SAINT JOSEPH",MO,64506,BUCHANAN,"(816) 676-8050",7,For-Profit,12/19/2018
261678,"LUMINOS HOSPICE, LLC","3001 FREDERICK AVENUE",-,"SAINT JOSEPH",MO,64506,BUCHANAN,"(816) 401-9836",7,For-Profit,06/13/2019
261679,"SOLACE HOSPICE CARE, LLC","2300 TECHNOLOGY DRIVE",-,O'FALLON,MO,63368,"ST. LOUIS","(636) 220-4050",7,For-Profit,07/16/2019
261680,"TRADITIONS HOSPICE OF BLUE SPRINGS, LLC","220 NW R.D. MIZE ROAD, SUITE 101",-,"BLUE SPRINGS",MO,64014,JACKSON,"(816) 988-8464",7,For-Profit,10/02/2019
261681,"CROWN HOSPICE","1125 HERSCHEL BESS BLVD, UNIT 1",-,"POPLAR BLUFF",MO,63901,BUTLER,"(573) 840-5029",7,For-Profit,02/25/2020
261683,"AQUINAS HOSPICE OF MISSOURI","1600 GENESSEE, SUITE 610",-,"KANSAS CITY",MO,64102,JACKSON,"(816) 945-7107",7,For-Profit,08/18/2020
261684,GENTIVA,"1616 SOUTHRIDGE DRIVE, SUITE 201",-,"JEFFERSON CITY",MO,65109,COLE,"(573) 469-4895",7,For-Profit,10/06/2020
261685,"FAITH HOSPICE & PALLIATIVE CARE, LLC","2700 KENDALLWOOD PARKWAY, SUITE 100",-,GLADSTONE,MO,64119,CLAY,"(913) 296-7636",7,For-Profit,11/24/2020
261686,"HOSPICE CARE OF VNA","1300 E 104TH STREET, STE 300",-,"KANSAS CITY",MO,64114,JACKSON,"(816) 531-1200",7,Non-Profit,03/23/2021
261688,"TERRACE HOSPICE","4650 S NATIONAL AVE, STE D2",-,SPRINGFIELD,MO,65810,GREENE,"(417) 244-0000",7,For-Profit,05/13/2021
261689,"OZARK HOSPICE","2725 N WESTWOOD, SUITE 18",-,"POPLAR BLUFF",MO,63901,BUTLER,"(573) 686-5510",7,For-Profit,09/01/2021
261690,"NOVUS LIFECARE","1700 NW MOCK AVE, STE B",-,"BLUE SPRINGS",MO,64015,JACKSON,"(816) 654-4221",7,For-Profit,09/27/2021
261691,"PHOENIX HOME CARE AND HOSPICE","500 BROADWAY",-,"JEFFERSON CITY",MO,65101,COLE,"(573) 635-3900",7,For-Profit,10/27/2021
261692,"THREE RIVERS HOSPICE CENTRAL","3236 EMERALD LANE, SUITE 400",-,"JEFFERSON CITY",MO,65109,COLE,"(573) 635-8084",7,For-Profit,12/13/2021
261693,"ELEVATE HOSPICE","2311 REDWOOD AVE, STE B",-,INDEPENDENCE,MO,64057,JACKSON,"(816) 795-7990",7,For-Profit,01/20/2022
261694,"MISSOURI PALLIATIVE & HOSPICE CARE NORTHWEST, LLC","700 NE R D MIZE RD, STE 200-B",-,"BLUE SPRINGS",MO,64014,JACKSON,"(816) 505-5934",7,For-Profit,04/18/2022
261695,"ADVANCED HOME HEALTH AND HOSPICE KANSAS CITY","9229 WARD PARKWAY, STE 350",-,"KANSAS CITY",MO,64114,JACKSON,"(913) 890-8448",7,,08/02/2022
261696,"BRIGHTON HOSPICE MISSOURI, LLC","4200 LITTLE BLUE PARKWAY, STE 570",-,INDEPENDENCE,MO,64057,JACKSON,"(801) 996-3217",7,,09/01/2022
261697,"PHOENIX HOME CARE AND HOSPICE","2088 CRAIGSHIRE ROAD",-,"SAINT LOUIS",MO,63146,"ST. CHARLES","(636) 573-0037",7,,12/13/2022
261698,"MONARCH HOSPICE & PALLIATIVE CARE","800 E 101ST TERRACE, SUITE 350",-,"KANSAS CITY",MO,64131,JACKSON,"(816) 434-0938",7,,02/08/2023
261699,"HARBOR HOSPICE OF NORTH MISSOURI, LP","208 NORTH MAIN STREET",-,PLATTSBURG,MO,64477,CLINTON,"(816) 601-1512",7,,04/24/2023
261702,"RESIDENTIAL HOSPICE OF MISSOURI, LLC","7611 STATE LINE ROAD, STE 326",-,"KANSAS CITY",MO,64114,JACKSON,"(866) 902-5854",7,,02/28/2024
261703,"ACG HOSPICE","1650 NE GRAND AVENUE, STE 201",-,"LEE'S SUMMIT",MO,64086,JACKSON,"(816) 226-5362",7,,04/23/2024
261704,"ACG HOSPICE","2511 BROADWAY BLUFFS DRIVE, STE 202",-,COLUMBIA,MO,65201,BOONE,"(573) 542-0920",7,,04/30/2024
261705,"CROWN HOSPICE OF ST LOUIS, INC","655 CRAIG ROAD, STE 112",-,"CREVE COEUR",MO,63141,"ST. LOUIS","(314) 918-5354",7,,04/10/2024
261706,"FV HOSPICE","12399 GRAVOIS ROAD",-,"ST LOUIS",MO,63127,"ST. LOUIS","(314) 270-7600",7,,04/08/2024
261707,"JOURNEY HOSPICE, LLC","118 W SAINT JOSEPH ST",-,PERRYVILLE,MO,63775,PERRY,"(573) 605-1202",7,,05/16/2024
261708,"ACG HOSPICE","4240 DUNCAN AVE","STE 200","SAINT LOUIS",MO,63110,"ST. LOUIS CITY","(314) 252-0892",7,,06/12/2024
261709,"DOVER HOSPICE MO STL METRO, LLC","300 HUNTER AVENUE, SUITE 107",-,"ST LOUIS",MO,63124,"ST. LOUIS","(314) 884-8817",7,,07/12/2024
261710,"LUMINOS HOSPICE","700 NE R D MIZE RD, STE 200",-,"BLUE SPRINGS",MO,64014,JACKSON,"(816) 281-0607",7,,08/16/2024
261711,"COMPASSUS ST LOUIS","12647 OLIVE BLVD, STE 105",-,"CREVE COEUR",MO,63141,"ST. LOUIS","(314) 925-1541",7,,10/18/2024
261712,"ALTERNATIVE HOSPICE OF WESTERN MISSOURI, LLC","19 EAST WALNUT STREET, STE 1",-,COLUMBIA,MO,65201,BOONE,"(573) 345-5001",7,,01/17/2025
261713,"COMPASSUS-GREATER KANSAS CITY","4025 NE LAKEWOOD WAY, SUITE 130",-,"LEE'S SUMMIT",MO,64064,JACKSON,"(816) 203-8889",7,,01/23/2025
261714,"EVERHOME HOSPICE, LLC","100 W COMMERCIAL STREET",-,MANSFIELD,MO,65704,WRIGHT,"(573) 250-2379",7,,03/03/2025
261715,"NINEVEH HOSPICE","920 1ST CAPITOL DRIVE, STE 203 & 204",-,"ST CHARLES",MO,63301,"ST. CHARLES","(314) 582-1500",7,,06/10/2025
261716,"ST CROIX HOSPICE","3619 RICHARDSON SQUARE DRIVE, STE 140",-,ARNOLD,MO,63101,JEFFERSON,"(636) 590-7880",7,,09/18/2025
261717,"SUNCREST HOSPICE OF ST LOUIS, LLC","13205 MANCHESTER RD, STE 200",-,"SAINT LOUIS",MO,63131,"ST. LOUIS","(314) 806-1110",7,,10/03/2025
261718,"LUMINARY HOSPICE","9200 WARD PARKWAY, STE 320",-,"KANSAS CITY",MO,64114,JACKSON,"(816) 601-4782",7,,11/05/2025
271500,"PARTNERS IN HOME CARE HOSPICE","711 SW MAIN STREE",-,RONAN,MT,59864,LAKE,"(406) 728-8848",8,Non-Profit,06/24/1987
271501,"HOSPICE OF ST PETERS COMM HOSP","2475 BROADWAY ST",-,HELENA,MT,59601,"LEWIS AND CLARK","(406) 444-2244",8,Non-Profit,10/05/1987
271502,"RIVERSTONE HEALTH","2626 1ST AVE S",-,BILLINGS,MT,59101,YELLOWSTONE,"(406) 247-3200",8,"Combination Government & Non-Profit",05/06/1988
271503,"STILLWATER HOSPICE","3475 MONROE AVE STE 100",-,BUTTE,MT,59701,"SILVER BOW","(406) 533-0020",8,Other,01/23/1989
271504,"LIVINGSTON HOSPICE CARE","320 ALPENGLOW LANE",-,LIVINGSTON,MT,59047,PARK,"(406) 823-6430",8,Other,02/28/1990
271506,"ANACONDA PINTLER HOSPICE","118 E SEVENTH ST STE 1A",-,ANACONDA,MT,59711,"DEER LODGE","(406) 563-7023",8,Non-Profit,03/20/1991
271507,"PEACE HOSPICE OF MONTANA","2600 15TH AVE S",-,"GREAT FALLS",MT,59405,CASCADE,"(406) 455-3040",8,Other,08/29/1991
271508,"BITTERROOT HEALTH - HOSPICE","1200 WESTWOOD DR",-,HAMILTON,MT,59840,RAVALLI,"(406) 363-6503",8,Other,10/10/1991
271509,"ENHABIT HOSPICE OF BOZEMAN","3810 VALLEY COMMONS STE 1",-,BOZEMAN,MT,59718,GALLATIN,"(406) 585-1099",8,Other,08/06/1992
271512,"HOSPICE OF CENTRAL MONTANA","408 WENDELL AVE",-,LEWISTOWN,MT,59457,FERGUS,"(406) 535-6302",8,Non-Profit,09/07/1993
271514,"ENHABIT HOSPICE","2827 AIRPORT ROAD SUITE B",-,HELENA,MT,59601,"LEWIS AND CLARK","(406) 443-4140",8,For-Profit,03/15/1996
271515,"LOGAN HEALTH HOSPICE","275 CORPORATE DR STE 600",-,KALISPELL,MT,59901,FLATHEAD,"(406) 751-4200",8,Non-Profit,10/16/1996
271516,"BEAR PAW HOSPICE","30 W 13TH ST",-,HAVRE,MT,59501,HILL,"(406) 262-1444",8,Non-Profit,12/12/1996
271517,"GLENDIVE MEDICAL CENTER HOSPICE","1221 E AMES AVE",-,GLENDIVE,MT,59330,DAWSON,"(406) 345-3395",8,For-Profit,07/15/1997
271519,"HOLY ROSARY HOSPICE","2600 WILSON ST",-,"MILES CITY",MT,59301,CUSTER,"(406) 233-3810",8,Non-Profit,08/20/1998
271521,"BEARTOOTH BILLINGS CLINIC HOSPICE","2525 N BROADWAY AVE",-,"RED LODGE",MT,59068,CARBON,"(406) 446-0050",8,Other,02/17/2000
271523,"PIONEER MEDICAL CENTER","301 W 7TH AVE",-,"BIG TIMBER",MT,59011,"SWEET GRASS","(406) 932-4603",8,Other,10/30/2000
271524,"CLARK FORK VALLEY HOSPITAL HOSPICE","10 KRUGER RD",-,PLAINS,MT,59859,SANDERS,"(406) 826-4863",8,Other,11/14/2001
271525,"BIG SKY HOSPICE","3760 MULLAN RD STE 101",-,MISSOULA,MT,59801,MISSOULA,"(406) 543-4408",8,Other,09/13/2002
271526,"SHERIDAN MEMORIAL HOSPICE","330 W LAUREL AVE",-,PLENTYWOOD,MT,59254,SHERIDAN,"(406) 765-3733",8,Other,05/19/2004
271528,"COMPASSUS HOSPICE BILLINGS","490 N 31ST ST, STE 130 A",-,BILLINGS,MT,59101,YELLOWSTONE,"(406) 294-0785",8,For-Profit,02/24/2005
271530,"COMPASSUS HOSPICE HELENA","19 DISCOVERY DR",-,BUTTE,MT,59701,"SILVER BOW","(406) 494-6114",8,For-Profit,08/20/2008
271534,"ST JOHNS UNITED HOSPICE","502 NORTH 30TH STREET",-,BILLINGS,MT,59101,YELLOWSTONE,"(406) 655-5800",8,Other,06/23/2016
271535,"TREK HEALTHCARE","2445 S 3RD ST. W","STE B",MISSOULA,MT,59801,MISSOULA,"(406) 541-1800",8,Other,09/14/2016
271536,"STILLWATER HOSPICE","3737 GRAND AVE SUITE 1",-,BILLINGS,MT,59102,YELLOWSTONE,"(406) 702-1742",8,For-Profit,12/29/2017
271537,"SENIOR SOLUTIONS INC","1554 HARRISON AVENUE","SUITE C",BUTTE,MT,59701,"SILVER BOW","(406) 299-3777",8,For-Profit,03/16/2018
271538,"HESTIA HOME ADVANTAGE","700 SW HIGGINS AVE SUITE102",-,MISSOULA,MT,59803,MISSOULA,"(406) 540-4302",8,For-Profit,09/16/2020
271539,"STILLWATER OF HOSPICE","265 TIMBERLINE DRIVE",-,BOZEMAN,MT,59718,GALLATIN,"(406) 404-2266",8,For-Profit,12/12/2020
271540,"EDEN HOSPICE","2075 CHARLOTTE STREET","SUITE 2",BOZEMAN,MT,59718,GALLATIN,"(406) 587-8710",8,For-Profit,06/08/2022
271541,"HONEYBEE HOSPICE, LLC","1000 STATE HWY 91 S",-,DILLON,MT,59725,BEAVERHEAD,"(406) 599-0499",8,,05/25/2023
271542,"HEADWATERS HOSPICE AND PALLIATIVE CARE, LLC","2625 WINNE AVE #A1",-,HELENA,MT,59601,"LEWIS AND CLARK","(406) 422-0114",8,,12/17/2023
271543,"BIG SKY HOSPICE","205 HAGGERTY LANE","SUITE 260",BOZEMAN,MT,59715,GALLATIN,"(406) 551-2273",8,,12/11/2025
281500,"CHI HEALTH AT HOME - OMAHA","7415 CEDAR STREET",-,OMAHA,NE,68124,DOUGLAS,"(402) 898-8000",7,Non-Profit,08/07/1984
281502,"EVENTIDE HOSPICE","4720 RANDOLPH STREET",-,LINCOLN,NE,68510,LANCASTER,"(402) 486-8506",7,Non-Profit,12/01/1987
281504,"COTTONWOOD HOSPICE, LLC","1201 N 10TH STREET",-,BEATRICE,NE,68310,GAGE,"(402) 228-8501",7,For-Profit,10/01/1988
281506,"BROOKESTONE HOME HEALTH & HOSPICE","1335 M STREET STE 100",-,GERING,NE,69341,"SCOTTS BLUFF","(308) 424-0900",7,Non-Profit,06/12/1989
281507,"CHI HEALTH AT HOME - LINCOLN","245 SOUTH 84, SUITE 300",-,LINCOLN,NE,68510,LANCASTER,"(402) 219-7043",7,Non-Profit,05/23/1991
281509,"FAITH HEALTH HOSPICE","2622 W NORFOLK AVE, STE 200",-,NORFOLK,NE,68701,MADISON,"(402) 644-7453",7,Non-Profit,10/30/1992
281511,"METHODIST FREMONT HEALTH HOSPICE","450 EAST 23RD ST, STE 2224",-,FREMONT,NE,68025,DODGE,"(402) 941-1699",7,Non-Profit,01/12/1994
281513,"ST. JOSEPH VILLA HOMECARE & HOSPICE","825 DORCAS ST",-,OMAHA,NE,68108,DOUGLAS,"(402) 926-4444",7,For-Profit,10/26/1994
281514,"ASERACARE HOSPICE","5715 S 34TH STREET, SUITE 100",-,LINCOLN,NE,68516,LANCASTER,"(402) 488-1363",7,For-Profit,02/24/1995
281515,"BROOKESTONE HOME HEALTH & HOSPICE","904 S LINDEN DRIVE",-,"NORTH PLATTE",NE,69101,LINCOLN,"(308) 221-9221",7,Non-Profit,04/05/1995
281516,"CENTRAL PLAINS HOSPICE","835 MERIDIAN AVENUE",-,COZAD,NE,69130,DAWSON,"(308) 784-4630",7,"Combination Government & Non-Profit",04/05/1995
281519,"ENDLESS JOURNEY, LLC","10831 OLD MILL RD SUITE 400",-,OMAHA,NE,68154,DOUGLAS,"(402) 800-8145",7,For-Profit,03/31/2017
281520,"PROVIDENCE HOSPICE","803 PROVIDENCE ROAD SUITE 103",-,WAYNE,NE,68787,WAYNE,"(402) 375-3800",7,Other,09/12/1995
281521,"HOSPICE: CHADRON HOSPITAL","160 CHADRON AVE.",-,CHADRON,NE,69337,DAWES,"(308) 432-5521",7,Non-Profit,10/03/1995
281522,"GOOD SAMARITAN SOCIETY - HOSPICE","300 S. 1ST AVE.",-,HASTINGS,NE,68901,ADAMS,"(402) 460-5868",7,For-Profit,01/31/1996
281524,"HOSPICE OF COLUMBUS COMMUNITY HOSPITAL","3005 19TH STREET, SUITE 600",-,COLUMBUS,NE,68601,PLATTE,"(402) 562-3300",7,Non-Profit,08/01/1996
281525,"FRANCISCAN HEALTHCARE HOSPICE","435 NORTH MONITOR STREET",-,"WEST POINT",NE,68788,CUMING,"(402) 372-5929",7,Non-Profit,01/16/1997
281526,"ASERACARE HOSPICE","11128 JOHN GALT BLVD, SUITE 100",-,OMAHA,NE,68137,DOUGLAS,"(402) 926-2680",7,For-Profit,11/25/1996
281528,"GENTIVA I","444 REGENCY PARKWAY DRIVE, SUITE 300",-,OMAHA,NE,68114,DOUGLAS,"(402) 397-0990",7,For-Profit,05/28/1997
281531,"ANGELS CARE HOSPICE OF MCCOOK","711 EAST 11TH STREET, SUITE A",-,MCCOOK,NE,69001,"RED WILLOW","(308) 743-0339",7,Other,11/23/1998
281533,"BROOKESTONE HOME HEALTH & HOSPICE","4111 4TH AVE., SUITE 50",-,KEARNEY,NE,68845,BUFFALO,"(308) 995-4375",7,For-Profit,09/22/1999
281535,"COMPASSIONATE CARE HOSPICE","8614 GILES RD.",-,"LA VISTA",NE,68128,DOUGLAS,"(402) 390-2492",7,For-Profit,07/11/2003
281536,"HORISUN HOSPICE","8055 O ST., STE 300",-,LINCOLN,NE,68510,LANCASTER,"(402) 484-6444",7,For-Profit,07/22/2004
281537,"HOSPICE AND HOME HEALTHCARE OF SAUNDERS COUNTY","141 EAST 5TH STREET",-,WAHOO,NE,68066,SAUNDERS,"(402) 443-4798",7,For-Profit,04/05/2005
281538,"ASERACARE HOSPICE","120 N 27TH STREET, STE. 300",-,NORFOLK,NE,68701,MADISON,"(402) 379-4158",7,For-Profit,07/20/2005
281539,"VCHS HOSPICE","400 SOUTH 23RD STREET",-,ORD,NE,68862,VALLEY,"(308) 728-4355",7,Government,10/06/2006
281540,"ANGELS CARE HOSPICE","10838 OLD MILL ROAD, STE 1",-,OMAHA,NE,68154,DOUGLAS,"(402) 933-5836",7,For-Profit,03/11/2008
281543,"ASERACARE HOSPICE","6415 2ND AVENUE, SUITE 3",-,KEARNEY,NE,68847,BUFFALO,"(308) 698-0580",7,For-Profit,07/08/2010
281544,"ASERACARE HOSPICE","1719 N LINCOLN AVE",-,YORK,NE,68467,YORK,"(308) 624-3939",7,For-Profit,07/01/2010
281545,"HILLCREST HOSPICE","1820 HILLCREST DRIVE, SUITE B",-,BELLEVUE,NE,68005,SARPY,"(402) 934-2282",7,For-Profit,01/14/2011
281546,"ST. CROIX HOSPICE","300 S 68TH STREET PL, SUITE 205",-,LINCOLN,NE,68510,LANCASTER,"(402) 328-2350",7,For-Profit,03/06/2012
281547,"ST. CROIX HOSPICE","3220 PLAZA DRIVE - SUITE D",-,"SOUTH SIOUX CITY",NE,68776,DAKOTA,"(402) 252-5132",7,Non-Profit,02/07/2012
281548,"ST. CROIX HOSPICE","11422 MIRACLE HILLS DR., STE. 200",-,OMAHA,NE,68154,DOUGLAS,"(402) 609-4818",7,For-Profit,06/28/2012
281551,"ONCARE HOSPICE, LLC","16934 FRANCES STREET, SUITE 106",-,OMAHA,NE,68130,DOUGLAS,"(402) 403-4330",7,For-Profit,03/08/2022
281553,"SUNCREST HOSPICE","1125 S. 103RD ST., STE. 100",-,OMAHA,NE,68124,DOUGLAS,"(402) 509-7655",7,,03/09/2022
281554,"PEACEFUL HEARTS HOSPICE, LLC","1812 N 203RD ST.",-,ELKHORN,NE,68022,-,-,7,,11/15/2022
281555,"HEARTLAND HOSPICE (LINCOLN)","3801 UNION DRIVE, SUITE 202",-,LINCOLN,NE,68516,LANCASTER,"(402) 858-3700",7,,12/29/2022
281556,"TABITHA HOSPICE-A COLLABORATION WITH IMMANUEL","1044 N 115TH STREET, SUITE 202",-,OMAHA,NE,68154,DOUGLAS,"(402) 819-4949",7,,03/29/2023
281557,"HOSPICE OF THE PLAINS, INC.","1024 JACKSON ST.",-,SIDNEY,NE,69162,CHEYENNE,"(970) 526-7901",7,,08/17/2023
281558,"HAVEN HOSPICE","11016 MOCKINGBIRD DRIVE, STE 104",-,OMAHA,NE,68137,DOUGLAS,"(402) 320-3939",7,,09/12/2024
281559,"HOSPICE OF NEBRASKA, LLC","2200 S. 40TH STREET, STE. 101",-,LINCOLN,NE,68516,LANCASTER,"(402) 416-7000",7,,03/12/2025
281560,"AEGIS HOSPICE","8214 F ST., STE. A",-,OMAHA,NE,68127,-,"(402) 509-9979",7,,03/27/2025
281561,"CARE INITIATIVES HOSPICE-OMAHA","444 REGENCY PARKWAY DRIVE, STE. 101",-,OMAHA,NE,68114,DOUGLAS,"(531) 215-8013",7,,09/12/2025
291500,"NATHAN ADELSON HOSPICE","4141 UNIVERSITY CENTER DR",-,"LAS VEGAS",NV,89119,CLARK,"(702) 733-0320",9,Non-Profit,06/02/1987
291501,"ST MARY'S HOSPICE OF NORTHERN NEVADA","6490 S. MCCARRAN BLVD BDG B, STE 13",-,RENO,NV,89509,WASHOE,"(337) 233-1307",9,For-Profit,11/19/1987
291502,"SOUTHWEST MEDICAL ASSOCIATES HOSPICE AND PALLIATIVE CARE","2720 NORTH TENAYA WAY, STE 300",-,"LAS VEGAS",NV,89128,CLARK,"(702) 671-1111",9,For-Profit,05/15/1990
291507,GENTIVA,"9484 DOUBLE R BOULEVARD, STE. A",-,RENO,NV,89521,WASHOE,"(775) 825-5008",9,For-Profit,06/12/1998
291508,"PHYSICIANS CHOICE HOSPICE","6720 VIA AUSTI PKWY STE 250",-,"LAS VEGAS",NV,89119,CLARK,"(702) 736-8180",9,For-Profit,08/26/1998
291509,"CIRCLE OF LIFE HOSPICE","1575 DELUCCHI LANE, SUITE 214",-,RENO,NV,89502,WASHOE,"(775) 827-2298",9,For-Profit,12/08/2000
291514,"HARMONY HOSPICE","5550 S JONES BLVD",-,"LAS VEGAS",NV,89118,CLARK,"(702) 471-0205",9,For-Profit,01/18/2005
291515,"EDEN HOSPICE","227 VINE STREET",-,RENO,NV,89503,WASHOE,"(775) 687-1530",9,For-Profit,05/01/2006
291516,"COMPASSIONCARE HOSPICE","7842 W SAHARA AVE",-,"LAS VEGAS",NV,89117,CLARK,"(702) 636-0200",9,For-Profit,09/22/2006
291520,"COMFORT HOSPICE","6655 W SAHARA AVE, SUITE D-202",-,"LAS VEGAS",NV,89146,CLARK,"(702) 489-4412",9,For-Profit,10/30/2007
291521,"INFINITY HOSPICE CARE","6330 S JONES BLVD",-,"LAS VEGAS",NV,89118,CLARK,"(702) 880-7002",9,For-Profit,03/20/2008
291524,"HOSPICE DEL SOL","3634 N RANCHO",-,"LAS VEGAS",NV,89130,CLARK,"(702) 818-4270",9,Other,07/15/2009
291527,"TRADITIONS HEALTH","4560 S DECATUR BLVD STE 301",-,"LAS VEGAS",NV,89103,CLARK,"(702) 220-7109",9,For-Profit,10/06/2010
291528,"ENHABIT HOSPICE","6655 S. CIMARRON ROAD","STE 250A","LAS VEGAS",NV,89113,CLARK,"(702) 568-1176",9,For-Profit,08/20/2010
291529,"MESA VIEW HOSPICE, LLC","330 FALCON RIDGE PKWY BLDG 200 STE A",-,MESQUITE,NV,89027,CLARK,"(702) 346-3088",9,For-Profit,11/29/2010
291530,"INFINITY HOSPICE CARE OF RENO, LLC","5538 LONGLEY LN STE B",-,RENO,NV,89511,WASHOE,"(775) 852-6002",9,For-Profit,10/20/2011
291531,"RHYTHM OF LIFE - G WOMENS INTERNATIONAL","2451 S BUFFALO DRIVE, SUITE 138",-,"LAS VEGAS",NV,89117,CLARK,"(702) 776-8304",9,For-Profit,03/02/2012
291533,"JIREH HEALTHCARE SERVICES, LLC","2688 S RAINBOW BLVD STE A",-,"LAS VEGAS",NV,89146,CLARK,"(702) 359-1388",9,For-Profit,04/20/2013
291534,"PROCARE HOSPICE OF NEVADA, LLC","8025 AMIGO STREET",-,"LAS VEGAS",NV,89123,CLARK,"(702) 380-8300",9,For-Profit,07/03/2013
291535,"SUMMIT VIEW HOSPICE, LLC","800 S MEADOWS PKWY, STE 200",-,RENO,NV,89521,WASHOE,"(775) 412-5675",9,For-Profit,08/29/2013
291536,"AVIANT HOSPICE","2764 LAKE SAHARA DR STE 113",-,"LAS VEGAS",NV,89117,CLARK,"(702) 605-9959",9,For-Profit,12/10/2013
291540,"A+ HOSPICE CARE","227 VINE ST",-,RENO,NV,89503,WASHOE,"(775) 329-0900",9,For-Profit,12/21/2015
291541,"OMNI CARE HOSPICE","6225 DEAN MARTIN DRIVE",-,"LAS VEGAS",NV,89118,CLARK,"(702) 509-5276",9,For-Profit,03/22/2016
291542,"RENOWN HOSPICE CARE","10315 PROFESSIONAL CIRCLE STE 101",-,RENO,NV,89521,WASHOE,"(775) 982-2828",9,Non-Profit,02/25/2016
291543,"COVENANT HOSPICE CARE","2713 E RUSSELL RD",-,"LAS VEGAS",NV,89121,CLARK,"(702) 750-0212",9,For-Profit,03/08/2016
291544,"DIVINE MERCY HOSPICE SERVICES","6438 S TENAYA WAY STE 130",-,"LAS VEGAS",NV,89113,CLARK,"(702) 202-0763",9,For-Profit,06/03/2016
291545,"HOSPICE SERVICES OF NEVADA, INC","3100 W SAHARA AVENUE STE 116",-,"LAS VEGAS",NV,89102,CLARK,"(702) 222-1714",9,For-Profit,06/03/2016
291546,"GALAXY HOSPICE, INC","4055 SPENCER STREET #217",-,"LAS VEGAS",NV,89119,CLARK,"(702) 988-6789",9,For-Profit,05/26/2016
291547,"CAREPRO HOSPICE, LLC","1771 EAST FLAMINGO ROAD","STE 208B","LAS VEGAS",NV,89119,CLARK,"(702) 883-5888",9,For-Profit,08/02/2016
291549,"CENTENNIAL HOSPICE","5613 S EASTERN AVENUE",-,"LAS VEGAS",NV,89119,CLARK,"(702) 527-5553",9,For-Profit,09/08/2016
291550,"COMPASSIONCARE HOSPICE OF RENO","907 MOUNTAIN ST",-,RENO,NV,89703,WASHOE,"(775) 687-1530",9,For-Profit,12/23/2016
291551,"SUNSET HOSPICE","3305 SPRING MOUNTAIN RD, STE 40",-,"LAS VEGAS",NV,89102,CLARK,"(702) 534-7840",9,For-Profit,01/04/2017
291552,"AFFECTIONATE HOSPICE CARE, LLC","1405 S MARYLAND PARKWAY",-,"LAS VEGAS",NV,89104,CLARK,"(702) 629-7308",9,For-Profit,05/12/2017
291553,"BRIGHTON HOSPICE","8925 W RUSSELL RD STE 240",-,"LAS VEGAS",NV,89148,CLARK,"(702) 376-4262",9,For-Profit,06/19/2017
291554,"GUIDING LIGHT HOSPICE","2315 NORTH 5TH ST",-,ELKO,NV,89801,ELKO,"(775) 753-6400",9,For-Profit,11/30/2017
291555,"GENESIS HOSPICE, LLC","2620 RUBY VISTA DRIVE",-,ELKO,NV,89801,ELKO,"(775) 753-7626",9,For-Profit,11/08/2017
291556,"DEDICATED HOSPICE CARE, INC","2780 S JONES BLVD STE 215",-,"LAS VEGAS",NV,89146,CLARK,"(702) 405-0902",9,For-Profit,12/15/2017
291557,"CANYON HOME CARE & HOSPICE","3100 NEEDLES HWY STE 500",-,LAUGHLIN,NV,89029,CLARK,"(702) 570-5818",9,For-Profit,03/08/2018
291558,"LIBERTY CREEK HOSPICE, LLC","2310 PASEO DE PRADO, STE A201",-,"LAS VEGAS",NV,89102,CLARK,"(702) 910-2333",9,For-Profit,05/19/2018
291559,"HARBOR HOSPICE OF LAS VEGAS, LP","5575 S DURANGO BLVD, STE 105",-,"LAS VEGAS",NV,89113,CLARK,"(702) 541-6273",9,For-Profit,08/06/2018
291561,"CHRISTIAN HOSPICE","5523 S EASTERN AVE",-,"LAS VEGAS",NV,89119,CLARK,"(702) 331-3911",9,For-Profit,10/15/2018
291563,"AHC HOSPICE OF LAS VEGAS","10561 JEFFREYS ST, SUITE 105",-,HENDERSON,NV,89052,CLARK,"(702) 967-6100",9,For-Profit,03/20/2019
291564,"RED ROCK HOSPICE","1811 S RAINBOW BLVD STE 215",-,"LAS VEGAS",NV,89146,CLARK,"(702) 540-7707",9,For-Profit,11/08/2019
291565,"PERPETUAL HELP HOSPICE OF NEVADA, LLC","4055 SPENCER STREET STE 126",-,"LAS VEGAS",NV,89119,CLARK,"(702) 802-5858",9,For-Profit,11/23/2019
291566,"ADVANCED HOME HEALTH AND HOSPICE OF RENO","555 DOUBLE EAGLE CT",-,RENO,NV,89521,WASHOE,"(775) 470-7300",9,For-Profit,10/16/2020
291568,"HOSPICE SERVICES OF RENO","979 PYRAMID WAY STE. 115E",-,SPARKS,NV,89431,WASHOE,"(775) 852-0888",9,For-Profit,03/10/2020
291569,"CONCIERGE HOSPICE CARE","6276 SPRING MOUNTAIN RD. STE.115",-,"LAS VEGAS",NV,89146,CLARK,"(702) 527-9452",9,For-Profit,02/28/2020
291570,"GRACE HOSPICE OF NEVADA LLC","2330 PASEO DEL PRADO SUITE C201",-,"LAS VEGAS",NV,89102,CLARK,"(702) 299-6068",9,Other,05/04/2020
291571,"COMPREHENSIVE HOSPICE CARE LLC","3750 S JONES BLVD STE 180",-,"LAS VEGAS",NV,89103,CLARK,"(702) 405-6400",9,For-Profit,05/04/2020
291572,"CARING PROFESSIONALS HOSPICE","2595 MONTESSOURI ST",-,"LAS VEGAS",NV,89117,CLARK,"(702) 485-5562",9,For-Profit,05/29/2020
291574,"UPLIFT HOSPICE","8880 W SUNSET RD SUITE 275",-,"LAS VEGAS",NV,89148,CLARK,"(702) 575-7898",9,For-Profit,06/29/2020
291575,"FIRST CHOICE HOSPICE, INC","3920 E PATRICK LANE #100",-,"LAS VEGAS",NV,89120,CLARK,"(702) 576-0495",9,For-Profit,06/30/2020
291577,"SILVER STATE HOSPICE CARE, LLC","1771 E FLAMINGO ROAD STE 120-A",-,"LAS VEGAS",NV,89119,CLARK,"(702) 525-7320",9,For-Profit,08/25/2020
291578,"ONECARE HOSPICE, LLC","3087 E WARM SPRINGS ROAD","STE 100","LAS VEGAS",NV,89120,CLARK,"(702) 587-3131",9,For-Profit,10/09/2020
291579,"COMFORT HOSPICE AND PALLIATIVE CARE","6375 S. PECOS RD. #202",-,"LAS VEGAS",NV,89120,CLARK,"(800) 888-1315",9,For-Profit,06/12/2020
291580,"GOOD SHEPHERD HOSPICE CARE INC","6070 S FORT APACHE RD STE 110",-,"LAS VEGAS",NV,89148,CLARK,"(702) 839-1114",9,For-Profit,11/13/2020
291582,"ATRIUM HOSPICE OF NEVADA","8490 S EASTERN AVE","STE. B1","LAS VEGAS",NV,89123,CLARK,"(702) 676-1130",9,For-Profit,04/16/2021
291583,"ELITE HOSPICE","6325 HARRISON DR #8",-,"LAS VEGAS",NV,89120,CLARK,"(702) 348-5090",9,For-Profit,07/10/2021
291584,"HOPE HOSPICE CARE INC","3920 E PATRICK LANE SUITE 120",-,"LAS VEGAS",NV,89120,CLARK,"(725) 235-3930",9,For-Profit,07/09/2021
291585,"GENESIS HOSPICE CARE","2880 E FLAMINGO RD SUITE D",-,"LAS VEGAS",NV,89121,CLARK,"(725) 605-5355",9,For-Profit,07/26/2021
291586,"SUNRISE HOSPICE CARE, INC","8275 S EASTERN AVE #261",-,"LAS VEGAS",NV,89123,CLARK,"(725) 235-3840",9,For-Profit,07/08/2021
291588,"EMERALD HOSPICE AND LIFE","1500 E TROPICANA AVENUE, STE 127",-,"LAS VEGAS",NV,89119,CLARK,"(424) 263-7438",9,For-Profit,09/30/2021
291590,"ELDERCARE HOSPICE","5660 W FLAMINGO RD STE C",-,"LAS VEGAS",NV,89103,CLARK,"(725) 465-4281",9,For-Profit,12/17/2021
291591,"NEW CENTURY HOSPICE INC","3920 EAST PATRICK LANE SUITE 140",-,"LAS VEGAS",NV,89120,CLARK,"(702) 329-7250",9,For-Profit,09/20/2012
291592,"PREFERRED HOSPICE CARE INC","8170 SAHARA AVE STE 105",-,"LAS VEGAS",NV,89117,CLARK,"(725) 204-9481",9,For-Profit,12/03/2021
291593,"AVA HOSPICE CARE INC","2850 W HORIZON RIDGE PKWY STE 200",-,HENDERSON,NV,89052,CLARK,"(702) 509-9949",9,For-Profit,09/09/2022
291595,"STARLIGHT HOSPICE INC","3920 E PATRICK LANE","STE 130","LAS VEGAS",NV,89121,CLARK,"(702) 472-9850",9,For-Profit,12/03/2021
291596,"COMFORT CARE HOSPICE INC","6140 COLEY AVE",-,"LAS VEGAS",NV,89146,CLARK,"(702) 998-2553",9,For-Profit,09/21/2021
291597,"CAREPLUS HOSPICE LLC","2320 PASEO DEL PRADO STE B203-B",-,"LAS VEGAS",NV,89102,CLARK,"(702) 575-9558",9,Other,02/07/2022
291598,"VALLEY HOSPICE OF NEVADA, LLC","187 N GIBSON RD",-,HENDERSON,NV,89014,CLARK,"(702) 715-0835",9,For-Profit,02/16/2022
291599,"AFFECTIONATE CARE HOSPICE, LLC","7455 ARROYO CROSSING PARKWAY, STE 220",-,"LAS VEGAS",NV,89113,CLARK,"(702) 761-6422",9,For-Profit,02/15/2022
291600,"SHINING LIGHT HOSPICE","3265 N FORT APACHE RD SUITE 150",-,"LAS VEGAS",NV,89129,CLARK,"(702) 906-0044",9,Other,02/10/2022
291601,"24/7 APOLLO HOSPICE AND PALLIATIVE CARE","2850 W HORIZON RIDGE PARKWAY, STE 200",-,HENDERSON,NV,89052,CLARK,"(702) 480-8723",9,For-Profit,02/18/2022
291602,"STAR HOSPICE CARE INC","3920 E PATRICK LANE STE 240",-,"LAS VEGAS",NV,89120,CLARK,"(702) 848-3780",9,For-Profit,02/17/2022
291604,"FLORANGEL HOSPICE CARE","1064 E SAHARA AVE",-,"LAS VEGAS",NV,89104,CLARK,"(702) 767-2881",9,For-Profit,04/04/2022
291606,"COMPASSIONATE HOSPICE OF LAS VEGAS","5600 SPRING MOUNTAIN STE 209",-,"LAS VEGAS",NV,89146,CLARK,"(702) 463-1405",9,For-Profit,03/10/2022
291607,"CHOICE HOSPICE","215 E WARM SPRINGS RD","STE 104","LAS VEGAS",NV,89119,CLARK,"(702) 752-9178",9,For-Profit,04/15/2022
291609,"1 CARE HOSPICE LAS VEGAS","3087 E. WARM SPRINGS RD",#100,"LAS VEGAS",NV,89120,WASHOE,"(702) 587-3131",9,For-Profit,05/26/2022
291610,"COMPREHENSIVE VALLEY HOSPICE CARE INC","2675 S JONES BLVD","SUITE 110","LAS VEGAS",NV,89146,CLARK,"(702) 331-0667",9,For-Profit,06/02/2022
291611,"SIENA HOSPICE","3265 N FORT APACHE RD SUITE 160",-,"LAS VEGAS",NV,89129,CLARK,"(702) 389-2009",9,For-Profit,06/27/2022
291612,"LORIAN HEALTH","6325 S. RAINBOW BLVD","STE 110","LAS VEGAS",NV,89118,CLARK,"(725) 218-1929",9,For-Profit,06/09/2022
291613,"GLOBALCARE HEALTH SERVICES LLC","4270 S. DECATUR BLVD., STE. A-6",-,"LAS VEGAS",NV,89103,CLARK,"(725) 777-3571",9,For-Profit,05/05/2022
291614,"SAINT JUDE HOSPICE","4412 W CHARLESTON BLVD B",-,"LAS VEGAS",NV,89102,CLARK,"(702) 476-8509",9,For-Profit,05/27/2022
291616,"SKY HOSPICE CARE INC","1500 E TROPICANA AVE #121",-,"LAS VEGAS",NV,89119,CLARK,"(702) 848-2993",9,For-Profit,08/04/2022
291617,"OMNIACARE LLC","350 FALCON RIDGE PKWY STE 101",-,MESQUITE,NV,89027,CLARK,"(435) 467-8201",9,For-Profit,01/21/2022
291618,"BILLET HOSPICE, INC - LAS VEGAS","726 E SAHARA AVE, SUITE 2",-,"LAS VEGAS",NV,89104,CLARK,"(480) 444-9735",9,For-Profit,08/03/2022
291619,"DYNAMIC HOSPICE CARE","2865 S JONES BLVD",-,"LAS VEGAS NV",NV,89146,CLARK,"(702) 665-8569",9,For-Profit,01/20/2008
291620,"REGAL HOSPICE INC","8690 S. MARYLAND PKWY SUITE 230",-,"LAS VEGAS",NV,89123,CLARK,"(702) 340-4100",9,For-Profit,08/04/2022
291621,"ASPEN HOSPICE","10501 W GOWAN RD","STE 170","LAS VEGAS",NV,89129,CLARK,"(725) 500-5757",9,For-Profit,08/23/2022
291622,"SUMMERLIN HOSPICE AND PALLIATIVE CARE INC","4735 S. DURANGO DRIVE UNIT 145",-,"LAS VEGAS",NV,89147,CLARK,"(702) 331-9120",9,,09/22/2022
291623,"BEACON OF HOPE HOSPICE","3030 SOUTH NEEDLES HIGHWAY, SUITE 1400",-,LAUGHLIN,NV,89029,CLARK,"(314) 815-3418",9,,09/06/2022
291624,"UNIFIED CARE HOSPICE","6069 S. FORT APACHE RD STE 140",-,"LAS VEGAS",NV,89148,CLARK,"(725) 220-6766",9,,10/14/2022
291625,"AVRA HOSPICE CARE INC","4625 WYNN RD STE C206",-,"LAS VEGAS",NV,89103,CLARK,"(725) 238-2115",9,,09/23/2022
291626,"PRAYERS HOSPICE CARE INC","3111 S VALLEY VIEW BLVD. STE 214",-,"LAS VEGAS",NV,89102,CLARK,"(725) 433-2500",9,,09/16/2022
291628,"PURICARE HEALTH SERVICES LLC","3885 S DECATUR BLVD SUITE 1055",-,"LAS VEGAS",NV,89103,CLARK,"(702) 934-0956",9,,10/11/2022
291630,"A CARING HEART HOSPICE AND PALLIATIVE CARE","1500 E TROPICANA AVE STE 112 RM 1",-,"LAS VEGAS",NV,89119,CLARK,"(702) 301-8862",9,,01/27/2023
291631,"SUNSET HAVEN HOSPICE CARE LLC","6272 SPRING MOUNTAIN RD","STE 100","LAS VEGAS",NV,89146,CLARK,"(702) 499-7848",9,,01/31/2023
291632,"MOTHER'S LOVE HOSPICE","9708 GILESPIE ST","STE #109 & #112","LAS VEGAS",NV,89183,CLARK,"(702) 525-5119",9,,03/17/2023
291634,"BRISTOL HOSPICE - LAS VEGAS","11145 S EASTERN AVE, SUITE 140",-,HENDERSON,NV,89052,CLARK,"(702) 481-3866",9,,02/06/2023
291635,"ANGELS HOSPICE, INC","2860 E FLAMINGO RD","STE D 103","LAS VEGAS",NV,89121,CLARK,"(702) 204-1502",9,,01/17/2023
291636,"NEW BEGINNINGS HOSPICE INC","8925 S PECOS ROAD",-,HENDERSON,NV,89074,CLARK,"(323) 552-3300",9,,09/21/2022
291637,"AMORE HOSPICE CARE","3821 WEST CHARLESTON STE 110",-,"LAS VEGAS",NV,89102,CLARK,"(702) 858-3574",9,,03/11/2023
291638,"FAMILY FIRST HOSPICE CARE LLC","3111 S VALLEY VIEW BLVD STE A-206",-,"LAS VEGAS",NV,89102,CLARK,"(702) 302-1182",9,,03/30/2023
291640,"AMBASSADORE HOSPICE CARE, INC.","1597 E. WINDMILL LANE, STE 400",-,"LAS VEGAS",NV,89123,CLARK,"(702) 803-7980",9,,12/29/2022
291642,"DAHLIA HOSPICE","7881 W CHARLESTON BLVD SUITE 190",-,"LAS VEGAS",NV,89117,CLARK,"(725) 218-3561",9,,05/18/2023
291643,"SACRED HEART HOSPICE CARE","3311 S RAINBOW BLVD",-,"LAS VEGAS",NV,89146,CLARK,"(702) 859-8008",9,,04/10/2023
291644,"HOSPICE OF VEGAS INC","9510 W SAHARA AVE SUITE 225",-,"LAS VEGAS",NV,89117,CLARK,"(702) 843-1353",9,,07/11/2023
291645,"CROSSLINK PALLIATIVE AND HOSPICE CARE INC","2320 PASEO DEL PRADO STE B205-A",-,"LAS VEGAS",NV,89102,CLARK,"(702) 841-7287",9,,08/18/2023
291646,"HOSPICE OF EDEN INC","6655 S TENAYA WAY","STE 170","LAS VEGAS",NV,89113,CLARK,"(818) 468-0709",9,,08/26/2023
291647,"SIERRA PEAK HEALTH INC","4045 SPENCER ST. SUITE A45",-,"LAS VEGAS",NV,89119,CLARK,"(702) 301-8862",9,,09/14/2023
291648,"ANGEL'S CARE HOSPICE INC","3920 E. PATRICK LANE, SUITE 210",-,"LAS VEGAS",NV,89120,CLARK,"(702) 843-1101",9,,07/31/2023
291650,"GUIDING HOPE HEALTHCARE SYSTEM INC","107 E WARM SPRINGS RD",-,"LAS VEGAS",NV,89119,CLARK,"(702) 467-4412",9,,09/20/2023
291651,"AMITY HOSPICE CARE LLC","1515 E TROPICANA AVE SUITE 300",-,"LAS VEGAS",NV,89119,CLARK,"(702) 777-1285",9,,08/17/2023
291653,"BLUE HEIGHTS HOSPICE, LLC","3925 N MARTIN LUTHER KING BLVD, SUITE 124",-,"N LAS VEGAS",NV,89032,CLARK,"(775) 214-3250",9,,09/12/2023
291654,"NEVADA PRIME HOSPICE","4775 S. DURANGO DRIVE SUITE 104",-,"LAS VEGAS",NV,89147,CLARK,"(702) 691-4380",9,,07/28/2023
291655,"SIERRA HOSPICE & PALLIATIVE CARE OF NEVADA, LLC","9183 W. FLAMINGO ROAD","STE 100","LAS VEGAS",NV,89147,CLARK,-,9,,08/29/2023
291657,"AMPLE CARE HOSPICE LLC","3305 SPRING MOUNTAIN RD STE 45",-,"LAS VEGAS",NV,89102,CLARK,"(702) 272-0790",9,,08/22/2023
291658,"A SERENE JOURNEY HOSPICE","8645 S EASTERN AVE, BLDG 110","STE 200","LAS VEGAS",NV,89123,CLARK,"(702) 665-8861",9,,12/26/2023
291659,"GENTLE LOVING CARE HOSPICE, INC.","8430 W. LAKE MEAD BLVD. STE 104",-,"LAS VEGAS",NV,89128,CLARK,"(702) 302-9972",9,,12/12/2023
291661,"COMFORTING HANDS HOSPICE","2400 N TENAYA WAY #104",-,"LAS VEGAS",NV,89128,CLARK,"(818) 919-0095",9,,12/20/2023
291662,"EMBRACE HOSPICE & PALLIATIVE CARE, LLC","2350 S. JONES BLVD, STE 225",-,"LAS VEGAS",NV,89146,CLARK,"(702) 214-2170",9,,12/05/2023
291663,"SUN CITY HOSPICE INC","2780 S JONES BLVD STE 108",-,"LAS VEGAS",NV,89146,CLARK,"(702) 333-4433",9,,08/16/2023
291664,"DESERT ROSE HOMECARE LLC","8430 W. LAKE MEAD BLVD.",-,"LAS VEGAS",NV,89128,-,"(725) 772-0867",9,,12/05/2023
291665,"365 HOSPICE INC","8430 W LAKE MEAD BLVD STE 129",-,"LAS VEGAS",NV,89128,-,"(725) 500-7642",9,,12/07/2023
291666,"PRECIOUS HEARTS HEALTH CARE PROVIDERS LLC","6671 S LAS VEGAS BLVD STE 210",-,"LAS VEGAS",NV,89119,CLARK,"(702) 888-1712",9,,08/25/2023
291667,"CREEKWAY HEALTHCARE LLC","6276 SPRING MOUNTAIN RD STE 100",-,"LAS VEGAS",NV,89146,CLARK,"(702) 785-1095",9,,01/17/2024
291668,"G&E HOSPICE CARE INC","8430 W LAKE MEAD BLVD. #131",-,"LAS VEGAS",NV,89128,CLARK,-,9,,12/27/2023
291669,"RADIANT HOSPICE OF NEVADA LLC","5600 SPRING MOUNTAIN RD STE 108",-,"LAS VEGAS",NV,89146,CLARK,"(702) 850-9004",9,,03/20/2024
291670,"OASIS HOSPICE","3680 GRANT DRIVE, STE A",-,RENO,NV,89509,WASHOE,"(775) 686-6227",9,,07/27/2023
291671,"CARING HANDS HOSPICE LLC","8830 S MARYLAND PARKWAY STE 115",-,"LAS VEGAS",NV,89123,-,"(208) 721-0323",9,,05/22/2024
291672,"QUALITY OF LIFE HOSPICE LLC","6375 S PECOS RD STE 220",-,"LAS VEGAS",NV,89120,CLARK,"(702) 595-0058",9,,03/25/2024
291673,"COMMUNITY HOSPICE INC","2880 E FLAMINGO RD STE J",-,"LAS VEGAS",NV,89121,CLARK,"(702) 333-1356",9,,04/10/2024
291674,"VICTORIA HOSPICE CARE INC","3471 W OQUENDO RD, STE 202",-,"LAS VEGAS",NV,89118,CLARK,"(702) 843-1333",9,,04/08/2024
291679,"CONNOLLY CARE HOSPICE","320 E WARM SPRINGS RD STE 2",-,"LAS VEGAS",NV,89119,CLARK,"(702) 858-1175",9,,08/19/2024
291680,"HALOES TOUCH HOSPICE INC","11500 EASTERN AVE STE 150 OFFICE 1509",-,HENDERSON,NV,89052,CLARK,"(702) 820-4462",9,,04/11/2024
291682,"REVERENT HOSPICE CARE INC","11500 S EASTERN AVE, SUITE 150 OFFICE 1523",-,HENDERSON,NV,89052,-,"(702) 856-7447",9,,07/15/2024
291683,"ALLEGIANT HOSPICE","8930 W SUNSET RD STE 340A",-,"LAS VEGAS",NV,89148,CLARK,"(725) 204-8359",9,,08/09/2024
291684,"GENTLE CARE HOSPICE","8689 W. SAHARA AVENUE STE 280",-,"LAS VEGAS",NV,89117,CLARK,"(702) 462-5181",9,,08/08/2024
291685,"ICARE HEALTH SERVICES LLC","2320 PASEO DEL PRADO STE B205-C",-,"LAS VEGAS",NV,89102,CLARK,-,9,,09/25/2024
291686,"SOLACE VALLEY HEALTHCARE LLC","2700 E SUNSET RD","STE 28","LAS VEGAS",NV,89120,CLARK,"(702) 998-4988",9,,08/11/2024
291687,"APPROPRIATE HOSPICE CARE LLC","9494 W. FLAMINGO RD STE 103",-,"LAS VEGAS",NV,89147,CLARK,"(702) 800-4258",9,,09/17/2024
291688,"NURSES CARE HOSPICE LLC","1500 E TROPICANA BLVD SUITE 174",-,"LAS VEGAS",NV,89119,CLARK,"(725) 228-8551",9,,11/19/2024
291689,"AMERICANA HOSPICE INC","8430 W LAKE MEAD BLVD, STE. 102",-,"LAS VEGAS",NV,89128,CLARK,"(702) 591-9337",9,,10/24/2024
291690,"HEALING HANDS HOSPICE","9728 GILESPIE ST STE 26",-,"LAS VEGAS",NV,89183,CLARK,"(702) 592-9149",9,,12/11/2024
291692,"BRIGHT HOSPICE CARE INC","3305 W. SPRING MOUNTAIN RD #18",-,"LAS VEGAS",NV,89102,-,"(702) 410-5471",9,,11/23/2024
291694,"LIFECARE HOSPICE","1180 N TOWN CENTER DR #100",-,"LAS VEGAS",NV,89144,CLARK,"(725) 205-3442",9,,12/20/2024
291695,"VEGAS LIFE CARE HOSPICE","8760 SMARYLAND PKWY SUITE 118",-,"LAS VEGAS",NV,89123,CLARK,"(702) 881-4033",9,,01/27/2025
291696,"VEGAS PROF HOSPICE CARE INC","5615 CAMERON ST #7",-,"LAS VEGAS",NV,89118,CLARK,"(725) 433-1188",9,,01/24/2025
291697,"TRINE HOSPICE CARE LLC","6550 S PECOS RD 118",-,"LAS VEGAS",NV,89120,CLARK,"(702) 232-6843",9,,02/25/2025
291698,"SPRING VALLEY HOSPICE","8290 W SAHARA AVE STE 190",-,"LAS VEGAS",NV,89117,-,"(702) 846-3116",9,,02/28/2025
291699,"ETERNAL HOSPICE","6655 W SAHARA AVE STE B200-108",-,"LAS VEGAS",NV,89146,CLARK,"(312) 637-0002",9,,09/16/2024
291702,"ALL AMERICAN HEALTH SERVICES","8925 S PECOS ROAD STE 16A OFFICE 5",-,HENDERSON,NV,89074,NEVADA,"(725) 300-1690",9,,02/26/2025
291703,"HEARTLAND HOSPICE","2670 CHANDLER AVE SUITE 4",-,"LAS VEGAS",NV,89120,-,"(725) 300-2680",9,,03/27/2025
291704,"LIFESPAN HOSPICE CARE INC","1555 E FLAMINGO RD F-129",-,"LAS VEGAS",NV,89119,CLARK,-,9,,02/28/2025
291705,"1CARE KIDS LAS VEGAS","3087 E. WARM SPRINGS RD SUITE 300",-,"LAS VEGAS",NV,89120,CLARK,"(702) 587-3131",9,,11/01/2024
291706,"1CARE HOSPICE RENO","5905 S. VIRGINIA STREET SUITE 201-C",,RENO,NV,89502,WASHOE,"(725) 726-2531",9,,01/25/2025
291707,"CRYSTAL HOSPICE CARE INC","8925 S PECOS ROAD STE 16A OFFICE 12",-,HENDERSON,NV,89074,CLARK,"(725) 313-2020",9,,05/23/2025
291708,"LOVING SOUL HOME HEALTH INC","501 S RANCHO DR., SUITE H57",-,"LAS VEGAS",NV,89106,CLARK,"(800) 603-9636",9,,06/13/2025
291709,"ACCUHEALTH HOSPICE","7231 W CHARLESTON BLVD SUITE 140",-,"LAS VEGAS",NV,89117,CLARK,"(725) 300-1690",9,,12/20/2024
291710,"INTEGRA HOSPICE","375 N STEPHANIE ST. BLDG 10","STE 1011 OFC A",HENDERSON,NV,89014,CLARK,"(725) 228-6412",9,,12/20/2024
291711,"TRINITY HEALTH OF NEVADA","1500 E TROPICANA AVE #101",-,"LAS VEGAS",NV,89119,CLARK,"(702) 423-2683",9,,04/24/2025
291712,"RELIABLE HOSPICE","7324 WEST CHEYENNE AVE STE. 6",-,"LAS VEGAS",NV,89129,CLARK,"(844) 395-4694",9,,02/28/2025
291713,"FAMILY COMFORT CARE LLC","3750 S JONES BLVD, STE. 130",-,"LAS VEGAS",NV,89103,-,"(702) 268-7207",9,,07/07/2025
291714,"ANGEL'S PALM HOSPICE CARE","8683 W SAHARA AVE UNIT 220",-,"LAS VEGAS",NV,89117,-,"(702) 330-0552",9,,05/29/2025
291715,"BRIGHT STAR HOSPICE CARE INC","8925 S PECOS ROAD","STE 16A OFFICE 11",HENDERSON,NV,89074,-,"(725) 313-2030",9,,07/23/2025
291716,"NEW HOPE HOSPICE","8290 W SAHARA AVE STE 190",-,"LAS VEGAS",NV,89117,CLARK,"(702) 849-3116",9,,06/10/2025
291717,"BRILLANTE HOSPICE","8975 S PECOS RD, STE 7B-17",-,HENDERSON,NV,89074,CLARK,"(725) 206-6026",9,,05/23/2025
291718,"GOLDEN CARE HOSPICE, LLC","3885 S DECATUR BLVD SUITE 2000B",-,"LAS VEGAS",NV,89103,CLARK,"(702) 445-0088",9,,07/10/2025
291719,"HARMONY HOSPICE AND PALLIATIVE CARE INC","5550 W. FLAMINGO ROAD, SUITE D-3",-,"LAS VEGAS",NV,89103,CLARK,"(725) 666-5656",9,,09/03/2025
291720,"GOODWILL HOSPICE","6655 W SAHARA B200 (113-114)",-,"LAS VEGAS",NV,89146,CLARK,"(615) 713-7465",9,,08/08/2025
291721,"CARING ONE HOSPICE","6268 SPRING MOUNTAIN ROAD","STE 105D","LAS VEGAS",NV,89146,CLARK,"(702) 601-2087",9,,06/25/2025
291722,"LIFETIME HOSPICE CARE INC","871 CORONADO CENTER DRIVE STE 200 OFFICE#236",-,HENDERSON,NV,89052,CLARK,"(702) 289-4665",9,,10/30/2024
291723,"AM & PM HOME HEALTHCARE AND HOSPICE","3920 E PATRICK LN SUITE 200",-,"LAS VEGAS",NV,89120,CLARK,"(702) 589-1717",9,,07/22/2025
291724,"CARE OASIS HOSPICE","6787 W. TROPICANA AVENUE STE 263",-,"LAS VEGAS",NV,89103,CLARK,"(702) 301-8862",9,,08/25/2025
291725,"LIFE CARE HOSPICE, LLC","3885 S. DECATUR BLVD. 1040-A",-,"LAS VEGAS",NV,89103,CLARK,-,9,,07/01/2025
291726,"AGAPE HOSPICE OF NEVADA INC","4055 SPENCER STREET, STE. 112",-,"LAS VEGAS",NV,89119,CLARK,"(702) 850-7240",9,,10/29/2025
291727,"CRITICAL CARE HOSPICE","1945 E WARM SPRINGS RD #200",-,"LAS VEGAS",NV,89119,CLARK,"(702) 342-9000",9,,09/05/2025
291728,"HAVEN HOME HEALTH AND HAVEN HOSPICE","8925 S PECOS ROAD STE 16A OFFICE 7B",-,HENDERSON,NV,89074,-,"(702) 882-7736",9,,02/07/2025
291729,"ARM CARE HOSPICE INC","8925 S PECOS RD STE 16A OFFICE 10",-,HENDERSON,NV,89074,CLARK,"(818) 731-4114",9,,08/14/2024
291730,"ETERNITY CARE HOSPICE","2675 S. JONES BLVD. SUITE 104",-,"LAS VEGAS",NV,89146,-,"(702) 476-9542",9,,11/13/2025
291731,"AT-HOME CARE HOSPICE","2310 PASEO DEL PRADO #A-206",-,"LAS VEGAS",NV,89102,CLARK,"(702) 858-7312",9,,11/20/2025
291732,"GOLDEN HEART HOSPICE LLC","9320 SUN CITY BLVD","STE 103","LAS VEGAS",NV,89134,CLARK,"(725) 326-2960",9,,09/29/2025
291733,"TWENTYFOUR SEVEN HOSPICE LLC","4660 S EASTERN AVE SUITE 108B",-,"LAS VEGAS",NV,89119,CLARK,"(725) 266-5386",9,,05/12/2023
301500,"GRANITE VNA, INC.","30 PILLSBURY STREET",-,CONCORD,NH,03301,MERRIMACK,"(603) 224-4093",1,Non-Profit,01/24/1989
301501,"HOME HEALTH & HOSPICE CARE","7 EXECUTIVE PARK DRIVE","MAIN OFFICE",MERRIMACK,NH,03054,HILLSBOROUGH,"(603) 882-2941",1,Non-Profit,03/26/1990
301502,"VNA HOME HEALTH AND HOSPICE SERVICES, INC","1070 HOLT AVE STE 1400",-,MANCHESTER,NH,03109,HILLSBOROUGH,"(603) 622-3781",1,Non-Profit,08/23/1990
301503,"VNA AT HCS","312 MARLBORO STREET","PO BOX 564",KEENE,NH,03431,CHESHIRE,"(603) 352-2253",1,Non-Profit,10/23/1990
301507,"AMEDISYS HOSPICE CARE","8 COMMERCE DRIVE, SUITE 101",-,BEDFORD,NH,03110,HILLSBOROUGH,"(603) 421-0414",1,For-Profit,07/10/1992
301509,"LAKE SUNAPEE HOME CARE & HOSPICE","107 NEWPORT ROAD",-,"NEW LONDON",NH,03257,MERRIMACK,"(603) 526-4077",1,Non-Profit,11/05/1992
301510,"BETH ISRAEL LAHEY HEALTH AT HOME","4 ALUMNI DRIVE",-,EXETER,NH,03833,ROCKINGHAM,"(603) 772-2981",1,Non-Profit,06/29/1993
301512,"WENTWORTH HOME CARE & HOSPICE, AN AMEDISYS PARTNER","9 ANDREWS ROAD",-,SOMERSWORTH,NH,03878,STRAFFORD,"(603) 692-0220",1,For-Profit,09/24/1993
301518,"NORTH COUNTRY HOME HEALTH & HOSPICE AGENCY","536 COTTAGE STREET",-,LITTLETON,NH,03561,GRAFTON,"(603) 444-5317",1,Other,09/20/1994
301520,"VISITING NURSE HOME CARE&HOSPICE OF CARROLL COUNTY","1529 WHITE MOUNTAIN HIGHWAY PO BOX 432",-,"NORTH CONWAY",NH,03860,CARROLL,"(603) 447-6766",1,Non-Profit,08/15/1995
301521,"PEMI-BAKER COMMUNITY HEALTH","101 BOULDER POINT DRIVE, SUITE 3",-,PLYMOUTH,NH,03264,GRAFTON,"(603) 536-2232",1,For-Profit,08/14/1995
301526,"BEACON HOSPICE, AN AMEDISYS COMPANY","25 NEW HAMPSHIRE AVENUE, SUITE 272",-,PORTSMOUTH,NH,03801,ROCKINGHAM,"(603) 433-2480",1,For-Profit,03/09/2005
301527,"FRANKLIN VNA & HOSPICE","75 CHESTNUT STREET",-,FRANKLIN,NH,03235,MERRIMACK,"(603) 934-3454",1,Other,03/18/2005
301528,"COMPASSUS - GREATER MANCHESTER","1 BEDFORD FARMS DR",-,BEDFORD,NH,03110,HILLSBOROUGH,"(603) 606-7974",1,Other,09/21/2007
301530,"CORNERSTONE VNA","178 FARMINGTON ROAD",-,ROCHESTER,NH,03867,STRAFFORD,"(603) 332-1133",1,Non-Profit,04/13/2011
301532,"BROOKHAVEN HOSPICE OF NEW HAMPSHIRE LLC","2 BEDFORD FARMS SUITE 105",-,BEDFORD,NH,03110,HILLSBOROUGH,"(603) 601-7052",1,Other,10/13/2011
301534,"HARBORSIDE HOSPICE LLC","23 ATKINSON DEPOT RD STE 105",-,PLAISTOW,NH,03865,ROCKINGHAM,"(800) 331-1044",1,Other,10/12/2017
301535,"LAKES REGION VISITING NURSE ASSOCIATION","186 WAUKEWAN ST",-,MEREDITH,NH,03253,BELKNAP,"(603) 279-6611",1,Non-Profit,05/03/2018
301536,"BAYADA HOSPICE","22 BRIDGE STREET, STE 7",-,CONCORD,NH,03301,MERRIMACK,"(603) 724-6689",1,For-Profit,08/31/2018
301538,"PATHWAYS HEALTHCARE, LLC","24 ORCHARD VIEW DRIVE STE 3",-,LONDONDERRY,NH,03053,ROCKINGHAM,"(800) 939-1855",1,,07/25/2023
301539,"UNITY HOSPICE, LLC","55 BRIGGS WAY",-,DURHAM,NH,03824,STRAFFORD,"(603) 397-5915",1,,11/30/2023
301540,"LILYCARE OF NEW HAMPSHIRE LLC","9 CEDARWOOD DRIVE, UNIT 6",-,BEDFORD,NH,03110,-,"(202) 706-4460",1,,02/05/2024
301541,"QUALITY CARE HOME HEALTH & HOSPICE","12 MAIN ST, #12",-,"CENTER HARBOR",NH,03226,BELKNAP,"(603) 707-9655",1,,10/17/2024
311501,"ROBERT WOOD JOHNSON VISITING NURSE, INC","972 SHOPPES BOULEVARD",-,"NORTH BRUNSWICK",NJ,08902,MIDDLESEX,"(732) 224-6991",2,Non-Profit,11/28/1983
311503,"ATLANTIC VISITING NURSE","465 SOUTH STREET, SUITE 100",-,MORRISTOWN,NJ,07960,MORRIS,"(973) 379-8400",2,Non-Profit,02/03/1984
311504,"SAMARITAN HEALTHCARE AND HOSPICE","3906 CHURCH ROAD",-,"MOUNT LAUREL",NJ,08054,BURLINGTON,"(856) 596-1600",2,Non-Profit,12/29/1983
311505,"CENTER FOR HOPE HOSPICE AND PALLIATIVE CARE","1900 RARITAN ROAD",-,"SCOTCH PLAINS",NJ,07076,UNION,"(908) 889-7780",2,Non-Profit,01/27/1984
311506,"PENN MEDICINE HOSPICE PRINCETON HEALTH","105 COLLEGE ROAD EAST 2ND FLOOR","2ND FLOOR",PRINCETON,NJ,08540,MERCER,"(609) 497-4900",2,Non-Profit,11/14/1983
311507,"BARNABAS HEALTH HOME CARE AND HOSPICE","80 MAIN STREET, SECOND FLOOR, SUITE 300",-,"WEST ORANGE",NJ,07052,ESSEX,"(855) 619-4448",2,Other,03/07/1984
311508,"VHS HOSPICE SERVICES OF NEW JERSEY","3 GARRET MOUNTAIN PLAZA",-,"WOODLAND PARK",NJ,07424,PASSAIC,"(973) 256-4636",2,For-Profit,02/29/1984
311509,"KAREN ANN QUINLAN HOSPICE","99 SPARTA AVENUE",-,NEWTON,NJ,07860,SUSSEX,"(973) 383-0115",2,Non-Profit,05/01/1984
311510,"AMEDISYS HOSPICE","21 MAIN STREET, SUITE 253",-,HACKENSACK,NJ,07601,BERGEN,"(201) 342-7766",2,For-Profit,05/23/1984
311513,"HOLY REDEEMER HOSPICE-NJ, SOUTH","160 E NINTH AVENUE,, SUITE B, PO BOX 250",-,RUNNEMEDE,NJ,08078,CAMDEN,"(856) 939-4040",2,Non-Profit,01/21/1985
311515,"HOLY REDEEMER HOSPICE-NJ, SHORE","6550 DELILAH ROAD, SUITE 5, AIRPORT COMMERCE CTR",-,"EGG HARBOR TWP",NJ,08234,ATLANTIC,"(609) 761-0300",2,Non-Profit,09/23/1985
311516,"PATIENT CARE HOSPICE","500 SCARBOROUGH DRIVE, SUITE 308",-,"EGG HARBOR TOWNSHIP",NJ,08234,ATLANTIC,"(609) 407-2020",2,For-Profit,04/07/1986
311517,"VNA OF CENTRAL JERSEY HOME CARE & HOSPICE","1433 HOOPER AVENUE, SUITE 230",-,"TOMS RIVER",NJ,08753,OCEAN,"(732) 818-6800",2,Non-Profit,04/16/1987
311522,"VALLEY HOSPICE","15 ESSEX ROAD",-,PARAMUS,NJ,07652,BERGEN,"(201) 291-6000",2,Other,12/31/1987
311524,"HUNTERDON HOSPICE INC","215 ROUTE 31",-,FLEMINGTON,NJ,08822,HUNTERDON,"(908) 788-6600",2,Non-Profit,10/18/1988
311526,"VISITING NURSE ASSOCIATION OF ENGLEWOOD, INC","155 N DEAN ST, STE 2C",-,ENGLEWOOD,NJ,07631,BERGEN,"(201) 894-3333",2,Other,06/01/1989
311530,"COMMUNITY CARE HOSPICE","110 WEST END AVENUE",-,SOMERVILLE,NJ,08876,SOMERSET,"(908) 725-9355",2,Non-Profit,05/07/1990
311533,"HACKENSACK MERIDIAN HOSPICE","1340 CAMPUS PARKWAY, SUITE A3",-,NEPTUNE,NJ,07753,MONMOUTH,"(732) 751-3750",2,For-Profit,02/14/1994
311536,"LIGHTHOUSE HOSPICE","200 LAKE DRIVE EAST, SUITE 205",-,"CHERRY HILL",NJ,08002,CAMDEN,"(856) 414-1155",2,For-Profit,08/08/1994
311537,"AMEDISYS HOSPICE","2005 MOUNT HOLLY ROAD, SUITE 107",-,BURLINGTON,NJ,08016,BURLINGTON,"(609) 245-0095",2,For-Profit,03/03/1995
311540,"HOSPICE OF NEW JERSEY, LLC","400 BROADACRES DRIVE, 1ST FLOOR",-,BLOOMFIELD,NJ,07003,ESSEX,"(973) 893-0818",2,For-Profit,04/25/1995
311541,"ASCEND HOSPICE","65 JACKSON DR, STE 103",-,CRANFORD,NJ,07016,UNION,"(908) 931-9080",2,For-Profit,06/21/1995
311542,"COMPASSIONATE CARE HOSPICE OF CLIFTON, LLC","300 BROADACRES DRIVE, SUITE 275",-,BLOOMFIELD,NJ,07003,ESSEX,"(973) 916-1400",2,For-Profit,08/10/1995
311543,"VISITING NURSE ASSOCIATION OF NORTHERN NEW JERSEY","175 SOUTH STREET",-,MORRISTOWN,NJ,07960,MORRIS,"(973) 539-1216",2,Non-Profit,03/18/1996
311545,GENTIVA,"242 OLD NEW BRUNSWICK RD, STE 410",-,PISCATAWAY,NJ,08854,MIDDLESEX,"(732) 562-8800",2,For-Profit,03/19/1997
311546,"CARING HOSPICE OF SOUTH JERSEY","133-Q GAITHER DRIVE",-,"MOUNT LAUREL",NJ,08054,BURLINGTON,"(856) 439-0012",2,Other,06/12/1997
311547,"HOLY NAME HOSPICE","718 TEANECK ROAD",-,TEANECK,NJ,07666,BERGEN,"(201) 833-3188",2,Other,08/30/1999
311549,"LIFE SOURCE SERVICES LLC","700 KINDERKAMACK ROAD, SUITE 105",-,ORADELL,NJ,07649,BERGEN,"(201) 523-9745",2,For-Profit,05/30/2001
311550,"HEARTLAND HOSPICE","1385 CHEWS LANDING ROAD",-,"LAUREL SPRINGS",NJ,08021,CAMDEN,"(856) 251-0707",2,Non-Profit,11/14/2001
311554,"CARING HOSPICE SERVICES OF CENTRAL JERSEY","1090 KING GEORGES POST ROAD #703",-,EDISON,NJ,08837,MIDDLESEX,"(732) 661-9373",2,For-Profit,08/15/2002
311556,"EMBRACING HOSPICE CARE OF NEW JERSEY","3349 ROUTE 138, BUILDING D, SUITE F",-,WALL,NJ,07719,MONMOUTH,"(732) 974-2545",2,For-Profit,06/27/2003
311558,"VITAS HEALTHCARE CORPORATION ATLANTIC","70 SOUTH ORANGE AVENUE, SUITE 210",-,LIVINGSTON,NJ,07039,ESSEX,"(973) 994-4738",2,For-Profit,08/09/2004
311559,"HOMESIDE HOSPICE LLC","6 COMMERCE DRIVE","SUITE 206",CRANFORD,NJ,07016,UNION,"(732) 381-3444",2,Other,09/22/2005
311560,"MARTIN AND EDITH STEIN HOSPICE, THE","354 DEMOTT LANE",-,SOMERSET,NJ,08873,SOMERSET,"(732) 227-1212",2,Non-Profit,10/07/2005
311563,"GRACE HEALTHCARE SERVICES LLC","105 FIELDCREST AVENUE, SUITE 402",-,EDISON,NJ,08837,MIDDLESEX,"(732) 225-4100",2,For-Profit,06/13/2006
311567,"GREENWOOD HOUSE HOSPICE SERVICES INC","134 FRANKLIN CORNER ROAD, STE 202",-,"LAWRENCE TOWNSHIP",NJ,08648,MERCER,"(609) 883-6026",2,Non-Profit,08/02/2007
311568,"NJ HEALTH HOSPICE AND PALLIATIVE CARE","415 WEST LANDIS AVENUE, SUITE 100",-,VINELAND,NJ,08360,CUMBERLAND,"(856) 696-5340",2,For-Profit,11/08/2007
311571,"COMPASSUS-GREATER NEW JERSEY","4390 ROUTE 130 NORTH, UNIT A",-,WILLINGBORO,NJ,08046,BURLINGTON,"(609) 531-0100",2,For-Profit,12/08/2009
311573,"COMPASSIONATE CARE HOSPICE OF NORTHERN NJ, LLC","100 ENTERPRISE DRIVE, SUITE 110",-,ROCKAWAY,NJ,07828,MORRIS,"(973) 726-3855",2,For-Profit,10/07/2009
311574,"SERENITY HOSPICE CARE","1670 WHITEHORSE HAMILTON SQUARE ROAD","SUITE 14",TRENTON,NJ,08690,MERCER,"(609) 227-2400",2,For-Profit,02/23/2012
311576,"BAYADA AT INSPIRA, HOME HEALTH AND HOSPICE","600 JESSUP ROAD, SUITE 100A",-,"WEST DEPTFORD",NJ,08066,GLOUCESTER,"(856) 845-8220",2,Other,01/06/2014
311577,"SEASONS HOSPICE & PALLIATIVE CARE OF NEW JERSEY LL","2147 ROUTE 27 SOUTH, SUITE 101",-,EDISON,NJ,08817,MIDDLESEX,"(866) 243-2157",2,Other,09/09/2014
311578,"HOLISTICARE HOSPICE OF NEW JERSEY, LLC","1228 ROUTE 37 WEST, UNIT #8",-,"TOMS RIVER",NJ,08755,OCEAN,"(844) 254-4400",2,For-Profit,01/30/2015
311579,"ANGELIC HOSPICE","8025 BLACK HORSE PIKE, SUITE 501",-,"WEST ATLANTIC CITY",NJ,08232,ATLANTIC,"(609) 822-7979",2,For-Profit,03/20/2015
311580,"BAYADA HOSPICE","5901 WEST SIDE AVENUE, SUITE 502A",-,"NORTH BERGEN",NJ,07047,HUDSON,"(201) 630-2158",2,Non-Profit,06/23/2015
311581,"HOSPICE AT LSMNJ, INC.","6712 WASHINGTON AVENUE, SUITE 302",-,"EGG HARBOR TOWNSHIP",NJ,08234,ATLANTIC,"(609) 380-4302",2,For-Profit,08/28/2015
311582,"TRANSCEND HOSPICE AND PALLIATIVE CARE","429 WOODBURY GLASSBORO RD, STE 202",-,SEWELL,NJ,08080,GLOUCESTER,"(856) 854-0565",2,For-Profit,06/14/2016
311584,"FELLOWSHIP VILLAGE INC","8000 FELLOWSHIP ROAD",-,"BASKING RIDGE",NJ,07920,SOMERSET,"(908) 580-9519",2,Non-Profit,12/06/2017
311585,"ENNOBLE CARE","700 GRAND ST, UNIT 5B",-,HACKETTSTOWN,NJ,07840,BERGEN,"(973) 435-9463",2,For-Profit,12/28/2017
311586,"RED OAK HOSPICE LLC","154 SUNNY SLOPE DR",-,BRIDGETON,NJ,08302,CUMBERLAND,"(856) 431-4900",2,For-Profit,11/29/2017
311588,"VITALITY HOSPICE AND PALLIATIVE CARE","218 WEST BROAD STREET","SUITE 2",BURLINGTON,NJ,08016,BURLINGTON,"(877) 288-0042",2,For-Profit,10/08/2020
311590,"DOVE HOSPICE SERVICES OF NEW JERSEY, LLC","198 ROUTE 9, STE 200",-,MANALAPAN,NJ,07726,MONMOUTH,"(732) 547-9436",2,For-Profit,01/27/2021
311591,"AFFINITY CARE OF NJ, LLC","317 BRICK BOULEVARD, SUITE 220",-,BRICK,NJ,08723,OCEAN,"(732) 800-9494",2,For-Profit,03/10/2021
311592,"SWAN HOSPICE","1777 AVENUE OF THE STATES","SUITE 106",LAKEWOOD,NJ,08701,UNION,"(908) 818-1700",2,For-Profit,05/04/2021
311593,"SPERO HOSPICE & PALLIATIVE CARE","758 ROUTE 18 NORTH, SUITE 103B",-,"EAST BRUNSWICK",NJ,08816,MIDDLESEX,"(732) 955-6648",2,For-Profit,06/28/2021
311594,"SUNCREST HEALTH SERVICES, LLC","901 WEST LINCOLN DRIVE","SUITE 110",MARLTON,NJ,08053,BURLINGTON,"(856) 519-9200",2,For-Profit,11/19/2021
311595,"SUNCREST HOSPICE NEW JERSEY, LLC","35 WATERVIEW BLVD SUITE 100",-,PARSIPPANY,NJ,07054,MORRIS,"(862) 701-2820",2,For-Profit,04/01/2022
311596,"LIFE HOSPICE","70 S ORANGE AVE, STE 245",-,LIVINGSTON,NJ,07039,ESSEX,"(973) 607-4930",2,,12/21/2023
311597,"LILYCARE OF NEW JERSEY LLC","23 VREELAND RD",-,"FLORHAM PARK",NJ,07932,MORRIS,"(732) 440-9758",2,,01/10/2024
311598,"FAITH HOSPICE CARE LLC","383 US HIGHWAY 46, STE 302",-,FAIRFIELD,NJ,07004,ESSEX,"(973) 244-2480",2,,10/21/2024
311599,"ARCHANGELS SERVICES LLC","265 EAST MAIN STREET",-,SOMERVILLE,NJ,08876,SOMERSET,"(908) 575-7980",2,,06/18/2025
321501,"MESILLA VALLEY HOSPICE, INC.","299 E MONTANA AVE.",-,"LAS CRUCES",NM,88005,"DONA ANA","(575) 523-4700",6,Non-Profit,01/11/1984
321502,"PRESBYTERIAN HOSPICE INPATIENT UNIT","8300 CONSTITUTION AVENUE NE",-,ALBUQUERQUE,NM,87110,BERNALILLO,"(505) 559-7062",6,Non-Profit,04/17/1984
321511,"UNIVERSITY OF NM HOME CARE HOSPICE","2600 YALE BLVD. SE, SUITE 2220",-,ALBUQUERQUE,NM,87106,BERNALILLO,"(505) 272-2111",6,"Combination Government & Non-Profit",03/02/1990
321513,"FAMILY HOSPICE LTD DBA GENTIVA","1515 WEST CALLE SUR STREET, SUITE 129",-,HOBBS,NM,88240,LEA,"(575) 392-2060",6,For-Profit,03/19/1991
321520,"FAMILY HOSPICE, LTD D/B/A GENTIVA","7500 JEFFERSON STREET NE, STE 210",-,ALBUQUERQUE,NM,87109,BERNALILLO,"(505) 821-5404",6,For-Profit,07/01/1994
321521,"ALAMOGORDO HOME HEALTH CARE & HOSPICE, INC","1859 INDIAN WELLS ROAD",-,ALAMOGORDO,NM,88310,OTERO,"(575) 437-3500",6,For-Profit,07/20/1994
321522,"PLAINS REGIONAL MEDICAL CENTER HOSPICE","2217 DILLON",-,CLOVIS,NM,88101,CURRY,"(575) 769-7399",6,Other,08/25/1994
321530,"HELPING HANDS HOSPICE","624 SOUTH 2ND STREET",-,TUCUMCARI,NM,88401,QUAY,"(575) 461-0099",6,Other,07/06/1995
321531,"MOUNTAIN HOME HEALTH HOSPICE","630 PASEO DEL PUEBLO SUR, SUITE 180",-,TAOS,NM,87571,TAOS,"(575) 758-4786",6,Non-Profit,07/25/1995
321532,"SOCORRO GENERAL HOSPITAL HOSPICE","1202 US HWY 60 WEST BLDG. E",-,SOCORRO,NM,87801,SOCORRO,"(575) 835-8343",6,Other,07/19/2009
321538,"AMBERCARE HOSPICE INC","2129 OSUNA ROAD NE",-,ALBUQUERQUE,NM,87113,BERNALILLO,"(505) 244-0046",6,For-Profit,10/07/1997
321540,"LAKEVIEW CHRISTIAN HOSPICE","1300 NORTH CANAL STREET",-,CARLSBAD,NM,88220,EDDY,"(575) 887-0933",6,Other,04/18/2000
321544,"ENHABIT HOSPICE","1096 MECHEM DRIVE, SUITE 302B",-,RUIDOSO,NM,88345,LINCOLN,"(575) 315-0592",6,For-Profit,11/15/2002
321545,"ENHABIT HOSPICE","701 N CANAL STREET, SUITE A",-,CARLSBAD,NM,88220,EDDY,"(575) 236-4844",6,For-Profit,01/17/2003
321548,"BASIN HOME HEALTH & HOSPICE","200 NORTH ORCHARD AVENUE",-,FARMINGTON,NM,87401,"SAN JUAN","(505) 325-8231",6,For-Profit,09/17/2003
321550,"STAR HOSPICE LLC","1000 NORTH DALMONT ST.",-,HOBBS,NM,88240,LEA,"(575) 393-7007",6,For-Profit,02/10/2004
321551,"SIERRA HOSPICE","201 N CHURCH ST, SUITE 300",-,"LAS CRUCES",NM,88001,"DONA ANA","(575) 219-6055",6,Other,06/11/2004
321553,"HOSPICE OF NEW MEXICO, LLC","2155 LOUISIANA BLVD NE STE 2200",-,ALBUQUERQUE,NM,87110,BERNALILLO,"(505) 872-2300",6,For-Profit,07/27/2004
321555,"HARMONY HOME HEALTH SERVICES, LLC","5700 HARPER DRIVE NE, SUITE 250",-,ALBUQUERQUE,NM,87109,BERNALILLO,"(505) 828-2273",6,For-Profit,12/02/2004
321556,"COMPASSUS HOSPICE ALBUQUERQUE SOUTH","7770 JEFFERSON STREET NE, SUITE 305",-,ALBUQUERQUE,NM,87109,BERNALILLO,"(505) 881-5342",6,For-Profit,02/09/2005
321557,"COMPASSUS- SANTA FE","1692 HOSPITAL DRIVE SUITE 101",-,"SANTA FE",NM,87505,"SANTA FE","(505) 983-9212",6,Other,05/23/2005
321558,"HERITAGE HOSPICE INC.","6700 JEFFERSON ST NE SUITE D-2",-,ALBUQUERQUE,NM,87109,BERNALILLO,"(505) 232-3311",6,Non-Profit,06/06/2005
321559,"HOSPICE DE LA LUZ","3812 ACADEMY PARKWAY N NE",-,ALBUQUERQUE,NM,87109,BERNALILLO,"(505) 217-2490",6,For-Profit,03/03/2006
321562,"GUARDIAN ANGEL HOME HEALTH INC","2800 NORTH HUTTON",-,FARMINGTON,NM,87402,"SAN JUAN","(505) 564-9002",6,For-Profit,07/17/2009
321563,"ADVANTAGE HOSPICE DBA CORUS HOSPICE","8725 ALAMEDA PARK DR NE",-,ALBUQUERQUE,NM,87113,BERNALILLO,"(505) 828-0232",6,For-Profit,12/03/2010
321564,"ALLIANCE HOME HEALTH CARE, LLC DBA AMBERCARE","3870 FOOTHILLS ROAD",-,"LAS CRUCES",NM,88011,"DONA ANA","(575) 437-0596",6,For-Profit,04/27/2011
321565,"DEL CORAZON HOSPICE LLC","811 ST MICHAELS DRIVE, SUITE 207",-,"SANTA FE",NM,87505,"SANTA FE","(505) 988-2049",6,Other,06/20/2012
321566,"TUCUMCARI HOSPICE","301 E MIEL DE LUNA AVE",-,TUCUMCARI,NM,88401,QUAY,"(575) 461-7240",6,Non-Profit,04/12/2012
321568,"EXCELACARE HOSPICE","2300 N MAIN STREET, SUITE 19A",-,CLOVIS,NM,88101,CURRY,"(575) 763-9728",6,For-Profit,11/26/2013
321569,"LEGACY HOSPICE","3610 BOSQUE PLAZA LANE NW",-,ALBUQUERQUE,NM,87120,BERNALILLO,"(505) 338-3702",6,For-Profit,07/17/2014
321570,"ANVOI NEW MEXICO","705-B PASEO DEL PUEBLO SUR",-,TAOS,NM,87571,TAOS,"(855) 737-0681",6,For-Profit,06/29/2015
321571,"TLC HOME HEALTH CARE, LLC","401 N HAPPY VALLEY RD",-,CARLSBAD,NM,88220,EDDY,"(575) 885-9199",6,For-Profit,08/27/2015
321572,"HIGH DESERT HOSPICE","8920 ADAMS NE STE B",-,ALBUQUERQUE,NM,87113,BERNALILLO,"(505) 585-2603",6,Other,12/04/2015
321576,"ROADRUNNER HEALTHCARE","8300 CARMEL AVE NE SUITE 401",-,ALBUQUERQUE,NM,87122,BERNALILLO,"(505) 321-4819",6,For-Profit,10/11/2018
321578,"LUNA VISTA HOSPICE, LLC","2116 VISTA OESTE NW 1-B",-,ALBUQUERQUE,NM,87120,BERNALILLO,"(505) 977-1165",6,For-Profit,12/24/2019
321579,"PRESBYTERIAN HOSPICE OF NORTHERN NM","1400 CHAMA AVE",-,"SANTA FE",NM,87505,"SANTA FE","(505) 988-2211",6,For-Profit,03/18/2020
321580,"ADVANCED HOME HEALTH OF NEW MEXICO","6301 4TH ST NW SUITE 6",-,ALBUQUERQUE,NM,87107,BERNALILLO,"(505) 967-4274",6,For-Profit,02/06/2019
321582,"ENHABIT HOSPICE","425 S TELSHOR BOULEVARD, SUITE 201 B",-,"LAS CRUCES",NM,88011,"DONA ANA","(575) 323-9845",6,For-Profit,12/07/2020
321583,"NEVAEH HOSPICE INC","4904 ALAMEDA BLVD NE STE B",-,ALBUQUERQUE,NM,87113,BERNALILLO,"(505) 293-5858",6,For-Profit,03/31/2021
321584,"ENCHANTED SKY HOSPICE LLC","1692B HOSPITAL DRIVE SUITE 201A",-,"SANTA FE",NM,87505,"SANTA FE","(505) 982-0209",6,For-Profit,03/24/2021
321586,"TENDER CARE HOME HEALTH & HOSPICE","189 HOWARD PLACE",-,"LAS CRUCES",NM,88011,"DONA ANA","(575) 522-3076",6,For-Profit,08/18/2021
321587,"LUNA DEL VALLE","4273 MONTGOMERY BLVD NE, BLDG K, SUITE 110",-,ALBUQUERQUE,NM,87109,BERNALILLO,"(505) 365-0321",6,,12/29/2022
321588,"RED WILLOW HOSPICE LLC","525 A SALAZAR RD",-,TAOS,NM,87571,TAOS,"(575) 737-1811",6,,10/28/2022
321589,"INTERIM HEALTHCARE","5201 CONSTITUTION AVE. NE, SUITE 103",-,ALBUQUERQUE,NM,87110,BERNALILLO,"(505) 910-4725",6,,11/21/2022
321590,"BOSQUE TRAILS HOSPICE LLC","1700 LOUISIANA BLVD NE STE 120",-,ALBUQUERQUE,NM,87110,BERNALILLO,"(505) 808-2870",6,,03/02/2023
321591,"RICELANDS HOME HEALTH CARE AND HOSPICE, LLC","2345 SOUTHERN BLVD SE, SUITE C-8",-,"RIO RANCHO",NM,87124,SANDOVAL,"(423) 717-8266",6,,07/10/2023
321592,"Q HOSPICE","7801 ACADEMY ROAD NE STE 214",-,ALBUQUERQUE,NM,87109,BERNALILLO,"(505) 636-0888",6,,07/21/2023
321593,"LILYCARE OF NEW MEXICO","4811 HARDWARE DR. NE, SUITE C-1",-,ALBUQUERQUE,NM,87109,BERNALILLO,"(505) 808-3202",6,,08/10/2023
321596,"HIGH COUNTRY HOSPICE LLC","600 HWY 195, SUITE D",-,"ELEPHANT BUTTE",NM,87935,SIERRA,"(575) 740-7882",6,,02/19/2025
321597,"ABQ HOSPICE & PALLIATIVE CARE CO.","4550 EUBANK BLVD NE #108",-,ALBUQUERQUE,NM,87111,BERNALILLO,"(505) 316-4410",6,,03/25/2025
321598,"RIO GRANDE HOSPICE LLC","4100 OSUNA RD NE STE 105",-,ALBUQUERQUE,NM,87109,BERNALILLO,"(505) 917-1658",6,,04/04/2025
321599,"BILLET HOSPICE INC - ALBUQUERQUE","126 VALENCIA DRIVE NE, SUITE F",-,ALBUQUERQUE,NM,87107,BERNALILLO,"(833) 224-5538",6,,07/16/2024
331501,"COMMUNITY HOSPICE, INC, THE","445 NEW KARNER ROAD",-,ALBANY,NY,12205,ALBANY,"(518) 724-0200",2,Non-Profit,11/01/1983
331502,"HOSPICE BUFFALO INC","225 COMO PARK BLVD",-,CHEEKTOWAGA,NY,14227,ERIE,"(716) 686-1900",2,Non-Profit,12/01/1983
331505,"HOSPICE AT LOURDES, THE","4102 0LD VESTAL ROAD",-,VESTAL,NY,13850,BROOME,"(607) 798-5692",2,Non-Profit,01/23/1984
331506,"ROCHESTER REGIONAL HEALTH HOSPICE CARE","330 MONROE AVENUE",-,ROCHESTER,NY,14607,MONROE,"(585) 214-1000",2,Non-Profit,10/01/1984
331510,"HOSPICE AND PALLIATIVE CARE INC NEW HARTFORD","4277 MIDDLE SETTLEMENT ROAD",-,"NEW HARTFORD",NY,13413,ONEIDA,"(315) 735-6484",2,Non-Profit,06/01/1985
331511,"HOSPICE OF CENTRAL NEW YORK","990 SEVENTH NORTH STREET",-,LIVERPOOL,NY,13088,ONONDAGA,"(315) 634-1100",2,Non-Profit,06/21/1985
331512,"HOSPICARE & PALLIATIVE CARE SERVICES","172 EAST KING ROAD",-,ITHACA,NY,14850,TOMPKINS,"(607) 272-0212",2,Non-Profit,09/04/1985
331513,"CAREFIRST / SOUTHERN TIER HOSPICE AND PALLIATIVE","3805 MEADS CREEK ROAD",-,"PAINTED POST",NY,14870,STEUBEN,"(607) 962-3100",2,Non-Profit,06/27/1986
331514,"HOSPICE AND PALLIATIVE CARE OF ST LAWRENCE VALLEY","6805 US HIGHWAY 11",-,POTSDAM,NY,13676,"ST. LAWRENCE","(315) 265-3105",2,Non-Profit,08/28/1986
331515,"HOSPICE OF JEFFERSON CO/PALLIATIVE CARE OF JEFFERS","1398 GOTHAM STREET",-,WATERTOWN,NY,13601,JEFFERSON,"(315) 788-7323",2,Non-Profit,10/24/1986
331519,"VNSNY HOSPICE AND PALLIATIVE CARE","220 E 42ND STREET, 7TH FLOOR",-,"NEW YORK",NY,10017,"NEW YORK","(212) 609-1920",2,Non-Profit,01/25/1988
331520,"HOSPICE OF WESTCHESTER","1025 WESTCHESTER AVENUE, SUITE 200",-,"WHITE PLAINS",NY,10604,WESTCHESTER,"(914) 682-1484",2,Non-Profit,02/19/1988
331521,"HUDSON VALLEY HOSPICE","374 VIOLET AVE",-,POUGHKEEPSIE,NY,12601,DUTCHESS,"(845) 485-2273",2,Other,12/09/1987
331522,"UNITED HOSPICE","11 STOKUM LANE",-,"NEW CITY",NY,10956,ROCKLAND,"(845) 634-4974",2,Non-Profit,01/25/1988
331523,"MOUNTAIN VALLEY HOSPICE & PALLIATIVE CARE","108 STEELE AVENUE",-,GLOVERSVILLE,NY,12078,FULTON,"(518) 725-4545",2,Non-Profit,03/24/1988
331524,"HELIOS CARE","297 RIVER STREET SERVICE ROAD",-,ONEONTA,NY,13820,OTSEGO,"(607) 432-6773",2,Other,05/05/1988
331525,"JANSEN HOSPICE AND PALLIATIVE CARE","1129 WESTCHESTER AVE",-,"WHITE PLAINS",NY,10604,WESTCHESTER,"(914) 787-6158",2,Non-Profit,05/19/1988
331527,"HOSPICE OF ORANGE & SULLIVAN COUNTIES INC","800 STONY BROOK COURT",-,NEWBURGH,NY,12550,ORANGE,"(845) 561-6111",2,Other,07/27/1988
331528,"HOSPICE OF THE NORTH COUNTRY INC","358 TOM MILLER ROAD",-,PLATTSBURGH,NY,12901,CLINTON,"(518) 561-8465",2,Other,08/25/1988
331529,"M J H S HOSPICE AND PALLIATIVE CARE, INC","55 WATER STREET","46TH FLOOR","NEW YORK",NY,10041,"NEW YORK","(212) 420-2844",2,Other,07/04/1988
331530,"NIAGARA HOSPICE INC","4675 SUNSET DRIVE",-,LOCKPORT,NY,14094,NIAGARA,"(716) 439-4417",2,Non-Profit,08/31/1988
331531,"HIGH PEAKS HOSPICE AND PALLIATIVE CARE, INC","1247 DIX AVENUE",-,"HUDSON FALLS",NY,12839,WASHINGTON,"(518) 891-0606",2,Non-Profit,09/20/1988
331532,"HOSPICE CARE OF LONG ISLAND, QUEENS, SOUTH SHORE","99 SUNNYSIDE BLVD",-,WOODBURY,NY,11797,NASSAU,"(516) 832-7100",2,Non-Profit,10/26/1988
331535,"VNS AND HOSPICE OF SUFFOLK, INC","101 LAUREL ROAD",-,"EAST NORTHPORT",NY,11731,SUFFOLK,"(631) 930-9399",2,Non-Profit,06/02/1989
331537,"NYU LANGONE HOSPITAL - SUFFOLK HOSPICE","105 WEST MAIN STREET",-,PATCHOGUE,NY,11772,SUFFOLK,"(631) 687-2960",2,Non-Profit,09/27/1989
331540,"LEWIS COUNTY GENERAL HOSPITAL HOSPICE","7785 NORTH STATE STREET",-,LOWVILLE,NY,13367,LEWIS,"(315) 376-5308",2,Government,04/24/1990
331544,"GOOD SHEPHERD HOSPICE","110 BI-COUNTY BOULEVARD, SUITE 114",-,FARMINGDALE,NY,11735,NASSAU,"(631) 465-6300",2,Non-Profit,06/21/1991
331546,"EAST END HOSPICE, INC","481 WESTHAMPTON-RIVERHEAD ROAD","PO BOX 1048","WESTHAMPTON BEACH",NY,11978,SUFFOLK,"(631) 288-8400",2,Non-Profit,09/25/1991
331548,"HOSPICE & PALLIATIVE CARE OF CHENANGO COUNTY INC.","33-39 COURT STREET",-,NORWICH,NY,13815,CHENANGO,"(607) 334-3556",2,Non-Profit,10/31/1991
331549,"HOMECARE & HOSPICE","115 EAST MAIN STREET",-,ALLEGANY,NY,14076,CATTARAUGUS,"(716) 372-5735",2,Non-Profit,01/28/1992
331550,"UR MEDICINE HOSPICE","2180 EMPIRE BOULEVARD",-,WEBSTER,NY,14580,MONROE,"(585) 787-8315",2,Other,06/05/1992
331551,"STATEN ISLAND UNIVERSITY HOSPITAL UNIV HOSPICE","78 MEISNER AVENUE",-,"STATEN ISLAND",NY,10306,RICHMOND,"(718) 226-6450",2,Non-Profit,03/31/1992
331553,"LIVINGSTON COUNTY HOSPICE","2 LIVINGSTON COUNTY CAMPUS",-,"MOUNT MORRIS",NY,14510,LIVINGSTON,"(585) 243-7290",2,Government,05/31/2005
331554,"CHAUTAUQUA HOSPICE AND PALLIATIVE CARE","20 WEST FAIRMOUNT AVENUE",-,LAKEWOOD,NY,14750,CHAUTAUQUA,"(716) 338-0033",2,Non-Profit,04/15/1993
331557,"SUPPORTIVE CARE OF ORLEANS","14080 WEST AVENUE","RT31 WEST",ALBION,NY,14411,ORLEANS,"(585) 589-0809",2,Non-Profit,12/09/1994
331560,"HOSPICE OF NEW YORK, LLC","30-30 47TH AVENUE, SUITE 635",-,"LONG ISLAND CITY",NY,11101,QUEENS,"(718) 472-1999",2,For-Profit,09/18/1997
331561,"COMPREHENSIVE COMM HOSPICE OF PARKER JEWISH INST","271-11 76TH AVENUE",-,"NEW HYDE PARK",NY,11040,NASSAU,"(516) 586-1575",2,Non-Profit,10/30/1997
331562,"CALVARY HOME HEALTH AGENCY AND HOSPICE CARE","1740 EASTCHESTER RD",-,BRONX,NY,10461,BRONX,"(718) 518-2465",2,Other,01/14/1999
331563,"CARING HOSPICE SERVICES OF NEW YORK, LLC","3039 AVENUE U",-,BROOKLYN,NY,11229,KINGS,"(718) 743-4600",2,Other,07/01/2003
341500,"HOSPICE & PALLIATIVE CARE CHARLOTTE REGION","7845 LITTLE AVENUE",-,CHARLOTTE,NC,28226,MECKLENBURG,"(704) 375-0100",4,Non-Profit,10/21/1984
341501,"CAREPARTNERS HOSPICE & PALLIATIVE CARE SERVICES","21 BELVEDERE ROAD",-,ASHEVILLE,NC,28803,BUNCOMBE,"(828) 255-0231",4,Non-Profit,03/15/1985
341502,"TRELLIS SUPPORTIVE CARE","101 HOSPICE LANE",-,"WINSTON SALEM",NC,27103,FORSYTH,"(336) 768-3972",4,Non-Profit,01/10/1985
341503,"AUTHORACARE COLLECTIVE","2504 SUMMIT AVE",-,GREENSBORO,NC,27405,GUILFORD,"(336) 621-2500",4,Non-Profit,06/14/1985
341504,AMOREM,"902 KIRKWOOD STREET, NW",-,LENOIR,NC,28645,CALDWELL,"(828) 754-0101",4,Non-Profit,09/24/1985
341506,"WAKE FOREST BAPTIST HEALTH CARE AT HOME HOSPICE-WI","126 EXECUTIVE DRIVE, SUITE 110",-,WILKESBORO,NC,28697,WILKES,"(336) 818-3177",4,For-Profit,09/23/1985
341507,"DUKE HOSPICE","12 MOORE DRIVE","SUITE 200",DURHAM,NC,27713,DURHAM,"(919) 613-4663",4,Non-Profit,02/05/1986
341508,"HOSPICE AND PALLIATIVE CARE OF CABARRUS COUNTY","5003 HOSPICE LANE",-,KANNAPOLIS,NC,28081,CABARRUS,"(704) 935-9434",4,Other,09/09/1986
341510,"HOSPICE AND PALLIATIVE CARE OF NASH GENERAL HOSPITAL","2416 PROFESSIONAL DRIVE",-,"ROCKY MOUNT",NC,27804,NASH,"(252) 443-8124",4,"Combination Government & Non-Profit",10/31/1986
341511,"HOSPICE OF THE PIEDMONT INC","1801 WESTCHESTER DR",-,"HIGH POINT",NC,27262,GUILFORD,"(336) 889-8446",4,Non-Profit,01/20/1987
341512,"AMEDISYS HOSPICE","2317 EXECUTIVE CIRCLE SUITE B",-,GREENVILLE,NC,27834,PITT,"(919) 758-4622",4,For-Profit,04/06/1987
341513,"ATRIUM HEALTH HOSPICE UNION","700 W ROOSEVELT BOULEVARD",-,MONROE,NC,28110,UNION,"(980) 993-7300",4,Non-Profit,03/23/1987
341515,"LOWER CAPE FEAR LIFECARE","1414 PHYSICIANS DRIVE",-,WILMINGTON,NC,28401,"NEW HANOVER","(910) 796-7900",4,Non-Profit,04/24/1987
341517,"HOSPICE OF IREDELL COUNTY, INC","2347 SIMONTON ROAD",-,STATESVILLE,NC,28625,IREDELL,"(704) 873-4719",4,Non-Profit,10/07/1987
341518,"VIDANT HOME HEALTH AND HOSPICE","521 MYERS STREET",-,AHOSKIE,NC,27910,HERTFORD,"(252) 332-3392",4,Non-Profit,11/04/1987
341520,"VIA HEALTH PARTNERS - CLEVELAND","951 WENDOVER HEIGHTS DRIVE",-,SHELBY,NC,28150,CLEVELAND,"(704) 487-4677",4,Non-Profit,11/10/1987
341521,"ALEXANDER HOSPICE","50 LUCY ECHERD LANE",-,TAYLORSVILLE,NC,28681,ALEXANDER,"(828) 632-5026",4,Non-Profit,10/15/1987
341523,"TRANSITIONS LIFECARE","250 HOSPICE CIRCLE",-,RALEIGH,NC,27607,WAKE,"(919) 828-0890",4,Non-Profit,12/07/1987
341528,"HOSPICE OF THE CAROLINA FOOTHILLS","1074 OZONE DRIVE",-,SALUDA,NC,28773,POLK,"(864) 432-8717",4,Non-Profit,02/29/1988
341529,"ANCORA COMPASSIONATE CARE","2150 NC HIGHWAY 65",-,REIDSVILLE,NC,27320,CASWELL,"(336) 427-9022",4,Non-Profit,05/02/1988
341530,"FOUR SEASONS THE CARE YOU TRUST","571 SOUTH ALLEN ROAD",-,"FLAT ROCK",NC,28731,HENDERSON,"(828) 692-6178",4,Non-Profit,07/01/1988
341531,"UNC HOSPICE","211 FRIDAY CENTER DRIVE ,SUITE 2041",-,"CHAPEL HILL",NC,27517,ORANGE,"(984) 215-2650",4,"Combination Government & Non-Profit",07/22/1988
341532,"HOSPICE OF WILSON MEDICAL CENTER","1901 TARBORO ST SW","SUITE 301",WILSON,NC,27893,WILSON,"(252) 399-8924",4,For-Profit,07/14/1988
341533,"MEDI HOME HOSPICE","1955 NEWLAND HWY","PO BOX 1357",NEWLAND,NC,28657,AVERY,"(828) 733-0663",4,For-Profit,07/20/1988
341534,"FIRSTHEALTH HOSPICE","251 CAMPGROUND ROAD",-,"WEST END",NC,27376,MOORE,"(910) 715-6000",4,Non-Profit,10/04/1988
341535,"CAROLINA CARING","3975 ROBINSON ROAD",-,NEWTON,NC,28658,CATAWBA,"(828) 466-0466",4,Non-Profit,03/20/1989
341536,"CAROLINA CARING","2240 REMOUNT ROAD",-,GASTONIA,NC,28054,GASTON,"(704) 861-8405",4,Non-Profit,10/11/1988
341537,"LIBERTY HOME CARE II, LLC","336 SOUTH MAIN STREET",-,RAEFORD,NC,28376,HOKE,"(910) 565-5226",4,For-Profit,11/29/1988
341538,"ECU HEALTH HOME HEALTH AND HOSPICE","401 N MAIN STREET",-,KENANSVILLE,NC,28349,DUPLIN,"(910) 293-3191",4,Non-Profit,02/14/1989
341539,"MEDI HOME HEALTH AND HOSPICE","400 SHADOWLINE DRIVE, SUITE 102",-,BOONE,NC,28607,WATAUGA,"(828) 265-3926",4,For-Profit,11/21/1988
341540,"MADISON HOME CARE AND HOSPICE","590 MEDICAL PARK DRIVE","PO BOX 69",MARSHALL,NC,28753,MADISON,"(828) 649-9566",4,Non-Profit,06/07/1989
341541,"HEALTHKEEPERZ ,INC","1840 OWEN DRIVE #103",-,FAYETTEVILLE,NC,28304,CUMBERLAND,"(910) 860-4764",4,For-Profit,07/12/1989
341542,"TILLERY COMPASSIONATE CARE","960 NORTH FIRST ST",-,ALBEMARLE,NC,28001,STANLY,"(704) 983-4216",4,Non-Profit,08/03/1989
341545,"CRAVEN COUNTY HOSPICE","2818 NEUSE BLVD",-,"NEW BERN",NC,28560,CRAVEN,"(252) 636-4930",4,Government,11/29/1989
341546,"MOUNTAIN VALLEY HOSPICE & PALLIATIVE CARE","105 N CRUTCHFIELD STREET, UNIT 2",-,DOBSON,NC,27017,SURRY,"(336) 789-2922",4,Non-Profit,01/05/1990
341548,"CAREPARTNERS HOME CARE & HOSPICE","89 HOSPITAL DRIVE","SUITE A & B",BREVARD,NC,28712,TRANSYLVANIA,"(704) 883-5254",4,Non-Profit,10/30/1990
341550,"HAYWOOD HOSPICE AND PALLIATIVE CARE","13 HAYWOOD OFFICE PARK, SUITE 105",-,WAYNESVILLE,NC,28785,HAYWOOD,"(828) 452-5039",4,For-Profit,11/08/1990
341551,3HC,"2402 WAYNE MEMORIAL DRIVE",-,GOLDSBORO,NC,27534,WAYNE,"(919) 735-5887",4,Non-Profit,12/03/1990
341553,"HOSPICE OF DAVIDSON COUNTY/ HINKLE HOSPICE HOUSE","200 HOSPICE WAY",-,LEXINGTON,NC,27292,DAVIDSON,"(336) 475-5444",4,Non-Profit,05/01/1991
341554,"HOSPICE OF NORTH CAROLINA","75 MEDICAL PARKLANE SUITE C",-,MURPHY,NC,28906,CHEROKEE,"(828) 516-1104",4,For-Profit,09/17/1991
341555,"HOSPICE OF SCOTLAND COUNTY","610 LAUCHWOOD DR",-,LAURINBURG,NC,28353,SCOTLAND,"(910) 276-7176",4,Non-Profit,12/03/1991
341556,"RICHMOND COUNTY HOSPICE INC","1119 N US #1 HWY",-,ROCKINGHAM,NC,28379,RICHMOND,"(910) 997-4464",4,Non-Profit,12/04/1991
341559,"ALBEMARLE HOME CARE AND HOSPICE","1129 HORSESHOE ROAD",-,"ELIZABETH CITY",NC,27909,PASQUOTANK,"(252) 338-4066",4,For-Profit,01/23/1992
341560,"AMEDISYS HOSPICE","2975 CROUSE LANE",-,BURLINGTON,NC,27215,ALAMANCE,"(919) 494-3773",4,For-Profit,04/23/1992
341561,"JOHNSTON HEALTH HOME CARE AND HOSPICE","514 N BRIGHTLEAF BLVD SUITE 1502",-,SMITHFIELD,NC,27577,JOHNSTON,"(919) 938-7505",4,Other,07/22/1992
341562,"CAPE FEAR VALLEY HOSPICE AND PALLIATIVE CARE","2301 ROBESON STREET SUITE 202",-,FAYETTEVILLE,NC,28305,CUMBERLAND,"(910) 609-6710",4,For-Profit,09/17/1992
341563,"MEDI HOME HEALTH AND HOSPICE","665 CARVER DRIVE SUITE B",-,ROXBORO,NC,27573,PERSON,"(336) 597-2542",4,For-Profit,01/12/1993
341564,"HOSPICE OF YANCEY COUNTY","856 GEORGE'S FORK ROAD",-,BURNSVILLE,NC,28714,YANCEY,"(828) 682-9675",4,Non-Profit,07/29/1993
341565,"HOSPICE & PALLIATIVE CARE OF THE BLUE RIDGE, INC","236 HOSPITAL DRIVE",-,"SPRUCE PINE",NC,28777,MITCHELL,"(828) 765-5677",4,Non-Profit,08/09/1993
341569,"LIBERTY HOME CARE AND HOSPICE","420 EASTWOOD ROAD ,SUITE 102",-,WILMINGTON,NC,28403,"NEW HANOVER","(910) 251-8111",4,For-Profit,03/29/1994
341571,"CAREPARTNERS HOME CARE & HOSPICE","170 CHURCH STREET",-,FRANKLIN,NC,28734,MACON,"(828) 369-4206",4,Non-Profit,07/20/1994
341573,"CAREPARTNERS HOSPICE & PALLIATIVE CARE SERVICES","575 AIRPORT ROAD",-,MARION,NC,28752,MCDOWELL,"(828) 652-1318",4,For-Profit,03/10/1995
341575,"NOVANT HEALTH HOSPICE AND PALLIATIVE CARE A DEPARTMENT OF NOVANT HEALTH","324 N MCDOWELL STREET","PO BOX 33549, CHARLOTTE, NC 28233-3549",CHARLOTTE,NC,28204,MECKLENBURG,"(704) 384-6478",4,Non-Profit,05/23/1995
341576,GENTIVA,"2800 BREEZEWOOD AVE","SUITE 100",FAYETTEVILLE,NC,28303,CUMBERLAND,"(910) 323-9816",4,For-Profit,07/18/1995
341579,"HOSPICE OF CARTERET COUNTY","3722 BRIDGES STREET SUITE 201",-,"MOREHEAD CITY",NC,28557,CARTERET,"(252) 808-6085",4,Non-Profit,06/26/1997
341581,"KINDRED HOSPICE","1712 W HOWARD AVE",-,TARBORO,NC,27886,EDGECOMBE,"(252) 641-7518",4,For-Profit,03/21/2000
341582,"CONTINUUM HOME CARE & HOSPICE","3886 HENDERSON DRIVE",-,JACKSONVILLE,NC,28546,ONSLOW,"(910) 989-2682",4,For-Profit,05/09/2000
341583,"LIBERTY HOME CARE VI, LLC","93 NC HIGHWAY 125",-,"ROANOKE RAPIDS",NC,27870,HALIFAX,"(252) 308-0700",4,Government,09/28/2000
341584,"ADORATION HOME HEALTH AND HOSPICE","2224 CROATAN HWY, UNIT B",-,"NAGS HEAD",NC,27959,DARE,"(252) 263-5800",4,Government,04/04/2002
341585,"COMMUNITY HOME CARE & HOSPICE","52 ANNA LOUISE LANE",-,"ROANOKE RAPIDS",NC,27870,HALIFAX,"(252) 291-5353",4,For-Profit,12/16/2002
341586,"COMMUNITY HOSPICE LLC","1423-A SOUTH GLENBURNIE ROAD",-,"NEW BERN",NC,28562,CRAVEN,"(252) 672-8301",4,For-Profit,05/30/2003
341587,"HEARTLAND HOSPICE (RALEIGH )","4515 FALLS OF NEUSE ROAD, SUITE 420",-,RALEIGH,NC,27609,WAKE,"(919) 877-9959",4,For-Profit,06/05/2003
341589,"COMMUNITY HOME CARE OF VANCE COUNTY","946 W ANDREWS AVE SUITE S",-,HENDERSON,NC,27536,VANCE,"(252) 972-2200",4,For-Profit,09/14/2004
341591,"PRUITTHEALTH HOSPICE - ROCKY MOUNT","301 S CHURCH STREET, SUITE 135",-,"ROCKY MOUNT",NC,27804,EDGECOMBE,"(252) 442-9126",4,For-Profit,01/10/2006
341593,"HOSPICE OF PAMLICO COUNTY, INC","602 MAIN STREET",-,BAYBORO,NC,28515,PAMLICO,"(252) 745-5171",4,Non-Profit,06/25/2007
341594,"CONTINUUM HOME CARE & HOSPICE OF LENIOR COUNTY","704 M PLAZA BOULEVARD",-,KINSTON,NC,28501,LENOIR,"(252) 527-3786",4,For-Profit,05/03/2007
341596,"AMEDISYS HOSPICE CARE","56 THREE HUNTS DRIVE BUILDING 3",-,PEMBROKE,NC,28372,ROBESON,"(855) 809-0997",4,For-Profit,07/21/2010
341598,"AMEDISYS HOSPICE CARE","201 E WATER STREET",-,PLYMOUTH,NC,27962,WASHINGTON,"(252) 791-0490",4,For-Profit,10/23/2013
341599,"KINDRED HOSPICE","136 ROXBORO ROAD",-,OXFORD,NC,27565,GRANVILLE,"(919) 603-0126",4,For-Profit,11/24/2015
341600,"MEDI HOME HOSPICE","564 W MCLEAN STREET ,SUITE B",-,"SAINT PAULS",NC,28384,ROBESON,"(803) 957-0500",4,For-Profit,10/03/2017
341601,"NOVANT HEALTH HOSPICE","1229 STATESVILLE BLVD",-,SALISBURY,NC,28144,ROWAN,"(704) 210-7900",4,Non-Profit,12/03/2018
341602,3HC,"1367 WALTER REED ROAD STE 102",-,FAYETTEVILLE,NC,28304,CUMBERLAND,"(910) 833-2629",4,Non-Profit,10/04/2019
341603,"WELL CARE HOSPICE, INC.","146A DORNACH WAY",-,ADVANCE,NC,27006,DAVIE,"(910) 362-9405",4,For-Profit,12/04/2019
341604,"BAYADA HOSPICE","5135 MORGANTON ROAD","SUITE 102",FAYETTEVILLE,NC,28314,CUMBERLAND,"(910) 223-5369",4,Non-Profit,12/09/2020
341605,"LIBERTY HOME CARE VII, LLC","1719 QUARTER ROAD",-,SWANQUARTER,NC,27885,HYDE,"(252) 926-3715",4,For-Profit,04/29/2022
341606,"BAYADA HOME HEALTH CARE, INC","466-468 JAKE ALEXANDER BOULEVARD W.",-,SALISBURY,NC,28147,ROWAN,"(704) 797-2993",4,,08/11/2023
351500,"HIA HOSPICE","3800 56TH AVE S, STE A",-,FARGO,ND,58104,CASS,"(701) 356-1500",8,Non-Profit,11/17/1983
351502,"TRINITY HOSPITALS - HOSPICE","1015 S BROADWAY STE 306","PO BOX 5020",MINOT,ND,58701,WARD,"(701) 857-5083",8,For-Profit,03/30/1988
351504,"SANFORD HOME CARE - HOSPICE","910 18TH STREET NW",-,MANDAN,ND,58554,MORTON,"(701) 323-8400",8,Non-Profit,11/08/1990
351505,"CHI HEALTH AT HOME - HOSPICE","1301 15TH AVE W",-,WILLISTON,ND,58801,WILLIAMS,"(701) 774-7430",8,Non-Profit,02/20/1991
351506,"CHI HEALTH AT HOME","1310 EAST MAIN SUITE 339",-,BISMARCK,ND,58501,BURLEIGH,"(701) 530-4500",8,Non-Profit,05/28/1991
351507,"CHI HEALTH AT HOME - HOSPICE","986 2ND AVE W",-,DICKINSON,ND,58601,STARK,"(701) 456-4378",8,Other,12/04/1991
351509,"HEART OF AMERICA HOSPICE","406 10TH ST SE SUITE 36",-,RUGBY,ND,58368,PIERCE,"(701) 776-5261",8,Other,12/01/1993
351510,"JAMESTOWN REGIONAL MEDICAL CENTER HOSPICE","2422 20TH ST SW",-,JAMESTOWN,ND,58401,STUTSMAN,"(701) 952-4847",8,Other,07/26/1995
351511,"CHI HEALTH AT HOME - HOSPICE","367 2ND ST NW",-,"VALLEY CITY",ND,58072,BARNES,"(855) 860-3464",8,For-Profit,10/17/1995
351512,"SAKAKAWEA MEDICAL CENTER HOSPICE","903 SUNRISE DRIVE","510 8TH AVE NE - MAIL",HAZEN,ND,58545,MERCER,"(701) 748-7380",8,Other,04/02/1996
351517,"ETHOS HOSPICE","3361 45TH STREET SOUTH","SUITE 100",FARGO,ND,58104,CASS,"(701) 356-3803",8,For-Profit,04/24/2018
351518,"CARINGEDGE HOSPICE OF MINOT","800 16TH AVENUE SE",-,MINOT,ND,58701,WARD,"(701) 240-9834",8,For-Profit,04/03/2019
351519,"SANFORD FARGO HOSPICE","801 BROADWAY NORTH",-,FARGO,ND,58102,CASS,"(701) 234-7550",8,Non-Profit,02/26/2020
361501,"HOSPICE OF DAYTON","324 WILMINGTON AVENUE",-,DAYTON,OH,45420,MONTGOMERY,"(937) 256-4490",5,Non-Profit,03/20/1984
361502,"HOSPICE OF NORTHWEST OHIO","30000 EAST RIVER RD",-,PERRYSBURG,OH,43551,WOOD,"(419) 661-4001",5,Non-Profit,03/19/1984
361503,"HOSPICE OF THE WESTERN RESERVE, INC","17876 ST CLAIR AVENUE",-,CLEVELAND,OH,44110,CUYAHOGA,"(216) 383-2222",5,Non-Profit,04/06/1984
361504,"FAIRHOPE HOSPICE & PALLIATIVE CARE, INC","282 SELLS ROAD",-,LANCASTER,OH,43130,FAIRFIELD,"(740) 654-7077",5,For-Profit,12/11/1984
361505,"BRIDGE HOME HEALTH AND HOSPICE","15100 BIRCHAVEN LANE",-,FINDLAY,OH,45840,HANCOCK,"(419) 423-5351",5,Non-Profit,01/07/1985
361507,"CHP HOME CARE & HOSPICE","1159 WESTWOOD DRIVE",-,"VAN WERT",OH,45891,"VAN WERT","(419) 238-9223",5,Non-Profit,04/16/1985
361511,"HOSPICE OF GUERNSEY, INC","9711 EAST PIKE ROAD",-,CAMBRIDGE,OH,43725,GUERNSEY,"(740) 432-7440",5,Non-Profit,11/08/1985
361514,"OHIOHEALTH HOSPICE WITH COMPASSUS","800 MCCONNELL DRIVE, SUITE B",-,COLUMBUS,OH,43214,FRANKLIN,"(614) 566-5377",5,Non-Profit,06/10/1986
361516,"HOMEREACH HOSPICE","444 WEST UNION STREET, SUITE B",-,ATHENS,OH,45701,ATHENS,"(740) 331-7040",5,Non-Profit,07/26/1986
361520,"MOUNT CARMEL HOSPICE","777 WEST STATE STREET, SUITE 501",-,COLUMBUS,OH,43222,FRANKLIN,"(614) 234-0200",5,Non-Profit,08/19/1987
361521,"GENESIS HOSPICE AND PALLIATIVE CARE","713 FOREST AVENUE",-,ZANESVILLE,OH,43701,MUSKINGUM,"(740) 454-4274",5,Non-Profit,06/01/1987
361522,"VALLEY HOSPICE INC","10686 STATE ROUTE 150",-,RAYLAND,OH,43943,JEFFERSON,"(740) 859-5650",5,Non-Profit,07/23/1987
361523,"WILSON HOSPICE CARE","1083 FAIRINGTON DRIVE","915 WEST MICHIGAN STREET - MAILING ADDRESS",SIDNEY,OH,45365,SHELBY,"(937) 498-9335",5,Non-Profit,12/28/1987
361525,"HOSPICE OF CENTRAL OHIO","2269 CHERRY VALLEY ROAD SE",-,NEWARK,OH,43055,LICKING,"(740) 788-1400",5,Non-Profit,01/22/1988
361529,"EVERHEART HOSPICE","1350 NORTH BROADWAY",-,GREENVILLE,OH,45331,DARKE,"(937) 548-2999",5,Non-Profit,06/09/1988
361530,"SOUTHWEST GENERAL HOSPICE","18659 DRAKE ROAD",-,STRONGSVILLE,OH,44136,CUYAHOGA,"(440) 816-4012",5,Non-Profit,08/30/1988
361531,"HOSPICE OF CINCINNATI, INC","4310 COOPER ROAD",-,CINCINNATI,OH,45242,HAMILTON,"(513) 246-9218",5,Non-Profit,08/23/1988
361534,"MERCY MEDICAL CENTER HOME HEALTH & HOSPICE LLC","4369 WHIPPLE AVENUE NW",-,CANTON,OH,44718,STARK,"(234) 203-3223",5,For-Profit,12/28/1989
361535,"HOSPICE OF WYANDOT MEMORIAL HOSPITAL","105 HOUPT DRIVE",-,"UPPER SANDUSKY",OH,43351,WYANDOT,"(419) 294-5787",5,For-Profit,04/19/1989
361538,"HOSPICE OF THE VALLEY, INC","979 TIBBETTS WICK ROAD, SUITE A",-,GIRARD,OH,44420,MAHONING,"(330) 399-1992",5,Non-Profit,06/29/1989
361542,"STEIN HOSPICE SERVICES, INC","1200 SYCAMORE LINE",-,SANDUSKY,OH,44870,ERIE,"(419) 625-5269",5,For-Profit,01/31/1990
361543,"MERCY HEALTH - HOSPICE LIMA","545 WEST MARKET STREET, SUITE 200",-,LIMA,OH,45801,ALLEN,"(419) 226-9064",5,Non-Profit,03/13/1990
361544,"LIFECARE HOSPICE","1900 AKRON ROAD",-,WOOSTER,OH,44691,WAYNE,"(330) 264-4899",5,Non-Profit,05/14/1990
361545,"SOMC HOSPICE","2201 25TH STREET",-,PORTSMOUTH,OH,45662,SCIOTO,"(740) 356-2567",5,For-Profit,06/01/1990
361546,"AVITA HOME HEALTH AND HOSPICE","1220 NORTH MARKET STREET",-,GALION,OH,44833,CRAWFORD,"(419) 468-7985",5,Non-Profit,07/05/1990
361547,"VISTING NURSE ASSOCIATION OF CLEVELAND HOSPICE","925 KEYNOTE CIR, SUITE 300",-,"BROOKLYN HEIGHTS",OH,44131,CUYAHOGA,"(216) 902-7265",5,Non-Profit,07/06/1990
361548,"HOSPICE OF MIAMI COUNTY INC","3230 N. COUNTY ROAD 25A",-,TROY,OH,45373,MIAMI,"(937) 335-5191",5,Non-Profit,08/16/1990
361550,"UNIVERSAL HOME HEALTH & HOSPICE","921 RUSH AVE",-,BELLEFONTAINE,OH,43311,LOGAN,"(937) 593-1605",5,Non-Profit,10/16/1990
361554,"CLEVELAND CLINIC HOSPICE","6801 BRECKSVILLE ROAD, SUITE 10",-,INDEPENDENCE,OH,44131,CUYAHOGA,"(216) 444-9819",5,Non-Profit,02/15/1991
361556,"AULTMAN HOSPICE","2821 WOODLAWN AVENUE NW",-,CANTON,OH,44708,STARK,"(330) 479-2378",5,Other,09/11/1991
361558,"EMUNAH HOSPICE LLC","1 DAVID N MYERS PARKWAY",-,BEACHWOOD,OH,44122,CUYAHOGA,"(732) 335-6951",5,Non-Profit,04/17/1992
361560,"HEARTLAND HOSPICE (CINCINNATI)","3960 RED BANK ROAD, SUITE 140",-,CINCINNATI,OH,45227,HAMILTON,"(513) 831-5800",5,For-Profit,10/06/1992
361562,"VITAS HEALTHCARE CORPORATION OF OHIO","11500 NORTHLAKE DRIVE, SUITE 400",-,CINCINNATI,OH,45249,HAMILTON,"(513) 742-6310",5,For-Profit,02/10/1993
361563,"MERCY HEALTH-NEW LIFE HOSPICE","3500 KOLBE ROAD",-,LORAIN,OH,44053,LORAIN,"(440) 960-4555",5,Non-Profit,05/04/1993
361568,"LOVING CARE HOSPICE AND HOME HEALTH","56 SOUTH OAK STREET",-,LONDON,OH,43140,MADISON,"(937) 644-1928",5,Non-Profit,09/05/1993
361573,"GENTIVA I","2 EASTON OVAL, SUITE 110",-,COLUMBUS,OH,43219,FRANKLIN,"(614) 414-0500",5,For-Profit,02/16/1994
361580,"HOLZER MEDICAL CENTER HOSPICE","2881 STATE ROUTE 160",-,GALLIPOLIS,OH,45631,GALLIA,"(740) 446-5074",5,Non-Profit,12/16/1994
361582,"HEARTLAND HOSPICE (SYLVANIA)","1718 INDIAN WOOD CIRCLE, SUITE A",-,MAUMEE,OH,43537,LUCAS,"(419) 824-7400",5,Non-Profit,12/13/1994
361583,"HOSPICE OF HOPE - OHIO VALLEY","215 HUGHES BLVD",-,"MOUNT ORAB",OH,45154,BROWN,"(937) 444-4900",5,For-Profit,01/19/1995
361584,"HEARTLAND HOSPICE","4807 ROCKSIDE ROAD, SUITE 110",-,INDEPENDENCE,OH,44131,CUYAHOGA,"(216) 901-1464",5,For-Profit,03/07/1995
361587,"NATIONWIDE CHILDREN'S HOSPITAL HOMECARE","255 EAST MAIN STREET SUITE 1A",-,COLUMBUS,OH,43215,FRANKLIN,"(614) 355-1100",5,Non-Profit,05/16/1995
361589,"HEARTLAND HOSPICE","580 LINCOLN PARK BLVD, SUITE 320",-,KETTERING,OH,45429,MONTGOMERY,"(937) 299-6980",5,For-Profit,09/13/1995
361591,"ADENA HOSPICE","2077 WESTERN AVENUE",-,CHILLICOTHE,OH,45601,ROSS,"(740) 779-4663",5,Non-Profit,06/11/1996
361594,"PUTNAM COUNTY HOSPICE","575 O-G ROAD",-,OTTAWA,OH,45875,PUTNAM,"(419) 523-4449",5,Government,11/22/1996
361595,"HEARTLAND HOSPICE","907 WEST STATE STREET, SUITE A",-,FREMONT,OH,43420,SANDUSKY,"(419) 355-9209",5,For-Profit,10/01/1996
361598,"COMPASSUS - GREATER OHIO","6000 LOMBARDO CENTRE, SUITE 140",-,"SEVEN HILLS",OH,44131,CUYAHOGA,"(440) 899-7659",5,For-Profit,12/03/1996
361601,"STARSHINE HOSPICE OF CHILDRENS HOSPITAL","660 LINCOLN AVENUE",-,CINCINNATI,OH,45206,HAMILTON,"(513) 636-4663",5,Non-Profit,04/01/1997
361602,"TRADITIONS HEALTH","677 H ALPHA DRIVE, SUITE H",-,"HIGHLAND HEIGHTS",OH,44143,CUYAHOGA,"(440) 386-2500",5,Non-Profit,05/14/1997
361604,"MIRACLE CITY HOSPICE, LLC","9150 SOUTH HILLS BLVD., SUITE 100",-,"BROADVIEW HEIGHTS",OH,44147,CUYAHOGA,"(440) 397-4111",5,For-Profit,06/19/1997
361608,"SUMMA HOSPICE","1077 GORGE BLVD, SUITE A2",-,AKRON,OH,44310,SUMMIT,"(234) 200-1210",5,Other,07/01/1999
361610,"HEARTLAND HOSPICE","205 NORTH STREET",-,LUCASVILLE,OH,45648,SCIOTO,"(740) 682-0270",5,For-Profit,02/29/2000
361612,"ZUSMAN COMMUNITY HOSPICE","1151 COLLEGE AVENUE",-,COLUMBUS,OH,43209,FRANKLIN,"(614) 559-0350",5,Non-Profit,07/10/2002
361614,"CROSSROADS HOSPICE OF CINCINNATI, LLC","4380 GLENDALE MILFORD ROAD",-,CINCINNATI,OH,45242,HAMILTON,"(513) 793-5070",5,For-Profit,08/21/2003
361617,"SOUTHERN CARE YOUNGSTOWN","970 WINDHAM COURT","SUITE 9",YOUNGSTOWN,OH,44512,MAHONING,"(330) 797-8940",5,For-Profit,03/31/2004
361620,"HEARTLAND HOSPICE","4565 BEECHER CROSSING NORTH, SUITE D",-,COLUMBUS,OH,43230,FRANKLIN,"(614) 840-9856",5,For-Profit,11/23/2004
361621,"RESIDENTIAL HOSPICE NW OH","1745 INDIAN WOOD CIRCLE, SUITE 252",-,MAUMEE,OH,43537,LUCAS,"(567) 218-2075",5,For-Profit,02/08/2005
361625,"CROSSROADS HOSPICE OF NORTHEAST OHIO, LLC","3743 BOETTLER OAKS DRIVE, SUITE E",-,UNIONTOWN,OH,44685,STARK,"(330) 899-9100",5,For-Profit,09/27/2005
361626,"HOSPICE CARE OF MIDDLETOWN INC","4418 LEWIS STREET, SUITE B",-,MIDDLETOWN,OH,45044,BUTLER,"(513) 424-2273",5,Non-Profit,10/27/2005
361627,"HOSPICE OF SOUTHWEST OHIO, INC","7625 CAMARGO ROAD, SUITE 200",-,CINCINNATI,OH,45243,HAMILTON,"(513) 770-0820",5,For-Profit,12/30/2005
361629,"NATIONAL CHURCH RESIDENCES HOME AND COMMUNITY SERV","807 WESTERN AVENUE",-,CHILLICOTHE,OH,45601,ROSS,"(614) 457-6950",5,Non-Profit,03/29/2006
361631,"HOLY FAMILY HOSPICE","6707 STATE ROAD",-,PARMA,OH,44134,CUYAHOGA,"(440) 888-7722",5,Non-Profit,08/17/2006
361632,"OHIO LIVING HOSPICE GREATER COLUMBUS","9200 WORTHINGTON ROAD, SUITE 300",-,WESTERVILLE,OH,43082,FRANKLIN,"(614) 433-0031",5,For-Profit,12/27/2006
361633,"COMPASSUS - WESTERN OHIO","7755 PARAGON RD, SUITE 106",-,DAYTON,OH,45459,MONTGOMERY,"(937) 226-8611",5,For-Profit,01/04/2007
361634,"ELARA CARING","1530 WEST MARKET STREET",-,AKRON,OH,44313,SUMMIT,"(330) 864-5700",5,For-Profit,12/28/2006
361635,GENTIVA,"112 HARCOURT ROAD, SUITE 3",-,"MOUNT VERNON",OH,43050,KNOX,"(740) 263-2248",5,For-Profit,01/31/2007
361636,"GRAND LAKE HOSPICE","1122 EAST SPRING STREET",-,"SAINT MARYS",OH,45885,AUGLAIZE,"(419) 394-7434",5,Non-Profit,05/23/2007
361640,"NATIONAL CHURCH RESIDENCES H&C SERVICES CENTRAL OHIO HOSPICE","5475 RINGS ROAD, SUITE 300",-,DUBLIN,OH,43017,FRANKLIN,"(614) 457-6950",5,For-Profit,11/15/2007
361642,"MENORAH LIFE HOSPICE LLC","27100 CEDAR ROAD",-,BEACHWOOD,OH,44122,CUYAHOGA,"(216) 831-6500",5,For-Profit,03/27/2008
361644,"CONTINUUM CARE HOSPICE","12380 PLAZA DRIVE, SUITE 102",-,PARMA,OH,44130,CUYAHOGA,"(216) 898-8444",5,For-Profit,09/23/2008
361645,"GENERATION HOSPICE, LLC","43 E COLLEGE AVE",-,WESTERVILLE,OH,43081,FRANKLIN,"(740) 348-1399",5,For-Profit,10/24/2008
361646,"BELLA CARE HOSPICE","110 POLARIS PKWY, SUITE 302",-,WESTERVILLE,OH,43082,DELAWARE,"(614) 473-0044",5,For-Profit,02/25/2009
361647,"OHIO VALLEY HOSPICE","2601 MISSION POINT BLVD.",-,BEAVERCREEK,OH,45431,GREENE,"(937) 458-6028",5,For-Profit,08/31/2009
361648,"STONERISE AT HOME","187 WEST MAIN STREET, SUITE 200",-,"SAINT CLAIRSVILLE",OH,43950,BELMONT,"(740) 699-2300",5,For-Profit,09/25/2009
361649,"HOSPICE OF HUNTINGTON IN OHIO","48 PRIVATE DRIVE, COUNTY ROAD 276",-,"SOUTH POINT",OH,45680,LAWRENCE,"(740) 894-0013",5,Other,03/19/2010
361650,"MARIETTA HOME HEALTH & HOSPICE,AN AMEDISYS PARTNER","27855 STATE ROUTE 7",-,MARIETTA,OH,45750,WASHINGTON,"(740) 374-9100",5,For-Profit,04/08/2010
361651,"ASHANTI HOSPICE AND PALLIATIVE CARE","4040 INDIAN ROAD",-,"OTTAWA HILLS",OH,43606,LUCAS,"(419) 724-1200",5,Other,06/22/2010
361652,"AMEDISYS HOSPICE","52171 NATIONAL ROAD EAST, SUITE 1",-,"SAINT CLAIRSVILLE",OH,43950,BELMONT,"(740) 526-0970",5,For-Profit,06/01/2010
361653,"COMMUNITY HOSPICE OF SOUTHERN OHIO","2029 SOUTH THIRD STREET",-,IRONTON,OH,45638,LAWRENCE,"(740) 532-8841",5,Non-Profit,06/02/2010
361654,"CROSSROADS HOSPICE OF DAYTON, LLC","8069 WASHINGTON VILLAGE DRIVE",-,DAYTON,OH,45458,MONTGOMERY,"(937) 312-3170",5,For-Profit,05/26/2010
361655,"OHIO LIVING VILLAGE HOSPICE","1701 LLANFAIR AVENUE, SUITE 101",-,CINCINNATI,OH,45224,HAMILTON,"(513) 782-2546",5,Other,05/05/2011
361656,"CROSSROADS HOSPICE OF CLEVELAND, LLC","9775 ROCKSIDE ROAD, SUITE 270",-,"VALLEY VIEW",OH,44125,CUYAHOGA,"(216) 654-9300",5,Other,02/16/2011
361657,"INCARE HOSPICE, NORTHERN OHIO","600 E SMITH ROAD",-,MEDINA,OH,44256,MEDINA,"(330) 335-9999",5,For-Profit,01/27/2012
361658,"CARETENDERS HOSPICE","6000 LOMBARDO CENTER, SUITE 410",-,"SEVEN HILLS",OH,44131,CUYAHOGA,"(440) 892-6212",5,For-Profit,07/20/2011
361659,"VIAQUEST HOSPICE, LLC","16900 SQUARE DR, SUITE 100",-,MARYSVILLE,OH,43040,UNION,"(855) 289-1722",5,For-Profit,03/01/2012
361660,"VIAQUEST HOSPICE, LLC","10296 SPRINGFIELD PIKE, SUITE 550",-,CINCINNATI,OH,45215,HAMILTON,"(888) 598-7388",5,For-Profit,03/05/2012
361662,"SANCTUARY HOSPICE","6715 TIPPECANOE ROAD",-,CANFIELD,OH,44406,MAHONING,"(330) 286-3435",5,Other,03/22/2012
361664,"QUEEN CITY HOSPICE","4605 DUKE DRIVE, SUITE 220",-,MASON,OH,45040,WARREN,"(513) 510-4406",5,For-Profit,08/28/2012
361665,"WESLEY HOSPICE, LLC","4588 WESLEY WOODS BLVD, SUITE 2A",-,"NEW ALBANY",OH,43054,FRANKLIN,"(614) 451-6700",5,Other,08/01/2012
361666,"O'NEILL HEALTHCARE - HOSPICE","605 BRADLEY ROAD",-,"BAY VILLAGE",OH,44140,CUYAHOGA,"(440) 328-8141",5,For-Profit,10/26/2012
361668,"HOSPICE OF KIMES LLC","64 KIMES LANE",-,ATHENS,OH,45701,ATHENS,"(740) 593-3391",5,For-Profit,01/10/2013
361669,"COMPASSIONATE CARE HOSPICE OF OHIO LLC","61 N. CLEVELAND MASSILLON ROAD, SUITE E",-,AKRON,OH,44333,SUMMIT,"(330) 666-5242",5,Other,09/12/2012
361670,"CARING HOSPICE SERVICES OF OHIO, LLC","4700 ROCKSIDE ROAD SUITE 435",-,INDEPENDENCE,OH,44131,CUYAHOGA,"(216) 524-5500",5,Other,05/15/2013
361671,"HOSPICE OF GREATER CLEVELAND","14900 PRIVATE DRIVE",-,CLEVELAND,OH,44112,CUYAHOGA,"(216) 851-8200",5,Non-Profit,05/23/2013
361672,"CARETENDERS HOSPICE","2621 DRYDEN ROAD SUITE 204",-,MORAINE,OH,45439,MONTGOMERY,"(937) 429-3677",5,For-Profit,05/06/2013
361673,"GUARDIAN ANGEL HOME CARE AND HOSPICE OF AKRON","2641 SOUTH ARLINGTON ROAD",-,AKRON,OH,44319,SUMMIT,"(330) 493-4707",5,For-Profit,08/20/2013
361674,"WELLSPRING HOSPICE","3905 OBERLIN AVENUE",-,LORAIN,OH,44053,LORAIN,"(330) 486-6092",5,For-Profit,09/04/2013
361676,"PATHWAYS HOSPICE AND PALLIATIVE CARE","885 WEST BAGLEY ROAD",-,BEREA,OH,44017,CUYAHOGA,"(440) 835-2220",5,For-Profit,11/26/2013
361677,"OTTERBEIN HOSPICE LLC","570 NORTH STATE ROUTE 741, SUITE 218",-,LEBANON,OH,45036,WARREN,"(513) 696-8540",5,For-Profit,12/04/2013
361678,"HOSPICE OF THE WESTERN RESERVE AT UNIVERSITY HOSP","17876 ST. CLAIR AVENUE, SUITE 102",-,CLEVELAND,OH,44110,CUYAHOGA,"(216) 383-2222",5,Non-Profit,01/11/2014
361679,"KINDRED HOSPICE","4401 ROCKSIDE RD, SUITE 214",-,INDEPENDENCE,OH,44131,CUYAHOGA,"(216) 642-1297",5,For-Profit,03/18/2014
361680,"HARMONY HOSPICE CARE","25825 SCIENCE PARK DRIVE, SUITE 255",-,BEACHWOOD,OH,44122,CUYAHOGA,"(216) 232-9880",5,For-Profit,02/24/2014
361681,"CARETENDERS HOSPICE","2550 CORPORATE EXCHANGE DRIVE, SUITE 101",-,COLUMBUS,OH,43231,FRANKLIN,"(614) 210-1150",5,For-Profit,04/14/2014
361682,"JUDSON HOSPICE","2181 AMBLESIDE DRIVE",-,CLEVELAND,OH,44106,CUYAHOGA,"(216) 791-7057",5,Non-Profit,07/10/2014
361683,"ABSOLUTE HOSPICE INC","7171 KECK PARK CIRCLE NW",-,"NORTH CANTON",OH,44720,STARK,"(330) 498-8075",5,For-Profit,08/28/2014
361684,"INTERIM HEALTHCARE HOSPICE OF COSHOCTON","2806 BELL STREET",-,ZANESVILLE,OH,43701,MUSKINGUM,"(740) 623-2331",5,For-Profit,10/17/2014
361685,"HOMESTEAD HOSPICE OF OHIO, LLC","577 GRANT STREET, SUITE B",-,AKRON,OH,44311,SUMMIT,"(330) 564-1444",5,For-Profit,08/25/2014
361686,"CYPRESS HOSPICE LLC","2 BEREA COMMONS, SUITE 1",-,BEREA,OH,44017,CUYAHOGA,"(855) 324-9889",5,For-Profit,03/24/2015
361687,"BUCKEYE HOSPICE AND PALLIATIVE CARE SERVICES","1122 TAYLOR STREET",-,ZANESVILLE,OH,43701,MUSKINGUM,"(740) 281-2243",5,For-Profit,04/28/2015
361688,"GARDENS OF WESTERN RESERVE HOSPICE","3792 STATE ROAD",-,"CUYAHOGA FALLS",OH,44223,SUMMIT,"(216) 916-1110",5,For-Profit,08/10/2015
361689,"SUMMIT HOSPICE","800 YARD STREET, SUITE 300",-,"GRANDVIEW HEIGHTS",OH,43212,FRANKLIN,"(614) 370-4453",5,Non-Profit,07/20/2015
361690,"MIDWEST HOSPICE INC","7577 CENTRAL PARKE BLVD, SUITE 101",-,MASON,OH,45040,WARREN,"(513) 236-0096",5,For-Profit,12/17/2015
361691,"SERENITY HOSPICE","4491 DARROW ROAD, SUITE 1",-,STOW,OH,44224,SUMMIT,"(330) 686-9900",5,For-Profit,02/17/2016
361692,"NORTHEAST OHIO HOSPICE, INC","10204 GRANGER ROAD",-,"GARFIELD HEIGHTS",OH,44125,CUYAHOGA,"(216) 472-2684",5,Non-Profit,07/08/2016
361693,"CAPITAL HEALTH HOSPICE","3015 NEWMARK DRIVE",-,MIAMISBURG,OH,45342,MONTGOMERY,"(937) 279-0641",5,For-Profit,12/06/2016
361694,"ADORATION HOSPICE CARE OHIO LLC","6133 ROCKSIDE ROAD SUITE 20",-,INDEPENDENCE,OH,44131,CUYAHOGA,"(216) 455-0635",5,For-Profit,12/14/2016
361695,"OHIO LIVING HOSPICE - GREATER AKRON","83 N MILLER RD, SUITE 101",-,FAIRLAWN,OH,44333,SUMMIT,"(330) 873-3468",5,Non-Profit,11/07/2016
361696,"OHIO LIVING HOSPICE - GREATER YOUNGSTOWN","6715 TIPPECANOE ROAD BUILDING E SUITE 201",-,CANFIELD,OH,44406,MAHONING,"(330) 533-4350",5,Non-Profit,10/25/2016
361697,"OHIO LIVING HOSPICE - GREATER TOLEDO","1730 SOUTH REYNOLDS ROAD",-,TOLEDO,OH,43614,LUCAS,"(419) 865-1499",5,Non-Profit,09/07/2016
361698,"OHIO LIVING HOSPICE - GREATER CLEVELAND","36500 EUCLID AVE., SUITE 152",-,WILLOUGHBY,OH,44094,LAKE,"(440) 953-1256",5,Non-Profit,09/23/2016
361699,"SHRIVERS HOSPICE","2052 EAST PIKE",-,ZANESVILLE,OH,43701,MUSKINGUM,"(740) 487-1241",5,For-Profit,08/12/2017
361700,"INTERIM HEALTHCARE HOSPICE OF LIMA","3745 SHAWNEE ROAD SUITE 108",-,LIMA,OH,45806,ALLEN,"(419) 228-2535",5,For-Profit,09/19/2017
361702,"CROSSBRIDGE HOSPICE","4435 AICHOLTZ ROAD, SUITE 400",-,CINCINNATI,OH,45245,CLERMONT,"(513) 458-5545",5,For-Profit,01/08/2018
361703,"CROSSBRIDGE HOSPICE","7206 MARKET STREET, STE C",-,YOUNGSTOWN,OH,44512,MAHONING,"(330) 899-0180",5,For-Profit,02/10/2018
361704,"AVALON HOSPICE","4010 EXECUTIVE PARK DRIVE",-,CINCINNATI,OH,45241,HAMILTON,"(513) 904-6189",5,For-Profit,03/09/2018
361705,"NIVALIS HOSPICE","915 BASSETT ROAD",-,WESTLAKE,OH,44145,CUYAHOGA,"(440) 462-2600",5,For-Profit,07/16/2018
361706,"SANCTUARY HOSPICE","4660 DUKE DRIVE, SUITE 120",-,MASON,OH,45040,BUTLER,"(513) 755-0232",5,For-Profit,12/21/2018
361707,"AKESO HOME HOSPICE INC","6600 SUMMIT DRIVE",-,CANFIELD,OH,44406,MAHONING,"(330) 759-3903",5,For-Profit,06/13/2019
361708,"TRANQUILITY HOSPICE","1949 STATE ROUTE 37 W, SUITE C",-,DELAWARE,OH,43015,DELAWARE,"(740) 990-1023",5,For-Profit,10/13/2020
361709,"SPIRIT HOSPICE LLC","8849 BROOKSIDE AVENUE SUITE 101",-,"WEST CHESTER",OH,45069,BUTLER,"(513) 772-0575",5,For-Profit,01/06/2021
361710,"INTERIM HEALTHCARE HOSPICE OF DAYTON","5211 WAYNETOWNE CT, STE C",-,"HUBER HEIGHTS",OH,45424,MONTGOMERY,"(614) 436-9404",5,For-Profit,11/24/2020
361711,"KIND HEARTS HOSPICE LLC","5911 RENAISSANCE PLACE, SUITE B",-,TOLEDO,OH,43623,LUCAS,"(419) 930-5840",5,For-Profit,02/17/2021
361712,"INTERIM HEALTHCARE HOSPICE OF COLUMBUS","300 W WILSON BRIDGE RD, SUITE 250",-,COLUMBUS,OH,43085,FRANKLIN,"(614) 880-2929",5,For-Profit,04/16/2021
361713,"AFFINITY CARE OF OHIO LLC","9349 WATERSTONE BLVD, SUITE 340",-,CINCINNATI,OH,45249,HAMILTON,"(513) 997-6600",5,For-Profit,04/29/2021
361714,"CONSTELLATION HOSPICE","6690 BETA DRIVE, SUITE 118",-,"MAYFIELD VILLAGE",OH,44143,CUYAHOGA,"(216) 678-2253",5,For-Profit,08/02/2021
361715,"PARRISH PALLIATIVE AND HOSPICE CARE OF OHIO LLC","2232 CENTENNIAL ROAD",-,"SYLVANIA TOWNSHIP",OH,43617,LUCAS,"(419) 537-7600",5,For-Profit,09/20/2021
361716,"LEGACY HOSPICE INC","2615 FORT AMANDA ROAD",-,LIMA,OH,45804,ALLEN,"(567) 940-9320",5,For-Profit,11/13/2021
361717,"FIRST HEALTH HOSPICE LLC","3131 EXECUTIVE PARKWAY SUITE 106",-,TOLEDO,OH,43606,LUCAS,"(419) 214-1003",5,For-Profit,01/10/2022
361718,"ECHO HOSPICE OF OHIO LLC","690 TAYLOR ROAD, SUITE 110",-,GAHANNA,OH,43230,FRANKLIN,"(614) 929-7930",5,For-Profit,01/19/2022
361719,"FAITH & FAMILY SUPPORTIVE CARE & HOSPICE INC","630 MORRISON ROAD SUITE 310",-,GAHANNA,OH,43230,FRANKLIN,"(614) 755-2347",5,For-Profit,04/08/2022
361720,"CHERISH HOSPICE LLC","1929 E HIGH ST",-,SPRINGFIELD,OH,45505,CLARK,"(937) 355-7154",5,For-Profit,03/25/2022
361721,"SUNCREST HOSPICE","9050 CENTRE POINTE DR, SUITE 100",-,"WEST CHESTER",OH,45069,BUTLER,"(513) 577-0810",5,,06/01/2022
361722,"SUNCREST HOSPICE","7965 NORTH HIGH STREET, SUITE 100",-,COLUMBUS,OH,43235,FRANKLIN,"(614) 612-0063",5,,09/08/2022
361723,"ECHO HOSPICE OF CLEVELAND LLC","6100 ROCKSIDE WOODS BLVD N, SUITE 440",-,INDEPENDENCE,OH,44131,CUYAHOGA,"(216) 400-9055",5,,09/23/2022
361724,"CARE360 HOSPICE, LLC","3455 MILL RUN DRIVE, SUITE 900",-,HILLIARD,OH,43026,FRANKLIN,"(614) 674-3766",5,,12/22/2022
361725,"AFFINITY CARE OF NORTHERN OHIO LLC","25 S MAIN ST SUITE 6",-,"MUNROE FALLS",OH,44262,SUMMIT,"(330) 443-9800",5,,11/03/2022
361726,"SUNCREST HOSPICE CLEVELAND LLC","6500 ROCKSIDE ROAD SUITE 130",-,INDEPENDENCE,OH,44131,CUYAHOGA,"(216) 859-9020",5,,07/06/2022
361727,"ADVANTAGE HOSPICE COMPANY","4141 FULTON DRIVE NW",-,CANTON,OH,44718,-,"(234) 262-9650",5,,03/11/2023
361728,"PATRIOT HOSPICE INC","986 TIBBETS WICK ROAD SUITE 2",-,GIRARD,OH,44420,TRUMBULL,"(330) 306-9651",5,,11/17/2022
361729,"REMEMBRANCE HOSPICE MEDINA","3725 MEDINA ROAD, SUITE 113",-,MEDINA,OH,44256,-,"(330) 958-0010",5,,05/10/2023
361730,"TRANSITIONS OHIO II LLC","250 EAST WILSON BRIDGE ROAD, SUITE 110",-,WORTHINGTON,OH,43085,"FRANKLIN COUNTY","(847) 575-1505",5,,05/18/2023
361731,"CORSOCARE HOSPICE","8230 PITTSBURG AVENUE NW, SUITE 1440",-,"NORTH CANTON",OH,44720,-,"(866) 257-9773",5,,07/27/2023
361732,"CHRISTIAN VILLAGE HOSPICE","411 WESTERN ROW ROAD",-,MASON,OH,45040,-,"(513) 398-1486",5,,09/14/2023
361733,"OPTIMAL CARE HOSPICE","3550 BRIARFIELD BLVD, SUITE 300",-,MAUMEE,OH,43537,LUCAS,"(419) 452-2102",5,,04/13/2023
361734,"COMFORT HEART HOSPICE","26777 LORAIN ROAD, SUITE 615",-,"NORTH OLMSTED",OH,44070,-,"(440) 471-4078",5,,08/16/2023
361735,"LANDING HOSPICE","17325 EUCLID AVENUE SUITE 4003",-,CLEVELAND,OH,44112,CUYAHOGA,"(216) 243-9033",5,,10/02/2023
361736,"SINCERE HOSPICE LLC","20265 EMERY ROAD",-,"NORTH RANDALL",OH,44128,-,"(216) 245-9636",5,,02/15/2024
361737,"BUCKEYE HOSPICE CARE LLC","30701 LORAIN ROAD, SUITE C",-,"NORTH OLMSTED",OH,44070,-,"(440) 377-6037",5,,02/16/2024
361738,"AHC HOME HEALTH OF CLEVELAND LLC","2108 LANDER ROAD, SUITE B",-,"MAYFIELD HEIGHTS",OH,44124,-,"(440) 276-7000",5,,08/01/2024
361739,"CAWLEY HOSPICE","2730 WASHINGTON BLVD",-,BELPRE,OH,45714,-,"(740) 760-1299",5,,08/08/2024
361740,"OHIOANS HOME HEALTH & HOSPICE","28276 KENSINGTON LANE",-,PERRYSBURG,OH,43551,-,"(419) 843-4422",5,,10/03/2024
361741,"LUMINARY HOSPICE","2400 CORPORATE EXCHANGE DRIVE, SUITE 110",-,COLUMBUS,OH,43231,FRANKLIN,"(614) 695-5696",5,,08/19/2024
361742,"AHC HOME HEALTH OF CINCINNATI LLC","1400 MALLARD COVE DRIVE, SUITE 0038",-,CINCINNATI,OH,45246,HAMILTON,"(513) 832-6900",5,,08/08/2024
361743,"BETTER TOGETHER HOME HEALTH AND HOSPICE","3515 MANCHESTER ROAD, SUITE F",-,AKRON,OH,44319,-,"(330) 599-7316",5,,11/12/2024
361744,"CADRE HOSPICE - OHIO LLC","4141 ROCKSIDE RD, SUITE 210",-,"SEVEN HILLS",OH,44131,-,"(216) 298-1995",5,,02/03/2025
361745,"TOWN SQUARE HOSPICE OHIO LLC","3995 MEDINA ROAD, SUITE 210",-,MEDINA,OH,44256,-,"(330) 588-3803",5,,03/10/2025
361746,"NORTHSTAR HOME HOSPICE LLC","7265 KENWOOD RD, SUITE 250",-,CINCINNATI,OH,45236,-,"(513) 587-1990",5,,04/04/2025
361747,"CONSTELLATION HOSPICE","1929 GREGORY LANE",-,CINCINNATI,OH,45206,-,"(513) 504-4987",5,,12/13/2024
361748,"MAHOGANY HOME HEALTH AND HOSPICE LLC","2400 READING ROAD, SUITE 139",-,CINCINNATI,OH,45202,HAMILTON,"(513) 413-4132",5,,07/11/2025
361749,"TRUE BLUE HOSPICE LLC","310 FREEWALT WAY",-,"SAINT MARYS",OH,45885,AUGLAIZE,"(419) 305-3414",5,,10/22/2025
371500,"STILLWATER MEDICAL AT HOME","1311 SOUTH WESTERN ROAD",-,STILLWATER,OK,74074,PAYNE,"(405) 533-4500",6,Government,01/16/1985
371501,"HOSPICE CIRCLE OF LOVE","314 S 3RD STREET",-,ENID,OK,73701,GARFIELD,"(580) 234-2273",6,Non-Profit,04/08/1986
371503,"SAINT FRANCIS HOSPICE","6600 SOUTH YALE, SUITE 350",-,TULSA,OK,74136,TULSA,"(918) 494-6465",6,For-Profit,04/29/1987
371505,"HOSPICE OF GREEN COUNTRY, INC.","3501 SOUTH YALE AVE.",-,TULSA,OK,74135,TULSA,"(918) 747-2273",6,Non-Profit,04/07/1988
371509,"MERCY HOSPICE","4401 W MEMORIAL ROAD, SUITE 116",-,"OKLAHOMA CITY",OK,73120,OKLAHOMA,"(405) 486-8600",6,Non-Profit,03/20/1990
371510,"RUSSELL-MURRAY HOSPICE, INC","2001 PARK VIEW DRIVE",-,"EL RENO",OK,73036,CANADIAN,"(405) 262-3088",6,Non-Profit,06/18/1990
371513,"INTEGRIS HOSPICE HOUSE","5710 NW 130TH STREET",-,"OKLAHOMA CITY",OK,73142,OKLAHOMA,"(405) 848-8884",6,For-Profit,04/01/1991
371514,"HEARTLAND HOSPICE (SHAWNEE)","2802 NORTH KICKAPOO AVE",-,SHAWNEE,OK,74804,POTTAWATOMIE,"(405) 214-6442",6,For-Profit,11/13/2003
371517,"HOSPICE OF NORTH CENTRAL OKLAHOMA, INC.","445 FAIRVIEW AVENUE",-,"PONCA CITY",OK,74601,KAY,"(580) 762-9102",6,Non-Profit,04/12/1993
371519,"HOSPICE OF MCALESTER, OKLAHOMA, INC.","801 EAST WYANDOTTE",-,MCALESTER,OK,74501,PITTSBURG,"(918) 423-3911",6,Non-Profit,08/30/1993
371522,"APEX HOSPICE","8241 SOUTH WALKER AVENUE, SUITE 152",-,"OKLAHOMA CITY",OK,73139,OKLAHOMA,"(405) 848-3779",6,For-Profit,12/16/1993
371529,"NORTHEASTERN HEALTH SYSTEM SEQUOYAH","213 EAST REDWOOD",-,SALLISAW,OK,74955,SEQUOYAH,"(918) 774-1171",6,Government,06/08/1994
371532,"CARTER HEALTHCARE HOSPICE OF CENTRAL OKLAHOMA, LLC","7725 WEST RENO AVE., STE 332",-,"OKLAHOMA CITY",OK,73127,OKLAHOMA,"(405) 947-7700",6,For-Profit,11/07/1994
371538,"GOOD SHEPHERD HOSPICE, INC.","2220 OKLAHOMA AVE., STE 204",-,WOODWARD,OK,73801,WOODWARD,"(405) 943-0903",6,For-Profit,03/31/1995
371540,"JACKSON COUNTY MEMORIAL HOSPITAL AUTHORITY","1204 E TAMARACK ROAD",-,ALTUS,OK,73521,JACKSON,"(580) 379-6900",6,Government,04/13/1995
371545,"HEALTH WATCH HOSPICE OF GUYMON, LLC","1106-1110 NORTH ELLISON STREET",-,GUYMON,OK,73942,TEXAS,"(580) 338-2274",6,For-Profit,01/30/1996
371547,"CROSS TIMBERS HOSPICE, INC","207 C STREET NORTHWEST",-,ARDMORE,OK,73401,CARTER,"(580) 223-0655",6,Non-Profit,04/04/1996
371549,"INTEGRIS HOSPICE HOUSE","13920 QUAILBROOK DRIVE",-,"OKLAHOMA CITY",OK,73134,OKLAHOMA,"(405) 848-8884",6,For-Profit,09/24/1996
371553,"CHISHOLM TRAIL HOSPICE","1620 W. JONES AVE",-,DUNCAN,OK,73533,STEPHENS,"(580) 251-8764",6,Non-Profit,01/22/1997
371554,"HEART OF HOSPICE, LLC","2703 NORTH BROADWAY SUITE A",-,POTEAU,OK,74953,"LE FLORE","(918) 647-7008",6,For-Profit,03/24/1997
371560,"ELARA CARING XI","103 NORTH WALNUT ST, STE B",-,SALLISAW,OK,74955,SEQUOYAH,"(918) 775-9500",6,For-Profit,06/11/1998
371561,"SEASON'S HOSPICE, INC.","6532 E 71ST STREET, STE 101",-,TULSA,OK,74133,TULSA,"(918) 745-0222",6,Non-Profit,06/18/1998
371563,"VICTORY HOME HEALTH AND HOSPICE","750 EAST MAIN",-,TISHOMINGO,OK,73460,JOHNSTON,"(580) 371-2002",6,For-Profit,09/10/1998
371566,"CHOICE HEALTH AT HOME - HENRYETTA HOSPICE","114 S 4TH STREET",-,HENRYETTA,OK,74437,OKMULGEE,"(918) 652-3919",6,For-Profit,01/06/1999
371570,"FRONTIER HOSPICE","2782 WASHINGTON STREET, SUITE 100",-,NORMAN,OK,73069,CLEVELAND,"(405) 789-2913",6,For-Profit,04/09/1999
371574,"GOOD SHEPHERD HOSPICE, INC.","1120 NEO LOOP",-,GROVE,OK,74344,DELAWARE,"(918) 786-6182",6,For-Profit,06/23/1999
371575,"GOOD SHEPHERD HOSPICE, INC.","7645 EAST 63RD ST., STE 200",-,TULSA,OK,74133,TULSA,"(918) 743-5067",6,For-Profit,06/24/1999
371580,"CARTER HEALTHCARE HOSPICE OF NORTHEAST OKLAHOMA LLC","6630 E 121ST ST., STE 108",-,BIXBY,OK,74008,TULSA,"(918) 425-4000",6,For-Profit,11/09/1999
371581,"HOSPICE BY LOVING CARE","100 WOODBRIAR",-,NOBLE,OK,73068,CLEVELAND,"(405) 872-1515",6,For-Profit,11/02/1999
371583,"TRADITIONS HEALTH OF ELK CITY","212 S JEFFERSON AVENUE",-,"ELK CITY",OK,73644,BECKHAM,"(580) 243-5000",6,For-Profit,01/05/2000
371586,"INTEGRIS HOSPICE NORTHEAST","207 2ND AVE SW",-,MIAMI,OK,74355,OTTAWA,"(918) 542-1226",6,For-Profit,04/13/2000
371588,"HOSPICE OF THE CHEROKEE","1630 N CEDAR AVENUE",-,TAHLEQUAH,OK,74464,CHEROKEE,"(918) 458-5080",6,Other,07/13/2000
371591,"CHOICE HOSPICE OF OKLAHOMA LLC","330 S. 5TH STREET, STE 206",-,ENID,OK,73701,POTTAWATOMIE,"(580) 233-2113",6,Other,09/01/2000
371595,"GRACE HOSPICE","2508A E 71ST ST., STE 2508A",-,TULSA,OK,74136,TULSA,"(918) 744-7223",6,For-Profit,04/04/2001
371597,"ELARA CARING XXIII","2020 ARLINGTON RD., STE 5A",-,ADA,OK,74820,PONTOTOC,"(580) 322-8613",6,For-Profit,05/25/2001
371600,"TRADITIONS HEALTH OF SEMINOLE","320 N MAIN STREET",-,SEMINOLE,OK,74868,SEMINOLE,"(405) 303-2012",6,For-Profit,02/05/2002
371603,"COMPASSUS - VINITA","35904 SOUTH HIGHWAY 82",-,VINITA,OK,74301,CRAIG,"(918) 782-1414",6,For-Profit,06/21/2002
371606,"CORNERSTONE HOSPICE OF TULSA","501 EAST 5TH STREET, SUITE A",-,BARTLESVILLE,OK,74003,WASHINGTON,"(918) 213-4973",6,For-Profit,08/07/2002
371608,"LIVE WELL HOSPICE, LLC","4 E DAWES AVE",-,BIXBY,OK,74008,TULSA,"(918) 943-5416",6,For-Profit,10/23/2002
371610,"EXCELL HOSPICE","1200 SW 104TH STREET, SUITE D",-,"OKLAHOMA CITY",OK,73139,CLEVELAND,"(405) 631-0521",6,For-Profit,12/11/2002
371611,"LIFELINE HOSPICE, INC.","1701 WEST IOWA",-,CHICKASHA,OK,73018,GRADY,"(405) 222-2051",6,For-Profit,12/18/2002
371613,"COMPANION HOSPICE, L.L.C.","1314 E. OKLAHOMA AVENUE",-,GUTHRIE,OK,73044,LOGAN,"(405) 293-9000",6,For-Profit,05/22/2003
371615,"ENHABIT HOSPICE","1913 WEST TACOMA, SUITE E-F",-,"BROKEN ARROW",OK,74012,TULSA,"(918) 893-1467",6,For-Profit,05/15/2003
371616,"CARTER HEALTHCARE HOSPICE OF EAST OKLAHOMA, LLC","200 E. HARRIS CIRCLE, SUITE A",-,TAHLEQUAH,OK,74464,CHEROKEE,"(918) 458-0663",6,For-Profit,07/15/2003
371619,"ELARA CARING XXIV","328 S. 29TH STREET, SUITE 120",-,CHICKASHA,OK,73018,GRADY,"(855) 527-7473",6,For-Profit,10/08/2003
371622,"CHOICE HEALTH AT HOME - WESTERN OKLAHOMA HOSPICE","2760 WASHINGTON DRIVE, SUITE 100A",-,NORMAN,OK,73069,CLEVELAND,"(405) 928-9885",6,For-Profit,01/30/2004
371623,"ACG HOSPICE","1635 SOUTH MAIN ST",-,GROVE,OK,74344,DELAWARE,"(918) 323-0100",6,For-Profit,02/03/2004
371625,"HEARTLAND HOSPICE (MCALESTER)","500 VILLAGE BOULEVARD, SUITE C",-,MCALESTER,OK,74501,PITTSBURG,"(918) 302-0700",6,Non-Profit,03/20/2003
371629,"CHOICE HEALTH AT HOME - SOUTHEASTERN OKLAHOMA HOSPICE","117 S. BROADWAY",-,ADA,OK,74820,PONTOTOC,"(580) 332-6900",6,For-Profit,03/16/2004
371630,"TRADITIONS HEALTH OF CHICKASHA","2416 TEE CIRCLE",-,NORMAN,OK,73069,OKLAHOMA,"(405) 330-2300",6,For-Profit,03/17/2004
371634,"THE MEYER C AND IDA MILLER HOSPICE","6914 S YORKTOWN AVE, 2ND FLOOR",-,TULSA,OK,74136,TULSA,"(918) 742-6415",6,For-Profit,05/18/2004
371635,"INTERIM HEALTHCARE HOSPICE","3613 NW 56TH STREET, SUITE 385",-,"OKLAHOMA CITY",OK,73112,OKLAHOMA,"(405) 848-3555",6,For-Profit,05/19/2004
371638,"ELARA CARING XIV","4815 S HARVARD, SUITE 300A",-,TULSA,OK,74135,TULSA,"(918) 683-9400",6,For-Profit,06/03/2004
371640,"A PATH OF CARE HOSPICE IV, LLC","6202 NW OAK AVE",-,LAWTON,OK,73505,COMANCHE,"(580) 492-6166",6,For-Profit,08/11/2004
371642,"ENHABIT HOSPICE","4005 NW EXPRESSWAY, SUITE 600",-,"OKLAHOMA CITY",OK,73116,OKLAHOMA,"(405) 735-5121",6,For-Profit,09/09/2004
371643,"CARTER HEALTHCARE HOSPICE OF NORTH OKLAHOMA, LLC","210 EAST GRAHAM",-,PRYOR,OK,74361,MAYES,"(918) 373-8098",6,For-Profit,08/20/2009
371644,"LUMINOS HOSPICE","4110 S ROCKFORD AVE, SUITE 201",-,TULSA,OK,74105,TULSA,"(918) 250-5555",6,For-Profit,09/22/2004
371645,"AMEDISYS HOSPICE","5800 E SKELLY DRIVE, SUITE 174",-,TULSA,OK,74135,TULSA,"(918) 236-4866",6,For-Profit,09/24/2004
371646,"TRINITY HOSPICE","201 NW 63RD ST, STE 230",-,"OKLAHOMA CITY",OK,73116,OKLAHOMA,"(405) 594-9990",6,For-Profit,09/14/2004
371649,"OKLAHOMA PALLIATIVE & HOSPICE CARE","10317 GREENBRIAR PARKWAY",-,"OKLAHOMA CITY",OK,73159,CLEVELAND,"(405) 418-2659",6,For-Profit,10/29/2004
371650,"MAYS HOSPICE CARE, INC","2206 ROEBUCK LANE",-,HUGO,OK,74743,CHOCTAW,"(580) 298-1154",6,For-Profit,11/30/2004
371652,"CURA-HPC, LLC","4510 EAST 31ST STREET",-,TULSA,OK,74135,TULSA,"(918) 994-4807",6,For-Profit,12/08/2004
371653,"VALIR HOSPICE CARE, LLC","800 NW 6TH STREET",-,"OKLAHOMA CITY",OK,73102,OKLAHOMA,"(405) 609-3636",6,Other,12/30/2004
371654,"COMPLETE HOSPICE CARE OF OKLAHOMA CITY","1232 SW 89TH STREET, SUITE C",-,"OKLAHOMA CITY",OK,73139,CLEVELAND,"(405) 879-3470",6,For-Profit,02/10/2005
371655,"HALO HOSPICE","131 N BROADWAY",-,ADA,OK,74820,PONTOTOC,"(580) 332-8009",6,For-Profit,02/16/2005
371656,"ELARA CARING XXV","112 WEST JACKSON STREET, SUITE B",-,HUGO,OK,74743,CHOCTAW,"(580) 931-9437",6,For-Profit,02/15/2005
371657,"GENTIVA X","5110 S YALE AVE, SUITE 430",-,TULSA,OK,74135,TULSA,"(918) 493-4930",6,For-Profit,03/30/2005
371660,"ANTHEM HOSPICE","425 W. WILSHIRE BOULEVARD, SUITE C",-,"OKLAHOMA CITY",OK,73105,OKLAHOMA,"(405) 482-8965",6,Other,06/21/2005
371663,"RIVERCROSS HEALTHCARE","3654 CAMELOT DR",-,BARTLESVILLE,OK,74006,WASHINGTON,"(918) 622-9281",6,For-Profit,08/02/2005
371666,"A PATH OF CARE TENDERCARE HOSPICE","2781 WASHINGTON DR, STE 111",-,NORMAN,OK,73069,CLEVELAND,"(405) 928-9900",6,Other,11/08/2005
371667,"A PATH OF CARE HOSPICE V, LLC","1315 N WASHINGTON AVE, STE C2",-,WEATHERFORD,OK,73096,CUSTER,"(580) 248-1405",6,For-Profit,11/11/2005
371669,"TRADITIONS HEALTH OF WOODWARD","1125 40TH STREET, SUITE D",-,WOODWARD,OK,73801,WOODWARD,"(580) 254-2258",6,For-Profit,12/06/2005
371671,"ELARA CARING VII","2613 N VAN BUREN ST., STE 102",-,ENID,OK,73703,GARFIELD,"(580) 213-3334",6,For-Profit,02/15/2006
371672,"CHOICE HEALTH AT HOME - OKLAHOMA CITY HOSPICE","510 E MEMORIAL ROAD",-,EDMOND,OK,73114,OKLAHOMA,"(405) 840-7775",6,For-Profit,08/16/2006
371673,"TRADITIONS HEALTH OF EDMOND","825 S. KELLY AVENUE, SUITE 150",-,EDMOND,OK,73003,OKLAHOMA,"(888) 819-2119",6,For-Profit,10/19/2006
371676,"TRANSITIONS LIFECARE HOSPICE","6310 E 102ND STREET",-,TULSA,OK,74137,TULSA,"(918) 551-6879",6,Other,11/20/2006
371677,"COMPASSUS - OWASSO","4612 S. HARVARD AVENUE, SUITE D",-,TULSA,OK,74135,TULSA,"(918) 770-7687",6,For-Profit,12/12/2006
371678,"COMPASSUS - MUSKOGEE","1300 S. YORK STREET, UNIT 1308-A",-,MUSKOGEE,OK,74403,MUSKOGEE,"(918) 683-1582",6,For-Profit,01/31/2007
371680,"TRADITIONS HEALTH OF OKLAHOMA CITY","521 N. GRAND AVENUE",-,ENID,OK,73701,GARFIELD,"(580) 366-0120",6,For-Profit,03/15/2007
371681,"LIFESPRING HOSPICE","2411 SPRINGER DRIVE",-,NORMAN,OK,73069,CLEVELAND,"(405) 329-4545",6,For-Profit,12/21/2007
371682,"COMFORTING HANDS HOSPICE, LLC","1366 SE WASHINGTON BLVD., SUITE A",-,BARTLESVILLE,OK,74006,WASHINGTON,"(918) 331-0003",6,For-Profit,01/18/2008
371683,"RIVERCROSS HEALTHCARE","4111 S DARLINGTON AVE STE 1000",-,TULSA,OK,74135,TULSA,"(918) 622-9281",6,For-Profit,12/31/2007
371689,"A-VOW HOSPICE, INC","2400 N HEMLOCK CIRCLE",-,"BROKEN ARROW",OK,74012,TULSA,"(918) 259-0049",6,For-Profit,06/03/2009
371690,"REFUGE CARE HOSPICE","306 N MAIN, SUITE E",-,BRISTOW,OK,74010,CREEK,"(877) 914-2273",6,For-Profit,10/13/2009
371692,"COMPLETE HOSPICE CARE OF EASTERN OKLAHOMA","621 SOUTH PARK DRIVE",-,"BROKEN BOW",OK,74728,CHOCTAW,"(580) 584-6609",6,For-Profit,03/04/2010
371695,"SHEPHERD HOME HEALTH & HOSPICE, LLC","525 S 30TH STREET",-,CLINTON,OK,73601,CUSTER,"(580) 323-1580",6,For-Profit,10/12/2010
371697,"EMERALD HOSPICE II","120 S YORKSHIRE BOULEVARD",-,WAGONER,OK,74467,WAGONER,"(918) 485-0079",6,For-Profit,09/09/2011
371698,"ELK CITY COMFORTING HANDS HOSPICE LLC","401 EAST 3RD STREET",-,"ELK CITY",OK,73644,BECKHAM,"(580) 225-1738",6,Other,01/24/2012
371700,"A PATH OF CARE HOSPICE","8282 S MEMORIAL DRIVE",-,TULSA,OK,74133,TULSA,"(918) 922-8200",6,For-Profit,05/30/2013
371701,"COMPLETE HOSPICE CARE OF SOUTHERN OKLAHOMA","1 SW 11TH STREET, SUITE 120",-,LAWTON,OK,73501,COMANCHE,"(580) 351-6565",6,For-Profit,05/30/2013
371702,"CENTRIC HOSPICE","1605 N WASHINGTON AVENUE",-,DURANT,OK,74701,BRYAN,"(855) 942-3687",6,For-Profit,05/06/2013
371705,"CHOICE HEALTH AT HOME - CENTRAL OKLAHOMA HOSPICE","510 W. CHICKASHA AVENUE",-,CHICKASHA,OK,73018,GRADY,"(405) 360-2400",6,For-Profit,02/07/2014
371706,"SANS BOIS HOSPICE, LLC","901 EAST MAIN STREET, SUITE A",-,STIGLER,OK,74462,ADAIR,"(918) 967-1002",6,For-Profit,02/21/2014
371707,"EMERALD HOSPICE I","925 NW 164TH STREET, SUITE B",-,EDMOND,OK,73103,OKLAHOMA,"(405) 285-8787",6,Other,08/08/2014
371709,"MILLENNIUM HOSPICE, INC","12129 EAST SKELLY DR",-,TULSA,OK,74128,TULSA,"(918) 740-0244",6,For-Profit,06/06/2014
371710,"COMPLETE HOSPICE CARE","3109 AZALEA PARK DRIVE",-,MUSKOGEE,OK,74401,MUSKOGEE,"(918) 681-4998",6,For-Profit,09/11/2014
371711,"ACG HOSPICE III","814 W. 3RD STREET",-,"ELK CITY",OK,73644,OKLAHOMA,"(405) 418-2530",6,For-Profit,09/16/2014
371712,"GUARDIAN HOSPICE OF OKLAHOMA","2929 W UNIVERSITY BLVD",-,DURANT,OK,74701,BRYAN,"(580) 434-6336",6,For-Profit,04/25/2015
371713,"MEMORIAL HOSPICE","602 SE WALLOCK ST",-,LAWTON,OK,73501,COMANCHE,"(580) 585-5575",6,Government,07/16/2015
371714,"CHOICE HEALTH AT HOME - SAPULPA TULSA HOSPICE","8010 S 101ST EAST AVENUE, SUITE 200",-,TULSA,OK,74133,TULSA,"(918) 512-8388",6,For-Profit,03/18/2016
371715,"TRADITIONS HEALTH OF TULSA","2221 EAST SKELLY DRIVE",-,TULSA,OK,74105,TULSA,"(888) 819-2119",6,For-Profit,05/20/2016
371717,"SOUTHEAST HOSPICE","901 E VAN BUREN",-,MCALESTER,OK,74501,PITTSBURG,"(918) 302-3053",6,Government,02/23/2018
371718,"MERCY HOSPICE CAMERON","25520 OLD HIGHWAY 112",-,CAMERON,OK,74932,"LE FLORE","(479) 484-5511",6,For-Profit,01/11/2018
371719,"ALLIED HOSPICE, LLC","500 N POPLAR AVE",-,"BROKEN ARROW",OK,74012,TULSA,"(918) 742-4269",6,For-Profit,08/15/2018
371720,"VIALIFE HOSPICE LLC","100 S ROWE ST.",-,PRYOR,OK,74361,MAYES,"(918) 824-9600",6,Other,05/22/2019
371721,"SEASONS HOSPICE","1903 NORTH MAIN STREET",-,MUSKOGEE,OK,74401,MUSKOGEE,"(918) 910-5018",6,For-Profit,03/25/2020
371722,"SUNCREST HOSPICE","6301 WATERFORD BLVD, STE 404",-,"OKLAHOMA CITY",OK,73118,OKLAHOMA,"(405) 578-9710",6,Other,01/30/2020
371723,"COMFORTING HANDS HOSPICE OF SOUTHWEST OKLAHOMA, LLC","2029 W ELK AVE",-,DUNCAN,OK,73533,STEPHENS,"(580) 786-0745",6,For-Profit,01/27/2020
371724,"CARING HEARTS HOSPICE INC","17330 N MAY AVE",-,EDMOND,OK,73012,OKLAHOMA,"(405) 849-6111",6,For-Profit,06/12/2020
371725,"1ST CHOICE HOSPICE CARE","1211 N SHARTEL AVENUE, SUITE 905B",-,"OKLAHOMA CITY",OK,73103,OKLAHOMA,"(405) 768-2073",6,For-Profit,12/09/2020
371726,"GOOD SHEPHERD HOSPICE OF ARDMORE, LLC","1505 NORTH COMMERCE, SUITE 104",-,ARDMORE,OK,73401,CARTER,"(580) 798-6116",6,For-Profit,06/20/2021
371727,"COMFORTING HANDS HOSPICE OF GROVE","1015 SOUTH MAIN STREET",-,GROVE,OK,74344,DELAWARE,"(918) 786-0441",6,Other,11/10/2021
371728,"CURA-HPC EDMOND","9012 NORTH KELLY AVENUE",-,"OKLAHOMA CITY",OK,73131,OKLAHOMA,"(405) 906-3880",6,Other,12/13/2021
371729,"SUNCREST HOSPICE","4555 S HARVARD AVE, SUITE C",-,TULSA,OK,74135,TULSA,"(918) 221-6366",6,For-Profit,02/17/2022
371730,"ACG HOSPICE II","11600 BROADWAY EXTENSION, STE 220",-,"OKLAHOMA CITY",OK,73114,OKLAHOMA,"(405) 242-2788",6,For-Profit,01/31/2022
371731,"SSM HEALTH AT HOME HOSPICE - OKLAHOMA","601 NW 11TH STREET, SUITE 200",-,"OKLAHOMA CITY",OK,73103,OKLAHOMA,"(405) 231-3755",6,Non-Profit,05/26/2022
371732,"BRISTOL HOSPICE-OKLAHOMA, L.L.C.","4005 NW EXPRESSWAY, SUITE 500 E",-,"OKLAHOMA CITY",OK,73116,OKLAHOMA,"(405) 839-7100",6,,12/01/2022
371733,"AFFINITY CARE OF OKLAHOMA LLC","5627 NORTH CLASSEN BLVD., SUITE 100",-,"OKLAHOMA CITY",OK,73118,OKLAHOMA,"(405) 900-7770",6,,01/19/2023
371734,"PROVIDENCE HOSPICE CARE","2831 NW 59TH STREET",-,"OKLAHOMA CITY",OK,73112,OKLAHOMA,"(405) 467-7423",6,,11/17/2022
371735,"LEGACY FAMILY HOSPICE, LLC","13104 N MACARTHUR BLVD, STE A",-,"OKLAHOMA CITY",OK,73142,OKLAHOMA,"(405) 832-0150",6,,02/25/2023
371736,"ANGELS CARE HOSPICE","1151 S ASPEN AVE",-,"BROKEN ARROW",OK,74012,TULSA,"(918) 215-4751",6,,05/02/2023
371737,"SIGNATURE HOSPICE LLC","617 S AIR DEPOT BLVD",-,"MIDWEST CITY",OK,73110,OKLAHOMA,"(405) 446-0103",6,,09/12/2023
371738,"HIGH PLAINS HOSPICE, LLC","623 AVENUE C",-,BEAVER,OK,74133,BEAVER,"(580) 527-1569",6,,10/26/2023
371739,"TRUHEART HOSPICE LLC","2738 EAST 51ST ST, STE 140",-,TULSA,OK,74105,TULSA,"(918) 779-7584",6,,03/08/2024
371740,"CURA-HPC EASTOK, LLC","131 EAST CHICKASAW AVE",-,SALLISAW,OK,74955,SEQUOYAH,"(918) 571-9920",6,,03/22/2024
371741,"COHESIVE HEALTHCARE","43155 45TH STREET",-,SHAWNEE,OK,74804,POTTAWATOMIE,"(405) 309-3950",6,,06/10/2024
371742,"CIRCLE OF LIFE HOME HEALTH & HOSPICE LLC","8524 S WESTERN, STE 109",-,"OKLAHOMA CITY",OK,73139,-,"(405) 915-7245",6,,03/26/2024
371743,"WALKER COMPANION SERVICES, LLC","941 E CHERRY ST",-,CUSHING,OK,74023,PAYNE,"(918) 223-9503",6,,06/03/2024
371744,"LIFECARE HOSPICE, LLC","1900 E 15TH ST, STE 500C",-,EDMOND,OK,73013,OKLAHOMA,"(844) 329-4545",6,,06/25/2024
371745,"OLDHAM HOSPICE SERVICES LLC","801 W MAIN ST, STE D",-,STIGLER,OK,74462,HASKELL,"(918) 552-8066",6,,11/21/2024
371746,"HEART TO HEART HOSPICE OF SOUTHEAST OKLAHOMA, LLC","720 BRYAN DRIVE, STE B",-,DURANT,OK,74701,BRYAN,"(580) 634-7127",6,,12/26/2024
371747,"MONARCH HOSPICE OF OKLAHOMA LLC","3840 SOUTH 103RD EAST, STE 223",-,TULSA,OK,74146,TULSA,"(539) 202-1500",6,,06/11/2025
371748,"BRIGHT HEART HOSPICE LLC","749 W NEW ORLEANS ST",-,"BROKEN ARROW",OK,74011,TULSA,"(918) 957-4080",6,,07/23/2025
371749,"SPANISH COVE AT HOME","1306 REDBUD AVE",-,YUKON,OK,73099,CANADIAN,"(572) 522-0293",6,,11/12/2025
371750,"ABIDING HOSPICE, LLC","4323 NW 63RD ST, STE 232",-,"OKLAHOMA CITY",OK,73116,OKLAHOMA,"(405) 607-2302",6,,11/19/2025
381500,"PROVIDENCE HOSPICE","6410 NE HALSEY STREET, SUITE 300",-,PORTLAND,OR,97213,MULTNOMAH,"(503) 215-2273",10,Other,04/01/1984
381501,"CASCADE HEALTH","2650 SUZANNE WAY, SUITE 200",-,EUGENE,OR,97408,LANE,"(541) 228-3050",10,Non-Profit,05/03/1984
381502,"KAISER PERMANENTE CONTINUING CARE SERVICES HOSPICE","500 NE MULTNOMAH STREET",-,PORTLAND,OR,97232,MULTNOMAH,"(503) 499-5200",10,For-Profit,10/22/1984
381503,"MT. HOOD HOSPICE, INC.","39085 PIONEER BOULEVARD, SUITE 1018",-,SANDY,OR,97055,CLACKAMAS,"(503) 668-5545",10,For-Profit,02/06/1987
381505,"LEGACY HOSPICE SERVICES","6475 SW BORLAND ROAD, SUITE J",-,TUALATIN,OR,97062,MULTNOMAH,"(503) 220-1000",10,Non-Profit,04/08/1988
381506,"PROVIDENCE MEDFORD HOSPICE","2033 COMMERCE DRIVE",-,MEDFORD,OR,97501,JACKSON,"(541) 732-6504",10,Non-Profit,06/27/1988
381507,"ADVENTIST HEALTH HOSPICE","5835 NE 122ND AVENUE, SUITE 160",-,PORTLAND,OR,97230,MULTNOMAH,"(503) 251-6192",10,Non-Profit,05/22/1989
381509,"ST. CHARLES HOSPICE","2275 NE DOCTORS DRIVE, SUITE 4",-,BEND,OR,97701,DESCHUTES,"(541) 706-6700",10,Non-Profit,01/19/1990
381510,"CARE PARTNERS","12670 NW BARNES ROAD, SUITE 100",-,PORTLAND,OR,97229,WASHINGTON,"(503) 648-9565",10,Non-Profit,02/28/1990
381512,"HOSPICE OF REDMOND","732 SW 23RD STREET",-,REDMOND,OR,97756,DESCHUTES,"(541) 548-7483",10,Non-Profit,06/20/1990
381515,"PARTNERS IN CARE","2075 NE WYATT COURT, BUILDING B",-,BEND,OR,97701,DESCHUTES,"(541) 382-5882",10,Non-Profit,11/21/1990
381516,"WILLAMETTE VITAL HEALTH","1015 3RD STREET NW",-,SALEM,OR,97304,POLK,"(503) 588-3600",10,Non-Profit,08/19/2011
381517,"SAMARITAN EVERGREEN HOSPICE","4600 EVERGREEN PLACE, SE",-,ALBANY,OR,97322,LINN,"(541) 812-4662",10,Non-Profit,02/06/1991
381518,"AMEDISYS HOSPICE CARE","1813 WEST HARVARD AVENUE, SUITE 220",-,ROSEBURG,OR,97471,DOUGLAS,"(541) 440-2583",10,For-Profit,02/28/1991
381519,"LUMINA HOSPICE AND PALLIATIVE CARE","720 SW 4TH STREET",-,CORVALLIS,OR,97333,BENTON,"(541) 757-9616",10,Non-Profit,03/13/1991
381520,"LOWER COLUMBIA HOSPICE","2120 EXCHANGE STREET, SUITE 203",-,ASTORIA,OR,97103,CLATSOP,"(503) 338-6230",10,Non-Profit,05/29/1991
381521,"MERCY MEDICAL CENTER HOSPICE","2675 NW EDENBOWER BOULEVARD",-,ROSEBURG,OR,97471,DOUGLAS,"(541) 677-2384",10,Non-Profit,10/23/1991
381524,"PACIFIC HOME HEALTH & HOSPICE","375 PARK AVENUE, SUITE 6",-,"COOS BAY",OR,97420,COOS,"(541) 266-7005",10,For-Profit,06/05/1992
381525,"HARNEY COUNTY HOSPICE","415 NORTH FAIRVIEW AVENUE",-,BURNS,OR,97720,HARNEY,"(541) 573-8360",10,Government,12/16/1992
381527,"ASANTE HOSPICE","209 NORTH PACIFIC HIGHWAY",-,TALENT,OR,97540,JACKSON,"(541) 789-5005",10,Non-Profit,05/20/1993
381529,"SACRED HEART HOSPICE","123 INTERNATIONAL WAY, OFFICE B",-,SPRINGFIELD,OR,97477,LANE,"(458) 205-7400",10,Non-Profit,01/12/1994
381530,"SOUTH COAST HOSPICE","1620 THOMPSON ROAD",-,"COOS BAY",OR,97420,COOS,"(541) 269-2986",10,Non-Profit,06/24/1994
381533,"KLAMATH HOSPICE, INC.","2751 WASHBURN WAY",-,"KLAMATH FALLS",OR,97603,KLAMATH,"(541) 882-2902",10,Non-Profit,07/06/1995
381534,"COASTAL HOME HEALTH & HOSPICE","585 5TH STREET",-,BROOKINGS,OR,97415,CURRY,"(541) 469-0405",10,Non-Profit,09/06/1995
381539,"HEART 'N HOME HOSPICE & PALLIATIVE CARE, LLC","1550 NE WILLIAMSON BOULEVARD, SUITE 120",-,BEND,OR,97701,DESCHUTES,"(541) 508-4036",10,For-Profit,07/02/1997
381543,"VANGE JOHN MEMORIAL HOSPICE","645 W ORCHARD AVENUE, SUITE 500",-,HERMISTON,OR,97838,UMATILLA,"(541) 667-3469",10,Non-Profit,11/13/1998
381546,"PIONEER MEMORIAL HOSPICE","162 N MAIN STREET",-,HEPPNER,OR,97836,MORROW,"(541) 676-2946",10,Other,10/25/2002
381548,"TRADITIONS HEALTH","919 NE 19TH STREET, SUITE 160N",-,PORTLAND,OR,97232,MULTNOMAH,"(877) 263-7776",10,For-Profit,07/01/2004
381551,"BRISTOL HOSPICE - KLAMATH FALLS","2210 SHALLOCK AVENUE",-,"KLAMATH FALLS",OR,97601,KLAMATH,"(541) 882-1636",10,For-Profit,05/18/2005
381552,"BLUE MOUNTAIN HOSPICE","422 WEST MAIN STREET",-,"JOHN DAY",OR,97845,GRANT,"(541) 575-1648",10,"Combination Government & Non-Profit",07/28/2005
381553,"NORTHWEST HOSPICE, LLC","7632 SW DURHAM RD, STE 105",-,TIGARD,OR,97224,WASHINGTON,"(800) 936-4756",10,For-Profit,02/22/2006
381554,"BRISTOL HOSPICE","407 PORTWAY AVENUE, SUITE 201",-,"HOOD RIVER",OR,97031,"HOOD RIVER","(541) 386-1942",10,For-Profit,03/01/2007
381555,"SERENITY HOSPICE","11481 SW HALL BOULEVARD, SUITE 200",-,TIGARD,OR,97223,WASHINGTON,"(503) 639-0600",10,For-Profit,03/28/2007
381556,"HOUSECALL PROVIDERS HOSPICE","5100 S MACADAM AVENUE, SUITE 200",-,PORTLAND,OR,97239,MULTNOMAH,"(971) 202-5501",10,Non-Profit,10/27/2009
381559,"BRISTOL HOSPICE OREGON LLC","12550 SE 93RD AVENUE, SUITE 200",-,CLACKAMAS,OR,97015,CLACKAMAS,"(503) 698-8911",10,For-Profit,11/20/2012
381560,"SIGNATURE HEALTHCARE AT HOME","834 S. FRONT STREET",-,"CENTRAL POINT",OR,97502,JACKSON,"(541) 664-7400",10,For-Profit,03/02/2015
381561,"ACCENTCARE HOSPICE & PALLIATIVE CARE OF OREGON","6500 S MACADAM AVENUE, SUITE 160",-,PORTLAND,OR,97239,MULTNOMAH,"(503) 265-6600",10,Other,01/27/2015
381563,"SIGNATURE HEALTHCARE AT HOME","7632 SW DURHAM ROAD, SUITE 130",-,TIGARD,OR,97224,MULTNOMAH,"(503) 261-8599",10,For-Profit,03/16/2016
381564,"SERENITY HOSPICE","3501 FAIRVIEW DRIVE SE, SUITE 140",-,SALEM,OR,97302,MARION,"(503) 991-5228",10,For-Profit,01/26/2016
381565,"BRIGHTON HOSPICE","8050 SW WARM SPRINGS STREET, SUITE 205",-,TUALATIN,OR,97062,CLACKAMAS,"(503) 430-7699",10,For-Profit,01/30/2017
381566,"PINNACLE HOSPICE CARE OF PORTLAND","10570 SE WASHINGTON STREET, SUITE 207",-,PORTLAND,OR,97216,MULTNOMAH,"(503) 236-7454",10,Non-Profit,08/10/2017
381567,"SERENITY HOSPICE","1020 GREEN ACRES ROAD, SUITE 12",-,EUGENE,OR,97408,LANE,"(458) 205-5166",10,For-Profit,11/13/2018
381568,"BRISTOL HOSPICE - EUGENE LLC","400 INTERNATIONAL WAY, SUITE 200",-,SPRINGFIELD,OR,97477,LANE,"(541) 844-0151",10,For-Profit,10/10/2018
381569,"ASSURED HOSPICE","9320 SW BARBUR BOULEVARD, SUITE 330",-,PORTLAND,OR,97219,CLACKAMAS,"(503) 570-9766",10,For-Profit,07/01/2019
381570,"FOREST PARK HEALTHCARE AT HOME","6600 SW 92ND AVENUE, SUITE 230",-,PORTLAND,OR,97223,MULTNOMAH,"(971) 415-0100",10,For-Profit,08/02/2019
381571,"TENDERLY HOSPICE","7150 SW HAMPTON STREET, SUITE 200",-,TIGARD,OR,97223,MULTNOMAH,"(971) 373-9429",10,For-Profit,04/01/2020
381572,"BRISTOL HOSPICE- ROGUE VALLEY, LLC","1867 WILLIAMS HIGHWAY, SUITE 110",-,"GRANTS PASS",OR,97527,JOSEPHINE,"(458) 212-3422",10,For-Profit,05/05/2020
381573,"BRIGHTON HOSPICE","1600 VALLEY RIVER DRIVE SUITE 220",-,EUGENE,OR,97401,LANE,"(801) 996-3217",10,For-Profit,01/22/2021
381574,"VISTARIVER HOSPICE","9126 SW RIDDER ROAD",-,WILSONVILLE,OR,97070,CLACKAMAS,"(503) 542-7090",10,For-Profit,07/28/2021
381575,"GRACIOUS CARE HOSPICE","8196 SW HALL BOULEVARD, SUITE 101, 3RD FLOOR",-,BEAVERTON,OR,97008,WASHINGTON,"(503) 893-9866",10,For-Profit,09/20/2021
381576,"SIGNATURE HEALTHCARE AT HOME","1200 EXECUTIVE PARKWAY, SUITE 400",-,EUGENE,OR,97401,LANE,"(541) 689-3508",10,For-Profit,07/19/2021
381577,"AGAPE HOSPICE NW","10163 SE SUNNYSIDE ROAD, SUITE 340",-,CLACKAMAS,OR,97015,WASHINGTON,"(503) 628-9595",10,For-Profit,06/20/2022
381578,"BRISTOL HOSPICE - BEND, LLC","563 SW 13TH STREET, SUITE 101",-,BEND,OR,97702,DESCHUTES,"(541) 550-1155",10,For-Profit,05/24/2022
381579,"EDEN HOSPICE","221 MOLALLA AVENUE, SUITE 102 & 120",-,"OREGON CITY",OR,97045,CLACKAMAS,"(971) 256-6642",10,For-Profit,06/08/2022
381580,"SIGNATURE HEALTHCARE AT HOME","454 NE REVERE AVENUE",-,BEND,OR,97701,DESCHUTES,"(541) 527-1703",10,For-Profit,07/21/2022
381581,"HEART 2 HEART HOSPICE CARE LLC","14020 SE JOHNSON ROAD, SUITE 101",-,PORTLAND,OR,97267,MULTNOMAH,"(503) 252-5676",10,,11/10/2022
381582,"RIVERSIDE HOSPICE","402 SE G STREET",-,"GRANTS PASS",OR,97526,JOSEPHINE,"(541) 476-1583",10,,02/21/2023
381583,"SIGNATURE HEALTHCARE AT HOME","794 SE HIGHWAY 101",-,"LINCOLN CITY",OR,97367,LINCOLN,"(541) 264-7823",10,,12/13/2022
381584,"BELOVED HOSPICE, INC","25195 SW PARKWAY AVENUE #200",-,WILSONVILLE,OR,97070,CLACKAMAS,"(971) 236-1199",10,,08/09/2023
381585,"PRIMROSE HOSPICE CARE, INC","4850 SW SCHOLLS FERRY ROAD, SUITE 304",-,PORTLAND,OR,97225,WASHINGTON,"(971) 308-5654",10,,05/15/2023
381586,"ROYAL HOSPICE CARE","18615 WILLAMETTE DRIVE SUITE 100",-,"WEST LINN",OR,97068,CLACKAMAS,"(503) 406-2256",10,,07/12/2023
381587,"AGERIGHT HOSPICE","4560 SE INTERNATIONAL WAY, SUITE 100",-,MILWAUKIE,OR,97222,CLACKAMAS,"(971) 206-5152",10,,09/26/2023
381588,"ENGRACE HOSPICE","512 SW QUINNEY PLACE",-,PENDLETON,OR,97801,UMATILLA,"(541) 263-7494",10,,07/17/2023
381589,"FIRST CALL HOSPICE LLC","2608 CASCADIA INDUSTRIAL STREET SE",-,SALEM,OR,97302,MARION,"(503) 371-4567",10,,10/01/2024
381590,"SOLTERRA HOSPICE CORPORATION","3000 MARKET STREET NE","SUITE 268",SALEM,OR,97301,MARION,"(971) 443-5037",10,,03/24/2025
381591,"EVERLIGHT HOSPICE LLC","29100 SW TOWN CENTER LOOP, SUITE 130",-,WILSONVILLE,OR,97070,CLACKAMAS,"(503) 908-6005",10,,10/03/2025
391501,"PENN MEDICINE HOSPICE","150 MONUMENT ROAD SUITE 600",-,"BALA CYNWYD",PA,19004,MONTGOMERY,"(610) 617-2400",3,Non-Profit,11/01/1983
391502,"CHANDLER HALL HEALTH SERVICES INC","99 BARCLAY STREET",-,NEWTOWN,PA,18940,BUCKS,"(215) 860-4000",3,Non-Profit,01/17/2003
391505,"FAMILY HOSPICE","20 SHERATON DRIVE",-,ALTOONA,PA,16601,BLAIR,"(814) 946-5411",3,Non-Profit,12/21/1983
391507,"VNA HOSPICE, WESTERN PA","154 HINDMAN ROAD",-,BUTLER,PA,16001,BUTLER,"(724) 431-3501",3,Non-Profit,05/29/1984
391510,"VNA OF NORTHWEST PA, LLC","44 BOLIVAR ROAD",-,BRADFORD,PA,16701,MCKEAN,"(814) 362-7466",3,For-Profit,08/16/1984
391511,"VNA FAMILY HOSPICE","850 HOSPITAL ROAD SUITE 3000",-,INDIANA,PA,15701,INDIANA,"(724) 463-6340",3,Non-Profit,05/23/1985
391513,"FAMILY HOSPICE","1100 GRAMPIAN BOULEVARD, FOUR SOUTH AND GATEHOUSE",-,WILLIAMSPORT,PA,17701,LYCOMING,"(570) 320-7690",3,Non-Profit,09/20/1985
391514,"HOLY REDEEMER HOSPICE - PA","12265 TOWNSEND ROAD SUITE 400",-,PHILADELPHIA,PA,19154,PHILADELPHIA,"(215) 698-3724",3,Non-Profit,09/23/1985
391515,"CHOICES HEALTHCARE","685 GOOD DRIVE, P.O. BOX 4125",-,LANCASTER,PA,17604,LANCASTER,"(717) 295-3900",3,Non-Profit,11/01/1985
391518,"CENTRE CROSSINGS HOSPICE","2437 COMMERCIAL BOULEVARD, SUITE 6",-,"STATE COLLEGE",PA,16801,CENTRE,"(814) 237-7400",3,Non-Profit,05/22/1986
391519,"CONCORDIA HOSPICE OF WASHINGTON","131 HILLPOINTE DRIVE",-,CANONSBURG,PA,15317,WASHINGTON,"(724) 250-4500",3,Non-Profit,11/26/1986
391521,"LEHIGH VALLEY HOSPICE","2024 LEHIGH STREET",-,ALLENTOWN,PA,18103,LEHIGH,"(610) 402-7800",3,Non-Profit,04/23/1987
391523,"POCONO HEALTH SYSTEM VISITING NURSE & HOSPICE CARE","502 VNA ROAD",-,"EAST STROUDSBURG",PA,18301,MONROE,"(570) 421-5390",3,Non-Profit,07/10/1987
391524,"JEFFERSON HEALTH AT HOME BY BAYADA","601 DRESHER ROAD SUITE 250",-,HORSHAM,PA,19044,MONTGOMERY,"(215) 481-5800",3,Non-Profit,10/23/1987
391533,"GEISINGER HOSPICE","74 SCHOOL HOUSE ROAD SUITE 104",-,DANVILLE,PA,17821,MONTOUR,"(570) 784-1723",3,For-Profit,01/23/1989
391535,"ST LUKE'S HOSPICE","240 UNION STATION PLAZA",-,BETHLEHEM,PA,18015,LEHIGH,"(484) 526-1100",3,Non-Profit,03/30/1989
391536,"TOWER HEALTH AT HOME - BERKS","739 READING AVENUE VF BUILDING, 202 3RD FLOOR",-,READING,PA,19611,BERKS,"(610) 378-0481",3,Non-Profit,04/27/1989
391540,"HOSPICE OF CRAWFORD COUNTY INC","766 LIBERTY STREET",-,MEADVILLE,PA,16335,CRAWFORD,"(814) 333-5403",3,Non-Profit,07/28/1989
391541,"WINDBER HOSPICE","600 SOMERSET AVE",-,WINDBER,PA,15963,SOMERSET,"(814) 467-3711",3,Non-Profit,02/27/2003
391542,"PENN HIGHLANDS COMMUNITY NURSES","1033 TURNPIKE AVENUE","SUITE 202",CLEARFIELD,PA,16830,CLEARFIELD,"(814) 768-2012",3,Non-Profit,12/07/1989
391544,"AMEDISYS HOSPICE OF PA","649 CHERRY TREE LANE",-,UNIONTOWN,PA,15401,FAYETTE,"(724) 439-4440",3,For-Profit,01/12/1990
391545,"WELLSPAN HOSPICE SERVICES","235 HOSPITAL DRIVE",-,LEWISBURG,PA,17837,UNION,"(570) 522-2550",3,Non-Profit,02/05/1990
391546,"PENN MEDICINE HOSPICE DOYLESTOWN","4259 WEST SWAMP ROAD SUITE 204",-,DOYLESTOWN,PA,18902,BUCKS,"(215) 345-2202",3,Non-Profit,06/21/1990
391548,"HOSPICE PROGRAM/VNA OF HANOVER AND SPRING GROVE","440 NORTH MADISON STREET",-,HANOVER,PA,17331,YORK,"(717) 637-1227",3,Non-Profit,10/26/1990
391550,"SPIRITRUST LUTHERAN HOME CARE & HOSPICE","2700 LUTHER DRIVE",-,CHAMBERSBURG,PA,17201,FRANKLIN,"(717) 264-8178",3,Non-Profit,12/19/1990
391551,"HOSPICE OF WARREN COUNTY","1 MAIN AVENUE",-,WARREN,PA,16365,WARREN,"(814) 723-2455",3,For-Profit,01/21/1991
391552,"MEMORIAL WHITE ROSE HOSPICE","224 SAINT CHARLES WAY SUITE 100",-,YORK,PA,17402,YORK,"(717) 900-6871",3,For-Profit,05/16/1991
391557,"GRAND VIEW HOSPICE","4 LIFE MARK DRIVE",-,SELLERSVILLE,PA,18960,BUCKS,"(215) 453-4210",3,Non-Profit,11/08/1991
391561,"WELLSPAN VNA HOME CARE","1503 QUENTIN ROAD",-,LEBANON,PA,17042,LEBANON,"(717) 270-7672",3,Non-Profit,08/28/1992
391562,"PENN HIGHLANDS COMMUNITY NURSES","757 JOHNSONBURG ROAD SUITE 200",-,"SAINT MARYS",PA,15857,ELK,"(814) 781-1415",3,Non-Profit,11/18/1992
391564,"GUTHRIE HOSPICE","421 TOMAHAWK ROAD",-,TOWANDA,PA,18848,BRADFORD,"(570) 265-8615",3,Non-Profit,11/10/1992
391565,"CONEMAUGH REGIONAL HOSPICE","210 INDUSTRIAL PARK ROAD SUITE 150",-,JOHNSTOWN,PA,15904,CAMBRIA,"(814) 534-6100",3,For-Profit,01/05/1993
391566,"CROSSINGS HOSPICE","21 WEST INDEPENDENCE STREET",-,SHAMOKIN,PA,17872,NORTHUMBERLAND,"(570) 648-8989",3,Non-Profit,02/02/1993
391570,"HEARTLAND HOSPICE (PHILADELPHIA)","333 E CITY AVENUE SUITE 401",-,"BALA CYNWYD",PA,19004,MONTGOMERY,"(610) 941-6700",3,For-Profit,05/26/1993
391571,"VITAS HEALTHCARE CORPORATION ATLANTIC","1787 SENTRY PARKWAY WEST SUITE 400",-,"BLUE BELL",PA,19422,MONTGOMERY,"(215) 542-3000",3,For-Profit,07/12/1993
391572,"RESIDENTIAL HEALTHCARE OF NE PA, LLC","50 GLENMAURA NATIONAL BLVD SUITE 202",-,MOOSIC,PA,18507,LACKAWANNA,"(888) 923-5842",3,For-Profit,08/11/1993
391576,"CLARION FOREST VNA HOSPICE","271 PERKINS ROAD",-,CLARION,PA,16214,CLARION,"(814) 297-8400",3,Non-Profit,03/10/1994
391581,"VNA HOSPICE SERVICES OF ERIE COUNTY","2253 WEST GRANDVIEW BOULEVARD",-,ERIE,PA,16506,ERIE,"(814) 454-2831",3,Non-Profit,05/18/1994
391583,"MAIN LINE HEALTH HOMECARE & HOSPICE - HOSPICE","240 RADNOR CHESTER ROAD, SUITE 100",-,RADNOR,PA,19087,CHESTER,"(484) 580-1400",3,Non-Profit,07/14/1994
391591,"ADVANTAGE HOME HEALTH AND HOSPICE","1502 ROUTE 61 HIGHWAY SOUTH",-,POTTSVILLE,PA,17901,SCHUYLKILL,"(570) 668-6300",3,For-Profit,11/21/1994
391592,"ALL CARE HOSPICE","1710 EAST BROAD, SUITE D",-,HAZLETON,PA,18201,LUZERNE,"(570) 459-2004",3,For-Profit,01/12/1995
391593,"KEYSTONE HOSPICE","8765 STENTON AVENUE",-,WYNDMOOR,PA,19038,MONTGOMERY,"(215) 836-2440",3,Non-Profit,02/10/1995
391594,"BRANDYWINE RIVER VALLEY HOSPICE","1011 W BALTIMORE PIKE","SUITE 208","WEST GROVE",PA,19390,CHESTER,"(610) 998-1700",3,For-Profit,01/26/1995
391597,"AMEDISYS HOSPICE OF GREATER PHILADELPHIA","3331 STREET ROAD, SUITE 410",-,BENSALEM,PA,19020,BUCKS,"(215) 245-3525",3,For-Profit,03/10/1995
391604,"HOSPICE COMPASSUS - PHILADELPHIA","2 CAMPUS BOULEVARD STE 200",-,"NEWTOWN SQUARE",PA,19073,DELAWARE,"(610) 436-1853",3,For-Profit,11/17/1995
391605,"FAMILY HOSPICE","310 FRENCH STREET","SUITE 102",ERIE,PA,16507,ERIE,"(814) 877-6120",3,Non-Profit,01/18/1996
391606,"CROSSINGS HOSPICE OF THE VNA","3315 DERRY STREET",-,HARRISBURG,PA,17111,DAUPHIN,"(717) 233-1035",3,Non-Profit,12/19/1995
391608,"SIVITZ JEWISH HOSPICE","200 JHF DRIVE",-,PITTSBURGH,PA,15217,ALLEGHENY,"(412) 422-5700",3,Non-Profit,03/29/1996
391610,"HEARTLAND HOSPICE","750 HOLIDAY DRIVE SUITE 610, FOSTER PLAZA #9",-,PITTSBURGH,PA,15220,ALLEGHENY,"(412) 919-5600",3,For-Profit,08/20/1996
391612,GENTIVA,"5315 CAMPBELLS RUN ROAD, SUITE 190",-,PITTSBURGH,PA,15205,ALLEGHENY,"(412) 920-5500",3,For-Profit,08/26/1996
391615,"HOPE HOSPICE INC","3356 BABCOCK BOULEVARD SUITE B",-,PITTSBURGH,PA,15237,ALLEGHENY,"(412) 367-3685",3,Non-Profit,11/08/1996
391616,"CARING HOSPICE SERVICES","400 COMMERCE DRIVE SUITE C",-,"FORT WASHINGTON",PA,19034,MONTGOMERY,"(215) 619-7650",3,For-Profit,11/07/1996
391617,"EXCELA HEALTH HOME CARE & HOSPICE","501 WEST OTTERMAN STREET",-,GREENSBURG,PA,15601,WESTMORELAND,"(724) 689-1800",3,Non-Profit,12/18/1996
391621,"VISITING NURSES ASSOCIATION OF VENANGO COUNTY, HOS","491 ALLEGHENY BOULEVARD",-,FRANKLIN,PA,16323,VENANGO,"(814) 432-6555",3,Non-Profit,06/12/1997
391622,"GENTIVA I","1777 SENTRY W PARKWAY 110",-,"BLUE BELL",PA,19422,MONTGOMERY,"(215) 619-7710",3,For-Profit,07/30/1997
391629,"GOOD SAMARITAN HOSPICE OF PITTSBURGH","116 BROWNS HILL ROAD SUITE 100",-,VALENCIA,PA,16059,BUTLER,"(724) 933-8888",3,Non-Profit,02/25/1999
391632,"VITAS HEALTHCARE CORPORATION ATLANTIC","2009 MACKENZIE WAY, SUITE 110",-,"CRANBERRY TOWNSHIP",PA,16066,BUTLER,"(412) 799-2101",3,For-Profit,02/03/2000
391634,"MEDI HOME HOSPICE","201 PENN CENTER BOULEVARD SUITE 300",-,PITTSBURGH,PA,15235,ALLEGHENY,"(724) 863-7190",3,For-Profit,08/03/2000
391636,"COMMONWEALTH HOSPICE OF BERWICK","900 RUTTER AVENUE SUITE 20",-,"FORTY FORT",PA,18704,LUZERNE,"(570) 231-5407",3,For-Profit,07/27/2001
391637,"HEARTLAND HOSPICE (ALLENTOWN)","2201 RIDGEWOOD ROAD, SUITE 180",-,WYOMISSING,PA,19610,BERKS,"(610) 266-0134",3,For-Profit,12/15/2000
391638,"HEARTLAND HOSPICE (YORK)","3417C CONCORD ROAD",-,YORK,PA,17402,YORK,"(717) 840-1002",3,Non-Profit,12/13/2000
391641,"THREE OAKS HOSPICE PITTSBURGH","300 S WALNUT LANE SUITE 202",-,BEAVER,PA,15009,BEAVER,"(724) 775-2040",3,For-Profit,05/29/2002
391642,"WAYNE MEMORIAL HOSPITAL DEPARTMENT OF HOME HEALTH","116 W 11TH STREET",-,HONESDALE,PA,18431,WAYNE,"(570) 253-8431",3,Non-Profit,01/30/2003
391643,"ASCEND HOSPICE","1120 WELSH ROAD SUITE 220",-,"NORTH WALES",PA,19454,MONTGOMERY,"(215) 542-2100",3,For-Profit,04/08/2003
391645,"COMMUNITY NURSING SERVICES OF NORTH EAST","7 PARK STREET",-,"NORTH EAST",PA,16428,ERIE,"(814) 725-4300",3,Non-Profit,05/06/2003
391649,"COMPASSUS - GREATER PHILADELPHIA","500 HAWK RIDGE ROAD, SUITE 6",-,HAMBURG,PA,19526,BERKS,"(215) 557-7300",3,For-Profit,02/04/2004
391651,"ASERACARE HOSPICE","415 EAGLEVIEW BOULEVARD SUITE 108",-,EXTON,PA,19341,CHESTER,"(610) 321-2701",3,For-Profit,02/24/2004
391653,"AMEDISYS HOSPICE OF YORK","984 LOUCKS ROAD SUITE I",-,YORK,PA,17404,YORK,"(717) 845-8599",3,For-Profit,02/04/2004
391655,"ASERACARE HOSPICE","1015 LOGAN BLVD",-,ALTOONA,PA,16602,BLAIR,"(814) 941-2900",3,For-Profit,03/10/2004
391656,"HOSPICE OF THE SACRED HEART","30 ED PREATE DRIVE SUITE 108",-,MOOSIC,PA,18507,LACKAWANNA,"(570) 706-2400",3,Non-Profit,05/26/2004
391657,"GENTIVA II","400 LAKEMONT PARK BOULEVARD","SUITE 300",ALTOONA,PA,16602,BLAIR,"(814) 944-9724",3,For-Profit,04/16/2004
391659,"COMPASSUS - ALLENTOWN","7535 WINDSOR DRIVE SUITE 100",-,ALLENTOWN,PA,18195,LEHIGH,"(610) 336-8000",3,For-Profit,09/30/2004
391660,"GATEWAY HOSPICE","9380 MCKNIGHT ROAD, SUITE 201",-,PITTSBURGH,PA,15237,ALLEGHENY,"(412) 536-2020",3,For-Profit,08/20/2004
391661,"ASERACARE HOSPICE","12664 ROUTE 19 SOUTH UNIT 1",-,WATERFORD,PA,16441,ERIE,"(814) 836-5255",3,For-Profit,11/12/2004
391662,"AMEDISYS HOSPICE OF LANCASTER","480 NEW HOLLAND AVENUE SUITE 6201",-,LANCASTER,PA,17602,LANCASTER,"(717) 285-2039",3,For-Profit,12/09/2004
391664,"BETHANY HOSPICE OF WESTERN PENNSYLVANIA","FOSTER ZERO, 400 HOLIDAY DRIVE SUITE 101",-,PITTSBURGH,PA,15220,ALLEGHENY,"(412) 781-2221",3,For-Profit,01/14/2005
391667,"COMPASSIONATE CARE HOSPICE OF NORTHWESTERN PENNSYLVANIA, LLC","1444 E LACKAWANNA AVE., SUITE 218",-,OLYPHANT,PA,18447,LACKAWANNA,"(570) 451-1031",3,For-Profit,04/01/2005
391670,"THREE RIVERS HOSPICE","300 OXFORD DRIVE SUITE 200",-,MONROEVILLE,PA,15146,ALLEGHENY,"(412) 349-0760",3,For-Profit,12/14/2005
391671,GENTIVA,"205 GRANDVIEW AVENUE SUITE 304",-,"CAMP HILL",PA,17011,CUMBERLAND,"(717) 612-1200",3,For-Profit,09/02/2005
391674,"ADORATION HOSPICE","260 ALPHA DRIVE",-,PITTSBURGH,PA,15238,ALLEGHENY,"(412) 963-6310",3,For-Profit,12/09/2005
391675,"PATHWAYS HEALTHCARE","270 PIERCE STREET SUITE 308",-,KINGSTON,PA,18704,LUZERNE,"(570) 288-1013",3,For-Profit,01/13/2006
391678,"WILLOW TREE HOSPICE","415 MCFARLAN ROAD, SUITE 104",-,"KENNETT SQUARE",PA,19348,CHESTER,"(610) 444-8733",3,For-Profit,08/17/2006
391679,"CROSSROADS HOSPICE OF PHILADELPHIA","523 PLYMOUTH ROAD SUITE 225",-,"PLYMOUTH MEETING",PA,19462,MONTGOMERY,"(215) 956-5110",3,For-Profit,12/07/2006
391680,"HOME HEALTH CARE PROFESSIONALS AND HOSPICE","520 BURKE BYPASS",-,OLYPHANT,PA,18447,LACKAWANNA,"(570) 876-2900",3,For-Profit,10/30/2006
391681,"GENTIVA II","1119 PARK AVENUE SUITE 7",-,MEADVILLE,PA,16335,CRAWFORD,"(814) 334-4660",3,For-Profit,11/28/2006
391684,"HEARTLAND HOSPICE (CHADDS FORD)","5 CHRISTY DRIVE SUITE 103",-,"CHADDS FORD",PA,19317,CHESTER,"(484) 840-0811",3,For-Profit,10/17/2006
391685,"ALLEGHENY HEALTH NETWORK HEALTHCARE AT HOME HOSPIC","200 ALLEGHENY DRIVE SUITE #201",-,WARRENDALE,PA,15086,ALLEGHENY,"(855) 602-2500",3,For-Profit,03/14/2007
391688,"ACTS HOSPICE OF PENNSYLVANIA","420 DELAWARE DRIVE",-,"FORT WASHINGTON",PA,19034,MONTGOMERY,"(267) 350-7200",3,Non-Profit,09/07/2007
391691,"365 HOSPICE LLC","1315 W COLLEGE AVENUE","SUITE 303","STATE COLLEGE",PA,16801,CENTRE,"(814) 946-5017",3,For-Profit,10/22/2007
391692,"RESIDENTIAL HOSPICE OF CARLISLE, LLC","100 STERLING PARKWAY SUITE 110",-,MECHANICSBURG,PA,17050,CUMBERLAND,"(717) 601-5375",3,For-Profit,10/10/2007
391693,"ADORATION HOSPICE","115 UNION AVENUE",-,ALTOONA,PA,16602,BLAIR,"(814) 381-0100",3,For-Profit,02/01/2008
391695,"COMPASSUS HOSPICE AND PALLIATIVE CARE - PHILADELPHIA","2101 OREGON PIKE SUITE 301",-,LANCASTER,PA,17601,LANCASTER,"(717) 283-2672",3,For-Profit,12/04/2007
391696,"MEDI HOME HOSPICE","341 NORTH SCIENCE ROAD SUITE 207",-,"STATE COLLEGE",PA,16803,CENTRE,"(814) 235-1048",3,For-Profit,12/17/2007
391697,"PINNACLE HOSPICE, LLC","2605 NICHOLSON ROAD, SUITE 3220",-,SEWICKLEY,PA,15143,ALLEGHENY,"(724) 933-6222",3,For-Profit,12/07/2007
391701,"TRADITIONAL HOSPICE","113 WEST DRINKER STREET",-,DUNMORE,PA,18512,LACKAWANNA,"(570) 207-9286",3,For-Profit,03/10/2008
391702,"PARAMOUNT HOSPICE AND PALLIATIVE CARE","3025 WASHINGTON ROAD","SUITE 201",MCMURRAY,PA,15317,WASHINGTON,"(724) 969-1021",3,For-Profit,04/29/2008
391704,"KAREN ANN QUINLAN HOSPICE","200 THIRD STREET",-,MILFORD,PA,18337,PIKE,"(570) 296-3591",3,Non-Profit,06/10/2008
391705,"ST BARNABAS HOSPICE","85 CHARITY PLACE",-,VALENCIA,PA,16059,BUTLER,"(724) 443-0700",3,Non-Profit,10/31/2008
391706,"365 HOSPICE LLC - MONROEVILLE","4290 OLD WILLIAM PENN HIGHWAY",-,MONROEVILLE,PA,15146,ALLEGHENY,"(412) 372-5320",3,For-Profit,08/21/2008
391707,"VIAQUEST HOSPICE, LLC","610 PARK AVENUE",-,MONONGAHELA,PA,15063,WASHINGTON,"(724) 258-2580",3,For-Profit,11/10/2008
391709,"ACCENTCARE HOSPICE & PALLIATIVE CARE OF PENNSYLVAN","2200 RENAISSANCE BOULEVARD SUITE 110",-,"KING OF PRUSSIA",PA,19406,MONTGOMERY,"(610) 382-1800",3,For-Profit,02/25/2009
391710,"CONCORDIA HOSPICE OF BETHLEN","135 KALASSAY DRIVE",-,LIGONIER,PA,15658,WESTMORELAND,"(724) 238-2613",3,For-Profit,03/27/2009
391711,"IMMEDIATE HOMECARE AND HOSPICE","3901 W MARKET STREET",-,PHILADELPHIA,PA,19104,PHILADELPHIA,"(215) 638-2223",3,For-Profit,03/26/2009
391712,"ASERACARE HOSPICE","7660 IMPERIAL WAY SUITE 410",-,ALLENTOWN,PA,18195,LEHIGH,"(610) 336-0711",3,For-Profit,05/20/2009
391713,"MAYLATH VALLEY HEALTH SYSTEMS INC","750 STATE ROUTE 93 PO BOX 103",-,SYBERTSVILLE,PA,18251,LUZERNE,"(570) 708-2929",3,For-Profit,04/23/2009
391714,"HOMELAND HOSPICE","2300 VARTAN WAY SUITE 270",-,HARRISBURG,PA,17110,DAUPHIN,"(717) 221-7890",3,Non-Profit,09/09/2009
391715,"ANOVA HOSPICE PALLIATIVE CARE SERVICES INC","101 W. MAIN STREET, SUITE 301",-,CARNEGIE,PA,15106,ALLEGHENY,"(412) 885-8500",3,For-Profit,04/22/2009
391716,"PATIENT CARE HOSPICE","995 OLD EAGLE SCHOOL ROAD, SUITE 313",-,WAYNE,PA,19087,CHESTER,"(610) 337-1101",3,For-Profit,07/30/2009
391718,"INTERIM HEALTH CARE HOSPICE","OHARA COMMONS, 285 KAPPA DRIVE, SUITE 270",-,PITTSBURGH,PA,15238,ALLEGHENY,"(412) 371-3726",3,For-Profit,07/17/2009
391721,"MASONIC VILLAGE HOSPICE","98 MASONIC DRIVE SUITE 101",-,ELIZABETHTOWN,PA,17022,LANCASTER,"(717) 367-1121",3,Non-Profit,01/19/2010
391722,"THE CARE TEAM HOSPICE","5325 NORTHGATE DRIVE","SUITE 207 & 210",BETHLEHEM,PA,18017,LEHIGH,"(610) 841-4410",3,For-Profit,08/03/2010
391724,"CARING HOSPICE SERVICES","118 FOX PLAN ROAD, SUITE 1",-,MONROEVILLE,PA,15146,ALLEGHENY,"(412) 666-0900",3,For-Profit,12/14/2010
391726,"AMEDISYS HOSPICE CARE","240 PULLMAN SQUARE SUITE 255",-,BUTLER,PA,16001,BUTLER,"(724) 431-4170",3,For-Profit,10/25/2010
391727,"ADVANTAGE HOME HEALTH AND HOSPICE WESTERN","101 NORTH MAIN STREET SUITE 106",-,GREENSBURG,PA,15601,WESTMORELAND,"(724) 515-5251",3,For-Profit,10/14/2010
391728,"AMEDISYS HOSPICE OF GREATER PITTSBURGH","3835 NORTHERN PIKE SUITE 3",-,MONROEVILLE,PA,15146,ALLEGHENY,"(412) 241-8240",3,For-Profit,06/03/2011
391729,"LAKELAND AREA HOSPICE, LP","1005 PENINSULA DRIVE SUITE B",-,ERIE,PA,16505,ERIE,"(814) 838-0511",3,For-Profit,12/23/2010
391732,"ADORATION HOSPICE","1200 CAMP HILL BYPASS, SUITE 205",-,"CAMP HILL",PA,17011,CUMBERLAND,"(717) 763-4001",3,For-Profit,01/06/2011
391733,"HOSPICE FOR ALL SEASONS, LLC","280 S HILL DRIVE",-,GRANTVILLE,PA,17028,DAUPHIN,"(717) 234-2555",3,For-Profit,03/02/2011
391734,"BRIDGES HOSPICE, INC","4130 MONROEVILLE BLVD",-,MONROEVILLE,PA,15146,ALLEGHENY,"(412) 380-0711",3,For-Profit,03/14/2011
391735,"CARING HOSPICE SERVICES","101 GOOD DRIVE, 1ST FLOOR",-,LANCASTER,PA,17603,LANCASTER,"(717) 560-1700",3,For-Profit,03/04/2011
391736,"HERITAGE HOSPICE, LLC","2400 LEECHBURG ROAD",-,"NEW KENSINGTON",PA,15068,WESTMORELAND,"(724) 334-6600",3,For-Profit,05/12/2011
391738,"AURORA HOSPICE, INC.","524 BUSTLETON PIKE",-,FEASTERVILLE,PA,19053,BUCKS,"(215) 396-8822",3,For-Profit,07/09/2013
391739,"1ST CARE PALLIATIVE AND HOSPICE SERVICES","50 S OAK STREET",-,"MOUNT CARMEL",PA,17851,NORTHUMBERLAND,"(570) 339-4083",3,For-Profit,09/16/2011
391740,"ARCADIA HOSPICE LLC","216 W HAMILTON AVENUE",-,"STATE COLLEGE",PA,16801,CENTRE,"(814) 954-7619",3,For-Profit,08/22/2011
391741,"BAYADA HOME HEALTH CARE, INC.","11 CAMPUS BLVD SUITE 190",-,"NEWTOWN SQUARE",PA,19073,DELAWARE,"(610) 627-2050",3,For-Profit,09/07/2011
391745,"AMEDISYS HOSPICE OF HARRISBURG WEST","2708 COMMERCE DRIVE, SUITE 300",-,HARRISBURG,PA,17110,DAUPHIN,"(717) 715-8701",3,For-Profit,12/29/2011
391746,"ANGELIC HOSPICE","486 NORRISTOWN ROAD, SUITE 133",-,"BLUE BELL",PA,19422,MONTGOMERY,"(609) 822-7979",3,For-Profit,11/08/2012
391747,"DELAWARE HOSPICE, INC.","1786 WILMINGTON WEST CHESTER PIKE SUITE 301A",-,"GLEN MILLS",PA,19342,DELAWARE,"(484) 259-0017",3,Non-Profit,05/09/2012
391748,"SERENITY HOSPICE","3331 STREET ROAD SUITE 101",-,BENSALEM,PA,19020,BUCKS,"(610) 820-8301",3,For-Profit,09/12/2012
391749,"FOULKEWAYS HOSPICE","1120 MEETINGHOUSE ROAD",-,GWYNEDD,PA,19436,MONTGOMERY,"(215) 283-7050",3,Non-Profit,06/28/2012
391751,"HOLISTICARE HOSPICE, LLC","985 OLD EAGLE SCHOOL ROAD SUITE 504",-,WAYNE,PA,19087,DELAWARE,"(610) 995-0100",3,For-Profit,08/02/2012
391752,"VILLAGE IN PLACE HOSPICE","429 SOUTH MARKET STREET",-,MARTINSBURG,PA,16662,BLAIR,"(814) 793-5233",3,For-Profit,10/09/2012
391755,"ALL AMERICAN HOSPICE LLC","ONE NESHAMINY INTERPLEX FLOOR 1 SUITE 104A",-,"FEASTERVILLE TREVOSE",PA,19053,BUCKS,"(215) 322-5256",3,For-Profit,04/16/2013
391756,"INTERIM HEALTHCARE HOSPICE & PALLIATIVE CARE","322 WARREN STREET SUITE 250",-,JOHNSTOWN,PA,15905,CAMBRIA,"(814) 262-8305",3,For-Profit,02/20/2013
391757,"FAMILY PILLARS HOSPICE INC","3910 ADLER PLACE SUITE 130",-,BETHLEHEM,PA,18017,LEHIGH,"(610) 372-4400",3,For-Profit,08/17/2016
391759,"REDSTONE AT HOME","6 GARDEN CENTER DRIVE",-,GREENSBURG,PA,15601,WESTMORELAND,"(724) 221-6040",3,For-Profit,06/28/2013
391764,"REVOLUTIONARY HOSPICE","829 SCRANTON CARBONDALE HIGHWAY",-,EYNON,PA,18403,LACKAWANNA,"(570) 383-7502",3,For-Profit,10/21/2014
391765,"ADORATION HOSPICE","1012 WEST 9TH AVENUE, SUITE 115",-,"KING OF PRUSSIA",PA,19406,MONTGOMERY,"(610) 337-1721",3,For-Profit,12/16/2014
391766,"OSPTA HOSPICE","4325 SR 51N",-,"BELLE VERNON",PA,15012,FAYETTE,"(724) 565-5802",3,For-Profit,09/24/2014
391769,"TRANSITIONS HOSPICE","200 CEDAR RIDGE DRIVE SUITE 201",-,PITTSBURGH,PA,15205,ALLEGHENY,"(412) 489-6874",3,For-Profit,03/19/2015
391770,"CONSTELLATION HOSPICE PA, LLC","660 NEWTON YARDLEY ROAD SUITE 105",-,NEWTOWN,PA,18940,BUCKS,"(215) 302-2003",3,For-Profit,01/21/2015
391772,"PERSONAL HOME HEALTHCARE AND HOSPICE","1715 MAIN STREET",-,BLAKELY,PA,18447,LACKAWANNA,"(570) 342-3314",3,For-Profit,10/02/2015
391773,"ALLIED SERVICES HOSPICE LLC","100 ABINGTON EXECUTIVE PARK",-,"CLARKS SUMMIT",PA,18411,LACKAWANNA,"(570) 341-4320",3,Non-Profit,11/17/2015
391774,"365 HOSPICE LLC","115 SOUTH MAIN STREET",-,CARROLLTOWN,PA,15722,CAMBRIA,"(814) 419-4901",3,For-Profit,09/23/2015
391776,"PENN HOSPICE, INC","313 WEST HIGH STREET SUITE 210",-,EBENSBURG,PA,15931,CAMBRIA,"(814) 846-4160",3,For-Profit,03/23/2016
391777,"MONARCH HOSPICE","2837 LEECHBURG ROAD",-,"LOWER BURRELL",PA,15068,WESTMORELAND,"(724) 335-1600",3,For-Profit,12/01/2016
391778,"GALLAGHER HOSPICE, LLC","1370 WASHINGTON AVENUE, 401B",-,BRIDGEVILLE,PA,15017,ALLEGHENY,"(412) 279-4255",3,For-Profit,11/03/2016
391779,"BAYADA HOSPICE","651 EAST PARK DRIVE, SUITE 101",-,HARRISBURG,PA,17111,DAUPHIN,"(570) 994-1514",3,For-Profit,09/14/2017
391786,"INTERIM HEALTHCARE HOSPICE OF ERIE","2206 W 15TH STREET",-,ERIE,PA,16505,ERIE,"(814) 836-0214",3,For-Profit,06/13/2019
391788,"LIFESONG HOSPICE AND PALLIATIVE CARE","3880 TECPORT DRIVE SUITE 2",-,HARRISBURG,PA,17111,DAUPHIN,"(717) 585-6687",3,For-Profit,09/03/2019
391789,"SUNCREST HOSPICE PITTSBURGH, LLC","300 PENN CENTER BOULEVARD, SUITE 120",-,PITTSBURGH,PA,15235,ALLEGHENY,"(878) 302-1136",3,For-Profit,10/22/2019
391791,"ADVANTAGE HOME HEALTH AND HOSPICE","375 11TH AVENUE",-,BETHLEHEM,PA,18018,LEHIGH,"(888) 264-3501",3,For-Profit,05/02/2021
391792,"COMMONWEALTH HOSPICE, LLC","4955 STEUBENVILLE PIKE, SUITE 125",-,PITTSBURGH,PA,15205,ALLEGHENY,"(412) 489-5893",3,For-Profit,02/22/2021
391793,"FRANKLIN HOSPICE LLC","209 GRANT STREET",-,CHAMBERSBURG,PA,17201,FRANKLIN,"(717) 504-3465",3,Non-Profit,02/09/2021
391795,"FAMILY PILLARS PALLIATIVE CARE HOSPICE, LLC","4801 SAUCON CREEK ROAD",-,"CENTER VALLEY",PA,18034,LEHIGH,"(201) 218-1447",3,For-Profit,01/27/2022
391796,"BAYADA HOSPICE","2 MERIDIAN BOULEVARD, 2ND FLOOR",-,READING,PA,19610,BERKS,"(610) 367-1608",3,Non-Profit,03/25/2021
391797,"DOVE HOSPICE SERVICES OF PENNSYLVANIA, LLC","455 PENNSYLVANIA AVENUE SUITE 205",-,"FORT WASHINGTON",PA,19034,MONTGOMERY,"(215) 383-5922",3,For-Profit,07/02/2021
391798,"ADVANCED HOSPICE, LLC","100 RYAN COURT SUITE 22",-,PITTSBURGH,PA,15205,ALLEGHENY,"(412) 710-7300",3,For-Profit,05/13/2021
391799,"ECHO HOSPICE OF PENNSYLVANIA, LLC","421 N 7TH STREET SUITE 602",-,PHILADELPHIA,PA,19123,PHILADELPHIA,"(267) 551-5708",3,For-Profit,01/13/2022
401500,"HOSPICIO LA PROVIDENCIA","1206 MUNOZ RIVERA AVE",-,PONCE,PR,00717,PONCE,"(787) 843-2364",2,For-Profit,01/17/1985
401503,"CARIBBEAN HOSPICE CORP","WINSTON CHURCHILL AVE # 153 CROWN HILLS",-,"ALT DE SAN JUAN",PR,00926,"SAN JUAN","(787) 764-6555",2,For-Profit,06/17/1991
401504,"HOSPICIO EN EL HOGAR FE Y ESPERANZA DE PUERTO RICO","CALLE HERNANDEZ CARRION J-9 URB ATENAS",-,MANATI,PR,00674,MANATI,"(787) 854-3793",2,For-Profit,08/30/1991
401509,"HOSPICIO LA MONTANA","CARR 164 KM 0 2 SECTOR EL DESVIO BO ACHIOTE",-,NARANJITO,PR,00719,NARANJITO,"(787) 869-1290",2,For-Profit,03/17/1992
401510,"HOSPICIO MENONITA","CARR 1 KM 34.9 BARRIO BAIROA",-,CAGUAS,PR,00725,CAGUAS,"(787) 258-1628",2,For-Profit,04/01/1992
401512,"NOVA HOSPICE LLC","CALLE DALMACIA 1304",-,"SAN JUAN",PR,00920,"SAN JUAN","(787) 287-4094",2,For-Profit,04/24/1992
401516,"EMMANUEL HOSPICE CARE INC","CARR.129 INT 415 BO. BUENOS AIRES, SECTOR MIJAN",-,LARES,PR,00669,LARES,"(787) 897-7040",2,For-Profit,07/10/1992
401520,"HOSPICIO DEL OESTE INC","CARR #2 KM 170.9",-,"SAN GERMAN",PR,00683,"SAN GERMAN","(787) 892-1820",2,For-Profit,11/10/1992
401521,"CONDADO HOSPICE PROGRAM INC","186 CALLE JUAN P DUARTE",-,"SAN JUAN",PR,00917,"SAN JUAN","(787) 758-4310",2,For-Profit,10/30/1992
401527,"HOSPICIO LA PAZ INC","152 CALLE JOSE RODRIGUEZ IRIZ STE 201",-,ARECIBO,PR,00612,ARECIBO,"(787) 878-1548",2,For-Profit,01/19/1993
401529,"HOSPICIO GREGORIA AUFFANT INC","114 ELEANOR ROOSEVELT 2ND FLOOR",-,"SAN JUAN",PR,00918,"SAN JUAN","(787) 780-4010",2,For-Profit,01/15/1993
401530,"PROGRAMA DE SERVICIOS DE SALUD EN EL HOGAR Y HOSPICIO SAN LUCAS INC","917 AVENIDA TITO CASTRO CARR. 14","4TH FLOOR, BUILDING A",PONCE,PR,00716,PONCE,"(787) 864-0660",2,Non-Profit,01/27/1993
401534,"MENNONITE HOSPICE","CALLE PEDRO ROSARIO PARCELA 4, 5, BO CAONILLAS",-,AIBONITO,PR,00705,AIBONITO,"(787) 735-1955",2,For-Profit,04/07/1993
401540,"HOSPICIO EL NUEVO AMANECER","CALLE B AA 14 ALTURAS DE RIO GRANDE",-,"ALT RIO GRANDE",PR,00745,"RIO GRANDE","(787) 888-7700",2,For-Profit,08/27/1993
401543,"RYDER MEMORIAL HOSPICE PROGRAM","355 FONT MARTELLO AVE",-,HUMACAO,PR,00791,HUMACAO,"(787) 852-2869",2,Non-Profit,12/28/1993
401546,"HOSPICIO TOQUE DE AMOR","URB SAN SALVADOR A15 CALLE VENDING SUITE 1",-,MANATI,PR,00674,MANATI,"(809) 884-3326",2,For-Profit,01/12/1994
401547,"DIVINA PRESENCIA HOSPICE INC","876 CALLE 27 SO URB LAS LOMAS ESQ AMERICO MIRANDA URB. LAS LOMAS",-,"RIO PIEDRAS, SAN JUAN",PR,00921,"SAN JUAN","(787) 775-8000",2,For-Profit,01/31/1994
401548,"HOSPICIO LA GUADALUPE INC","1266 AVENIDA HOSTOS, ESQUINA POWER",-,PONCE,PR,00717,PONCE,"(787) 259-8210",2,Other,10/21/1994
401549,"SERVICIOS DE HOSPICIO DE ADJUNTAS","CALLE RODULFO GONZALEZ 46 SUITE 1",-,ADJUNTAS,PR,00601,ADJUNTAS,"(787) 829-2953",2,For-Profit,10/17/1994
401551,"HOSPICIO SAN FRANCISCO DE ASIS INC","CARR 441 KM 4 6 BO GUANIQUILLA",-,AGUADA,PR,00602,AGUADA,"(787) 868-2920",2,For-Profit,04/24/1995
401552,"SENDERO DE LUZ HOSPICE","GEORGETTI STREET 9 ALTOS",-,COMERIO,PR,00782,COMERIO,"(787) 875-5701",2,For-Profit,03/05/1996
401554,"HOSPICIO SANTA RITA INC","CARR 100 KM 3.8 BO GUANAJIBO",-,"CABO ROJO",PR,00623,"CABO ROJO","(787) 652-1295",2,For-Profit,05/07/1996
401555,"HEALTHKEEPERS HOSPICE","CALLE 1 B-14 URB SANTA CRUZ",-,BAYAMON,PR,00961,BAYAMON,"(787) 786-4626",2,For-Profit,11/13/1996
401558,"CAMINO DE LUZ HOSPICE CARE","CARR NUM 670 KM 1 8 BO COTTO NORTE INTERIOR",-,MANATI,PR,00674,MANATI,"(787) 884-0786",2,For-Profit,04/28/2000
401559,"S & R HOSPICE CORP","CARR #2 KM 111.5 BO ARENALES",-,ISABELA,PR,00662,ISABELA,"(787) 872-5458",2,For-Profit,03/28/2001
401560,"HOSPICIO LA MILAGROSA, INC","BO BARAHONA CARR 633 KM 4,9",-,MOROVIS,PR,00687,MOROVIS,"(787) 862-2048",2,For-Profit,05/18/2001
401561,"WESTERN MEDICAL HOSPICE","CALLE B LOTE 30 NUM 4040 ZONA INDUSTRIAL GUANAJINO","SUITE 4",MAYAGUEZ,PR,00682,MAYAGUEZ,"(787) 883-5898",2,For-Profit,05/31/2001
401562,"HOSPICIO DIVINO SALVADOR, INC","CALLE MARGINAL PR2 ESQUINA CON LA CALLE JULIAN BLANCO",-,"VEGA BAJA",PR,00693,"VEGA BAJA","(787) 855-0411",2,For-Profit,05/24/2001
401563,"PROGRAMA DE SALUD EN EL HOGAR Y HOSPICIO GEMINIS","CARRETERA 159 KM 13,4 URB LOMA LINDA",-,COROZAL,PR,00783,COROZAL,"(787) 859-5755",2,For-Profit,10/10/2001
401564,"HOSPICIO DIVINAS MANOS","ROAD 2 KM 46 4 BO CAMPO ALEGRE",-,MANATI,PR,00674,MANATI,"(787) 884-8423",2,For-Profit,11/30/2001
401565,"HOSPICIO LAS BRISAS","CALLE LUIS MUÑOZ RIVERA #1 ALTOS, VEGA ALTA, PR","PO BOX 459 VEGA ALTA PR 00692","VEGA ALTA",PR,00692,"VEGA ALTA","(787) 270-4838",2,For-Profit,09/23/2003
401566,"HOSPICIO PLENA SERENIDAD","AVE FIDALGO DIAZ, BLOQUE #30, #1, URB VILLA ASTURIAS",-,CAROLINA,PR,00983,CAROLINA,"(787) 757-6510",2,For-Profit,08/07/2007
401567,"MED HEALTH HOSPICE CORP","CARR 102 KM 18.5 BO PARABUELLON",-,"CABO ROJO",PR,00623,"CABO ROJO","(787) 254-4307",2,For-Profit,08/14/2008
401568,"HOSPICIO AMOR Y TRANQUILIDAD INC","AVE MARTINEZ NADAL 59 EDIF PARK PLAZA 103 B",-,MAYAGUEZ,PR,00680,MAYAGUEZ,"(787) 464-4766",2,For-Profit,08/18/2014
401569,"QUALITY CARE HOSPICE LLC","CARR 14 KM 21 3 BO RIO CANAS",-,"JUANA DIAZ",PR,00795,"JUANA DIAZ","(787) 651-3620",2,For-Profit,02/09/2015
401570,"ADVANCE HOSPICE SERVICES INC","CARR 869 URB PALMAS INDUSTRIAL PARK CALLE 19 BO PA",-,"BO PALMAS",PR,00962,CATANO,"(787) 781-2245",2,For-Profit,06/24/2015
401571,"ASCEND HOSPICE","85 AVE DE DIEGO STE 231",-,"SAN JUAN",PR,00927,"SAN JUAN","(787) 946-1048",2,For-Profit,08/06/2015
401572,"HOSPICIO DIVINA MISERICORDIA CORP","41 MUNOZ RIVERA AVE",-,"VEGA ALTA",PR,00692,"VEGA ALTA","(787) 516-3107",2,For-Profit,06/20/2016
401573,"HOSPICIO LA MONSERRATE","14 QUILINCHINI AVE SUITE 1",-,"SABANA GRANDE",PR,00637,"SABANA GRANDE","(787) 873-5998",2,For-Profit,05/27/2016
401574,"HOSPICIO LUZ DE ESPERANZA INC","126 BDA FELIX CORDOVA DAVILA STE 1",-,MANATI,PR,00674,MANATI,"(787) 921-7863",2,For-Profit,09/15/2017
401575,"HOSPICIO KRYSTAL INC","CALLE DE LA CANDELARIA #8",-,MAYAGUEZ,PR,00680,MAYAGUEZ,"(787) 805-6325",2,For-Profit,08/13/2019
401576,"HOSPICIO LUZ CELESTE","H17 AVE LUIS MUNOZ MARIN","URB VILLA CARMEN",CAGUAS,PR,00725,CAGUAS,"(787) 957-7273",2,Other,09/27/2019
411500,"HOPEHEALTH HOSPICE & PALLIATIVE CARE","1085 NORTH MAIN STREET",-,PROVIDENCE,RI,02904,PROVIDENCE,"(401) 415-4200",1,Non-Profit,12/15/1983
411505,"VNA OF CARE NEW ENGLAND","51 HEALTH LANE",-,WARWICK,RI,02886,KENT,"(401) 737-6050",1,Other,11/02/1987
411506,"VISITING NURSE HEALTH AND HOSPICE","438 EAST MAIN RD",-,MIDDLETOWN,RI,02842,NEWPORT,"(401) 682-2100",1,Other,02/07/1990
411508,"NURSING PLACEMENT HOSPICE & PALLIATIVE CARE, LLC","588 PAWTUCKET AVENUE",-,PAWTUCKET,RI,02860,PROVIDENCE,"(401) 728-6500",1,Other,06/29/1995
411510,"BEACON HOSPICE , AN AMEDISYS COMPANY","1 CATAMORE BOULEVARD",-,"EAST PROVIDENCE",RI,02914,PROVIDENCE,"(401) 438-0008",1,Other,06/16/2003
411511,GENTIVA,"2374 POST ROAD, SUITE 206",-,WARWICK,RI,02886,KENT,"(401) 738-1492",1,For-Profit,09/29/2004
411512,"CONTINUUM CARE HOSPICE","1350 DIVISION ROAD SUITE 205",-,"WEST WARWICK",RI,02893,KENT,"(401) 321-8101",1,For-Profit,12/14/2017
411513,"ATHENA RHODE ISLAND HOSPICE LLC","300 TOLLGATE ROAD, STE 201",-,WARWICK,RI,02886,PROVIDENCE,"(401) 238-7300",1,Other,05/31/2022
411514,"HARMONY HOSPICE CARE LLC","931 JEFFERSON BLVD","SUITE 3004",WARWICK,RI,02886,KENT,"(401) 252-5700",1,,09/15/2022
411515,"EDEN HOSPICE LLC","4040 POST ROAD",-,WARWICK,RI,02886,-,"(401) 884-8022",1,,05/10/2024
411516,"ACCENTCARE HOSPICE & PALLIATIVE CARE OF RHODE ISLAND, LLC","300 CENTERVILLE ROAD","SUITE 210",WARWICK,RI,02886,PROVIDENCE,"(401) 200-8211",1,,08/15/2024
421500,"SPARTANBURG REGIONAL MED CTR HOSPICE","1530 DRAYTON ROAD",-,SPARTANBURG,SC,29302,SPARTANBURG,"(864) 560-3900",4,Non-Profit,03/15/1984
421501,"LOWER CAPE FEAR LIFECARE","350 HILTON RD SUITE 301",-,"MYRTLE BEACH",SC,29572,HORRY,"(843) 848-6480",4,Non-Profit,10/23/1987
421502,"TIDELANDS COMMUNITY HOSPICE/TIDELANDS COMMUNITY HO","2591 N FRASER ST",-,GEORGETOWN,SC,29440,GEORGETOWN,"(843) 546-3410",4,Non-Profit,01/19/1988
421503,"HOSPICE OF CHARLESTON","4975 LACROSS ROAD, SUITE 200A",-,"NORTH CHARLESTON",SC,29406,CHARLESTON,"(803) 529-3100",4,For-Profit,01/20/1988
421504,"HOSPICE AND COMMUNITY CARE","2275 INDIA HOOK ROAD  PO BOX 993",-,"ROCK HILL",SC,29732,YORK,"(803) 329-1500",4,For-Profit,02/25/1988
421506,"HOSPICE OF THE UPSTATE, INC","1835 ROGERS ROAD",-,ANDERSON,SC,29621,ANDERSON,"(800) 261-8636",4,For-Profit,11/09/1988
421507,"HOSPICE AND PALLIATIVE CARE OF THE PIEDMONT","408 W ALEXANDER AVE",-,GREENWOOD,SC,29646,GREENWOOD,"(864) 227-9393",4,Non-Profit,05/16/1989
421508,"PRISMA HEALTH HOSPICE OF THE FOOTHILLS","390 KEOWEE SCHOOL ROAD",-,SENECA,SC,29672,OCONEE,"(864) 882-8940",4,For-Profit,03/07/1990
421509,"PRISMA HEALTH TUOMEY HOSPICE","500 PINEWOOD ROAD, SUITE 2",-,SUMTER,SC,29154,SUMTER,"(803) 773-4663",4,Non-Profit,09/28/1990
421511,"PRISMA HEALTH HOSPICE MIDLANDS","1205 COLONIAL LIFE BLVD",-,COLUMBIA,SC,29210,RICHLAND,"(803) 296-3100",4,Non-Profit,01/09/1991
421513,"OPEN ARMS HOSPICE","1836 WEST GEORGIA ROAD",-,SIMPSONVILLE,SC,29680,GREENVILLE,"(864) 688-1700",4,For-Profit,08/15/1991
421515,"HOSPICE OF LANCASTER & THE PIEDMONT","901 MEETING STREET, SUITE 104",-,LANCASTER,SC,29720,LANCASTER,"(803) 286-1472",4,Other,06/19/1992
421516,"MCLEOD HCS - HOSPICE OF THE PEE DEE","1203 EAST CHEVES STREET","PO BOX 100551",FLORENCE,SC,29501,FLORENCE,"(843) 777-2564",4,Other,03/09/1993
421518,"HOSPICE CARE OF THE LOWCOUNTRY","7 PLANTATION PARK DRIVE UNIT 4",-,BLUFFTON,SC,29910,BEAUFORT,"(843) 706-2296",4,For-Profit,07/30/1993
421519,"MUSC HEALTH HOSPICE KERSHAW","1165 HIGHWAY 1 SOUTH SUITE 400",-,LUGOFF,SC,29078,KERSHAW,"(803) 425-1916",4,Government,08/26/1993
421520,"HOSPICE & PALLIATIVE CARE PALMETTO REGION- GREENVILLE COUNTY","1003 GROVE ROAD STE E",-,GREENVILLE,SC,29065,LAURENS,"(864) 438-3900",4,Non-Profit,08/17/1993
421529,"LUTHERAN HOSPICE","102 FORTRESS DRIVE","PO BOX 805","WHITE ROCK",SC,29177,LEXINGTON,"(803) 749-7770",4,Other,05/19/1995
421531,"MEDICAL SERVICES OF AMERICA HOSPICE-COLUMBIA","166 STONERIDGE DRIVE, SUITE 100",-,COLUMBIA,SC,29201,RICHLAND,"(803) 400-1177",4,For-Profit,04/10/1996
421533,"INTERIM HEALTHCARE OF THE UPSTATE HOSPICE","100 VERDE BLVD STE 300",-,GREENVILLE,SC,29607,GREENVILLE,"(864) 627-1200",4,For-Profit,06/20/1996
421534,GENTIVA,"127 STRAIGHT DRIVE",-,ANDERSON,SC,29625,ANDERSON,"(864) 297-3164",4,For-Profit,07/16/1997
421536,"AGAPE CARE SOUTH CAROLINA II","706 E. MAIN ST",-,SPARTANBURG,SC,29302,SPARTANBURG,"(800) 932-2738",4,For-Profit,09/04/1997
421545,"HEARTLAND HOSPICE SERVICES","2050 CORPORATE CENTRE DRIVE","SUITE 220","MYRTLE BEACH",SC,29577,HORRY,"(843) 444-0813",4,For-Profit,04/25/2002
421546,"PROMEDICA HOSPICE-CHARLESTON","1470 TOBIAS GADSON BLVD, SUITE 203",-,CHARLESTON,SC,29407,CHARLESTON,"(843) 766-7646",4,Non-Profit,05/15/2002
421547,"MEDICAL SERVICES OF AMERICA HOSPICE - COASTAL","4685 HIGHWAY 17 SOUTH BYPASS",-,"MYRTLE BEACH",SC,29577,HORRY,"(803) 957-0500",4,For-Profit,07/11/2002
421549,"ISLAND HOSPICE","300 NEW RIVER PARKWAY SUITE 7",-,HARDEEVILLE,SC,29927,JASPER,"(843) 208-3660",4,Non-Profit,08/26/2003
421552,GENTIVA,"1690 UNIVERSITY PARKWAY",-,AIKEN,SC,29801,AIKEN,"(803) 648-2117",4,For-Profit,05/14/2004
421553,"PRUITTHEALTH HOSPICE-BEAUFORT","40 OAKTIE CTR BLVD SUITE 230",-,BLUFFTON,SC,29909,JASPER,"(770) 279-6200",4,For-Profit,09/10/2004
421554,"MEDICAL SERVICES OF AMERICA HOSPICE OF THE UPSTATE","528 HOWELL ROAD, SUITE 20",-,GREENVILLE,SC,29615,GREENVILLE,"(864) 627-4270",4,For-Profit,09/29/2004
421555,"AMEDISYS HOSPICE OF SOUTH CAROLINA","500 PAMPLICO HIGHWAY, SUITE D",-,FLORENCE,SC,29501,FLORENCE,"(803) 774-4036",4,For-Profit,01/25/2005
421556,"UNITED HOSPICE OF THE PEE DEE","2051 ELIJAH LUDD ROAD, SUITE 1",-,FLORENCE,SC,29501,FLORENCE,"(843) 662-8633",4,For-Profit,06/02/2005
421558,"HEARTLAND HOSPICE SERVICES - GREENVILLE","421 SE MAIN STREET",-,SIMPSONVILLE,SC,29681,GREENVILLE,"(864) 963-0045",4,For-Profit,08/17/2005
421560,"MEDICAL SERVICES OF AMERICA HOSPICE OF THE LOWCOUNTRY","59 RIVERWALK BLVD, SUITE B & C",-,RIDGELAND,SC,29936,BEAUFORT,"(843) 332-0063",4,For-Profit,09/23/2005
421565,"PRUITTHEALTH HOSPICE- COLUMBIA","240 STONEBRIDGE DRIVE SUITE 302",-,COLUMBIA,SC,29210,RICHLAND,"(803) 771-0489",4,For-Profit,04/11/2006
421571,"KINDRED HOSPICE","101 N PINE ST SUITE 215",-,SPARTANBURG,SC,29302,SPARTANBURG,"(864) 585-6500",4,For-Profit,10/17/2006
421572,"BON SECOURS HOSPICE BY COMPASSUS-GAFFNEY","212 E FLOYD BAKER BLVD",-,GAFFNEY,SC,29340,GREENVILLE,"(864) 542-2536",4,For-Profit,10/19/2006
421573,"PRUITTHEALTH HOSPICE- CHARLESTON","139 GATEWAY DR","SUITE 210",LADSON,SC,29456,BERKELEY,"(843) 573-8623",4,For-Profit,05/03/2007
421574,"CRESCENT HOSPICE","10 BUCKINGHAM PLANTATION DRIVE, SUITE A","MAGNOLIA BUSINESS PARK",BLUFFTON,SC,29910,BEAUFORT,"(843) 757-9388",4,For-Profit,09/18/2007
421580,"INTERIM HEALTH CARE OF THE TRIAD, INC","154 AMENDMENT AVE SUITE 105",-,"ROCK HILL",SC,29730,YORK,"(803) 329-4188",4,For-Profit,01/11/2008
421583,"ABBEY ROAD HOSPICE, LLC","5429 BUSH RIVER ROAD",-,COLUMBIA,SC,29212,LEXINGTON,"(803) 551-5552",4,For-Profit,05/01/2008
421584,"CARIS HEALTHCARE COLUMBIA","121 EXECUTIVE CENTER DRIVE","SUITE 131",COLUMBIA,SC,29210,RICHLAND,"(803) 794-4141",4,Other,05/08/2008
421586,"FAMILY HOSPICE OF GREENVILLE LLC","1312 AUGUSTA STREET",-,GREENVILLE,SC,29605,AIKEN,"(610) 828-3455",4,For-Profit,10/13/2008
421588,"HEART OF HOSPICE LLC","7 TECHNOLOGY CIRCLE SUITE 200",-,COLUMBIA,SC,29203,RICHLAND,"(803) 699-3233",4,For-Profit,10/24/2008
421590,"EMBRACE HOSPICE OF SOUTH CAROLINA, LLC","175 VILLAGE CENTER BLVD",-,"MYRTLE BEACH",SC,29579,HORRY,"(843) 353-6228",4,For-Profit,11/26/2008
421592,"AGAPE HOSPICE OF THE LOWCOUNTRY","3955 FABER PLACE DRIVE STE 202",-,"NORTH CHARLESTON",SC,29405,CHARLESTON,"(843) 598-4536",4,For-Profit,02/10/2009
421593,COMPASSUS-CHARLESTON,"10911 NORTH JACOB SMART BLVD, SUITE B","STE B",RIDGELAND,SC,29936,BEAUFORT,"(843) 645-6540",4,For-Profit,05/18/2009
421594,"HOSPICE OF SCOTLAND COUNTY, INC","957 CHERAW STREET",-,BENNETTSVILLE,SC,29512,MARLBORO,"(843) 523-6319",4,Other,04/09/2009
421595,"TRINITY HOSPICE OF AIKEN","690 MEDICAL PARK DRIVE SUITE 400",-,AIKEN,SC,29803,AIKEN,"(803) 641-8220",4,For-Profit,08/07/2009
421596,"HEART OF HOSPICE UPSTATE","775 SPARTAN BLVD.",-,SPARTANBURG,SC,29301,GREENVILLE,"(864) 582-8844",4,For-Profit,11/19/2009
421601,"GROVE PARK PHARMACY HOSPICE","1324 CHESTNUT STREET",-,ORANGEBURG,SC,29115,ORANGEBURG,"(803) 536-6644",4,For-Profit,01/21/2011
421602,"TRANSITIONS HOSPICE CARE OF GEORGIA, INC","418 OLD TROLLEY ROAD SUITE A",-,SUMMERVILLE,SC,29485,DORCHESTER,"(843) 875-7915",4,For-Profit,03/08/2011
421605,"PROVIDENCE HOSPICE LLC","500 LAKESHORE PKWY",-,"ROCK HILL",SC,29730,YORK,"(803) 818-6955",4,For-Profit,04/07/2011
421606,"COMPASSIONATE CARE HOSPICE OF SOUTH CAROLINA, LLC","1900 ASHLAND PARK LN","SUITE 103","WEST COLUMBIA",SC,29169,RICHLAND,"(803) 731-8110",4,For-Profit,05/19/2011
421608,"LIGHTHOUSE HOSPICE GROUP, LLC","110 OAK PARK DRIVE UNIT C","UNIT C",IRMO,SC,29063,RICHLAND,"(803) 781-1935",4,For-Profit,10/12/2011
421609,"CRESCENT HOSPICE, INC","1370 BROWNING ROAD, SUITE 110",-,COLUMBIA,SC,29210,RICHLAND,"(803) 732-3274",4,For-Profit,02/01/2012
421611,"PATHWAY HOSPICE LLC","355 WOODRUFF ROAD, SUITE 201","SUITE B",GREENVILLE,SC,29607,GREENVILLE,"(843) 312-6812",4,For-Profit,06/08/2012
421612,"ROPER ST FRANCIS HOSPICE","8536 PALMETTO COMMERCE PKWY STE 207B",-,LADSON,SC,29456,BERKELEY,"(843) 402-3260",4,Other,07/27/2012
421614,"PATRIOT HOSPICE","4741 HIGHWAY 153","SUITE B",EASLEY,SC,29642,PICKENS,"(864) 991-8414",4,For-Profit,08/10/2012
421615,"ST JOSEPH HOSPICE LLC","802 E MARTINTOWN ROAD, STE 101",-,"NORTH AUGUSTA",SC,29841,AIKEN,"(803) 349-8070",4,For-Profit,04/30/2013
421616,"AFFINITY HOSPICE","3441 PELHAM RD STE 101",-,GREENVILLE,SC,29615,GREENVILLE,"(864) 482-7110",4,Non-Profit,04/17/2013
421620,"FRIENDS OF CAROLINE HOSPICE OF BEAUFORT, INC","329 FRIENDS LANE",-,RIDGELAND,SC,29936,BEAUFORT,"(843) 525-6257",4,Non-Profit,10/24/2013
421623,"ENHABIT HOSPICE","37 VARDEN DR SUITE B",-,AIKEN,SC,29803,AIKEN,"(803) 335-0821",4,For-Profit,03/13/2014
421625,"ALL SEASONS HEALTHCARE, INC","7142 WOODROW STREET",-,IRMO,SC,29063,RICHLAND,"(803) 602-0300",4,For-Profit,10/07/2014
421626,"HOSPICE & PALLIATIVE CARE PALMETTO REGION","1061 RED VENTURE DRIVE SUITE 130",-,"FORT MILL",SC,29707,YORK,"(803) 548-3708",4,Non-Profit,01/28/2015
421628,"THREE OAKS HOSPICE","101 WESTPARK BLVD","STE B",COLUMBIA,SC,29210,LEXINGTON,"(803) 794-8080",4,For-Profit,12/13/2015
421629,"WREN HOSPICE, LLC","955 WEST WADE HAMPTON BLVD SUITE 3A",-,GREER,SC,29650,GREENVILLE,"(864) 326-3242",4,For-Profit,06/24/2016
421630,"RIVERVIEW HOSPICE AND PALLIATIVE CARE,LLC","2450 INDIA HOOK ROAD SUITE B",-,"ROCK HILL",SC,29732,YORK,"(803) 329-3103",4,For-Profit,08/16/2016
421632,"AFFINITY HOSPICE - ANDERSON","3441 PELHAM ROAD SUITE 101",-,GREENVILLE,SC,29615,GREENVILLE,"(864) 990-5604",4,For-Profit,06/06/2017
421634,"EDISTO HOME CARE & HOSPICE","1180 BOULEVARD STREET, SUITE C",-,ORANGEBURG,SC,29115,ORANGEBURG,"(803) 997-2882",4,For-Profit,11/01/2017
421635,"ARCADIA HOSPICE, LLC","1010 MEDICAL CENTER","SUITE 200",HARDEEVILLE,SC,29927,JASPER,"(843) 705-2111",4,For-Profit,11/08/2019
421636,"HADORA HOSPICE OF THE CAROLINAS","6156 SAINT ANDREWS RD, SUITE 208",-,COLUMBIA,SC,29212,LEXINGTON,"(803) 807-9177",4,For-Profit,11/05/2019
421637,"HELPING HANDS HOSPICE OF SOUTH CAROLINA LLC","136 SPORTHORSE LANE",-,AIKEN,SC,29803,AIKEN,"(803) 226-0961",4,For-Profit,05/13/2020
421638,"ARDENT HOSPICE & PALLIATIVE CARE OF SC, INC","910 MOUNT GILEAD RD","SUITE B3","MURRELLS INLET",SC,29576,GEORGETOWN,"(843) 256-3197",4,For-Profit,05/29/2020
421639,"HANDS OF HOPE","136 STONEMARK LANE","STE.100 B",COLUMBIA,SC,29210,RICHLAND,"(864) 542-2100",4,For-Profit,12/26/2019
421640,"V CARE HOSPICE, LLC","300 JOHNS STREET","STE 7B",GREER,SC,29651,GREENVILLE,"(864) 453-1955",4,Government,06/22/2020
421642,"ANGELIC HEALTH OF SC LLC","923 MEDICAL CIR",-,"MYRTLE BEACH",SC,29572,HORRY,"(609) 822-7979",4,For-Profit,06/29/2021
421643,"HOSPICE SERVICES OF SC, LLC","233 WEST AVE",-,"NORTH AUGUSTA",SC,29841,AIKEN,"(803) 599-5137",4,For-Profit,01/04/2022
421644,"EPIC CARE HEALTH LLC","1012 MARKET ST SUITE 307",-,"FORT MILL",SC,29708,YORK,"(803) 620-9399",4,,04/03/2022
421646,"INTERIM HEALTH CARE HOSPICE OF CHARLESTON","3820 FABER PLACE DR, SUITE 200",-,"NORTH CHARLESTON",SC,29405,CHARLESTON,"(843) 554-1410",4,,09/20/2022
421647,"MUSC HEALTH HOSPICE AT HOME BY BAYADA-CHARLESTON","4055 FABER PLACE DR SUITE 212",-,CHARLESTON,SC,29405,CHARLESTON,"(843) 416-4020",4,,11/18/2022
421648,"EMPYREAN HOSPICE OF SOUTH CAROLINA","900 TRAIL RIDGE RD SUITE 105",-,AIKEN,SC,29803,-,"(803) 233-2882",4,,09/22/2023
421649,"AT HOME SENIOR CARE","1700 MAIN ST",-,NEWBERRY,SC,29108,NEWBERRY,"(803) 920-4265",4,,02/01/2024
421650,"BERNARDO HOSPICE CARE","2306 HARRINGTON STREET STE 1",-,NEWBERRY,SC,29108,-,"(803) 321-3035",4,,02/28/2024
421651,"CMC EMBRACE HOSPICE","624 SINGLETON RIDGE RD",-,CONWAY,SC,29526,-,"(843) 234-6946",4,,05/23/2024
421652,"SUNRISE HOSPICE","10177 NORTH KINGS HWY","UNIT 71","MYRTLE BEACH",SC,29572,HORRY,"(843) 680-8712",4,,07/26/2024
421653,"CARDINAL HOSPICE LLC","14 SAVANAH HIGHWAY SUITE 24",-,BEAUFORT,SC,29906,-,"(843) 252-0463",4,,12/27/2024
421654,"CARING SEASONS HEALTH LLC","100 MAIN STREET SUITE 204",-,"FORT MILL",SC,29715,-,"(803) 369-6255",4,,12/11/2024
421655,"SERENITY HOSPICE CARE OF THE UPSTATE LLC","302 S LIMESTONE STREET",-,GAFFNEY,SC,29340,-,"(864) 206-4024",4,,03/17/2025
421656,"HEARTSONG HOSPICE","7909 PARKLANE RD, STE 310",-,COLUMBIA,SC,29223,RICHLAND,"(803) 722-0662",4,,12/09/2025
431501,"MONUMENT HEALTH HOME PLUS HOSPICE","224 ELK STREET POST OFFICE BOX 6000",-,"RAPID CITY",SD,57709,PENNINGTON,"(605) 755-7710",8,For-Profit,05/21/1986
431502,"SANFORD HOSPICE","2710 W 12TH STREET","PO BOX 5039","SIOUX FALLS",SD,57104,MINNEHAHA,"(605) 312-5500",8,Non-Profit,09/28/1988
431503,"AVERA @ HOME","4509 PRINCE OF PEACE PLACE","1325 S CLIFF AVE","SIOUX FALLS",SD,57103,MINNEHAHA,"(605) 322-7705",8,Other,12/29/1988
431504,"PRAIRIE LAKES HOSPICE","401 9TH AVE NW POST OFFICE BOX 1210",-,WATERTOWN,SD,57201,CODINGTON,"(605) 882-7745",8,Non-Profit,08/07/1989
431505,"AVERA @ HOME","1115 WEST 9TH ST",-,YANKTON,SD,57078,YANKTON,"(605) 668-8327",8,Other,08/24/1990
431506,"HURON REGIONAL MEDICAL CENTER","530 IOWA AVE SE STE 107","110 4TH ST SE",HURON,SD,57350,BEADLE,"(605) 353-6520",8,Non-Profit,02/12/1992
431507,"AVERA @ HOME","1115 E 5TH AVE",-,MITCHELL,SD,57301,DAVISON,"(605) 995-2268",8,Other,07/28/1993
431508,"AVERA @ HOME","706 S MAIN ST",-,ABERDEEN,SD,57401,BROWN,"(605) 622-5200",8,Non-Profit,09/19/1994
431509,"BROOKINGS HEALTH SYSTEM","300 22ND AVE",-,BROOKINGS,SD,57006,BROOKINGS,"(605) 696-7700",8,Government,07/26/1995
431512,"AVERA @ HOME","800 EAST DAKOTA AVENUE",-,PIERRE,SD,57501,HUGHES,"(605) 224-3218",8,Other,09/04/1996
431513,"MONUMENT HEALTH HOME PLUS HOSPICE","931 E COLORADO BLVD",-,SPEARFISH,SD,57783,LAWRENCE,"(605) 644-4444",8,For-Profit,12/17/1997
431515,"AVERA @ HOME","901 S DAKOTA ST, STE 1A",-,MILBANK,SD,57252,GRANT,"(605) 432-3259",8,Other,06/15/2000
431516,"ASERACARE HOSPICE","6009 W 41ST ST, SUITE 4",-,"SIOUX FALLS",SD,57106,MINNEHAHA,"(605) 338-2066",8,For-Profit,07/30/2004
431520,"STILLWATER HOSPICE OF SOUTH DAKOTA","3117 W RAPID ST STE 5",-,"RAPID CITY",SD,57702,PENNINGTON,"(605) 745-4967",8,For-Profit,01/03/2017
431521,"ST CROIX HOSPICE","6330 S WESTERN AVE STE 100",-,"SIOUX FALLS",SD,57108,MINNEHAHA,"(605) 800-4050",8,Other,02/03/2022
431523,"HEARTLAND HOME HEALTH & HOSPICE LLC","319 SUMMIT ST",-,"BELLE FOURCHE",SD,57717,BUTTE,"(605) 723-4663",8,,04/12/2024
441501,"ALIVE HOSPICE INC","1718 PATTERSON ROAD",WWW.ALIVEHOSPICE.ORG,NASHVILLE,TN,37203,DAVIDSON,"(615) 327-1085",4,Non-Profit,04/10/1984
441502,"METHODIST ALLIANCE HOSPICE","6400 SHELBY VIEW DRIVE, SUITE 101",-,MEMPHIS,TN,38134,SHELBY,"(901) 516-1400",4,Non-Profit,08/31/1984
441504,"HOSPICE OF CHATTANOOGA HOLDINGS, LLC","2030 HAMILTON PLACE BOULEVARD, SUITE 220",-,CHATTANOOGA,TN,37421,HAMILTON,"(423) 892-4289",4,Non-Profit,06/30/1986
441506,"AMEDISYS HOSPICE CARE","6570 STAGE ROAD SUITE 120",-,BARTLETT,TN,38134,SHELBY,"(901) 680-0378",4,For-Profit,02/09/1987
441507,"AVEANNA HOSPICE","471 NORTHCREST DRIVE",-,SPRINGFIELD,TN,37172,ROBERTSON,"(615) 384-9425",4,Non-Profit,07/13/1987
441511,"HOSPICE OF CUMBERLAND COUNTY INC","30 EAST ADAMS STREET",-,CROSSVILLE,TN,38555,CUMBERLAND,"(931) 484-4748",4,For-Profit,07/12/1988
441513,"HIGHPOINT HOSPICE","300 STEAM PLANT ROAD, SUITE 220",-,GALLATIN,TN,37066,SUMNER,"(615) 328-5515",4,Other,10/11/1988
441514,"HOSPICE OF WEST TENNESSEE","1804 HWY 45 BYPASS DUFFY TOWERS SUITE 100",-,JACKSON,TN,38305,MADISON,"(731) 664-4220",4,Non-Profit,10/24/1988
441520,"KINDRED HOSPICE","750 E SPRING ST STE B1",-,COOKEVILLE,TN,38501,PUTNAM,"(931) 528-5133",4,For-Profit,11/28/1989
441522,"SUNCREST HOSPICE","647 DUNLOP LANE, SUITE 117",-,CLARKSVILLE,TN,37040,MONTGOMERY,"(931) 552-9551",4,For-Profit,02/21/1991
441525,"AMEDISYS HOSPICE AN ADVENTA COMPANY","1420 DUTCH VALLEY ROAD SUITE C",-,KNOXVILLE,TN,37918,KNOX,"(865) 689-7123",4,For-Profit,07/26/1991
441526,"PRISMA HEALTH HOSPICE AND PALLIATIVE CARE","1095 EAST LAMAR ALEXANDER PARKWAY",-,MARYVILLE,TN,37804,BLOUNT,"(865) 977-5702",4,Government,11/14/1991
441527,"AMEDISYS HOSPICE","1639 MEDICAL CENTER PARKWAY, SUITE 302",-,MURFREESBORO,TN,37129,DAVIDSON,"(615) 316-2243",4,For-Profit,03/19/1992
441529,"BEACON HOSPICE","903 MAIN STREET",-,"NEW TAZEWELL",TN,37825,CLAIBORNE,"(423) 626-1755",4,Other,04/02/1993
441530,"LINCOLN MEDICAL HOME HEALTH AND HOSPICE","106 MEDICAL CENTER BLVD",-,FAYETTEVILLE,TN,37334,LINCOLN,"(931) 433-8088",4,Government,03/05/1993
441533,"AMEDISYS HOSPICE, AN ADVENTA COMPANY","7205 LEE HIGHWAY SUITE B",-,CHATTANOOGA,TN,37421,HAMILTON,"(423) 499-0018",4,For-Profit,05/19/1993
441534,"AMEDISYS HOSPICE, AN ADVENTA COMPANY","1500 WEST ELK AVENUE SUITE 110",-,ELIZABETHTON,TN,37643,CARTER,"(423) 547-0852",4,Other,06/30/1993
441536,"BAPTIST TRINITY HOME CARE AND HOSPICE","8000 CENTERVIEW PARKWAY, SUITE 401",-,CORDOVA,TN,38018,SHELBY,"(901) 767-6767",4,Other,08/30/1993
441542,"COVENANT HOSPICE","3001 LAKE BROOK BLVD SUITE 101",-,KNOXVILLE,TN,37909,KNOX,"(865) 374-0600",4,Non-Profit,11/15/1993
441545,GENTIVA,"7135 CHARLOTTE PIKE, STE. 200",-,NASHVILLE,TN,37209,DAVIDSON,"(615) 889-5995",4,For-Profit,06/20/1994
441547,"UNIVERSITY OF TN MEDICAL CENTER HOME CARE SERVICES -KNOXVILLE TN","4435 VALLEY VIEW DRIVE, SUITE 104",-,KNOXVILLE,TN,37917,KNOX,"(865) 544-6222",4,Other,06/09/1994
441548,"HENRY COUNTY MEDICAL CENTER HOSPICE","311 EAST WOOD STREET",-,PARIS,TN,38242,HENRY,"(731) 642-7600",4,Government,06/24/1994
441550,"SMOKY MOUNTAIN HOME HEALTH AND HOSPICE, I N C","222 HERITAGE BLVD",-,NEWPORT,TN,37821,COCKE,"(423) 623-0233",4,For-Profit,06/23/1994
441553,"GENTIVA II","2127 MEMORIAL BLVD","SUITE A",SPRINGFIELD,TN,37172,ROBERTSON,"(615) 365-1009",4,For-Profit,06/30/1994
441554,"AVEANNA HOSPICE","235 NOAH DRIVE SUITE 300","SUITE 300",FRANKLIN,TN,37064,WILLIAMSON,"(615) 791-8499",4,For-Profit,08/01/1994
441557,"ADORATION HOME HEALTH & HOSPICE CARE EAST TENNESSE","2765 EXECUTIVE PARK DRIVE",-,CLEVELAND,TN,37312,BRADLEY,"(423) 479-4581",4,For-Profit,01/17/1995
441558,"BALLAD HEALTH HOSPICE","280 STEELES ROAD",-,BRISTOL,TN,37620,SULLIVAN,"(423) 844-5252",4,Other,01/12/1995
441560,"SUNCREST HOSPICE","1225 E. WEISGARBER ROAD, SUITE 380S",-,KNOXVILLE,TN,37909,KNOX,"(865) 925-5500",4,For-Profit,05/16/1995
441570,"HOSPICE COMPASSUS - THE HIGHLAND RIM","1805 N JACKSON STREET, SUITE 11 & 12",-,TULLAHOMA,TN,37388,COFFEE,"(931) 455-9118",4,For-Profit,07/31/1996
441573,"CROSSROADS HOSPICE OF TENNESSEE, LLC","1669 SHELBY OAKS DRIVE SUITE 106",-,MEMPHIS,TN,38134,SHELBY,"(901) 382-9292",4,Other,05/22/1998
441575,"BAPTIST MEMORIAL HOME CARE & HOSPICE","641 R B WILSON DRIVE SUITE J",-,HUNTINGDON,TN,38344,CARROLL,"(731) 986-3220",4,Other,07/29/1998
441576,GENTIVA,"930 MCCALLIE AVE.",-,CHATTANOOGA,TN,37403,HAMILTON,"(423) 892-3737",4,For-Profit,09/16/1998
441577,"BAPTIST HOSPICE UNION CITY","1201 BISHOP STREET",-,"UNION CITY",TN,38261,OBION,"(731) 884-8617",4,Other,05/27/1999
441578,"UNIVERSITY OF TN MEDICAL CENTER HOME CARE SERVICES","3301 WEST ANDREW JOHNSON HIGHWAY, SUITE 102",-,MORRISTOWN,TN,37814,HAMBLEN,"(423) 586-7858",4,For-Profit,07/14/1999
441579,COMPASSUS-MEMPHIS,"1755 LYNNFIELD ROAD, SUITE 108",-,MEMPHIS,TN,38119,SHELBY,"(901) 309-1855",4,For-Profit,11/06/2000
441581,"BEACON HOSPICE","1939 A CEDAR STREET",-,"MC KENZIE",TN,38201,CARROLL,"(731) 392-1340",4,For-Profit,06/04/2001
441582,"TENNESSEE QUALITY CARE - HOSPICE","409 WALKER ROAD","SUITE B",JACKSON,TN,38305,MADISON,"(731) 410-2250",4,For-Profit,06/18/2001
441584,"CARIS HEALTHCARE","242 HERITAGE PARK DRIVE SUITE 101",-,MURFREESBORO,TN,37129,RUTHERFORD,"(615) 217-8720",4,For-Profit,03/08/2004
441585,"CARIS HEALTHCARE","10651 COWARD MILL RD SUITE B",-,KNOXVILLE,TN,37931,KNOX,"(865) 694-4988",4,For-Profit,03/25/2004
441586,"CARIS HEALTHCARE","2525 PERIMETER PLACE DRIVE SUITE 129",-,NASHVILLE,TN,37214,DAVIDSON,"(615) 366-9952",4,For-Profit,06/01/2004
441587,"CARIS HEALTHCARE","208 SUNSET DRIVE, SUITE 370",-,"JOHNSON CITY",TN,37604,WASHINGTON,"(423) 929-2044",4,For-Profit,06/17/2004
441589,"VOLUNTEER HOSPICE","211A DEXTER L WOODS MEMORIAL BLVD",-,WAYNESBORO,TN,38485,WAYNE,"(931) 722-9601",4,For-Profit,11/22/2004
441590,"CARIS HEALTHCARE","5959 SHALLOWFORD ROAD","SUITE 515",CHATTANOOGA,TN,37421,HAMILTON,"(423) 899-4044",4,For-Profit,05/12/2005
441591,"ACCENTCARE HOSPICE & PALLIATIVE CARE OF NASHVILLE.","741 COOL SPRINGS BOULEVARD, SUITE 102",-,FRANKLIN,TN,37067,WILLIAMSON,"(615) 771-8979",4,For-Profit,06/01/2005
441592,"ADORATION HOSPICE","1210 BRIARVILLE RD BLDG D, SUITE A",-,MADISON,TN,37115,DAVIDSON,"(615) 242-5936",4,For-Profit,12/02/2005
441593,"CARIS HEALTHCARE","7953 STAGE HILLS BLVD SUITE 107","SUITE 107",BARTLETT,TN,38133,SHELBY,"(901) 465-2120",4,For-Profit,12/07/2005
441594,"CARIS HEALTHCARE","2308A MEMORIAL BLVD",-,SPRINGFIELD,TN,37172,ROBERTSON,"(615) 384-3833",4,For-Profit,03/30/2006
441596,"ARDEN HOSPICE OF SOUTHERN TENNESSEE, LLC","202 EAST SCHOOL STREET",-,LINDEN,TN,37096,PERRY,"(931) 589-2010",4,For-Profit,02/21/2007
441598,"ENHABIT HOSPICE","53 CENTURY BLVD., SUITE 170",-,NASHVILLE,TN,37214,DAVIDSON,"(615) 889-3357",4,For-Profit,06/16/2010
441599,"QUALITY HOSPICE","341 WEST CENTRAL AVENUE",-,JAMESTOWN,TN,38556,FENTRESS,"(931) 879-9330",4,For-Profit,01/04/2013
441600,"HEARTH HOSPICE","811 BROAD ST, SUITE 100",-,CHATTANOOGA,TN,37402,HAMILTON,"(423) 531-6555",4,Other,03/22/2013
441602,"AMEDISYS HOSPICE CARE","3901 CENTRAL PIKE, SUITE 259",-,HERMITAGE,TN,37076,DAVIDSON,"(615) 231-7113",4,Other,01/05/2016
441603,"GENTIVA I","3855 OCOEE ST., STE. 200",-,CLEVELAND,TN,37312,BRADLEY,"(423) 458-6455",4,For-Profit,01/04/2017
441604,"HOPE HOSPICE & PALLIATIVE CARE","3085 FOUNTAINSIDE DR, STE 210",-,GERMANTOWN,TN,38138,SHELBY,"(901) 560-3600",4,Other,06/21/2021
441605,"HEART AND SOUL HOSPICE LLC","51 CENTURY BLVD","STE 110",NASHVILLE,TN,37214,DAVIDSON,"(615) 835-3822",4,For-Profit,06/20/2021
441606,"SHALOM HOSPICE, LLC","5409 MARYLAND WAY, SUITE 212",-,BRENTWOOD,TN,37207,WILLIAMSON,"(615) 623-8900",4,,02/03/2023
441607,"LEGACY HOSPICE OF THE SOUTH","124 COURT AVENUE",-,SELMER,TN,38375,MCNAIRY,"(731) 646-1213",4,,12/06/2022
441608,"ACCENTCARE HOSPICE AND PALLIATIVE CARE OF TENNESSEE LLC","855 RIDGE LAKE BLVD, SUITE 120",-,MEMPHIS,TN,38120,SHELBY,"(901) 795-5949",4,,07/28/2023
441609,"SHALOM HOSPICE OF GREATER KNOXVILLE LLC","8351 E WALKER SPRINGS LANE",-,KNOXVILLE,TN,37923,KNOX,"(865) 551-7001",4,,04/11/2024
441610,"HEART N SOUL HOSPICE MEMPHIS LLC","1255 LYNNFIELD ROAD, SUITE 258",-,MEMPHIS,TN,38157,SHELBY,"(615) 835-3822",4,,05/28/2025
441611,"PRUITTHEALTH HOSPICE AND PALLIATIVE CARE - WESTERN TENNESSEE","34-36 NORTH LAFAYETTE AVENUE",-,BROWNSVILLE,TN,38012,HAYWOOD,"(901) 664-3680",4,,05/29/2025
451501,"COMMUNITY HEALTHCARE OF TEXAS","6100 WESTERN PL STE 105",-,"FORT WORTH",TX,76107,TARRANT,"(817) 870-2795",6,Non-Profit,01/10/1984
451502,"CHRISTUS HOSPICE AND PALLIATIVE CARE SPOHN","5151 FLYNN PKWY STE 627",-,"CORPUS CHRISTI",TX,78411,NUECES,"(361) 994-3450",6,For-Profit,03/08/1984
451504,"VITAS HEALTHCARE OF TEXAS LP","8585 N STEMMONS FWY, STE 200S",-,DALLAS,TX,75247,DALLAS,"(214) 424-5600",6,For-Profit,04/20/1984
451505,"HOSPICE OF EL PASO INC","8515 LOCKHEED DR",-,"EL PASO",TX,79925,"EL PASO","(915) 532-5699",6,Non-Profit,06/08/1984
451506,VNA,"1420 W. MOCKINGBIRD LN STE 700",-,DALLAS,TX,75247,DALLAS,"(214) 689-0000",6,Non-Profit,10/01/1984
451508,"HOSPICE CARE TEAM INC","11441 32ND AVENUE NORTH SUITE B",-,"TEXAS CITY",TX,77591,GALVESTON,"(409) 938-0070",6,Other,08/30/1985
451510,"PARIS SIGNATURE HOSPICE","3305 LOOP 286, SUITE D",-,PARIS,TX,75462,LAMAR,"(903) 785-1800",6,For-Profit,11/21/1985
451514,"CHRISTUS VNA HOSPICE SAN ANTONIO","5253 PRUE RD BLDG 1 STE 100C",-,"SAN ANTONIO",TX,78240,BEXAR,"(210) 785-5255",6,For-Profit,12/02/1986
451515,"HOSPICE AUSTIN","4107 SPICEWOOD SPRINGS RD STE #100",-,AUSTIN,TX,78759,TRAVIS,"(512) 342-4700",6,Non-Profit,12/05/1986
451518,"HOME HOSPICE","505 WEST CENTER STREET",-,SHERMAN,TX,75090,GRAYSON,"(903) 868-9315",6,Non-Profit,09/03/1987
451519,"COVENANT HEALTH AT HOME WITH COMPASSUS, HOSPICE OF LUBBOCK","3702 21ST STREET",-,LUBBOCK,TX,79410,LUBBOCK,"(806) 795-2751",6,Other,10/16/1987
451520,GENTIVA,"7202 SLIDE RD STE 301",-,LUBBOCK,TX,79424,LUBBOCK,"(806) 748-1041",6,For-Profit,11/06/1987
451522,"HOPE HOSPICE","611 NORTH WALNUT",-,"NEW BRAUNFELS",TX,78130,COMAL,"(830) 625-7500",6,Non-Profit,05/24/1988
451525,"HOSPICE OF SOUTH TEXAS INC","605 EAST LOCUST",-,VICTORIA,TX,77901,VICTORIA,"(361) 572-4300",6,Non-Profit,08/10/1988
451526,"HOSPICE OF WICHITA FALLS","5020 WILBARGER ST",-,VERNON,TX,76384,WILBARGER,"(940) 691-0982",6,Non-Profit,10/18/1988
451527,GENTIVA,"7557 RAMBLER RD STE 560",-,DALLAS,TX,75231,DALLAS,"(214) 231-3914",6,For-Profit,10/18/1988
451530,"HOUSTON HOSPICE","1905 HOLCOMBE",-,HOUSTON,TX,77030,HARRIS,"(713) 467-7423",6,Non-Profit,12/09/1988
451531,"HOSPICE OF MIDLAND INC","911 WEST TEXAS AVENUE",-,MIDLAND,TX,79701,MIDLAND,"(432) 682-2855",6,For-Profit,03/08/1989
451532,"HOSPICE OF SAN ANGELO","1933 UNIVERSITY AVE",-,"SAN ANGELO",TX,76904,"TOM GREEN","(325) 658-6524",6,Non-Profit,03/10/1989
451533,"THE SOUTHEAST TEXAS HOSPICE","912 WEST CHERRY",-,ORANGE,TX,77630,ORANGE,"(409) 886-0622",6,Non-Profit,06/02/1989
451534,"HOSPICE OF EAST TEXAS","4111 UNIVERSITY BLVD",-,TYLER,TX,75701,SMITH,"(903) 266-3400",6,Non-Profit,09/15/1989
451536,"VITAS HEALTHCARE OF TEXAS L P","3131 EASTSIDE STREET SUITE 200",-,HOUSTON,TX,77098,HARRIS,"(713) 663-4900",6,For-Profit,10/10/1989
451537,"HOSPICE IN THE PINES","1504 WEST FRANK AVENUE",-,LUFKIN,TX,75904,ANGELINA,"(936) 632-1514",6,For-Profit,11/10/1989
451538,"MEMORIAL HOSPICE","209 S BLISS",-,DUMAS,TX,79029,MOORE,"(806) 935-4946",6,"Combination Government & Non-Profit",01/18/1990
451539,"HENDRICK HOSPICE CARE INC","1651 PINE STREET",-,ABILENE,TX,79601,TAYLOR,"(325) 670-2273",6,Non-Profit,05/03/1990
451541,"GUADALUPE REGIONAL HOSPICE","1346 E WALNUT ST",-,SEGUIN,TX,78155,GUADALUPE,"(830) 401-7561",6,"Combination Government & Non-Profit",08/22/1990
451542,GENTIVA,"2626 SOUTH 37TH STREET SUITE #B",-,TEMPLE,TX,76504,BELL,"(254) 742-2000",6,For-Profit,09/18/1990
451547,"HOSPICE BRAZOS VALLEY INC","502 W 26TH STREET",-,BRYAN,TX,77803,BRAZOS,"(979) 821-2266",6,For-Profit,04/10/1991
451548,"CHRISTUS HOSPICE - CENTRAL TEXAS","1251 SADLER DRIVE, SUITE 1250",-,"SAN MARCOS",TX,78666,HAYS,"(512) 754-6159",6,For-Profit,06/11/1991
451550,"HANSFORD HOSPICE","712 SOUTH ROLAND",-,SPEARMAN,TX,79081,HANSFORD,"(806) 659-5811",6,"Combination Government & Non-Profit",07/09/1991
451553,"VITAS HEALTHCARE OF TEXAS, L.P.","5651 BRIDGE STREET",-,"FORT WORTH",TX,76112,TARRANT,"(817) 870-7070",6,For-Profit,12/10/1991
451558,"HOSPICE OF THE BIG COUNTRY","4601 HARTFORD",-,ABILENE,TX,79605,TAYLOR,"(325) 793-5450",6,Non-Profit,04/17/1992
451562,"ACCENTCARE HOSPICE & PALLIATIVE CARE OF HOUSTON - CENTRAL, LLC","16350 PARK TEN PL STE 102",-,HOUSTON,TX,77084,HARRIS,"(713) 941-2132",6,Non-Profit,06/17/1992
451563,"GENTIVA HOSPICE","1222 N. MAIN AVENUE STE 600",-,"SAN ANTONIO",TX,78212,BEXAR,"(210) 738-8141",6,For-Profit,08/19/1992
451565,"CEDAR LAKE HOME HEALTH AND HOSPICE","218 PARK ST",-,MALAKOFF,TX,75163,HENDERSON,"(903) 489-2043",6,For-Profit,10/05/1992
451566,"ENHABIT HOSPICE","3817 CONSTITUTION DRIVE, STE 200",-,"EL PASO",TX,79922,"EL PASO","(915) 300-2228",6,Government,09/15/1992
451569,"BAYLOR SCOTT & WHITE HOSPICE-WACO","2911 HERRING AVENUE SUITE 310",-,WACO,TX,76708,MCLENNAN,"(254) 202-5100",6,For-Profit,11/05/1992
451574,"BENCHMARK HOSPICE, LLC","780 CLEPPER ST, SUITE 100B",-,MONTGOMERY,TX,77356,MONTGOMERY,"(936) 274-3787",6,For-Profit,03/31/1993
451575,"CYPRESS BASIN HOSPICE INC","207 WEST MORGAN STREET",-,"MOUNT PLEASANT",TX,75455,TITUS,"(903) 577-1510",6,Non-Profit,05/06/1993
451578,"HOSPICE OF TEXARKANA INC","2407 GALLERIA OAKS",-,TEXARKANA,TX,75503,BOWIE,"(903) 794-4263",6,Non-Profit,06/02/1993
451579,"HEARTSWAY HOSPICE OF NORTHEAST TEXAS","4351 MCCANN RD",-,LONGVIEW,TX,75605,GREGG,"(903) 295-1680",6,Non-Profit,06/09/1993
451583,GENTIVA,"5409 PLAZA DRIVE",-,TEXARKANA,TX,75503,BOWIE,"(903) 675-8941",6,For-Profit,07/07/1993
451589,"HOSPICE OF OCHILTREE GENERAL HOSPITAL","3019 S MAIN ST",-,PERRYTON,TX,79070,OCHILTREE,"(806) 435-2122",6,Non-Profit,02/02/1994
451591,"VITAS HEALTHCARE OF TEXAS LP","5750 NORTHWEST PKWY STE 111",-,"SAN ANTONIO",TX,78249,BEXAR,"(210) 348-4040",6,For-Profit,02/23/1994
451594,"COMMUNITY CARE SERVICES HOSPICE","118 EAST LIVEOAK STE 104",-,DUBLIN,TX,76446,ERATH,"(254) 445-4675",6,For-Profit,02/10/1994
451596,"ALTUS HOSPICE","2615 CALDER AVENUE, SUITE 111",-,BEAUMONT,TX,77702,JEFFERSON,"(409) 832-4582",6,For-Profit,04/26/1994
451600,"METHODIST HEALTHCARE HILL COUNTRY HOSPICE & FAMILY CARE","808 REUBEN ST, BRUNE BLDG 2ND FLR",-,FREDERICKSBURG,TX,78624,GILLESPIE,"(830) 997-1335",6,Non-Profit,07/27/1994
451603,"HEMPHILL COUNTY HOSPICE","210 E PURCELL AVE",-,CANADIAN,TX,79014,HEMPHILL,"(806) 323-6422",6,Government,10/04/1994
451605,"EMBRACE HOSPICE","9111 JOLLYVILLE ROAD, SUITE 200",-,AUSTIN,TX,78759,TRAVIS,"(512) 772-4015",6,For-Profit,12/02/1994
451610,"ANGELS CARE HOSPICE","1908 ELMWOOD NORTH AVE, STE 102",-,"WICHITA FALLS",TX,76308,WICHITA,"(940) 500-2537",6,For-Profit,06/09/1994
451614,"ROBINSON CREEK HOME HEALTH AND HOSPICE","5316 HWY 290 SUITE 360",-,AUSTIN,TX,78735,TRAVIS,"(512) 328-7606",6,For-Profit,12/20/1994
451617,"HOME HOSPICE","601 E 2ND ST STE F",-,ODESSA,TX,79761,ECTOR,"(432) 580-9990",6,For-Profit,04/20/1995
451624,"CHOICE HEALTH AT HOME","8900 EMMETT F LOWERY EXPY STE 102A",-,"TEXAS CITY",TX,77591,GALVESTON,"(409) 935-0169",6,For-Profit,08/24/1995
451635,"CUSTOM CARE HOSPICE","6606 LBJ FREEWAY SUITE 110",-,DALLAS,TX,75240,DALLAS,"(972) 242-5959",6,For-Profit,12/18/1995
451638,GENTIVA,"3129 COLLEGE ST STE 150",-,BEAUMONT,TX,77701,JEFFERSON,"(409) 924-0085",6,For-Profit,02/09/1996
451640,GENTIVA,"1911 CORPORATE DRIVE SUITE 104",-,"SAN MARCOS",TX,78666,HAYS,"(512) 392-9138",6,For-Profit,03/14/1996
451658,"CHILDRESS REGIONAL MEDICAL CENTER HOSPICE","901 HIGHWAY 83 NORTH",-,CHILDRESS,TX,79201,CHILDRESS,"(940) 937-2500",6,Other,11/13/1996
451660,"REEVES REGIONAL HOME HEALTH & HOSPICE","2349 MEDICAL DRIVE",-,PECOS,TX,79772,REEVES,"(432) 445-3330",6,Other,12/10/1996
451663,GENTIVA,"3232 HOBBS ROAD",-,AMARILLO,TX,79109,RANDALL,"(806) 372-7696",6,For-Profit,03/05/1997
451667,GENTIVA,"410 N ED CAREY DR, STE A",-,HARLINGEN,TX,78550,CAMERON,"(956) 423-1101",6,For-Profit,05/14/1997
451675,"UVALDE HOSPICE","100 ROYAL LANE",-,UVALDE,TX,78801,UVALDE,"(830) 278-6691",6,Other,11/20/1997
451679,"UNIVERSAL HEALTH SERVICES","1208 COUNTRY CLUB LANE STE #C",-,"FORT WORTH",TX,76112,TARRANT,"(817) 451-1404",6,For-Profit,12/04/1997
451682,GENTIVA,"4440 S PIEDRAS DRIVE SUITE 125",-,"SAN ANTONIO",TX,78228,BEXAR,"(210) 733-1212",6,For-Profit,07/09/1998
451687,"CARDINAL HOSPICE","2251 COUNTRY CLUB DR. STE 123",-,MANSFIELD,TX,76063,TARRANT,"(817) 745-9816",6,For-Profit,11/06/1998
451688,"SOLARIS HOSPICE INC","2200 S FM 51 SUITE 200",-,DECATUR,TX,76234,WISE,"(940) 627-1011",6,For-Profit,11/04/1998
451691,"BAYLOR SCOTT & WHITE HOSPICE - TEMPLE","5701 AIRPORT ROAD, POD M195",-,TEMPLE,TX,76502,BELL,"(254) 724-4090",6,For-Profit,12/17/1998
451697,GENTIVA,"116 WEST CONCHO AVENUE",-,"SAN ANGELO",TX,76903,"TOM GREEN","(325) 481-0123",6,For-Profit,11/10/1999
451700,"AMEDISYS HOSPICE","6300 RIDGLEA PL","STE 810","FORT WORTH",TX,76116,TARRANT,"(817) 570-7190",6,For-Profit,06/09/2000
451701,"STAR HOSPICE","620 N GRANT AVENUE SUITE 100",-,ODESSA,TX,79761,ECTOR,"(432) 580-7707",6,For-Profit,04/05/2001
451703,GENTIVA,"100 E. HUBBARD ST STE 101",-,"MINERAL WELLS",TX,76067,"PALO PINTO","(940) 468-4194",6,For-Profit,06/07/2001
451705,GENTIVA,"10767 GATEWAY BLVD W, STE 400",-,"EL PASO",TX,79935,"EL PASO","(915) 778-9058",6,For-Profit,06/22/2001
451707,GENTIVA,"2400 CROCKETT DRIVE SUITE 300",-,BROWNWOOD,TX,76801,BROWN,"(325) 643-5718",6,For-Profit,07/25/2001
451708,"LIFECARE HEALTH SERVICES","911 W LOOP 281, SUITE 204",-,LONGVIEW,TX,75604,GREGG,"(903) 297-9300",6,For-Profit,09/06/2001
451709,"VITALCARING GROUP","16730 N ELDRIDGE PKWY STE A",-,TOMBALL,TX,77377,HARRIS,"(281) 646-9900",6,For-Profit,11/28/2001
451712,"HEART OF TEXAS HOSPICE","18568 FORTY SIX PARKWAY SUITE 3001A",-,"SPRING BRANCH",TX,78070,BEXAR,"(830) 730-7711",6,For-Profit,12/10/2001
451713,"PROVIDENCE HOSPICE","6700 SANGER AVE",-,WACO,TX,76710,MCLENNAN,"(254) 399-9099",6,Non-Profit,01/02/2002
451715,GENTIVA,"7320 NORTH MOPAC EXPRESSWAY, SUITE 300",-,AUSTIN,TX,78731,TRAVIS,"(512) 651-9227",6,For-Profit,04/09/2002
451717,"NURSES ON WHEELS HOME HEALTH AND HOSPICE","410 S. PADRE ISLAND DR, STE 200",-,"CORPUS CHRISTI",TX,78405,NUECES,"(800) 897-4082",6,For-Profit,08/09/2002
451720,"HOSPICE HEALTHCARE NETWORK","306 E RANDOL MILL RD STE 100",-,ARLINGTON,TX,76011,TARRANT,"(817) 461-2614",6,Non-Profit,11/19/2002
451727,"CHOICE HEALTH AT HOME","5151 FLYNN PKWY STE 301A",-,"CORPUS CHRISTI",TX,78411,NUECES,"(361) 933-0101",6,For-Profit,05/16/2003
451729,"HOSPICE COMPASSUS HOUSTON","9400 GROGANS MILL RD, STE 200",-,"THE WOODLANDS",TX,77380,MONTGOMERY,"(936) 755-3108",6,For-Profit,05/30/2003
451730,"TRADITIONS HEALTH","371 SOLON RD STE 100B",-,WAXAHACHIE,TX,75165,ELLIS,"(972) 878-2273",6,For-Profit,06/19/2003
451734,"EXCLUSIVE HOME HEALTH AND HOSPICE INC","112 N SAINT MARYS STREET",-,BEEVILLE,TX,78102,BEE,"(361) 358-2468",6,For-Profit,10/01/2003
451735,"AMEDISYS HOSPICE","12603 SOUTHWEST FWY STE 550",-,STAFFORD,TX,77477,"FORT BEND","(713) 667-3247",6,For-Profit,09/25/2003
451738,"AMEDISYS HOSPICE OF SAN ANTONIO","5368 FREDERICKSBURG ROAD, BUILDING A STE 210",-,"SAN ANTONIO",TX,78229,BEXAR,"(210) 541-0922",6,For-Profit,11/18/2003
451740,"CHOICE HOSPICE","6770 OLD JACKSONVILLE HWY; SUITE 102A",-,TYLER,TX,75703,SMITH,"(903) 509-3015",6,For-Profit,11/18/2003
451741,"HEART TO HEART HOSPICE OF TEXAS LTD","1406 HALSEY WAY STE 110",-,CARROLLTON,TX,75007,DENTON,"(972) 479-0766",6,For-Profit,12/15/2003
451743,"BRISTOL HOSPICE - NORTH CENTRAL TEXAS","1905 N HIGHWAY 77 STE A220",-,WAXAHACHIE,TX,75165,ELLIS,"(972) 923-2436",6,For-Profit,12/03/2003
451745,"HAVEN HOSPICE","2557 NORTH VETERANS BLVD",-,"EAGLE PASS",TX,78852,MAVERICK,"(830) 757-0966",6,Other,01/27/2004
451748,"ELARA CARING","3010 LYNDON B JOHNSON FREEWAY SUITE 1100A",-,DALLAS,TX,75234,DALLAS,"(817) 517-7336",6,For-Profit,02/19/2004
451749,"MERCY HOSPICE, LTD","2281 OLYMPIA DRIVE SUITE #100",-,"FLOWER MOUND",TX,75028,DENTON,"(972) 459-9992",6,For-Profit,02/25/2004
451751,GENTIVA,"500 CHESTNUT ST., STE 1634",-,ABILENE,TX,79602,TAYLOR,"(325) 691-9948",6,For-Profit,03/17/2004
451753,"VITALCARING GROUP","1103 ROCK PRAIRIE RD","SUITE 2051B","COLLEGE STATION",TX,77845,BRAZOS,"(979) 822-5511",6,Government,04/07/2004
451754,"FAITH PRESBYTERIAN HOSPICE","12477 MERIT DR",-,DALLAS,TX,75251,DALLAS,"(972) 239-5300",6,Non-Profit,05/13/2004
451756,"HEART TO HEART HOSPICE OF TYLER LTD","7925 S BROADWAY AVE STE 1140",-,TYLER,TX,75703,SMITH,"(903) 593-6619",6,For-Profit,06/03/2004
451758,"COMPASSUS - CENTRAL TEXAS","510 N VALLEY MILLS DRIVE SUITE 505",-,WACO,TX,76710,MCLENNAN,"(254) 870-5174",6,For-Profit,06/30/2004
451762,"SUNSET HOSPICE INC","16412 N. ELDRIDGE PKWY",-,TOMBALL,TX,77377,HARRIS,"(281) 290-7600",6,For-Profit,07/28/2004
451764,"PROFESSIONAL HOSPICE","345 WEST PARKWAY #101",-,EULESS,TX,76040,TARRANT,"(817) 268-1946",6,For-Profit,08/13/2004
451765,"ELARA CARING","7550 IH-10 WEST STE 710",-,"SAN ANTONIO",TX,78229,BEXAR,"(210) 561-5522",6,For-Profit,08/16/2004
451772,"CUIDADO CASERO HOME HEALTH & HOSPICE","833 W EULESS BLVD.",-,EULESS,TX,76040,TARRANT,"(817) 640-0646",6,For-Profit,11/18/2004
451773,"VITALCARING GROUP","4300 OLTON ROAD",-,PLAINVIEW,TX,79072,HALE,"(806) 293-2732",6,For-Profit,11/17/2004
451774,"ACCENTCARE HEALTH","2950 50TH (HOS)",-,LUBBOCK,TX,79413,LUBBOCK,"(806) 788-0158",6,For-Profit,11/22/2004
451776,"ELITE HOSPICE OF TEXAS","4402 BROADWAY BLVD SUITE# 14A",-,GARLAND,TX,75043,DALLAS,"(972) 770-0597",6,For-Profit,11/24/2004
451777,"HARRIS HOSPICE INC","550 S EDMONDS LN, STE 102",-,LEWISVILLE,TX,75067,DENTON,"(972) 353-0800",6,For-Profit,12/01/2004
451778,"ALPHA OMEGA HOSPICE","941 HILLTOP DRIVE",-,WEATHERFORD,TX,76086,PARKER,"(817) 238-0770",6,For-Profit,12/07/2004
451780,"HOSPICE PLUS","2777 N STEMMONS FWY STE 1100",-,DALLAS,TX,75207,DALLAS,"(903) 675-4444",6,For-Profit,12/27/2004
451782,"SAMARITAN HOSPICE","426 N. MAIN, SUITE E",-,HEREFORD,TX,79045,"DEAF SMITH","(806) 363-6085",6,For-Profit,12/21/2004
451784,"IPH HOSPICE CARE INC","190 ABNER JACKSON PKWY STE 220",-,"LAKE JACKSON",TX,77566,BRAZORIA,"(979) 529-2500",6,For-Profit,03/17/2005
451785,"ENHABIT HOSPICE","2900 ST. MICHAEL DRIVE, SUITE #400B",-,TEXARKANA,TX,75503,BOWIE,"(903) 255-0430",6,For-Profit,03/10/2005
451786,"LEGACY HOME HEALTH AGENCY INC","6000 S STAPLES ST STE 403A",-,"CORPUS CHRISTI",TX,78413,NUECES,"(361) 855-0848",6,For-Profit,03/15/2005
451787,"FAITH COMMUNITY HOSPICE LLC","4721 GARTH RD SUITE H",-,BAYTOWN,TX,77521,HARRIS,"(281) 422-0414",6,For-Profit,03/04/2005
451788,"THREE OAKS HOSPICE","7800 SHOAL CREEK BOULEVARD, SUITE 246 SOUTH",-,AUSTIN,TX,78757,TRAVIS,"(512) 323-6500",6,For-Profit,04/11/2005
451790,"CC YOUNG HOME HEALTH AND HOSPICE","4847 WEST LAWTHER DRIVE STE 100",-,DALLAS,TX,75214,DALLAS,"(214) 841-2825",6,For-Profit,04/26/2005
451791,"COMPASSUS - FORT WORTH","2630 WEST FREEWAY SUITE 130",-,"FORT WORTH",TX,76102,TARRANT,"(817) 735-8741",6,For-Profit,04/27/2005
451793,"ENHABIT HOSPICE","15821 US HIGHWAY 175, SUITE A",-,KEMP,TX,75143,KAUFMAN,"(844) 474-4026",6,For-Profit,04/28/2005
451797,"TENDER HEART HOSPICE CARE","1321 WEST RANDAL MILL ROAD, STE.114",-,ARLINGTON,TX,76012,TARRANT,"(817) 265-0066",6,For-Profit,06/10/2005
451799,"GOOD SHEPHERD HOSPICE OF DALLAS LLC","7920 BELT LINE ROAD SUITE 760",-,DALLAS,TX,75254,DALLAS,"(972) 870-9991",6,For-Profit,07/08/2005
461500,"CNS COMMUNITY HOSPICE","2830 SOUTH REDWOOD ROAD, SUITE A",-,"WEST VALLEY CITY",UT,84119,"SALT LAKE","(801) 233-6100",8,Other,12/15/1988
461501,"INTERMOUNTAIN HEALTH HOSPICE - ST. GEORGE","555 SOUTH BLUFF STREET","SUITE 100","ST GEORGE",UT,84770,WASHINGTON,"(435) 251-2367",8,Non-Profit,02/20/1992
461503,"INTERMOUNTAIN HEALTH HOSPICE - SALT LAKE","11520 SOUTH REDWOOD RAOD",-,"SOUTH JORDAN",UT,84095,"SALT LAKE","(385) 887-6000",8,For-Profit,04/07/1992
461504,"INTERMOUNTAIN HOMECARE HOSPICE OF LOGAN","550 EAST 1400 NORTH, SUITE G",-,LOGAN,UT,84341,CACHE,"(435) 716-5477",8,Non-Profit,05/26/1993
461511,"ROCKY MOUNTAIN HOSPICE - UTAH","576 WEST 900 SOUTH","SUITE 106","WOODS CROSS",UT,84010,DAVIS,"(801) 397-4900",8,Non-Profit,10/15/1996
461512,"HORIZON HOSPICE SPECIALISTS","6000 SOUTH FASHION BOULEVARD","SUITE 200",MURRAY,UT,84107,"SALT LAKE","(801) 870-4671",8,For-Profit,11/06/1996
461514,"SYMBII DAVIS HOSPICE","450 SOUTH 400 EAST","SUITE 727",BOUNTIFUL,UT,84010,DAVIS,"(801) 298-8983",8,For-Profit,03/06/1997
461516,"HOSPICE FOR UTAH LLC","152 WEST BURTON AVENUE","SUITE F","SOUTH SALT LAKE",UT,84115,"SALT LAKE","(801) 576-1455",8,For-Profit,12/15/1997
461518,"GRAND COUNTY HOSPICE","450 WEST WILLIAMS WAY",-,MOAB,UT,84532,GRAND,"(435) 719-3772",8,Non-Profit,07/14/1998
461519,"HARMONY HOSPICE","5650 GREEN STREET",-,MURRAY,UT,84123,"SALT LAKE","(801) 281-0537",8,For-Profit,08/25/1998
461521,"GUNNISON VALLEY HOSPICE","45 EAST 100 NORTH",-,GUNNISON,UT,84634,SANPETE,"(435) 528-3955",8,For-Profit,04/08/1999
461522,"ENHABIT HOSPICE OF SOUTHERN UTAH","515 SOUTH 300 EAST, SUITE 109",-,"ST. GEORGE",UT,84770,WASHINGTON,"(435) 634-9300",8,For-Profit,05/04/1999
461524,"APPLEGATE HOSPICE","1492 EAST RIDGELINE DRIVE","SUITE 1","SOUTH OGDEN",UT,84405,WEBER,"(801) 394-3250",8,For-Profit,08/01/2002
461526,"CENTRAL VALLEY HOSPICE","152 WEST 1500 NORTH",-,NEPHI,UT,84648,JUAB,"(435) 623-3050",8,For-Profit,05/13/2003
461528,"ENHABIT HOSPICE","5223 SOUTH ASCENSION WAY","SUITE 305",MURRAY,UT,84123,"SALT LAKE","(801) 747-5500",8,For-Profit,05/30/2003
461530,"AT HOME HOSPICE","45 NORTH 100 WEST",-,SALINA,UT,84654,SEVIER,"(435) 529-3233",8,For-Profit,10/01/2003
461531,"VALEO HOSPICE OREM","268 EAST 930 SOUTH",-,OREM,UT,84058,UTAH,"(801) 772-0243",8,For-Profit,10/09/2003
461534,"APPLEGATE HOSPICE ST. GEORGE","292 SOUTH 1470 EAST","SUITE 101","ST. GEORGE",UT,84790,WASHINGTON,"(435) 628-1569",8,For-Profit,02/05/2004
461535,"ATLAS HOSPICE","880 HERITAGE PARK BLVD, SUITE 200",-,LAYTON,UT,84041,DAVIS,"(801) 771-9099",8,For-Profit,03/16/2004
461536,"SUPERIOR HOSPICE","184 EAST 5900 SOUTH",-,MURRAY,UT,84107,"SALT LAKE","(801) 254-3200",8,For-Profit,03/18/2004
461541,"VALEO HOSPICE","2156 NORTH HILL FIELD ROAD","SUITE 4",LAYTON,UT,84041,WEBER,"(801) 475-6222",8,For-Profit,09/23/2004
461542,"REFINED HOSPICE LLC","623 EAST FORT UNION BOULEVARD","SUITE 105",MIDVALE,UT,84047,"SALT LAKE","(801) 261-9490",8,For-Profit,11/30/2004
461543,"HORIZON HOSPICE SPECIALISTS - SG","168 NORTH 100 EAST, SUITE 260",-,"ST GEORGE",UT,84770,WASHINGTON,"(435) 688-9202",8,For-Profit,12/02/2004
461544,"BEAVER VALLEY HOSPICE","1109 NORTH 100 WEST, SUITE","SUITE 102",BEAVER,UT,84713,UTAH,"(435) 438-5481",8,Government,12/16/2004
461545,"A PLUS HEALTHCARE AT HOME-HOSPICE","3125 W EXECUTIVE PARKWAY","SUITE 320",LEHI,UT,84043,UTAH,"(801) 225-0990",8,For-Profit,03/09/2005
461549,"FIRST CHOICE HOSPICE","560 WEST 800 NORTH","SUITE 204",OREM,UT,84057,UTAH,"(801) 434-4100",8,For-Profit,06/03/2005
461550,"SYMBII HOSPICE BEAR RIVER","646 SOUTH MAIN STREET","STE 105","BRIGHAM CITY",UT,84302,CACHE,"(435) 725-2291",8,For-Profit,06/09/2005
461553,"CNS COMMUNITY HOSPICE - PROVIDENCE","221 NORTH GATEWAY DRIVE","SUITE G",PROVIDENCE,UT,84332,CACHE,"(435) 752-3355",8,Non-Profit,09/09/2005
461557,"CNS COMMUNITY HOSPICE - PRICE","480 SOUTH CARBON AVENUE",-,PRICE,UT,84501,CARBON,"(435) 613-8887",8,Non-Profit,12/20/2005
461559,"ZION'S WAY HOSPICE","1173 SOUTH 250 WEST, SUITE 401",-,"ST GEORGE",UT,84770,WASHINGTON,"(435) 688-0648",8,For-Profit,01/23/2006
461560,"GOOD SHEPHERD HOSPICE - VERNAL","1680 WEST HWY 40, SUITE 104",-,VERNAL,UT,84078,UINTAH,"(435) 789-0499",8,For-Profit,03/29/2006
461564,"CAREGIVER SUPPORT NETWORK HOSPICE","570 NORTH MAIN STREET",-,KAYSVILLE,UT,84037,DAVIS,"(801) 547-0060",8,For-Profit,10/31/2006
461566,"BRISTOL HOSPICE - UTAH, LLC","1638 NORTH WASHINGTON BOULEVARD","SUITE 102",OGDEN,UT,84404,WEBER,"(801) 737-2633",8,For-Profit,05/14/2007
461567,"SYMBII HOSPICE","1916 NORTH 700 WEST, SUITE 110",-,LAYTON,UT,84041,DAVIS,"(801) 444-0221",8,For-Profit,05/11/2007
461571,"PRIMROSE HOSPICE, INC.","286 NORTH GATEWAY DRIVE, SUITE 101",-,PROVIDENCE,UT,84332,CACHE,"(435) 787-1369",8,For-Profit,09/07/2007
461573,"ENVISION HOSPICE","990 WEST ATHERTON DRIVE, SUITE 100",-,TAYLORSVILLE,UT,84123,"SALT LAKE","(801) 225-7971",8,For-Profit,11/23/2007
461575,"SOLSTICE HOSPICE AND PALLIATIVE CARE, LLC","1250 EAST 3900 SOUTH","SUITE 301","SALT LAKE CITY",UT,84124,"SALT LAKE","(801) 485-1035",8,For-Profit,08/26/2008
461577,"ASCEND HOSPICE","258 SOUTH MAIN STREET","SUITE 210",LOGAN,UT,84321,"BOX ELDER","(435) 881-2830",8,For-Profit,02/03/2009
461580,"ASPIRE HOSPICE CARE, INC","1020 WEST ATHERTON DRIVE, SUITE 220",-,TAYLORSVILLE,UT,84123,"SALT LAKE","(801) 292-0296",8,For-Profit,01/05/2010
461583,"AFI HOSPICE, LLC","1133 NORTH MAIN STREET, SUITE 300",-,LAYTON,UT,84041,DAVIS,"(801) 546-7417",8,For-Profit,03/30/2011
461584,"CNS COMMUNITY HOSPICE - ST GEORGE","720 SOUTH RIVER ROAD","SUITE E101","ST GEORGE",UT,84790,WASHINGTON,"(435) 652-9077",8,Other,04/14/2011
461585,"INDEPENDENCE HOSPICE","707 WEST 700 SOUTH","SUITE 201","WOODS CROSS",UT,84087,DAVIS,"(801) 298-1100",8,For-Profit,05/25/2011
461587,"QUALITY SOLACE SERVICES HOSPICE","4141 SOUTH HIGHLAND DRIVE","SUITE 304",HOLLADAY,UT,84124,"SALT LAKE","(801) 747-0330",8,For-Profit,07/01/2011
461588,"ICARE HOSPICE","672 WEST 400 SOUTH","SUITE 202",SPRINGVILLE,UT,84663,UTAH,"(801) 228-0411",8,For-Profit,09/21/2011
461589,"DIXIE HOSPICE CARE LLC","352 EAST RIVERSIDE DRIVE","SUITE B3","ST. GEORGE",UT,84790,WASHINGTON,"(435) 627-2724",8,For-Profit,10/18/2011
461590,"UTAH HOSPICE","362 WEST CENTER STREET",-,OREM,UT,84057,UTAH,"(801) 373-1400",8,For-Profit,10/25/2011
461591,"INSPIRATION HOSPICE, LLC","1649 EAST 1400 SOUTH","SUITE 140",CLEARFIELD,UT,84015,DAVIS,"(801) 281-1314",8,For-Profit,12/29/2011
461592,"MAPLE CREEK HOSPICE","691 WEST 1200 NORTH","SUITE 150",SPRINGVILLE,UT,84663,UTAH,"(801) 798-5333",8,For-Profit,05/02/2012
461595,"BRISTOL HOSPICE - UTAH II, LLC","1935 EAST VINE STREET","SUITE 410",MURRAY,UT,84121,"SALT LAKE","(801) 930-5266",8,For-Profit,07/26/2012
461597,"SUNSHINE HOSPICE","225 NORTH 200 WEST",-,LOGAN,UT,84321,CACHE,"(435) 716-8541",8,Other,02/08/2013
461599,"TRUE NORTH HOSPICE","2200 SOUTH STATE STREET","SUITE 200","SOUTH SALT LAKE",UT,84115,"SALT LAKE","(801) 922-4790",8,For-Profit,05/15/2013
461600,"CANYON HOSPICE","302 WEST 5400 SOUTH","SUITE 200",MURRAY,UT,84107,"SALT LAKE","(385) 297-9500",8,For-Profit,04/15/2013
461601,"DIGNITY HOSPICE OF UTAH","174 SOUTH 1100 EAST",-,"AMERICAN FORK",UT,84003,UTAH,"(801) 492-4892",8,For-Profit,05/05/2013
461602,"HEALTH WATCH HOSPICE OF UTAH INC","1485 EAST 840 NORTH",-,OREM,UT,84097,UTAH,"(801) 602-7830",8,For-Profit,03/05/2014
461603,"CANYON HOSPICE OF SOUTHERN UTAH","640 EAST 700 SOUTH","SUITE 206","ST. GEORGE",UT,84770,WASHINGTON,"(435) 773-6600",8,For-Profit,03/18/2014
461604,"VALEO HOSPICE LLC","5250 SOUTH COMMERCE DRIVE, SUITE 225",-,MURRAY,UT,84107,"SALT LAKE","(801) 639-0020",8,For-Profit,04/10/2014
461606,"SYMBII HOSPICE SOUTH","308 EAST 4500 SOUTH, SUITE 100",-,MURRAY,UT,84107,"SALT LAKE","(801) 433-0344",8,For-Profit,05/09/2014
461607,"MISSION HOSPICE SERVICES OF ST. GEORGE","1240 EAST 100 SOUTH, SUITE121",-,"ST. GEORGE",UT,84790,WASHINGTON,"(435) 767-1171",8,For-Profit,09/25/2014
461608,"CASCADE SPRINGS HOSPICE","1795 SOUTH CHELEMES WAY, SUITE 200",-,CLEARFIELD,UT,84015,DAVIS,"(385) 460-0988",8,For-Profit,09/11/2014
461609,"ELEVATION HOSPICE OF UTAH, LLC","11693 SOUTH 700 EAST, SUITE 200",-,DRAPER,UT,84020,"SALT LAKE","(801) 610-1868",8,For-Profit,10/13/2014
461611,"INTEGRATED SENIOR CARE HOSPICE (PEAK HOSPICE)","616 SOUTH RIVER ROAD, SUITE 200",-,"ST GEORGE",UT,84790,WASHINGTON,"(435) 628-8944",8,For-Profit,12/26/2014
461613,"RENEW HOSPICE","5280 SOUTH COMMERCE DRIVE","SUITE E160",MURRAY,UT,84107,"SALT LAKE","(801) 364-4250",8,For-Profit,02/03/2015
461617,"ABILITY HOSPICE","406 W SOUTH JORDAN PARKWAY","SUITE 450","SOUTH JORDAN",UT,84095,"SALT LAKE","(385) 287-1311",8,For-Profit,02/20/2015
461618,"ACTIVE HOSPICE, LLC","8180 SOUTH 700 EAST, SUITE 100",-,SANDY,UT,84070,"SALT LAKE","(801) 438-6285",8,Other,10/07/2016
461620,"AUBURN CREST HOSPICE","12176 SOUTH 1000 EAST, SUITE 2",-,DRAPER,UT,84020,"SALT LAKE","(801) 327-2295",8,For-Profit,07/13/2017
461621,"ASPEN RIDGE HOSPICE","151 EAST 5600 SOUTH, SUITE 106",-,MURRAY,UT,84107,"SALT LAKE","(801) 713-3248",8,For-Profit,05/11/2017
461624,"PATHWAY HOSPICE AND PALLIATIVE CARE","1240 EAST 100 SOUTH, SUITE 17-B",-,"ST GEORGE",UT,84790,WASHINGTON,"(435) 477-6999",8,For-Profit,07/16/2019
461625,"ADVANCED HOSPICE OF ST. GEORGE","1934 EAST RIVERSIDE DRIVE",-,"ST GEORGE",UT,84790,WASHINGTON,"(435) 522-2200",8,Other,08/26/2019
461626,"SUNCREST HOSPICE","9800 SOUTH MONROE STREET",#900,SANDY,UT,84070,UTAH,"(801) 996-8469",8,For-Profit,10/01/2019
461627,"SUMMIT HOSPICE ST. GEORGE","736 SOUTH 900 EAST, SUITE 202",-,"ST. GEORGE",UT,84790,WASHINGTON,"(435) 359-4599",8,For-Profit,08/20/2005
461628,"ATLAS HOSPICE OF SOUTHERN UTAH","2303 NORTH CORAL CANYON BOULEVARD","SUITE 109","ST. GEORGE",UT,84780,WASHINGTON,"(435) 628-8410",8,For-Profit,11/13/2020
461629,"EMBRACE HOSPICE","911 NORTH 800 WEST",-,OREM,UT,84057,"SALT LAKE","(801) 608-5493",8,For-Profit,03/23/2020
461630,"SOUTHERN UTAH HOSPICE AND HOME CARE LLC","690 INDUSTRIAL ROAD","SUITE 3","ST. GEORGE",UT,84770,WASHINGTON,"(435) 635-1001",8,For-Profit,08/13/2021
461631,"BELLE VIE HOSPICE, LLC","12 WEST 100 NORTH","SUITE 102","AMERICAN FORK",UT,84003,UTAH,"(801) 997-9496",8,For-Profit,06/08/2022
461632,"CANYON HOSPICE OF UTAH COUNTY","451 SOUTH MAIN STREET","SUITE 1",SPRINGVILLE,UT,84663,UTAH,"(801) 754-7020",8,For-Profit,03/22/2022
461633,"OVATION HOSPICE OF SALT LAKE","563 WEST 500 SOUTH","SUITE 220",BOUNTIFUL,UT,84010,DAVIS,"(385) 486-3697",8,,05/04/2022
461634,"ELEVATE HOSPICE, LLC","88 EAST 100 SOUTH",-,PRICE,UT,84501,CARBON,"(435) 637-1250",8,,07/05/2022
461635,"SERENITY HOSPICE OF UTAH LLC","627 WEST 4000 NORTH",-,"PLEASANT GROVE",UT,84062,UTAH,"(801) 471-1965",8,,08/27/2023
461637,"ELITE HOSPICE LLC","3333 NORTH DIGITAL DRIVE","SUITE 400 D",LEHI,UT,84043,UTAH,"(801) 609-6034",8,,08/07/2024
461638,"BRIGHTENLIFE HOSPICE","2333 EAST DINOSAUR CROSSING DRIVE",-,"ST. GEORGE",UT,84790,WASHINGTON,"(888) 585-1475",8,,10/31/2024
461639,"SEQUOIA HOSPICE CARE","7070 SOUTH UNION PARK AVENUE","SUITE 300",MIDVALE,UT,84047,"SALT LAKE","(801) 421-0200",8,,01/23/2025
461640,"DESERT HAVEN HOSPICE, LLC","85 NORTH 300 WEST","SUITE C",WASHINGTON,UT,84780,WASHINGTON,"(801) 309-9763",8,,06/30/2025
471500,"UVMHN HOME HEALTH AND HOSPICE","1110 PRIM ROAD, SUITE 1",-,COLCHESTER,VT,05446,CHITTENDEN,"(802) 658-1900",1,Non-Profit,10/01/1984
471502,"CALEDONIA HOME HEALTH CARE","161 SHERMAN DRIVE",-,"SAINT JOHNSBURY",VT,05819,CALEDONIA,"(802) 748-8116",1,Other,10/01/1984
471503,"LAMOILLE HHA","54 FARR AVENUE",-,MORRISVILLE,VT,05661,LAMOILLE,"(802) 888-4651",1,Non-Profit,10/01/1984
471504,"ORLEANS /ESSEX VNA & HOSPICE","46 LAKEMONT ROAD",-,NEWPORT,VT,05855,ORLEANS,"(802) 334-5213",1,For-Profit,10/01/1984
471505,"CENTRAL VERMONT HOME HEALTH & HOSPICE","600 GRANGER ROAD",-,BARRE,VT,05641,WASHINGTON,"(802) 224-2265",1,Non-Profit,05/08/1989
471506,"VNH - VISITING NURSE & HOSPICE - VERMONT & NEW HAMPSHIRE","88 PROSPECT STREET",-,"WHITE RIVER JUNCTION",VT,05001,WINDSOR,"(802) 478-7125",1,Other,02/02/1990
471507,"VNA & HOSPICE OF SOUTHWEST REGION, INC.","7 ALBERT CREE DRIVE",-,RUTLAND,VT,05701,RUTLAND,"(802) 775-0568",1,Non-Profit,02/19/1992
471508,"ADDISON COUNTY HHA HOSPICE","PO BOX 754","ROUTE 7 NORTH",MIDDLEBURY,VT,05753,ADDISON,"(802) 388-7259",1,For-Profit,12/16/1997
471510,"BAYADA HOSPICE","2 SOUTH MAIN ST. SUITES 2 & 4",-,RUTLAND,VT,05701,RUTLAND,"(802) 857-5030",1,For-Profit,06/30/2010
481501,"CONTINUUM CARE, INC","PRINCESSE PROFESSIONAL CENTER","4031 ESTATE LA GRANDE PRINCESSE, STE 36",CHRISTIANSTED,VI,00820,"SAINT CROIX","(340) 718-5683",2,For-Profit,09/30/2001
481502,"CONTINUUM CARE, INC","9150 ESTATE THOMAS, SUITE 104",-,"ST THOMAS",VI,00802,"SAINT THOMAS JOHN","(340) 714-2273",2,For-Profit,06/16/2004
481504,"TROPICAL HEALTH LLC A HEALTH AND HOSPICE SERVICE","7 AND 8 ALTONA AND WELGUNST STE 302",-,"ST THOMAS",VI,00802,"SAINT THOMAS JOHN","(340) 774-3600",2,For-Profit,03/20/2020
491500,"CAPITAL HOSPICE","3180 FAIRVIEW PARK DR, STE 600",-,"FALLS CHURCH",VA,22042,FAIRFAX,"(703) 712-4874",3,For-Profit,05/01/1984
491502,"SENTARA HOME CARE SERVICES - CHESAPEAKE","535 INDEPENDENCE PARKWAY, SUITE 500",-,CHESAPEAKE,VA,23320,"CHESAPEAKE CITY","(757) 553-3000",3,Non-Profit,08/09/1984
491503,"BON SECOURS HOSPICE","7007 HARBOUR VIEW BLVD - SUITE 114",-,SUFFOLK,VA,23435,"SUFFOLK CITY","(757) 391-6028",3,For-Profit,04/10/1985
491504,"HOSPICE OF THE PIEDMONT INC","675 PETER JEFFERSON PARKWAY, SUITE 300",-,CHARLOTTESVILLE,VA,22911,ALBEMARLE,"(434) 817-6900",3,Non-Profit,10/28/1988
491507,"CARILION HOSPICE SERVICES NEW RIVER VALLEY","701 RANDOLPH STREET SUITE 110",-,RADFORD,VA,24141,"RADFORD CITY","(540) 633-9370",3,Non-Profit,02/13/1991
491508,"BLUE RIDGE HOSPICE, INC","333 WEST CORK ST, SUITE 405",-,WINCHESTER,VA,22601,"WINCHESTER CITY","(540) 536-5210",3,Non-Profit,02/19/1992
491509,"RIVERSIDE HOSPICE CARE","856 J CLYDE MORRIS BLVD, SUITE C",-,"NEWPORT NEWS",VA,23601,"NEWPORT NEWS CITY","(757) 594-2745",3,Non-Profit,04/13/1992
491510,"GOOD SAMARITAN HOSPICE INC","4751 COVE ROAD NW",-,ROANOKE,VA,24017,ROANOKE,"(540) 776-0198",3,Non-Profit,04/22/1992
491513,"AMEDISYS HOSPICE CARE","5221 VALLEY PARK DRIVE SUITE 2",-,ROANOKE,VA,24019,BOTETOURT,"(540) 265-8509",3,For-Profit,02/26/1993
491514,"BON SECOURS HOSPICE AND PALLIATIVE CARE","2603 NINE MILE RD STE 220",-,RICHMOND,VA,23223,CARROLL,"(804) 309-3660",3,Non-Profit,02/23/1993
491515,"CARILION HOSPICE SERVICES OF ROANOKE","1615 FRANKLIN ROAD SW",-,ROANOKE,VA,24016,"ROANOKE CITY","(540) 224-4800",3,Non-Profit,05/04/1993
491516,"CONNECTIONSPLUS HEALTHCARE + HOSPICE","315 MYERS ST.",-,LEXINGTON,VA,24450,"LEXINGTON CITY","(540) 463-1848",3,Non-Profit,06/16/1993
491518,"MARY WASHINGTON HOSPICE","1340 CENTRAL PARK BLVD., SUITE 102",-,FREDERICKSBURG,VA,22401,"FREDERICKSBURG CITY","(540) 741-3580",3,Non-Profit,04/06/1994
491519,"CENTRA HEALTH, HOSPICE OF THE HILLS","2097 LANGHORNE ROAD",-,LYNCHBURG,VA,24501,"LYNCHBURG CITY","(804) 200-3204",3,Non-Profit,06/24/1994
491520,"CARILION FRANKLIN MEMORIAL HOSPITAL","453 S MAIN ST",-,"ROCKY MOUNT",VA,24151,FRANKLIN,"(540) 224-4800",3,Non-Profit,06/29/1994
491521,"WYTHE HOSPICE OF SWVA","705 E MAIN STREET, SUITE B",-,WYTHEVILLE,VA,24382,WYTHE,"(276) 228-1710",3,For-Profit,07/21/1994
491522,"HOSPICE & PALLIATIVE CARE OF VIRGINIA","18 SEVENTH STREET, NW, SUITE 302",-,NORTON,VA,24273,"NORTON CITY","(276) 679-7212",3,Other,09/22/1994
491526,"PERSONAL TOUCH HOME CARE & HOSPICE-NEWPORT NEWS","11817 CANON BOULEVARD","SUITE 600","NEWPORT NEWS",VA,23606,"NEWPORT NEWS CITY","(757) 855-1355",3,For-Profit,04/05/1995
491527,"GENTLE SHEPHERD HOSPICE INC","6045 PETERS CREEK ROAD",-,ROANOKE,VA,24019,BOTETOURT,"(540) 989-6265",3,For-Profit,05/17/1995
491530,"RIVERSIDE WALTER REED HOSPICE","7358 MAIN STREET",-,GLOUCESTER,VA,23061,GLOUCESTER,"(804) 693-1111",3,Non-Profit,10/27/1995
491532,"CRATER COMMUNITY HOSPICE, INC","3916 SOUTH CRATER ROAD",-,PETERSBURG,VA,23805,"PETERSBURG CITY","(804) 526-4300",3,For-Profit,12/07/1995
491537,"HOSPICE OF VIRGINIA","1251 TAPPAHANNOCK BLVD, STE 1E",-,TAPPAHANNOCK,VA,22560,RICHMOND,"(804) 281-0451",3,For-Profit,11/01/1996
491538,"SENTARA HOME CARE SERVICES","871 MARTIN LUTHER KING JR WAY SUITE 203",-,HARRISONBURG,VA,22801,"HARRISONBURG CITY","(540) 433-4429",3,For-Profit,07/02/1996
491542,"BALLAD HEALTH HOSPICE","611 CAMPUS DR","STE 500",ABINGDON,VA,24210,WASHINGTON,"(276) 619-4500",3,Non-Profit,08/23/1996
491543,"SENTARA HOME CARE SERVICES - NEWPORT NEWS","11844 ROCK LANDING DRIVE, SUITE C",-,"NEWPORT NEWS",VA,23606,"NEWPORT NEWS CITY","(757) 736-0723",3,For-Profit,09/30/1996
491545,"PROMEDICA HOSPICE (VIRGINIA BEACH)","5041 CORPORATE WOODS DRIVE","SUITE 105","VIRGINIA BEACH",VA,23462,"VIRGINIA BEACH CITY","(757) 490-9323",3,For-Profit,10/18/1996
491546,"COMFORT CARE HOME HEALTH AND HOSPICE","1301 EXECUTIVE BLVD SUITE 200",-,CHESAPEAKE,VA,23320,"CHESAPEAKE CITY","(757) 312-6460",3,Other,11/21/1996
491547,"HOSPICE OF THE SHENANDOAH","64 SPORTS MEDICINE DRIVE","P O BOX 215",FISHERSVILLE,VA,22939,AUGUSTA,"(540) 332-4909",3,Non-Profit,03/07/1997
491551,"COMPASSUS - RESTON","14900 CONFERENCE CENTER DRIVE SUITE 170",-,CHANTILLY,VA,20151,FAIRFAX,"(571) 262-5200",3,For-Profit,11/18/1998
491552,"CENTRA BEDFORD HOSPICE","1621 WHITEFIELD DRIVE, SUITE C","PO BOX 688",BEDFORD,VA,24523,"BEDFORD CITY","(540) 587-6592",3,Non-Profit,03/04/1999
491553,"GOODWIN HOUSE PALLIATIVE CARE AND HOSPICE","3440 SOUTH JEFFERSON STREET",-,"FALLS CHURCH",VA,22041,FAIRFAX,"(703) 578-7108",3,Non-Profit,08/25/1999
491554,"RIVERSIDE HOSPICE","4719A RICHMOND RD",-,WARSAW,VA,22572,RICHMOND,"(804) 443-6130",3,Other,12/21/1999
491555,"SENTARA HOSPICE (HALIFAX)","2200 WILBORN AVE",-,"SOUTH BOSTON",VA,24592,HALIFAX,"(434) 517-3339",3,Other,04/20/2000
491557,"MEDICAL SERVICES OF AMERICA HOME HEALTH & HOSPICE","1935 FRONT STREET",-,RICHLANDS,VA,24641,TAZEWELL,"(276) 964-4202",3,For-Profit,08/02/2000
491562,GENTIVA,"5544 GREENWICH ROAD, SUITE 302",-,"VIRGINIA BEACH",VA,23462,"VIRGINIA BEACH CITY","(757) 461-0600",3,For-Profit,02/21/2002
491565,"PROMEDICA HOSPICE (FAIRFAX)","3975 FAIR RIDGE DRIVE",-,FARIFAX,VA,22033,FAIRFAX,"(703) 273-8693",3,For-Profit,05/22/2002
491568,GENTIVA,"808 MOOREFIELD PARK DRIVE","MOOREFIELD II, # 113",RICHMOND,VA,23236,CHESTERFIELD,"(804) 290-4300",3,For-Profit,11/13/2003
491570,"SPECIAL CARE HOSPICE","18334 RIVERSIDE DRIVE - PO BOX 268",-,GRUNDY,VA,24614,BUCHANAN,"(276) 935-6655",3,For-Profit,05/26/2004
491571,"MEDI HOME HEALTH & HOSPICE","10601 COURTHOUSE ROAD","SUITE 200",FREDERICKSBURG,VA,22407,"FREDERICKSBURG CITY","(703) 392-7100",3,For-Profit,12/22/2004
491572,"LEGACY HOSPICE & PALLIATIVE CARE","128 GLENWOOD STREET",-,"CEDAR BLUFF",VA,24609,TAZEWELL,"(276) 596-9181",3,For-Profit,01/20/2005
491574,"MEDI HOME HEALTH & HOSPICE","4419 PHEASANT RIDGE ROAD SUITE 201",-,ROANOKE,VA,24014,"ROANOKE CITY","(540) 278-1322",3,For-Profit,02/14/2005
491575,"HEARTLAND HOSPICE (NEWPORT NEWS)","41 OLD OYSTER POINT ROAD STE D",-,"NEWPORT NEWS",VA,23602,"NEWPORT NEWS CITY","(757) 594-8215",3,For-Profit,03/16/2005
491576,"MEDI HOME HEALTH AND HOSPICE - CHESAPEAKE","530 INDEPENDENCE PARKWAY 200",-,CHESAPEAKE,VA,23320,"CHESAPEAKE CITY","(757) 420-7192",3,For-Profit,05/11/2005
491577,"BRIDGE HOSPICE","10128 WEST BROAD STREET, SUITE A",-,"GLEN ALLEN",VA,23060,HENRICO,"(804) 290-0951",3,For-Profit,06/15/2005
491579,"MEDI HOME HOSPICE","1430 ROLKIN COURT","SUITE 203",CHARLOTTESVILLE,VA,22911,"CHARLOTTESVILLE CITY","(434) 244-0890",3,For-Profit,11/03/2005
491580,"MOUNTAIN VALLEY HOSPICE & PALLIATIVE CARE","7599 CARROLLTON PIKE # C",-,GALAX,VA,24333,CARROLL,"(276) 728-1030",3,Non-Profit,12/15/2005
491581,"VITAS HEALTHCARE CORPORATION ATLANTIC","3251 BLENHEIM BLVD, SUITE 200",-,FAIRFAX,VA,22030,"FAIRFAX CITY","(703) 270-4300",3,For-Profit,03/01/2006
491582,"GENTIVA II","245 HOLSTON RD, STE A",-,WYTHEVILLE,VA,24382,BOTETOURT,"(540) 366-0927",3,For-Profit,04/07/2006
491584,"AMEDISYS HOSPICE OF RICHMOND","201 CONCOURSE BLVD","SUITE 250","GLEN ALLEN",VA,23059,HENRICO,"(804) 288-4734",3,For-Profit,09/14/2006
491586,"MEDI HOME HEALTH AND HOSPICE - PULASKI","141 EAST MAIN STREET - SUITE 500",-,PULASKI,VA,24301,PULASKI,"(540) 980-0478",3,For-Profit,10/04/2006
491588,"HOME NURSING COMPANY INC","1114 E MAIN STREET, SUITE 3",-,LEBANON,VA,24266,RUSSELL,"(276) 889-4318",3,For-Profit,11/07/2006
491590,"GENTIVA II","420 NEFF AVENUE, SUITE 110","ATTN REGULATORY PO BOX 4060 MOORESVILLE NC 28117",HARRISONBURG,VA,22801,"HARRISONBURG CITY","(540) 801-0406",3,For-Profit,02/28/2007
491593,"LEGACY HOSPICE","500 FAULCONER DRIVE, SUITE 100",-,CHARLOTTESVILLE,VA,22903,ALBEMARLE,"(434) 970-7776",3,Other,05/12/2009
491595,"ASCEND HOSPICE","10571 TELEGRAPH ROAD, SUITE 203",-,"GLEN ALLEN",VA,23059,HANOVER,"(804) 673-1330",3,For-Profit,05/28/2009
491599,"PROFESSIONAL HEALTHCARE RESOURCES, INC","7619 LITTLE RIVER TURNPIKE, SUITE 600",-,ANNANDALE,VA,22003,FAIRFAX,"(703) 379-9012",3,For-Profit,10/04/2010
491600,"AMEDISYS HOSPICE CARE","814 GREENBRIER CIRCLE STE F",-,CHESAPEAKE,VA,23320,"CHESAPEAKE CITY","(757) 405-3203",3,For-Profit,01/21/2011
491601,"CARIS HEALTHCARE, LP (ABINGDON)","361 FALLS DRIVE NW",-,ABINGDON,VA,24210,WASHINGTON,"(276) 494-0465",3,For-Profit,05/20/2011
491602,"GENTIVA I","10333 SOUTHPOINT LANDING BLVD, STE 211",-,FREDERICKSBURG,VA,22407,SPOTSYLVANIA,"(804) 925-6454",3,For-Profit,06/29/2011
491603,"INTERIM HEALTHCARE HOSPICE & PALLIATIVE CARE","516 SOUTH INDEPENDENCE BLVD, SUITE 106",-,"VIRGINIA BEACH",VA,23452,"VIRGINIA BEACH CITY","(757) 466-1401",3,For-Profit,07/21/2011
491604,"HELPING HANDS HOSPICE, INC","1113 CEDAR VALLEY DRIVE",-,"CEDAR BLUFF",VA,24609,"FALLS CHURCH CITY","(276) 964-4313",3,For-Profit,12/13/2011
491605,"COMMONWEALTH HOSPICE","101 HOLBROOK ST, STE 203",-,DANVILLE,VA,24541,"DANVILLE CITY","(434) 799-5313",3,For-Profit,12/15/2011
491606,"ATHC-HOSPICE LLC","8149 WALNUT GROVE ROAD",-,MECHANICSVILLE,VA,23111,HANOVER,"(804) 358-3480",3,For-Profit,01/12/2012
491607,"FREDA H GORDON HOSPICE","6447 COLLEGE PARK SQUARE -SUITE 312",-,"VIRGINIA BEACH",VA,23464,"VIRGINIA BEACH CITY","(757) 321-2242",3,Non-Profit,11/16/2012
491608,"CENTRA HOSPICE FARMVILLE","1705 EAST 3RD STREET",-,FARMVILLE,VA,23901,"PRINCE EDWARD","(434) 315-2885",3,Other,01/23/2013
491612,"WESTMINSTER-CANTERBURY AT HOME LLC","3181 SHORE DRIVE SUITE 201",-,"VIRGINIA BEACH",VA,23451,"VIRGINIA BEACH CITY","(757) 496-1653",3,Non-Profit,12/05/2013
491613,"ENHABIT HOSPICE (RICHMOND)","100 GATEWAY CENTRE PARKWAY SUITE 205B",-,RICHMOND,VA,23235,CHESTERFIELD,"(804) 726-2855",3,For-Profit,09/11/2014
491615,"WESTMINSTER AT HOME (HOSPICE)","3311 OLD FOREST ROAD 201",-,LYNCHBURG,VA,24501,"LYNCHBURG CITY","(434) 386-3800",3,Non-Profit,01/07/2015
491616,"RIVERSIDE SHORE HOSPICE","23379 COMMERCE DRIVE",-,ACCOMAC,VA,23301,ACCOMACK,"(757) 789-5000",3,Non-Profit,09/30/2015
491617,"HEARTLAND HOSPICE (ROANOKE)","2840 ELECTRIC RD SW, SUITE 106A",-,ROANOKE,VA,24018,ROANOKE,"(540) 725-7600",3,For-Profit,10/09/2015
491619,"ATHC - HOSPICE LLC","287 MCLAWS CIRCLE - SUITE 1",-,WILLIAMSBURG,VA,23185,"JAMES CITY","(757) 634-0109",3,For-Profit,02/03/2016
491620,"FIRST CHOICE HOSPICE","1819 VIRGINIA AVENUE",-,HARRISONBURG,VA,22802,ROCKINGHAM,"(540) 434-3916",3,Other,01/22/2016
491622,"GENTIVA II","11835 FISHING POINT DR, SUITE 102B",-,"NEWPORT NEWS",VA,23606,"NEWPORT NEWS CITY","(757) 874-1237",3,For-Profit,04/07/2017
491623,"THE MEDICAL TEAM","1896 PRESTON WHITE DRIVE",-,RESTON,VA,20191,FAIRFAX,"(703) 390-2300",3,For-Profit,03/15/2017
491624,"JAMES RIVER HOME HEALTH AND HOSPICE","9100 ARBORETUM PARKWAY SUITE 290",-,RICHMOND,VA,23236,CHESTERFIELD,"(804) 272-3300",3,For-Profit,05/15/2017
491625,"@HEART HOSPICE","346 SOUTHPORT CIRCLE","SUITE 106","VIRGINIA BEACH",VA,23452,"VIRGINIA BEACH CITY","(757) 961-4077",3,For-Profit,06/29/2017
491627,"VIRGINIA HEALTH HOSPICE","1103 WILLIAM STYRON, SQ S",-,"NEWPORT NEWS",VA,23606,"NEWPORT NEWS CITY","(757) 223-1396",3,For-Profit,01/26/2018
491629,"PHS HOSPICE CARE","8315 LEE HIGHWAY SUITE 202",-,FAIRFAX,VA,22031,"FAIRFAX CITY","(703) 352-1939",3,For-Profit,04/04/2018
491630,"AMEDISYS OF BLACKSTONE","920 S MAIN STREET STE C & D",-,BLACKSTONE,VA,23824,NOTTOWAY,"(434) 480-4578",3,For-Profit,10/02/2018
491631,"ATHC - HOSPICE, LLC","131 TEMPLE LAKE DR; STE 2",-,"COLONIAL HEIGHTS",VA,23834,CHESTERFIELD,"(804) 520-7766",3,For-Profit,03/19/2019
491632,"NAYAR HOSPICE LLC","300 ASHCAKE RD",-,ASHLAND,VA,23005,HENRICO,"(804) 330-5433",3,For-Profit,05/28/2019
491633,"WESTMINSTER CANTERBURY RICHMOND AT HOME LLC","1600 WESTBROOK AVENUE",-,RICHMOND,VA,23227,HENRICO,"(804) 292-3500",3,Non-Profit,06/19/2019
491634,"ELITE HOSPICE","415 SCOTT STREET",-,BRISTOL,VA,24201,"BRISTOL CITY","(276) 250-5520",3,For-Profit,12/16/2019
491635,"PATHWELL HOME HEALTH & HOSPICE","118 CREEKSIDE LANE",-,WINCHESTER,VA,22602,LOUDOUN,"(703) 956-9585",3,For-Profit,04/03/2020
491636,"ATHC-HOSPICE, LLC","1121 HEATHERSTONE DRIVE",-,FREDERICKSBURG,VA,22407,SPOTSYLVANIA,"(540) 322-2981",3,For-Profit,07/23/2020
491637,"AFFINITY CARE OF VIRGINIA LLC","714 THIMBLE SHOALS BOULEVARD SUITE C",-,"NEWPORT NEWS",VA,23606,"NEWPORT NEWS CITY","(757) 330-8050",3,For-Profit,02/24/2021
491638,"SERENITY FIRST LLC","4915 FITZHUGH AVENUE",-,RICHMOND,VA,23230,HENRICO,"(804) 562-5730",3,For-Profit,04/22/2021
491639,"SUNCREST HOSPICE","208 GOLDEN OAK COURT, SUITE 100",-,"VIRGINIA BEACH",VA,23452,"VIRGINIA BEACH CITY","(757) 832-7001",3,For-Profit,04/29/2021
491640,"JAMES RIVER HOME HEALTH CARE LLC","1012 W 3RD STREET SUITE 1",-,FARMVILLE,VA,23901,"PRINCE EDWARD","(434) 315-0175",3,For-Profit,05/13/2021
491641,"TRINITY HOSPICE LLC","1401 KEMPSVILLE ROAD SUITE A UNIT 1",-,CHESAPEAKE,VA,23320,"CHESAPEAKE CITY","(757) 664-9441",3,For-Profit,08/05/2021
491642,"EVERGREEN HEALTH CARE MANAGEMENT","4115 ANNANDALE ROAD, SUITE 208",-,ANNANDALE,VA,22003,FAIRFAX,"(703) 534-5049",3,For-Profit,06/11/2021
491643,"ASCEND HOSPICE OF NORTHERN VIRGINIA","4000 GENESEE PLACE STE 213",-,WOODBRIDGE,VA,22192,"PRINCE WILLIAM","(571) 677-2600",3,For-Profit,10/15/2021
491644,"NAYAR HOSPICE BEDFORD LLC","1366 AMERICAN WAY COURT",-,BEDFORD,VA,24523,"BEDFORD CITY","(804) 330-5433",3,For-Profit,12/17/2021
491645,"TRINITY HOSPICE","804 MOOREFIELD PARK DRIVE, SUITE 305",-,RICHMOND,VA,23236,CHESTERFIELD,"(804) 613-4529",3,For-Profit,12/16/2021
491646,"ACG HOSPICE","1401 KEMPSVILLE ROAD SUITE A",-,CHESAPEAKE,VA,23320,"CHESAPEAKE CITY","(757) 664-9650",3,For-Profit,01/14/2022
491647,"WINGS OVER VIRGINIA LLC","6325 CENTER DRIVE SUITE 204",-,NORFOLK,VA,23502,"NORFOLK CITY","(757) 392-9684",3,For-Profit,03/18/2022
491648,"VCU HEALTH HOSPICE AT HOME BY BAYADA","TWO PARAGON BUILDING, 6802 PARAGON PLACE SUITE 201",-,RICHMOND,VA,23230,HENRICO,"(804) 525-1350",3,For-Profit,03/31/2022
491649,"LAKE PRINCE WOODS AT HOME LLC","100 ANNA GOODE WAY",-,SUFFOLK,VA,23434,"SUFFOLK CITY","(757) 923-5559",3,Non-Profit,04/08/2022
491650,"SUNCREST HOSPICE RICHMOND","7301 FOREST AVENUE SUITE 110",-,RICHMOND,VA,23226,HENRICO,"(804) 905-6740",3,For-Profit,12/15/2021
491652,"JAMES RIVER HOME HEALTH CARE LLC","3831 OLD FOREST ROAD SUITE 3",-,LYNCHBURG,VA,24501,"LYNCHBURG CITY","(434) 849-8614",3,,09/22/2022
491653,"CAREGIVERS HOSPICE","8500 LEESBURG PIKE #500",-,VIENNA,VA,22182,FAIRFAX,"(571) 766-0922",3,,02/28/2023
491654,"JAMES RIVER HOME HEALTH CARE LLC (FREDERICKSBURG)","4318 CARR DRIVE",-,FREDERICKSBURG,VA,22408,SPOTSYLVANIA,"(540) 898-5209",3,,09/29/2022
491655,"BRISTOL HOSPICE - RICHMOND, L.L.C.","7400 BEAUFONT SPRINGS DRIVE, SUITE 105",-,RICHMOND,VA,23225,"RICHMOND CITY","(804) 554-5530",3,,06/14/2023
491656,"BRISTOL HOSPICE - VIRGINIA BEACH LLC","468 VIKING DRIVE, SUITE 104",-,"VIRGINIA BEACH",VA,23452,-,-,3,,06/22/2023
491658,"1ST CARE HOSPICE INC","425 MAIN STREET",-,"SOUTH BOSTON",VA,24592,-,"(434) 572-0063",3,,09/01/2023
491660,"A TOUCH OF GRACE HOSPICE LLC","9460 AMBERDALE DRIVE SUITE G3",-,"NORTH CHESTERFIELD",VA,23236,CHESTERFIELD,"(804) 728-2278",3,,07/14/2023
491661,"ENLIGHT HOSPICE OF VA","2809 EMERYWOOD PARKWAY","SUITE 260",RICHMOND,VA,23294,-,"(804) 471-4577",3,,06/03/2024
491662,"TRINITY HOSPICE","944 GLENWOOD STATION LN SUITE 302",-,CHARLOTTESVILLE,VA,22901,ALBEMARLE,"(434) 266-9880",3,,02/17/2025
491663,"ENHABIT HOSPICE","5029 CORPORATE WOODS DR SUITE C110",-,"VIRGINIA BEACH",VA,23462,"VIRGINIA BEACH CITY","(757) 938-3861",3,,04/11/2025
491664,"ENNOBLE HOSPICE VA, LLC","1101 WILSON BLVD, 9TH FLOOR SUITE 957",-,ARLINGTON,VA,22209,-,"(703) 865-2144",3,,06/13/2024
491665,"MEDI HOME HOSPICE","625 PINEY FOREST RD","STE 106",DANVILLE,VA,24540,"DANVILLE CITY","(434) 483-6891",3,,01/10/2025
501501,"PEACEHEALTH SOUTHWEST HOSPICE","5400 MACARTHUR BLVD",-,VANCOUVER,WA,98661,CLARK,"(360) 696-5100",10,Other,02/01/1984
501503,"HOSPICE OF SPOKANE","121 S ARTHUR STREET",-,SPOKANE,WA,99202,SPOKANE,"(509) 456-0438",10,Non-Profit,03/24/1984
501505,"HOSPICE OF THE NORTHWEST","227 FREEWAY DR STE A",-,"MOUNT VERNON",WA,98273,SKAGIT,"(360) 814-5550",10,"Combination Government & Non-Profit",03/15/1984
501508,"MULTICARE HOSPICE","1313 BROADWAY",-,TACOMA,WA,98402,PIERCE,"(253) 301-6400",10,Non-Profit,09/27/1984
501510,"TRI-CITIES CHAPLAINCY HOSPICE","1480 SE FOWLER STREET",-,RICHLAND,WA,99352,BENTON,"(509) 783-7416",10,Other,04/10/1985
501511,"PROVIDENCE AT HOME WITH COMPASSUS, PUGET SOUND SOUTH","4200 6TH AVE SE SUTE 201",-,LACEY,WA,98503,THURSTON,"(206) 459-8311",10,Other,03/25/1985
501512,"ASSURED HOME HEALTH, HOSPICE & HOME CARE","1815 COOKS HILL ROAD",-,CENTRALIA,WA,98531,LEWIS,"(360) 330-2640",10,For-Profit,06/21/1985
501514,"PROVIDENCE AT HOME WITH COMPASSUS, SNOHOMISH COUNTY","1615 75TH ST SW STE 210",-,EVERETT,WA,98203,SNOHOMISH,"(425) 261-4800",10,Non-Profit,03/10/1987
501515,"PROVIDENCE AT HOME WITH COMPASSUS HOSPICE CARE, PUGET SOUND","2811 S 102ND ST STE 220",-,TUKWILA,WA,98168,KING,"(206) 320-4000",10,Non-Profit,09/01/1987
501516,"CENTRAL WASHINGTON HOSPITAL HOMECARE SERVICES","731 N CHELAN AVE",-,WENATCHEE,WA,98801,CHELAN,"(509) 433-3700",10,Non-Profit,12/02/1987
501518,"ASTRIA HOSPICE","7 SOUTH 10TH AVE",-,YAKIMA,WA,98902,YAKIMA,"(509) 575-5093",10,For-Profit,05/24/1988
501519,HEARTLINKS,"204 W 2ND ST",-,GRANDVIEW,WA,98930,YAKIMA,"(509) 837-1676",10,Non-Profit,08/09/1988
501520,"WALLA WALLA COMMUNITY HOSPICE","1067 ISAACS AVENUE",-,"WALLA WALLA",WA,99362,"WALLA WALLA","(509) 525-5561",10,Non-Profit,07/26/1988
501521,"KAISER PERMANENTE WASHINGTON HOSPICE","201 - 16TH AVE E",-,SEATTLE,WA,98112,KING,"(206) 326-4545",10,Non-Profit,09/29/1988
501523,"EVERGREEN HEALTH HOSPICE CARE","11800 NE 128TH STREET SUITE 200","12040 NE 128TH STREET, MS-119",KIRKLAND,WA,98034,KING,"(425) 899-1040",10,"Combination Government & Non-Profit",06/27/1990
501525,"HARBORS HOME HEALTH AND HOSPICE","201 7TH STREET",-,HOQUIAM,WA,98550,"GRAYS HARBOR","(360) 532-5454",10,Non-Profit,11/17/1990
501526,"FRANCISCAN HOSPICE","2901 BRIDGEPORT WAY",-,"UNIVERSITY PLACE",WA,98466,PIERCE,"(253) 534-7000",10,For-Profit,04/06/1993
501528,"ASSURED HOSPICE","1350 S PIONEER WAY, STE A",-,"MOSES LAKE",WA,98837,GRANT,"(509) 766-2580",10,For-Profit,09/14/1993
501529,"KITTITAS VALLEY HOME HEALTH & HOSPICE","1506 E RADIO RD",-,ELLENSBURG,WA,98926,KITTITAS,"(509) 962-7438",10,Government,04/29/1994
501531,"MEMORIAL HOME CARE SERVICES/HOSPICE SERVICES","302 S 10TH AVE",-,YAKIMA,WA,98902,YAKIMA,"(509) 574-3600",10,Non-Profit,10/26/1995
501533,"ELITE HOSPICE","1370 BRIDGE STREET",-,CLARKSTON,WA,99403,ASOTIN,"(509) 758-2568",10,For-Profit,08/01/1997
501534,GENTIVA,"1326 N WHITMAN LN",-,"LIBERTY LAKE",WA,99019,SPOKANE,"(509) 789-4377",10,For-Profit,08/01/1997
501535,"HORIZON HOSPICE","608 E HOLLAND AVE",-,SPOKANE,WA,99218,SPOKANE,"(509) 489-4581",10,For-Profit,06/19/1998
501536,"ENCOMPASS HEALTH HOSPICE","800 JASMINE STREET, SUITE 2",-,OMAK,WA,98841,OKANOGAN,"(509) 422-8621",10,For-Profit,09/19/2000
501537,"WHATCOM HOSPICE","2800 DOUGLAS AVE, SUITE 1-C",-,BELLINGHAM,WA,98225,WHATCOM,"(360) 733-5877",10,For-Profit,07/24/2001
501538,"JEFFERSON HEALTHCARE HOME HEALTH","2500 WEST SIMS WAY, #304",-,"PT TOWNSEND",WA,98368,JEFFERSON,"(360) 385-0610",10,Government,08/05/2002
501539,"KLICKITAT VALLEY HEALTH","310 S ROOSEVELT ST",-,GOLDENDALE,WA,98620,KLICKITAT,"(509) 773-0380",10,Government,08/10/2005
501540,"KLINE GALLAND HOSPICE SERVICES","5950 SIXTH AVE S SUITE 100",-,SEATTLE,WA,98108,KING,"(206) 805-1930",10,Non-Profit,04/19/2010
501541,GENTIVA,"625 ANDOVER PARK W STE 111",-,TUKWILA,WA,98115,KING,"(206) 525-1090",10,For-Profit,02/11/2014
501542,"WHIDBEYHEALTH HOSPICE AND PALLIATIVE CARE","101 NE BIRCH ST",-,COUPEVILLE,WA,98239,ISLAND,"(360) 678-7605",10,Government,06/12/2014
501543,"WESLEY HOMES HOSPICE, LLC","18000 72ND AVE S STE 217",-,KENT,WA,98032,KING,"(206) 870-1127",10,Non-Profit,11/02/2017
501544,"ENVISION HOSPICE","1818 S UNION AVE STE 1A",-,TACOMA,WA,98405,PIERCE,"(360) 350-4875",10,For-Profit,02/19/2020
501545,"CONTINUUM CARE OF SNOHOMISH, LLC","19009 33RD AVE W STE 305",-,LYNNWOOD,WA,98036,SNOHOMISH,"(510) 499-9977",10,For-Profit,03/31/2020
501546,"ALPHA HOSPICE","10530 19TH AVE STE STE 201",-,EVERETT,WA,98208,SNOHOMISH,"(425) 595-3059",10,For-Profit,09/11/2020
501547,"PUGET SOUND HOSPICE","111 TUMWATER BLVD SE, STE A300 & A302",-,TUMWATER,WA,98501,THURSTON,"(253) 581-9410",10,For-Profit,07/20/2021
501548,"EDEN HOSPICE","316 E MCLEOD RD STE 104",-,BELLINGHAM,WA,98226,WHATCOM,"(360) 892-6628",10,For-Profit,08/30/2021
501549,"CONTINUUM CARE OF KING LLC","14240 INTERURBAN AVE S, STE 212",-,TUKWILA,WA,98168,KING,"(206) 752-1100",10,For-Profit,02/10/2022
501550,"PUGET SOUND HOSPICE","4002 TACOMA MALL BLVD, STE 204",-,TACOMA,WA,98409,PIERCE,"(253) 581-9410",10,,03/28/2023
501551,"ADVANCED HOSPICE NORTHWEST OF WENATCHEE","285 TECHNOLOGY CENTER WAY STE 108",-,WENATCHEE,WA,98801,"CHELAN COUNTY","(609) 663-9585",10,,07/18/2023
501552,"HEART AND SOUL HOSPICE","15 S GRADY WAY STE 101",-,RENTON,WA,98057,KING,"(206) 659-9998",10,,10/17/2023
501553,"EDEN HOSPICE","16400 SOUTHCENTER PKWY, STE 315",-,TUKWILA,WA,98188,KING,"(206) 717-8161",10,,12/20/2023
501554,"PROVIDENCE HOSPICE SPOKANE","1000 N ARGONNE RD STE 201",-,"SPOKANE VALLEY",WA,98212,SPOKANE,"(425) 293-2819",10,,03/26/2024
501555,"PNW HOSPICE LLC","1313 BROADWAY, STE 500",-,TACOMA,WA,98402,-,"(253) 301-6490",10,,04/10/2024
501556,"EDEN HOSPICE","19217 36TH AVE W, STE 201",-,LYNNWOOD,WA,98036,SNOHOMISH,"(425) 448-7607",10,,01/17/2024
501557,"ACCENTCARE HOSPICE & PALLIATIVE CARE OF KING COUNTY","15 S GRADY WAY STE 433",-,RENTON,WA,98507,KING,"(425) 988-2500",10,,04/02/2024
501558,"ACCENTCARE HOSPICE & PALLIATIVE CARE OF SNOHOMISH COUNTY","3400 188TH ST SW STE 241",-,LYNNWOOD,WA,98037,SNOHOMISH,"(425) 988-2500",10,,06/05/2024
501559,"BRISTOL HOSPICE - SNOHOMISH COUNTY","2122 164TH ST SW STE 202&204",-,LYNNWOOD,WA,98087,SNOHOMISH,"(425) 521-6939",10,,10/11/2024
501560,"ACCENTCARE HOSPICE & PALLIATIVE CARE OF PIERCE COUNTY","4301 S PINE ST, STE 219",-,TACOMA,WA,98409,PIERCE,"(517) 256-0946",10,,01/27/2025
501561,"SHALOM HOSPICE OF PUGET SOUND LLC","19352 VIKING AVE NW STE A",-,POULSBO,WA,98370,KITSAP,"(360) 994-1200",10,,05/23/2025
501562,"BRISTOL HOSPICE - PIERCE, LLC","1401 S UNION AVE STE B",-,TACOMA,WA,98405,PIERCE,"(253) 215-9461",10,,07/02/2025
511500,"HOSPICE OF HUNTINGTON","1101 6TH AVENUE","P.O. BOX 464",HUNTINGTON,WV,25709,WAYNE,"(304) 529-4217",3,Non-Profit,03/28/1986
511501,"HOSPICECARE, INC","1606 KANAWHA BOULEVARD WEST",-,CHARLESTON,WV,25387,KANAWHA,"(304) 768-8523",3,Non-Profit,12/10/1986
511502,"WVUHS HOME CARE","2673 DAVISSON RUN ROAD",-,CLARKSBURG,WV,26301,HARRISON,"(681) 342-3200",3,Non-Profit,02/10/1987
511504,"WEST VIRGINIA CARING","519 G ROAD","P O BOX 760",ARTHURDALE,WV,26520,PRESTON,"(304) 864-0884",3,Non-Profit,04/13/1989
511505,"HOSPICE COMPASSUS - SOUTHERN WEST VIRGINIA","1330 MERCER STREET",-,PRINCETON,WV,24740,MERCER,"(304) 431-2000",3,For-Profit,06/28/1989
511506,"HOSPICE OF SOUTHERN WEST VIRGINIA, INC","456 CRANBERRY DRIVE","P O BOX 1472",BECKLEY,WV,25801,RALEIGH,"(304) 255-6404",3,Non-Profit,10/16/1989
511507,"HOSPICE OF THE PANHANDLE, INC","330 HOSPICE LANE",-,KEARNEYSVILLE,WV,25430,JEFFERSON,"(304) 264-0406",3,Non-Profit,07/09/1990
511509,"ADORATION HOSPICE","417 GRAND PARK DRIVE, SUITE 204",-,PARKERSBURG,WV,26105,WOOD,"(304) 424-3901",3,Other,04/10/1991
511510,"JOURNEY HOSPICE","314 SOUTH WELLS STREET",-,SISTERSVILLE,WV,26175,TYLER,"(304) 447-2464",3,Government,05/09/1991
511511,"MORGANTOWN HOSPICE, AN AMEDISYS PARTNER","3596 COLLINS FERRY ROAD, SUITE 250",-,MORGANTOWN,WV,26505,MONONGALIA,"(304) 285-2777",3,For-Profit,06/25/1992
511514,"HOSPICE OF BARBOUR COUNTY","228 4TH ST",-,ELKINS,WV,26241,RANDOLPH,"(304) 823-3922",3,Non-Profit,03/12/1993
511516,"ADORATION HOSPICE","21 EAST MAIN STREET, SUITE 301",-,BUCKHANNON,WV,26201,UPSHUR,"(304) 473-6800",3,Other,07/22/1993
511517,"DIGNITY HOSPICE OF SOUTHERN WEST VIRGINIA, INC","557 MAIN STREET","P O BOX 4304",CHAPMANVILLE,WV,25508,LOGAN,"(304) 855-4764",3,Non-Profit,02/18/1994
511519,"GRANT MEMORIAL HOSPICE","100 HOSPITAL DRIVE, SUITE 2",-,PETERSBURG,WV,26847,GRANT,"(304) 257-2005",3,Other,03/31/1994
511523,"AMEDISYS HOSPICE CARE","5006 MID ATLANTIC DRIVE",-,MORGANTOWN,WV,26508,MONONGALIA,"(304) 292-4868",3,For-Profit,01/19/2001
511524,"AMEDISYS HOSPICE OF BLUEFIELD","545 AIRPORT ROAD, SUITE 201",-,BLUEFIELD,WV,24701,MERCER,"(304) 327-0600",3,For-Profit,04/02/2008
511525,"AMEDISYS HOSPICE OF VIENNA","2200 GRAND CENTRAL AVENUE, SUITE 102",-,VIENNA,WV,26105,WOOD,"(304) 424-6270",3,For-Profit,04/02/2008
511526,"VALLEY HOSPICE, INCORPORATED","308 MOUNT ST JOSEPH ROAD",-,WHEELING,WV,26003,OHIO,"(304) 242-1977",3,Non-Profit,03/25/2009
521502,"HOSPICE ALLIANCE","10220 PRAIRIE RIDGE BLVD",-,"PLEASANT PRAIRIE",WI,53158,KENOSHA,"(262) 652-4400",5,Non-Profit,12/18/1984
521503,"UNITY HOSPICE","2366 OAK RIDGE CIRCLE",-,"DE PERE",WI,54115,BROWN,"(920) 338-1111",5,Non-Profit,01/21/1985
521504,"THEDACARE AT HOME","3000 E COLLEGE AVE SUITE A",-,APPLETON,WI,54915,OUTAGAMIE,"(920) 969-0919",5,Non-Profit,07/02/1985
521505,"AGRACE HOSPICECARE","5395 E CHERYL PKWY",-,MADISON,WI,53711,DANE,"(608) 276-4660",5,Non-Profit,09/18/1985
521507,"ST CROIX HOSPICE LA CROSSE","700 3RD ST N  SUITE 104",-,"LA CROSSE",WI,54601,"LA CROSSE","(608) 405-7592",5,Non-Profit,01/16/1986
521508,"HOMECARE HEALTH SERVICES HOSPICE","1004 WASHINGTON ST",-,MANITOWOC,WI,54220,MANITOWOC,"(920) 684-7155",5,For-Profit,04/28/1986
521509,"COMPASSUS NORTHERN WISCONSIN","1571 HIGHWAY 51 NORTH SUITE C",-,"ARBOR VITAE",WI,54568,VILAS,"(715) 301-7200",5,For-Profit,08/07/1986
521512,"SSM HEALTH AT HOME HOSPICE","239 TROWBRIDGE DRIVE",-,"FOND DU LAC",WI,54937,"FOND DU LAC","(920) 923-7950",5,Non-Profit,09/11/1987
521516,"COMPASSUS CENTRAL WISCONSIN","303 W UPHAM ST SUITE 200",-,MARSHFIELD,WI,54449,WOOD,"(715) 301-7270",5,For-Profit,03/18/1988
521517,"HOPE HOSPICE AND PALLIATIVE CARE","537 W BROADWAY AVE",-,MEDFORD,WI,54451,TAYLOR,"(715) 748-3434",5,For-Profit,04/29/1988
521518,"HILLSIDE HOSPICE","707 S UNIVERSITY AVE",-,"BEAVER DAM",WI,53916,DODGE,"(920) 887-4050",5,Non-Profit,04/13/1988
521519,"ST CROIX HOSPICE HUDSON","2220 JACK BREAULT DR  SUITE 300",-,HUDSON,WI,54016,"ST. CROIX","(534) 200-4502",5,Non-Profit,03/03/1988
521521,"ADORAY HOME HEALTH AND HOSPICE","990 MAIN ST SUITE 1",-,BALDWIN,WI,54002,"ST. CROIX","(715) 629-1888",5,Non-Profit,04/19/1988
521522,"SSM HEALTH AT HOME HOSPICE","1600 JEFFERSON ST SUITE 101",-,BARABOO,WI,53913,SAUK,"(877) 356-4514",5,Non-Profit,06/27/1988
521523,"SSM HEALTH AT HOME MONROE","515 22ND AVE",-,MONROE,WI,53566,GREEN,"(608) 324-1230",5,Non-Profit,09/15/1988
521525,"BELOIT REGIONAL HOSPICE","1904 E HUEBBE PARKWAY",-,BELOIT,WI,53511,ROCK,"(608) 363-7421",5,Non-Profit,02/28/1989
521526,"COMPASSUS NEENAH","816 W WINNECONNE AVE",-,NEENAH,WI,54956,WINNEBAGO,"(920) 727-2000",5,For-Profit,12/15/1989
521528,"AURORA AT HOME","1155 HONEY CREEK PARKWAY",-,WAUWATOSA,WI,53213,MILWAUKEE,"(414) 615-5900",5,Non-Profit,02/23/1990
521531,"HORIZON HOMECARE AND HOSPICE","11002 WEST PARK PLACE",-,MILWAUKEE,WI,53224,MILWAUKEE,"(414) 365-8300",5,Non-Profit,09/13/1990
521532,"COMPASSUS WAUSAU","1840 POST ROAD SUITE 5",-,PLOVER,WI,54467,PORTAGE,"(715) 204-3440",5,For-Profit,03/01/1991
521536,"LE ROYER HOSPICE","112 E FIFTH AVE",-,ANTIGO,WI,54409,LANGLADE,"(715) 623-2331",5,Non-Profit,02/05/1992
521537,"PROHEALTH HOME HOSPICE","N17 W24100 RIVERWOOD DR SUITE 200",-,WAUKESHA,WI,53188,WAUKESHA,"(262) 928-7444",5,Non-Profit,02/17/1992
521539,"REGIONAL HOSPICE SERVICES","1913 BEASER AVE",-,ASHLAND,WI,54806,ASHLAND,"(715) 685-5151",5,Non-Profit,03/16/1992
521540,"GRANT COUNTY HOSPICE","111 S JEFFERSON ST FLOOR 2",-,LANCASTER,WI,53813,GRANT,"(608) 723-6416",5,Government,05/27/1992
521547,"HOSPICE TOUCH","601 STRAW ST",-,TOMAH,WI,54660,MONROE,"(608) 374-0250",5,Non-Profit,06/24/1993
521549,"UPLAND HILLS HOSPICE","109 W FOUNTAIN ST",-,DODGEVILLE,WI,53533,IOWA,"(608) 930-7210",5,For-Profit,03/03/1994
521550,"MERCYHEALTH AT HOME","901 MINERAL POINT AVE",-,JANESVILLE,WI,53548,ROCK,"(608) 754-2201",5,Non-Profit,02/18/1994
521553,"VITAS HEALTHCARE CORP MIDWEST","12000 W PARK PLACE SUITE 200",-,MILWAUKEE,WI,53224,MILWAUKEE,"(414) 257-2600",5,For-Profit,07/07/1994
521555,"RAINBOW HOSPICE CARE","147 W ROCKWELL ST",-,JEFFERSON,WI,53549,JEFFERSON,"(920) 674-6255",5,Non-Profit,03/30/1995
521556,"AMEDISYS HOSPICE OF MILWAUKEE","16655 W BLUEMOUND RD SUITE 275",-,BROOKFIELD,WI,53005,WAUKESHA,"(414) 257-1708",5,For-Profit,07/27/1995
521558,"MARSHFIELD MEDICAL CTR RICE LAKE HOSPICE","1215 W KNAPP ST",-,"RICE LAKE",WI,54868,BARRON,"(715) 236-6256",5,Non-Profit,03/21/1997
521561,"COMPASSUS MILWAUKEE METRO","135 S 84TH ST SUITE 150-B",-,MILWAUKEE,WI,53214,WAUKESHA,"(414) 455-9510",5,For-Profit,05/28/1997
521563,"CALUMET COUNTY HOSPICE AGENCY","206 COURT ST",-,CHILTON,WI,53014,CALUMET,"(920) 849-1432",5,Government,11/09/1998
521567,"AURORA AT HOME","931 DISCOVERY RD",-,"GREEN BAY",WI,54311,BROWN,"(920) 288-5107",5,Non-Profit,10/24/2000
521568,"HEARTLAND HOSPICE MILWAUKEE","10200 W INNOVATION DR SUITE 400",-,MILWAUKEE,WI,53226,MILWAUKEE,"(414) 944-2000",5,For-Profit,12/14/2000
521569,"HEARTLAND HOSPICE GREEN BAY","1145 W MAIN AVE SUITE 205",-,"DE PERE",WI,54115,BROWN,"(920) 336-6455",5,For-Profit,03/27/2001
521571,"ACCENT CARE HOSPICE AND PALLIATIVE CARE OF WI","6737 W WASHINGTON ST SUITE 2150",-,"WEST ALLIS",WI,53214,MILWAUKEE,"(414) 203-8310",5,For-Profit,05/30/2003
521572,"GUNDERSEN LUTHERAN MEDICAL CENTER","333 FRONT ST N",-,"LA CROSSE",WI,54601,"LA CROSSE","(608) 775-8435",5,Other,04/24/2003
521575,"AMEDISYS HOSPICE OF GREEN BAY","2633 DEVELOPMENT DR SUITE 10",-,BELLEVUE,WI,54311,BROWN,"(920) 339-9065",5,For-Profit,01/03/2006
521576,"COMPASSUS MILWAUKEE","2124 KOHLER MEMORIAL DR  SUITE 200A",-,SHEBOYGAN,WI,53081,SHEBOYGAN,"(920) 452-1851",5,For-Profit,04/10/2006
521578,"COMMONHEART HOSPICE","N16 W23217 STONE RIDGE DR SUITE 350",-,WAUKESHA,WI,53188,WAUKESHA,"(920) 206-6202",5,Non-Profit,10/19/2006
521579,"HEARTLAND HOSPICE FOND DU LAC","N6650 ROLLING MEADOWS DR SUITE 1",-,"FOND DU LAC",WI,54937,"FOND DU LAC","(920) 926-1144",5,For-Profit,12/05/2006
521582,"SHARON S RICHARDSON COMMUNITY HOSPICE","W2850 STATE ROAD 28",-,"SHEBOYGAN FALLS",WI,53085,SHEBOYGAN,"(920) 467-1800",5,For-Profit,05/11/2007
521583,"ALLAY HOSPICE","325 N CORPORATE DR SUITE 260",-,BROOKFIELD,WI,53045,WAUKESHA,"(262) 787-2980",5,For-Profit,07/03/2007
521585,"LUTHER MANOR HOSPICE","4545 N 92ND ST",-,WAUWATOSA,WI,53225,MILWAUKEE,"(414) 847-3041",5,Non-Profit,09/29/2008
521586,"ST PAUL HOSPICE SERVICES","316 E FOURTEENTH ST",-,KAUKAUNA,WI,54130,OUTAGAMIE,"(920) 766-6180",5,Non-Profit,10/21/2008
521588,"ST CAMILLUS HOSPICE","10101 W WISCONSIN AVE",-,WAUWATOSA,WI,53226,MILWAUKEE,"(414) 258-2418",5,Non-Profit,04/21/2010
521590,"GENERATIONS HOSPICE","1028 S MAIN ST SUITE C",-,"FOND DU LAC",WI,54935,"FOND DU LAC","(920) 922-0134",5,For-Profit,04/07/2011
521591,"ST CROIX HOSPICE BARABOO","830 STATE RD 136 SUITE 3",-,BARABOO,WI,53913,SAUK,"(608) 448-4200",5,For-Profit,08/17/2011
521592,"HEARTLAND HOSPICE MADISON","2801 CROSSROADS DR SUITE 2000",-,MADISON,WI,53718,DANE,"(608) 819-0033",5,For-Profit,09/28/2011
521593,"PRECEPTOR HOSPICE","W175 N11117 STONEWOOD DR SUITE 100",-,GERMANTOWN,WI,53022,WASHINGTON,"(262) 293-3951",5,For-Profit,09/27/2012
521594,"INTERIM HOSPICE AND PALLIATIVE CARE","327 N 17TH AVE SUITE 7",-,WAUSAU,WI,54401,MARATHON,"(715) 842-7707",5,For-Profit,04/23/2013
521595,"COMPASSUS GREEN BAY","2960 ALLIED ST SUITE 105",-,"GREEN BAY",WI,54304,BROWN,"(920) 321-2004",5,For-Profit,07/19/2013
521596,"ST CROIX HOSPICE WAUKESHA","N16 W23217 STONE RIDGE DR SUITE 270",-,WAUKESHA,WI,53188,WAUKESHA,"(262) 796-0600",5,For-Profit,09/05/2013
521597,"INTERIM HEALTHCARE HOSPICE OF WESTERN WISCONSIN","4410 GOLF TERRACE SUITE 202",-,"EAU CLAIRE",WI,54701,"EAU CLAIRE","(715) 377-9617",5,For-Profit,07/17/2013
521599,"ST CROIX HOSPICE EAU CLAIRE","1280 W CLAIREMONT AVE SUITE 4",-,"EAU CLAIRE",WI,54701,"EAU CLAIRE","(715) 598-2635",5,For-Profit,01/05/2015
521600,"BADGER HOSPICE","165 S CALHOUN ROAD",-,BROOKFIELD,WI,53005,WAUKESHA,"(262) 777-0390",5,For-Profit,07/26/2017
521601,"HOLISTIC HOSPICE","8777 W FOREST HOME AVE",-,GREENFIELD,WI,53228,MILWAUKEE,"(414) 231-3130",5,For-Profit,11/17/2017
521602,"LEGACY HOSPICE","850 ELM GROVE RD SUITE 21",-,"ELM GROVE",WI,53122,WAUKESHA,"(262) 879-8014",5,For-Profit,09/21/2018
521603,"BRIGHTON HOSPICE WISCONSIN","300 N EXECUTIVE DR SUITE 110",-,BROOKFIELD,WI,53005,WAUKESHA,"(262) 794-3980",5,Non-Profit,07/10/2019
521604,"MOMENTS HOSPICE OF EAU CLAIRE","2263 EASTRIDGE CENTER",-,"EAU CLAIRE",WI,54701,"EAU CLAIRE","(715) 800-0900",5,For-Profit,04/23/2020
521605,"MOMENTS HOSPICE OF MILWAUKEE","1139 S SUNNYSLOPE DR, SUITE 200",-,"MOUNT PLEASANT",WI,53406,RACINE,"(414) 485-9001",5,For-Profit,08/17/2020
521606,"MOMENTS HOSPICE OF APPLETON","5517 W WATERFORD LANE SUITE C",-,APPLETON,WI,54913,OUTAGAMIE,"(920) 212-8533",5,For-Profit,11/25/2020
521607,"MOMENTS HOSPICE OF MADISON","5315 WALL ST SUITE 135",-,MADISON,WI,53718,DANE,"(608) 384-3710",5,For-Profit,07/14/2021
521608,"NORTH SHORE AT HOME","5150 N PORT WASHINGTON RD SUITE 152",-,GLENDALE,WI,53217,MILWAUKEE,"(414) 885-0909",5,Other,10/07/2021
521609,"CASTLE HOSPICE","13040 W CLEVELAND AVE SUITE 300H",-,"NEW BERLIN",WI,53151,WAUKESHA,"(414) 930-4432",5,For-Profit,01/06/2022
521610,"BRISTOL HOSPICE GREEN BAY","2450 VELP AVE SUITE 101",-,"GREEN BAY",WI,54303,BROWN,"(920) 278-2499",5,For-Profit,05/17/2022
521611,"INTERIM HEALTHCARE OF WI  MADISON","2801 COHO ST SUITE 101",-,MADISON,WI,53713,DANE,"(608) 238-0268",5,For-Profit,09/01/2022
521612,"BRIGHTON HOSPICE MADISON","1350 DEMING WAY SUITE 400",-,MIDDLETON,WI,53562,DANE,"(608) 820-1646",5,,09/29/2022
521613,"BRISTOL HOSPICE MADISON","206 E OLIN AVE SUITE 101",-,MADISON,WI,53713,DANE,"(608) 960-7699",5,,09/29/2022
521615,"LILY HOSPICE","15430 W CAPITOL DR SUITE 100",-,BROOKFIELD,WI,53005,WAUKESHA,"(262) 235-3115",5,,12/28/2022
521616,"ST CROIX HOSPICE DE PERE","420 S WASHINGTON ST SUITE A",-,"GREEN BAY",WI,54301,BROWN,"(920) 305-7900",5,,03/20/2023
521617,"HEARTLAND HOSPICE CENTRAL WISCONSIN","3233A BUSINESS PARK DR STE 203",-,"STEVENS POINT",WI,54482,PORTAGE,"(715) 344-4541",5,,03/09/2023
521618,"HEARTLAND HOSPICE EAU CLAIRE","3410 OAKWOOD MALL DR SUITE 400",-,"EAU CLAIRE",WI,54701,"EAU CLAIRE","(715) 214-2485",5,,06/28/2023
521619,"MOMENTS HOSPICE OF GREEN BAY","2140 VELP AVE",-,"GREEN BAY",WI,54303,BROWN,"(877) 666-3687",5,,11/29/2022
521621,"LILY HOME AND HOSPICE","4423 GOLF TERRACE SUITE A",-,"EAU CLAIRE",WI,54701,"EAU CLAIRE","(262) 235-3115",5,,02/29/2024
521622,"ST CROIX HOSPICE WAUSAU","605 S 24TH AVE SUITE 46",-,WAUSAU,WI,54401,MARATHON,"(715) 318-6607",5,,05/20/2024
521623,"MOMENTS HOSPICE OF SHEBOYGAN","2108 KOHLER MEMORIAL DR",-,SHEBOYGAN,WI,53081,SHEBOYGAN,"(877) 666-3687",5,,11/04/2024
521624,"ASPIRUS AT HOME","520 N 32ND AVE",-,WAUSAU,WI,54401,MARATHON,"(715) 847-2424",5,,10/14/2024
521625,"BY YOUR SIDE HOSPICE CARE","4031 W KIEHNAU AVE",-,MILWAUKEE,WI,53209,MILWAUKEE,"(414) 662-7701",5,,12/30/2024
521626,"AZURA PALLIATIVE CARE AND HOSPICE WI","1233 N MAYFAIR ROAD SUITE 308",-,MILWAUKEE,WI,53226,MILWAUKEE,"(414) 731-1172",5,,07/16/2025
521627,"PRECEPTOR HOSPICE SOUTH","6211 DURAND AVE SUITE 102",-,"MOUNT PLEASANT",WI,53406,RACINE,"(262) 381-3931",5,,09/11/2025
521628,"OPTAGE HOSPICE","222 PARK PLACE",-,WAUKESHA,WI,53186,WAUKESHA,"(262) 293-5415",5,,10/31/2025
521629,"UNITY HOSPICE OF GREATER MADISON","10001 W INNOVATION DR SUITE 103",-,WAUWATOSA,WI,53226,MILWAUKEE,"(262) 336-9300",5,,11/26/2025
521630,"AGRACE MILWAUKEE","933 N MAYFAIR ROAD SUITE 109",-,MILWAUKEE,WI,53226,MILWAUKEE,"(414) 245-2135",5,,10/27/2025
531500,"HOSPICE OF SWEETWATER COUNTY","333 BROADWAY STREET, SUITE 220",-,"ROCK SPRINGS",WY,82901,SWEETWATER,"(307) 362-1990",8,Non-Profit,08/18/1987
531501,"CENTRAL WYOMING HOSPICE PROGRAM","319 SOUTH WILSON STREET",-,CASPER,WY,82601,NATRONA,"(307) 577-4832",8,Non-Profit,01/06/1992
531502,"CHEYENNE REGIONAL DAVIS HOSPICE CENTER","6000 SYCAMORE ROAD",-,CHEYENNE,WY,82009,LARAMIE,"(307) 633-7016",8,Government,08/06/1992
531504,"ST JOHN'S HOSPICE","555 EAST BROADWAY, SUITE 115",-,JACKSON,WY,83001,TETON,"(307) 739-6135",8,Government,03/30/1994
531505,"CODY REGIONAL HEALTH SPIRIT MOUNTAIN HOSPICE","707 SHERIDAN AVE",-,CODY,WY,82414,PARK,"(307) 578-2413",8,Government,08/04/1994
531506,"SUSIE BOWLING LAWRENCE HOSPICE","497 WEST LOTT",-,BUFFALO,WY,82834,JOHNSON,"(307) 684-5521",8,Government,08/26/1994
531507,"ENHABIT HOSPICE","230 N FIRST STREET",-,LANDER,WY,82520,FREMONT,"(307) 332-2922",8,For-Profit,08/22/1994
531508,"ENHABIT HOSPICE","907 N POPLAR STREET, SUITE 277",-,CASPER,WY,82601,NATRONA,"(307) 234-6684",8,For-Profit,11/16/1995
531509,"HOSPICE OF LARAMIE","1754 CENTENNIAL DRIVE",-,LARAMIE,WY,82070,ALBANY,"(307) 745-9254",8,Non-Profit,03/07/1996
531510,"SHERIDAN MEMORIAL HOSPITAL HOSPICE","1401 W 5TH STREET",-,SHERIDAN,WY,82801,SHERIDAN,"(307) 672-1083",8,Government,05/15/1996
531519,"HOSPICE OF CAMPBELL COUNTY MEMORIAL HOSPITAL","300 S BURMA AVE",-,GILLETTE,WY,82716,CAMPBELL,"(307) 688-6230",8,Government,12/02/2003
531522,"BEST HOME HEALTH & HOSPICE LLC","105 YELLOW CREEK ROAD",-,EVANSTON,WY,82930,UINTA,"(307) 789-2899",8,For-Profit,12/27/2004
531523,"HELP FOR HEALTH HOSPICE","1240 COLLEGE VIEW DR",-,RIVERTON,WY,82501,FREMONT,"(307) 856-1206",8,For-Profit,07/20/2009
531525,"SYMBII HOSPICE","770 S WASHINGTON ST, STE B",-,AFTON,WY,83110,LINCOLN,"(307) 885-7583",8,For-Profit,02/05/2010
531526,"ENHABIT HOSPICE","1715 FLEISCHLI PKWY, STE 3",-,CHEYENNE,WY,82001,LARAMIE,"(307) 634-5970",8,For-Profit,03/01/2018
531527,"STILLWATER HOSPICE OF NORTHERN WYOMING LLC","210 N BENT ST",-,POWELL,WY,82435,PARK,"(307) 548-1750",8,For-Profit,11/13/2019
531528,"COWBOY CARES HOME HEALTH & HOSPICE","39814 BUSINESS LOOP 80",-,LYMAN,WY,82937,UINTA,"(307) 786-4357",8,For-Profit,01/24/2020
531529,"CARINGEDGE HOSPICE OF CASPER LLC","5870 E 2ND AVE",-,CASPER,WY,82601,NATRONA,"(307) 343-1103",8,For-Profit,04/08/2021
531530,"EVERWIND HOSPICE","801 E 4TH ST., STE 14D",-,GILLETTE,WY,82718,CAMPBELL,"(307) 788-6480",8,,02/17/2023
531531,"EDEN HOSPICE","2232 DELL RANGE BLVD, SUITE 304",-,CHEYENNE,WY,82009,LARAMIE,"(307) 400-5200",8,,12/01/2023
531532,"NOBEL CARE HOSPICE INC","1607 CAPITOL AVE., STE 326",.,CHEYENNE,WY,82001,LARAMIE,"(307) 202-5295",8,,04/09/2024
551500,"ST ANTHONY HOSPICE","512 EAST WILSON AVE, SUITE 208",-,GLENDALE,CA,91206,"LOS ANGELES","(818) 241-0082",9,For-Profit,09/22/2006
551501,"BRISTOL HOSPICE-CALIFORNIA, LLC","374 EAST YOSEMITE AVENUE, SUITE 200",-,MERCED,CA,95340,MERCED,"(209) 384-1415",9,Other,03/08/2007
551502,"BRISTOL HOSPICE- GREATER LOS ANGELES","4010 WATSON PLAZA DR SUITE 140",-,LAKEWOOD,CA,90712,"LOS ANGELES","(562) 904-6777",9,For-Profit,02/22/2007
551503,"HOSPICE CARE OF THE VALLEY INC","1176 ROADRUNNER WAY",-,"SIMI VALLEY",CA,93065,VENTURA,"(805) 520-7055",9,For-Profit,04/13/2007
551505,"A & C HEALTH CARE UNLIMITED LLC","1687 ERRINGER ROAD, SUITE #211",-,"SIMI VALLEY",CA,93065,VENTURA,"(805) 557-8393",9,For-Profit,05/25/2007
551507,"ADMIRAL HOSPICE CARE, INC","4010 WATSON PLAZA DRIVE SUITE 120",-,LAKEWOOD,CA,90712,"LOS ANGELES","(562) 429-1500",9,For-Profit,06/11/2007
551514,"HOPE HOSPICE & HEALTHCARE, INC","29826 HAUN ROAD, SUITE 108",-,"SUN CITY",CA,92586,RIVERSIDE,"(951) 679-8872",9,For-Profit,09/26/2007
551518,"ACTIVE HOSPICE CARE, INC","704 S VICTORY BLVD, SUITE 100",-,BURBANK,CA,91502,"LOS ANGELES","(818) 848-8222",9,For-Profit,08/28/2007
551520,"H & A HOSPICE INC","299 WEST HILLCREST DRIVE","SUITE 106","THOUSAND OAKS",CA,91360,VENTURA,"(805) 583-3565",9,For-Profit,11/09/2007
551521,"CORINTHIAN HOSPICE, INC","133 N ALTADENA DRIVE SUITE 306",-,PASADENA,CA,91107,"LOS ANGELES","(626) 926-4251",9,For-Profit,10/07/2007
551522,"SILVERADO HOSPICE SAN DIEGO","5471 KEARNY VILLA ROAD, SUITE 300",-,"SAN DIEGO",CA,92123,"SAN DIEGO","(888) 555-1005",9,For-Profit,12/24/2007
551523,"NURSES PLUS HOSPICE","11428 ARTESIA BLVD SUITE 3",-,ARTESIA,CA,90701,"LOS ANGELES","(562) 653-9347",9,For-Profit,11/01/2007
551529,"CARECHOICES HOSPICE AND PALLIATIVE SERVICES, LLC","20 CORPORATE PARK DRIVE, SUITE 300",-,IRVINE,CA,92606,ORANGE,"(949) 777-8600",9,For-Profit,02/26/2008
551530,"EVERGREEN HOSPICE CARE, INC","17215 STUDEBAKER ROAD, SUITE 100",-,CERRITOS,CA,90703,"LOS ANGELES","(562) 865-9006",9,For-Profit,03/06/2008
551532,"ZIBA HOSPICE LLC","3950 PARAMOUNT BLVD SUITE 107",-,LAKEWOOD,CA,90712,"LOS ANGELES","(310) 328-4865",9,For-Profit,05/21/2008
551534,"SILVERADO HOSPICE-LOS ANGELES","15821 VENTURA BLVD SUITE 515",-,ENCINO,CA,91436,"LOS ANGELES","(818) 848-4048",9,For-Profit,06/12/2008
551536,"TRANQUIL CARE HOSPICE","700 N CENTRAL AVE SUITE 200",-,GLENDALE,CA,91203,"LOS ANGELES","(310) 264-8413",9,For-Profit,04/29/2008
551538,"BRISTOL HOSPICE - SACRAMENTO, LLC","2140 PROFESSIONAL DRIVE, SUITE 210",-,ROSEVILLE,CA,95661,PLACER,"(916) 782-5511",9,For-Profit,02/03/2009
551539,"TRADITIONS HEALTH","5500 MING AVENUE, SUITE 190",-,BAKERSFIELD,CA,93309,KERN,"(661) 864-0490",9,For-Profit,11/07/2008
551540,"ASERACARE HOSPICE","545 E ALLUVIAL AVE",-,FRESNO,CA,93720,FRESNO,"(559) 447-2540",9,For-Profit,10/03/2008
551545,"ST GRACE HOSPICE INC","904 WEST NINTH STREET",-,UPLAND,CA,91786,"SAN BERNARDINO","(909) 723-1175",9,For-Profit,12/12/2008
551546,"BRISTOL HOSPICE- NORTHERN LOS ANGELES","700 N CENTRAL AVE, SUITE 550",-,GLENDALE,CA,91203,"LOS ANGELES","(818) 559-1550",9,For-Profit,08/22/2008
551548,"INLAND VALLEY HOSPICE","6370 MAGNOLIA AVE","SUITE 350",RIVERSIDE,CA,92506,RIVERSIDE,"(951) 360-5848",9,For-Profit,06/24/2009
551549,"MIRAFAITH HOSPICE, INC","7301 TOPANGA CANYON BLVD. SUITE 385",-,"CANOGA PARK",CA,91303,"LOS ANGELES","(818) 920-9040",9,For-Profit,03/11/2009
551550,"ACCENTCARE HOSPICE & PALLIATIVE CARE OF CALIFORNIA","9915 MIRA MESA BLVD., SUITE 370",-,"SAN DIEGO",CA,92131,"SAN DIEGO","(760) 643-0400",9,Other,07/27/2009
551557,"APREVA HOSPICE","1565 HOTEL CIRCLE SOUTH, SUITE 320",-,"SAN DIEGO",CA,92108,"SAN DIEGO","(619) 450-4414",9,For-Profit,09/02/2009
551558,"ANGELS HOSPICE, LLC","19830 LAKE CHABOT ROAD, UNIT B",-,"CASTRO VALLEY",CA,94546,ALAMEDA,"(510) 727-9000",9,For-Profit,09/28/2009
551559,"CHERISH HOSPICE","2340 PLAZA DEL AMO, SUITE 230",-,TORRANCE,CA,90501,"LOS ANGELES","(310) 320-1677",9,For-Profit,04/13/2009
551560,"INLAND VALLEY HOSPICE CARE","19167 US HIGHWAY 18, SUITE 6",-,"APPLE VALLEY",CA,92307,"SAN BERNARDINO","(760) 243-2501",9,For-Profit,09/22/2009
551561,"PROHEALTH HOME CARE, INC","2700 ZANKER ROAD, SUITE 180",-,"SAN JOSE",CA,95134,"SANTA CLARA","(408) 451-9090",9,For-Profit,12/18/2009
551570,"SERENITY HOSPICE LLC","777 E TAHQUITZ CANYON WAY, SUITE 301",-,"PALM SPRINGS",CA,92262,RIVERSIDE,"(760) 325-8718",9,For-Profit,11/18/2009
551573,"FAITH & HOPE HOSPICE CARE, INC","1575 N LAKE AVE SUITE 208",-,PASADENA,CA,91104,"LOS ANGELES","(818) 559-1460",9,For-Profit,10/27/2009
551574,"SEBASTIAN HOSPICE CARE INC","1720 EAST LOS ANGELES AVENUE, SUITE #218",-,"SIMI VALLEY",CA,93065,VENTURA,"(805) 522-5352",9,For-Profit,02/21/2010
551576,"ALPHA HOSPICE CARE","373 VAN NESS AVENUE, SUITE 260",-,TORRANCE,CA,90501,"LOS ANGELES","(310) 771-0838",9,For-Profit,10/01/2009
551579,"A C HOSPICE, INC","3756 SANTA ROSALIA DRIVE, SUITE 520C",-,"LOS ANGELES",CA,90008,"LOS ANGELES","(323) 293-7072",9,For-Profit,10/16/2009
551580,"MISSION HOSPICE SOUTH BAY","5170 SEPULVEDA BLVD, SUITE 290",-,"SHERMAN OAKS",CA,91403,"LOS ANGELES","(323) 937-4300",9,For-Profit,12/07/2009
551588,"BRIGHT HORIZON HOSPICE SERVICES","3649 WEST BEECHWOOD AVE SUITE 106-A",-,FRESNO,CA,93710,FRESNO,"(559) 443-0303",9,For-Profit,07/07/2010
551592,"VALLEY'S BEST HOSPICE, INC","101 SOUTH FIRST STREET, SUITE 301",-,BURBANK,CA,91502,"LOS ANGELES","(818) 761-1205",9,For-Profit,10/25/2010
551593,"COMFORT HOSPICE CARE, INC","12900 GARDEN GROVE BLVD, SUITE 130",-,"GARDEN GROVE",CA,92843,ORANGE,"(714) 638-8846",9,For-Profit,04/16/2010
551597,"ST. LUKE'S HOSPICE, INC.","3333 S. BREA CANYON RD., STE. 221",-,"DIAMOND BAR",CA,91765,"LOS ANGELES","(909) 444-1100",9,For-Profit,12/14/2010
551599,"PARADISE HOSPICE, INC","1864 E WASHINGTON BLVD SUITE 207",-,PASADENA,CA,91104,"LOS ANGELES","(626) 794-1050",9,For-Profit,11/04/2010
551601,"HUMAN TOUCH PALLIATIVE AND HOSPICE CARE, INC","3629 NORTH SEPULVEDA BLVD, SUITE 102",-,"MANHATTAN BEACH",CA,90266,"LOS ANGELES","(310) 674-4940",9,For-Profit,05/12/2011
551602,"RIDGECREST REGIONAL HOSPICE","1653 TRIANGLE DRIVE, SUITE B",-,RIDGECREST,CA,93555,KERN,"(760) 499-3617",9,Other,02/17/2011
551603,"SACRED HEART HOSPICE","1935 CHICAGO AVENUE, STE C",-,RIVERSIDE,CA,92507,RIVERSIDE,"(951) 682-7022",9,For-Profit,05/21/2010
551604,"CENTRAL COAST HOME HEALTH, INC","253 GRANADA DRIVE, SUITE D",-,"SAN LUIS OBISPO",CA,93401,"SAN LUIS OBISPO","(805) 543-2244",9,For-Profit,04/15/2011
551605,"HYGIEIA HOSPICE","13047 ARTESIA BLVD SUITE C200",-,CERRITOS,CA,90703,"LOS ANGELES","(562) 924-1555",9,For-Profit,06/08/2011
551608,"TRUE CARE HOSPICE, INC.","7355 TOPANGA CANYON BLVD, SUITE 100",-,"CANOGA PARK",CA,91303,"LOS ANGELES","(818) 762-7171",9,For-Profit,07/05/2011
551612,"INTERIM HEALTHCARE SAN DIEGO HOSPICE","5625 RUFFIN ROAD, SUITE 110",-,"SAN DIEGO",CA,92123,"SAN DIEGO","(858) 737-7482",9,For-Profit,09/07/2011
551617,"ATLANTIC CARE HOSPICE, INC","12444 VICTORY BLVD, SUITE 303",-,"N HOLLYWOOD",CA,91606,"LOS ANGELES","(818) 980-9770",9,For-Profit,07/19/2011
551618,"SOUTH VALLEY HOSPICE SERVICES, INC.","30851 AGOURA RD. STE. 105",-,"AGOURA HILLS",CA,91301,"LOS ANGELES","(818) 227-0070",9,For-Profit,11/23/2011
551619,"PLEASANT DAY HOSPICE, INC.","6737 SEPULVEDA BLVD.",-,"VAN NUYS",CA,91411,"LOS ANGELES","(818) 550-9500",9,Government,08/04/2011
551620,"BELLA TERRA HOSPICE","13800 HEACOCK STREET, SUITE C240",-,"MORENO VALLEY",CA,92553,RIVERSIDE,"(951) 397-4755",9,For-Profit,09/20/2011
551621,"ACCENTCARE HOSPICE & PALLIATIVE CARE OF CALIFORNIA - SAN BERNARDINO","3110 GUASTI ROAD, SUITE 315",-,ONTARIO,CA,91761,"SAN BERNARDINO","(909) 981-1136",9,For-Profit,12/20/2011
551622,"HIGH DESERT HOSPICE SERVICES INC","12998 HESPERIA RD SUITE 202",-,VICTORVILLE,CA,92395,"SAN BERNARDINO","(760) 245-8900",9,For-Profit,12/09/2011
551627,"ULTIMATE GREAT CARE HOSPICE INC","1174 AMAZON WAY, #B",-,"SIMI VALLEY",CA,93065,VENTURA,"(818) 601-8501",9,For-Profit,08/04/2011
551628,"PERSONAL CARE HOSPICE SERVICES, INC.","2318 W BURBANK BLVD",-,BURBANK,CA,91506,"LOS ANGELES","(818) 353-0600",9,For-Profit,11/15/2011
551629,"AMERICAN CAREQUEST HOSPICE","819 COWAN ROAD, SUITE C-2",-,BURLINGAME,CA,94010,"SAN MATEO","(415) 885-9100",9,For-Profit,02/16/2012
551630,"BRISTOL HOSPICE - SAN DIEGO LLC","8765 AERO DRIVE, SUITE 226",-,"SAN DIEGO",CA,92123,"SAN DIEGO","(858) 277-5200",9,Other,02/16/2012
551631,"FIVE STAR HOME HOSPICE","1028 N LAKE AVE, SUITE 106",-,PASADENA,CA,91104,"LOS ANGELES","(626) 791-1764",9,For-Profit,02/09/2012
551634,"KAISER FOUNDATION HOSPITAL ANAHEIM HOSPICE","17542 EAST 17TH STREET, SUITE 300",-,TUSTIN,CA,92780,ORANGE,"(714) 734-5464",9,Other,12/12/2011
551635,"ADVENTIST HEALTH HOME CARE SERVICES","2796 SYCAMORE DRIVE, SUITE 100",-,"SIMI VALLEY",CA,93065,VENTURA,"(916) 780-2480",9,For-Profit,04/17/2012
551638,"COMPCARE HOSPICE, INC","4305 TORRANCE BLVD SUITE 200",-,TORRANCE,CA,90503,"LOS ANGELES","(323) 782-0441",9,For-Profit,01/20/2012
551639,"COMPASSIONATE HOSPICE CARE, INC.","3512 W VICTORY BLVD",-,BURBANK,CA,91505,"LOS ANGELES","(818) 848-6410",9,For-Profit,01/09/2012
551640,"LAKEVIEW HOSPICE CARE INC","140 NORTH VICTORY BLVD #105",-,BURBANK,CA,91502,"LOS ANGELES","(818) 841-5020",9,For-Profit,11/23/2011
551641,"PROHEALTH HOME CARE, INC","2125 OAK GROVE ROAD, SUITE 124B",-,"WALNUT CREEK",CA,94598,"CONTRA COSTA","(925) 891-9932",9,For-Profit,07/03/2012
551642,"MGA HOSPICE, INC","121 W. LEXINGTON DR. SUITE 216",-,GLENDALE,CA,91203,"LOS ANGELES","(818) 241-2725",9,For-Profit,03/14/2012
551643,"IVORY HOSPICE & PALLIATIVE CARE","233 E POMONA BLVD, STE A",-,"MONTEREY PARK",CA,91755,"LOS ANGELES","(323) 724-7802",9,For-Profit,02/04/2012
551644,"GRACEFUL PALMS HOSPICE AND PALLIATIVE CARE CORP.","38700 5TH ST W STE G",-,PALMDALE,CA,93551,"LOS ANGELES","(661) 538-1435",9,For-Profit,12/30/2011
551645,"ROZE ROOM HOSPICE OF SAN GABRIEL VALLEY","2700 E FOOTHILL BLVD SUITE 200",-,PASADENA,CA,91107,"LOS ANGELES","(626) 446-7673",9,For-Profit,04/19/2012
551649,"ROZE ROOM HOSPICE OF SOUTH BAY","4510 E. PACIFIC COAST HIGHWAY, SUITE 320",-,"LONG BEACH",CA,90804,"LOS ANGELES","(562) 597-8273",9,For-Profit,05/17/2012
551650,"ADVANCED HOME HEALTH AND HOSPICE, INC","4362 AUBURN BLVD, SUITE 100",-,SACRAMENTO,CA,95841,SACRAMENTO,"(916) 978-0744",9,For-Profit,07/12/2012
551652,"MISSION HOSPICE SERVICES OF SAN DIEGO LLC","2365 NORTHSIDE DRIVE, SUITE 200",-,"SAN DIEGO",CA,92108,"SAN DIEGO","(855) 848-5433",9,For-Profit,09/19/2012
551653,"AMBERCITY HOSPICE, INC","3590 CENTRAL AVENUE, SUITE #207",-,RIVERSIDE,CA,92506,RIVERSIDE,"(951) 686-8100",9,For-Profit,06/07/2012
551654,"GREEN VALLEY HOSPICE, INC","3009 DOUGLAS BLVD, SUITE 160",-,ROSEVILLE,CA,95661,PLACER,"(916) 757-6800",9,For-Profit,10/03/2012
551656,"PRESTIGIOUS HEALTH SERVICES INC.","3191 W TEMPLE AVENUE SUITE 265",-,POMONA,CA,91768,"LOS ANGELES","(626) 331-7300",9,For-Profit,01/25/2012
551658,"PROVIDENCE AT HOME WITH COMPASSUS HOSPICE CARE ORANGE COUNTY SOUTH","26522 LA ALAMEDA, SUITE 120-A",-,"MISSION VIEJO",CA,92691,ORANGE,"(714) 975-8026",9,Non-Profit,06/14/2012
551659,"PREMIUM HOSPICE, INC.","12241 FIRESTONE BLVD., SUITE A & B",-,NORWALK,CA,90650,"LOS ANGELES","(562) 929-7221",9,For-Profit,06/29/2012
551660,"LIFE SPRINGS HOSPICE CARE","60 WHITNEY PLACE",-,FREMONT,CA,94539,ALAMEDA,"(510) 623-1561",9,For-Profit,11/15/2012
551663,"ANGELS HOSPICE SERVICES, INC","126 SOUTH JACKSON ST, SUITE 304",-,GLENDALE,CA,91205,"LOS ANGELES","(818) 406-0409",9,For-Profit,05/01/2012
551666,"HOAG HOSPICE, LLC","4041 MACARTHUR BLVD","STE 105","NEWPORT BEACH",CA,92660,ORANGE,"(714) 460-2219",9,Non-Profit,07/11/2012
551669,"ACE HOME HEALTH CARE & HOSPICE, INC","85 MORAGA WAY, SUITE 100A",-,ORINDA,CA,94563,"CONTRA COSTA","(925) 933-9012",9,For-Profit,12/12/2012
551670,"DESTINY HOSPICE CARE INC","12364 PERRIS BLVD",-,"MORENO VALLEY",CA,92557,RIVERSIDE,"(951) 243-8871",9,For-Profit,06/01/2012
551671,"HAGA HOSPICE, INC","1403 LOMITA BLVD SUITE 303A",-,"HARBOR CITY",CA,90710,"LOS ANGELES","(818) 988-0162",9,For-Profit,06/30/2012
551672,"HIGH QUALITY HOSPICE CARE","21707 HAWTHORNE BLVD, SUITE 304",-,TORRANCE,CA,90503,"LOS ANGELES","(310) 543-4679",9,For-Profit,08/24/2012
551673,"BRIO HOSPICE","12588 CENTRAL AVE.",-,CHINO,CA,91710,"SAN BERNARDINO","(909) 606-4415",9,For-Profit,10/18/2012
551674,"WEST COAST HOSPICE MANAGEMENT, INC.","7100 HAYVENHURST AVE SUITE 210",-,"VAN NUYS",CA,91406,"LOS ANGELES","(818) 781-1888",9,For-Profit,08/11/2012
551675,"RELIANCE HOSPICE AND PALLIATIVE CARE","17785 CENTER COURT DR N #640",-,CERRITOS,CA,90703,"LOS ANGELES","(323) 446-4493",9,For-Profit,09/17/2012
551679,"WISTERIA HOSPICE, INC.","4195 N VIKING WAY, SUITE 140",-,"LONG BEACH",CA,90808,"LOS ANGELES","(562) 425-1203",9,Other,08/13/2012
551682,"OAKHURST HOSPICE","910 HAMPSHIRE ROAD, SUITE S",-,"WESTLAKE VILLAGE",CA,91361,VENTURA,"(480) 231-6000",9,For-Profit,02/21/2013
551684,"IMMANUEL HOSPICE, INC","30 EAST SANTA CLARA ST SUITE F",-,ARCADIA,CA,91006,"LOS ANGELES","(626) 447-9603",9,For-Profit,07/28/2012
551686,"ADVANTAGE HEALTH SYSTEMS","9663 TIERRA GRANDE STREET, SUITE 204",-,"SAN DIEGO",CA,92126,"SAN DIEGO","(858) 547-0077",9,For-Profit,02/20/2013
551687,"SIERRA HOSPICE CARE, INC","222 N HARVARD BLVD",-,"LOS ANGELES",CA,90004,"LOS ANGELES","(213) 380-1100",9,For-Profit,06/22/2012
551689,"MAXCARE HOSPICE","13800 ARIZONA STREET, SUITE 201",-,WESTMINSTER,CA,92683,ORANGE,"(714) 844-7777",9,For-Profit,12/24/2012
551690,"CALIFORNIA HOSPICE CORP.","905 SOUTH LAKE ST., SUITE #202",-,BURBANK,CA,91502,"LOS ANGELES","(818) 557-6444",9,For-Profit,01/31/2013
551692,"REMITA HEALTH","560 E HOSPITALITY LANE, SUITE 300",-,"SAN BERNARDINO",CA,92408,"SAN BERNARDINO","(951) 823-8428",9,For-Profit,11/15/2012
551701,"RELIABLE HOSPICE, INC","1234 W CHAPMAN AVE","SUITE 103",ORANGE,CA,92868,ORANGE,"(844) 395-4694",9,For-Profit,04/04/2013
551703,"ANGELS ON EARTH HOSPICE","4959 PALO VERDE STREET SUITE 202-A",-,MONTCLAIR,CA,91763,"SAN BERNARDINO","(909) 626-8802",9,For-Profit,04/15/2013
551704,"AMERICAN HOSPICE AND HOME HEALTH CARE SERVICE INC","7031 KOLL CENTER PARKWAY, STE. 230",-,PLEASANTON,CA,94566,ALAMEDA,"(925) 240-6300",9,For-Profit,04/29/2013
551705,"ANGELS HOSPICE CORPORATION","15335 FAIRFIELD RANCH ROAD SUITE 125",-,"CHINO HILLS",CA,91709,"SAN BERNARDINO","(909) 393-1000",9,For-Profit,04/23/2013
551709,"CHARITY HOSPICE CARE, INC.","20300 SOUTH VERMONT AVENUE # 130",-,TORRANCE,CA,90502,"LOS ANGELES","(310) 527-2962",9,For-Profit,03/29/2013
551710,"WESTSIDE HOSPICE COMFORT CARE INCORPORATION","9555 WEST PICO BLVD SUITE B",-,"LOS ANGELES",CA,90035,"LOS ANGELES","(310) 284-6637",9,For-Profit,04/15/2013
551713,"REJUVENATE HOSPICE CARE INC","9087 ARROW ROUTE SUITE 284",-,"RANCHO CUCAMONGA",CA,91730,"SAN BERNARDINO","(866) 502-5710",9,For-Profit,12/31/2012
551715,"ENCORE HOSPICE, INC.","271 WEST ALAMEDA AVE",-,BURBANK,CA,91502,"LOS ANGELES","(818) 455-8880",9,For-Profit,05/03/2013
551716,"FAITH IN ANGELS HOSPICE","120 S VICTORY BLVD SUITE 203",-,BURBANK,CA,91502,"LOS ANGELES","(877) 509-0934",9,For-Profit,04/26/2013
551721,"HAVEN HEALTH","2855 TEMPLE AVENUE SUITE B",-,"SIGNAL HILL",CA,90755,"LOS ANGELES","(562) 424-3950",9,For-Profit,01/04/2013
551726,"A-1 HOSPICE","5011 ARGOSY AVE SUITE 5",-,"HUNTINGTON BEACH",CA,92649,ORANGE,"(562) 989-8200",9,For-Profit,03/12/2013
551729,"PROMISE HOSPICE, INC","2140 W OLYMPIC BLVD SUITE 326",-,"LOS ANGELES",CA,90006,"LOS ANGELES","(310) 205-2587",9,For-Profit,06/18/2013
551730,"ANGEL'S SMILE HOSPICE, INC.","2252 BEVERLY BLVD SUITE 210",-,"LOS ANGELES",CA,90057,"LOS ANGELES","(818) 505-9010",9,For-Profit,05/22/2013
551733,"AMERIHEALTH HOSPICE PROVIDER, INC","1323 WEST COLTON AVENUE, SUITE 200",-,REDLANDS,CA,92374,"SAN BERNARDINO","(909) 793-7558",9,For-Profit,03/06/2013
551735,"MAXIMUM CARE HOSPICE, INC","5301 LAUREL CANYON BLVD, STE 230",-,"VALLEY VILLAGE",CA,91607,"LOS ANGELES","(818) 232-8123",9,For-Profit,06/20/2013
551739,"USM HOSPICE","16159 COHASSET ST SUITE 201",-,"VAN NUYS",CA,91406,"LOS ANGELES","(818) 989-9030",9,For-Profit,07/23/2013
551741,"OC HOSPICE","13522 NEWPORT AVE, SUITE 200",-,TUSTIN,CA,92780,ORANGE,"(714) 838-1542",9,For-Profit,08/20/2013
551742,"PRIORITY ONE HOSPICE","4959 PALO VERDE STREET SUITE 107C",-,MONTCLAIR,CA,91763,"SAN BERNARDINO","(909) 625-6377",9,For-Profit,07/23/2013
551743,"KAISER FOUNDATION HOSPITAL - RIVERSIDE HOSPICE","1830 CALIFORNIA AVE",-,CORONA,CA,92281,RIVERSIDE,"(951) 358-2600",9,Other,11/12/2012
551744,"BAKERSFIELD COMMUNITY HOSPICE, INC","1811 OAK ST, STE 160",-,BAKERSFIELD,CA,93301,KERN,"(661) 327-9800",9,For-Profit,08/23/2013
551745,"SEAPORT HOSPICE","3750 CONVOY STREET, SUITE 220B",-,"SAN DIEGO",CA,92111,"SAN DIEGO","(858) 634-5870",9,For-Profit,09/26/2013
551748,"GRACELAND HOSPICE CARE","2141 W ORANGEWOOD AVE SUITE A",-,ORANGE,CA,92868,ORANGE,"(562) 448-8721",9,For-Profit,07/18/2013
551749,"CARE PLUS HOSPICE","22931 TRITON WAY, SUITE 131",-,"LAGUNA HILLS",CA,92653,ORANGE,"(949) 305-4599",9,For-Profit,09/03/2013
551750,"ACCENTCARE HOSPICE & PALLIATIVE CARE OF NORTHERN C","400 RACE STREET, SUITE 101",-,"SAN JOSE",CA,95126,"SANTA CLARA","(408) 377-3018",9,For-Profit,07/24/2013
551751,"HOSPICE BY BLIZE HEALTHCARE","750 ALFRED NOBEL DRIVE, SUITE 202",-,HERCULES,CA,94547,"CONTRA COSTA","(510) 647-8057",9,For-Profit,01/28/2014
551753,"CARELINK HOSPICE, INC","187 E WILBUR ROAD, SUITE #7",-,"THOUSAND OAKS",CA,91360,VENTURA,"(805) 494-9199",9,For-Profit,08/22/2013
551754,"MISSION HOSPICE OF VENTURA, LLC","2775 NORTH VENTURA ROAD, SUITE 100A",-,OXNARD,CA,93036,VENTURA,"(805) 507-8144",9,For-Profit,09/30/2013
551757,"VISITING NURSES HOSPICE, INC","539 NORTH GLENOAKS BLVD, STE 203",-,BURBANK,CA,91502,"LOS ANGELES","(818) 485-2218",9,For-Profit,08/02/2013
551760,"BRIGHT SKY HOSPICE CARE INC","502 CAJON STREET SUITE A",-,REDLANDS,CA,92373,"SAN BERNARDINO","(909) 335-1818",9,For-Profit,11/25/2013
551766,"MANOR HOSPICE","9007 ARROW ROUTE SUITE 180",-,"RANCHO CUCAMONGA",CA,91730,"SAN BERNARDINO","(909) 481-7579",9,For-Profit,01/21/2014
551767,"ARDENT HOSPICE","5411 AVENIDA ENCINAS","SUITE 260",CARLSBAD,CA,92008,"SAN DIEGO","(858) 952-1786",9,For-Profit,11/28/2013
551770,"AMERICAN HOSPICE, INC.","120 S VICTORY BLVD SUITE 205",-,BURBANK,CA,91502,"LOS ANGELES","(818) 562-7511",9,For-Profit,09/05/2013
551772,"CALM CARE, INC","6850 LINCOLN AVE, SUITE 202",-,"BUENA PARK",CA,90620,ORANGE,"(714) 826-8598",9,For-Profit,10/15/2013
551773,"SEASONS OF LIFE HOSPICE, LLC","23832 ROCKFIELD BLVD SUITE 135",-,"LAKE FOREST",CA,92630,ORANGE,"(949) 743-2588",9,For-Profit,11/12/2013
551774,"CALIFORNIA MISSION HOSPICE, LLC","23441 SOUTH POINTE DRIVE SUITE 245",-,"LAGUNA HILLS",CA,92653,ORANGE,"(949) 829-9888",9,For-Profit,11/22/2013
551775,"BRIGHT HAVEN HOSPICE","9631 BUSINESS CENTER DRIVE SUITE C",-,"RANCHO CUCAMONGA",CA,91730,"SAN BERNARDINO","(909) 476-7896",9,For-Profit,10/12/2013
551784,"HEALTH FIRST HOSPICE, INC","12158 HAMLIN STREET, SUITE 6",-,"N HOLLYWOOD",CA,91606,"LOS ANGELES","(818) 761-1445",9,For-Profit,08/05/2013
551786,"BONUM HOSPICE SERVICES","2000 WEST MAGNOLIA BLVD, STE. 208",-,BURBANK,CA,91506,"LOS ANGELES","(818) 397-4792",9,For-Profit,07/21/2013
551787,"HOLLYWOOD HOSPICE","4640 LANKERSHIM BLVD, STE 110",-,"N HOLLYWOOD",CA,91602,"LOS ANGELES","(818) 763-2728",9,For-Profit,08/09/2013
551788,"HEALING HANDS CARE, INC","220 N GLENOAKS BLVD SUITE C",-,BURBANK,CA,91502,"LOS ANGELES","(818) 845-0303",9,For-Profit,08/26/2013
551791,"IN THE ARMS OF GRACE HOSPICE, INC","3111 LOS FELIZ BLVD SUITE 107",-,"LOS ANGELES",CA,90039,"LOS ANGELES","(323) 928-2992",9,For-Profit,09/20/2013
551793,"VICTORY HOSPICE CARE","5500 VAN NUYS BLVD",-,"SHERMAN OAKS",CA,91401,"LOS ANGELES","(818) 392-5498",9,For-Profit,09/04/2013
551799,"CHARTER HOSPICE OF THE SAN GABRIEL VALLEY, LLC","970 S VILLAGE OAKS DR, STE 106",-,COVINA,CA,91724,"LOS ANGELES","(626) 331-8001",9,For-Profit,10/17/2013
651500,"HEALTH SERVICES OF THE PACIFIC - HOSPICE","809 CHALAN PASAHERU, UNIT 2",-,BARRIGADA,GU,96913,GUAM,"(671) 647-5355",9,For-Profit,03/28/2007
651501,"FHP HOME HEALTH - HOSPICE","219 S MARINE CORPS DRIVE, SUITE 200, CENTURY PLAZA",-,TAMUNING,GU,96913,GUAM,"(671) 646-4933",9,Other,05/31/2007
661501,"TENDER HOSPICE CARE","BRI BLDG KOPA DI ORU",-,GARAPAN,MP,96950,SAIPAN,"(670) 323-8742",9,For-Profit,01/28/2018
671500,"ENVISION HOSPICE","8929 VISCOUNT UPPER LEVEL",-,"EL PASO",TX,79925,"EL PASO","(915) 778-0028",6,For-Profit,06/21/2005
671501,"BSA HOSPICE OF THE SOUTHWEST","5211 SW 9TH AVENUE",-,AMARILLO,TX,79106,POTTER,"(806) 356-0026",6,For-Profit,07/08/2005
671502,"NEW CENTURY HOSPICE OF AUSTIN","12012 TECHNOLOGY BLVD STE 201",-,AUSTIN,TX,78727,TRAVIS,"(512) 342-8288",6,For-Profit,07/20/2005
671504,"HOSPICE CARE PARTNERS","2015 E. LAMAR BLVD, SUITE 100",-,ARLINGTON,TX,76006,TARRANT,"(817) 203-2900",6,For-Profit,08/01/2005
671505,"HEART TO HEART HOSPICE OF FORT WORTH, LLC","6100 SOUTHWEST BLVD STE 200",-,"FORT WORTH",TX,76109,TARRANT,"(817) 731-9700",6,For-Profit,08/10/2005
671511,"HARBOR HOSPICE HOUSE","2450 NORTH MAJOR DRIVE",-,BEAUMONT,TX,77713,JEFFERSON,"(409) 840-5640",6,For-Profit,11/07/2005
671512,"RELIANT AT HOME","19221 I 45 S STE 320",-,SHENANDOAH,TX,77385,MONTGOMERY,"(936) 856-6888",6,For-Profit,11/29/2005
671514,"DIERKSEN HOSPICE","5520 PLAZA DR",-,TEXARKANA,TX,75503,BOWIE,"(903) 793-6350",6,For-Profit,11/10/2005
671516,"ALLSTAR HOSPICE","1032 WEST PIONEER PARKWAY SUITE 200",-,ARLINGTON,TX,76013,TARRANT,"(817) 794-0048",6,For-Profit,12/15/2005
671517,GENTIVA,"2913 WILLIAMS DRIVE SUITE #320",-,GEORGETOWN,TX,78628,WILLIAMSON,"(512) 868-0505",6,For-Profit,12/19/2005
671518,"ARC HOSPICE AND PALLIATIVE CARE","215 E 4TH AVENUE, SUITE B",-,CORSICANA,TX,75110,NAVARRO,"(903) 874-7700",6,For-Profit,12/21/2005
671519,"GLOBAL HOSPICE CARE INC","1817 WYOMING AVENUE SUITE A",-,"EL PASO",TX,79903,"EL PASO","(915) 543-6060",6,For-Profit,12/19/2005
671527,"FREEDOM HOSPICE","9001 AIRPORT FREEWAY SUITE 570",-,"NORTH RICHLAND HILLS",TX,76180,TARRANT,"(817) 265-0151",6,For-Profit,05/19/2006
671529,"HEART TO HEART HOSPICE OF AUSTIN LTD","4009 BANISTER LANE, SUITE 100",-,AUSTIN,TX,78704,TRAVIS,"(512) 707-2600",6,For-Profit,03/08/2006
671531,"COON MEMORIAL HOSPITAL HOME CARE","210 E TEXAS BLVD",-,DALHART,TX,79022,DALLAM,"(806) 244-8738",6,Government,04/24/2006
671532,"BLUEBONNET HEALTH SERVICES","307 LONDONDERRY DR",-,WACO,TX,76712,MCLENNAN,"(254) 751-1790",6,For-Profit,05/17/2006
671533,"HEART TO HEART HOSPICE OF SAN ANTONIO, LLC","1000 CENTRAL PARKWAY NORTH, SUITE 110",-,"SAN ANTONIO",TX,78232,BEXAR,"(210) 824-4113",6,For-Profit,06/07/2006
671535,"SILVERADO HOSPICE - NORTH HOUSTON","20445 STATE HIGHWAY 249, STE 120",-,HOUSTON,TX,77070,HARRIS,"(281) 397-8800",6,For-Profit,05/22/2006
671537,"HOSPICE COMPASSUS - THE WOODLANDS","1770 ST JAMES PLACE SUITE 330",-,HOUSTON,TX,77056,HARRIS,"(713) 850-8853",6,For-Profit,06/26/2006
671540,"ALAMO HOSPICE","3201 CHERRY RIDGE ST STE C313",-,"SAN ANTONIO",TX,78230,BEXAR,"(205) 725-6236",6,For-Profit,08/09/2006
671541,"ALAMO HOSPICE OF WACO","611 W STATE HIGHWAY 6, SUITE 109",-,WACO,TX,76710,MCLENNAN,"(254) 313-0072",6,For-Profit,07/20/2006
671542,"HEART TO HEART HOSPICE OF GREATER HOUSTON LLC","100 PERKINS AVENUE, SUITE E",-,"LEAGUE CITY",TX,77573,GALVESTON,"(713) 984-2100",6,Other,07/26/2006
671545,"ACCENTCARE HOSPICE & PALLIATIVE CARE OF TEXAS","2904 N FOURTH STREET SUITE 102",-,LONGVIEW,TX,75605,GREGG,"(903) 234-0943",6,For-Profit,08/30/2006
671547,"COMPASS HOSPICE OF EAST TEXAS LLC","1111 IDEL STREET",-,TYLER,TX,75701,SMITH,"(903) 758-8383",6,For-Profit,09/19/2006
671548,"BELLA HOSPICE OF TEXAS","900 WIGGINS PKWY, STE A",-,MESQUITE,TX,75150,DALLAS,"(972) 686-3753",6,Non-Profit,10/24/2006
671550,"COMPASSUS - SAN ANTONIO","84 NE 410 LOOP STE 390",-,"SAN ANTONIO",TX,78216,BEXAR,"(210) 731-0505",6,For-Profit,11/27/2006
671552,"ACCENTCARE HOSPICE & PALLIATIVE CARE OF TEXAS","8320 CENTRAL PARK DR. STE D",-,WACO,TX,76712,MCLENNAN,"(254) 756-0404",6,For-Profit,11/20/2006
671554,"ACCENTCARE HOSPICE & PALLIATIVE CARE - AUSTIN","3520 EXECUTIVE CENTER DR STE 320",-,AUSTIN,TX,78731,TRAVIS,"(512) 372-4194",6,For-Profit,01/22/2007
671556,"ELARA CARING","6600 MONTANA AVE, STE G",-,"EL PASO",TX,79925,"EL PASO","(915) 778-1222",6,For-Profit,01/11/2007
671557,"HOSPICE SUNSET","1315 W 5TH STREET",-,CLIFTON,TX,76634,BOSQUE,"(254) 675-3391",6,Non-Profit,01/24/2007
671559,"ACCENTCARE HOSPICE & PALLIATIVE CARE OF HOUSTON - SOUTH, LLC","12000 AEROSPACE AVE STE 300",-,HOUSTON,TX,77034,HARRIS,"(713) 895-8615",6,For-Profit,03/08/2007
671560,"ACCENTCARE HOSPICE & PALLIATIVE CARE OF TEXAS","5685 EASTEX FREEWAY",-,BEAUMONT,TX,77706,JEFFERSON,"(409) 899-1152",6,For-Profit,02/27/2007
671561,"EXCELACARE HOSPICE","3223 SOUTH LOOP 289, STE 110B",-,LUBBOCK,TX,79423,LUBBOCK,"(806) 791-0043",6,For-Profit,04/12/2007
671562,"ALTUS HOSPICE","14141 SOUTHWEST FREEWAY, SUITE 260",-,"SUGAR LAND",TX,77478,"FORT BEND","(281) 493-9744",6,For-Profit,04/18/2007
671565,"OASIS HOSPICE","12051 SLEEPY HOLLOW RD",-,CONROE,TX,77385,MONTGOMERY,"(281) 607-2310",6,For-Profit,03/20/2007
671568,"EVANGEL HOSPICE CARE SERVICES","6464 SAVOY DR STE 825",-,HOUSTON,TX,77023,HARRIS,"(713) 923-5765",6,Other,04/05/2007
671570,"HOSPICE OF BALLINGER","2001 HUTCHINS, SUITE B",-,BALLINGER,TX,76821,RUNNELS,"(325) 365-2375",6,For-Profit,05/09/2007
671572,"HARBOR HOSPICE OF GULF COAST LP","400 ENTERPRISE BLVD BUILDING C",-,ROCKPORT,TX,78382,ARANSAS,"(361) 727-1232",6,For-Profit,04/26/2007
671573,"IPH HOSPICE CARE INC","2901 N 10TH ST SUITE N",-,MCALLEN,TX,78501,HIDALGO,"(956) 682-4234",6,For-Profit,05/17/2007
671577,"HEART TO HEART HOSPICE OF THE GULF COAST","4180 DELAWARE ST. SUITE 402",-,BEAUMONT,TX,77706,JEFFERSON,"(409) 813-1028",6,For-Profit,06/01/2007
671579,"CHOICE HEALTH AT HOME","1125 CYPRESS STATION DRIVE SUITE D",-,HOUSTON,TX,77090,HARRIS,"(713) 522-0160",6,For-Profit,06/07/2007
671580,GENTIVA,"210 S CARANCAHUA ST STE 303",-,"CORPUS CHRISTI",TX,78401,NUECES,"(361) 992-2700",6,For-Profit,07/23/2007
671581,"CROWN HOSPICE LLC","1406 E RED RIVER STREET",-,VICTORIA,TX,77901,VICTORIA,"(361) 575-5900",6,For-Profit,09/17/2007
671583,"CENTRIC HOSPICE","600 EAST TAYLOR ST SUITE 4011",-,SHERMAN,TX,75090,GRAYSON,"(855) 942-3687",6,For-Profit,01/09/2008
671585,"PETERSON HOSPICE","250 CULLY DRIVE",-,KERRVILLE,TX,78028,KERR,"(830) 258-7799",6,Non-Profit,02/29/2008
671588,"NEW CENTURY HOSPICE OF DALLAS","740 EAST CAMPBELL ROAD, SUITE 470",-,RICHARDSON,TX,75081,DALLAS,"(972) 239-0907",6,For-Profit,04/18/2008
671591,"HEART TO HEART HOSPICE OF EAST TEXAS LLC","100 WEST HAWKINS PKWY SUITE A",-,LONGVIEW,TX,75605,GREGG,"(903) 663-3310",6,For-Profit,03/12/2008
671592,"TRADITIONS HEALTH","1820 SHILOH ROAD, SUITE 1105",-,TYLER,TX,75703,SMITH,"(903) 787-5897",6,For-Profit,03/14/2008
671593,"HARBOUR HOSPICE","12915 JONES MALTSBERGER SUITE #501",-,"SAN ANTONIO",TX,78247,BEXAR,"(210) 403-9911",6,For-Profit,06/12/2008
671594,GENTIVA,"1105 WOODED ACRES DR., STE 130",-,WACO,TX,76710,MCLENNAN,"(254) 399-0963",6,For-Profit,06/06/2008
671595,"AVE MARIA HOSPICE","904 N LLANO ST",-,FREDERICKSBURG,TX,78624,GILLESPIE,"(830) 997-1709",6,For-Profit,05/01/2008
671597,"ANGEL HANDS HOSPICE","8330 LYNDON B JOHNSON FREEWAY, SUITE 280",-,DALLAS,TX,75243,DALLAS,"(214) 267-1800",6,For-Profit,06/12/2008
671598,"MAVERICK HOSPICE CARE","2822 N VETERANS BLVD SUITE B",-,"EAGLE PASS",TX,78852,MAVERICK,"(830) 757-1362",6,Other,05/30/2008
671599,"MARSHALL HOMECARE AND HOSPICE","111 E BURLESON",-,MARSHALL,TX,75670,HARRISON,"(903) 923-8154",6,For-Profit,09/10/2008
671600,"SILVERADO HOSPICE SOUTH HOUSTON","4800 SUGAR GROVE BLVD SUITE 390",-,STAFFORD,TX,77477,"FORT BEND","(281) 565-2900",6,For-Profit,08/08/2008
671601,"HEART TO HEART HOSPICE OF LUFKIN LLC","2102 S JOHN REDDITT DRIVE",-,LUFKIN,TX,75904,ANGELINA,"(936) 569-9143",6,For-Profit,06/26/2008
671603,"ARCY HOSPICE","700 PARKER SQUARE SUITE 105",-,"FLOWER MOUND",TX,75028,DENTON,"(469) 293-1515",6,For-Profit,07/09/2008
671607,"NEW CENTURY HOSPICE OF SOUTH TEXAS","4550 CORONA DRIVE",-,"CORPUS CHRISTI",TX,78411,NUECES,"(361) 814-3600",6,For-Profit,12/29/2008
671608,"ANGEL BRIGHT HOSPICE INC","3213 HOLLY RD",-,"CORPUS CHRISTI",TX,78415,NUECES,"(361) 853-4300",6,For-Profit,12/03/2008
671609,GENTIVA,"210 WEST PARK SUITE 107",-,LIVINGSTON,TX,77352,POLK,"(936) 327-5888",6,For-Profit,12/11/2008
671610,"CUIDADO CASERO HOME HEALTH LUBBOCK","2118 BROADWAY",-,LUBBOCK,TX,79401,LUBBOCK,"(806) 785-7903",6,Non-Profit,02/24/2009
671611,"SILVERADO HOSPICE DALLAS/FORT WORTH","3939 BELT LINE RD STE 320",-,ADDISON,TX,75001,DALLAS,"(972) 409-9884",6,For-Profit,11/14/2008
671612,"NEW CENTURY HOSPICE OF SAN ANTONIO","2210 BANDERA HWY STE B-2",-,KERRVILLE,TX,78028,BEXAR,"(830) 955-5961",6,For-Profit,02/12/2009
671613,"ELYSIAN HOSPICE LLC","16750 WESTGROVE DR STE 100",-,ADDISON,TX,75001,DALLAS,"(972) 224-1876",6,For-Profit,11/11/2008
671614,"ALTUS HOSPICE","6909 SPRINGFIELD AVENUE, SUITE 200",-,LAREDO,TX,78041,WEBB,"(956) 718-3000",6,For-Profit,03/09/2009
671618,"CUIDADO CASERO HOME HEALTH OF EL PASO INC","1617 E MISSOURI",-,"EL PASO",TX,79902,"EL PASO","(915) 772-7177",6,For-Profit,02/24/2009
671619,"ALAMO HOSPICE OF CONROE","11133 INTERSTATE 45 SOUTH, SUITE 240",-,CONROE,TX,77302,MONTGOMERY,"(936) 788-5900",6,Other,04/10/2009
671621,"ALTUS HOSPICE","555 N CARANCAHUA ST STE 1770",-,"CORPUS CHRISTI",TX,78401,NUECES,"(361) 723-1049",6,For-Profit,05/05/2009
671622,"BRISTOL HOSPICE - DALLAS","16901 DALLAS PKWY STE 114",-,ADDISON,TX,75001,DALLAS,"(214) 221-9216",6,For-Profit,05/06/2009
671624,"BLUE SKIES HOSPICE","12455 FREEDOM WAY",-,"SAN ANTONIO",TX,78245,BEXAR,"(210) 838-6340",6,Non-Profit,01/28/2009
671626,GENTIVA,"6800 WEST LOOP S, STE 200",-,BELLAIRE,TX,77401,MONTGOMERY,"(713) 665-5065",6,For-Profit,04/22/2009
671628,"HOSPICE COMPASSUS","1717 N IH 35 SUITE 130",-,"ROUND ROCK",TX,78664,WILLIAMSON,"(512) 246-7127",6,For-Profit,08/13/2009
671629,"GREATER VALLEY HOSPICE ALLIANCE, LP","605 MACO DR",-,HARLINGEN,TX,78550,CAMERON,"(956) 428-2386",6,For-Profit,08/18/2009
671630,"BEACON HOSPICE OF AUSTIN","16165 RANCH ROAD 620 N",-,AUSTIN,TX,78717,WILLIAMSON,"(512) 443-7100",6,For-Profit,07/27/2009
671631,"RESOLUTIONS HOSPICE AUSTIN","3305 NORTHLAND DR STE 400",-,AUSTIN,TX,78731,TRAVIS,"(512) 343-5555",6,For-Profit,06/25/2009
671633,"CROSSBRIDGE HOSPICE","4545 FULLER DR STE 330",-,IRVING,TX,75038,DALLAS,"(972) 871-0100",6,For-Profit,05/14/2009
671634,"CARING HEARTS OF TEXAS","420 W. SAM HOUSTON BLVD SUITE B",-,PHARR,TX,78577,HIDALGO,"(956) 803-0895",6,For-Profit,10/15/2009
671635,"THREE OAKS HOSPICE","16420 PARK TEN PLACE, SUITE 300",-,HOUSTON,TX,77084,HARRIS,"(832) 437-2089",6,For-Profit,08/21/2009
671636,"1ST CHOICE HOSPICE LLC","2800 LAKE RD",-,HUNTSVILLE,TX,77340,WALKER,"(936) 295-7100",6,For-Profit,07/02/2009
671637,"COMPASSION HOSPICE","1450 WELLINGTON CIR, STE A",-,BEAUMONT,TX,77706,JEFFERSON,"(409) 835-8357",6,For-Profit,09/08/2009
671638,"ANGEL CARE HOSPICE LLC","702 FAIR PARK DRIVE SUITE 102",-,HENDERSON,TX,75654,RUSK,"(903) 657-2461",6,For-Profit,09/17/2009
671641,"SAFEHAVEN HOSPICE","704 PAREDES LINE RD STE G1",-,BROWNSVILLE,TX,78521,CAMERON,"(956) 504-2780",6,For-Profit,02/15/2010
671642,"HOSPICE COMPASSIONATE CARE SERVICES LLC","2411 E GRIFFIN PKWY",-,MISSION,TX,78572,HIDALGO,"(956) 581-9450",6,For-Profit,01/21/2010
671644,"AADVANTAGE HEALTH & HOSPICE CARE SYSTEMS INC","9100 SOUTHWEST FREEWAY STE#105",-,HOUSTON,TX,77074,HARRIS,"(713) 780-0150",6,For-Profit,01/27/2010
671645,"HARBOR HOSPICE OF BAYTOWN LP","1600 JAMES BOWIE SUITE D-111",-,BAYTOWN,TX,77520,HARRIS,"(281) 427-3800",6,For-Profit,03/23/2010
671646,"HERITAGE HOSPICE OF TEXARKANA LLC","4605 TEXAS BLVD",-,TEXARKANA,TX,75503,BOWIE,"(903) 792-0716",6,For-Profit,12/30/2009
671647,"AMEDISYS HOSPICE","2685 S LOOP 336 W, SUITE A-1",-,CONROE,TX,77304,MONTGOMERY,"(281) 592-2830",6,For-Profit,11/19/2009
671649,"ALTUS HOSPICE","201 KINGWOOD MEDICAL DRIVE, SUITE B500",-,KINGWOOD,TX,77339,HARRIS,"(281) 583-5455",6,For-Profit,06/29/2010
671650,"ELARA CARING","300 LANDA",-,"NEW BRAUNFELS",TX,78130,COMAL,"(830) 643-1971",6,For-Profit,05/05/2010
671651,"SERENITY HOSPICE","700 PENNSYLVANIA AVE",-,"FORT WORTH",TX,76104,TARRANT,"(817) 348-9863",6,For-Profit,06/09/2010
671652,"GUARDIAN HOSPICE","2009 INDEPENDENCE DR SUITE 100",-,SHERMAN,TX,75090,GRAYSON,"(903) 868-0267",6,For-Profit,06/30/2010
671653,"A HUG AWAY HEALTHCARE INC","1203 AVENUE D, SUITE #A",-,KATY,TX,77493,HARRIS,"(832) 437-1983",6,For-Profit,06/15/2010
671654,"RIVER CITY HOSPICE","4925 EVERHART ROAD SUITE 118",-,"CORPUS CHRISTI",TX,78411,NUECES,"(361) 882-5900",6,For-Profit,08/23/2010
671655,"RIVER CITY HOSPICE & PALLIATIVE CARE","6523 MOSS OAK DR.",-,"SAN ANTONIO",TX,78229,BEXAR,"(210) 858-9138",6,For-Profit,09/27/2010
671656,"HOSPICE CARE TEAM","2688 CALDER STREET",-,BEAUMONT,TX,77702,JEFFERSON,"(409) 832-3311",6,For-Profit,07/19/2010
671657,"ALLSTATE HOSPICE LLC","4622 S CLOSNER BLVD",-,EDINBURG,TX,78539,HIDALGO,"(956) 287-8588",6,For-Profit,10/07/2010
671658,"CORNERSTONE HOSPICE CARE LLC","3235 N MESQUITE DRIVE SUITE #100",-,MESQUITE,TX,75150,DALLAS,"(972) 200-7225",6,For-Profit,09/30/2010
671659,"ATEX HOSPICE","717 EAST ESPERANZA AVE",-,MCALLEN,TX,78501,HIDALGO,"(855) 661-1176",6,For-Profit,09/15/2010
671660,"HEART TO HEART HOSPICE OF HOUSTON","100 INTERSTATE 45 N, SUITE 152-A",-,CONROE,TX,77301,MONTGOMERY,"(832) 300-0134",6,For-Profit,09/16/2010
671663,"HCA HOUSTON HOSPICE & FAMILY CARE","15425 NORTH FWY STE 160",-,HOUSTON,TX,77090,HARRIS,"(713) 623-0937",6,For-Profit,11/09/2010
671664,"HIGHLAND HOSPICE","10701 CORPORATE DR STE 155",-,STAFFORD,TX,77477,"FORT BEND","(832) 306-3105",6,For-Profit,12/06/2010
671666,"NEW AGE HOSPICE - EL PASO","4050 RIO BRAVO ST STE 100A",-,"EL PASO",TX,79902,"EL PASO","(915) 533-0999",6,For-Profit,10/26/2010
671667,"HOSPICE OF THE SOUTH PLAINS","4413 82ND ST SUITE 135",-,LUBBOCK,TX,79424,LUBBOCK,"(806) 783-0382",6,For-Profit,02/04/2011
671668,"ABUNDANT HOSPICE SERVICES LLC","1201 N WATSON RD.",-,ARLINGTON,TX,76006,TARRANT,"(817) 633-8300",6,For-Profit,02/22/2011
671669,"EXCELACARE HOSPICE","6800 PARK TEN BLVD STE 270 W",-,"SAN ANTONIO",TX,78213,BEXAR,"(432) 550-7593",6,For-Profit,01/28/2011
671670,"BLUEBONNET HOME HEALTH & HOSPICE COMPANY","304 EAST 11TH",-,FRIONA,TX,79035,PARMER,"(806) 247-0057",6,For-Profit,01/21/2011
671671,"AMARA HOSPICE","505 WEST OWASSA ROAD",-,EDINBURG,TX,78539,HIDALGO,"(956) 283-1550",6,For-Profit,03/08/2011
671673,"REFLECTIONS HOSPICE OF TEXAS LLC","502 EAST GOODE STREET",-,QUITMAN,TX,75783,WOOD,"(903) 763-8225",6,For-Profit,03/11/2011
671674,"AMEDISYS HOSPICE","13612 MIDWAY RD STE 294",-,DALLAS,TX,75244,DALLAS,"(972) 547-3600",6,For-Profit,03/03/2011
671675,"ANGEL CARE HOSPICE","1350 E. ARAPAHO RD. #207",-,RICHARDSON,TX,75081,DALLAS,"(972) 301-5600",6,For-Profit,03/17/2011
671676,"EMBRACE HOSPICE","5835 CALLAGHAN RD SUITE 500",-,"SAN ANTONIO",TX,78228,BEXAR,"(210) 691-3600",6,For-Profit,06/17/2011
671678,"ANOINTED HOSPICE DALLAS","400 CHISHOLM PL STE 304, RM# 107",-,PLANO,TX,75075,COLLIN,"(972) 661-9911",6,For-Profit,05/17/2011
671679,"AMEDISYS HOSPICE","210 E TOM GREEN ST, STE 1",-,BRENHAM,TX,77833,WASHINGTON,"(979) 260-9700",6,Other,05/31/2011
671680,"VANTAGE HOSPICE","5718 WESTHEIMER RD, STE 1650",-,HOUSTON,TX,77057,HARRIS,"(281) 579-5660",6,Other,05/19/2011
671682,"GENUS PATRIS HOSPICE","5315 BISSONNET STREET, SUITE A",-,BELLAIRE,TX,77401,HARRIS,"(713) 665-8200",6,For-Profit,07/13/2011
671683,"AGAPE HOSPICE CARE","3030 TOWN CENTRE DRIVE SUITE 200",-,MESQUITE,TX,75150,DALLAS,"(972) 279-1000",6,Other,07/22/2011
671685,"HARBOR HOSPICE OF TEXAS LP","11601 SPRING CYPRESS RD, STE E",-,TOMBALL,TX,77377,HARRIS,"(281) 659-0303",6,Other,09/15/2011
671686,"TRADITIONS HOSPICE","1120 NASA PARKWAY SUITE 340A",-,HOUSTON,TX,77058,HARRIS,"(281) 333-4048",6,For-Profit,08/02/2011
671687,"ONLY LOVE HOSPICE","5500 N 29TH ST",-,MCALLEN,TX,78504,HIDALGO,"(956) 631-0616",6,For-Profit,08/22/2011
671689,"TRADITIONS HOSPICE","4362 N US HWY 259 STE B",-,LONGVIEW,TX,75605,GREGG,"(903) 663-2331",6,For-Profit,07/22/2011
671690,"AFFINITY HEALTH CARE","2708 S MEDFORD DRIVE",-,LUFKIN,TX,75901,ANGELINA,"(936) 639-2626",6,For-Profit,10/21/2011
671691,"LIFEPOINTE HOSPICE DALLAS METROPLEX LLC","12810 HILLCREST RD STE B-123",-,DALLAS,TX,75230,DALLAS,"(214) 420-4014",6,For-Profit,11/18/2011
671692,"AVATAR HOME HEALTH CARE AGENCY LLC","25325 BOROUGH PARK DRIVE #100",-,"THE WOODLANDS",TX,77380,MONTGOMERY,"(281) 465-8220",6,For-Profit,11/29/2011
671694,"DCHC HOME HEALTH & HOSPICE","411 N KING STREET",-,ALICE,TX,78332,"JIM WELLS","(361) 664-3484",6,For-Profit,03/03/2010
671695,"PALOMA HOSPICE AND PALLIATIVE CARE","8438 FOUNTAIN CIRCLE",-,"SAN ANTONIO",TX,78229,BEXAR,"(210) 988-1680",6,For-Profit,10/11/2011
671697,"DIRECT HEALTH CARE INC","10925 WAYNE AVE, SUITE 100",-,LUBBOCK,TX,79424,LUBBOCK,"(806) 793-3999",6,For-Profit,09/22/2011
671698,"ICON HOSPICE","3132 MILLER ROAD # SUITE B",-,GARLAND,TX,75041,DALLAS,"(214) 553-5675",6,For-Profit,10/20/2011
671699,"ELARA CARING","4101 WESLEY STREET SUITE F1",-,GREENVILLE,TX,75401,DALLAS,"(903) 537-3400",6,For-Profit,09/12/2011
671700,"METHODIST HOSPICE AND FAMILY CARE","140 HEIMER ROAD STE 120B",-,"SAN ANTONIO",TX,78232,BEXAR,"(210) 998-2966",6,For-Profit,11/01/2011
671702,"EMBRACE HOSPICE","5100 MIDWAY DR STE 300",-,TEMPLE,TX,76502,BELL,"(254) 284-0045",6,For-Profit,04/26/2011
671703,"ENHABIT HOSPICE","5055 PRESTON AVENUE, SUITE 200",-,PASADENA,TX,77505,HARRIS,"(713) 476-0270",6,For-Profit,01/17/2012
671704,"ELARA CARING","200 RIVER POINTE DRIVE SUITE 110",-,CONROE,TX,77304,MONTGOMERY,"(855) 800-7673",6,For-Profit,01/16/2012
671706,"ST. GABRIEL HOSPICE","6464 SAVOY DRIVE SUITE 520",-,HOUSTON,TX,77036,HARRIS,"(682) 354-9538",6,For-Profit,11/26/2011
671707,"AMITY HOSPICE","17311 N DALLAS PARKWAY SUITE #125",-,DALLAS,TX,75248,DALLAS,"(972) 931-5400",6,Other,02/13/2012
671708,"BRISTOL HOSPICE - TEXAS, LLC","2002 TIMBERLOCH PLACE SUITE 150",-,"THE WOODLANDS",TX,77380,MONTGOMERY,"(281) 419-4476",6,For-Profit,02/06/2012
671711,"HARBOR HOSPICE OF CENTRAL HOUSTON, L.P.","11980 KIRBY DRIVE SUITE 220",-,HOUSTON,TX,77045,HARRIS,"(713) 777-5290",6,Other,03/14/2012
671712,"ALPHA OMEGA HOSPICE","1307 8TH AVENUE SUITE 410",-,"FORT WORTH",TX,76104,TARRANT,"(817) 289-3990",6,For-Profit,02/20/2012
671713,"AT HOME WITH BLUE BONNET HOSPICE","12111 RANCH RD 12 STE 114",-,WIMBERLEY,TX,78676,HAYS,"(512) 537-8950",6,For-Profit,03/16/2012
671714,"ALTUS HOSPICE","285 SE INNER LOOP","STE 102",GEORGETOWN,TX,78626,WILLIAMSON,"(512) 960-3843",6,For-Profit,05/03/2012
671715,"RICELAND HOSPICE LP","85 INTERSTATE 10 N, STE 208A",-,BEAUMONT,TX,77707,JEFFERSON,"(409) 842-1112",6,For-Profit,02/11/2012
671716,"RIVER CITY HOSPICE OF TEXAS, L.L.C.","6523 MOSS OAK DR",-,"SAN ANTONIO",TX,78229,BEXAR,"(210) 858-9138",6,For-Profit,02/14/2012
671717,"BEST HOSPICE CARE OF TEXAS","44 N 11TH ST",-,BEAUMONT,TX,77702,JEFFERSON,"(409) 356-9271",6,For-Profit,05/07/2012
671718,"PALLIATIVE PERFORMANCE GROUP LLC","414 W EULESS BLVD",-,EULESS,TX,76040,TARRANT,"(817) 907-6714",6,For-Profit,04/23/2012
671721,"ACCENTCARE HOSPICE & PALLIATIVE CARE OF TEXAS -SAN ANTONIO","9901 W INTERSTATE 10 STE 450",-,"SAN ANTONIO",TX,78230,BEXAR,"(210) 471-2300",6,Other,04/16/2012
671722,"NOVA HOSPICE","17040 EL CAMINO REAL SUITE 200",-,HOUSTON,TX,77058,HARRIS,"(832) 588-6083",6,For-Profit,02/23/2012
671723,"TRIO HOSPICE","2214 EMERY ST. SUITE 420",-,DENTON,TX,76201,DENTON,"(940) 381-2288",6,For-Profit,04/05/2012
671724,"MEDCORE PREFERRED HOSPICE","3880 GREENHOUSE RD SUITE 319",-,HOUSTON,TX,77084,HARRIS,"(281) 394-2042",6,For-Profit,01/31/2012
671725,"ACCREDITED HOSPICES OF AMERICA","21733 PROVINCIAL BLVD SUITE 920",-,KATY,TX,77450,HARRIS,"(832) 408-7999",6,For-Profit,06/08/2012
671727,"THREE OAKS HOSPICE","7155 COLLEYVILLE BLVD SUITE 102",-,COLLEYVILLE,TX,76034,TARRANT,"(469) 399-2155",6,For-Profit,07/27/2012
671728,"PLATINUM PALLIATIVE & HOSPICE CARE INC","140 SOUTH COLLEGIATE DRIVE SUITE 100",-,PARIS,TX,75460,LAMAR,"(903) 783-1818",6,For-Profit,08/08/2012
671729,"1ST QUALITY HOSPICE LLC","407 E ABBEY ST",-,LIVINGSTON,TX,77351,POLK,"(409) 331-9909",6,For-Profit,08/10/2012
671730,"HEART TO HEART HOSPICE OF NORTH TEXAS LLC","600 EAST TAYLOR STREET SUITE 3005",-,SHERMAN,TX,75090,GRAYSON,"(903) 892-6406",6,For-Profit,08/02/2012
671731,"LEGEND HOSPICE AND PALLIATIVE CARE","4200 S HULEN ST STE 304",-,"FORT WORTH",TX,76109,TARRANT,"(214) 324-4565",6,For-Profit,06/28/2012
671732,"PECOS COUNTY MEMORIAL HOSPITAL HOME HEALTH AND HOS","387 W INTERSTATE 10",-,"FORT STOCKTON",TX,79735,PECOS,"(432) 336-7044",6,Government,05/22/2012
671733,"ENHABIT HOSPICE","6500 WEST FREEWAY SUITE 451",-,"FORT WORTH",TX,76116,TARRANT,"(817) 263-8808",6,Other,02/28/2012
671734,"ASPEN HOSPICE CARE INC","314 W MAIN ST STE 700",-,LEWISVILLE,TX,75057,DENTON,"(972) 316-2035",6,For-Profit,06/27/2012
671735,"HARBOR HOSPICE OF LIBERTY LP","623 NORTH MAIN STREET, SUITE 2",-,LIBERTY,TX,77575,HARRIS,"(936) 641-9431",6,For-Profit,05/29/2012
671738,"ENHABIT HOSPICE","3600 HIGHWAY 6 SOUTH SUITE 100",-,"COLLEGE STATION",TX,77840,BRAZOS,"(979) 268-4710",6,For-Profit,11/20/2012
671739,"SUPERIOR HOSPICE LLC","8000 VANTAGE DRIVE",-,"SAN ANTONIO",TX,78230,BEXAR,"(210) 877-5777",6,For-Profit,01/31/2013
671740,"WATERFORD HOSPICE LLC","420 N COLLEGIATE DRIVE",-,PARIS,TX,75460,LAMAR,"(903) 785-1800",6,For-Profit,01/17/2013
671741,"ACCENTCARE HOSPICE & PALLIATIVE CARE OF HOUSTON - NORTH, LLC","10318 LAKE RD BLDG C STE 102",-,HOUSTON,TX,77070,HARRIS,"(281) 847-6300",6,For-Profit,01/21/2013
671742,"ST GABRIELS HOSPICE AND PALLIATIVE CARE LLC","103 CARTWRIGHT PARK ROAD",-,WEATHERFORD,TX,76088,TARRANT,"(817) 458-6484",6,For-Profit,01/08/2013
671743,"SUPERIOR HOSPICE OF MCALLEN LLC","2108 SOUTH M ST STE 8B",-,MCALLEN,TX,78503,HIDALGO,"(956) 878-1636",6,For-Profit,11/02/2012
671745,"HARBOR HOSPICE OF HOUSTON, LP","1322 SPACE PARK DR STE C285",-,HOUSTON,TX,77058,HARRIS,"(281) 461-6109",6,For-Profit,05/24/2012
671746,"ENHABIT HOSPICE","1000 CENTRAL PKWY N, STE 220",-,"SAN ANTONIO",TX,78232,BEXAR,"(210) 901-7300",6,For-Profit,10/22/2012
671747,"BEACON HOSPICE OF CENTRAL TEXAS, LP","2512 S IH-35 SUITE 310",-,AUSTIN,TX,78704,TRAVIS,"(512) 610-5535",6,For-Profit,03/05/2013
671748,"SUPERIOR HOSPICE OF DEL RIO LLC","159 BRADDIE DRIVE SUITE 1A",-,"DEL RIO",TX,78840,"VAL VERDE","(830) 775-7104",6,Other,01/31/2013
671749,"HARBOR HOSPICE OF EAST TEXAS LP","103 WEST GIBSON SUITE 150",-,JASPER,TX,75951,JASPER,"(409) 384-3662",6,Other,03/12/2013
671750,"ALAMO HOSPICE","1595 S MAIN ST SUITE 101",-,BOERNE,TX,78006,KENDALL,"(830) 816-5024",6,For-Profit,03/13/2013
671751,"TEXAS BEST HOSPICE SERVICES","1101 E ARAPAHO RD, STE 201 - E",-,RICHARDSON,TX,75081,COLLIN,"(972) 416-8500",6,For-Profit,04/02/2013
671752,"ST. DAVID'S HOSPICE & FAMILY CARE","3636 EXECUTIVE CENTER, BLDG 8, STE 210",-,AUSTIN,TX,78731,TRAVIS,"(512) 795-0204",6,For-Profit,03/18/2013
671753,"AMEDISYS HOSPICE","9130 JOLLYVILLE RD, STE 170",-,AUSTIN,TX,78759,TRAVIS,"(512) 393-6003",6,For-Profit,08/28/2012
671754,"SILVERSTONE HOSPICE","4100 HARRY HINES BLVD SUITE 375 ",-,DALLAS,TX,75219,DALLAS,"(214) 954-7285",6,For-Profit,02/01/2013
671756,"ALL COUNTY HOME HEALTH AND HOSPICE","7900 CALLAGHAN RD STE 115",-,"SAN ANTONIO",TX,78229,BEXAR,"(830) 331-1291",6,For-Profit,03/14/2013
671757,"ALLSTAR HOSPICE","145 PROMENADE WAY 1",-,"SUGAR LAND",TX,77479,"FORT BEND","(713) 280-7972",6,For-Profit,11/18/2012
671758,"ACG HOSPICE","1101 E ARAPAHO RD #130",-,RICHARDSON,TX,75081,DALLAS,"(214) 377-9377",6,For-Profit,05/10/2013
671759,"ELARA CARING","4025 LAMAR AVENUE SUITE 130 A",-,PARIS,TX,75462,LAMAR,"(903) 794-2462",6,Other,07/18/2013
671760,"HARBOR HOSPICE OF LIVINGSTON LP","317 WEST CHURCH ST STE 112",-,LIVINGSTON,TX,77351,POLK,"(936) 327-8010",6,For-Profit,05/21/2013
671761,"HERITAGE HOSPICE OF EAST TEXAS","5070 KINSEY DRIVE",-,TYLER,TX,75703,SMITH,"(903) 218-6870",6,For-Profit,06/14/2013
671762,"THREE OAKS HOSPICE","2100 LAKESIDE BOULEVARD, SUITE 250",-,RICHARDSON,TX,75082,DALLAS,"(214) 628-9090",6,For-Profit,03/23/2013
671764,"HARBOR HOSPICE OF RICHMOND, LP","12808 WEST AIRPORT BLVD. SUITE 235",-,"SUGAR LAND",TX,77478,"FORT BEND","(281) 762-0444",6,For-Profit,06/23/2013
671765,"ST JOSEPH HOSPICE OF CONROE TEXAS","2255 N LOOP 336 W STE A",-,CONROE,TX,77304,MONTGOMERY,"(936) 703-5250",6,For-Profit,06/20/2013
671766,"ALINEA FAMILY HOSPICE CARE LLC","303 E COLLEGE ST SUITE C",-,TERRELL,TX,75160,KAUFMAN,"(972) 563-1560",6,For-Profit,06/04/2013
671767,"ASPEN HOSPICE AND PALLIATIVE CARE","85 NE LOOP 410 STE 605",-,"SAN ANTONIO",TX,78216,BEXAR,"(210) 600-5143",6,For-Profit,06/05/2013
671768,"KINDER HEARTS HOSPICE OF AMARILLO","1901 MEDI PARK DR., SUITE 1030",-,AMARILLO,TX,79106,POTTER,"(806) 576-0075",6,For-Profit,05/17/2013
671769,"ST. JOSEPH'S HOSPICE CARE","219 S CAGE BLVD STE 15",-,PHARR,TX,78577,HIDALGO,"(956) 781-9900",6,For-Profit,05/16/2013
671771,"ALOMEGA HOSPICE SERVICES LLC","7400 LOUIS PASTEUR DR STE 100",-,"SAN ANTONIO",TX,78229,BEXAR,"(210) 949-0256",6,For-Profit,06/05/2013
671772,"VITALCARING GROUP","12946 DAIRY ASHFORD SUITE 250",-,"SUGAR LAND",TX,77478,"FORT BEND","(936) 539-2273",6,For-Profit,07/29/2013
671773,"VITALCARING GROUP","600 EAST LOOP 304",-,CROCKETT,TX,75835,HOUSTON,"(936) 545-0320",6,For-Profit,07/29/2013
671774,"HARBOR HOUSE","11990 KIRBY DRIVE",-,HOUSTON,TX,77045,HARRIS,"(713) 413-5200",6,For-Profit,07/26/2013
671777,"BEYONDFAITH HOSPICE LLC","604 OAK STREET SUITE 105",-,GRAHAM,TX,76450,YOUNG,"(940) 521-9915",6,For-Profit,11/01/2013
671778,"HEART TO HEART HOSPICE OF PERMIAN BASIN","4214 ANDREWS HIGHWAY, SUITE 307",-,MIDLAND,TX,79703,MIDLAND,"(432) 999-3009",6,For-Profit,10/06/2013
671780,"HOLY SAVIOR HOSPICE","1600 AIRPORT FREEWAY SUITE 503",-,BEDFORD,TX,76022,TARRANT,"(972) 402-9300",6,For-Profit,08/29/2013
671783,"GOOD SHEPHERD HOSPICE OF HOUSTON LLC","110 CYPRESS STATION DR STE 200",-,HOUSTON,TX,77090,HARRIS,"(713) 664-4447",6,For-Profit,01/01/2013
671784,"HARBOR HOSPICE OF PORTLAND, LP","1850 BILLY G WEBB DRIVE",-,PORTLAND,TX,78374,"SAN PATRICIO","(361) 579-7120",6,For-Profit,11/11/2013
671785,"MEDICAL CITY HOSPICE & FAMILY CARE","1255 CORPORATE DR STE 150A",-,IRVING,TX,75038,DALLAS,"(817) 633-9125",6,For-Profit,09/09/2013
671786,"ELYSIAN HOSPICE","11104 WEST AIRPORT BLVD STE 212B",-,STAFFORD,TX,77477,"FORT BEND","(281) 333-2458",6,For-Profit,10/04/2013
671788,"DHR HEALTH HOSPICE","2655 CORNERSTONE BLVD",-,EDINBURG,TX,78539,HIDALGO,"(956) 362-5780",6,For-Profit,10/01/2012
671789,"HEART TO HEART HOSPICE OF SOUTH TEXAS","130 S I-35 FRONTAGE ROAD",-,PEARSALL,TX,78061,FRIO,"(830) 505-5600",6,For-Profit,11/25/2013
671790,"KINDER HEARTS HOSPICE","842 NORTH MOCKINGBIRD LANE",-,ABILENE,TX,79603,TAYLOR,"(325) 672-6135",6,For-Profit,09/30/2013
671791,"HOPESTONE HOSPICE & PALLIATIVE CARE","8900 EF LOWRY EXPRESSWAY, SUITE 102D",-,"TEXAS CITY",TX,77591,GALVESTON,"(409) 935-0169",6,Other,11/05/2013
671792,"HARBOR HOSPICE MEDICAL CENTER - HOUSTON LP","11980 KIRBY DR SUITE 240",-,HOUSTON,TX,77045,HARRIS,"(713) 777-5290",6,For-Profit,11/13/2013
671793,"GOOD SHEPHERD HOSPICE OF SAN ANTONIO, L.L.C.","5811 UNIVERSITY HTS, STE 106",-,"SAN ANTONIO",TX,78249,BEXAR,"(210) 733-3939",6,For-Profit,11/28/2013
671794,"ANGEL HOSPICE CORP","208 W KEARNEY STE 103",-,MESQUITE,TX,75149,DALLAS,"(214) 432-2636",6,Other,07/12/2013
671795,"MAGNOLIA HOSPICE","6801 SANGER AVE STE 260",-,WACO,TX,76710,MCLENNAN,"(254) 741-6570",6,For-Profit,12/21/2012
671799,"ANGEL HANDS HOSPICE OF EAST TEXAS","1305 DOCTORS DRIVE","STE A",TYLER,TX,75701,SMITH,"(903) 630-1001",6,For-Profit,11/21/2013
731500,"WVUHS HOME CARE, LLC","205 EASY STREET SUITE 203",-,UNIONTOWN,PA,15401,FAYETTE,"(724) 912-7516",3,Non-Profit,03/15/2022
731501,"AFFINITY CARE OF PENNSYLVANIA LLC","6 NESHAMINY INTERPLEX SUITE 211",-,TREVOSE,PA,19053,BUCKS,"(267) 550-0377",3,For-Profit,05/13/2022
731502,"TENDER CARE HOSPICE PA LLC","8601 STENTON AVE","BUILDING A SUITE 100",WYNDMOOR,PA,19038,MONTGOMERY,"(267) 793-0610",3,,06/10/2022
731503,"CARE COMFORT HOSPICE, LLC","3700 OLD WILLIAM PENN HIGHWAY",-,MURRYSVILLE,PA,15668,WESTMORELAND,"(412) 313-5133",3,,07/29/2022
731504,"MORNING STAR HOSPICE AND PALLIATIVE CARE SOLUTIONS, LLC","2225 SYCAMORE STREET SUITE 410",-,HARRISBURG,PA,17111,DAUPHIN,"(717) 340-0500",3,,10/04/2022
731505,"HUMANITAS HEALTH SERVICES INC","1051 COUNTY LINE ROAD",-,"HUNTINGDON VALLEY",PA,19006,MONTGOMERY,"(484) 557-1481",3,,10/28/2022
731506,"VITALITY HOSPICE AND PALLIATIVE CARE","3000 CABOT BOULEVARD WEST SUITE 200A",-,LANGHORNE,PA,19047,BUCKS,"(877) 288-0042",3,,10/13/2022
731507,"SUNCREST HOSPICE","450 PLYMOUTH ROAD SUITE 101",-,"PLYMOUTH MEETING",PA,19462,MONTGOMERY,"(484) 351-6620",3,,11/09/2022
731508,"STEEL CITY HOSPICE","3150 HIGHLAND ROAD","SUITE 104",HERMITAGE,PA,16148,MERCER,"(724) 996-7580",3,,11/28/2022
731509,"WELLNESS HOSPICE AND PALLIATIVE CARE LLC","1427 HORSHAM ROAD",-,"NORTH WALES",PA,19454,MONTGOMERY,"(215) 550-1938",3,,05/24/2023
731510,"ENNOBLE CARE","10 GREENWOOD AVE SUITE 140",-,JENKINTOWN,PA,19046,MONTGOMERY,"(973) 435-9463",3,,12/14/2023
731511,"1 LAUREL HIGHLANDS HOSPICE CARE","970 FRANKLIN STREET",-,JOHNSTOWN,PA,15905,CAMBRIA,"(814) 410-9119",3,,06/27/2024
731512,"JOURNEY HOSPICE","101 PLAZA DRIVE SUITE 1001",-,DOWNINGTOWN,PA,19335,CHESTER,"(215) 649-7200",3,,05/15/2024
731513,"AHC HOME HEALTH AND HOSPICE OF LEHIGH VALLEY","3370 HIGH POINT BOULEVARD, SUITE B","SUITE B",BETHLEHEM,PA,18017,LEHIGH,"(484) 245-7300",3,,05/09/2024
731515,"ASPIRE FOR WELL-BEING HOSPICE","2000 CAMBRIDGE AVE",-,WYOMISSING,PA,19610,BERKS,"(215) 763-3974",3,,10/10/2024
731516,"GUARDIAN HOSPICE CARE, INC.","409 EASTON ROAD, SUITE 200",-,"WILLOW GROVE",PA,19090,MONTGOMERY,"(267) 397-9977",3,,11/20/2024
731517,"BRISTOL HOSPICE - BLUE BELL LLC","3031C WALTON RD STE 202",-,"PLYMOUTH MEETING",PA,19462,MONTGOMERY,"(215) 720-1060",3,,01/29/2025
731518,"AFFINITY CARE OF PITTSBURGH, LLC.","2551 WASHINGTON ROAD, SUITE 811",-,PITTSBURGH,PA,15241,ALLEGHENY,"(412) 238-2800",3,,02/06/2025
731519,"ST. MARY HOSPICE","41 UNIVERSITY DRIVE SUITE 103",-,NEWTOWN,PA,18940,BUCKS,"(267) 569-0760",3,,03/24/2025
731520,"BRISTOL HOSPICE - STATE COLLEGE, LLC","170 ROLLING RIDGE DRIVE",-,"STATE COLLEGE",PA,16801,CENTRE,"(814) 201-7300",3,,03/28/2025
741500,"M & L MEDICAL SERVICES HOSPICE INC","1801 N HAMPTON SUITE 333",-,DESOTO,TX,75115,DALLAS,"(972) 228-8500",6,For-Profit,12/26/2013
741501,"BEACON HOSPICE OF GREATER HOUSTON, L.P.","11990 KIRBY DR, BLDG B",-,HOUSTON,TX,77045,HARRIS,"(281) 500-5160",6,For-Profit,05/23/2013
741502,"HARBOR HOSPICE OF VICTORIA LP","5606 NORTH NAVARRO STREET SUITE 209",-,VICTORIA,TX,77904,VICTORIA,"(361) 579-7120",6,For-Profit,07/15/2013
741503,"GUIDING LIGHT HOSPICE INC","3218 NACOGDOCHES RD",-,"SAN ANTONIO",TX,78217,BEXAR,"(210) 585-2335",6,For-Profit,03/10/2014
741504,"COMPLETECARE HOME HEALTH AND HOSPICE","1112 BLANCO RD",-,"SAN ANTONIO",TX,78212,BEXAR,"(210) 520-7977",6,For-Profit,01/17/2014
741505,"HARBOR HOSPICE OF WEST HOUSTON LP","11980 KIRBY DR SUITE 210",-,HOUSTON,TX,77045,HARRIS,"(713) 777-5290",6,Other,12/20/2013
741507,"HEART TO HEART HOSPICE OF MIDLOTHIAN","606 E MAIN STREET",-,MIDLOTHIAN,TX,76065,ELLIS,"(817) 676-1903",6,For-Profit,12/20/2013
741512,"ANGEL HANDS HOSPICE - TARRANT COUNTY","1616 GATEWAY BLVD. SUITE F",-,RICHARDSON,TX,75080,DALLAS,"(469) 887-4654",6,For-Profit,04/26/2014
741515,"HARBOR HOSPICE 28, L.P.","2251 N. LOOP 336 W. SUITE 2251-C",-,CONROE,TX,77304,MONTGOMERY,"(936) 441-5500",6,For-Profit,01/20/2014
741516,"HARBOR HOSPICE OF FORT WORTH LP","4255 BRYANT IRVIN ROAD, SUITE 116",-,"FORT WORTH",TX,76109,TARRANT,"(817) 237-2255",6,For-Profit,10/25/2013
741517,"CHAMPION HEALTHCARE OF NORTH TEXAS","560 N KIMBALL AVE, STE 140",-,SOUTHLAKE,TX,76092,TARRANT,"(888) 450-2884",6,For-Profit,04/26/2014
741518,"HARBOR HOSPICE 26 LP","402 SOUTH JOHN REDDITT DRIVE, SUITE 203",-,LUFKIN,TX,75904,ANGELINA,"(936) 632-5700",6,For-Profit,06/02/2014
741519,"QUALITY CARE HOSPICE INC","3635 US HWY 80 E",-,MESQUITE,TX,75150,DALLAS,"(972) 681-1000",6,For-Profit,07/21/2014
741521,"VALERIAN HOME HEALTH AND HOSPICE","4701 CAMPUS VILLAGE DRIVE",-,"ROUND ROCK",TX,78665,WILLIAMSON,"(512) 248-0016",6,For-Profit,07/28/2014
741522,ACARA,"2809 S EXPRESSWAY 83",-,HARLINGEN,TX,78550,CAMERON,"(210) 272-7007",6,For-Profit,04/24/2014
741525,"AMERICAN HOME HOSPICE INC","216 W MOORE AVE",-,TERRELL,TX,75160,KAUFMAN,"(972) 524-3800",6,For-Profit,07/22/2014
741526,"HARBOR HOSPICE OF EAST HOUSTON, L.P.","800 ROCKMEAD DR STE 120",-,KINGWOOD,TX,77339,HARRIS,"(281) 973-8410",6,For-Profit,10/25/2013
741527,"HEART TO HEART HOSPICE OF THE BRAZOS, LLC","504 N RIDGEWAY DR STE A",-,CLEBURNE,TX,76033,JOHNSON,"(682) 317-1810",6,For-Profit,07/02/2014
741528,"LUCENT HEALTH GROUP","1255 W 15TH ST, STE 900",-,PLANO,TX,75075,COLLIN,"(972) 750-0642",6,For-Profit,08/22/2014
741529,"DIGNITY HOSPICE","1701 NORTH COLLINS BLVD STE 2100",-,RICHARDSON,TX,75080,DALLAS,"(972) 997-5941",6,For-Profit,05/06/2014
741530,"PALLI-MED HOSPICE LLC","208 S ALTON BLVD, STE E,",-,ALTON,TX,78573,HIDALGO,"(956) 627-2744",6,Other,08/07/2014
741531,"HEART TO HEART HOSPICE OF DALLAS, LLC","5787 SOUTH HAMPTON ROAD SUITE 430",-,DALLAS,TX,75232,DALLAS,"(214) 944-1453",6,For-Profit,09/15/2014
741532,"DEVINITY HOSPICE","9102 ASPEN TRACE LN",-,HUMBLE,TX,77338,HARRIS,"(281) 570-4072",6,For-Profit,09/09/2014
741533,"FORTUNE HEALTHCARE INC","2825 WILCREST SUITE 312",-,HOUSTON,TX,77042,HARRIS,"(713) 771-0032",6,For-Profit,09/15/2014
741536,"CALIDAD HOME HEALTH","1600 E EXPRESSWAY 83",-,"LA FERIA",TX,78559,CAMERON,"(956) 797-4290",6,For-Profit,06/27/2014
741537,"HARBOR HOSPICE OF MCALLEN LP","801 E NOLANA A VE, STE 20",-,MCALLEN,TX,78504,HIDALGO,"(956) 800-4977",6,For-Profit,08/22/2014
741538,"HALCYON HOME LLC","8133 MESA DR STE 200",-,AUSTIN,TX,78759,TRAVIS,"(512) 815-9009",6,For-Profit,07/30/2014
741539,"SILVERADO HOSPICE- AUSTIN","1701 DIRECTORS BLVD STE 410",-,AUSTIN,TX,78744,TRAVIS,"(512) 827-6895",6,For-Profit,09/18/2014
741540,"ALWAYS ACCURATE HOME HEALTHCARE AND HOSPICE LLC","307 N WASHINGTON ST",-,KAUFMAN,TX,75142,KAUFMAN,"(469) 376-6763",6,For-Profit,02/06/2015
741541,"ACURA HOSPICE CARE LLC","56 SUGAR CREEK CENTER BLVD., SUITE 150",-,"SUGAR LAND",TX,77478,"FORT BEND","(281) 566-1122",6,For-Profit,08/14/2014
741542,"TREE OF LIFE HOSPICE LLC","3107 CENTER POINTE",-,EDINBURG,TX,78539,HIDALGO,"(956) 994-9602",6,For-Profit,12/26/2014
741543,"LIVING WATERS HOSPICE, INC.","23315 JOHNSON ROAD",-,"NEW CANEY",TX,77357,MONTGOMERY,"(832) 793-5600",6,For-Profit,06/09/2014
741544,"HOSPICE SPECIALTY INC","1220 SCOTT STREET",-,LAREDO,TX,78040,WEBB,"(956) 722-0106",6,For-Profit,01/26/2015
741545,"PERMIAN REGIONAL MEDICAL CENTER HOSPICE","1801 NE MUSTANG DRIVE",-,ANDREWS,TX,79714,ANDREWS,"(432) 524-3637",6,Non-Profit,12/14/2014
741546,"HARBOR HOSPICE OF CORPUS CHRISTI LP","5151 FLYNN PARKWAY, SUITE 511",-,"CORPUS CHRISTI",TX,78411,NUECES,"(361) 452-3592",6,For-Profit,05/13/2013
741547,"GREENLEAF HOSPICE LLC","1290 HWY 157 N",-,MANSFIELD,TX,76063,TARRANT,"(682) 518-3877",6,For-Profit,01/30/2015
741548,"CAREPLUS HOSPICE SERVICES","2410 LUNA ROAD SUITE 284",-,CARROLLTON,TX,75006,DALLAS,"(972) 243-3033",6,For-Profit,01/22/2015
741550,"HARBOR HOSPICE OF DALLAS, L.P.","2617 BOLTON BOONE DRIVE SUITE C1",-,DESOTO,TX,75115,DALLAS,"(469) 329-3321",6,Other,07/14/2014
741551,"AMERIPRIME HOSPICE LLC","2929 N CENTRAL EXPY, STE 200A",-,RICHARDSON,TX,75080,DALLAS,"(800) 899-9790",6,For-Profit,04/07/2015
741552,"HOLY SAVIOR HOSPICE","3201 CHERRY RIDGE STE 205 B",-,"SAN ANTONIO",TX,78230,BEXAR,"(210) 375-5914",6,For-Profit,10/16/2014
741555,"HARBOR HOSPICE OF NORTH SAN ANTONIO LP","15714 HUEBNER ROAD, SUITE 2B",-,"SAN ANTONIO",TX,78248,BEXAR,"(210) 481-0500",6,For-Profit,01/20/2015
741556,"HOPE HEALTH CARE","530 CLARA BARTON BLVD., SUITE 250",-,GARLAND,TX,75042,DALLAS,"(972) 366-5030",6,For-Profit,05/12/2015
741557,"VITALCARING GROUP","2681 GATTIS SCHOOL ROAD, SUITE 180",-,"ROUND ROCK",TX,78664,WILLIAMSON,"(512) 368-7275",6,For-Profit,05/15/2015
741558,"MAXSERVE HOSPICE","17330 PRESTON RD STE 150A-4",-,DALLAS,TX,75252,DALLAS,"(972) 784-4066",6,For-Profit,03/10/2015
741560,"BLUE STAR HOSPICE, INC.","2023 N MASON RD SUITE 202",-,KATY,TX,77449,HARRIS,"(832) 727-9119",6,For-Profit,05/06/2015
741561,"HARBOR HOSPICE OF SOUTHEAST TEXAS","2200 HIGHWAY 365, SUITE 101",-,NEDERLAND,TX,77627,JEFFERSON,"(409) 213-7300",6,Other,11/01/2013
741562,"A BLISS HOSPICE CARE","140 E RIDGEWOOD COURT",-,"SAN ANTONIO",TX,78212,BEXAR,"(210) 822-0577",6,For-Profit,05/03/2015
741565,"HARBOR HOSPICE 27 LP","727 E FRONT STREET SUITE 100",-,TYLER,TX,75702,SMITH,"(903) 534-3701",6,For-Profit,12/01/2014
741566,"ANCHOR OF HOPE HOSPICE","7708 SAN JACINTO PLACE STE 100",-,PLANO,TX,75024,COLLIN,"(469) 351-4466",6,For-Profit,07/31/2015
741568,ACARA,"9514 CONSOLE DR SUITE 200",-,"SAN ANTONIO",TX,78229,BEXAR,"(210) 366-1125",6,For-Profit,06/26/2015
741569,"TRINITY HOSPICE","310 E INTERSTATE 30 STE 205",-,GARLAND,TX,75043,DALLAS,"(469) 726-4402",6,Other,03/20/2015
741571,"HARBOR HOSPICE OF PLANO, L.P.","2419 COIT ROAD, SUITE A",-,PLANO,TX,75075,COLLIN,"(972) 943-0349",6,Other,01/11/2015
741572,"ESSENTIAL HOSPICE AND PALLIATIVE SERVICES, LLC.","450 N. TEXAS AVENUE, SUITE A",-,WEBSTER,TX,77598,HARRIS,"(832) 224-4756",6,For-Profit,05/29/2015
741573,"HARBOR HOSPICE OF SOUTH SAN ANTONIO LP","15714 HUEBNER ROAD, SUITE 2B2",-,"SAN ANTONIO",TX,78248,BEXAR,"(210) 481-0500",6,For-Profit,09/07/2015
741574,"HARBOR HOSPICE OF WEST DALLAS-FORT WORTH, LP","6471 SOUTHWEST BLVD STE B",-,BENBROOK,TX,76132,TARRANT,"(817) 237-2255",6,For-Profit,11/18/2013
741576,"FAIRMONT HOSPICE","300 JACKSON ST",-,RICHMOND,TX,77469,"FORT BEND","(832) 774-2000",6,For-Profit,07/26/2015
741577,"REJOICE HOSPICE INC","899 PRESIDENTIAL DR, STE 100",-,RICHARDSON,TX,75081,DALLAS,"(972) 234-1648",6,For-Profit,09/11/2015
741578,"CHARLIN HOSPICE","400 CHISHOLM PLACE SUITE 400",-,PLANO,TX,75075,COLLIN,"(972) 423-4170",6,For-Profit,11/04/2015
741580,"BLUEBONNET HOME HEALTH & HOSPICE COMPANY","807 WEST AVENUE",-,WELLINGTON,TX,79095,COLLINGSWORTH,"(806) 447-2541",6,For-Profit,03/10/2015
741581,"TRUE HEARTS AND HANDS HOSPICE LLC","580 DECKER DRIVE SUITE 105",-,IRVING,TX,75062,DALLAS,"(903) 422-8100",6,For-Profit,03/12/2015
741582,"EDWARD'S HOME HEALTH, INC.","8411 N INTERSTATE 35",-,AUSTIN,TX,78753,TRAVIS,"(512) 763-4690",6,Non-Profit,06/30/2015
741583,"ANCHOR HOSPICE LLC","3100 TIMMONS LANE, SUITE 265",-,HOUSTON,TX,77027,HARRIS,"(877) 296-3840",6,For-Profit,11/24/2015
741584,"AYUDA HOME HEALTH CARE SERVICES LLC","1515 CESSNA DR STE 201",-,"EL PASO",TX,79925,"EL PASO","(915) 231-9494",6,For-Profit,10/14/2015
741586,"AM HOSPICE INC","4131 THOMASON AVE",-,"EL PASO",TX,79904,"EL PASO","(915) 242-6930",6,For-Profit,11/18/2015
741587,"HOLDING HANDS HOSPICE","8111 LBJ FREEWAY SUITE 1000",-,DALLAS,TX,75251,DALLAS,"(214) 221-0070",6,For-Profit,10/29/2015
741588,"ACCENTCARE HOSPICE & PALLIATIVE CARE OF TEXAS","1605 ROCK PRAIRIE ROAD SUITE 206",-,"COLLEGE STATION",TX,77845,BRAZOS,"(979) 314-9235",6,For-Profit,11/12/2015
741589,"OPUSCARE OF TEXAS","8207 CALLAGHAN RD SUITE 400A",-,"SAN ANTONIO",TX,78230,BEXAR,"(210) 988-1461",6,For-Profit,12/03/2015
741590,"OMEGALIFE HOSPICE OF TEXAS INC","5625 CYPRESS CREEK PARKWAY, SUITE. 418",-,HOUSTON,TX,77069,HARRIS,"(832) 912-5927",6,Other,09/07/2015
741591,"TRINITY HOSPICE","8637 FREDERICKSBURG RD. BLD 4, STE 401",-,"SAN ANTONIO",TX,78240,BEXAR,"(210) 960-2223",6,For-Profit,01/28/2016
741592,"CHOICE HOSPICE","1452 HUGHES ROAD, SUITE 300",-,GRAPEVINE,TX,76051,TARRANT,"(737) 484-0080",6,For-Profit,10/30/2015
741594,"RELIANT AT HOME HOSPICE","3033 W PRESIDENT GEORGE BUSH HWY STE 150",-,PLANO,TX,75075,COLLIN,"(214) 667-8040",6,For-Profit,12/17/2015
741595,"EXCELLENCE HOSPICE CARE","1231 2ND STREET",-,"LEAGUE CITY",TX,77573,GALVESTON,"(281) 476-0436",6,For-Profit,07/28/2015
741596,"ST. GABRIEL'S HOSPICE AND PALLIATIVE CARE","2501 PARKVIEW DRIVE SUITE 600",-,"FORT WORTH",TX,76102,TARRANT,"(817) 306-4545",6,For-Profit,01/28/2016
741597,"DELTA HOSPICE LLC","2245 VALWOOD PARKWAY",-,"FARMERS BRANCH",TX,75234,DALLAS,"(972) 424-4001",6,For-Profit,12/30/2015
741599,"COMPANION HOSPICE AND PALLIATIVE CARE OF SOUTH TEXAS LLC","3201 CHERRY RIDGE DR STE C-300",-,"SAN ANTONIO",TX,78230,BEXAR,"(855) 320-5552",6,For-Profit,04/01/2016
741606,"1ST CHOICE HOME HEALTH","10662 VISTA DEL SOL",-,"EL PASO",TX,79935,"EL PASO","(915) 855-9333",6,Other,12/03/2015
741608,"MORRIS INFINITE HEALTHCARE SERVICES INCORPORATED","7920 BELTLINE ROAD STE 830",-,DALLAS,TX,75254,DALLAS,"(214) 342-0300",6,For-Profit,02/05/2016
741609,"HARBOR HOSPICE OF LONGVIEW LP","1127 JUDSON ROAD SUITE 105",-,LONGVIEW,TX,75601,GREGG,"(903) 238-8290",6,For-Profit,07/13/2015
741610,"UNITED HOSPICE CARE SERVICES LLC","1609 DAVENPORT ST STE C",-,WESLACO,TX,78596,HIDALGO,"(956) 520-7054",6,For-Profit,05/06/2016
741611,"THREE OAKS HOSPICE","25211 GROGANS MILL ROAD STE 330",-,"THE WOODLANDS",TX,77380,MONTGOMERY,"(832) 431-5009",6,For-Profit,03/23/2016
741613,"URGENT CARE HOSPICE INC","3130 GATEWAY BLVD E STE B",-,"EL PASO",TX,79905,"EL PASO","(915) 213-5453",6,For-Profit,04/12/2016
741614,"ULTIMATE PLUS HOSPICE LLC","3218 I-30 FRONTAGE ROAD, STE 111A",-,MESQUITE,TX,75150,DALLAS,"(214) 427-8227",6,For-Profit,05/09/2016
741615,"JOL HEALTHCARE","1300 DACY LANE, SUITE 150",-,KYLE,TX,78640,HAYS,"(512) 786-4198",6,For-Profit,07/20/2006
741616,"BEYONDFAITH HOSPICE, LLC","950 HILLTOP DR",-,WEATHERFORD,TX,76086,PARKER,"(817) 770-0207",6,For-Profit,04/05/2016
741618,"CELLA BELLAS HOSPICE CORPORATION","1208 W SLAUGHTER LANE",-,AUSTIN,TX,78748,TRAVIS,"(512) 912-2302",6,For-Profit,05/12/2016
741619,"AMERICAN MEDICAL HOSPICE & PALLIATIVE CARE","5805 CALLAGHAN RD. SUITE 300",-,"SAN ANTONIO",TX,78228,BEXAR,"(210) 812-5709",6,For-Profit,05/26/2016
741620,"MS MISSION HOSPICE LLC","404 E RAMSEY ROAD STE 105",-,"SAN ANTONIO",TX,78216,BEXAR,"(210) 524-2400",6,For-Profit,06/03/2016
741622,"KLARUS HOSPICE","4318 WOODCOCK DR STE 140",-,"SAN ANTONIO",TX,78228,BEXAR,"(210) 732-7600",6,For-Profit,07/20/2016
741624,"HEART TO HEART HOSPICE OF WEST HOUSTON","2930 CYPRESS GROVE MEADOWS DRIVE, SUITE 200",-,HOUSTON,TX,77014,HARRIS,"(832) 478-5534",6,Other,05/24/2016
741625,"PROVISTA HOSPICE","4849 GREENVILLE AVE, STE 1124 - B",-,DALLAS,TX,75206,DALLAS,"(214) 965-0431",6,For-Profit,05/31/2016
741626,"THREE OAKS HOSPICE","9830 COLONNADE BOULEVARD, SUITE 470",-,"SAN ANTONIO",TX,78230,BEXAR,"(210) 780-3003",6,For-Profit,06/27/2016
741628,"CONCORD HOSPICE LLC","719 N CROCKETT STREET",-,SHERMAN,TX,75090,GRAYSON,"(469) 906-2000",6,For-Profit,08/25/2016
741629,"BEYONDFAITH HOSPICE OF LUBBOCK LLC","4523 114TH ST",-,LUBBOCK,TX,79424,LUBBOCK,"(806) 797-0000",6,For-Profit,08/26/2016
741631,"ALL SEASONS HOSPICE OF TEXAS","15420 NACOGDOCHES RD",-,"SAN ANTONIO",TX,78247,BEXAR,"(210) 767-3870",6,For-Profit,08/13/2016
741632,"AMEDIA HOSPICE LLC","1800 N.E. LOOP 410 SUITE 400",-,"SAN ANTONIO",TX,78217,BEXAR,"(210) 858-3384",6,For-Profit,08/24/2016
741633,"ASERENE HEALTHCARE SERVICES, LLC.","10701 CORPORATE DRIVE SUITE 391A",-,STAFFORD,TX,77477,"FORT BEND","(832) 532-7953",6,For-Profit,09/03/2016
741634,"ENHABIT HOSPICE","7120 WEST INTERSTATE 40, 300A",-,AMARILLO,TX,79109,POTTER,"(806) 223-4741",6,For-Profit,08/30/2016
741635,"ON CALL HOSPICE","385 STONE AVE",-,PARIS,TX,75460,LAMAR,"(903) 706-5003",6,For-Profit,09/29/2016
741636,"GREEN HILLS HOSPICE LLC","4893 E FM 552",-,ROCKWALL,TX,75087,ROCKWALL,"(972) 913-4165",6,For-Profit,08/12/2016
741637,"SAN ANTONIO INSPIRE HOSPICE LLC","5460 BABCOCK RD STE 120",-,"SAN ANTONIO",TX,78240,BEXAR,"(210) 290-8159",6,For-Profit,06/13/2016
741638,"ENHABIT HOSPICE","6800 BURLESON ROAD, BUILDING 310, SUITE 265B",-,AUSTIN,TX,78744,TRAVIS,"(512) 284-9642",6,Other,08/30/2016
741640,"REMARKABLE HOSPICE","1700 ALMA DR STE 109",-,PLANO,TX,75075,COLLIN,"(214) 473-4491",6,For-Profit,08/12/2016
741641,"ANGEL WINGS HOSPICE","1201 NORTH WATSON ROAD, SUITE 187",-,ARLINGTON,TX,76006,TARRANT,"(817) 583-6636",6,For-Profit,09/22/2016
741642,"ALTUS HOSPICE","40 NE LOOP 410 STE 343",-,"SAN ANTONIO",TX,78216,BEXAR,"(210) 405-4742",6,For-Profit,11/04/2016
741643,"AADI HOME HEALTH AND HOSPICE","1001 2ND ST BLDG. 1",-,"CORPUS CHRISTI",TX,78404,NUECES,"(361) 452-3384",6,For-Profit,09/27/2016
741645,"SERENITY HOSPICE","2604 HWY 71 E, BUILDING B",-,BASTROP,TX,78602,BASTROP,"(512) 985-6107",6,For-Profit,11/17/2016
741646,"HORIZONS HOSPICE","140 CYPRESS STATION STE 214",-,HOUSTON,TX,77357,HARRIS,"(281) 689-5350",6,For-Profit,01/12/2017
741647,"A BETTER HOSPICE","10777 WESTHEIMER RD","STE 1010",HOUSTON,TX,77042,HARRIS,"(713) 239-0690",6,For-Profit,01/13/2017
741648,"LIVING HOPE HOSPICE WEST","10707 CORPORATE DR, STE 108",-,STAFFORD,TX,77477,"FORT BEND","(281) 481-5100",6,For-Profit,12/14/2016
741649,"MIDTOWN HOSPICE, INC.","2922 ROSEDALE ST STE 1030",-,HOUSTON,TX,77004,HARRIS,"(832) 549-0994",6,For-Profit,02/13/2017
741651,"AMERI HOSPICE","5068 W. PLANO PARKWAY, SUITE 295",-,PLANO,TX,75093,COLLIN,"(877) 786-0099",6,For-Profit,12/23/2016
741652,"ACCENTCARE HOSPICE & PALLIATIVE CARE OF TEXAS","17855 DALLAS PKWY STE 300",-,DALLAS,TX,75287,COLLIN,"(214) 307-7048",6,For-Profit,01/09/2017
741653,"CARE AND GRACE HOME HEALTH AND HOSPICE","619 N 3RD ST",-,TEMPLE,TX,76504,BELL,"(254) 773-6020",6,For-Profit,01/06/2017
741654,"ELITE HOSPICE AND PALLIATIVE CARE","5718 WESTHEIMER RD, STE 1000",-,HOUSTON,TX,77057,HARRIS,"(832) 666-7675",6,For-Profit,12/21/2016
741655,"KINDFUL HEALTH","3369 PREMIER DRIVE, STE 300",-,PLANO,TX,75023,COLLIN,"(866) 733-4550",6,For-Profit,02/02/2017
741656,"BEYONDFAITH HOSPICE OF WICHITA FALLS LLC","1702 KELL BLVD",-,"WICHITA FALLS",TX,76301,WICHITA,"(940) 696-8901",6,For-Profit,02/15/2017
741657,"WHITE ORCHID HOSPICE","1449 HIGHWAY 6 STE 320",-,"SUGAR LAND",TX,77478,"FORT BEND","(866) 966-2215",6,For-Profit,03/23/2017
741658,"MILLENNIUM HOSPICE AGENCY LLC","25325 BOROUGH PARK DRIVE SUITE #108",-,SPRING,TX,77380,MONTGOMERY,"(281) 681-4035",6,For-Profit,12/20/2016
741659,"HARBOR HOSPICE OF TEXARKANA LP","1540 RICE ROAD, SUITE 200B",-,TYLER,TX,75703,SMITH,"(903) 534-3701",6,For-Profit,07/28/2016
741660,"ALLUMINE HOSPICE","1144 MIDTOWN DRIVE",-,"COLLEGE STATION",TX,77845,BRAZOS,"(979) 704-6684",6,For-Profit,03/23/2017
741661,"HEART TO HEART HOSPICE OF SAN MARCOS LLC","1340 WONDER WORLD DRIVE SUITE 2200",-,"SAN MARCOS",TX,78666,HAYS,"(512) 667-6816",6,For-Profit,04/16/2017
741662,"LOTUS HOSPICE","810 HIGHWAY 6 S, STE 110",-,HOUSTON,TX,77079,HARRIS,"(281) 493-6800",6,For-Profit,03/16/2017
741663,"HARBOR HOSPICE OF EAST DALLAS - FORT WORTH, LP","3900 JUNIUS ST STE 150A",-,DALLAS,TX,75246,DALLAS,"(469) 329-3321",6,For-Profit,05/05/2017
741664,"ELARA CARING","4444 CORONA DR STE 234",-,"CORPUS CHRISTI",TX,78411,NUECES,"(361) 248-4776",6,For-Profit,02/14/2017
741666,"NOVEL HOSPICE CARE","7920 BELT LINE ROAD STE 255A",-,DALLAS,TX,75254,DALLAS,"(972) 994-9395",6,For-Profit,05/10/2017
741667,"HOPE & GRACE HOSPICE INC","13740 N HIGHWAY 183 BUILDING H UNIT 1",-,AUSTIN,TX,78750,TRAVIS,"(512) 358-4222",6,For-Profit,04/27/2017
741668,"REVELATION HOSPICE","10701 CORPORATE DR, STE 294",-,STAFFORD,TX,77477,"FORT BEND","(832) 538-0973",6,For-Profit,04/25/2017
741669,"THREE OAKS HOSPICE","500 GRAPEVINE HIGHWAY, SUITE 225",-,HURST,TX,76054,TARRANT,"(817) 328-1628",6,For-Profit,06/07/2017
741670,"SILVER-SPRING HEALTHCARE SERVICES INC","25700 I-45 NORTH SUITE 440",-,SPRING,TX,77386,MONTGOMERY,"(281) 651-2268",6,For-Profit,05/03/2017
741671,"ELYSIAN HOSPICE","8122 DATAPOINT DRIVE, SUITE 410B",-,"SAN ANTONIO",TX,78229,BEXAR,"(210) 375-5016",6,For-Profit,05/15/2017
741672,"HIGH PLAINS SENIOR CARE HOSPICE","1600 S COULTER ST BLDG F",-,AMARILLO,TX,79106,POTTER,"(806) 350-7100",6,Non-Profit,06/22/2017
741673,"HARBOR HOSPICE OF WACO, LP","510 NORTH VALLEY MILLS DRIVE #306",-,WACO,TX,76710,MCLENNAN,"(254) 218-4290",6,For-Profit,06/20/2017
741675,"GENTLE PARTNERS IN HOSPICE LLC","1635 NE LOOP 410, SUITE 501",-,"SAN ANTONIO",TX,78209,BEXAR,"(210) 908-9616",6,For-Profit,06/27/2017
741677,"OMNIX HEALTH CARE SERVICES INC","5503 FIRST STREET",-,CROSBY,TX,77532,HARRIS,"(281) 328-5869",6,For-Profit,07/28/2017
741678,"ANEW HOSPICE CARE INC","4216 WESLEY STREET, SUITE 101",-,GREENVILLE,TX,75401,HUNT,"(903) 886-2639",6,For-Profit,07/09/2017
741679,"PRECISE PERSONALIZED CARE HOSPICE LLC","3630 N JOSEY LANE, SUITE 219",-,CARROLLTON,TX,75007,DALLAS,"(469) 324-5650",6,For-Profit,08/04/2017
741681,"THREE OAKS HOSPICE","350 PINE STREET, SUITE 335",-,BEAUMONT,TX,77701,JEFFERSON,"(409) 751-2100",6,For-Profit,08/02/2017
741682,"ALLEGIANCE HOSPICE","1560 LIVE OAK ST STE B",-,WEBSTER,TX,77598,HARRIS,"(713) 492-0329",6,For-Profit,04/10/2017
741683,"EDEN HOSPICE","9950 WESTPARK DRIVE SUITE 644",-,HOUSTON,TX,77063,HARRIS,"(281) 778-0040",6,For-Profit,07/02/2017
741684,"CHAMBERS HOSPICE","201 W. 20TH STREET, SUITE 101",-,"MOUNT PLEASANT",TX,75455,TITUS,"(903) 572-3777",6,For-Profit,08/11/2017
741687,"UPLIFT HOSPICE","1458 CAMPBELL RD STE 250",-,HOUSTON,TX,77055,HARRIS,"(713) 385-1865",6,For-Profit,08/12/2017
741688,"MONARCH HOSPICE","321 N CENTRAL EXPY #303",-,MCKINNEY,TX,75070,COLLIN,"(903) 364-4410",6,For-Profit,08/11/2017
741689,"ANGEL HANDS HOSPICE-DENTON","3600 FM 2181, SUITE 300B",-,"HICKORY CREEK",TX,75065,DENTON,"(972) 848-3572",6,For-Profit,08/18/2017
741690,"SAINT CATHERINE HOSPICE INC","4229 GLENHAVEN DR",-,GARLAND,TX,75042,DALLAS,"(972) 572-6400",6,For-Profit,08/18/2017
741691,"COLEMAN HOME HEALTH AND HOSPICE INC","1214 S. COMMERCIAL AVENUE",-,COLEMAN,TX,76834,COLEMAN,"(325) 625-3222",6,For-Profit,08/15/2017
741693,"LYNNCARE HOSPICE SERVICES LLC","108 W HUISACHE ST",-,WESLACO,TX,78596,HIDALGO,"(956) 684-5957",6,For-Profit,11/14/2017
741694,"CHOICE HOSPICE","11611 SPRING CYPRESS RD SUITE B",-,TOMBALL,TX,77377,HARRIS,"(281) 742-1142",6,For-Profit,11/09/2017
741696,"AT HOME HOSPICE","1100 NASA PKWY STE 200",-,HOUSTON,TX,77058,HARRIS,"(281) 339-7079",6,For-Profit,11/17/2017
741697,"STAR CITY HOSPICE","1433 PRAIRIE DRIVE",-,CARROLLTON,TX,75007,DENTON,"(469) 529-2954",6,For-Profit,11/02/2017
741698,"AUTUMNCARE HOSPICE","10707 CORPORATE DRIVE, SUITE 340-105",-,STAFFORD,TX,77477,"FORT BEND","(281) 494-0228",6,For-Profit,12/01/2017
741699,"CHOICE HOSPICE","1085 I-10 N SUITE B",-,BEAUMONT,TX,77706,JEFFERSON,"(409) 935-0169",6,For-Profit,12/08/2017
741701,"GILEAD HOSPICE LLC","2300 GREENHILL DR STE 530",-,"ROUND ROCK",TX,78664,WILLIAMSON,"(512) 215-5238",6,For-Profit,10/28/2017
741702,"ST AGNES MEMORIAL HOSPICE","8826 WASATCH VALLEY LN",-,RICHMOND,TX,77407,"FORT BEND","(346) 368-2878",6,For-Profit,11/22/2017
741703,"WEST TEXAS HOSPICE, LLC","5305 TRINITY BLVD, STE A2",-,SNYDER,TX,79549,SCURRY,"(325) 574-7476",6,Government,11/06/2017
741704,"LA MISION PALLIATIVE CARE & HOSPICE","3413 W. ALBERTA RD.",-,EDINBURG,TX,78539,HIDALGO,"(956) 515-5050",6,For-Profit,12/27/2017
741705,"HARBOR HOSPICE OF KINGSVILLE","914 EAST FORDYCE AVENUE, SUITE B",-,KINGSVILLE,TX,78363,KLEBERG,"(361) 595-3066",6,For-Profit,11/17/2017
741706,"GENERATIONS HEALTH CARE INC","7703 N LAMAR BLVD STE 160",-,AUSTIN,TX,78752,TRAVIS,"(737) 240-3003",6,For-Profit,12/21/2017
741707,"ULTIMATE CARING HOME HEALTH LLC","11300 N CENTRAL EXPRESSWAY SUITE 205",-,DALLAS,TX,75243,DALLAS,"(214) 361-3551",6,For-Profit,12/28/2017
741708,"CHOICE HOSPICE","610 N LOOP 336 E 2ND FLOOR",-,CONROE,TX,77301,MONTGOMERY,"(281) 742-1142",6,For-Profit,09/14/2017
741709,"GENTLE TRANSITIONS HOSPICE","510 AVENUE E",-,MOODY,TX,76557,MCLENNAN,"(254) 598-1389",6,For-Profit,01/28/2018
741710,"SJ HOSPICE SERVICES LLC","315 W BUSINESS 83",-,WESLACO,TX,78596,HIDALGO,"(956) 294-1410",6,For-Profit,03/10/2018
741711,"TRUCARE HOSPICE AND PALLIATIVE SERVICES","12808 W. AIRPORT BOULEVARD SUITE 346",-,"SUGAR LAND",TX,77478,"FORT BEND","(832) 917-1704",6,For-Profit,10/28/2017
741712,"TRINITY HOSPICE","9900 WESTPARK DRIVE STE 240",-,HOUSTON,TX,77063,HARRIS,"(713) 677-0137",6,Other,03/09/2018
741713,"BRIDGE OF LIFE HOSPICE","7400 LOUIS PASTEUR DR. STE. 105",-,"SAN ANTONIO",TX,78229,BEXAR,"(210) 442-8175",6,For-Profit,05/23/2018
741714,"THE MEDICAL TEAM INC","45 N.E. LOOP 410 STE 800",-,"SAN ANTONIO",TX,78216,BEXAR,"(210) 270-1393",6,For-Profit,03/20/2018
741715,"HEART OF TEXAS HOSPICE","1604 S W S YOUNG DR FL 1",-,KILLEEN,TX,76543,BELL,"(254) 313-9840",6,For-Profit,12/07/2017
741716,"BAYOU CITY HOSPICE","24900 PITKIN ROAD SUITE 309",-,SPRING,TX,77386,MONTGOMERY,"(713) 527-2727",6,For-Profit,02/12/2018
741717,"ANGEL HANDS HOSPICE OF TEXOMA","2315 W MORTON ST",-,DENISON,TX,75020,GRAYSON,"(214) 556-4996",6,For-Profit,01/25/2018
741720,"FRONTIER HOSPICE","6410 SOUTHWEST BLVD, SUITE 127",-,BENBROOK,TX,76109,TARRANT,"(832) 553-2276",6,For-Profit,04/08/2018
741721,"EMBRACE HOSPICE","642 COMAL AVE",-,"NEW BRAUNFELS",TX,78130,COMAL,"(469) 995-2456",6,For-Profit,04/17/2018
741722,"TRANQUILITY HOSPICE CARE INC","2700 SHELL ROAD",-,GEORGETOWN,TX,78628,WILLIAMSON,"(512) 688-5607",6,For-Profit,03/16/2018
741723,"HOSPICE PROFESSIONALS INC","2611 N BELT LINE ROAD, SUITE 207",-,SUNNYVALE,TX,75182,DALLAS,"(972) 853-7704",6,For-Profit,04/08/2018
741725,"GOLDSTAR HOSPICE INC.","5045 LORIMAR DRIVE SUITE #240",-,PLANO,TX,75093,COLLIN,"(972) 403-0448",6,For-Profit,03/19/2018
741726,"SERENITY HOME CARE SERVICES","107 CALLE DEL NORTE STE. 11 B",-,LAREDO,TX,78041,WEBB,"(956) 725-5533",6,For-Profit,05/07/2018
741727,"VERA HOSPICE","14140 MIDWAY RD. STE 104",-,"FARMERS BRANCH",TX,75244,COLLIN,"(469) 327-5590",6,For-Profit,06/01/2018
741728,"ANGELS CARE HOSPICE","3300 N A STREET BUILDING 1, SUITE 220",-,MIDLAND,TX,79705,MIDLAND,"(432) 208-5530",6,For-Profit,02/19/2018
741729,"THREE OAKS HOSPICE","11860 VISTA DEL SOL DR STE 150",-,"EL PASO",TX,79936,"EL PASO","(915) 808-4000",6,For-Profit,05/09/2018
741730,"A HEALING TOUCH HOSPICE","2900 N TEXAS BLVD STE 104",-,WESLACO,TX,78596,HIDALGO,"(956) 854-4675",6,For-Profit,05/09/2018
741731,"ABOUNDING HOSPICE CARE INC","310 EAST I-30 # B 108",-,GARLAND,TX,75043,DALLAS,"(972) 746-8428",6,For-Profit,06/08/2018
741732,"PREMIER HOSPICE","4606 FM 1960 RD W SUITE 675",-,HOUSTON,TX,77069,HARRIS,"(832) 610-9733",6,Other,05/13/2018
741733,"BIRDIE HOSPICE","404 N. BRYANT AVE",-,SHERMAN,TX,75092,GRAYSON,"(903) 771-4648",6,For-Profit,06/06/2018
741735,"CORAZON HOSPICE LLC","3000 N MCCOLL RD STE 13",-,MCALLEN,TX,78501,HIDALGO,"(956) 322-3595",6,For-Profit,06/06/2018
741736,"ALLIANCE UNITED HOSPICE CARE LLC","1951 N JUPITER RD",-,RICHARDSON,TX,75081,DALLAS,"(972) 200-3222",6,For-Profit,07/06/2018
741737,"AMATUS HOSPICE AND PALLIATIVE CARE LLC","2010 VALLEY VIEW LANE STE 210",-,"FARMERS BRANCH",TX,75234,DALLAS,"(972) 299-0512",6,For-Profit,06/14/2018
741738,"ANGEL WINGS HOSPICE SERVICES LLC","923 W BUSINESS 83 STE B",-,WESLACO,TX,78596,HIDALGO,"(956) 647-5261",6,For-Profit,09/17/2018
741739,"ANGELS CARE HOSPICE","1605 7TH ST SUITE B",-,"BAY CITY",TX,77414,MATAGORDA,"(979) 943-2742",6,For-Profit,08/15/2018
741740,"CHANGING SEASONS HOSPICE","5962 DANNY KAYE DRIVE, BUILDING 4",-,"SAN ANTONIO",TX,78240,BEXAR,"(210) 260-0000",6,For-Profit,06/04/2018
741741,"MERIT HOSPICE LLC","8350 N CENTRAL EXPY STE M1019",-,DALLAS,TX,75206,DALLAS,"(214) 368-1154",6,For-Profit,08/23/2018
741742,"ICARE HOSPICE","2855 MANGUM RD STE 401",-,HOUSTON,TX,77092,HARRIS,"(832) 566-8280",6,For-Profit,07/23/2018
741743,"AXEL HOSPICE CARE LLC","1350 E. ARAPAHO RD, STE 236",-,RICHARDSON,TX,75081,DALLAS,"(214) 396-6565",6,Other,07/11/2018
741744,"TRUE HEART HOSPICE LLC","4102 S 31ST ST STE 200",-,TEMPLE,TX,76502,BELL,"(512) 649-2274",6,For-Profit,09/04/2018
741745,"ARABELLA PALLIATIVE AND HOSPICE CARE, LLC","3424 TEMPEST LANE",-,"OAK POINT",TX,75068,DENTON,"(469) 545-1995",6,Other,08/23/2018
741746,"IMS HOME HEALTH & HOSPICE CARE, INC","1302 E 8TH ST",-,WESLACO,TX,78596,HIDALGO,"(956) 975-2615",6,Government,08/08/2018
741747,"ASCEND HOSPICE CARE INC","7714-A HWY 146 STE D",-,BAYTOWN,TX,77523,CHAMBERS,"(281) 918-0676",6,For-Profit,10/01/2018
741749,"GREEN MOUNTAIN HEALTHCARE SERVICES LLC","2311 N. MESA SUITE H",-,"EL PASO",TX,79902,"EL PASO","(915) 500-4883",6,For-Profit,09/10/2018
741750,"LA DIFERENCIA HOSPICE","933 PLEASANTON RD STE 109",-,"SAN ANTONIO",TX,78214,BEXAR,"(210) 395-3395",6,For-Profit,07/25/2018
741752,"ALORA HOSPICE AND PALLIATIVE CARE LLC","1205 N RAUL LONGORIA RD SUITE K",-,"SAN JUAN",TX,78589,HIDALGO,"(956) 216-0013",6,For-Profit,10/03/2018
741753,"ARCHWAY HOSPICE","4645 AVON LANE #225",-,FRISCO,TX,75033,DENTON,"(469) 290-6100",6,For-Profit,08/27/2018
741754,"ALEVCARE HOSPICE","315 S MAIN ST",-,MANSFIELD,TX,76063,TARRANT,"(469) 630-2538",6,For-Profit,10/29/2018
741755,"IPR HEALTHCARE SYSTEM INC","8830 INTERCHANGE DRIVE",-,HOUSTON,TX,77054,HARRIS,"(713) 592-6776",6,For-Profit,11/14/2018
741756,"PRIME CARE HOSPICE LLC","1115 NORTH 4TH STREET",-,LONGVIEW,TX,75601,GREGG,"(903) 291-6164",6,For-Profit,10/30/2018
741758,"HEART TO HEART HOSPICE OF THE RIVERBEND, LLC","668 WEST BRAZOS AVE",-,"WEST COLUMBIA",TX,77486,BRAZORIA,"(979) 267-2137",6,For-Profit,09/27/2018
741759,"TLC HOSPICE SERVICES","3711 ADMIRAL STREET SUITE A",-,"EL PASO",TX,79925,"EL PASO","(915) 529-2119",6,For-Profit,12/11/2018
741761,"LAREDO GENTLE HANDS HOSPICE AND PALLIATIVE CARE","313 W. VILLAGE BLVD","#108 STE 3",LAREDO,TX,78041,WEBB,"(956) 334-7937",6,For-Profit,10/29/2018
741762,"ALL AMERICAN STAR HOSPICE INC","4606 FARM TO MARKET 1960 RD W STE 675",-,HOUSTON,TX,77069,HARRIS,"(281) 310-7169",6,For-Profit,10/30/2018
741763,"STERLING HOSPICE","801 E. CAMPBELL ROAD, STE 142",-,RICHARDSON,TX,75081,DALLAS,"(214) 930-2386",6,For-Profit,11/09/2018
741764,"VOTIVE HOSPICE LLC","1204 N LLANO",-,FREDERICKSBURG,TX,78624,GILLESPIE,"(512) 560-8604",6,For-Profit,12/06/2018
741765,"THE MEDICAL TEAM INC","2401 HAINE DRIVE",-,HARLINGEN,TX,78550,CAMERON,"(956) 504-9000",6,For-Profit,08/21/2018
741766,"MI CASA HOSPICE, L.L.C.","701 N TEXAS BLVD STE B",-,ALICE,TX,78332,"JIM WELLS","(361) 453-4105",6,For-Profit,07/05/2018
741768,"SAHARA HOSPICE CARE LLC","140 ELDRIDGE RD , SUITE- B 1",-,"SUGAR LAND",TX,77498,"FORT BEND","(281) 313-0085",6,For-Profit,11/24/2018
741771,"MESQUITE HOSPICE INC","3132 MILLER RD STE C",-,GARLAND,TX,75041,DALLAS,"(214) 473-4790",6,For-Profit,09/06/2018
741772,"KDB HOSPICE LLC","550 NORTH MAIN STREET, SUITE 207C",-,DUNCANVILLE,TX,75116,DALLAS,"(214) 919-5797",6,For-Profit,01/28/2019
741773,"SERENITY HOSPICE AND PALLIATIVE CARE OF TEXAS","928 WAVERLY AVE.",-,"SAN ANTONIO",TX,78201,BEXAR,"(210) 852-4009",6,For-Profit,01/24/2019
741774,"LA ESPERANZA HOME HEALTH INC","5703 SPRINGFIELD AVENUE",-,LAREDO,TX,78041,WEBB,"(956) 723-4702",6,For-Profit,01/17/2019
741775,"MOMENTS HOSPICE AND PALLIATIVE CARE","13015 FRANK LN",-,STAFFORD,TX,77477,"FORT BEND","(281) 301-0641",6,For-Profit,01/25/2019
741777,"HALO HOSPICE","451 S MAIN ST., SUITE 220",-,"FORT WORTH",TX,76104,TARRANT,"(817) 720-6100",6,For-Profit,06/01/2018
741778,"ALTRUIST HOSPICE, INC","12660 COIT ROAD, SUITE 200",-,DALLAS,TX,75251,DALLAS,"(972) 685-2400",6,For-Profit,12/27/2018
741781,"VILLAGE HOME HEALTH","631 N EGRET BAY BLVD SUITE A",-,"LEAGUE CITY",TX,77573,GALVESTON,"(281) 554-6742",6,For-Profit,12/17/2018
741782,"UNITED PALLIATIVE & HOSPICE CARE, INC.","1811 FIRST OAKS STREET #120",-,RICHMOND,TX,77406,"FORT BEND","(281) 208-7803",6,For-Profit,03/08/2019
741783,"THREE OAKS HOSPICE","911 W LOOP 281 STE 209",-,LONGVIEW,TX,75604,GREGG,"(903) 551-3400",6,For-Profit,03/11/2019
741784,"VARCO HOSPICE LLC","1880 SOUTH DAIRY ASHFORD RD, SUITE 401",-,HOUSTON,TX,77077,HARRIS,"(713) 581-9198",6,For-Profit,01/25/2019
741785,"HEART TO HEART HOSPICE OF SUGAR LAND","13017 JESS PIRTLE BLVD., SUITE 175",-,"SUGAR LAND",TX,77478,"FORT BEND","(281) 881-6763",6,For-Profit,03/14/2019
741787,"VALOR HOSPICE","1412 W MAGNOLIA AVE STE 100",-,"FORT WORTH",TX,76104,TARRANT,"(682) 224-8998",6,For-Profit,01/08/2019
741789,"ANARCARE HOME HEALTH AGENCY INC","13601 WOODFOREST BLVD",-,HOUSTON,TX,77015,HARRIS,"(713) 330-1964",6,For-Profit,04/04/2019
741790,"PALLIATIVE HOSPICE CARE","20127 IVORY VALLEY LANE",-,CYPRESS,TX,77433,HARRIS,"(281) 758-5652",6,For-Profit,03/17/2019
741791,"ALLIED HOSPICE","12808 W AIRPORT BLVD. SUITE 375",-,"SUGAR LAND",TX,77478,"FORT BEND","(346) 857-6738",6,For-Profit,02/20/2019
741792,"LOVING HEARTS HOSPICE/PALLIATIVE CARE INC","6671 SOUTHWEST FREEWAY # 310",-,HOUSTON,TX,77074,HARRIS,"(832) 582-5112",6,For-Profit,03/28/2019
741793,"OUR CARING HANDS HOSPICE AND PALLIATIVE CARE LLC","3420 CARMEN AVENUE",-,"RANCHO VIEJO",TX,78575,CAMERON,"(956) 280-5339",6,Other,03/31/2019
741794,"CARE PLUS PALLIATIVE AND HOSPICE CARE LLC","6940 RIVER PARK CIRCLE",-,"FORT WORTH",TX,76116,TARRANT,"(817) 782-9557",6,For-Profit,03/08/2019
741795,"THE LEGACY AT HOME INC","6101 OHIO DRIVE, SUITE 100",-,PLANO,TX,75024,COLLIN,"(972) 244-7700",6,Non-Profit,04/12/2019
741796,"ANGEL VALLEY HOSPICE LLC","13601 PRESTON RD, STE 313",-,DALLAS,TX,75240,DALLAS,"(469) 249-8440",6,Other,05/29/2019
741798,"AVANT HOSPICE, LLC","307 S MCDONALD SUITE 100C",-,MCKINNEY,TX,75069,COLLIN,"(214) 536-8273",6,For-Profit,03/11/2019
741799,"AMEDICUS HOSPICE INC","10935 ESTATE LN. STE. 320",-,DALLAS,TX,75238,DALLAS,"(469) 389-1028",6,For-Profit,05/17/2019
751500,"SUNCREST HOSPICE","3215 SKYWAY CT",-,FREMONT,CA,94539,ALAMEDA,"(408) 277-1924",9,For-Profit,12/23/2013
751501,"SACRED LIFE HOSPICE","15130 VENTURA BLVD, STE 304",-,"SHERMAN OAKS",CA,91403,"LOS ANGELES","(818) 275-4649",9,For-Profit,02/10/2014
751509,"24-7 QUALITY HOSPICE CARE, INC","2659 TOWNSGATE ROAD, SUITE #128",-,"WESTLAKE VILLAGE",CA,91361,VENTURA,"(805) 230-9939",9,For-Profit,12/09/2013
751511,"MORNING STAR PALLIATIVE & HOSPICE INC.","11651 STERLING AVE, SUITE I",-,RIVERSIDE,CA,92503,RIVERSIDE,"(951) 351-9905",9,For-Profit,04/01/2014
751513,"PRIORITY HOSPICE CARE, INC","410 W BADILLO ST SUITE 200",-,COVINA,CA,91723,"LOS ANGELES","(626) 335-1082",9,For-Profit,12/19/2013
751514,"HEALING CARE HOSPICE, INC","8255 FIRESTONE BLVD, SUITE 403",-,DOWNEY,CA,90241,"LOS ANGELES","(323) 988-1245",9,For-Profit,02/25/2014
751515,"DEDICATED HOSPICE CARE, INC","10605 BALBOA BLVD SUITE 300",-,"GRANADA HILLS",CA,91344,"LOS ANGELES","(818) 986-1269",9,For-Profit,03/17/2014
751517,"ARIA HOSPICE LLC","229 SOUTH 8TH STREET, SUITE A",-,"EL CENTRO",CA,92243,IMPERIAL,"(760) 412-5574",9,For-Profit,06/26/2014
751519,"ST BERNARDINE HOSPICE CARE","18064 WIKA ROAD SUITE 202",-,"APPLE VALLEY",CA,92307,"SAN BERNARDINO","(760) 983-2647",9,For-Profit,02/07/2014
751520,"CHARTER HOSPICE, LLC","5775 E LOS ANGELES AVENUE, SUITE 226",-,"SIMI VALLEY",CA,93063,VENTURA,"(805) 582-0033",9,For-Profit,05/07/2014
751524,"SANTA YEKATERINA HOSPICE, INC.","5958 VINELAND AVENUE SUITE J",-,"N HOLLYWOOD",CA,91601,"LOS ANGELES","(818) 623-8888",9,For-Profit,02/22/2014
751525,"ACCURATE HOSPICE INC.","3925 ROSEMEAD BLVD, STE 201",-,ROSEMEAD,CA,91770,"LOS ANGELES","(626) 280-8400",9,For-Profit,03/26/2014
751529,"COMPREHENSIVE HOSPICE CARE, INC","3440 WILSHIRE BLVD SUITE 1108-A",-,"LOS ANGELES",CA,90010,"LOS ANGELES","(818) 505-0019",9,For-Profit,03/01/2014
751535,"UNITED HOSPICE INC","1220 W GLENOAKS BLVD SUITE 204",-,GLENDALE,CA,91201,"LOS ANGELES","(760) 651-2316",9,For-Profit,06/18/2014
751539,"APEX HOSPICE CARE, INC","520 N MAIN STREET STE 250",-,"SANTA ANA",CA,92701,ORANGE,"(714) 925-5827",9,For-Profit,04/11/2014
751541,"HARMONY HOSPICE CARE, INC","550 E CARSON PLAZA DR SUITE 126",-,CARSON,CA,90746,"LOS ANGELES","(818) 302-3477",9,For-Profit,04/29/2014
751542,"HAVEN HEALTH NORTH","2855 TEMPLE AVE SUITE H",-,"SIGNAL HILL",CA,90755,"LOS ANGELES","(949) 870-4899",9,For-Profit,05/16/2014
751543,"GRACE HOSPICE AND PALLIATIVE CARE, INC","6101 BOLLINGER CANYON ROAD","STE 390","SAN RAMON",CA,94583,"CONTRA COSTA","(925) 365-1588",9,For-Profit,04/16/2014
751545,"STEWARD HOSPICE CARE INC","16446 WOODRUFF AVE SUITE C",-,BELLFLOWER,CA,90706,"LOS ANGELES","(562) 291-2052",9,For-Profit,04/29/2014
751546,"SAN GABRIEL HOSPICE","1152 E ROUTE 66",-,GLENDORA,CA,91740,"LOS ANGELES","(626) 335-2171",9,For-Profit,11/01/2013
751549,"HOLY FAMILY HOSPICE","7250 BEVERLY BLVD, SUITE 203",-,"LOS ANGELES",CA,90036,"LOS ANGELES","(323) 934-0600",9,For-Profit,05/30/2014
751551,"LOS FELIZ HOSPICE HEALTH CARE","790 BEAUMONT AVE","SUITE 122",BEAUMONT,CA,92223,RIVERSIDE,"(951) 845-7800",9,For-Profit,06/26/2014
751552,"GIBRALTAR HOSPICE, INC","22141 VENTURA BLVD SUITE 301",-,"WOODLAND HILLS",CA,91364,"LOS ANGELES","(818) 880-5500",9,For-Profit,05/13/2014
751556,"ADVANTAGE HOSPICE PROVIDERS, INC","1934 W 9TH ST","UNIT B",UPLAND,CA,91786,"SAN BERNARDINO","(909) 296-7903",9,For-Profit,07/28/2014
751557,"CALCARE PALLIATIVE SERVICES","9140 HAVEN AVENUE SUITE 120",-,"RANCHO CUCAMONGA",CA,91730,"SAN BERNARDINO","(909) 597-0007",9,For-Profit,08/14/2014
751558,"A-ONE HOSPICE PROVIDERS, INC","4110 EDISON AVENUE SUITE 205",-,CHINO,CA,91710,"SAN BERNARDINO","(909) 295-7060",9,For-Profit,08/29/2014
751559,"PRIM HOSPICE CARE INC","4413 RIVERSIDE DRIVE SUITE E",-,CHINO,CA,91710,"SAN BERNARDINO","(909) 342-2081",9,For-Profit,08/25/2014
751560,"SHANGRILA HOSPICE","8280 UTICA AVENUE, SUITE 210",-,"RANCHO CUCAMONGA",CA,91730,"SAN BERNARDINO","(909) 989-8850",9,For-Profit,06/27/2014
751562,"AMERICARE HOSPICE, INC","3200 W BURBANK BLVD SUITE 101",-,BURBANK,CA,91505,"LOS ANGELES","(818) 641-5957",9,For-Profit,07/02/2014
751563,"TOGETHER HOSPICE CARE LLC","7771 UNIVERSITY AVENUE",-,"LA MESA",CA,91942,"SAN DIEGO","(760) 743-3055",9,For-Profit,10/12/2014
751564,"PROHEALTH HOME CARE, INC","1776 WEST MARCH LANE, SUITE 400B",-,STOCKTON,CA,95207,"SAN JOAQUIN","(877) 300-6130",9,For-Profit,09/04/2014
751565,"ARBOR VITAE HOSPICE CARE, INC","1780 TOWN AND COUNTRY DRIVE, UNIT 106",-,NORCO,CA,92860,RIVERSIDE,"(951) 735-3485",9,For-Profit,05/08/2014
751566,"FIRST SERENITY HOSPICE, INC.","10350 SANTA MONICA BLVD SUITE 210",-,"LOS ANGELES",CA,90025,"LOS ANGELES","(310) 388-8790",9,For-Profit,08/20/2014
751568,"BRIDGE HOSPICE","5090 SHOREHAM PLACE, SUITE 209",-,"SAN DIEGO",CA,92122,"SAN DIEGO","(619) 453-5994",9,For-Profit,11/10/2014
751570,"ANGEL HOSPICE PROVIDER INC","2980 INLAND EMPIRE BLVD SUITE 111",-,ONTARIO,CA,91764,"SAN BERNARDINO","(909) 989-8881",9,For-Profit,09/06/2014
751572,"TRANQUIL OAKS HOSPICE CARE","2155 E GARVEY AVE N, SUITE B-10",-,"WEST COVINA",CA,91791,"LOS ANGELES","(562) 222-1190",9,For-Profit,08/01/2014
751573,"VIDA HOSPICE","1211 W MAGNOLIA BLVD",-,BURBANK,CA,91506,"LOS ANGELES","(818) 848-8575",9,For-Profit,02/27/2014
751575,"EDEN HOSPICE CARE INC","1818 S WESTERN AVE SUITE 200 A",-,"LOS ANGELES",CA,90006,"LOS ANGELES","(213) 596-9119",9,For-Profit,07/29/2014
751576,"24/7 CARE AT HOME - HOSPICE","337 NORTH VINEYARD AVE. SUITE 338",-,ONTARIO,CA,91764,"SAN BERNARDINO","(951) 667-8888",9,For-Profit,07/24/2014
751577,"BLOSSOM RIDGE HOSPICE","520 9TH STREET, SUITE 240",-,SACRAMENTO,CA,95814,SACRAMENTO,"(800) 991-6147",9,For-Profit,11/14/2014
751583,"INNERJOY HOSPICE CARE, INC","1965 YOSEMITE AVENUE, SUITE # 115",-,"SIMI VALLEY",CA,93063,VENTURA,"(805) 522-5010",9,For-Profit,12/23/2014
751584,"HOSPICE CARE PROVIDERS INC","9581 BUSINESS CENTER DRIVE BUILDING 12H",-,"RANCHO CUCAMONGA",CA,91730,"SAN BERNARDINO","(909) 331-2437",9,For-Profit,10/15/2014
751585,"VICTORIA HOSPICE SERVICES, INC","12403 SLAUSON AVE SUITE A",-,WHITTIER,CA,90606,"LOS ANGELES","(323) 653-0544",9,For-Profit,06/20/2014
751586,"C V HOSPICE CARE INC","12140 ARTESIA BLVD SUITE 214",-,ARTESIA,CA,90701,"LOS ANGELES","(562) 809-5789",9,For-Profit,09/10/2014
751587,"SAINT VERENA HOSPICE CARE, INC","500 SOUTH KRAEMER BLVD, SUITE 150",-,BREA,CA,92821,ORANGE,"(714) 528-8856",9,For-Profit,09/11/2014
751588,"ROYAL MAJESTY HOSPICE, INC.","3939 ATLANTIC AVE SUITE 216",-,"LONG BEACH",CA,90807,"LOS ANGELES","(562) 424-8886",9,For-Profit,07/02/2014
751598,"KAIROS HOSPICE, INCORPORATION","161 W ARROW HWY",-,GLENDORA,CA,91740,"LOS ANGELES","(626) 335-8857",9,For-Profit,07/16/2014
751601,"AMERICADE PALLIATIVE HEALTH SERVICES, INC.","420 N MONTEBELLO BLVD SUITE 204",-,MONTEBELLO,CA,90640,"LOS ANGELES","(323) 728-8160",9,For-Profit,09/18/2014
751602,"RELIANT HOSPICE INC","8880 BENSON AVE, SUITE 104",-,MONTCLAIR,CA,91763,"SAN BERNARDINO","(909) 982-3400",9,For-Profit,11/18/2014
751603,"WEST COAST HEALTHCARE, LLC","29222 RANCHO VIEJO ROAD, SUITE 102",-,"SAN JUAN CAPISTRANO",CA,92675,ORANGE,"(949) 270-3770",9,For-Profit,08/25/2014
751605,"MOTHER THERESA HOSPICE, INC","847 NORTH HOLLYWOOD WAY, STE 203B",-,BURBANK,CA,91505,"LOS ANGELES","(818) 566-9710",9,For-Profit,09/09/2014
751608,"HOSPICE OF ST GEORGE, INC","415 EAST HARVARD STREET, SUITE 101",-,GLENDALE,CA,91205,"LOS ANGELES","(818) 553-8000",9,For-Profit,06/12/2014
751609,"MONARCH PALLIATIVE CARE, INC.","2001 W. BEVERLY BLVD. UNIT A",-,MONTEBELLO,CA,90640,"LOS ANGELES","(323) 721-0648",9,For-Profit,08/14/2014
751610,"HEART 2 HEART HOSPICE CARE, INC","2908 N NAOMI ST SUITE A",-,BURBANK,CA,91504,"LOS ANGELES","(818) 972-1111",9,For-Profit,11/20/2014
751613,"ABSOLUTE COMPASSION, LLC","6355 RIVERSIDE BLVD, SUITE T",-,SACRAMENTO,CA,95831,SACRAMENTO,"(916) 399-5922",9,For-Profit,12/19/2014
751614,"ARARAT HOSPICE CARE, INC","3535 SAN DIMAS ST., STE 12",-,BAKERSFIELD,CA,93301,KERN,"(661) 444-0871",9,For-Profit,03/16/2015
751615,"R C HOSPICE CARE, INC","10850 GOLD CENTER DR.","SUITE 100","RANCHO CORDOVA",CA,95670,SACRAMENTO,"(916) 858-1440",9,For-Profit,02/25/2015
751616,"LIFEGUARD HOSPICE CARE, INC","6700 KOLL CENTER PARKWAY, #115",-,PLEASANTON,CA,94566,ALAMEDA,"(925) 226-7185",9,For-Profit,04/29/2015
751619,"HOLY CROSS HOSPICE, INC","28 N OAK AVE, SUITE 201",-,PASADENA,CA,91107,"LOS ANGELES","(626) 283-6588",9,For-Profit,05/06/2014
751620,"EMBRACE HEALTHCARE","4511 DENNY AVE",-,"N HOLLYWOOD",CA,91602,"LOS ANGELES","(818) 824-5655",9,For-Profit,12/02/2014
751621,"GENTLE TOUCH HOSPICE CARE, INC","6338 COLDWATER CANYON AVE",-,"NORTH HOLLYWOOD",CA,91606,"LOS ANGELES","(818) 408-8009",9,For-Profit,07/31/2014
751624,"PEOPLE'S CARE HOSPICE, INC","12611 HIDDENCREEK WAY SUITE K",-,CERRITOS,CA,90703,"LOS ANGELES","(909) 203-7999",9,For-Profit,03/13/2014
751625,"PROVIDENCE HOSPICE INLAND EMPIRE","8560 VINEYARD AVE, SUITE 516",-,"RANCHO CUCAMONGA",CA,91730,"SAN BERNARDINO","(909) 527-4392",9,Non-Profit,02/25/2015
751626,"CONTINUUM CARE HOSPICE LLC","1001 GALAXY WAY, STE 206",-,CONCORD,CA,94520,"CONTRA COSTA","(510) 560-2012",9,Other,06/29/2015
751627,"HOSPICE OF ST. CLARE, INC","144 N GLENDALE AVE, SUITE #303",-,GLENDALE,CA,91206,"LOS ANGELES","(818) 508-8500",9,For-Profit,11/07/2014
751628,"CB HOMECARE HOSPICE","512 EAST WILSON AVE, SUITE 204",-,GLENDALE,CA,91206,"LOS ANGELES","(818) 241-5910",9,For-Profit,09/15/2014
751632,"ALDEN HOSPICE","1061 WEST AVENUE M14, SUITE D",-,PALMDALE,CA,93551,"LOS ANGELES","(661) 272-0001",9,For-Profit,09/17/2014
751633,"EXCELLENCE HOSPICE PROVIDERS INC","11760 CENTRAL AVENUE SUITE 201",-,CHINO,CA,91710,"SAN BERNARDINO","(909) 590-0348",9,For-Profit,04/21/2015
751634,"ART OF HOSPICE CARE, INC","7710 BALBOA AVENUE, SUITE 329",-,"SAN DIEGO",CA,92111,"SAN DIEGO","(619) 756-7096",9,For-Profit,07/01/2015
751635,"MONZONE'S HOSPICE CARE LLC","4959 PALO VERDE STREET SUITE 200A",-,MONTCLAIR,CA,91763,"SAN BERNARDINO","(909) 624-5146",9,For-Profit,01/21/2015
751636,"INFINITY CARE SERVICES HOSPICE","1325 N CENTER STREET, SUITE 2B",-,STOCKTON,CA,95202,"SAN JOAQUIN","(800) 294-1461",9,For-Profit,04/27/2015
751637,"24/7 CARE AT HOME - HOSPICE","8291 WESTMINSTER BLVD, SUITE 250B",-,WESTMINSTER,CA,92683,ORANGE,"(714) 464-7777",9,For-Profit,02/13/2015
751639,"NEW HORIZON HOSPICE, INC","1012 EAST COLORADO ST, SUITE 290",-,GLENDALE,CA,91205,"LOS ANGELES","(818) 244-5360",9,For-Profit,01/27/2015
751640,"SANCTUARY HOSPICE","2677 N MAIN ST SUITE 110",-,"SANTA ANA",CA,92705,ORANGE,"(657) 232-1139",9,Non-Profit,12/22/2014
751641,"SALUS HOSPICE","630 ROOSEVELT, SUITE B",-,IRVINE,CA,92620,ORANGE,"(949) 390-7308",9,For-Profit,04/22/2015
751644,"WITH GRACE HOSPICE AND PALLIATIVE CARE","4075 EVERGREEN VILLAGE SQUARE, SUITE 210",-,"SAN JOSE",CA,95135,"SANTA CLARA","(408) 649-6712",9,For-Profit,06/15/2015
751645,"ST FRANCIS PALLIATIVE CARE","700 N BRAND BLVD SUITE 570",-,GLENDALE,CA,91203,"LOS ANGELES","(818) 790-8888",9,For-Profit,10/28/2014
751647,"PREMIER HOSPICE & HOME CARE","23300 CINEMA DR SUITE 285",-,VALENCIA,CA,91355,"LOS ANGELES","(800) 862-8421",9,For-Profit,01/14/2015
751648,"HOLY CARE HOSPICE, INC","13758 VICTORY BLVD, SUITE 200",-,"VAN NUYS",CA,91401,"LOS ANGELES","(818) 786-1600",9,For-Profit,01/31/2015
751649,"AASTA HOSPICE","19350 BUSINESS CENTER DR SUITE 112",-,NORTHRIDGE,CA,91324,"LOS ANGELES","(818) 701-0701",9,For-Profit,03/16/2015
751651,"LIGHT DAYS HOSPICE, INC","225 E BROADWAY SUITE 204",-,GLENDALE,CA,91205,"LOS ANGELES","(818) 240-8875",9,For-Profit,01/02/2015
751652,"COMFORTING CARE SERVICES","4766 PARK GRANADA SUITE 209",-,CALABASAS,CA,91302,"LOS ANGELES","(818) 781-8111",9,For-Profit,12/20/2014
751654,"NOVA HOME HOSPICE INC","1551 WEST 13TH STREET SUITE 104",-,UPLAND,CA,91786,"SAN BERNARDINO","(909) 946-1213",9,For-Profit,06/22/2015
751655,"WELLHOUSE CARE INC","11354 MOUNTAIN VIEW SUITE D",-,"LOMA LINDA",CA,92354,"SAN BERNARDINO","(909) 796-4270",9,For-Profit,05/20/2015
751656,"ALTA LOMA HOSPICE, INC","337 N. VINEYARD AVE. SUITE 316",-,ONTARIO,CA,91764,"SAN BERNARDINO","(818) 676-9695",9,For-Profit,01/12/2015
751657,"ETERNALLY YOURS HOSPICE, INC.","2550 EAST AMAR RD  STE A1-G",-,"WEST COVINA",CA,91792,"LOS ANGELES","(626) 965-4200",9,For-Profit,12/20/2014
751659,"GOLDEN OAKS HOSPICE, INC.","21021 DEVONSHIRE ST SUITE 108",-,CHATSWORTH,CA,91311,"LOS ANGELES","(818) 701-7141",9,For-Profit,02/23/2015
751661,"VICTORIA ONE HOSPICE, INC","510 EAST FOOTHILL BLVD, SUITE 106",-,"SAN DIMAS",CA,91773,"LOS ANGELES","(909) 599-0055",9,For-Profit,07/01/2014
751662,"LONGEVITY HOSPICE, INC","8781 VAN NUYS BLVD",-,"PANORAMA CITY",CA,91402,"LOS ANGELES","(818) 313-9011",9,For-Profit,02/12/2015
751663,"GLOBAL HOSPICE CARE","3510 TORRANCE BLVD, STE 215",-,TORRANCE,CA,90503,"LOS ANGELES","(310) 543-7700",9,For-Profit,03/02/2015
751664,"BRISTOL HOSPICE - REDDING","415 KNOLLCREST DR","STE 140",REDDING,CA,96002,SHASTA,"(855) 472-3892",9,For-Profit,06/01/2015
751668,"PREMIER HOSPICE, INC.","19355 BUSINESS CENTER DR",-,NORTHRIDGE,CA,91324,"LOS ANGELES","(800) 775-6522",9,For-Profit,04/14/2015
751669,"TRUSTED HOSPICE CARE, INC","310 E ROWLAND ST",-,COVINA,CA,91723,"LOS ANGELES","(714) 817-6948",9,For-Profit,04/13/2015
751672,"BONITA SPRINGS HOSPICE CARE LLC","8545 MONTEREY ROAD, SUITE B",-,GILROY,CA,95020,"SANTA CLARA","(408) 848-1114",9,For-Profit,10/10/2015
751673,"GOOD HEART HOSPICE & PALLIATIVE CARE SIMI VALLEY","2139 TAPO STREET, SUITE 212",-,"SIMI VALLEY",CA,93063,VENTURA,"(805) 522-5506",9,For-Profit,08/04/2015
751674,"BEST GOLDEN CARE HOSPICE, INC","11745 EDINGER AVENUE",-,"FOUNTAIN VALLEY",CA,92708,ORANGE,"(714) 880-2672",9,For-Profit,04/10/2015
751675,"MAKA HOSPICE, INC","7120 HAYVENHURST AVENUE, SUITE 112",-,"VAN NUYS",CA,91405,"LOS ANGELES","(818) 786-0035",9,For-Profit,04/02/2015
751677,"GUARDIAN ANGEL HOSPICE, INC","980 ENCHANTED WAY, SUITE #210",-,"SIMI VALLEY",CA,93065,VENTURA,"(805) 500-8079",9,For-Profit,08/17/2015
751680,"ANGEL OF GOD HOSPICE AND PALLIATIVE CARE INC","266 MOBIL AVENUE, STE # 203,",-,CAMARILLO,CA,93010,VENTURA,"(805) 358-5118",9,For-Profit,07/16/2015
751682,"COMMUNITY PROFESSIONAL HOSPICE CARE, LLC","1807 W GLENOAKS BLVD STE 205",-,GLENDALE,CA,91201,"LOS ANGELES","(818) 781-1916",9,For-Profit,04/25/2015
751683,"VALLEY CREST HOSPICE, INC","18531 ROSCOE BLVD #208",-,NORTHRIDGE,CA,91324,"LOS ANGELES","(818) 435-4308",9,For-Profit,06/30/2015
751684,"TRIUNION HEALTHCARE","6350 LAUREL CANYON BOULEVARD, SUITE 207",-,"N HOLLYWOOD",CA,91606,"LOS ANGELES","(818) 654-5377",9,For-Profit,07/22/2015
751685,"STARLINE HOSPICE, INC","3053 W OLYMPIC BLVD SUITE 207A",-,"LOS ANGELES",CA,90006,"LOS ANGELES","(213) 674-7555",9,For-Profit,05/04/2015
751687,"ST MARY'S HOSPICE SERVICES, INC","3180 E SHIELDS AVE",-,FRESNO,CA,93726,FRESNO,"(559) 222-1291",9,For-Profit,05/28/2015
751688,"IVY HOSPICE CARE, INC","545 N MOUNTAIN AVE SUITE 101",-,UPLAND,CA,91786,"SAN BERNARDINO","(909) 931-5090",9,For-Profit,07/29/2015
751689,"AMAVI HOME HEALTH AND HOSPICE CARE SERVICES, INC","131 SAND CREEK ROAD, UNIT K",-,BRENTWOOD,CA,94513,"CONTRA COSTA","(925) 684-7979",9,For-Profit,09/19/2015
751690,"BRISTOL HOSPICE - INLAND VALLEY LLC","1520 N MOUNTAIN AVE.","BLDG E, SUITE 206",ONTARIO,CA,91762,"SAN BERNARDINO","(909) 256-3245",9,For-Profit,07/28/2015
751692,"LIVING WATERS HOSPICE","22300 VAN BUREN BLVD SUITE 102",-,RIVERSIDE,CA,92518,RIVERSIDE,"(909) 464-1205",9,For-Profit,07/08/2015
751693,"AGAPE HOSPICE & PALLIATIVE CARE LLC","23001 HAWTHORNE BLVD SUITE 200",-,TORRANCE,CA,90505,"LOS ANGELES","(213) 234-5535",9,Other,09/08/2015
751694,"CARE UNLIMITED HOSPICE SERVICES, INC.","1025 W ARROW HWY, STE 104",-,GLENDORA,CA,91740,"LOS ANGELES","(626) 966-3050",9,For-Profit,05/14/2015
751695,"INLAND HOSPICE CARE","5750 DIVISION STREET, SUITE 206",-,RIVERSIDE,CA,92506,RIVERSIDE,"(951) 787-8903",9,For-Profit,08/03/2015
751698,"RIVER VALLEY HOSPICE","149350 UKIAH TRAIL SUITE 103",-,"BIG RIVER",CA,92242,"SAN BERNARDINO","(636) 438-8581",9,For-Profit,06/30/2015
751700,"CROSSROADS HOSPICE VALLEJO","127 HOSPITAL DRIVE, SUITE 202 A",-,VALLEJO,CA,94589,SOLANO,"(707) 554-4003",9,For-Profit,09/04/2015
751702,"ALLIED CARE HOSPICE, INC","8220 KATELLA AVE.","SUITE 210",STANTON,CA,90680,ORANGE,"(909) 289-6246",9,For-Profit,09/29/2015
751704,"CAREWISE HOSPICE, INC","913 WEST 7TH STREET",-,OXNARD,CA,93030,VENTURA,"(805) 823-4144",9,For-Profit,10/02/2015
751705,"UNI CARE HOSPICE INC","1510 SOUTH ESCONDIDO BLVD, SUITE 104",-,ESCONDIDO,CA,92025,"SAN DIEGO","(760) 566-3345",9,Other,10/26/2015
751706,"SALUTE HOSPICE INC.","25835 NARBONNE AVE SUITE 280-C",-,LOMITA,CA,90717,"LOS ANGELES","(818) 638-8522",9,For-Profit,06/19/2015
751707,"BVA HOSPICE CARE, INC","315 ARDEN AVE SUITE 25",-,GLENDALE,CA,91203,"LOS ANGELES","(818) 550-9950",9,For-Profit,06/18/2015
751709,"THE AMBIENT HOSPICE INC","6350 LAUREL CANYON BLVD. SUITE 330",-,"NORTH HOLLYWOOD",CA,91606,"LOS ANGELES","(818) 355-5657",9,For-Profit,06/24/2015
751711,"ST. ARSENIUS HOSPICE CARE, INC","424 N LAKE AVE, STE 204",-,PASADENA,CA,91101,"LOS ANGELES","(626) 795-5705",9,For-Profit,05/29/2015
751713,"BEAR VALLEY HOSPICE LLC","909 W BIG BEAR BLVD.",-,"BIG BEAR CITY",CA,92314,"SAN BERNARDINO","(909) 281-2550",9,For-Profit,08/25/2015
751714,"BELLA TERRA HOSPICE OF THE DESERT","75410 GERALD FORD DRIVE","SUITE 202","PALM DESERT",CA,92211,RIVERSIDE,"(760) 904-6070",9,For-Profit,07/13/2015
751716,"UNIVERSAL HOSPICE, INC","151 N SAN VICENTE BLVD, SUITE 209",-,"BEVERLY HILLS",CA,90211,"LOS ANGELES","(323) 655-6444",9,For-Profit,07/28/2015
751718,"WESTERN CARE HOSPICE, INC.","14545 VICTORY BLVD., SUITE. 505",-,"VAN NUYS",CA,91411,"LOS ANGELES","(818) 983-2412",9,For-Profit,06/19/2015
751720,"CARING LOVE HOSPICE INC","10324 BALBOA BLVD SUITE 105",-,"GRANADA HILLS",CA,91344,"LOS ANGELES","(818) 646-1466",9,For-Profit,08/18/2015
751721,"RELIANCE HOSPICE SERVICES, INC","601 S BRAND BLVD SUITE 311",-,"SAN FERNANDO",CA,91340,ALAMEDA,"(818) 962-0321",9,For-Profit,06/01/2015
751723,"UNIQUE HOSPICE AND PALLIATIVE CARE, INC.","711 W. CAMINO REAL AVE #205",-,ARCADIA,CA,91007,"LOS ANGELES","(626) 335-7077",9,For-Profit,06/10/2015
751724,"A & E HOSPICE CARE, INC.","2920 W OLIVE AVE, SUITE 214",-,BURBANK,CA,91505,"LOS ANGELES","(818) 861-7293",9,For-Profit,07/07/2015
751725,"TRI VALLEY HOSPICE CARE, INC","10120 CANOGA AVE, STE 100",-,CHATSWORTH,CA,91311,"LOS ANGELES","(818) 773-0122",9,For-Profit,07/31/2015
751727,"REVIVE HOSPICE CARE GROUP, INC.","3430 OCEAN VIEW BLVD UNIT F",-,GLENDALE,CA,91208,"LOS ANGELES","(818) 909-3444",9,For-Profit,08/19/2015
751728,"HOSPICE OF THE SOUTH COAST LLC","10251 VISTA SORRENTO PARKWAY, SUITE 270",-,"SAN DIEGO",CA,92121,"SAN DIEGO","(858) 230-8935",9,Other,11/19/2015
751729,"COMMUNITY CARE AND HOSPICE, LLC","4000 CALLE TECATE, SUITE 114",-,CAMARILLO,CA,93012,VENTURA,"(805) 667-8558",9,For-Profit,11/17/2015
751730,"ANGEL OF JOY HOSPICE","4702 BROOKS STREET",-,MONTCLAIR,CA,91763,"SAN BERNARDINO","(909) 626-3137",9,For-Profit,01/14/2016
751731,"ANGEL'S HAND HOSPICE CARE, INC","2501 W. BURBANK BLVD SUITE 310",-,BURBANK,CA,91505,"LOS ANGELES","(909) 327-2332",9,For-Profit,12/22/2015
751732,"BEACON HOSPICE CARE","221 W F STREET",-,ONTARIO,CA,91762,"SAN BERNARDINO","(909) 608-7555",9,For-Profit,11/12/2015
751733,"GOLDEN ANGEL HOSPICE INC","280 N BENSON AVENUE SUITE 11",-,UPLAND,CA,91786,"SAN BERNARDINO","(909) 982-2233",9,For-Profit,01/25/2016
751734,"BRISTOL HOSPICE - SAN DIEGO","8765 AERO DRIVE, SUITE 226",-,"SAN DIEGO",CA,92123,"SAN DIEGO","(888) 976-0396",9,For-Profit,02/12/2016
751735,"FREEDOM HOME HEALTH AND HOSPICE CARE SERVICES, INC","519 D STREET, SUITE B",-,MARYSVILLE,CA,95901,YUBA,"(530) 844-2755",9,For-Profit,10/21/2015
751736,"RITE CARE HOSPICE, INC","2607 COLORADO BLVD., SUITE 109",-,"EAGLE ROCK",CA,90041,"LOS ANGELES","(818) 766-8000",9,For-Profit,09/13/2015
751737,"SUPERIOR CARE HOSPICE, INC","11755 VICTORY BLVD, SUITE 103",-,"N HOLLYWOOD",CA,91606,"LOS ANGELES","(818) 691-3346",9,For-Profit,06/22/2015
751738,"MARY, QUEEN OF ANGELS HOSPICE","10990 WARNER AVE, UNIT E",-,"FOUNTAIN VALLEY",CA,92708,ORANGE,"(657) 204-9419",9,For-Profit,09/25/2015
751739,"FELLOWSHIP HOSPICE SERVICES INC","520 N BROOKHURST ST SUITE 214",-,ANAHEIM,CA,92801,ORANGE,"(818) 324-9185",9,For-Profit,10/02/2015
751741,"EMPIRE HOSPICE CARE, INC","13701 RIVERSIDE DRIVE # 512",-,"SHERMAN OAKS",CA,91423,"LOS ANGELES","(323) 522-6023",9,For-Profit,10/21/2015
751743,"VALLEY VIEW HOSPICE, INC","15477 VENTURA BLVD, SUITE 201",-,"SHERMAN OAKS",CA,91403,"LOS ANGELES","(818) 385-1682",9,For-Profit,09/01/2015
751745,"SILVER YEARS HEALTHCARE, INC","6930 OWNESMOUTH AVE SUITE 201",-,"CANOGA PARK",CA,91303,"LOS ANGELES","(818) 341-9956",9,For-Profit,07/27/2015
751748,"GRAND TERRACE HOSPICE","22365 BARTON RD","SUITE 304","GRAND TERRACE",CA,92313,"SAN BERNARDINO","(323) 440-4647",9,For-Profit,12/24/2015
751749,"BLENDSHIP, INC","222 N. MOUNTAIN AVE. SUITE 209",-,UPLAND,CA,91786,"SAN BERNARDINO","(909) 920-9400",9,For-Profit,02/04/2016
751750,"ARDENT HOSPICE OF FRESNO","2040 N WINERY AVE, SUITE 102",-,FRESNO,CA,93703,FRESNO,"(559) 408-5945",9,For-Profit,12/18/2015
751752,"PRIDE HOSPICE CARE, INC","3033 N AVON ST SUITE B",-,BURBANK,CA,91504,"LOS ANGELES","(818) 333-5876",9,For-Profit,12/15/2015
751753,"ANTHEM HOSPICE PROVIDERS INC","850 VIA LATA SUITE 118",-,COLTON,CA,92324,"SAN BERNARDINO","(909) 367-2578",9,For-Profit,03/24/2016
751754,"HOSPICE OF IE AND OC","22365 BARTON ROAD SUITE 100",-,"GRAND TERRACE",CA,92313,"SAN BERNARDINO","(909) 800-3972",9,For-Profit,02/26/2016
751756,"A-1 HOSPICE CARE INC","217 E ALAMEDA AVENUE SUITE 306",-,BURBANK,CA,91502,"LOS ANGELES","(818) 602-2700",9,For-Profit,09/29/2015
751759,"CARE CONNECTION HOSPICE","805 EAST BROADWAY, SUITE F",-,GLENDALE,CA,91205,"LOS ANGELES","(818) 244-5667",9,For-Profit,01/24/2016
751760,"MIRACLE MILE HOSPICE CARE, INC","5670 WILSHIRE BLVD SUITE 1600A",-,"LOS ANGELES",CA,90036,"LOS ANGELES","(323) 951-0880",9,For-Profit,12/07/2015
751764,"ANGELINO HOSPICE CARE, INC","444 IRVING DR SUITE 102",-,BURBANK,CA,91504,"LOS ANGELES","(818) 988-9397",9,For-Profit,01/28/2016
751766,"RED HEARTS HOSPICE, INC.","236 S. ATLANTIC BLVD SUITE 130",-,"LOS ANGELES",CA,90022,"LOS ANGELES","(818) 764-4665",9,For-Profit,03/15/2016
751770,"ST ELIZABETH HOSPICE CARE, INC","3829 E SIERRA MADRE BLVD",-,PASADENA,CA,91107,"LOS ANGELES","(626) 510-6770",9,For-Profit,01/16/2016
751775,"CALIFORNIA'S BEST HOSPICE SERVICES, INC","2495 E ORANGETHORPE AVE STE 100",-,FULLERTON,CA,92831,ORANGE,"(714) 991-0909",9,For-Profit,01/28/2016
751777,"ST VINCENT HOSPICE SERVICES, INC","420 S ROSEMEAD BLVD, SUITE D & E",-,PASADENA,CA,91107,"LOS ANGELES","(626) 796-1922",9,For-Profit,03/05/2016
751778,"URBAN HOSPICE CARE, INC","2161 COLORADO BLVD, SUITE 206",-,"LOS ANGELES",CA,90041,"LOS ANGELES","(323) 255-8030",9,For-Profit,04/13/2016
751783,"SUPREME HOSPICE AND PALLIATIVE CARE","28312 CONSTELLATION ROAD SUITE B",-,VALENCIA,CA,91355,"LOS ANGELES","(661) 254-2206",9,For-Profit,01/19/2016
751785,"LIFECARE SOLUTIONS PALLIATIVE AND HOSPICE","7567 AMADOR VALLEY BLVD.","SUITE 101",DUBLIN,CA,94568,ALAMEDA,"(510) 573-2523",9,For-Profit,08/16/2016
751786,"PARAMOUNT HOSPICE","11838 BERNARDO PLAZA COURT, SUITE 260B",-,"SAN DIEGO",CA,92128,"SAN DIEGO","(858) 487-8778",9,Other,06/10/2016
751787,"1ST CHOICE HOSPICE CARE","22320 FOOTHILL BLVD.","SUITE 605",HAYWARD,CA,94541,ALAMEDA,"(650) 393-5936",9,For-Profit,07/07/2016
751789,"ST CARMEN HEALTH PROVIDERS, INC","2030 E ROUTE 66, SUITE 200",-,GLENDORA,CA,91740,"LOS ANGELES","(626) 335-2167",9,For-Profit,10/19/2015
751790,"SUNNY DAYS HOSPICE CARE INC.","600 W, BROADWAY SUITE 260",-,GLENDALE,CA,91204,"LOS ANGELES","(818) 646-1100",9,For-Profit,02/27/2016
751791,"ST. MARY'S HOSPICE, INC","809 S LEMON AVE",-,"DIAMOND BAR",CA,91789,"LOS ANGELES","(626) 858-6100",9,For-Profit,04/20/2016
751792,"AMA HOSPICE AND PALLIATIVE CARE, INC","6314 VAN NUYS BLVD, SUITE 222",-,"VAN NUYS",CA,91401,"LOS ANGELES","(818) 988-9002",9,For-Profit,03/21/2016
751794,"CARING LIKE FAMILY HOSPICE","4223 GLENCOE AVE SUITE B - 109",-,"MARINA DEL REY",CA,90292,"LOS ANGELES","(310) 574-5950",9,For-Profit,04/12/2016
751795,"LOS ROBLES HEALTHCARE","590 MARIN ST, SUITE 233",-,"THOUSAND OAKS",CA,91360,ORANGE,"(805) 777-7234",9,For-Profit,04/20/2016
751797,"FAMILY FIRST HOSPICE, INC","15317 PARAMOUNT BLVD SUITE 205",-,PARAMOUNT,CA,90723,"LOS ANGELES","(562) 630-2300",9,For-Profit,06/15/2016
751798,"GOLDSTAR HOSPICE, INC","4629 VAN NUYS BLVD SUITE G",-,"SHERMAN OAKS",CA,91403,"LOS ANGELES","(818) 759-4922",9,For-Profit,05/19/2016
751799,"OASIS HAVEN HOSPICE, INC","2081 BUSINESS CENTER DR","SUITE 218",IRVINE,CA,92612,ORANGE,"(949) 290-6907",9,For-Profit,05/23/2016
851500,"SERENITY BAY HOSPICE","2398 LENORA CHURCH ROAD, SUITE 103",-,SNELLVILLE,GA,30078,GWINNETT,"(770) 355-7778",4,For-Profit,03/04/2019
851501,"FAMILY HOSPICE","714 SOUTH THORNTON AVENUE, SUITE B",-,DALTON,GA,30720,WHITFIELD,"(706) 217-5912",4,For-Profit,04/19/2018
851503,"GEORGIA HOSPICE CARE","1101 FOUNTAIN PARK CR",-,BRUNSWICK,GA,31520,GLYNN,"(912) 574-7833",4,For-Profit,10/02/2018
851504,"ETERNAL FAITH HOSPICE AND PALLIATIVE CARE","126 S ACCESS ROAD",-,CHULA,GA,31733,TIFT,"(229) 520-3052",4,For-Profit,11/27/2018
851505,"PEACEFUL PURPOSE HOSPICE OF GEORGIA, LLC","106A N JEFFERSON AVENUE",-,EATONTON,GA,31024,PUTNAM,"(404) 435-0085",4,For-Profit,04/09/2019
851506,"HOSPICE SERVICES OF GA LLC","3744 WALTON WAY EXT, SUITE C,",-,AUGUSTA,GA,30907,RICHMOND,"(706) 364-1933",4,For-Profit,02/21/2019
851507,"HANDS OF GRACE HOSPICE","119 DAVIS ROAD SUITE 11A",-,AUGUSTA,GA,30907,COLUMBIA,"(706) 229-8786",4,For-Profit,02/28/2019
851509,"ADORATION HOSPICE","575 PROFESSIONAL DRIVE, SUITE 165",-,LAWRENCEVILLE,GA,30046,GWINNETT,"(678) 583-0717",4,For-Profit,07/23/2019
851510,"GEORGIA HOSPICE CARE","2000 RIVERSIDE PARKWAY, SUITE 102",-,LAWRENCEVILLE,GA,30043,GWINNETT,"(770) 302-2251",4,For-Profit,05/30/2019
851511,"TRINITY HOSPICE CARE OF GA","3660 CEDARCREST ROAD SUITE 120",-,ACWORTH,GA,30101,PAULDING,"(770) 599-2477",4,For-Profit,07/17/2019
851512,"INSPIRE HOSPICE AND PALLIATIVE CARE, INC","6650 SUGARLOAF PARKWAY, STE 800",-,DULUTH,GA,30097,GWINNETT,"(404) 921-3341",4,For-Profit,07/22/2019
851513,"PROHEALTH HOSPICE-GEORGIA, LLC","5820 VETERANS PARKWAY SUITE 109",-,COLUMBUS,GA,31904,MUSCOGEE,"(706) 324-7763",4,For-Profit,08/08/2019
851514,"AFFINIS HOSPICE, LLC","300 WEST CLINTON STREET, SUITE I",-,GRAY,GA,31032,JONES,"(478) 936-8959",4,For-Profit,09/04/2019
851517,"AGAPE HOSPICE CARE OF CHEROKEE COUNTY, LLC","100 LONDONDERRY COURT STE 120",-,WOODSTOCK,GA,30188,CHEROKEE,"(404) 763-1456",4,For-Profit,12/05/2019
851518,"AFFINIS HOSPICE, LLC","2320 DOUBLE CHURCHES RD",-,COLUMBUS,GA,31909,MUSCOGEE,"(706) 940-6012",4,Non-Profit,11/13/2019
851520,"YOUR FAMILY HOSPICE, LLC","229 WEST GENERAL SCREVEN WAY SUITE E",-,HINESVILLE,GA,31313,LIBERTY,"(912) 332-7969",4,For-Profit,01/03/2020
851521,"FAMILY HOSPICE","1550 TIMOTHY RD, SUITE 203",-,ATHENS,GA,30606,CLARKE,"(800) 410-4663",4,For-Profit,01/28/2020
851522,"OLIVE BRANCH HOSPICE LLC","2302 PARKLAKE DRIVE, SUITE 210",-,ATLANTA,GA,30345,DEKALB,"(516) 710-4686",4,For-Profit,05/07/2020
851525,"GEORGIA HOSPICE CARE","7130 HODGSON MEMORIAL DRIVE, SUITE 201",-,SAVANNAH,GA,31406,CHATHAM,"(912) 355-0000",4,For-Profit,05/04/2020
851526,"CORNERSTONE HOSPICE & PALLIATIVE CARE OF GEORGIA","1225 JOHNSON FERRY ROAD, BLDG 100, SUITE 160",-,MARIETTA,GA,30068,COBB,"(352) 343-1341",4,Non-Profit,05/04/2020
851527,"SUNCARE HOSPICE, LLC","804 TOWNE PARK DR, STE 200",-,RINCON,GA,31326,EFFINGHAM,"(912) 800-9288",4,For-Profit,05/04/2020
851528,"LIGHTHOUSE COMMUNITY HOSPICE, THE","1029 MERREDITH PARK DRIVE",-,MCDONOUGH,GA,30253,HENRY,"(678) 759-1960",4,For-Profit,06/17/2020
851529,"PASSIONATE CARE HOSPICE AND PALLIATIVE CARE, LLC","2272 AZALEA DRIVE SUITE A",-,LAWRENCEVILLE,GA,30043,GWINNETT,"(770) 680-4340",4,For-Profit,06/22/2020
851531,"HEARTH HOSPICE OF BRUNSWICK, LLC","1111 GLYNCO PKWY, SUITE 210",-,BRUNSWICK,GA,31525,GLYNN,"(912) 574-5882",4,Other,06/24/2020
851532,"SOUTHERN COMFORT HOSPICE, LLC","100 CRESCENT CENTRE PKWY, SUITE 395",-,TUCKER,GA,30084,DEKALB,"(470) 354-3231",4,For-Profit,07/14/2020
851533,"AJOY HEALTHCARE","1111 ALDERMAN DR, SUITE 240",-,ALPHARETTA,GA,30004,FULTON,"(678) 722-5513",4,For-Profit,07/15/2020
851534,"HEART 2 HEART HOSPICE, INC","2330 SCENIC HIGHWAY SOUTH, SUITE 103",-,SNELLVILLE,GA,30078,GWINNETT,"(678) 252-2149",4,For-Profit,08/20/2020
851535,"WILLOWBROOK HOSPICE, LLC","162 W MAIN STREET, SUITE 306",-,CARTERSVILLE,GA,30120,BARTOW,"(470) 315-4728",4,For-Profit,08/19/2020
851536,"LEGACY HOSPICE, LLC","4153 FLAT SHOALS PARKWAY, BUILDING C, SUITE 312D",-,DECATUR,GA,30030,DEKALB,"(404) 683-9844",4,For-Profit,09/01/2020
851539,"CIRCLE OF HOPE HOSPICE","5845 LIVE OAK PKWY STE A",-,NORCROSS,GA,30093,GWINNETT,"(678) 691-9773",4,For-Profit,11/24/2020
851540,"CARITAS HOSPICE CARE","800 OLD DAWSON VILLAGE ROAD UNIT 20",-,DAWSONVILLE,GA,30534,DAWSON,"(678) 239-1851",4,For-Profit,02/26/2021
851541,"ENNOBLE CARE","50 GLENLAKE PARKWAY, SUITE 420",-,"SANDY SPRINGS",GA,30328,FULTON,"(404) 595-2210",4,For-Profit,04/09/2021
851542,"COASTAL HOSPICE OF GEORGIA","106 SHOPPERS WAY, SUITE 111",-,BRUNSWICK,GA,31525,GLYNN,"(912) 434-9810",4,Other,03/29/2021
851543,"GEORGIA COMMUNITY HOSPICE","245 COUNTRY CLUB DRIVE STE 100 C",-,STOCKBRIDGE,GA,30281,HENRY,"(470) 268-8150",4,For-Profit,05/12/2021
851544,"LOTUS BLOSSOM HOSPICE AND PALLIATIVE CARE, LLC","6065 ROSWELL RD NE, SUITE 510",-,"SANDY SPRINGS",GA,30328,FULTON,"(404) 386-2005",4,For-Profit,04/28/2021
851545,"BLUE SUMMIT HOSPICE AND PALLIATIVE CARE, INC","2151 FOUNTAIN DRIVE SUITE 306",-,SNELLVILLE,GA,30078,GWINNETT,"(678) 333-7880",4,For-Profit,05/21/2021
851546,"AUTUMN VIEW HOSPICE, LLC","1350 SCENIC HWY STE 266",-,SNELLVILLE,GA,30078,GWINNETT,"(470) 475-5756",4,For-Profit,07/07/2021
851547,"TAPESTRY HOSPICE OF FORT OGLETHORPE, LLC","3616 ATLANTA HWY, UNIT 600",-,"FLOWERY BRANCH",GA,30542,HALL,"(706) 383-8812",4,For-Profit,08/24/2021
851548,"GUIDING LIGHT HOSPICE","157 BURKE ST SUITE 110",-,STOCKBRIDGE,GA,30281,HENRY,"(470) 507-4822",4,For-Profit,08/04/2021
851549,"TROPICAL HEALTH HOSPICE OF GEORGIA","2795 MAIN STREET WEST, SUITE 26A",-,SNELLVILLE,GA,30078,GWINNETT,"(678) 448-2853",4,For-Profit,08/24/2021
851550,"FAMILY HOSPICE","4562 FORSYTH ROAD, SUITE 4",-,MACON,GA,31210,BIBB,"(800) 410-4663",4,For-Profit,10/13/2021
851551,"CHAMPION HOSPICE INC","2365 WALL STREET SUITE 210",-,CONYERS,GA,30013,NEWTON,"(470) 374-8426",4,For-Profit,10/15/2021
851552,"FAMILY FIRST HOSPICE & PALLIATIVE CARE LLC","483 INDIAN TRIAL-LILBURN RD NW","SUITE 2F",LILBURN,GA,30047,GWINNETT,"(404) 870-3563",4,For-Profit,11/23/2021
851553,"AVION PALLIATIVE & HOSPICE CARE, LLC","333 SANDY SPRINGS CIRCLE STE 120",-,"SANDY SPRINGS",GA,30328,FULTON,"(770) 852-8757",4,For-Profit,11/24/2021
851555,"1ST CARE PALLIATIVE AND HOSPICE SERVICES","1399 MONTREAL ROAD STE 202",-,TUCKER,GA,30084,DEKALB,"(770) 696-1518",4,For-Profit,04/16/2022
851556,"AVEANNA HOSPICE","2825 BRECKINRIDGE BLVD STE 160B",-,DULUTH,GA,30096,GWINNETT,"(470) 464-8000",4,For-Profit,03/23/2022
851557,"GOLDENCARE HOSPICE AND PALLIATIVE CARE, LLC","1 GLENLAKE PKWY, SUITE 650",-,"SANDY SPRINGS",GA,30328,FULTON,"(855) 655-0500",4,,07/20/2022
851558,"FOGLIM HOSPICE, LLC","125 HABERSHAM DRIVE, UNIT C",-,FAYETTEVILLE,GA,30214,FAYETTE,"(770) 558-1647",4,,09/28/2022
851559,"DIVINE LIGHT HOSPICE","5750 BROOK HOLLOW PKWY, SUITE 104",-,NORCROSS,GA,30071,GWINNETT,"(470) 260-4227",4,,09/21/2022
851560,"BLUE RIDGE HOSPICE, INC","1558 MARIETTA HIGHWAY, SUITE 210",-,CANTON,GA,30114,CHEROKEE,"(470) 259-0444",4,,12/05/2022
851561,"DIGNITY HOSPICE AND HEALTHCARE, LLC","33 UPPER RIVERDALE RD SW, SUITE 19",-,RIVERDALE,GA,30274,GWINNETT,"(678) 908-8870",4,,12/07/2022
851562,"ADORATION HOSPICE","101 E CRAWFORD STREET, SUITE 300",-,DALTON,GA,30721,WHITFIELD,"(678) 583-0717",4,,09/26/2022
851563,"AGAPE HOSPICE CARE OF CLARKE COUNTY, LLC","1551 JENNINGS MILL RD, SUITE 2100A",-,WATKINSVILLE,GA,30607,CLARKE,"(404) 763-1456",4,,03/02/2022
851564,"ALLAY HOSPICE, INC","415 WEST HILL STREET, SUITE 2",-,THOMSON,GA,30824,MCDUFFIE,"(706) 595-9896",4,,09/28/2022
851565,"HILLCREST HOSPICE CARE, LLC","1059 GREEN STREET SE",-,CONYERS,GA,30012,ROCKDALE,"(770) 648-7966",4,,03/02/2023
851566,"DHARMA HOSPICE AND PALLIATIVE CARE, LLC","3688 CLEARVIEW AVE, SUITE 211",-,DORAVILLE,GA,30340,DEKALB,"(678) 629-3126",4,,01/25/2023
851567,"APPALACHIAN HOSPICE, LLC","1346 PAT HARALSON DRIVE",-,BLAIRSVILLE,GA,30512,UNION,"(706) 781-0924",4,,10/28/2022
851568,"SYMPATHYCARE HOSPICE, LLC","1801 OLD ALABAMA RD, STE 150",-,ROSWELL,GA,30076,FULTON,"(770) 818-6751",4,,02/21/2023
851569,"PROVIDENCE CARE","704 BREEDLOVE DRIVE SUITE A",-,MONROE,GA,30655,WALTON,"(470) 816-1600",4,,11/16/2022
851570,"ATL HOSPICE AND PALLIATIVE CARE","4482 COMMERCE DRIVE, STE 113,",-,BUFORD,GA,30518,GWINNETT,"(678) 353-8528",4,,02/15/2023
851571,"RADIANT HOSPICE & PALLIATIVE CARE, LLC","103 JONESBORO RD, SUITE B2",-,MCDONOUGH,GA,30253,HENRY,"(678) 729-8758",4,,05/24/2023
851572,"LADAHMA HOSPICE, LLC","1755 THE EXCHANGE SE, STE 360D",-,ATLANTA,GA,30339,COBB,"(770) 884-2724",4,,12/21/2022
851573,"PATHLIGHT HOSPICE","101 DEVANT STREET, SUITE 306",-,FAYETTEVILLE,GA,30214,FAYETTE,"(678) 545-4399",4,,06/28/2023
851574,"PIEDMONT HOSPICE & PALLIATIVE, INC","1031 CAMBRIDGE SQUARE, SUITE G",-,ALPHARETTA,GA,30009,FULTON,"(470) 895-0501",4,,05/18/2023
851575,"ATLANTA REGIONAL HOSPICE, LLC","5499 JONESBORO ROAD #B3",-,"LAKE CITY",GA,30260,CLAYTON,"(404) 547-2991",4,,06/22/2023
851576,"TRANSITION HOSPICE AND PALLIATIVE CARE","2302 PARKLAKE DRIVE, SUITE 635",-,ATLANTA,GA,30345,DEKALB,"(404) 621-8936",4,,07/06/2023
851577,"MERIT HOSPICE OF ATLANTA, LLC","300 W I PARKWAY, SUITE 208A",-,DALLAS,GA,30132,PAULDING,"(770) 843-4376",4,,03/23/2023
851578,"BLUE SUMMIT HOSPICE OF ROSWELL","11113 HOUZE ROAD, SUITE 100",-,ROSWELL,GA,30076,COBB,"(470) 365-2657",4,,07/06/2023
851579,"COURTLAND HOSPICE INC","3065 PEACHTREE INDUSTRIAL BLVD, SUITE 100 C",-,DULUTH,GA,30097,FULTON,"(773) 719-5566",4,,07/13/2023
851580,"REMARKABLE HOSPICE","912 BELLEVUE AVENUE",-,DUBLIN,GA,31021,LAURENS,"(770) 557-5704",4,,12/28/2022
851581,"VIRTUOUS HOSPICE CARE, LLC","1970 MAIN STREET EAST, SUITE B2",-,SNELLVILLE,GA,30078,GWINNETT,"(678) 293-8603",4,,08/30/2023
851582,"DIVINE GUARDIAN, LLC","2321 4TH STREET, SUITE 210",-,TUCKER,GA,30084,DEKALB,"(770) 837-0673",4,,09/26/2023
851583,"LENOX HOSPICE","5750 BROOK HOLLOW PARKWAY, STE 106",-,NORCROSS,GA,30071,GWINNETT,"(470) 777-0308",4,,10/11/2023
851584,"EMPYREAN HOSPICE OF GEORGIA, LLC-(ATHENS)","3722 ATLANTA HIGHWAY, SUITE 1",-,"ATHENS 706-229-6944",GA,30606,CLARKE,"(706) 229-6944",4,,10/12/2023
851585,"OASIS 1ST CARE HOSPICE","8309 OFFICE PARK DRIVE, SUITE A",-,DOUGLASVILLE,GA,30134,DOUGLAS,"(770) 757-3481",4,,09/26/2023
851586,"EMPYREAN HOSPICE OF GEORGIA, LLC-(AUGUSTA)","1212 AUGUSTA WEST PARKWAY, SUITE 201",-,AUGUSTA,GA,30909,RICHMOND,"(706) 842-7477",4,,11/15/2023
851587,"AFFINITY CARE OF GEORGIA, LLC","2751 BUFORD HIGHWAY NE, SUITE 285",-,ATLANTA,GA,30324,DEKALB,"(770) 525-5550",4,,11/22/2023
851588,"AMAZING GRACE HOSPICE CARE, LLC","119 SOUTH CANDLER STREET",-,"VILLA RICA",GA,30132,CARROLL,"(470) 474-9181",4,,01/24/2024
851589,"EMPYREAN HOSPICE OF GEORGIA, LLC-(COLUMBUS)","5771 VETERANS PARKWAY, SUITE B,",-,COLUMBUS,GA,31904,MUSCOGEE,"(706) 550-9596",4,,11/30/2023
851591,"APPALACHIAN HOSPICE & PALLIATIVE CARE","377 MOUNTAIN BLVD SOUTH, SUITE 102",-,JASPER,GA,30143,PICKENS,"(706) 253-4015",4,,03/25/2024
851592,"SPIRIT HOSPICE OF GEORGIA","1880 WEST OAK PARKWAY UNIT 104",-,MARIETTA,GA,30062,COBB,"(404) 551-4405",4,,05/08/2024
851593,"EMPYREAN HOSPICE OF GEORGIA, LLC-(ADEL)","108 S PINE STREET, SUITE 108",-,ADEL,GA,31620,COOK,"(229) 500-6250",4,,03/14/2024
851594,"ATLANTA HOSPICE LLC","2302 PARKLAKE DR NE, STE 534",-,ATLANTA,GA,30345,DEKALB,"(770) 903-4662",4,,01/03/2024
851595,"INTERIM HEALTHCARE HOSPICE OF ATLANTA","2675 PACES FERRY RD SE, SUITE 400,",-,ATLANTA,GA,30339,COBB,"(404) 424-9740",4,,02/21/2024
851596,"CENTRAL HOSPICE, LLC","6253 HWY 278,",-,COVINGTON,GA,30014,NEWTON,"(770) 564-9327",4,,10/24/2024
851597,"PRIMECARE HOSPICE & PALLIATIVE, INC","1735 IRWINTON ROAD, SUITE 1A",-,MILLEDGEVILLE,GA,31061,BALDWIN,"(478) 245-0670",4,,06/13/2024
851598,"ACARING HOSPICE, LLC","3950 COBB PARKWAY NW, SUITE 804",-,ACWORTH,GA,30101,COBB,"(678) 800-0050",4,,08/22/2024
851599,"GENERATIONS HOSPICE AND PALLIATIVE CARE LLC","2321 4TH STREET, STE 107",-,TUCKER,GA,30084,DEKALB,"(404) 386-2005",4,,09/10/2024
851600,"SAPPHIRE HOSPICE AND PALLIATIVE CARE, LLC","1315 MILSTEAD RD NE, SUITE 101",-,CONYERS,GA,30012,ROCKDALE,"(470) 217-8445",4,,07/29/2024
851601,"COMPLETE CHOICE HOSPICE, LLC","4171 MARIETTA STREET STE 100A",-,"POWDER SPRINGS",GA,30127,COBB,"(404) 914-4286",4,,11/07/2024
851602,"NORTH GWINNETT HOSPICE SERVICES, LLC","530 HIGHLAND STATION DR #3002",-,SUWANEE,GA,30024,GWINNETT,"(404) 819-6400",4,,12/30/2024
851603,"EMPYREAN HOSPICE OF GEORGIA, LLC-(BLAIRSVILLE)","63 PLOTTS STREET SUITE E",-,BLAIRSVILLE,GA,30512,UNION,"(706) 842-6122",4,,07/22/2024
851604,"A BRIDGE HOME, LLC","10 GEORGIA AVE",-,"CAVE SPRING",GA,30124,FLOYD,"(706) 262-7890",4,,05/28/2025
851605,"SEASONS CARE HOSPICE, LLC","2425 WALL STREET, SUITE 100",-,CONYERS,GA,30013,ROCKDALE,"(866) 957-7375",4,,05/29/2025
851606,"JANUS HOSPICE LLC","5750 BROOK HOLLOW PKWY STE 105",-,NORCROSS,GA,30071,GWINNETT,"(770) 757-8503",4,,12/02/2024
851607,"ALPHA COMFORT CARE, INC","1745 PHOENIX BLVD, STE 335",-,"COLLEGE PARK",GA,30349,CLAYTON,"(678) 224-8202",4,,07/11/2025
851608,"GEORGIA HOSPICE PARTNERS","104 WHITING WAY, SUITE 150",-,"WARNER ROBINS",GA,31088,HOUSTON,"(478) 957-4937",4,,07/30/2025
851609,"ALIGN HOSPICE CARE, LLC.","2118 MAIN STREET EAST SUITE A-1",-,SNELLVILLE,GA,30078,GWINNETT,"(678) 841-0098",4,,07/23/2025
851610,"GUIDING LIGHT HOSPICE SW, LLC","8 SAVANNAH STREET, SUITE 102",-,NEWNAN,GA,30263,COWETA,"(470) 507-4822",4,,03/14/2025
851611,"AACHELE HOME CARE AND HOSPICE, LLC","715 VILLAGE SQUARE DR, SUITE 101",-,"STONE MOUNTAIN",GA,30083,DEKALB,"(470) 545-7129",4,,07/15/2025
851612,"ENHABIT HOSPICE","8219 NORTH CROSSING COURT, SUITE B,",-,FORTSON,GA,31808,HARRIS,"(762) 261-3890",4,,09/23/2025
851613,"BRIGHTON HOSPICE GEORGIA, LLC","2970 CLAIRMONT RD NE, SUITE 500",-,BROOKHAVEN,GA,30329,DEKALB,"(470) 737-9490",4,,10/23/2024
921500,"NATIONAL HOSPICE AND PALLIATIVE CARE","302 CHERRY LANE, SUITE 107 & 108",-,MANTECA,CA,95337,"SAN JOAQUIN","(925) 207-8101",9,For-Profit,08/28/2016
921501,"EMINENT HOSPICE CARE, INC","10999 RIVERSIDE DR SUITE 306",-,"N HOLLYWOOD",CA,91602,"LOS ANGELES","(818) 442-9700",9,For-Profit,04/10/2016
921502,"LOYAL HOSPICE CARE, INC","9608 VAN NUYS BLVD, SUITE 207-B",-,"PANORAMA CITY",CA,91402,"LOS ANGELES","(818) 891-6777",9,For-Profit,04/25/2016
921507,"A'S HOSPICE","5562 PHILADELPHIA STREET SUITE 213",-,CHINO,CA,91710,"SAN BERNARDINO","(909) 465-9002",9,For-Profit,07/22/2016
921510,"SERENITY POINT HOSPICE CARE, INC","1420 E LOS ANGELES AVE SUITE 201",-,"SIMI VALLEY",CA,93065,VENTURA,"(661) 243-1333",9,For-Profit,07/20/2016
921511,"PLATINUM HOSPICE CARE, INC","4533 VAN NUYS BLVD, SUITE 302",-,"SHERMAN OAKS",CA,91403,"LOS ANGELES","(818) 809-2301",9,For-Profit,04/20/2016
921512,"MD CHOICE HOSPICE, INC","4415 COWELL ROAD, SUITE 140",-,CONCORD,CA,94518,"CONTRA COSTA","(888) 670-0848",9,For-Profit,06/24/2016
921513,"CALIFORNIA COMMUNITY HOSPICE","16200 VENUTURA BLVD SUITE 301",-,ENCINO,CA,91436,"LOS ANGELES","(818) 754-1213",9,For-Profit,07/23/2016
921514,"PHYSICIAN'S CHOICE HOSPICE LLC","1535 W MERCED AVE SUITE 200",-,"WEST COVINA",CA,91790,"LOS ANGELES","(888) 406-5645",9,Other,05/23/2016
921515,"PREFERRED CARE HOSPICE, INC","11565 LAUREL CANYON BLVD, SUITE 202",-,"SAN FERNANDO",CA,91340,ALAMEDA,"(818) 837-1000",9,For-Profit,05/24/2016
921518,"ALPHA CARE HOSPICE INC","12598 CENTRAL AVENUE SUITE 215",-,CHINO,CA,91710,"SAN BERNARDINO","(909) 718-9777",9,For-Profit,06/08/2016
921519,"MEDPLUS HOSPICE SERVICES","555 NORTH BENSON AVENUE, UNIT D",-,UPLAND,CA,91786,"SAN BERNARDINO","(909) 946-2255",9,For-Profit,10/23/2013
921520,"VANGUARD HOSPICE CARE","770 MAGNOLIA AVENUE","SUITE 2G",CORONA,CA,92879,RIVERSIDE,"(909) 548-0100",9,For-Profit,05/05/2016
921521,"FOREVER HOSPICE, INC","14550 ARCHWOOD ST, SUITE 101",-,"VAN NUYS",CA,91405,"LOS ANGELES","(818) 779-7937",9,For-Profit,07/18/2016
921522,"ACCENTCARE HOSPICE OF CALIFORNIA INC","2344 SOUTH SECOND, SUITE B",-,"EL CENTRO",CA,92243,IMPERIAL,"(760) 675-3030",9,For-Profit,05/26/2016
921523,"ALEVE HOSPICE CARE OF LOS ANGELES, INC","5121 VAN NUYS BLVD SUITE 210-211",-,"SHERMAN OAKS",CA,91403,"LOS ANGELES","(818) 891-1000",9,For-Profit,07/28/2016
921525,"ANGEL HOSPICE CARE, INC","142 SHOPPERS LANE",-,COVINA,CA,91723,"LOS ANGELES","(818) 997-2804",9,Other,06/22/2016
921526,"COMPASSIONATE HEALTH HOSPICE, INC","7838 WESTMINSTER BLVD.",-,WESTMINSTER,CA,92683,ORANGE,"(714) 740-7188",9,For-Profit,07/26/2016
921530,"OYUNA HOSPICE, INC","5067 N MARIPOSA ST, SUITE 104",-,FRESNO,CA,93710,FRESNO,"(559) 374-2726",9,For-Profit,10/17/2016
921534,"VALLEY'S BEST HOSPICE - AV","43805 15TH STREET WEST",-,LANCASTER,CA,93534,"LOS ANGELES","(818) 353-0042",9,For-Profit,06/10/2016
921535,"APPLIED PALLIATIVE AND HOSPICE SERVICES, INC","121 TRIBUTARY POINT DRIVE, SUITE 100B",-,"RANCHO CORDOVA",CA,95670,SACRAMENTO,"(916) 638-8719",9,For-Profit,10/19/2016
921536,"CARING HANDS HOSPICE, INC","11030 ARROW ROUTE, UNIT 207",-,"RANCHO CUCAMONGA",CA,91730,"SAN BERNARDINO","(909) 919-2069",9,For-Profit,10/03/2016
921537,"COMPASSION HOSPICE & PALLIATIVE CARE","1016 E COOLEY DRIVE, UNIT D",-,COLTON,CA,92324,"SAN BERNARDINO","(909) 321-5158",9,For-Profit,08/26/2016
921538,"FOOTHILL HOSPICE CARE, INC","222 N MOUNTAIN AVE",-,UPLAND,CA,91786,"SAN BERNARDINO","(909) 919-2535",9,For-Profit,08/15/2016
921539,"RX STAFFING HOSPICE CARE","4640 MARCONI AVENUE SUITE 5",-,SACRAMENTO,CA,95821,SACRAMENTO,"(916) 570-3060",9,For-Profit,05/19/2016
921543,"BRISTOL HOSPICE - EAST BAY","5820 STONERIDGE MALL ROAD","SUITE 209",PLEASANTON,CA,94588,ALAMEDA,"(925) 446-4004",9,For-Profit,11/16/2016
921547,"EMANUEL HOSPICE INC","10324 BALBOA BLVD SUITE 203A",-,"GRANADA HILLS",CA,91344,"LOS ANGELES","(818) 465-3099",9,For-Profit,08/03/2016
921549,"VALLEY OAKS HOSPICE, INC","2151 MICHELSON DR","SUITE 290",IRVINE,CA,92612,ORANGE,"(626) 593-5166",9,For-Profit,08/01/2016
921550,"MATRIX HOSPICE INC","17141 VENTURA BLVD, SUITE 205",-,ENCINO,CA,91316,"LOS ANGELES","(310) 997-2549",9,For-Profit,09/02/2016
921551,"METRO MEDICAL SERVICES, INC","9420 TOPANGA CANYON BOULEVARD, SUITE 207",-,CHATSWORTH,CA,91311,"LOS ANGELES","(818) 546-8662",9,For-Profit,08/28/2016
921552,"MD PREFERRED HOSPICE, INC","12631 IMPERIAL HIGHWAY SUITE E-127",-,"SANTA FE SPRINGS",CA,90670,"LOS ANGELES","(888) 670-0838",9,For-Profit,08/16/2016
921553,"OXFORD HOSPICE CARE, INC","4650 ARROW HWY SUITE F3",-,MONTCLAIR,CA,91763,"SAN BERNARDINO","(909) 474-7105",9,For-Profit,04/27/2016
921555,"CINTA HOSPICE CARE, INC","5050 PALO VERDE, SUITE 101",-,MONTCLAIR,CA,91763,"SAN BERNARDINO","(909) 625-5518",9,For-Profit,09/04/2016
921557,"WESTLAKE VILLAGE HOSPICE, INC","2659 TOWNSGATE ROAD, SUITE #102",-,"WESTLAKE VILLAGE",CA,91361,VENTURA,"(805) 870-0103",9,For-Profit,11/19/2016
921558,"UNIVERSAL HEALTH NET","500 N STATE COLLEGE BLVD","SUITE 1100",ORANGE,CA,92868,ORANGE,"(714) 941-9053",9,For-Profit,05/06/2016
921560,"COMPASSIONATE CARE HOSPICE, LLC","17220 NEWHOPE ST SUITE 124",-,"FOUNTAIN VALLEY",CA,92708,ORANGE,"(562) 569-8075",9,Other,09/19/2016
921561,"MONARCH HOSPICE, INC","13746 VICTORY BLVD, SUITE 307",-,"VAN NUYS",CA,91401,"LOS ANGELES","(818) 994-6000",9,For-Profit,08/18/2016
921564,"ELYSIUM HOSPICE CARE, INC","18780 AMAR RD SUITE 103",-,WALNUT,CA,91789,"LOS ANGELES","(909) 444-6647",9,For-Profit,07/24/2016
921565,"LEGACY HOSPICE AND PALLIATIVE CARE","13721 ROSWELL AVENUE, SUITE A",-,CHINO,CA,91710,"SAN BERNARDINO","(909) 342-7005",9,For-Profit,01/10/2017
921566,"RELIANCE HOSPICE, INC","74130 COUNTRY CLUB DRIVE, # 103 A",-,"PALM DESERT",CA,92260,RIVERSIDE,"(760) 423-6924",9,For-Profit,11/21/2016
921568,"LA ARC HOSPICE, INC.","5652 VINELAND AVENUE, SUITE 202 B",-,"N HOLLYWOOD",CA,91601,"LOS ANGELES","(818) 762-3777",9,For-Profit,08/22/2016
921569,"THOUSAND OAKS HOSPICE, INC","17050 CHATSWORTH ST., SUITE 235",-,"GRANADA HILLS",CA,91344,"LOS ANGELES","(805) 367-7040",9,For-Profit,01/26/2017
921571,"NURSES TOUCH HOSPICE, INC","135 S JACKSON ST, SUITE 100A",-,GLENDALE,CA,91205,"LOS ANGELES","(818) 937-9520",9,For-Profit,06/27/2016
921572,"ANGEL CARE HOSPICE OF ARCADIA, INC","4115 E LIVE OAK AVE, SUITE 10",-,ARCADIA,CA,91006,"LOS ANGELES","(818) 630-5759",9,For-Profit,12/01/2016
921573,"BLUE PACIFIC HOSPICE CARE, INC","2920 W OLIVE AVE, SUITE 216",-,BURBANK,CA,91505,"LOS ANGELES","(818) 217-1215",9,For-Profit,04/06/2016
921574,"COMFORT HOSPICE, INC","1635 CHELSEA ROAD",-,"SAN MARINO",CA,91108,"LOS ANGELES","(818) 238-0087",9,For-Profit,09/30/2016
921575,"MONARCH HOSPICE CARE, INC","19608 CAMINO DE ROSA, SUITE 201",-,WALNUT,CA,91789,"LOS ANGELES","(909) 869-7871",9,For-Profit,08/26/2016
921576,"SENIOR HOSPICE","23331 EL TORO RD, SUITE 217-B",-,"LAKE FOREST",CA,92630,ORANGE,"(949) 707-5059",9,For-Profit,03/19/2016
921577,"WINGS OF HOPE HOSPICE, INC","345 W PEARL AVENUE, SUITE 240",-,REDLANDS,CA,92374,"SAN BERNARDINO","(909) 307-0089",9,For-Profit,01/26/2017
921582,"REGAL HOSPICE HEALTH, INC","150 E. OLIVE AVE SUITE 116A",-,BURBANK,CA,91502,"LOS ANGELES","(818) 480-0007",9,For-Profit,10/31/2016
921583,"WECARE HOSPICE AND PALLIATIVE","12235 BEACH BLVD, SUITE 109",-,STANTON,CA,90680,ORANGE,"(714) 503-0068",9,For-Profit,12/06/2016
921585,"HEAVENLY GATES HOSPICE, INC","1720 EAST LOS ANGELES AVENUE, SUITE #'S 230 & 232",-,"SIMI VALLEY",CA,93065,VENTURA,"(805) 522-5512",9,For-Profit,02/24/2017
921587,"EZ COMFORT HOSPICE CARE","24868 APPLE ST. SUITE 202",-,"SANTA CLARITA",CA,91321,"LOS ANGELES","(805) 422-8587",9,For-Profit,02/28/2017
921588,"PROHEALTH HOME CARE, INC.","1420 RIVER PARK DR., SUITE 200A",-,SACRAMENTO,CA,95815,SACRAMENTO,"(877) 267-1960",9,For-Profit,11/08/2016
921591,"HOSPICE OF THE OWENS VALLEY","363 ACADEMY AVE",-,BISHOP,CA,93514,INYO,"(760) 872-4663",9,Non-Profit,06/01/2017
921592,"PARENTIS HOSPICE","24012 CALLE DE LA PLATA, SUITE 400",-,"LAGUNA BEACH",CA,92653,ORANGE,"(949) 305-2716",9,For-Profit,01/03/2017
921593,"TRUE CARE HOSPICE SOUTHERN CALIFORNIA, INC","7355 TOPANGA CANYON BLVD, SUITE 201",-,"CANOGA PARK",CA,91303,"LOS ANGELES","(818) 762-7171",9,For-Profit,01/31/2017
921594,"ALL IN ONE HOSPICE CARE, INC","14553 DELANO ST SUITE 317",-,"VAN NUYS",CA,91411,"LOS ANGELES","(909) 599-4734",9,For-Profit,01/31/2017
921596,"JOURNEY HOSPICE SERVICES, INC","500 E OLIVE AVE SUITE 710",-,BURBANK,CA,91501,"LOS ANGELES","(818) 558-4300",9,For-Profit,01/27/2017
921598,"PROGRESSIVE HOSPICE CARE","1619 H STREET SUITE A",-,MODESTO,CA,95354,STANISLAUS,"(209) 505-1035",9,For-Profit,02/09/2017
921599,"GOOD HEART HOSPICE & PALLIATIVE CARE, INC.","8237 ROCHESTER AVENUE SUITE 115",-,"RANCHO CUCAMONGA",CA,91730,"SAN BERNARDINO","(909) 989-9988",9,For-Profit,03/07/2017
921600,"CALSTRO HOSPICE INC","4959 PALO VERDE STREET SUITE 108B",-,MONTCLAIR,CA,91763,"SAN BERNARDINO","(909) 399-0700",9,For-Profit,03/20/2017
921601,"CARE DIMENSIONS HEALTHCARE","495 E RINCON STREET SUITE 100",-,CORONA,CA,92879,RIVERSIDE,"(951) 340-3300",9,For-Profit,04/18/2017
921603,"HEART OF GOLD HOSPICE, INC","4110 EDISON AVENUE, SUITE 200A",-,CHINO,CA,91710,"SAN BERNARDINO","(909) 000-0000",9,For-Profit,04/24/2017
921604,"GREEN VALLEY HOSPICE & PALLIATIVE CARE, LLC","19031 HIGHWAY 18, SUITE 160",-,"APPLE VALLEY",CA,92307,"SAN BERNARDINO","(760) 242-0088",9,For-Profit,03/29/2017
921605,"GEANA HOSPICE CARE INC","820 N MOUNTAIN AVE SUITE 107",-,UPLAND,CA,91786,"SAN BERNARDINO","(909) 000-0000",9,For-Profit,05/17/2017
921606,"BLESSED CARE HOSPICE INC","7301 TOPANGA CANYON BLVD SUITE 359",-,"CANOGA PARK",CA,91303,"LOS ANGELES","(909) 667-2755",9,For-Profit,06/01/2017
921608,"CAREMARK HEALTHCARE","700 N. BRAND BLVD., SUITE 860-B",-,GLENDALE,CA,91203,"LOS ANGELES","(818) 360-2273",9,For-Profit,01/26/2017
921619,"OASIS HOSPICE","43845 10TH ST W, STE 2C",-,LANCASTER,CA,93534,"LOS ANGELES","(661) 402-2221",9,For-Profit,02/04/2017
921620,"DEVINA HOSPICE CARE","24404 VERMONT AVE, STE 307G",-,"HARBOR CITY",CA,90710,"LOS ANGELES","(714) 642-9562",9,For-Profit,01/28/2017
921622,"GENERATION CARE, INC","516 PENNSFIELD PLACE, SUITE #109",-,"THOUSAND OAKS",CA,91360,VENTURA,"(805) 496-0044",9,For-Profit,05/12/2017
921624,"HOLY SAVER HOSPICE INC","14011 VENTURA BLVD SUITE 405E",-,"SHERMAN OAKS",CA,91423,"LOS ANGELES","(818) 666-3534",9,For-Profit,03/14/2017
921625,"UNIVERSAL HOSPICE GROUP","15720 VENTURA BLVD SUITE 208",-,ENCINO,CA,91436,"LOS ANGELES","(818) 302-0021",9,For-Profit,03/13/2017
921626,"BREEZE OF LIFE, INC","412 W. BROADWAY SUITE 202",-,GLENDALE,CA,91204,"LOS ANGELES","(661) 775-4957",9,For-Profit,05/09/2017
921631,"GOOD SAMARITAN HOSPICE & PALLIATIVE CARE, INC","725 S GLENDALE AVENUE, SUITE M",-,GLENDALE,CA,91205,"LOS ANGELES","(818) 507-4745",9,For-Profit,01/20/2017
921632,"AASTA HOSPICE","5924 EAST LOS ANGELES AVENUE, SUITE R",-,"SIMI VALLEY",CA,93063,VENTURA,"(805) 823-4136",9,For-Profit,06/08/2017
921634,"ANGELICAL HOSPICE","14349 VICTORY BLVD, SUITE 204",-,"VAN NUYS",CA,91401,"LOS ANGELES","(818) 465-2266",9,For-Profit,11/04/2016
921635,"HEARTEN HOSPICE CARE, INC","12235 BEACH BLVD, SUITE 200-E",-,STANTON,CA,90680,ORANGE,"(714) 660-7428",9,For-Profit,03/06/2017
921636,"OLYMPIA HOSPICE AND PALLIATIVE CARE","419 W. COLORADO ST. SUITE B",-,GLENDALE,CA,91204,"LOS ANGELES","(818) 238-9999",9,For-Profit,11/01/2015
921637,"GLOBAL HOME HOSPICE SERVICE, INCORPORATED","221 N SAN DIMAS AVE SUITE A",-,"SAN DIMAS",CA,91773,"LOS ANGELES","(626) 593-5852",9,For-Profit,05/19/2017
921638,"CARING ANGELS HOSPICE","2930 INLAND EMPIRE BLVD. SUITE 115",-,ONTARIO,CA,91764,"SAN BERNARDINO","(951) 279-4500",9,For-Profit,03/06/2017
921639,"LIFELINK HOSPICE & PALLIATIVE CARE","211 WEST FOOTHILL BLVD, SUITE B",-,GLENDORA,CA,91741,"LOS ANGELES","(626) 335-6173",9,Non-Profit,09/22/2016
921640,"HOSPICE GROUP OF SOUTHERN CALIFORNIA, INC.","7041 OWENSMOUTH AVE, SUITE 202",-,"CANOGA PARK",CA,91303,"LOS ANGELES","(818) 337-2628",9,For-Profit,05/05/2017
921642,"ESSENTIAL CARE GROUP, INC","1170 DURFEE AVE SUITE K",-,"SOUTH EL MONTE",CA,91733,"LOS ANGELES","(818) 561-4705",9,For-Profit,06/15/2017
921643,"QUALITY CARE HOSPICE, INC","1414 S AZUSA AVENUE, UNIT B-25",-,"WEST COVINA",CA,91791,"LOS ANGELES","(626) 918-8845",9,For-Profit,05/08/2017
921644,"NEIGHBOR CARE HOSPICE","2985 EAST HILLCREST DRIVE, SUITE #210",-,"THOUSAND OAKS",CA,91362,VENTURA,"(805) 379-2398",9,For-Profit,07/12/2017
921645,"ORANGE COAST HOSPICE, INC","1283 EAST MAIN STREET, SUITE 212",-,"EL CAJON",CA,92021,"SAN DIEGO","(619) 499-7850",9,For-Profit,05/23/2017
921646,"KINDCARE HOSPICE, INC","15720 VENTURA BLVD SUITE 226",-,ENCINO,CA,91436,"LOS ANGELES","(626) 794-3333",9,For-Profit,02/20/2017
921647,"SANTA ANA HOSPICE, INC","610 PACIFIC COAST HIGHWAY SUITE 211",-,"SEAL BEACH",CA,90740,ORANGE,"(714) 462-9070",9,For-Profit,05/22/2017
921649,"CAREPLUS HOSPICE SERVICES, INC","6269 SOUTHFRONT ROAD",-,LIVERMORE,CA,94551,ALAMEDA,"(925) 449-2180",9,For-Profit,06/19/2017
921650,"FLORENCE HOSPICE LLC","20847 SHERMAN WAY STE 310",-,WINNETKA,CA,91306,"LOS ANGELES","(805) 557-1212",9,For-Profit,05/17/2017
921652,"GOOD HEART HOSPICE & PALLIATIVE CARE GARDEN GROVE","12062 VALLEY VIEW ST, SUITE # 235",-,"GARDEN GROVE",CA,92845,ORANGE,"(657) 227-3847",9,For-Profit,06/12/2017
921654,"NEW MADISON HOSPICE AND PALLIATIVE CARE, INC","2060 E ROUTE 66 UNIT 104",-,GLENDORA,CA,91740,"LOS ANGELES","(626) 703-4144",9,For-Profit,04/26/2017
921656,"REGENT HOSPICE, INC","22048 SHERMAN WAY, SUITE 103",-,"CANOGA PARK",CA,91303,"LOS ANGELES","(818) 280-4566",9,For-Profit,05/02/2017
921657,"VISITING ANGELS HOSPICE, INC","539 N GLENOAKS BLVD, SUITE 307",-,BURBANK,CA,91502,"LOS ANGELES","(818) 846-6300",9,For-Profit,03/16/2016
921658,"LAKESIDE HOSPICE CARE, INC","800 N HARBOR BLVD","STE A","LA HABRA",CA,90631,ORANGE,"(714) 459-5565",9,For-Profit,06/27/2017
921660,"MAXIMUM HOSPICE AND PALLIATIVE CARE, INC","1429 N LAKE AVE",-,PASADENA,CA,91104,"LOS ANGELES","(818) 240-2488",9,For-Profit,06/07/2017
921661,"SERENE HOSPICE CARE, INC","3131 FOOTHILL BLVD, UNIT J",-,"LA CRESCENTA",CA,91214,"LOS ANGELES","(818) 848-3996",9,For-Profit,05/31/2017
921663,"ALLSTATE CARE HOSPICE, INC","1917 HILLHURST AVE SUITE 101C",-,"LOS ANGELES",CA,90027,"LOS ANGELES","(818) 505-8266",9,For-Profit,04/12/2017
921664,"ACACIA HOSPICE AND PALLIATIVE SERVICES","17780 FITCH","SUITE 202",IRVINE,CA,92614,ORANGE,"(714) 576-2222",9,For-Profit,04/12/2017
921665,"TRANSITIONS HOSPICE, INC","333 NORTH SANTA ANITA AVE, SUITE 4",-,ARCADIA,CA,91006,"LOS ANGELES","(626) 265-8111",9,For-Profit,06/30/2017
921666,"GSR HOSPICE, INC","837 N LA CADENA DRIVE, SUITE B",-,COLTON,CA,92324,"SAN BERNARDINO","(909) 963-0992",9,For-Profit,07/28/2017
921668,"CARE MUST HOSPICE INC","4075 EVERGREEN VILLAGE SQUARE, SUITE 230A",-,"SAN JOSE",CA,95135,"SANTA CLARA","(408) 755-1216",9,For-Profit,07/07/2017
921670,"ST JOSEPH'S CARE HOSPICE SERVICES INC","330 W FELICITA AVENUE, SUITE D7",-,ESCONDIDO,CA,92025,"SAN DIEGO","(858) 625-1333",9,For-Profit,09/09/2017
921671,"ANC CORPORATION","7484 UNIVERSITY AVENUE SUITE 250",-,"LA MESA",CA,91942,"SAN DIEGO","(619) 741-5814",9,For-Profit,08/02/2017
921674,"INSTANT CARE HOSPICE, INC","6850 SEPULVEDA BLVD SUITE 215",-,"VAN NUYS",CA,91405,"LOS ANGELES","(818) 732-4326",9,For-Profit,07/10/2017
921676,"GREEN MEADOWS HOSPICE CARE","2204 E 4TH ST, SUITE 100",-,"SANTA ANA",CA,92705,ORANGE,"(714) 808-1912",9,For-Profit,07/17/2017
921682,"WELLSPRING HOSPICE","19730 VENTURA BLVD SUITE 25",-,"WOODLAND HILLS",CA,91364,"LOS ANGELES","(818) 616-3535",9,For-Profit,06/01/2017
921685,"MAJESTIC HOSPICE & HOME HEALTH LLC","16360 MONTEREY STREET, SUITE 140",-,"MORGAN HILL",CA,95037,"SANTA CLARA","(408) 779-0100",9,For-Profit,09/23/2017
921686,"NURSES CARE HOSPICE, INC","909 S CUCAMONGA AVE STE 115B",-,ONTARIO,CA,91761,"SAN BERNARDINO","(909) 256-0462",9,For-Profit,08/29/2017
921687,"ELKA HOSPICE CARE, INC","11755 VICTORY BLVD, SUITE 213",-,"N HOLLYWOOD",CA,91606,"LOS ANGELES","(818) 791-1800",9,For-Profit,06/28/2017
921689,"COMFORT HOSPICE CARE","6435 BALBOA BLVD SUITE 168",-,ENCINO,CA,91316,"LOS ANGELES","(818) 232-7977",9,For-Profit,07/07/2017
921690,"OAKHURST HOSPICE & PALLIATIVE CARE","7200 VINELAND AVE SUITE 220",-,"SUN VALLEY",CA,91352,"LOS ANGELES","(818) 232-8114",9,For-Profit,07/27/2017
921691,"LONGEVITY HOSPICE CARE SERVICES, INC.","229 N. CENTRAL AVENUE, SUITE 607",-,GLENDALE,CA,91203,"LOS ANGELES","(818) 334-6243",9,For-Profit,05/05/2017
921693,"CAMARILLO HOSPICE CARE, INC","5605 WOODMAN AVE SUITE 205",-,"VAN NUYS",CA,91403,"LOS ANGELES","(818) 377-3812",9,For-Profit,07/20/2017
921695,"INTEGRITY HOSPICE","6131 ORANGETHORPE AVE, STE 279",-,"BUENA PARK",CA,90620,ORANGE,"(714) 534-4211",9,For-Profit,07/19/2017
921700,"ARIAS HEALTH CARE, INC,","1220 HEMLOCK WAY SUITE 202A",-,"SANTA ANA",CA,92707,ORANGE,"(714) 926-0718",9,For-Profit,06/26/2017
921701,"FIDELIA HOSPICE, INC.","4210 EAGLE ROCK BLVD SUITE 201",-,"LOS ANGELES",CA,90065,"LOS ANGELES","(562) 403-0306",9,For-Profit,08/18/2017
921703,"MERIDIAN HOSPICE CARE","5562 PHILADELPHIA STREET","SUITE 210",CHINO,CA,91710,"SAN BERNARDINO","(909) 484-4810",9,For-Profit,06/22/2017
921705,"RIGHT CHOICE HOSPICE CARE","11728 MAGNOLIA AVE","SUITE A",RIVERSIDE,CA,92503,RIVERSIDE,"(951) 808-9900",9,For-Profit,09/04/2017
921706,"SUNLIT HOSPICE INC","8444 RESEDA BLVD, SUITE H",-,NORTHRIDGE,CA,91324,"LOS ANGELES","(818) 453-4864",9,For-Profit,05/17/2017
921707,"ABSOLUTE HOSPICE & PALLIATIVE CARE, INC.","17215 STUDEBAKER ROAD SUITE 215",-,CERRITOS,CA,90703,"LOS ANGELES","(562) 461-2512",9,For-Profit,08/07/2017
921710,"PINNACLE HOSPICE CARE, LLC","4050 KATELLA AVE, SUITE 209",-,"LOS ALAMITOS",CA,90720,ORANGE,"(562) 795-7000",9,Other,06/07/2017
921712,"SUMMER BREEZE HOSPICE AND PALLIATIVE CARE, INC","609 WEST BEVERLY BLVD, SUITE A",-,MONTEBELLO,CA,90640,"LOS ANGELES","(323) 483-5078",9,For-Profit,08/14/2017
921717,"ELIXIR HOSPICE CARE","1420 W KETTLEMAN LANE, SUITE S1",-,LODI,CA,95242,"SAN JOAQUIN","(209) 369-5110",9,For-Profit,10/28/2017
921720,"COMFORTING CARE HOSPICE, INC","2345 ERRINGER ROAD, SUITE 225",-,"SIMI VALLEY",CA,93065,VENTURA,"(805) 236-8644",9,Non-Profit,11/16/2017
921721,"BLESSED HOPE HOSPICE, INC","2619 S WATERMAN AVE, SUITE D",-,"SAN BERNARDINO",CA,92408,"SAN BERNARDINO","(909) 492-0055",9,For-Profit,09/26/2017
921726,"PACIFIC HOSPICE, LLC","11829 SOUTH STREET, SUITE 103",-,CERRITOS,CA,90703,"LOS ANGELES","(562) 809-0988",9,For-Profit,11/27/2017
921727,"ALTRUISTIC HOSPICE, INC.","17050 CHATSWORTH ST, SUITE 251",-,"GRANADA HILLS",CA,91344,"LOS ANGELES","(818) 294-7133",9,For-Profit,11/17/2017
921730,"UNITED HEARTS HOSPICE HEALTH SERVICES","2139 TAPO STREET, SUITE #219",-,"SIMI VALLEY",CA,93063,VENTURA,"(805) 791-3579",9,For-Profit,09/18/2017
921732,"ADVANTAGE HEALTH SYSTEMS","151 KALMUS DRIVE, SUITE D-104",-,"COSTA MESA",CA,92626,ORANGE,"(714) 668-9302",9,For-Profit,12/15/2017
921734,"CABRILLO HOSPICE","32332 CAMINO CAPISTRANO, SUITE 201",-,"SAN JUAN CAPISTRANO",CA,92675,ORANGE,"(858) 345-3267",9,For-Profit,11/16/2017
921735,"SO CAL HOSPICE CARE, INC","11507 OXNARD ST, UNIT #5",-,"N HOLLYWOOD",CA,91606,"LOS ANGELES","(818) 505-9500",9,For-Profit,12/14/2017
921739,"EASY CARE HOSPICE, INC","520 E WILSON AVE SUITE 115",-,GLENDALE,CA,91206,"LOS ANGELES","(818) 839-1858",9,For-Profit,11/26/2017
921742,"SANTA MARIA HOSPICE, INC","222 W CARMEN LANE SUITE #206",-,"SANTA MARIA",CA,93458,"SANTA BARBARA","(805) 361-0264",9,For-Profit,02/05/2018
921744,"OCEAN VIEW HOSPICE, INC","12362 BEACH BLVD, SUITE 22",-,STANTON,CA,90680,ORANGE,"(714) 603-7303",9,For-Profit,03/02/2018
921745,"AMERICUS HOSPICE, INC","5924 EAST LOS ANGELES AVENUE, SUITE T",-,"SIMI VALLEY",CA,93063,VENTURA,"(805) 520-5863",9,For-Profit,02/28/2018
921747,"COMFORT LIFE HOSPICE","8202 FLORENCE AVE. SUITE 100",-,DOWNEY,CA,90240,"LOS ANGELES","(562) 622-1400",9,For-Profit,06/11/2017
921748,"TALNA HOSPICE CARE","26323 JEFFERSON AVENUE STE D",-,MURRIETA,CA,92562,RIVERSIDE,"(951) 677-5300",9,For-Profit,04/24/2018
921751,"SUNCREST HOSPICE SACRAMENTO, LLC","2210 DEL PASO ROAD, SUITE A",-,SACRAMENTO,CA,95834,SACRAMENTO,"(916) 928-0102",9,For-Profit,03/29/2018
921752,"ALLIED HOSPICE","1680 S GARFIELD AVE, SUITE 205",-,ALHAMBRA,CA,91801,"LOS ANGELES","(626) 280-8875",9,For-Profit,12/18/2017
921753,"WESTERN HORIZON HOSPICE AND PALLIATIVE CARE, INC","23441 S POINT DR","SUITE 90","LAGUNA HILLS",CA,92653,ORANGE,"(855) 611-4677",9,For-Profit,03/15/2018
921755,"PRISTINE HOSPICE CARE","1419 N SAN FERNANDO BLVD SUITE 230",-,BURBANK,CA,91504,"LOS ANGELES","(818) 422-8610",9,For-Profit,12/28/2017
921757,"QUALITY HOSPICE CARE, INC","3333 S BREA CANYON RD SUITE 217",-,"DIAMOND BAR",CA,91765,"LOS ANGELES","(562) 685-6524",9,For-Profit,01/16/2018
921762,"LATREIA HEALTHCARE SERVICES, INC","3090 FITE CIRCLE, SUITE 101",-,SACRAMENTO,CA,95827,SACRAMENTO,"(916) 476-6519",9,For-Profit,06/12/2018
921764,"AMERICAN HOSPICE CARE, INC","930 OAK STREET, SUITE B",-,BAKERSFIELD,CA,93304,KERN,"(661) 304-9373",9,For-Profit,04/14/2018
921765,"ST. JUDE HOSPICE & PALLIATIVE CARE","121 N STATE COLLEGE BLVD SUITE 1A",-,ANAHEIM,CA,92806,ORANGE,"(949) 584-6347",9,For-Profit,02/05/2018
921766,"UNICARE HOSPICE PROVIDER, INC","870 N MOUNTAIN AVE, SUITE 208",-,UPLAND,CA,91786,"SAN BERNARDINO","(909) 285-2148",9,For-Profit,12/12/2017
921773,"SPERO HOSPICE SERVICES, INC","18341 SHERMAN WAY, SUITE 203A",-,RESEDA,CA,91335,"LOS ANGELES","(818) 821-3174",9,For-Profit,12/04/2017
921774,"ALLIANCE HOSPICE","6717 MISSION STREET SUITE D-1",-,"DALY CITY",CA,94014,"SAN MATEO","(650) 000-0000",9,Other,07/14/2018
921777,"EPIONE HOSPICE, INC","21151 S WESTERN AVE SUITE 273",-,TORRANCE,CA,90501,"LOS ANGELES","(818) 930-5010",9,For-Profit,06/15/2018
921778,"LA CRESCENTA HOSPICE CARE, CORP","3130 FOOTHILL BLVD, SUITE 11",-,"LA CRESCENTA",CA,91214,"LOS ANGELES","(818) 482-9282",9,For-Profit,02/03/2018
921780,"ABOVE AND BEYOND HOSPICE CARE","4774 RIVERSIDE DRIVE SUITE F",-,CHINO,CA,91710,"SAN BERNARDINO","(800) 503-2970",9,For-Profit,07/02/2018
921785,"ATLANTIS HOSPICE, INC","1775 EAST LINCOLN AVE, SUITE 203A",-,ANAHEIM,CA,92805,ORANGE,"(714) 699-2911",9,For-Profit,07/03/2018
921788,"MLIFE HOSPICE, INC","10590 MAGNOLIA AVENUE, STE F",-,RIVERSIDE,CA,92505,RIVERSIDE,"(951) 743-6078",9,For-Profit,05/21/2018
921789,"HOLISTIC PALLIATIVE CARE, INC","5707 REDWOOD ROAD, SUITE 1",-,OAKLAND,CA,94619,ALAMEDA,"(510) 285-7800",9,For-Profit,09/07/2018
921792,"RADIANT HOSPICE","7675 DAGGET STREET, SUITE 370",-,"SAN DIEGO",CA,92111,"SAN DIEGO","(619) 550-3570",9,For-Profit,02/09/2018
921793,"SEA COAST HOSPICE CARE INC","8380 MIRAMAR MALL",-,"SAN DIEGO",CA,92121,"SAN DIEGO","(858) 452-9300",9,For-Profit,09/11/2018
921794,"SEQUOIA HOSPICE","920 HILLVIEW COURT, SUITE 135",-,MILPITAS,CA,95035,"SANTA CLARA","(408) 797-2575",9,For-Profit,09/19/2018
971501,"CREST PALLIATIVE CARE","4085 DE ZAVALA ROAD, SUITE 100",-,"SHAVANO PARK",TX,78249,BEXAR,"(210) 469-3200",6,For-Profit,06/19/2019
971502,"SHALEM HOSPICE CARE LLC","2611 BELTLINE RD STE 127A",-,SUNNYVALE,TX,75182,DALLAS,"(214) 564-8296",6,Government,05/22/2019
971504,"DIRECT HOSPICE CARE INC","2020 N LOOP WEST STE 160",-,HOUSTON,TX,77018,HARRIS,"(281) 888-6645",6,For-Profit,10/16/2018
971505,"RTH HOME CARE SERVICE","2600 SOUTH LOOP WEST SUITE #350",-,HOUSTON,TX,77054,HARRIS,"(713) 702-4927",6,For-Profit,06/28/2019
971506,"KLARUS HOSPICE CARE","2214 EMERY ST STE 420",-,DENTON,TX,76201,DENTON,"(940) 442-5344",6,For-Profit,07/31/2019
971508,"PEACE VALLEY HOSPICE","4541 N JOSEY LN, STE 110",-,CARROLLTON,TX,75010,DENTON,"(469) 755-9555",6,Other,06/29/2019
971510,"ENLIGHTENED HEIGHTS HOSPICE AND PALLIATIVE CARE","8212 ITHACA W2",-,LUBBOCK,TX,79423,LUBBOCK,"(806) 993-3900",6,For-Profit,06/18/2019
971513,"PERFECTION HOSPICE CARE INCORPORATED","2755 FURLONG DRIVE",-,"GRAND PARIRIE",TX,75051,TARRANT,"(817) 903-7723",6,For-Profit,05/28/2019
971514,"CARING HOSPICE II LLC","2440 TEXAS PARKWAY STE 370 I",-,"MISSOURI CITY",TX,77489,"FORT BEND","(713) 529-1402",6,For-Profit,08/12/2019
971516,"SUMMIT HOME HEALTH AND HOSPICE","100 NE LOOP 410 STE 1500-A",-,"SAN ANTONIO",TX,78216,BEXAR,"(210) 615-3877",6,For-Profit,08/30/2019
971517,"VIDA DE PAZ LLC","103 N TOWER RD. STE 4",-,ALAMO,TX,78516,HIDALGO,"(956) 601-1914",6,For-Profit,09/16/2019
971519,"SACRED HEART HOSPICE","404 E RAMSEY RD, SUITE 204",-,"SAN ANTONIO",TX,78216,BEXAR,"(210) 848-8777",6,For-Profit,03/21/2019
971520,"TRANSCEND HOSPICE","8627 CINNAMON CREEK DR STE 302D",-,"SAN ANTONIO",TX,78240,BEXAR,"(210) 994-5388",6,For-Profit,08/15/2019
971521,"COMMUNITY FIRST HOSPICE CARE OF HOUSTON","2600 S. LOOP W. SUITE #445",-,HOUSTON,TX,77054,HOUSTON,"(832) 406-4210",6,For-Profit,09/11/2019
971522,"OLIVE BRANCH HOSPICE","2014 S WHEELER ST STE 250",-,JASPER,TX,75951,JASPER,"(409) 384-5700",6,For-Profit,10/10/2019
971523,"AMERICAN STAR HOME HEALTH CARE INC","2345 50ST SUITE 301",-,LUBBOCK,TX,79412,LUBBOCK,"(806) 687-6547",6,For-Profit,07/10/2019
971524,"WINGS OVER TEXAS HOSPICE","827 N MAIN ST",-,CLEBURNE,TX,76033,JOHNSON,"(817) 774-9154",6,For-Profit,09/30/2019
971525,"TEXAS LIFE HOSPICE - FORT WORTH","1292 HIGHWAY 157 N STE 110",-,MANSFIELD,TX,76063,TARRANT,"(682) 717-7819",6,For-Profit,09/11/2019
971526,"MAGNOLIA HOSPICE CARE, LLC","2450 NASA PKWY STE 150",-,HOUSTON,TX,77058,HARRIS,"(281) 957-9752",6,For-Profit,09/18/2019
971528,"LIFE CARE HOSPICE AND PALLIATIVE SERVICES LLC","3247 N. 38TH STREET",-,MCALLEN,TX,78501,HIDALGO,"(210) 907-8733",6,Non-Profit,10/03/2019
971530,"KNIGHTS OF COMFORT","10412 BEAR CREEK TRL",-,"FORT WORTH",TX,76244,TARRANT,"(817) 458-3245",6,For-Profit,10/16/2019
971531,"MYFAMILY HOSPICE LLC","10707 CORPORATE DR STE 120",-,STAFFORD,TX,77477,"FORT BEND","(713) 271-0095",6,For-Profit,09/26/2019
971532,"SERENITY HOSPICE SOLUTIONS","340 N SAM HOUSTON PKWY E, #A222",-,HOUSTON,TX,77060,HARRIS,"(281) 402-6971",6,For-Profit,11/21/2019
971533,"ABRA HOSPICE","8045 FM 359 SUITE 103",-,FULSHEAR,TX,77471,"FORT BEND","(281) 940-8912",6,For-Profit,11/05/2019
971534,"HOPESTONE HOSPICE AND PALLIATIVE CARE, LLC","1452 HUGHES RD, SUITE 100 A",-,GRAPEVINE,TX,76051,TARRANT,"(817) 409-4833",6,For-Profit,11/08/2019
971535,"STEP BY STEP RIVERWALK HOSPICE","9502 COMPUTER DR SUITE 117",-,"SAN ANTONIO",TX,78229,BEXAR,"(210) 239-7598",6,For-Profit,10/24/2019
971537,"SOVEREIGN HOSPICE INC","5200 PAIGE RD SUITE 102",-,"THE COLONY",TX,75056,DENTON,"(214) 718-9353",6,For-Profit,09/27/2019
971538,"AASTA HOSPICE","1945 LOCKHILL SELMA RD SUITE 204",-,"SAN ANTONIO",TX,78213,BEXAR,"(833) 467-7123",6,For-Profit,11/14/2019
971539,"AVATAR HEALTHCARE","910 HENSLEE DR",-,EULESS,TX,76040,TARRANT,"(972) 833-4660",6,For-Profit,10/01/2019
971540,"CARING HANDS","4115 MEDICAL DR STE 302",-,"SAN ANTONIO",TX,78229,BEXAR,"(210) 679-1476",6,For-Profit,01/01/2020
971541,"BLUEVINE HOSPICE","6464 SAVOY DRIVE, SUITE 850",-,HOUSTON,TX,77036,HARRIS,"(281) 751-8333",6,For-Profit,05/03/2019
971542,"ARMONIA HOSPICE LLC","7100 WESTWIND SUITE 110/115",-,"EL PASO",TX,79912,"EL PASO","(915) 584-5284",6,For-Profit,01/07/2020
971543,"JOURNEYS HOSPICE OF TEXAS LLC","4831 WHIRLWIND STE 1",-,"SAN ANTONIO",TX,78217,BEXAR,"(833) 467-5468",6,Other,11/11/2019
971544,"ANGELS CARE HOSPICE","2412 COLLEGE HILLS BLVD, STE 211",-,"SAN ANGELO",TX,76904,"TOM GREEN","(325) 627-5663",6,For-Profit,10/07/2019
971545,"ANCHORAGE HOSPICE, INC.","3201 CHERRY RIDGE DR STE B-206",-,"SAN ANTONIO",TX,78230,BEXAR,"(210) 239-7519",6,For-Profit,01/16/2020
971546,"SKYE HOSPICE 5 LLC","19279 MCKAY DRIVE SUITE 808",-,HUMBLE,TX,77338,HARRIS,"(855) 478-4161",6,For-Profit,11/01/2019
971548,"MISSION HEARTS HOSPICE","3132 W MILLER RD SUITE D",-,GARLAND,TX,75041,DALLAS,"(214) 909-2338",6,For-Profit,09/07/2018
971551,"COMPREHENSIVE HOSPICE CARE INC","4204 GARDENDALE ST. STE 104",-,"SAN ANTONIO",TX,78229,BEXAR,"(210) 614-0200",6,For-Profit,01/03/2020
971552,"ALL GENERATIONS HEALTH CARE INC","4709 EAST CURRY ROAD",-,EDINBURG,TX,78542,HIDALGO,"(956) 928-1001",6,For-Profit,11/21/2019
971553,"ATWELL HOME HEALTH SERVICES INC.","6915 ATWELL DRIVE",-,HOUSTON,TX,77081,HARRIS,"(713) 664-7800",6,For-Profit,12/11/2019
971554,"AT TWILIGHT HOSPICE & PALLIATIVE CARE","2625 N JOSEY LANE SUITE 301",-,CARROLLTO,TX,75007,DALLAS,"(956) 752-6160",6,Other,03/18/2020
971555,"TRANSCEND HOSPICE","8627 CINNAMON CREEK DRIVE SUITE 302 I",-,"SAN ANTONIO",TX,78240,BEXAR,"(210) 994-5388",6,For-Profit,01/31/2020
971557,"KLARUS HOSPICE","2214 EMERY ST, STE 420",-,DENTON,TX,76201,TARRANT,"(940) 442-5354",6,For-Profit,03/23/2020
971559,"WILD ROSE HOSPICE LLC","3731 HEATHERBLOOM DRIVE",-,HOUSTON,TX,77045,HARRIS,"(866) 247-7681",6,For-Profit,05/01/2020
971560,"DIVINITY HEALTHCARE","5601 BRIDGE STREET, SUITE 504",-,"FORT WORTH",TX,76112,TARRANT,"(817) 438-7463",6,For-Profit,05/13/2020
971561,"TENDER CARE HOME HEALTH & HOSPICE","6400 ESCONDIDO",-,"EL PASO",TX,79912,"EL PASO","(915) 581-3345",6,For-Profit,05/13/2020
971562,"GIFTED HEARTS HOSPICE AND PALLIATIVE CARE","108 E COURT ST",-,SEGUIN,TX,78155,GUADALUPE,"(830) 715-9299",6,For-Profit,04/30/2020
971563,"ARISING HEALTHCARE SERVICES INC","8833 TALTON ST. STE A",-,HOUSTON,TX,77078,HARRIS,"(832) 661-7492",6,For-Profit,05/29/2020
971564,"AMAVI HOSPICE AND PALLIATIVE CARE, LLC","5009 N. MCCOLL RD",-,MCALLEN,TX,78504,HIDALGO,"(956) 803-0081",6,Other,04/22/2020
971566,"ANOINTED HOSPICE INC.","400 CHISHOLM PL., STE. 304, RM 108",-,PLANO,TX,75075,COLLIN,"(972) 424-4401",6,For-Profit,09/23/2019
971568,"FORT BEND HOSPICE AND PALLIATIVE CARE LLC","26717 WESTHEIMER PKWY, UNIT 103",-,KATY,TX,77494,"FORT BEND","(832) 376-7771",6,For-Profit,02/20/2020
971569,"COMFORT HEALTH HOSPICE","5840 COLLIN MCKINNEY PKWY STE 404",-,MCKINNEY,TX,75070,COLLIN,"(469) 907-1099",6,For-Profit,05/11/2020
971570,"TRIO HOSPICE INC","4444 CORONA DR. SUITE 205B",-,"CORPUS CHRISTI",TX,78411,NUECES,"(361) 881-8787",6,For-Profit,10/23/2019
971571,"LENITY LIGHT HOSPICE - FORT WORTH","5802 WATAUGA RD, SUITE 100",-,WATAUGA,TX,76148,TARRANT,"(817) 406-1500",6,For-Profit,03/27/2020
971572,"SONDER HOSPICE","223 W ANDERSON LN STE B700",-,AUSTIN,TX,78752,TRAVIS,"(512) 354-7222",6,For-Profit,05/05/2020
971573,"ELEGANT HOSPICE","5718 UNIVERSITY HEIGHTS BLVD SUITE 203",-,"SAN ANTONIO",TX,78249,BEXAR,"(210) 817-4746",6,For-Profit,02/14/2020
971574,"AMEN HOSPICE","415 WOODLINE DRIVE SUITE 1A",-,SPRING,TX,77386,MONTGOMERY,"(832) 415-1605",6,For-Profit,06/19/2020
971575,"SPECTRUM HOSPICE INC","2551 SOUTH SHORE BLVD","SUITE A","LEAGUE CITY",TX,77573,GALVESTON,"(800) 270-7120",6,For-Profit,10/10/2019
971576,"PAX ET VITA HOSPICE AGENCY, LLC","830 JULIE RIVERS DRIVE UNIT 602",-,"SUGAR LAND",TX,77478,"FORT BEND","(346) 901-0194",6,For-Profit,07/10/2020
971577,"AMERISTARS BEST CARE INC","2301 OHIO DR STE 200",-,PLANO,TX,75093,COLLIN,"(972) 468-8281",6,For-Profit,05/19/2020
971578,"SAN ANTONIO HOSPICE CARE","1850 LOCKHILL SELMA, STE. #102",-,"SAN ANTONIO",TX,78213,BEXAR,"(210) 281-5888",6,For-Profit,06/02/2020
971580,"MAXSERVE HOSPICE","13140 COIT RD STE 405 B",-,DALLAS,TX,75240,DALLAS,"(972) 807-9732",6,For-Profit,02/05/2020
971582,"PRINCIPLE HOSPICE SERVICE LLC","9033 AERO ST","STE 204 B","SAN ANTONIO",TX,78217,BEXAR,"(210) 455-6050",6,For-Profit,07/21/2020
971583,"AMEDISYS HOSPICE","512 VICTORIA LN STE 16B",-,HARLINGEN,TX,78550,CAMERON,"(956) 300-0865",6,Other,07/27/2020
971584,"MAXIMUM QUALITY HOSPICE LLC","1609 DAVENPORT STREET SUITE D",-,WESLACO,TX,78596,HIDALGO,"(956) 520-8004",6,For-Profit,08/04/2020
971585,"DEVOTED HEALTHCARE & HOSPICE SERVICES, LLC","15602 NORTHWEST BLVD, STE A-1",-,ROBSTOWN,TX,78380,NUECES,"(833) 338-6831",6,Other,05/28/2020
971587,"INSPIRATION HOSPICE","1100 NE LOOP 410 STE 706",-,"SAN ANTONIO",TX,78209,BEXAR,"(210) 874-4999",6,For-Profit,04/09/2020
971588,"BUENA VIDA HOSPICE","810 HIGHWAY 6 S #102",-,HOUSTON,TX,77079,HARRIS,"(281) 888-1499",6,For-Profit,09/11/2020
971589,"HTOWN HOSPICE, LLC.","2122 LUCY LANE STE A",-,"MISSOURI CITY",TX,77489,HARRIS,"(832) 740-4360",6,For-Profit,10/12/2020
971590,"SUNCREST HOSPICE SAN ANTONIO LLC","911 CENTRAL PARKWAY N SUITE 100",-,"SAN ANTONIO",TX,78232,BEXAR,"(830) 637-2721",6,For-Profit,01/30/2020
971591,"AMAZING ANGELS HOSPICE","1140 W CARDINAL DR. SUITE B",-,BEAUMONT,TX,77705,JEFFERSON,"(409) 767-8833",6,Other,05/06/2020
971592,"HEART OF HOUSTON HOSPICE CARE, INC.","13015 FRANK LN",-,STAFFORD,TX,77477,"FORT BEND","(281) 962-3400",6,For-Profit,09/30/2020
971593,"ABUNDANT HOSPICE, LLC","400 N LOOP 1604 E, STE 300",-,"SAN ANTONIO",TX,78232,BEXAR,"(210) 608-0081",6,For-Profit,08/14/2020
971594,"CARE 4 YOU SENIOR SERVICES","12303 WESTTHEIMER ROAD, SUITE A",-,HOUSTON,TX,77077,HARRIS,"(281) 372-6963",6,For-Profit,10/21/2020
971595,"AMADO HOSPICE & HOME HEALTH","613 W SESAME DR",-,HARLINGEN,TX,78550,CAMERON,"(956) 444-4600",6,For-Profit,09/24/2020
971596,"GLEN VALLEY HOSPICE CARE.","9421 W STERLING DR",-,PEARLAND,TX,77584,BRAZORIA,"(281) 846-6161",6,For-Profit,05/18/2020
971597,"CHOICE HOSPICE","2204 TIMBERLOCH PL STE 185",-,"THE WOODLANDS",TX,77380,MONTGOMERY,"(713) 462-4488",6,For-Profit,09/25/2020
971598,"VARA HOSPICE","1520 E. SAN PEDRO, SUITE 102",-,LAREDO,TX,78041,WEBB,"(956) 285-4327",6,For-Profit,10/07/2020
971599,"ST ANTHONY'S HOSPICE","612 W NOLANA AVE, SUITE 410",-,MCALLEN,TX,78504,HIDALGO,"(956) 322-5427",6,For-Profit,09/16/2020
971601,"GRACE RACE PALLIATIVE HOSPICE LLC","13207 WATER OAK PARK CIR",-,CYPRESS,TX,77429,HARRIS,"(713) 814-8135",6,For-Profit,09/16/2020
971602,"SANTA RITA HOME HEALTH SERVICES","10803 GULFDALE STREET, SUITE 250",-,"SAN ANTONIO",TX,78216,BEXAR,"(210) 200-8502",6,For-Profit,11/03/2020
971603,"SUNSET HEALTHCARE SERVICES","10103 FONDREN RD, #380",-,HOUSTON,TX,77096,HARRIS,"(832) 517-6451",6,For-Profit,10/12/2020
971604,"SUNCREST HOSPICE","9020 N CAPITAL OF TEXAS HWY STE II-225",-,AUSTIN,TX,78759,TRAVIS,"(512) 543-1381",6,For-Profit,07/23/2020
971605,"HALCYON HOME","125 W MCCARTY LN STE 200",-,"SAN MARCOS",TX,78666,HAYS,"(512) 815-9009",6,For-Profit,07/16/2020
971606,"NEW AGE HOSPICE PALLIATIVE LLC","2200 SPACE PARK DR SUITE 405",-,HOUSTON,TX,77058,HARRIS,"(832) 369-6970",6,For-Profit,11/20/2020
971607,"ISERVE HOSPICE","8111 LBJ FREEWAY, SUITE 450",-,DALLAS,TX,75251,DALLAS,"(469) 379-2682",6,For-Profit,10/02/2020
971608,"ACCE HOSPICE CARE AGENCY","101 HAZELNUT TRAIL",-,FORNEY,TX,75126,KAUFMAN,"(972) 357-7342",6,For-Profit,10/15/2020
971609,"TRINITY HOSPICE","350 PINE STREET, STE 711",-,BEAUMONT,TX,77701,JEFFERSON,"(409) 299-4477",6,For-Profit,08/20/2020
971612,"AMABLE HOME CARE LLC","615 NORTH MAIN STREET",-,"LA FERIA",TX,78559,CAMERON,"(956) 277-0351",6,For-Profit,12/02/2020
971613,"AFFINITY HOSPICE PRN","201 ENTERPRISE AVE SUITE 600C",-,"LEAGUE CITY",TX,77573,GALVESTON,"(713) 947-2277",6,For-Profit,11/17/2020
971614,"MAGNOLIA HOSPICE","1250 E COPELAND RD SUITE 260",-,ARLINGTON,TX,76011,TARRANT,"(214) 275-6200",6,For-Profit,11/18/2020
971615,"ULTIMATE HOSPICE","3218 130 STE 111 C",-,MESQUITE,TX,75150,DALLAS,"(469) 363-6534",6,For-Profit,12/23/2020
971616,"COMPLETETX HOSPICE","899 PRESIDENTIAL DR STE 117",-,RICHARDSON,TX,75081,DALLAS,"(469) 676-4700",6,For-Profit,01/05/2021
971617,"REAL COMFORT HEALTHCARE INC","9100 SOUTHWEST FWY, STE 105-A",-,HOUSTON,TX,77074,HARRIS,"(866) 447-6894",6,For-Profit,12/10/2020
971618,"RETREAT HEALTH CARE SERVICES INC","4321 MCKNIGHT ROAD",-,TEXARKANA,TX,75503,BOWIE,"(903) 793-0282",6,For-Profit,01/13/2021
971619,"CARIDAD HEALTHCARE INC","4902 WEST HIGHWAY 83 STE 2",-,ROMA,TX,78584,STARR,"(956) 519-3227",6,For-Profit,09/16/2020
971620,"SHELTER HOSPICE INC","8111 LBJ FREEWAY SUITE # 1330",-,DALLAS,TX,75251,DALLAS,"(469) 778-0700",6,For-Profit,05/06/2020
971621,"CARDINAL HOSPICE OF SOUTH TEXAS","3201 CHERRY RIDGE DR, SUITE D-400",-,"SAN ANTONIO",TX,78230,BEXAR,"(210) 310-3960",6,For-Profit,08/19/2020
971622,"MT. SINAI HOSPICE","513 E JACKSON ST STE 201",-,HARLINGEN,TX,78550,CAMERON,"(956) 230-1627",6,For-Profit,01/19/2021
971623,"HERITAGE HOSPICE","1300 BAY AREA BLVD, SUITE B100",-,HOUSTON,TX,77058,HARRIS,"(713) 874-1234",6,For-Profit,12/23/2020
971625,"SOUTHERN HOSPICE AND PALLIATIVE CARE","1505 SOUTH HIGHWAY 6, SUITE 215",-,HOUSTON,TX,77077,HARRIS,"(346) 754-5782",6,For-Profit,12/02/2020
971626,"EXCELACARE HOSPICE","4335 W PIEDRAS DR STE 213",-,"SAN ANTONIO",TX,78228,BEXAR,"(972) 468-8390",6,For-Profit,02/03/2021
971627,"CONCHO HEARTS HOSPICE, LLC","706 KNICKERBOCKER RD STE 2",-,"SAN ANGELO",TX,76903,"TOM GREEN","(325) 482-0129",6,For-Profit,03/19/2021
971628,"BRIARGATE HEALTHCARE SERVICES INC","3129 KINGSLEY DR SUITE 830",-,PEARLAND,TX,77057,BRAZORIA,"(800) 367-7058",6,For-Profit,01/21/2019
971631,"UMC HOME HEALTH AND HOSPICE, AN AMEDISYS PARTNER","4408 6TH ST, STE 200",-,LUBBOCK,TX,79416,LUBBOCK,"(806) 516-8103",6,For-Profit,03/02/2021
971632,"AT TWILIGHT HOSPICE & PALLIATIVE CARE OF TX LLC","2625 N. JOSEY LN. SUITE 301-B",-,CARROLLTON,TX,75007,DALLAS,"(469) 833-3373",6,For-Profit,12/01/2020
971633,"ST CATHERINE'S HEALTHCARE LLC","350 N. SAM HOUSTON PKWY E SUITE 289",-,HOUSTON,TX,77060,HARRIS,"(713) 485-6123",6,For-Profit,03/02/2021
971634,"ADVANCED HOSPICE OF TEXAS","8023 VANTAGE DR, STE 560-B",-,"SAN ANTONIO",TX,78230,BEXAR,"(210) 898-8533",6,Other,03/12/2021
971635,"SPARROW HOSPICE","920 STOCKTON DR",,ALLEN,TX,75013,COLLIN,"(972) 316-7441",6,,02/12/2021
971636,"ENHABIT HOSPICE","1 VILLAGE DRIVE STE 354",-,ABILENE,TX,79606,TAYLOR,"(325) 266-0260",6,For-Profit,04/01/2021
971637,GENTIVA,"1031 ANDREWS HIGHTWAY, STE. 203",-,MIDLAND,TX,79701,MIDLAND,"(432) 897-1401",6,For-Profit,03/11/2021
971638,"JOURNEY HOSPICE LLC","434 BREESPORT ST",-,"SAN ANTONIO",TX,78216,BEXAR,"(210) 455-0101",6,For-Profit,03/24/2021
971640,"HEART TO HEART HOSPICE OF DECATUR","1406 HALSEY WAY, SUITE 110-D",-,CARROLLTON,TX,75007,WISE,"(469) 568-2210",6,For-Profit,01/26/2021
971641,"GATEWAY HOSPICE PROVIDERS, LLC","821 SW ALSBURY BLVD UNIT A",-,BURLESON,TX,76028,JOHNSON,"(682) 499-6669",6,For-Profit,04/28/2021
971642,"GRAYCE ENHANCED HOSPICE CARE","6307 INDIANA AVE",-,LUBBOCK,TX,79413,LUBBOCK,"(806) 589-2007",6,For-Profit,05/14/2021
971643,"NIGHTINGALE HOSPICE CARE, INC.","4400 NW LOOP 410 STE 115 RM 1",-,"SAN ANTONIO",TX,78228,BEXAR,"(210) 797-7321",6,For-Profit,05/07/2021
971644,"PURE HEART HOSPICE","4211 GARDENDALE STE A102",-,"SAN ANTONIO",TX,78229,BEXAR,"(210) 595-1146",6,For-Profit,05/17/2021
971647,"BLUE STREAM HOSPICE AND PALLIATIVE CARE INC","2646 SOUTH LOOP WEST SUITE 635",-,HOUSTON,TX,77054,HARRIS,"(713) 667-7202",6,For-Profit,05/14/2021
971648,"AMAZING HANDS HOSPICE, LLC","2944 MOTLEY DR STE 201",-,MESQUITE,TX,75150,DALLAS,"(469) 726-0545",6,For-Profit,02/13/2021
971649,"UNICARE PALLIATIVE & HOSPICE CARE, LLC","633 E FERNHURST DR SUITE 1305",-,KATY,TX,77450,HARRIS,"(832) 532-0876",6,For-Profit,04/08/2021
971650,"CALVERT HOSPICE LLC","4621 S. LOOP 289 STE A",-,LUBBOCK,TX,79424,LUBBOCK,"(806) 747-8972",6,For-Profit,06/16/2021
971651,"WINDSOR HOSPICE AND PALLIATIVE CARE SERVICES LLC","11750 PADON ROAD .SUITE B",-,NEEDVILLE,TX,77461,"FORT BEND","(832) 282-7363",6,For-Profit,04/10/2021
971653,"AT HOME HOSPICE AND PALLIATIVE CARE LLC.","10701 CORPORATE DR STE 293",-,STAFFORD,TX,77477,"FORT BEND","(832) 535-8527",6,For-Profit,06/17/2021
971654,"SOCIETY HOSPICE & PALLIATIVE CARE, INC","7219 LINCOLN HEIGHTS COURT",-,RICHMOND,TX,77407,"FORT BEND","(832) 807-5777",6,For-Profit,06/17/2021
971656,"TRUE HEART HOSPICE AND PALLIATIVE CARE OF TEXAS LLC","4102 S 31ST ST, STE 1200",-,TEMPLE,TX,76502,BELL,"(512) 649-2274",6,For-Profit,04/22/2021
971657,"CITIZENS PALLIATIVE CARE LLC","13910 LEXINGTON BLVD",-,"SUGAR LAND",TX,77478,"FORT BEND","(346) 586-7083",6,For-Profit,06/25/2021
971658,"PALLIATIVE QUALITY CARE","14014 LITTLE BORNE BIRD WELL LANE",-,HOUSTON,TX,77047,HARRIS,"(832) 971-0569",6,For-Profit,05/28/2021
971659,"YELLOW ROSE HOSPICE CARE, INC.","2819 NW LOOP 410 STE F",-,"SAN ANTONIO",TX,78230,BEXAR,"(210) 797-7316",6,For-Profit,04/26/2021
971660,"ADVANCED HOSPICE OF TEXAS","8023 VANTAGE DRIVE, SUITE 560 - D",-,"SAN ANTONIO",TX,78230,BEXAR,"(346) 333-1863",6,Other,05/06/2021
971661,"BETTER CARE MATTERS","1225 25TH STREET NORTH SUITE 100 A",-,"TEXAS CITY",TX,77590,GALVESTON,"(346) 379-1541",6,For-Profit,05/25/2021
971662,"ZENITH PALLIATIVE CARE INC","8700 COMMERCE PARK DR SUITE 219",-,HOUSTON,TX,77036,HARRIS,"(346) 204-5046",6,For-Profit,06/30/2021
971663,"CIRCLE OF LIFE HOSPICE AND PALLIATIVE CARE","4730 COLLEGE PARK",-,"SAN ANTONIO",TX,78249,BEXAR,"(210) 890-2700",6,For-Profit,06/18/2021
971664,"NEWMAN MEMORIAL HEALTHCARE HOSPICE LLC","5444 WESTHEIMER RD STE 1000",-,HOUSTON,TX,77056,HARRIS,"(281) 796-2529",6,For-Profit,05/27/2021
971665,"TRIBUTE HOSPICE AND PALLIATIVE CARE","4250 IH 69 ACCESS RD. STE 10-11",-,"CORPUS CHRISTI",TX,78410,NUECES,"(800) 418-1308",6,For-Profit,06/29/2021
971666,"CARENOW HOSPICE LLC","3620 N.JOSEY LANE,SUITE #220B",-,CARROLLTON,TX,75007,DENTON,"(469) 758-0017",6,For-Profit,07/29/2021
971667,"DOCTOR'S CHOICE HOSPICE","13100 NORTHWEST FWY STE 405",-,HOUSTON,TX,77040,HARRIS,"(833) 365-2464",6,For-Profit,07/09/2021
971668,"ENHABIT HOSPICE","724 WSW 323 LOOP STE C",-,TYLER,TX,75701,SMITH,"(903) 405-3853",6,For-Profit,06/30/2021
971669,"CARDINAL HOSPICE LLC","2245 KELLER WAY SUITE 150 UNIT G",-,CARROLLTON,TX,75006,DALLAS,"(945) 229-6950",6,For-Profit,07/14/2021
971670,"CITY HOSPICE & PALLIATIVE CARE, LLC","120 ELDRIDGE RD","STE C","SUGAR LAND",TX,77478,"FORT BEND","(346) 375-4682",6,For-Profit,07/21/2021
971671,"A CARING TOUCH HOME HEALTH SERVICES & HOSPICE CARE","4000 SOUTH MEDFORD DRIVE SUITE 9W",-,LUFKIN,TX,75901,ANGELINA,"(936) 632-9400",6,For-Profit,07/20/2021
971672,"CANYON HOME CARE & HOSPICE","4414 CENTERVIEW STE 208",-,"SAN ANTONIO",TX,78228,BEXAR,"(210) 718-0551",6,For-Profit,05/14/2021
971675,"HARBOR HOSPICE OF ARLINGTON LP","6471 SOUTHWEST BOULEVARD SUITE A",-,BENBROOK,TX,76132,TARRANT,"(817) 237-2256",6,For-Profit,02/12/2021
971676,"REDEEMER HOSPICE","8627 CINNAMON CREEK DR STE 302R",-,"SAN ANTONIO",TX,78240,BEXAR,"(956) 679-3220",6,Other,07/28/2021
971678,"CHOICE HOSPICE","8303 SOUTHWEST FREEWAY, SUITE 545",-,HOUSTON,TX,77074,HARRIS,"(713) 485-6709",6,For-Profit,06/26/2021
971679,"UNITY HOSPICE","2200 NASA ROAD ONE, SUITE 250",-,HOUSTON,TX,77058,HARRIS,"(866) 899-1564",6,For-Profit,08/27/2021
971682,"BRYTELYTE HOMECARE LLC","9950 WESTPARK DR STE 440",-,HOUSTON,TX,77063,HARRIS,"(800) 960-1415",6,For-Profit,09/03/2021
971683,"A1 PALLIATIVE HOSPICE INC","15022 FM 529 ROAD BLDG 2 STE C",-,HOUSTON,TX,77095,HARRIS,"(800) 960-4521",6,For-Profit,08/12/2021
971684,"SERENITY CARE SOLUTIONS, LLC","607 E WALLISVILLE RD",-,HIGHLANDS,TX,77562,HARRIS,"(713) 440-9058",6,For-Profit,09/09/2021
971685,"ALL SAINTS HOSPICE CARE INC","10 DOMINION DR., STE 2201",-,"SAN ANTONIO",TX,78257,BEXAR,"(210) 954-5729",6,For-Profit,08/26/2021
971686,"GRACEFUL HOSPICE AND PALLIATIVE CARE LLC","3201 CHERRY RIDGE DR STE B-219",-,"SAN ANTONIO",TX,78230,BEXAR,"(210) 371-5552",6,For-Profit,08/19/2021
971687,"FAITH HOSPICE INC.","1852 DALE DOUGLAS, STE B",-,"EL PASO",TX,79936,"EL PASO","(915) 203-1068",6,For-Profit,09/09/2021
971688,"DESTINY HOSPICE, LLC","3300 S GESSNER RD SUITE 117",-,HOUSTON,TX,77063,HARRIS,"(720) 254-5439",6,For-Profit,09/09/2021
971689,"HUMMINGBIRD HOSPICE LLC","3201 CHERRY RIDGE DR, STE D400",-,"SAN ANTONIO",TX,78230,BEXAR,"(210) 908-9774",6,For-Profit,06/10/2021
971690,"CANAAN LAND HOSPICE CARE LLC","11111 KATY FWY STE 910",-,HOUSTON,TX,77079,HARRIS,"(432) 698-0722",6,For-Profit,09/05/2021
971691,"OPTIMUM HOSPICE LLC","2245 KELLER WAY STE 150 UNIT H",-,CARROLLTON,TX,78583,DALLAS,"(945) 229-6950",6,For-Profit,09/15/2021
971692,"A & S HOSPICE AND PALLIATIVE CARE LLC","9894 BISSONNET ST STE 815",-,HOUSTON,TX,77036,HARRIS,"(346) 312-3723",6,For-Profit,09/14/2021
971693,"SAINT DANIEL PALLIATIVE CARE INC","12808 WEST AIRPORT BLVD SUITE 260J",-,"SUGAR LAND",TX,77478,"FORT BEND","(832) 231-1679",6,For-Profit,09/10/2021
971694,"AMANDI HOSPICE LLC","15020 FM 529 RD, STE D",-,HOUSTON,TX,77095,HARRIS,"(832) 723-4436",6,For-Profit,09/13/2021
971695,"JUNIPER HOSPICE LLC","8746 WURZBACH RD STE 201-B",-,"SAN ANTONIO",TX,78240,BEXAR,"(210) 767-9600",6,For-Profit,10/04/2021
971696,"PRIM PALLIATIVE & HOSPICE CARE INC","5048 TENNYSON PKWY, STE 122",-,PLANO,TX,75024,COLLIN,"(469) 328-7219",6,For-Profit,10/01/2021
971698,"EXCELACARE HOSPICE","4335 W PIEDRAS DR STE 213B",-,"SAN ANTONIO",TX,78228,BEXAR,"(682) 200-4311",6,For-Profit,07/28/2021
971699,"DEVOTED CARE HOSPICE INC","1370 PANTHEON WAY, SUITE 250",-,"SAN ANTONIO",TX,78232,BEXAR,"(210) 886-8020",6,For-Profit,09/21/2021
971700,"AMOR HOSPICE CARE, INC.","8303 SOUTHWEST FREEWAY SUITE 110",-,HOUSTON,TX,77074,HARRIS,"(832) 559-0911",6,For-Profit,09/02/2021
971701,"BRIDGES HOSPICE","2245 VALWOOD PARKWAY",-,"FARMERS BRANCH",TX,75234,DALLAS,"(214) 544-6233",6,For-Profit,07/28/2021
971705,"WILLOW HOSPICE CARE LLC","20534 SAM HOUSTON BLVD.",-,"RIO HONDO",TX,78583,CAMERON,"(956) 793-3227",6,For-Profit,11/03/2021
971707,"LAREDO SUPERIOR HOMECARE LLC","2344 LAGUNA DEL MAR STE 105",-,LAREDO,TX,78041,WEBB,"(210) 899-4517",6,For-Profit,04/14/2021
971708,"EAGLE PASS HOSPICE AND PALLIATIVE CARE LLC","152 ZAMORA MEDICAL CIR STE 4",-,"EAGLE PASS",TX,78852,MAVERICK,"(830) 213-8122",6,For-Profit,09/28/2021
971710,"RAINBOW HOSPICE LLC","11119 CRANSTONHILL CT",-,RICHMOND,TX,77407,"FORT BEND","(713) 805-4080",6,For-Profit,11/24/2021
971711,"EVERYCARE HOSPICE","600 W 6TH ST, 4TH FLOOR",-,"FORT WORTH",TX,76102,TARRANT,"(210) 988-0903",6,For-Profit,09/24/2021
971712,"ACARA HOSPICE","601 GRAHAM RD",-,"COLLEGE STATION",TX,77845,BRAZOS,"(979) 661-7272",6,For-Profit,09/29/2021
971713,"5 STAR HOSPICE, LLC","4220 CARTWRIGHT RD, STE 304",-,"MISSOURI CITY",TX,77459,"FORT BEND","(832) 262-1299",6,For-Profit,07/28/2021
971714,"EXCLUSIVE PALLIATIVE HOSPICE LLC","6260 WESTPARK DR STE. 265",-,HOUSTON,TX,77057,HARRIS,"(800) 315-0899",6,For-Profit,11/04/2021
971715,"LIVING HOPE HOSPICE","12550 FUQUA STREET, SUITE 200",-,HOUSTON,TX,77034,HARRIS,"(281) 922-9200",6,For-Profit,12/07/2021
971716,"CASTLE PALLIATIVE CARE LLC","15022 FM 529 RD BLDG 2 STE 2B",-,HOUSTON,TX,77095,HARRIS,"(832) 231-1679",6,For-Profit,10/21/2021
971717,"FAMILY FIRST HOSPICE","7901 TRADERS CIRCLE",-,GREENVILLE,TX,75402,HUNT,"(903) 454-3346",6,For-Profit,11/11/2021
971718,"GOLDEN HOSPICE & HEALTHCARE SERVICES, LLC.","8606 SHADOWBROOK GLEN TRL",-,RICHMOND,TX,77407,"FORT BEND","(832) 490-4292",6,For-Profit,08/17/2021
971719,"BRIDGEWAY HOSPICE, LLC.","825 MAIN ST., SUITE 120",-,BUDA,TX,78610,HAYS,"(512) 565-6182",6,For-Profit,12/03/2021
971723,"LIVING HOPE HOSPICE DALLAS","1801 GATEWAY BLVD, STE 105",-,RICHARDSON,TX,75080,DALLAS,"(214) 509-6500",6,For-Profit,10/07/2021
971724,"ALWAYS HERE HOSPICE AND PALLIATIVE CARE LLC","1505 HIGHWAY 6 S STE 230",-,HOUSTON,TX,77077,HARRIS,"(832) 350-2573",6,For-Profit,12/19/2021
971726,"PINNACLE HOSPICE","2743 SMITH RANCH ROAD SUITE 2103",-,PEARLAND,TX,77584,BRAZORIA,"(833) 278-2686",6,For-Profit,11/18/2021
971727,"HJM HOSPICE AND PALLIATIVE CARE","1505 HIGHWAY 6 S SUITE 240",-,HOUSTON,TX,77077,HARRIS,"(832) 704-3609",6,For-Profit,01/20/2022
971728,"HEIGHT'S HOSPICE CARE, L.L.C.","1419 WEST 24TH STREET SUITE B",-,HOUSTON,TX,77008,HARRIS,"(346) 571-7928",6,For-Profit,02/07/2022
971729,"ANCHOR OF LOVE HOSPICE","4209 N 22ND ST",-,MCALLEN,TX,78504,HIDALGO,"(956) 578-8284",6,For-Profit,01/14/2022
971730,"HOSPICE ANGELS, LLC","329 OAKS TRL STE 123",-,GARLAND,TX,75043,DALLAS,"(469) 769-9650",6,For-Profit,01/24/2022
971731,"AEON HOMECARE & HOSPICE, LLC","719 N UPPER BROADWAY, STE 100-A",-,"CORPUS CHRISTI",TX,78401,NUECES,"(361) 855-1303",6,For-Profit,02/08/2022
971732,"ASPIRE HOSPICE LLC","7058 LAKEVIEW HAVEN DR SUITE 113",-,HOUSTON,TX,77095,HARRIS,"(281) 741-8106",6,For-Profit,02/08/2022
971734,"GOLDEN HOSPICE AND PALLIATIVE CARE, INC.","633 E FERNHURST DR STE 502",-,KATY,TX,77494,HARRIS,"(713) 234-7735",6,For-Profit,09/20/2021
971735,"BEYOND HOSPICE & PALLIATIVE CARE, LLC","4010 HIGHLAND VALE CT",-,FRESNO,TX,77545,"FORT BEND","(713) 550-3626",6,For-Profit,11/30/2021
971736,"ADMT CARING HOSPICE","301 E RAMSEY RD STE 305",-,"SAN ANTONIO",TX,78216,BEXAR,"(281) 524-9260",6,For-Profit,01/04/2022
971738,"DIVIN ROSES HOSPICE CARE","3000 KELLER SPRINGS RD 406 A",-,CARROLLTON,TX,75006,DALLAS,"(972) 695-6455",6,Other,10/19/2021
971740,"A MINISTERING HAND HOME CARE SERVICES","340 N SAM HOUSTON PKWY STE A235",-,HOUSTON,TX,77060,HARRIS,"(281) 769-4263",6,For-Profit,10/07/2021
971741,"RESIDENTIAL HOSPICE, INC","9100 SOUTHWEST FWY STE 100A",-,HOUSTON,TX,77004,HARRIS,"(281) 762-0279",6,For-Profit,07/21/2021
971742,"MILLENIA HOSPICE","9450 SKILLMAN STREET SUITE 105",-,DALLAS,TX,75243,DALLAS,"(469) 677-0241",6,For-Profit,02/14/2022
971743,"COMPASSION HOSPICE OF TEXAS","17115 SAN PEDRO AVE STE 105",-,"SAN ANTONIO",TX,78232,BEXAR,"(888) 383-7092",6,For-Profit,02/04/2022
971744,"NEW LIFE HOSPICE","7461 CALLAGHAN ROAD STE. 603",-,"SAN ANTONIO",TX,78229,BEXAR,"(210) 477-7020",6,For-Profit,01/28/2022
971745,"DEVOTED HOSPICE CARE LLC","550 GREENS PKWY STE 100A",-,HOUSTON,TX,77063,HARRIS,"(346) 347-6096",6,For-Profit,10/26/2021
971747,"SOLACE PALLIATIVE AND HOSPICE CARE INC","1951 N JUPITER RD",-,RICHARDSON,TX,75081,DALLAS,"(972) 502-9180",6,For-Profit,11/16/2021
971749,"ABILITY HOSPICE","857 TRISTAR DRIVE STE. A3",-,WEBSTER,TX,77598,HARRIS,"(409) 202-7477",6,For-Profit,09/13/2021
971751,"SAN JOSE HOSPICE CARE","121 E PARK, STE A",-,PHARR,TX,78577,HIDALGO,"(956) 783-5673",6,For-Profit,12/15/2021
971752,"HOLY SAVIOR HOSPICE","1752 SANTA FE ST",-,"CORPUS CHRISTI",TX,78404,NUECES,"(361) 444-6888",6,For-Profit,05/07/2021
971754,"CARE 4 U HOSPICE AND PALLIATIVE CARE INC","8700 COMMERCE PARK DR, SUITE 141",-,HOUSTON,TX,77036,HARRIS,"(281) 974-3751",6,For-Profit,11/09/2021
971755,"JOMEL PALLIATIVE AND HOSPICE CARE, INC.","7070 KNIGHTS CT, STE 1601",-,"MISSOURI CITY",TX,77459,"FORT BEND","(346) 558-0891",6,For-Profit,12/02/2021
971756,"PRAYFUL HOSPICE LLC","2300 VALLEY VIEW LN STE 229",-,IRVING,TX,75062,DALLAS,"(469) 957-0973",6,For-Profit,04/02/2022
971758,"SOUTHERN SKY HOSPICE","8746 WURZBACH RD STE 201-C",-,"SAN ANTONIO",TX,78240,BEXAR,"(210) 729-6922",6,For-Profit,03/14/2022
971759,"BLUE WATER HOSPICE, LLC","660 S. BAGDAD ROAD SUITE 210",-,LEANDER,TX,78641,WILLIAMSON,"(512) 872-2955",6,For-Profit,04/04/2022
971760,"JOL HEALTHCARE","814 EAST AVE STE H",-,KATY,TX,77493,HARRIS,"(512) 786-4198",6,For-Profit,04/01/2022
971761,"A & Z HEALTH CARE LLC","1864 N LOOP 1604 W STE 205",-,"SAN ANTONIO",TX,78248,BEXAR,"(726) 610-3523",6,For-Profit,05/12/2021
971762,"HARBOR HOSPICE OF SOUTH TEXAS LP","801 E NOLANA AVE, STE 20A",-,MCALLEN,TX,78504,HIDALGO,"(956) 800-4977",6,For-Profit,12/06/2021
971763,"HEALING HANDS HEALTHCARE LLC","901 INDIANA AVE STE # 665",-,"WICHITA FALLS",TX,76301,WICHITA,"(940) 432-0588",6,For-Profit,01/13/2022
971764,"REFUGE CARE","900 8TH ST STE 725",-,"WICHITA FALLS",TX,77478,WICHITA,"(877) 914-2273",6,For-Profit,04/19/2022
971765,"HOPE BEYOND HOSPICE","25511 BUDDE RD STE 2501",-,"THE WOODLANDS",TX,77380,MONTGOMERY,"(832) 995-0821",6,For-Profit,02/17/2022
971766,"CROSS STONE HOSPICE","6001 GEORGE BUSH DRIVE",-,KATY,TX,77493,HARRIS,"(713) 553-1321",6,For-Profit,12/10/2021
971767,"COMFORTS OF HOME HEALTHCARE LLC","1464 E WHITESTONE BLVD, STE 601",-,"CEDAR PARK",TX,78613,WILLIAMSON,"(512) 547-7490",6,For-Profit,04/22/2022
971768,"TEXAS HOSPICE PROVIDERS LLC","2306 GUTHRIE ROAD STE 260H",-,GARLAND,TX,75043,DALLAS,"(972) 424-4401",6,For-Profit,05/05/2022
971769,"CELESTIAL HOSPICE, INC","2922 ROSEDALE ST  STE 1240",-,HOUSTON,TX,77004,HARRIS,"(713) 874-1234",6,For-Profit,06/08/2022
971770,"FREELANCE HOSPICE LLC","15020 FM 529 ROAD STE.200",-,HOUSTON,TX,77095,HARRIS,"(800) 216-0716",6,For-Profit,05/27/2022
971771,"PATMOS HOSPICE INC","900 B CLUBSIDE DR",-,"EAST BERNARD",TX,77435,WHARTON,"(281) 903-7380",6,For-Profit,04/29/2022
971773,"CENTURY HOSPICE LLC","3620 N.JOSEY LANE, SUITE # 114 A",-,CARROLLTON,TX,75007,DENTON,"(972) 695-6126",6,For-Profit,05/18/2022
971775,"LIFE NEW LOOK HOSPICE LLC","2323 S VOSS RD, STE 640",-,HOUSTON,TX,77057,HARRIS,"(281) 730-1786",6,Other,05/20/2022
971776,"ETERNAL LIGHT HOSPICE INC","2922 ROSEDALE ST SUITE 1220",-,HOUSTON,TX,77004,HARRIS,"(713) 874-1234",6,For-Profit,04/01/2022
971777,"AARYN HOSPICE LLC","3411 JEANETTA ST",-,HOUSTON,TX,77063,HARRIS,"(713) 684-7200",6,For-Profit,04/28/2022
971778,"PEACEFUL HOPE HOSPICE AND PALLIATIVE CARE LLC","621 AVE G",-,DALLAS,TX,75203,DALLAS,"(214) 866-9270",6,For-Profit,06/22/2022
971779,"CHARISE HOSPICE CARE LLC","9101 LYNDON B JOHNSON FWY, SUITE 450",,DALLAS,TX,75243,DALLAS,"(469) 895-2180",6,For-Profit,06/22/2022
971780,"CASA HOSPICE, LLC","1980 COUNTRY PLACE PARKWAY",-,PEARLAND,TX,77584,BRAZORIA,"(832) 878-5041",6,For-Profit,04/08/2022
971781,"HOMAGE HOSPICE","8600 WURZBACH RD SUITE 702 T",-,"SAN ANTONIO",TX,78240,BEXAR,"(469) 625-0705",6,For-Profit,02/23/2022
971782,"PDSF HOSPICE & PALLIATIVE CARE INC","7447 HARWIN DR, STE 206",-,HOUSTON,TX,77036,HARRIS,"(800) 459-1569",6,For-Profit,11/30/2021
971785,"GRANDVIEW HOSPICE INC.","4141 PINNACLE SUITE 209",-,"EL PASO",TX,79902,"EL PASO","(915) 500-4209",6,For-Profit,07/28/2022
971787,"TEXAS HEALTHCARE SOLUTIONS INC","7551 CALLAGHAN RD SUITE 201",-,"SAN ANTONIO",TX,78229,BEXAR,"(210) 877-5222",6,For-Profit,07/28/2021
971789,"ENHABIT HOSPICE","1002 MARBLE HEIGHTS DR STE B2",-,"MARBLE FALLS",TX,78654,BURNET,"(830) 262-0808",6,For-Profit,07/08/2022
971790,"BEACON HOSPICE OF GEORGETOWN","16165 RANCH ROAD 620 NORTH SUITE A",-,AUSTIN,TX,78717,TRAVIS,"(512) 443-7100",6,For-Profit,05/03/2022
971791,"ST FRANCIS HOSPICE LLC","4453 SAVAGE STATION DR",-,"GRAND PRAIRIE",TX,75052,DALLAS,"(817) 846-5847",6,For-Profit,07/28/2022
971792,"BLUE HORIZONS HOSPICE OF LAREDO","15418 NACOGDOCHES RD",-,"SAN ANTONIO",TX,78247,BEXAR,"(210) 767-3870",6,For-Profit,08/05/2021
971793,"RELIANTCARE HOSPICE","1801 S CARRIER PKWY",-,"GRAND PRAIRIE",TX,75051,DALLAS,"(972) 544-7124",6,For-Profit,04/12/2022
971795,"CFHC NO7 INC","2819 NW LOOP 410 STE G",-,"SAN ANTONIO",TX,78230,BEXAR,"(956) 270-4838",6,For-Profit,08/02/2022
971796,"TRINITY HOME HEALTH AND HOSPICE","4520 DONIPHAN DR",-,"EL PASO",TX,79922,"EL PASO","(915) 491-4193",6,,08/10/2022
971797,"PEACEFUL BRIDGE HOSPICE","1610 BLODGETT STE B",-,HOUSTON,TX,77004,HARRIS,"(832) 582-5992",6,,07/28/2022
971798,"GRAND HOSPICE, INC","2922 ROSEDALE ST STE 1350",-,HOUSTON,TX,77004,HARRIS,"(713) 874-1234",6,,08/10/2022
971799,"CARING HEART HOSPICE AND PALLIATIVE CARE SERVICES","7171 HIGHWAY 6 N STE 208",-,HOUSTON,TX,77095,HARRIS,"(832) 674-4729",6,,08/27/2021
A01500,"AVEEVA HOSPICE","11860 MAGNOLIA AVENUE, SUITE I",-,RIVERSIDE,CA,92503,RIVERSIDE,"(951) 394-7500",9,For-Profit,09/25/2018
A01501,"GEO HOSPICE CARE, INC","9607 BUSINESS CENTER DRIVE BLDG 13 SUITE G",-,"RANCHO CUCAMONGA",CA,91730,"SAN BERNARDINO","(818) 853-2817",9,For-Profit,10/24/2018
A01502,"ACHIEVA HOSPICE, INC","818 N MOUNTAIN AVE, SUITE 104",-,UPLAND,CA,91786,"SAN BERNARDINO","(909) 981-3000",9,For-Profit,06/11/2018
A01503,"STARLIGHT HOSPICE INC","4959 PALO VERDE ST, SUITE 102B",-,MONTCLAIR,CA,91763,"SAN BERNARDINO","(909) 257-8788",9,For-Profit,10/01/2017
A01504,"HELPING HANDS HOME HEALTH CARE & HOSPICE, INC.","851 BURLWAY ROAD, SUITE 400",-,BURLINGAME,CA,94010,"SAN MATEO","(650) 286-9000",9,For-Profit,08/03/2018
A01505,"STAR CARE HOSPICE, INC","7033 VILLAGE PARKWAY, SUITE A",-,DUBLIN,CA,94568,ALAMEDA,"(510) 468-1909",9,For-Profit,07/06/2018
A01506,"HOSPICE CARE OF THE COAST INC","215 SOUTH HICKORY STREET, SUITE 104",-,ESCONDIDO,CA,92025,"SAN DIEGO","(760) 294-3422",9,For-Profit,12/17/2018
A01507,"PERPETUAL CARE HOSPICE, INC","1985 YOSEMITE AVENUE, SUITE #250",-,"SIMI VALLEY",CA,93063,VENTURA,"(818) 687-2423",9,For-Profit,11/24/2018
A01508,"HOSPICE OF ORANGE COUNTY, INC","1440 N HARBOR BLVD, STE 305A",-,FULLERTON,CA,92835,ORANGE,"(657) 204-9324",9,For-Profit,02/27/2017
A01512,"GENTLE TOUCH HOSPICE, INC","15600 DEVONSHIRE ST, SUITE 202",-,"GRANADA HILLS",CA,91344,"LOS ANGELES","(818) 219-6045",9,For-Profit,10/26/2017
A01515,"VALENCIA HOSPICE CARE","25050 AVENUE KEARNY, SUITE #104",-,VALENCIA,CA,91355,"LOS ANGELES","(661) 249-6245",9,For-Profit,03/22/2018
A01517,"VIDA HOSPICE SERVICES, INC","21671 GATEWAY CENTER DR SUITE 104",-,"DIAMOND BAR",CA,91765,"LOS ANGELES","(818) 561-4980",9,For-Profit,05/07/2018
A01518,"PASSION AND LOVE HOSPICE INC","13601 WHITTIER BLVD, SUITE 413",-,WHITTIER,CA,90605,"LOS ANGELES","(626) 671-1070",9,For-Profit,04/04/2018
A01519,"COLUSA MEDICAL CENTER HOSPICE","199 EAST WEBSTER STREET, SUITE A/B",-,COLUSA,CA,95932,COLUSA,"(530) 619-0800",9,For-Profit,11/26/2018
A01520,"LIGHT ANGEL HOSPICE INC","13609 VICTORY BLVD SUITE 236",-,"VAN NUYS",CA,91401,"LOS ANGELES","(747) 208-4477",9,For-Profit,07/30/2018
A01521,"SVA HOSPICE","14241 VENTURA BLVD. SUITE 305",-,"SHERMAN OAKS",CA,91423,"LOS ANGELES","(818) 946-8061",9,For-Profit,05/08/2018
A01526,"BRISTOL HOSPICE- LANCASTER","44151 15TH STREET WEST, SUITE 201",-,LANCASTER,CA,93534,"LOS ANGELES","(661) 674-3300",9,For-Profit,04/18/2018
A01528,"ST BERNARDINE HOSPICE CARE, INC","6 VENTURE","SUITE 365",IRVINE,CA,92618,ORANGE,"(949) 397-2070",9,For-Profit,08/22/2018
A01529,"VISION VIEJO HOSPICE SERVICES","27281 LAS RAMBLAS, SUITE 209",-,"MISSION VIEJO",CA,92691,ORANGE,"(949) 328-3227",9,For-Profit,06/28/2018
A01530,"ADVOCARE HOSPICE, INC","12377 LEWIS ST.","STE. 103","GARDEN GROVE",CA,92840,ORANGE,"(714) 256-7348",9,For-Profit,11/16/2018
A01531,"TLC HOSPICE INC","2323 WEST LINCOLN AVE, SUITE 209",-,ANAHEIM,CA,92801,ORANGE,"(714) 767-7270",9,For-Profit,12/17/2018
A01532,"LUCENT HOSPICE","5500 BOLSA AVE,SUITE 222",-,"HUNTINGTON BEACH",CA,92649,ORANGE,"(714) 732-6290",9,For-Profit,08/29/2018
A01533,"QUALITY HEALTHCARE HOSPICE","10220 CULVER BLVD, SUITE #206",-,"CULVER CITY",CA,90232,"LOS ANGELES","(888) 863-5290",9,For-Profit,01/16/2019
A01534,"QUIETUDE HOSPICE CARE, INC","6047 TAMPA AVE SUITE 201",-,TARZANA,CA,91356,"LOS ANGELES","(818) 620-8411",9,For-Profit,01/04/2019
A01535,"OLYMPIA HOSPICE CARE INC","13721 VENTURA BLVD",-,"SHERMAN OAKS",CA,91423,"LOS ANGELES","(747) 222-8525",9,For-Profit,01/16/2019
A01536,"ANX HOSPICE CARE","1633 BAYSHORE HWY SUITE 236",-,BURLINGAME,CA,94010,"SAN MATEO","(650) 991-1106",9,For-Profit,09/26/2018
A01537,"HOSPICE OF THE VALLEY","5100 N 6TH STREET, SUITE 150",-,FRESNO,CA,93710,FRESNO,"(559) 227-7202",9,For-Profit,11/02/2018
A01538,"CHARTER HOSPICE OF SAN DIEGO LLC","16955 VIA DEL CAMPO , SUITE 100",-,"SAN DIEGO",CA,92127,"SAN DIEGO","(760) 414-9717",9,For-Profit,12/03/2018
A01539,"ACCENTCARE HOSPICE & PALLIATIVE CARE OF CA - OAKLA","7677 OAKPORT STREET, SUITE 500",-,OAKLAND,CA,94621,ALAMEDA,"(408) 372-7024",9,For-Profit,01/27/2019
A01540,"24/7 TEAM CARE HOSPICE","4225 VALLEY FAIR ST.","SUITE 205","SIMI VALLEY",CA,93063,VENTURA,"(818) 390-7654",9,For-Profit,11/05/2018
A01541,"UNIQUE CARE LOS ANGELES HOSPICE, INC","30423 CANWOOD ST SUITE 226",-,"AGOURA HILLS",CA,91301,"LOS ANGELES","(818) 878-9440",9,For-Profit,09/02/2018
A01542,"HELPFUL HANDS HOSPICE CARE INC","2670 S MYRTLE AVE, SUITE D-203",-,MONROVIA,CA,91016,"LOS ANGELES","(626) 538-4818",9,For-Profit,07/23/2018
A01543,"DIVINE GRACE HOSPICE, INC","4766 PARK GRANADA SUITE 112",-,CALABASAS,CA,91302,"LOS ANGELES","(818) 817-6870",9,For-Profit,07/27/2018
A01546,"FAITHFUL HOSPICE CARE, INC","5924 EAST LOS ANGELES AVENUE, SUITE F",-,"SIMI VALLEY",CA,93063,VENTURA,"(805) 210-0303",9,For-Profit,08/09/2018
A01548,"MINDBODY HOSPICE, INC","30101 AGOURA COURT SUITE 123",-,"AGOURA HILLS",CA,91301,"LOS ANGELES","(844) 777-6463",9,For-Profit,09/21/2018
A01549,"ALLPOINT HOSPICE","3800 BARHAM BLVD SUITE 322",-,"LOS ANGELES",CA,90068,"LOS ANGELES","(213) 265-7179",9,For-Profit,06/27/2018
A01551,"PURVIEW HOSPICE AND PALLIATIVE CARE, INC","200 N MARYLAND AVE. SUITE 201B",-,GLENDALE,CA,91206,"LOS ANGELES","(818) 696-9225",9,For-Profit,08/06/2018
A01552,"MOUNT OLIVES HOSPICE","22148 SHERMAN WAY SUITE 101",-,"CANOGA PARK",CA,91303,"LOS ANGELES","(818) 514-5083",9,For-Profit,08/23/2018
A01555,"PHYSICIANS PREFERRED HOSPICE INC","6047 TAMPA AVE, SUITE 301",-,TARZANA,CA,91356,"LOS ANGELES","(888) 407-6706",9,For-Profit,09/12/2018
A01556,"ELIM WELLCARE HOSPICE, LLC","690 WILSHIRE PL SUITE 307",-,"LOS ANGELES",CA,90005,"LOS ANGELES","(626) 793-7511",9,For-Profit,12/02/2018
A01557,"PURE HOSPICE, INC","12011 VICTORY BOULEVARD, SUITE 204",-,"NORTH HOLLYWOOD",CA,91606,"LOS ANGELES","(818) 769-5518",9,For-Profit,10/31/2018
A01560,"PASSIONATE HEART HOSPICE, INC","17100 PIONEER BLVD SUITE 315",-,ARTESIA,CA,90701,"LOS ANGELES","(818) 541-9400",9,For-Profit,10/30/2018
A01563,"UNITED HOSPICE SERVICES INC","225 EAST BROADWAY, SUITE B104",-,GLENDALE,CA,91205,"LOS ANGELES","(818) 599-6667",9,For-Profit,11/10/2018
A01565,"LUCKY PALLIATIVE SERVICES INCORPORATED","20944 SHERMAN WAY, SUITE 204",-,"CANOGA PARK",CA,91303,"LOS ANGELES","(818) 912-6520",9,For-Profit,12/03/2018
A01567,"SIMPLICITY CARE, INC","10523 BURBANK BLVD, SUITE 111",-,"N HOLLYWOOD",CA,91601,"LOS ANGELES","(818) 697-4504",9,For-Profit,10/30/2018
A01571,"PACIFIC VALLEY HOSPICE CARE, INC","4295 E JURUPA ST. SUITE 201",-,ONTARIO,CA,91761,"SAN BERNARDINO","(818) 528-5748",9,For-Profit,11/30/2018
A01572,"VALLEY REGIONAL HOSPICE INC","6311 N FRESNO STREET, SUITE 103",-,FRESNO,CA,93710,FRESNO,"(559) 431-3333",9,For-Profit,01/20/2019
A01573,"MIRACLE HOSPICE & PALLIATIVE CARE, INC.","15300 VENTURA BLVD SUITE 218",-,"SHERMAN OAKS",CA,91403,"LOS ANGELES","(818) 358-2668",9,For-Profit,07/13/2018
A01575,"EMPRESS HOSPICE, INC","7301 TOPANGA CANYON BLVD. SUITE 370",-,"CANOGA PARK",CA,91303,"LOS ANGELES","(818) 206-8747",9,For-Profit,01/18/2019
A01576,"AARIEL HOSPICE, INC","5301 LAUREL CANYON BLVD, SUITE 201A",-,"VALLEY VILLAGE",CA,91607,"LOS ANGELES","(818) 824-9278",9,For-Profit,01/19/2019
A01577,"ONE LEGACY HOSPICE & PALLIATIVE CARE, INC.","178 SOUTH VICTORY BLVD., SUITE #107",-,BURBANK,CA,91502,"LOS ANGELES","(818) 588-3273",9,For-Profit,02/22/2019
A01582,"BRISTOL HOSPICE INLAND EMPIRE, LLC","6296 RIVER CREST DRIVE, SUITE L",-,RIVERSIDE,CA,92507,RIVERSIDE,"(951) 308-6000",9,For-Profit,02/28/2018
A01583,"RAFAELLA HOSPICE, INC","3071 W OLYMPIC BLVD SUITE 101",-,"LOS ANGELES",CA,90006,"LOS ANGELES","(818) 989-6381",9,For-Profit,03/19/2018
A01585,"ARDENT HOSPICE OF THE VALLEY","601 HIGH ST, UNIT E",-,DELANO,CA,93215,KERN,"(661) 586-5729",9,For-Profit,04/01/2019
A01589,"EVERLOVING HOSPICE, INC","6930 OWENSMOUTH AVE, SUITE #202",-,"CANOGA PARK",CA,91303,"LOS ANGELES","(818) 479-7777",9,For-Profit,02/08/2019
A01591,"LA BELLA VITA HOSPICE, INC","30941 AGOURA ROAD, SUITE 124",-,"WESTLAKE VILLAGE",CA,91361,VENTURA,"(805) 200-4102",9,For-Profit,02/17/2019
A01592,"BUTTERFLY HOSPICE","600 N. MOUNTAIN AVE., SUITE C206",-,UPLAND,CA,91786,"SAN BERNARDINO","(909) 313-2522",9,For-Profit,03/29/2019
A01593,"COMFORT AND PEACE HOSPICE","3944 MURPHY CANYON ROAD, SUITE C100",-,"SAN DIEGO",CA,92123,"SAN DIEGO","(858) 304-2555",9,For-Profit,05/05/2019
A01595,"VERTEX HOSPICE CARE, INC","28436 CONSTELLATION ROAD, SUITE 100",-,"SANTA CLARITA",CA,91355,"LOS ANGELES","(818) 937-4790",9,For-Profit,01/26/2019
A01599,"VIENNA HOSPICE AND PALLIATIVE CARE, INC","26811 SECO CANYON ROAD, SUITE C",-,"SANTA CLARITA",CA,91350,"LOS ANGELES","(818) 405-0085",9,For-Profit,03/15/2019
A01600,"ADVANTAGE HEALTH SYSTEMS","4100 LATHAM STREET, SUITE E",-,RIVERSIDE,CA,92501,RIVERSIDE,"(951) 393-1333",9,For-Profit,02/14/2019
A01602,"BLUE SPIRIT HOSPICE, INC","1433 W MERCED AVE UNIT 220",-,"WEST COVINA",CA,91790,"LOS ANGELES","(323) 468-4604",9,For-Profit,03/15/2019
A01604,"HONEST HOSPICE","8622 RESEDA BLVD, SUITE 218",-,NORTHRIDGE,CA,91324,"LOS ANGELES","(818) 921-4280",9,For-Profit,02/18/2019
A01606,"CARING SHIELD HOSPICE, INC","3538 CENTRAL AVE","SUITE 110",RIVERSIDE,CA,92506,RIVERSIDE,"(818) 482-6290",9,For-Profit,09/12/2018
A01609,"OAK CREEK HOSPICE, LLC","9580 OAK AVENUE PARKWAY SUITE #15",-,FOLSOM,CA,95630,SACRAMENTO,"(916) 458-5994",9,For-Profit,06/25/2019
A01611,"IN GOOD HANDS HOSPICE, INC","12158 HAMLIN STREET, SUITE 3",-,"NORTH HOLLYWOOD",CA,91606,"LOS ANGELES","(818) 760-7164",9,For-Profit,02/22/2019
A01612,"AMERIA HOSPICE CARE, INC","6819 SEPULVEDA BLVD, SUITE 212",-,"VAN NUYS",CA,91405,"LOS ANGELES","(818) 528-6834",9,For-Profit,03/15/2019
A01614,"BEST QUALITY CARE HOSPICE, INC","28497 HIGHWAY 74","UNIT AH210","LAKE ELSINORE",CA,92532,RIVERSIDE,"(818) 835-2817",9,For-Profit,11/27/2018
A01615,"MISSION HOSPICE SERVICES OF RANCHO MIRAGE, LLC","71703 HIGHWAY 111, STE 1C",-,"RANCHO MIRAGE",CA,92270,RIVERSIDE,"(760) 636-4488",9,For-Profit,05/06/2019
A01617,"JOURNEY HOSPICE CARE INC.","600 N MOUNTAIN AVENUE, SUITE C203",-,UPLAND,CA,91786,"SAN BERNARDINO","(909) 399-3945",9,For-Profit,08/06/2019
A01618,"AMERICAN RIVER HOSPICE SERVICES","1451 RIVER PARK DR., SUITE 230",-,SACRAMENTO,CA,95815,SACRAMENTO,"(916) 242-4600",9,For-Profit,06/20/2019
A01619,"ILLUMINATE HOSPICE CARE, INC","3607 W MAGNOLIA BLVD SUITE 2",-,BURBANK,CA,91505,"LOS ANGELES","(323) 401-0508",9,For-Profit,10/04/2018
A01621,"ACCESS HOSPICE","4869 TOPANGA CANYON BOULEVARD, SUITE #5",-,"WOODLAND HILLS",CA,91364,"LOS ANGELES","(213) 923-0931",9,For-Profit,04/18/2019
A01622,"VC HOSPICE, INC","23545 CRENSHAW BLVD, SUITE 202",-,TORRANCE,CA,90505,"LOS ANGELES","(310) 325-0982",9,For-Profit,05/07/2019
A01624,"SAINT JOHN HOSPICE","1055 WILSHIRE BLVD SUITE 1996",-,"LOS ANGELES",CA,90017,"LOS ANGELES","(323) 254-1100",9,For-Profit,03/01/2019
A01627,"VIRTUE HOSPICE AND PALLIATIVE CARE INC","15720 VENTURA BLVD. SUITE 610",-,ENCINO,CA,91436,"LOS ANGELES","(818) 822-2350",9,For-Profit,02/15/2019
A01630,"CALSTRO HOSPICE SAN DIEGO","4849 RONSON CT. SUITE 204",-,"SAN DIEGO",CA,92111,"SAN DIEGO","(760) 487-5595",9,For-Profit,08/19/2019
A01631,"INTRA CARE HOSPICE INC","3251 WEST 6TH STREET, SUITE 418",-,"LOS ANGELES",CA,90020,"LOS ANGELES","(213) 385-5301",9,For-Profit,04/03/2019
A01632,"KAREMORE HOSPICE, INC","505 S VILLA REAL SUITE 211",-,ANAHEIM,CA,92807,ORANGE,"(714) 603-7152",9,For-Profit,07/05/2019
A01633,"DIGNITY HOSPICE PROVIDER","22030 MAIN STREET, SUITE 204",-,CARSON,CA,90745,"LOS ANGELES","(310) 998-7138",9,For-Profit,03/25/2019
A01634,"1 HEART HOSPICE AND PALLIATIVE CARE, INC","23720 ARLINGTON AVE SUITE 4B",-,TORRANCE,CA,90501,"LOS ANGELES","(818) 352-1916",9,For-Profit,04/30/2019
A01635,"HAVEN HOSPICE CARE, INC","4225 VALLEY FAIR ST","SUITE 107","SIMI VALLEY",CA,93063,VENTURA,"(805) 404-9828",9,For-Profit,02/11/2019
A01636,"WE CARE HOSPICE, INC","2333 MOWRY AVENUE, SUITE 300",-,FREMONT,CA,94538,ALAMEDA,"(510) 894-0154",9,For-Profit,07/14/2019
A01637,"CARING PARTNERS HOSPICE CORP","331 ARDEN AVENUE, SUITE 102",-,GLENDALE,CA,91203,"LOS ANGELES","(818) 293-1883",9,For-Profit,03/19/2019
A01639,"SOCAL HOSPICE AND PALLIATIVE CARE SERVICES, INC","401 N BRAND BLVD SUITE 725",-,GLENDALE,CA,91203,"LOS ANGELES","(818) 980-7900",9,For-Profit,02/03/2019
A01640,"HOLLY TRINITY HOSPICE, INC","6340 NORTH COLDWATER CANYON AVENUE, SUITE 203",-,"NORTH HOLLYWOOD",CA,91606,"LOS ANGELES","(818) 502-0724",9,For-Profit,06/19/2019
A01641,"CONEJO VALLEY HOSPICE","1337 E. THOUSAND OAKS BLVD., #202",-,"THOUSAND OAKS",CA,91362,VENTURA,"(805) 232-7111",9,For-Profit,07/27/2019
A01642,"AMERICAN HERITAGE HOSPICE, INC","1837 IRON POINT ROAD, SUITE 180",-,FOLSOM,CA,95630,SACRAMENTO,"(916) 306-5200",9,For-Profit,08/21/2019
A01644,"CENTRAL HOSPICE, INC.","1110 SONORA AVE, SUITE 212",-,GLENDALE,CA,91201,"LOS ANGELES","(818) 951-8400",9,For-Profit,07/22/2019
A01645,"UNITEDCARE HOSPICE, INC","11080 ARTESIA BLVD, SUITE D",-,CERRITOS,CA,90703,"LOS ANGELES","(562) 584-4072",9,For-Profit,07/12/2019
A01646,"HEALTHFLEX HOSPICE","7677 OAKPORT STREET, SUITE 920",-,OAKLAND,CA,94621,ALAMEDA,"(510) 553-1900",9,For-Profit,06/13/2019
A01649,"ASSISTED HOSPICE CARE","1126 N GRAND AVE SUITE 208",-,COVINA,CA,91724,"LOS ANGELES","(805) 371-9988",9,For-Profit,07/17/2019
A01650,"ANITA HOSPICE, INC","201 SOUTH ANITA DRIVE, SUITE 105",-,ORANGE,CA,92868,ORANGE,"(714) 456-9155",9,For-Profit,08/01/2019
A01651,"HEARTFELT HOSPICE AND PALLIATIVE CARE INC","13363 SATICOY STREET, UNIT #106B",-,"N HOLLYWOOD",CA,91605,"LOS ANGELES","(818) 200-0343",9,For-Profit,08/23/2019
A01652,"ABBOT HOSPICE INC","11010 ARROW ROUTE UNIT 102",-,"RANCHO CUCAMONGA",CA,91730,"SAN BERNARDINO","(909) 476-8124",9,For-Profit,09/16/2019
A01653,"GOOD HEART HOSPICE AND PALLIATIVE CARE","41661 ENTERPRISE CIRCLE NORTH, SUITE 217",-,TEMECULA,CA,92590,RIVERSIDE,"(909) 576-8889",9,For-Profit,03/19/2019
A01654,"WESTLAKE VILLA HOSPICE, INC","1272 CENTER COURT DRIVE SUITE 206",-,COVINA,CA,91724,VENTURA,"(805) 267-1093",9,For-Profit,11/22/2019
A01655,"MARY OF JOY HOSPICE, INC.","4706 BROOKS ST",-,MONTCLAIR,CA,91763,"SAN BERNARDINO","(909) 447-4440",9,For-Profit,10/30/2019
A01656,"LUXE HOSPICE, INC","881 ALMA REAL DRIVE, SUITE T9-B",-,"PACIFIC PALISADES",CA,90272,"LOS ANGELES","(310) 459-2040",9,For-Profit,08/20/2019
A01658,"SERENE HOSPICE, LLC","20953 DEVONSHIRE, SUITE 5",-,CHATSWORTH,CA,91311,"LOS ANGELES","(818) 717-8600",9,For-Profit,09/10/2019
A01661,"GREAT CHOICE HOSPICE, INC","22222 SHERMAN WAY SUITE 102",-,"CANOGA PARK",CA,91303,"LOS ANGELES","(747) 999-5655",9,For-Profit,10/19/2019
A01662,"MOONLIGHT HOSPICE CARE, INC","348 EAST OLIVE AVENUE, SUITE J",-,BURBANK,CA,91502,"LOS ANGELES","(818) 429-0797",9,For-Profit,09/13/2019
A01663,"HUMANE HOSPICE CARE","1811 WEST KATELLA AVE, SUITE 217",-,ANAHEIM,CA,92804,ORANGE,"(714) 491-0064",9,For-Profit,11/01/2019
A01664,"THE HOSPICE OF SAN DIEGO","12975 BROOKPRINTER PLACE, SUITE 150",-,POWAY,CA,92064,"SAN DIEGO","(858) 722-9090",9,For-Profit,11/25/2019
A01665,"CARING HEART HOSPICE INC","191 SAND CREEK ROAD, SUITE 225",-,BRENTWOOD,CA,94513,"CONTRA COSTA","(408) 482-5735",9,For-Profit,11/20/2019
A01666,"BELLVIEW HOSPICE CARE, INC","255 N D STREET, SUITE 214",-,"SAN BERNARDINO",CA,92401,"SAN BERNARDINO","(909) 000-0000",9,For-Profit,10/16/2019
A01667,"CHERRY BLOSSOM HOSPICE","536 BARSTOW RD",-,BARSTOW,CA,92311,"SAN BERNARDINO","(760) 979-2539",9,For-Profit,08/16/2019
A01669,"A-Z HOSPICE, INC","1445 EAST LOS ANGELES AVENUE SUITE 301-D",-,"SIMI VALLEY",CA,93065,VENTURA,"(818) 454-2189",9,For-Profit,09/24/2019
A01671,"A CARE HOSPICE INC","24445 HAWTHORNE BLVD, SUITE #105",-,TORRANCE,CA,90505,"LOS ANGELES","(310) 375-0090",9,For-Profit,09/19/2019
A01676,"A ONE HOSPICE, INC","5301 LAUREL CANYON BLVD SUITE 223",-,"VALLEY VILLAGE",CA,91607,"LOS ANGELES","(818) 351-7783",9,For-Profit,10/21/2019
A01677,"SYMPHONY HOSPICE, INC","3237 E. GUASTI RD. SUITE 250",-,ONTARIO,CA,91761,"SAN BERNARDINO","(818) 478-8210",9,For-Profit,11/04/2019
A01679,"QUEST HOSPICE, INC.","10660 WHITE OAK AVENUE, SUITE 230",-,"GRANADA HILLS",CA,91344,"LOS ANGELES","(818) 875-7000",9,For-Profit,10/08/2019
A01681,"EVERGREEN HOME CARE & HOSPICE, INC","3756 SANTA ROSALIA DRIVE, SUITE 520B",-,"LOS ANGELES",CA,90008,"LOS ANGELES","(323) 293-7072",9,For-Profit,09/13/2019
A01684,"ARBOR HOSPICE, INC","19725 SHERMAN WAY, SUITE 295 D",-,WINNETKA,CA,91306,"LOS ANGELES","(818) 582-6144",9,For-Profit,10/22/2019
A01685,"ANN HOSPICE, INC.","16530 VENTURA BLVD. SUITE 204",-,ENCINO,CA,91436,"LOS ANGELES","(818) 238-0088",9,For-Profit,09/13/2019
A01686,"SEVA HOSPICE, INC","5380 PIRRONE RD SUITE 301-A",-,SALIDA,CA,95368,STANISLAUS,"(209) 846-9488",9,For-Profit,01/24/2020
A01687,"ATHENA HOSPICE","7636 N INGRAM AVE SUITE 105",-,FRESNO,CA,93711,FRESNO,"(559) 446-0900",9,For-Profit,01/07/2020
A01689,"BIG HEARTS HOSPICE CARE","9812 OLD WINERY PLACE, SUITE 4","SUITE 4",SACRAMENTO,CA,95827,SACRAMENTO,"(916) 389-0877",9,For-Profit,01/03/2020
A01690,"ARMSTRONG HOSPICE","6216 MAIN AVENUE, SUITE B3",-,ORANGEVALE,CA,95662,SACRAMENTO,"(916) 936-4501",9,For-Profit,12/20/2019
A01691,"AGAHOSPICE INC.","16519 VICTOR STREET",-,VICTORVILLE,CA,92395,"SAN BERNARDINO","(760) 881-3441",9,For-Profit,06/25/2019
A01692,"WARM CARE HOSPICE AND PALLIATIVE CARE","12550 BROOKHURST ST, SUITE C",-,"GARDEN GROVE",CA,92840,ORANGE,"(657) 233-5988",9,For-Profit,11/25/2019
A01693,"HEALTH LINK HOSPICE","550 BRYANT STREET, SUITE 1A",-,"SAN FRANCISCO",CA,94107,"SAN FRANCISCO","(415) 513-1222",9,For-Profit,12/02/2019
A01696,"ANGELICARE HOSPICE","12598 CENTRAL AVENUE SUITE 212",-,CHINO,CA,91710,"SAN BERNARDINO","(888) 552-3202",9,For-Profit,12/12/2019
A01697,"SUNCREST HOSPICE CARE","36923 COOK STREET, STE 102-1",-,"PALM DESERT",CA,92211,RIVERSIDE,"(760) 699-0053",9,For-Profit,12/17/2019
A01698,"LIGHTHOUSE HOSPICE & PALLIATIVE CARE SERVICES","640 SOUTH SUNSET AVE, SUITE 202",-,"WEST COVINA",CA,91790,"LOS ANGELES","(626) 480-8000",9,For-Profit,10/29/2019
A01699,"ABSOLUTE HOSPICE AGENCY LLC","4910 VAN NUYS BLVD SUITE 212",-,"SHERMAN OAKS",CA,91403,"LOS ANGELES","(424) 317-5040",9,For-Profit,11/20/2019
A01700,"SDKJ FOREVER, LLC","11428 EAST ARTESIA BLVD, SUITE 26",-,ARTESIA,CA,90701,"LOS ANGELES","(800) 407-1545",9,For-Profit,11/07/2019
A01701,"VALLEY HEART HOSPICE CARE, INC","20953 DEVONSHIRE STREET SUITE 3B",-,CHATSWORTH,CA,91311,"LOS ANGELES","(818) 455-4363",9,For-Profit,11/20/2019
A01704,"DIGNICARE HOSPICE SERVICES, LLC","520 EAST WILSON AVENUE, SUITE 105",-,GLENDALE,CA,91206,"LOS ANGELES","(818) 660-4138",9,For-Profit,11/19/2019
A01706,"GIMAG HOSPICE & PALLIATIVE CARE","4049 1ST STREET, SUITE 135",-,LIVERMORE,CA,94551,ALAMEDA,"(925) 273-7700",9,For-Profit,04/08/2020
A01712,"PIC COMFORT CARE","560 WALL STREET, SUITE F",-,AUBURN,CA,95603,PLACER,"(530) 268-7423",9,For-Profit,02/28/2020
A01715,"VEGA HOSPICE, INC","22148 SHERMAN WAY SUITE 103",-,"CANOGA PARK",CA,91303,"LOS ANGELES","(747) 200-5446",9,For-Profit,12/23/2019
A01717,"DIVINE LIGHT HOSPICE","2535 CAMINO DEL RIO SOUTH, SUITE 210",-,"SAN DIEGO",CA,92108,"SAN DIEGO","(858) 276-7770",9,For-Profit,03/26/2020
A01719,"PROCARE HOSPICE, INC","1614 VICTORY BLVD, SUITE 102",-,GLENDALE,CA,91201,"LOS ANGELES","(818) 660-2931",9,For-Profit,01/17/2020
A01721,"ON TIME HOSPICE CARE INC","3316 W BURBANK BLVD, SUITE A",-,BURBANK,CA,91505,"LOS ANGELES","(747) 260-0047",9,For-Profit,01/23/2020
A01722,"LIFE HOSPICE, INC","5101 EAST LA PALMA AVE, SUITE 100 M",-,ANAHEIM,CA,92807,ORANGE,"(714) 464-2018",9,For-Profit,11/20/2019
A01725,"NIGHTINGALE'S HOSPICE","25096 JEFFERSON AVE, SUITE D",-,MURRIETA,CA,92562,RIVERSIDE,"(951) 200-6695",9,For-Profit,02/12/2020
A01726,"WHITE ROSE HOSPICE, INC","16200 VENTURA BLVD SUITE 202",-,ENCINO,CA,91436,"LOS ANGELES","(818) 848-8863",9,For-Profit,02/14/2020
A01727,"G M H HOSPICE AND PALLIATIVE CARE, INC","16200 VENTURA BLVD SUITE 303",-,ENCINO,CA,91436,"LOS ANGELES","(818) 988-9972",9,For-Profit,02/07/2020
A01728,"A PLUS HOSPICE CARE, INC","10501 VALLEY BLVD, SUITE 1216",-,"EL MONTE",CA,91731,"LOS ANGELES","(626) 279-1168",9,For-Profit,12/27/2019
A01729,"MELROSE COMFORT HOSPICE, INC","150 E OLIVE AVE SUITE 113",-,BURBANK,CA,91502,"LOS ANGELES","(818) 295-3311",9,For-Profit,02/13/2020
A01732,"AMARE HOSPICE","21151 SOUTH WESTERN AVE, SUITE 162",-,TORRANCE,CA,90501,"LOS ANGELES","(424) 558-3456",9,For-Profit,02/22/2020
A01733,"LA HOSPICE SERVICES, INC","6464 W SUNSET BLVD SUITE 945",-,"LOS ANGELES",CA,90028,"LOS ANGELES","(323) 545-2560",9,For-Profit,02/25/2020
A01734,"GEISS MED HOSPICE LLC","5 HUTTON CENTRE DR, SUITE 740",-,"SANTA ANA",CA,92707,ORANGE,"(714) 491-7146",9,For-Profit,03/06/2020
A01735,"CALIFORNIA HOSPICE SERVICES, INC","12440 FIRESTONE BLVD SUITE 1009",-,NORWALK,CA,90650,"LOS ANGELES","(323) 545-2565",9,For-Profit,02/27/2020
A01736,"RUBICON HOSPICE CARE","2001 BEVERLY BLVD SUITE 211",-,"LOS ANGELES",CA,90057,"LOS ANGELES","(888) 576-0059",9,For-Profit,02/11/2020
A01738,"LAKE FOREST HOSPICE","22772 CENTRE DRIVE, SUITE 200",-,"LAKE FOREST",CA,92630,ORANGE,"(949) 305-0057",9,For-Profit,02/06/2020
A01739,"HOSPICE OF HOPE","25301 CABOT RD, SUITE 116",-,"LAGUNA BEACH",CA,92653,ORANGE,"(949) 244-9621",9,For-Profit,03/09/2020
A01741,"UNIVERSAL HEALTH NET MONTEREY, INC","824 MUNRAS AVENUE, SUITE C",-,MONTEREY,CA,93940,MONTEREY,"(831) 920-6345",9,For-Profit,06/08/2020
A01743,"HELPING HANDS HOSPICE CARE GROUP INC","2221 W OLIVE AVE, STE E",-,BURBANK,CA,91506,"LOS ANGELES","(818) 562-7878",9,For-Profit,02/20/2020
A01744,"CHARITABLE HOSPICE AND PALLIATIVE CARE, INC","14540 HAMLIN STREET SUITE B2",-,"VAN NUYS",CA,91411,"LOS ANGELES","(818) 785-4875",9,For-Profit,09/26/2019
A01745,"BRIDGEWATER HOSPICE","2420 W. CARSON STREET, SUITE 205",-,TORRANCE,CA,90501,"LOS ANGELES","(909) 000-0000",9,For-Profit,01/03/2020
A01747,"VIRGO HOSPICE INC","1740 HUNTINGTON DR, SUITE 205",-,DUARTE,CA,91010,"LOS ANGELES","(747) 240-3939",9,For-Profit,02/28/2020
A01748,"WEST COAST PALLIATIVE CARE INC","401 N BRAND BLVD SUITE 627",-,GLENDALE,CA,91203,"LOS ANGELES","(818) 322-0550",9,For-Profit,03/10/2020
A01752,"RADIANCE HOSPICE AND PALLIATIVE CARE","4201 LONG BEACH BLVD SUITE 412A",-,"LONG BEACH",CA,90807,"LOS ANGELES","(818) 588-4826",9,For-Profit,01/04/2020
A01754,"DYNAMIC HOSPICE AND PALLIATIVE CARE","14260 VENTURA BLVD SUITE 200B",-,"SHERMAN OAKS",CA,91423,"LOS ANGELES","(818) 276-9090",9,For-Profit,03/10/2020
A01755,"LENITY HOSPICE LLC","1170 W SHAW AVE SUITE 101",-,FRESNO,CA,93711,FRESNO,"(559) 825-0606",9,For-Profit,04/24/2020
A01756,"DESERT CARE HOSPICE","555 S SUNRISE WAY, SUITE 213",-,"PALM SPRINGS",CA,92264,RIVERSIDE,"(760) 318-0668",9,For-Profit,12/14/2019
A01757,"AASTA HOSPICE","2920 F STREET, SUITE 1-10",-,BAKERSFIELD,CA,93301,KERN,"(661) 523-3686",9,For-Profit,03/19/2020
A01758,"ARCLIGHT HOSPICE, INC","19562 VENTURA BLVD, SUITE 229",-,TARZANA,CA,91356,"LOS ANGELES","(747) 777-9545",9,For-Profit,03/12/2020
A01761,"TRUE CARE HOSPICE OF NORTHERN CALIFORNIA, INC","6375 AUBURN BLVD, SUITE 100",-,"CITRUS HEIGHTS",CA,95621,SACRAMENTO,"(916) 277-0433",9,For-Profit,06/04/2020
A01762,"COMPASSIONATE CARE HOSPICE","7177 BROCKTON AVENUE, STE. 108",-,RIVERSIDE,CA,92506,RIVERSIDE,"(800) 200-7177",9,For-Profit,06/01/2020
A01763,"DESERT VIEW HOSPICE, INC","14338 PARK AVENUE SUITE 4",-,VICTORVILLE,CA,92392,"SAN BERNARDINO","(877) 709-4247",9,For-Profit,05/30/2020
A01764,"AMERICAN QLH","5323 W HILLSDALE AVE",-,VISALIA,CA,93291,TULARE,"(559) 409-2665",9,For-Profit,05/21/2020
A01765,"WGM HOSPICE CARE","1255 W COLTON AVE, SUITE 529",-,REDLANDS,CA,92374,"SAN BERNARDINO","(800) 976-1014",9,For-Profit,07/02/2020
A01766,"DIRECT PROVIDER OF HOSPICE INC.","487 CORONA MALL",-,CORONA,CA,92879,RIVERSIDE,"(909) 727-3013",9,For-Profit,01/17/2020
A01767,"AASTA HOSPICE","80 WOOD ROAD",#304-A,CAMARILLO,CA,93010,VENTURA,"(818) 317-9565",9,For-Profit,02/13/2020
A01768,"LIKE FAMILY HOSPICE AND PALLIATIVE CARE INC","520 EAST WILSON AVENUE, SUITE 225",-,GLENDALE,CA,91206,"LOS ANGELES","(818) 333-6430",9,For-Profit,04/24/2020
A01770,"ESSENCE HOSPICE","32 EXECUTIVE PARK SUITE 150",-,IRVINE,CA,92614,ORANGE,"(949) 723-0585",9,Other,04/23/2020
A01771,"WHITE DOVE HOSPICE, INC","14351 RED HILL AVE., STE. A",-,TUSTIN,CA,92780,ORANGE,"(805) 550-0012",9,For-Profit,07/28/2020
A01772,"MEDVISTA HEALTHCARE, INC","25 EDWARDS CT","SUITE 206",BURLINGAME,CA,94010,"SAN MATEO","(510) 398-8688",9,For-Profit,08/06/2020
A01774,"NELNAR HOSPICE CARE, INC","1250 E WALNUT ST SUITE 250",-,PASADENA,CA,91106,"LOS ANGELES","(323) 530-0606",9,For-Profit,03/24/2020
A01775,"PEACE HOSPICE AND PALLIATIVE CARE, INC","13743 VICTORY BLVD, SUITE F",-,"VAN NUYS",CA,91401,"LOS ANGELES","(310) 667-6797",9,For-Profit,03/18/2020
A01783,"SILVERADO HOSPICE COASTAL VALLEYS","27710 JEFFERSON AVE","SUITE 200",TEMECULA,CA,92590,RIVERSIDE,"(951) 394-0959",9,For-Profit,07/29/2020
A01784,"D' ALEXANDRIA HOSPICE INC","1535 WEST MERCED AVE SUITE 300",-,"WEST COVINA",CA,91790,"LOS ANGELES","(909) 475-0808",9,For-Profit,08/30/2020
A01785,"DEL ROSA HOSPICE AND PALLIATIVE CARE INC","69846 HWY 111, STE D",-,"RANCHO MIRAGE",CA,92270,RIVERSIDE,"(909) 713-2070",9,For-Profit,07/16/2020
A01786,"KARA HEALTH","1100 E ORANGETHORPE AVE SUITE 200Z2",-,ANAHEIM,CA,92801,ORANGE,"(714) 409-8119",9,For-Profit,06/08/2020
A01787,"UNIVERSAL HOSPICE CARE LLC","800 ROBLE AVENUE, SUITE 108",-,"MENLO PARK",CA,94025,"SAN MATEO","(408) 807-1984",9,For-Profit,08/20/2020
A01788,"ANGEL PALLIATIVE CARE AND HOSPICE","90 S SPRUCE AVENUE, SUITE O",-,"SOUTH SAN FRANCISCO",CA,94080,"SAN MATEO","(650) 590-2530",9,For-Profit,08/25/2020
A01789,"LA HOSPICE CENTER, INC","10201 RIVERSIDE DR, SUITE 203",-,"TOLUCA LAKE",CA,91602,"LOS ANGELES","(818) 696-5016",9,For-Profit,05/27/2020
A01790,"ALL INCLUSIVE HOSPICE CARE, INC","6454 VAN NUYS BLVD, SUITE 5",-,"VAN NUYS",CA,91401,"LOS ANGELES","(818) 756-2013",9,For-Profit,06/18/2020
A01791,"GLOBAL HOSPICE AND PALLATIVE CARE, INC","1200 G ST, SUITE B",-,MODESTO,CA,95354,STANISLAUS,"(310) 784-0422",9,Other,02/25/2020
A01794,"DIGNIFIED HOSPICE CARE","10600 MAGNOLIA AVENUE, SUITE H",-,RIVERSIDE,CA,92505,RIVERSIDE,"(951) 977-8666",9,For-Profit,09/14/2020
A01796,"SACRED PASSION HOSPICE CARE, INC.","9007 ARROW ROUTE, SUITE 220",-,"RANCHO CUCAMONGA",CA,91730,"SAN BERNARDINO","(909) 476-3606",9,For-Profit,10/15/2020
A01798,"COMPASSIONATE CARE HOSPICE CENTRAL CALIFORNIA, LLC","7545 N DEL MAR AVE SUITE 204",-,FRESNO,CA,93711,FRESNO,"(559) 432-2003",9,Other,08/04/2020
A11507,"FIRST AMERICAN HOSPICE, INC","436 WEST COLORADO ST, SUITE 209",-,GLENDALE,CA,91204,"LOS ANGELES","(323) 648-8580",9,For-Profit,05/08/2020
A11508,"AMEDI HOSPICE CARE, INC","14242 VENTURA BLVD, SUITE 208",-,"SHERMAN OAKS",CA,91423,"LOS ANGELES","(818) 309-9190",9,For-Profit,04/17/2020
A11509,"LAKESHORE HOSPICE, INC","20700 VENTURA BLVD. SUITE 327",-,"WOODLAND HILLS",CA,91364,"LOS ANGELES","(626) 313-0881",9,For-Profit,04/21/2020
A11510,"HOLISTIC HOSPICE AND PALLIATIVE CARE, INC","105 WEST ALAMEDA AVE, SUITE 218",-,BURBANK,CA,91502,"LOS ANGELES","(818) 563-9300",9,For-Profit,05/06/2020
A11512,"FAMILY COMFORT HOSPICE, INC","7502 FOOTHILL BLVD, SUITE 203",-,TUJUNGA,CA,91042,"LOS ANGELES","(747) 282-0858",9,For-Profit,05/18/2020
A11513,"CARDEA HOSPICE AND PALLIATIVE CARE","7217 CANBY AVENUE",-,RESEDA,CA,91335,"LOS ANGELES","(818) 206-8813",9,For-Profit,05/29/2020
A11517,"MD CHOICE HOSPICE CARE INC","43015 BLACK DEER LOOP, STE 106",-,TEMECULA,CA,92590,RIVERSIDE,"(888) 407-0616",9,For-Profit,10/17/2020
A11519,"SUPERIOR HOSPICE INC","320 EAST WALNUT AVENUE, SUITE A",-,LOMPOC,CA,93436,"SANTA BARBARA","(805) 742-4519",9,For-Profit,10/09/2020
A11520,"ST MARY'S HOSPICE AND PALLIATIVE CARE, INC","15300 VENTURA BLVD SUITE 309",-,"SHERMAN OAKS",CA,91403,"LOS ANGELES","(818) 900-6023",9,For-Profit,05/22/2020
A11524,"SENIOR CARE LIVING SOLUTIONS, LLC","1611 POMONA ROAD, SUITE 202",-,CORONA,CA,92880,RIVERSIDE,"(800) 233-4202",9,For-Profit,10/09/2020
A11527,"BETA HOSPICE CARE INC","1525 N D STREET SUITE 10",-,"SAN BERNARDINO",CA,92405,"SAN BERNARDINO","(909) 763-2411",9,For-Profit,10/12/2020
A11529,"RIVA HOSPICE OF CALIFORNIA","10586 MAGNOLIA AVENUE",-,RIVERSIDE,CA,92505,RIVERSIDE,"(323) 831-6891",9,For-Profit,11/05/2020
A11530,"MEDQUEST HOSPICE CARE","740 EAST ARROW HWY, SUITE D",-,COVINA,CA,91722,"LOS ANGELES","(626) 380-8900",9,For-Profit,04/20/2020
A11533,"SUN RISE HOSPICE CARE, LLC","13658 HAWTHORNE BLVD, SUITE 200B",-,HAWTHORNE,CA,90250,"LOS ANGELES","(310) 644-8303",9,For-Profit,05/21/2020
A11534,"WESTERN PALLIATIVE CARE, INC","21860 BURBANK BLVD, SUITE 180 B",-,"WOODLAND HILLS",CA,91367,"LOS ANGELES","(818) 888-8451",9,For-Profit,05/05/2020
A11536,"SMART CHOICE HOSPICE, INC","20945 DEVONSHIRE ST. SUITE 103",-,CHATSWORTH,CA,91311,"LOS ANGELES","(818) 369-6456",9,For-Profit,06/09/2020
A11538,"MODERN HOSPICE CARE","3639 FOOTHILL BLVD SUITE 101",-,"LA CRESCENTA",CA,91214,"LOS ANGELES","(661) 425-7017",9,For-Profit,06/04/2020
A11539,"NEW VISION HOSPICE","12145 MORA DR UNIT 11",-,"SANTA FE SPRINGS",CA,90670,"LOS ANGELES","(562) 999-1977",9,For-Profit,06/29/2020
A11541,"NEOGEN CARE HOSPICE INC","24301 SOUTHLAND DRIVE, SUITE B7",-,HAYWARD,CA,94545,ALAMEDA,"(510) 440-1383",9,For-Profit,11/04/2020
A11542,"CARELIFE HOSPICE INC","2002 IOWA AVE","SUITE 107",RIVERSIDE,CA,92507,RIVERSIDE,"(951) 521-2273",9,For-Profit,12/25/2020
A11543,"AMERICAN COMPASSIONATE HOSPICE CARE INC","5531 BUSINESS PARK S, STE 202A",-,BAKERSFIELD,CA,93309,KERN,"(661) 619-1271",9,For-Profit,07/29/2020
A11546,"NEXT CARE HOSPICE INC","16480 HARBOR BLVD., SUITE #205",-,"FOUNTAIN VALLEY",CA,92708,ORANGE,"(323) 230-0026",9,For-Profit,08/18/2020
A11547,"HEALING HALO HOSPICE AND PALLIATIVE CARE, INC","30101 AGOURA CT, SUITE 234",-,"AGOURA HILLS",CA,91301,"LOS ANGELES","(818) 927-0008",9,For-Profit,09/14/2020
A11548,"BRIGHT JOURNEY HOSPICE, INC","2913 N GLENOAKS BLVD",-,BURBANK,CA,91504,"LOS ANGELES","(818) 253-4121",9,For-Profit,06/06/2020
A11551,"TRUSTBRIDGE HOSPICE CARE LLC","10999 RIVERSIDE DR SUITE 102",-,"NORTH HOLLYWOOD",CA,91602,"LOS ANGELES","(818) 639-0933",9,For-Profit,06/09/2020
A11552,"TRANQUILITY CARE HOSPICE INC","3704 FOOTHILL BLVD",-,GLENDALE,CA,91214,"LOS ANGELES","(818) 330-9153",9,For-Profit,06/11/2020
A11554,"A1 HEALTHCARE","5006 SUNRISE BLVD, SUITE 202",-,"FAIR OAKS",CA,95628,SACRAMENTO,"(916) 706-2513",9,For-Profit,08/21/2020
A11555,"CAPITOL HOSPICE CARE","9766 WATERMAN RD, SUITE L4",-,"ELK GROVE",CA,95624,SACRAMENTO,"(916) 896-5456",9,For-Profit,11/17/2020
A11557,"A1 PRO HOSPICE CARE","14868 WICKS BLVD.",-,"SAN LEANDRO",CA,94577,ALAMEDA,"(510) 819-0888",9,For-Profit,11/07/2020
A11558,"ACCORD HOSPICE AND PALLIATIVE CARE, INC.","2934 EAST GARVEY AVE S, SUITE 212",-,"WEST COVINA",CA,91791,"LOS ANGELES","(626) 339-3060",9,For-Profit,11/20/2019
A11560,"ON CALL HOSPICE CARE, INC","5311 TOPANGA CANYON BLVD, SUITE 314",-,"WOODLAND HILLS",CA,91364,"LOS ANGELES","(818) 962-0402",9,For-Profit,06/12/2020
A11563,"SONDER HOSPICE CARE","4600 NORTHGATE BLVD, SUITE 130B",-,SACRAMENTO,CA,95834,SACRAMENTO,"(916) 550-1159",9,For-Profit,01/21/2021
A11564,"SANCTUARY HOSPICE","4370 AUBURN BOULEVARD, SUITE A",-,SACRAMENTO,CA,95841,SACRAMENTO,"(916) 671-3017",9,For-Profit,01/18/2021
A11565,"SOLACE HOSPICE","2520 STANWELL DR, SUITE 100",-,CONCORD,CA,94520,"CONTRA COSTA","(925) 692-0012",9,For-Profit,11/18/2020
A11566,"MELODIA HOSPICE","42840 CHRISTY ST, SUITE 102",-,FREMONT,CA,94538,ALAMEDA,"(888) 635-6347",9,For-Profit,12/22/2020
A11568,"TOPKARE HOSPICE INC.","7071 CONVOY COURT, SUITE 101",-,"SAN DIEGO",CA,92111,"SAN DIEGO","(714) 837-0003",9,For-Profit,09/15/2020
A11569,"COMMUNITY'S CHOICE HOSPICE","10737 LAUREL ST, SUITE 245",-,"RANCHO CUCAMONGA",CA,91730,"SAN BERNARDINO","(909) 453-2790",9,For-Profit,10/16/2020
A11571,"LUMEN HOSPICE, INC","9029 RESEDA BLVD, SUITE 200",-,NORTHRIDGE,CA,91324,"LOS ANGELES","(818) 839-8282",9,For-Profit,09/14/2020
A11572,"ADEPT HOSPICE CARE","10737 LAUREL STREET","SUITE 130","RANCHO CUCAMONGA",CA,91730,"SAN BERNARDINO","(909) 748-0010",9,For-Profit,02/02/2021
A11573,"AVILA HOSPICE INC","167 N 3RD STREET, SUITE O",-,UPLAND,CA,91786,"SAN BERNARDINO","(909) 999-9999",9,For-Profit,01/22/2021
A11574,"CARING HANDS HOSPICE LLC","1303 N SAN FERNANDO BLVD SUITE 203",-,BURBANK,CA,91504,"LOS ANGELES","(213) 254-7261",9,For-Profit,02/06/2021
A11575,"HOSPICE PROVIDERS OF THE DESERT, INC","268 N. LINCOLN AVE STE 7A",-,CORONA,CA,92282,RIVERSIDE,"(760) 636-0880",9,For-Profit,02/24/2021
A11576,"SAINT INESS HOSPICE INC","6047 TAMPA AVE. SUITE 209",-,TARZANA,CA,91356,"LOS ANGELES","(747) 212-1868",9,For-Profit,09/03/2020
A11578,"PROVIDENCE HOSPICE INC","440 N MOUNTAIN AVE, SUITE 201G",-,UPLAND,CA,91786,"SAN BERNARDINO","(909) 326-6010",9,For-Profit,02/10/2021
A11579,"ATHOME HOSPICE CARE LLC","100 TOWER RD, SUITE 15, BLDG B",-,"AMERICAN CANYON",CA,94503,SOLANO,"(619) 274-1392",9,For-Profit,11/16/2020
A11583,"SAINT MARIA HOSPICE CARE, INC","715 NORTH CENTRAL AVENUE, SUITE 101",-,GLENDALE,CA,91203,"LOS ANGELES","(818) 648-1767",9,For-Profit,07/03/2020
A11584,"GUARDIAN HOSPICE INC","15130 VENTURA BLVD., SUITE 301",-,"SHERMAN OAKS",CA,91403,"LOS ANGELES","(818) 285-8600",9,For-Profit,06/29/2020
A11585,"GMC PROFESSIONAL HOSPICE CARE, INC","1 N INDIAN HILL BLVD SUITE 205",-,CLAREMONT,CA,91711,"LOS ANGELES","(909) 469-2888",9,For-Profit,04/03/2019
A11587,"BLUE CROSS HOSPICE","4605 LANKERSHIM BLVD, SUITE 305",-,"N HOLLYWOOD",CA,91602,"LOS ANGELES","(818) 913-7294",9,For-Profit,10/13/2020
A11589,"HIGH CARE HOSPICE, INC","2030 IOWA AVENUE, SUITE 110",-,RIVERSIDE,CA,92507,RIVERSIDE,"(760) 469-9639",9,For-Profit,01/29/2021
A11590,"INFINITE HEART HOSPICE","5415 AVENIDA DE LAS ROBLES, SUITE 101",-,VISALIA,CA,93291,TULARE,"(559) 409-7500",9,For-Profit,03/19/2021
A11591,"ARIAS HOSPICE CARE INC","2250 DOUGLAS BLVD, SUITE 135",-,ROSEVILLE,CA,95661,PLACER,"(916) 759-6421",9,For-Profit,03/01/2021
A11592,"CALSTRO HOSPICE ORANGE COUNTY","17332 IRVINE BLVD, SUITE 201",-,TUSTIN,CA,92780,ORANGE,"(714) 908-7877",9,For-Profit,11/30/2020
A11593,"MED GROUP HOSPICE CARE INC","10523 BURBANK BLVD SUITE 124",-,"N HOLLYWOOD",CA,91601,"LOS ANGELES","(805) 210-5509",9,For-Profit,03/31/2021
A11594,"FIRST CHOICE HOSPICE HEALTH CARE INC","1115 N HOLLYWOOD WAY SUITE B",-,BURBANK,CA,91505,"LOS ANGELES","(818) 742-2999",9,For-Profit,07/02/2020
A11595,"OMEGALIFE HOSPICE OF CALIFORNIA, INC","21151 SOUTH WESTERN AVE, SUITE 256",-,TORRANCE,CA,90501,"LOS ANGELES","(310) 357-0398",9,For-Profit,08/04/2020
A11598,"HA DECISIONS HOSPICE, INC","14845 MAGNOLIA BLVD, SUITE 202",-,"SHERMAN OAKS",CA,91403,"LOS ANGELES","(818) 287-8469",9,For-Profit,07/15/2020
A11599,"ADVENTIST HOSPICE CARE, INC","14549 ARCHWOOD ST, SUITE 202",-,"VAN NUYS",CA,91405,"LOS ANGELES","(818) 691-1316",9,For-Profit,08/04/2020
A11600,"AZ HOSPICE PALLIATIVE CARE, INC","6320 VAN NUYS BLVD, SUITE 402A",-,"VAN NUYS",CA,91401,"LOS ANGELES","(818) 538-5121",9,For-Profit,08/11/2020
A11601,"LIMITLESS HOSPICE INC","18425 BURBANK BLVD, SUITE 410",-,TARZANA,CA,91356,"LOS ANGELES","(818) 938-9064",9,For-Profit,09/01/2020
A11607,"CARING JOY PROVIDERS","16255 VENTURA BLVD, SUITE 1016",-,ENCINO,CA,91436,"LOS ANGELES","(818) 641-1125",9,For-Profit,11/03/2020
A11609,"SHORES HOSPICE LLC","2424 VISTA WAY SUITE 206",-,OCEANSIDE,CA,92054,"SAN DIEGO","(858) 951-5454",9,Other,12/23/2020
A11610,"CALSTRO HOSPICE LOS ANGELES","430 S GARFIELD AVE SUITE 300",-,ALHAMBRA,CA,91801,"LOS ANGELES","(818) 697-6374",9,For-Profit,12/01/2020
A11611,"LOVE AND LIGHT HOSPICE CARE, INC","6931 VAN NUYS BLVD. SUITE 332A",-,"VAN NUYS",CA,91405,"LOS ANGELES","(818) 809-2059",9,For-Profit,08/19/2020
A11615,"MERIDIAN HOSPICE, INC","4312 WOODMAN AVE SUITE 302",-,"SHERMAN OAKS",CA,91423,"LOS ANGELES","(818) 857-4582",9,For-Profit,09/21/2020
A11616,"INSTACARE HOSPICE, INC","18401 BURBANK BLVD, SUITE 228",-,TARZANA,CA,91356,"LOS ANGELES","(818) 671-0441",9,For-Profit,09/22/2020
A11617,"PACIFIC SUN HOSPICE","8 N 1ST AVE.",-,ARCADIA,CA,91006,"LOS ANGELES","(626) 247-0077",9,For-Profit,09/21/2020
A11618,"GUARANTEED HOSPICE","500 N BRAND BLVD. SUITE 2000",-,GLENDALE,CA,91203,"LOS ANGELES","(323) 300-4707",9,For-Profit,09/18/2020
A11619,"SILVER SKY HOSPICE, INC.","20121 VENTURA BLVD SUITE 309",-,"WOODLAND HILLS",CA,91364,"LOS ANGELES","(818) 290-3208",9,For-Profit,08/25/2020
A11620,"COMMUNITY HEALTH CARE HOSPICE INC","15315 MAGNOLIA BLVD. SUITE 314",-,"SHERMAN OAKS",CA,91403,"LOS ANGELES","(818) 937-9609",9,For-Profit,09/15/2020
A11621,"GOLDEN GATE HOSPICE CARE","6420 VAN NUYS BLVD, SUITE 201",-,"VAN NUYS",CA,91401,"LOS ANGELES","(747) 282-1515",9,For-Profit,08/13/2020
A11622,"MELROSE HEALTHCARE GROUP","7730 FOOTHILL BLVD",-,TUJUNGA,CA,91042,"LOS ANGELES","(818) 847-7002",9,For-Profit,08/13/2020
A11623,"NORRIS HOSPICE, INC.","9007 ARROW ROUTE","SUITE 240","RANCHO CUCAMONGA",CA,91730,"SAN BERNARDINO","(909) 727-3106",9,For-Profit,08/06/2020
A11624,"UNIQUE HOSPICE CARE, INC.","7321 ATOLL AVE SUITE 107",-,"NORTH HOLLYWOOD",CA,91605,"LOS ANGELES","(818) 722-3458",9,For-Profit,08/26/2020
A11625,"PACIFIC PALLIATIVE SERVICES INC","10523 BURBANK BLVD, SUITE 107",-,"N HOLLYWOOD",CA,91601,"LOS ANGELES","(747) 322-0055",9,For-Profit,07/01/2020
A11626,"LIEM HOSPICE","2550 N. HOLLYWOOD WAY STE 502",-,BURBANK,CA,91505,"LOS ANGELES","(818) 538-5863",9,For-Profit,09/22/2020
A11627,"ART OF HOSPICE, INC","6345 BALBOA BLVD. SUITE 195",-,ENCINO,CA,91316,"LOS ANGELES","(818) 800-3822",9,For-Profit,07/02/2020
A11628,"ST LILLY HOSPICE, INC","14664 VICTORY BLVD SUITE 100",-,"VAN NUYS",CA,91411,"LOS ANGELES","(818) 862-4044",9,For-Profit,10/13/2020
A11629,"TULIP HOSPICE, INC","9221 CORBIN AVE, SUITE 225",-,NORTHRIDGE,CA,91324,"LOS ANGELES","(818) 646-1710",9,For-Profit,09/21/2020
A11631,"SANTA ROSA HOSPICE","2200 S FREMONT AVE. UNIT 201",-,ALHAMBRA,CA,91803,"LOS ANGELES","(626) 239-8545",9,For-Profit,09/29/2020
A11632,"GAMMA HOSPICE, INC","11100 VALLEY BLVD, SUITE 106",-,"EL MONTE",CA,91731,"LOS ANGELES","(747) 205-0025",9,For-Profit,10/16/2020
A11635,"SERAFIM HOSPICE INC","4419 VAN NUYS BLVD SUITE 401",-,"SHERMAN OAKS",CA,91403,"LOS ANGELES","(805) 250-5363",9,For-Profit,10/08/2020
A11639,"USA HOSPICE, INC","120 N VICTORY BLVD SUITE 305",-,BURBANK,CA,91502,"LOS ANGELES","(818) 850-0955",9,For-Profit,09/11/2020
A11640,"ANGEL STORM HOSPICE CARE, INC","5761 WHITNALL HWY, SUITE E",-,"NORTH HOLLYWOOD",CA,91601,"LOS ANGELES","(818) 756-2016",9,For-Profit,10/05/2020
A11641,"A1KARE HOSPICE & PALLIATIVE CARE, INC","8300 TAMPA AVE, SUITE G",-,NORTHRIDGE,CA,91324,"LOS ANGELES","(818) 334-2040",9,For-Profit,10/06/2020
A11642,"SIRIUS HOSPICE, INC","14547 TITUS ST, SUITE 108",-,"PANORAMA CITY",CA,91402,"LOS ANGELES","(818) 946-8088",9,For-Profit,11/10/2020
A11645,"SOUTHLAND HOSPICE INC","12295 OSBORNE ST",-,PACOIMA,CA,91331,"LOS ANGELES","(818) 745-7081",9,For-Profit,10/14/2020
A11646,"LIFE SOURCE HOSPICE","6819 SEPULVEDA BLVD SUITE 209",-,"VAN NUYS",CA,91405,"LOS ANGELES","(626) 236-2323",9,For-Profit,10/15/2020
A11647,"MGD HOSPICE, INC","18623 VENTURA BLVD, SUITE 204",-,TARZANA,CA,91356,"LOS ANGELES","(818) 578-3696",9,For-Profit,10/07/2020
A11648,"BELLA VISTA HOSPICE CARE, INC.","889 PIERCE COURT","SUITE 103","THOUSAND OAKS",CA,91360,VENTURA,"(818) 812-6545",9,For-Profit,10/20/2020
A11650,"ONYX HOSPICE, INC","14245 VENTURA BLVD SUITE 305",-,"SHERMAN OAKS",CA,91423,"LOS ANGELES","(818) 929-8666",9,For-Profit,09/21/2020
A11651,"THRONE HOSPICE INC","10545 BURBANK BLVD SUITE 129",-,"N HOLLYWOOD",CA,91601,"LOS ANGELES","(818) 452-9705",9,For-Profit,10/08/2020
A11652,"SAINT LUKA HOSPICE, INC","14015 VAN NUESS AVE SUITE 6",-,GARDENA,CA,90249,"LOS ANGELES","(818) 960-7272",9,For-Profit,09/28/2020
A11653,"ULTRACARE HOSPICE","970 N TUSTIN AVE SUITE 101",-,ANAHEIM,CA,92807,ORANGE,"(714) 603-7613",9,For-Profit,09/19/2020
A11654,"DIAMOND HOSPICE SERVICES INC","21221 S WESTERN AVE SUITE 140 ROOM 1601",-,TORRANCE,CA,90501,"LOS ANGELES","(626) 899-4621",9,For-Profit,10/24/2020
A11655,"PURE SOUL HOSPICE, INC","10700 BURBANK BLVD UNIT 5",-,"NORTH HOLLYWOOD",CA,91601,"LOS ANGELES","(661) 992-4881",9,For-Profit,10/23/2020
A11656,"HEARTFORD HOSPICE","3 PARK PLZ, SUITE 450",-,IRVINE,CA,92614,ORANGE,"(949) 630-2764",9,For-Profit,10/28/2020
A11657,"PRIME CARE HOSPICE INC","1540 W GLENOAKS BLVD #203",-,GLENDALE,CA,91201,"LOS ANGELES","(818) 937-2666",9,For-Profit,09/18/2020
A11658,"ZEN HOSPICE INC","16250 VENTURA BLVD SUITE 216",-,ENCINO,CA,91436,"LOS ANGELES","(888) 637-0760",9,For-Profit,10/09/2020
A11659,"LAGUNA HILLS HOSPICE","23232 PERALTA DR SUITE 200",-,"LAGUNA HILLS",CA,92653,ORANGE,"(949) 800-5414",9,For-Profit,10/27/2020
A11660,"SUNCREST HOSPICE SAN DIEGO","5575 RUFFIN RD. SUITE 250",-,"SAN DIEGO",CA,92123,"SAN DIEGO","(818) 434-2414",9,For-Profit,08/17/2020
A11661,"DEVINE HOSPICE CARE, INC","20945 DEVONSHIRE ST. SUITE 201-C",-,CHATSWORTH,CA,91311,"LOS ANGELES","(818) 616-3032",9,For-Profit,09/18/2020
A11663,"ASTER PALLIATIVE AND HOSPICE CARE","471 OLD NEWPORT BLVD.","STE. 101","NEWPORT BEACH",CA,92663,ORANGE,"(818) 766-2306",9,For-Profit,09/29/2020
A11668,"HOUSE OF THE RISING SUN","14545 FRIAR ST SUITE 154",-,"VAN NUYS",CA,91411,"LOS ANGELES","(818) 946-8152",9,For-Profit,10/30/2020
A11669,"DIVINE ANGELS HOSPICE","4712 BROOKS ST",-,MONTCLAIR,CA,91763,"SAN BERNARDINO","(909) 399-3323",9,For-Profit,11/29/2020
A11670,"HEALTHVIEW HOSPICE & PALLIATIVE CARE","12750 CENTER COURT DR. S SUITE 660",-,CERRITOS,CA,90703,"LOS ANGELES","(626) 317-5151",9,For-Profit,09/23/2020
A11672,"E&E HOSPICE, INC","2369 COLORADO BLVD, SUITE 201",-,"LOS ANGELES",CA,90041,"LOS ANGELES","(818) 293-7646",9,For-Profit,11/12/2020
A11674,"SUNBRIGHT HOSPICE CARE","4133 MOHR AVE, SUITE A","SUITE A",PLEASANTON,CA,94566,ALAMEDA,"(925) 750-7352",9,For-Profit,02/15/2021
A11676,"FIDELIS CARE","5199 E. PACIFIC COAST HWY SUITE 511",-,"LONG BEACH",CA,90804,"LOS ANGELES","(747) 254-3837",9,For-Profit,09/29/2020
A11678,"AMETRINE HOSPICE","3100 W BURBANK BLVD SUITE 204",-,BURBANK,CA,91505,"LOS ANGELES","(626) 888-4061",9,,11/10/2020
A11679,"CROWN CARE HOSPICE INC","2301 W LINCOLN AVE",-,ANAHEIM,CA,92801,ORANGE,"(714) 325-5037",9,For-Profit,01/18/2021
A11680,"VERONA HOSPICE, INC","9608 VAN NUYS BLVD, SUITE 204A",-,"PANORAMA CITY",CA,91402,"LOS ANGELES","(818) 830-8883",9,For-Profit,10/13/2020
A11681,"MEDHOSPICE, INC","10523 BURBANK BLVD, SUITE 108",-,"N HOLLYWOOD",CA,91601,"LOS ANGELES","(818) 358-2165",9,For-Profit,10/09/2020
A11682,"RN HOSPICE INC","6047 TAMPA AVE SUITE 210",-,TARZANA,CA,91356,"LOS ANGELES","(888) 754-0301",9,For-Profit,01/22/2021
A11683,"VIVO HOSPICE, INC","5535 BALBOA BLVD SUITE 104",-,ENCINO,CA,91316,"LOS ANGELES","(424) 672-2626",9,For-Profit,11/29/2020
A11686,"ST MARKOSS HOSPICE INC","425 E COLORADO ST. SUITE 580A",-,GLENDALE,CA,91205,"LOS ANGELES","(747) 755-2020",9,For-Profit,06/30/2020
A11687,"AFFINITY HOSPICE CARE, INC","26234 INDUSTRIAL BLVD.",-,HAYWARD,CA,94545,ALAMEDA,"(510) 519-9285",9,For-Profit,03/03/2021
A11688,"DHS HOSPICE CARE","4605 LANKERSHIM BLVD, SUITE 208",-,"N HOLLYWOOD",CA,91602,"LOS ANGELES","(818) 452-0085",9,For-Profit,11/12/2020
A11689,"PEACE AND LOVE SERVICES","105 W ALAMEDA AVE SUITE 200",-,BURBANK,CA,91502,"LOS ANGELES","(747) 245-4645",9,For-Profit,01/11/2021
A11690,"COMPASSION HOSPICE CORP","9040 TELEGRAPH RD., SUITE 215",-,DOWNEY,CA,90240,"LOS ANGELES","(657) 696-7831",9,For-Profit,11/09/2020
A11691,"LIFE TOUCH CARE","1303 W VALENCIA DR 204",-,FULLERTON,CA,92833,ORANGE,"(714) 591-5106",9,For-Profit,02/15/2021
A11692,"LA VERA HOSPICE, INC","10700 BURBANK BLVD, SUITE 1",-,"N HOLLYWOOD",CA,91601,"LOS ANGELES","(641) 454-5000",9,For-Profit,10/07/2020
A11693,"MD CARE HOSPICE","303 N GLENOAKS BLVD, SUITE 207",-,BURBANK,CA,91502,"LOS ANGELES","(747) 248-7000",9,For-Profit,10/31/2020
A11694,"CREED HOSPICE, INC","12501 CHANDLER BLVD","SUITE 206","VALLEY VILLAGE",CA,91607,"LOS ANGELES","(805) 416-2273",9,For-Profit,12/03/2020
A11695,"ANGELIC TOUCH HOSPICE","6931 VAN NUYS BLVD SUITE 331H",-,"VAN NUYS",CA,91405,"LOS ANGELES","(818) 636-0941",9,For-Profit,11/09/2020
A11696,"AT EASE HOSPICE & PALLIATIVE CARE","7502 FOOTHILL BLVD, SUITE 104",-,TUJUNGA,CA,91042,"LOS ANGELES","(747) 322-7770",9,For-Profit,11/16/2020
A11697,"PEAK CARE HOSPICE, INC","401 N BRAND BLVD STE 248",-,GLENDALE,CA,91203,"LOS ANGELES","(818) 480-3284",9,For-Profit,01/10/2021
A11699,"ASTREA HOSPICE, INC","12235 BEACH BLVD","STE 200B",STANTON,CA,90680,ORANGE,"(714) 610-8392",9,For-Profit,03/01/2021
A11701,"LUNA HOSPICE INC","8374 TOPANGA CANYON BLVD, SUITE 212",-,"CANOGA PARK",CA,91304,"LOS ANGELES","(818) 616-4616",9,For-Profit,12/08/2020
A11702,"HOSPICE OF NATION, INC","11835 W OLYMPIC BLVD. SUITE 830E",-,"LOS ANGELES",CA,90064,"LOS ANGELES","(626) 539-8681",9,For-Profit,12/21/2020
A11703,"ST PETER'S HOSPICE SERVICES","16106 HART ST",-,"VAN NUYS",CA,91406,"LOS ANGELES","(818) 212-5085",9,For-Profit,11/13/2020
A11705,"FRANKLIN HOSPICE, INC","7630 VINELAND AVE SUITE 203",-,"SUN VALLEY",CA,91352,"LOS ANGELES","(818) 605-3313",9,For-Profit,12/14/2020
A11706,"ETERNAL PEACE HOSPICE INC","160 S OLD SPRINGS RD SUITE 104",-,ANAHEIM,CA,92808,ORANGE,"(949) 705-6744",9,For-Profit,03/05/2021
A11707,"HOSPICE OF SOUTHERN CALIFORNIA","750 NORTH DIAMOND BAR BLVD. SUITE 202",-,"DIAMOND BAR",CA,91765,"LOS ANGELES","(909) 612-0085",9,For-Profit,12/22/2020
A11708,"RNPLUS HOSPICE CARE, INC","231 E IMPERIAL HWY, SUITE 201B",-,FULLERTON,CA,92835,ORANGE,"(714) 350-7550",9,For-Profit,03/31/2021
A11710,"ACUTE HOSPICE CARE, INC","8138 FOOTHILL BOULEVARD, SUITE 320",-,SUNLAND,CA,91040,"LOS ANGELES","(818) 469-4289",9,For-Profit,01/18/2021
A11711,"GOOD LIFE PALLIATIVE CARE","20953 DEVONSHIRE ST STE 8A",-,CHATSWORTH,CA,91311,"LOS ANGELES","(818) 280-3746",9,For-Profit,01/26/2021
A11712,"ANCHOR HOSPICE & PALLIATIVE CARE","5675 RUFFIN RD.","SUITE 200","SAN DIEGO",CA,92123,"SAN DIEGO","(714) 463-6528",9,For-Profit,01/18/2021
A11713,"COMFORT CHOICE HOSPICE CARE","400 WEST VENTURA BOULEVARD, SUITE 110",-,CAMARILLO,CA,93010,VENTURA,"(818) 351-5771",9,For-Profit,02/10/2021
A11714,"SUMMERWIND HOSPICE, INC","1500 CRENSHAW BLVD, STE 201",-,TORRANCE,CA,90501,"LOS ANGELES","(310) 787-8019",9,For-Profit,01/08/2021
A11716,"GREEN PARADISE HOSPICE CARE INC","5658 SEPULVEDA BLVD SUITE 201",-,"VAN NUYS",CA,91411,"LOS ANGELES","(818) 290-3602",9,For-Profit,12/11/2020
A11717,"PM CARE HOSPICE","5300 SANTA MONICA BLVD, SUITE 416",-,"LOS ANGELES",CA,90029,"LOS ANGELES","(323) 552-3300",9,For-Profit,12/16/2020
A11719,"ADVENTIST HEALTH HOME CARE SERVICES","5500 MING AVE., SUITE 120",-,BAKERSFIELD,CA,93309,KERN,"(661) 863-2160",9,Non-Profit,05/17/2021
A11721,"NEWPORT HOSPICE","2151 MICHELSON DRIVE, SUITE 263",-,IRVINE,CA,92612,ORANGE,"(949) 304-1451",9,For-Profit,03/08/2021
A11723,"ATRIUM HOSPICE LLC","144 CONTINENTE AVE","SUITE 130",BRENTWOOD,CA,94513,"CONTRA COSTA","(925) 219-2250",9,For-Profit,03/12/2021
A11724,"SUNNY HOSPICE CARE, INC","3916 FOOTHILL BLVD SUITE C",-,"LA CRESCENTA",CA,91214,"LOS ANGELES","(818) 582-3919",9,For-Profit,01/15/2021
A11725,"HORIZON VIEW HOSPICE INC","232 N LAKE AVE SUITE 225",-,PASADENA,CA,91101,"LOS ANGELES","(626) 031-3088",9,For-Profit,11/30/2020
A11726,"SWEET CARE HOSPICE","5300 SANTA MONICA BLVD SUITE 414",-,"LOS ANGELES",CA,90029,"LOS ANGELES","(323) 552-3300",9,For-Profit,10/20/2020
A11728,"HOLISTIC HOSPICE CARE SERVICES, INC","1616 VICTORY BLVD, STE 202",-,GLENDALE,CA,91201,"LOS ANGELES","(818) 484-5023",9,For-Profit,12/21/2020
A11729,"DIRECT HOSPICE CARE, INC","11700 DUBLIN BLVD.","SUITE 100/110",DUBLIN,CA,94568,ALAMEDA,"(925) 785-2772",9,For-Profit,01/08/2021
A11731,"MISSION HOSPICE SERVICES OF EAST BAY, LLC","1320 WILLOW PASS RD","SUITE 520",CONCORD,CA,94520,"CONTRA COSTA","(617) 529-8463",9,,02/10/2021
A11732,"PALOMAR HEALTH PALLIATIVE & HOSPICE CARE","365 S RANCHO SANTA FE, SUITE 104",-,"SAN MARCOS",CA,92078,"SAN DIEGO","(619) 780-5469",9,Other,02/10/2021
A11735,"COMPLETE CARE HOSPICE INC","9100 WILSHIRE BLVD SUITE 540E",-,"BEVERLY HILLS",CA,90212,"LOS ANGELES","(805) 248-7501",9,For-Profit,01/27/2021
A11736,"ALAMEDA CARE HOSPICE","1280 CIVIC DRIVE,","SUITE 210","WALNUT CREEK",CA,94596,ALAMEDA,"(415) 710-8433",9,For-Profit,03/10/2021
A11737,"BETTER CHOICE HOSPICE INC","2704 MERCANTILE DRIVE",-,"RANCHO CORDOVA",CA,95742,SACRAMENTO,"(916) 870-8090",9,For-Profit,06/29/2021
A11738,"ALUNA CARE, INC","10545 BURBANK BLVD SUITE 109",-,"N HOLLYWOOD",CA,91601,"LOS ANGELES","(818) 351-5372",9,For-Profit,10/20/2021
A11739,"PINNACLE HOSPICE CARE","1504 EUREKA RD. SUITE 250B",-,ROSEVILLE,CA,95661,PLACER,"(916) 993-8731",9,For-Profit,05/24/2021
A11740,"FAITH, HOPE & LOVE HOSPICE CARE INC","4959 PALO VERDE STREET SUITE 201B-1",-,MONTCLAIR,CA,91763,"SAN BERNARDINO","(442) 888-5505",9,For-Profit,06/08/2021
A11741,"AEGIS HOSPICE CARE","4959 PALO VERDE STREET UNIT 206 C-4",-,MONTCLAIR,CA,91763,"SAN BERNARDINO","(909) 447-4257",9,For-Profit,02/14/2021
A11742,"VITAL HOSPICE CARE, LLC","1090 LA PLAYA DR","SUITE 289",HAYWARD,CA,94545,ALAMEDA,"(510) 925-2886",9,For-Profit,12/31/2020
A11743,"OC HOSPICE CARE, INC","19626 VENTURA BLVD, SUITE 225",-,TARZANA,CA,91356,"LOS ANGELES","(747) 215-2070",9,For-Profit,02/10/2021
A11744,"AMERICAN VETERANS HOSPICE","2750 N BELLFLOWER BLVD, SUITE 206",-,"LONG BEACH",CA,90815,"LOS ANGELES","(818) 430-4450",9,For-Profit,02/04/2021
A11745,"EVERY DAY HOSPICE CARE, INC","3029 N SAN FERNANDO BLVD SUITE 110",-,BURBANK,CA,91504,"LOS ANGELES","(818) 859-7013",9,For-Profit,11/17/2020
A11746,"ANCHOR HEALTH","1435 N. MCDOWELL BLVD., SUITE 210",-,PETALUMA,CA,94954,SONOMA,"(415) 598-0944",9,For-Profit,02/14/2021
A11747,"SONATA HOSPICE","22320 FOOTHILL BLVD., SUITE 450",-,HAYWARD,CA,94541,ALAMEDA,"(415) 651-3872",9,For-Profit,02/09/2021
A11748,"GRACE AND GLORY HOSPICE, INC","2145 ELKINS WAY","SUITE A",BRENTWOOD,CA,94513,"CONTRA COSTA","(650) 898-5784",9,For-Profit,02/02/2021
A11749,"BLUE RIBBON HOSPICE, INC","187 EAST WILBUR ROAD, SUITE 9",-,"THOUSAND OAKS",CA,91360,VENTURA,"(805) 601-7711",9,For-Profit,03/05/2021
A11750,"G AND P HOSPICE INC","350 10TH AVENUE, SUITE 1000",-,"SAN DIEGO",CA,92101,"SAN DIEGO","(619) 894-9115",9,For-Profit,12/16/2020
A11751,"APA HOSPICE CARE INC","501 WEST BROADWAY SUITE 800",-,"SAN DIEGO",CA,92101,"SAN DIEGO","(619) 436-1374",9,For-Profit,04/05/2021
A11753,"BEST HOSPICE PROVIDER, INC.","26230 INDUSTRIAL BLVD","SUITE B",HAYWARD,CA,94545,ALAMEDA,"(510) 783-4468",9,For-Profit,01/22/2021
A11754,"DEL ROSA HOSPICE II","275 W. HOSPITALITY LN. SUITE 325",-,"SAN BERNARDINO",CA,92408,"SAN BERNARDINO","(909) 313-5225",9,For-Profit,03/24/2021
A11756,"LIVING ANGELS HOSPICE CARE","4959 PALO VERDE STREET SUITE 208C-1",-,MONTCLAIR,CA,91763,"SAN BERNARDINO","(909) 675-7055",9,For-Profit,09/13/2021
A11757,"TRANQUILITY SANDS HOSPICE, INC","74333 HIGHWAY 111, SUITE 204",-,"PALM DESERT",CA,92260,RIVERSIDE,"(760) 565-1774",9,For-Profit,06/03/2021
A11758,"NEWPORT HOSPICE CARE","9849 FOOTHILL BLVD, UNIT B",-,"RANCHO CUCAMONGA",CA,91730,"SAN BERNARDINO","(714) 681-2553",9,For-Profit,06/11/2021
A11759,"WETHERBY HOSPICE CARE, INC.","167 N 3RD AVE SUITE E",-,UPLAND,CA,91786,"SAN BERNARDINO","(909) 999-6186",9,For-Profit,06/23/2021
A11760,"GOLDEN AGE HOSPICE CARE INC","5311 TOPANGA CANYON BLVD, SUITE 305",-,"WOODLAND HILLS",CA,91364,"LOS ANGELES","(818) 533-2340",9,For-Profit,02/21/2021
A11761,"SOLID HOSPICE CARE, INC.","200 N MARYLAND AVE SUITE 201-C",-,GLENDALE,CA,91206,"LOS ANGELES","(626) 509-5551",9,For-Profit,08/25/2021
A11763,"JBNS CONSULTING, LLC","16700 VALLEY VIEW AVE, SUITE 300",-,"LA MIRADA",CA,90638,"LOS ANGELES","(800) 988-8434",9,For-Profit,02/12/2021
A11764,"AA CARE HOSPICE","715 S AVERILL AVE",-,"SAN PEDRO",CA,90732,"LOS ANGELES","(323) 552-3300",9,For-Profit,12/17/2020
A11765,"AHPC SAN DIEGO INC","500 LA TERRAZA BLVD SUITE 150",-,ESCONDIDO,CA,92025,"SAN DIEGO","(760) 232-6788",9,For-Profit,01/07/2021
A11766,"GLENCARE HOSPICE SERVICES, INC","639 S GLENWOOD PL STE 207",-,BURBANK,CA,91506,"LOS ANGELES","(747) 477-2585",9,For-Profit,01/11/2021
A11767,"HIGHLAND HOSPICE, INC","21220 DEVONSHIRE ST. SUITE 211",-,CHATSWORTH,CA,91311,"LOS ANGELES","(818) 962-8481",9,For-Profit,01/19/2021
A11768,"LA BEST HOSPICE CARE","13746 VICTORY BLVD SUITE 201",-,"VAN NUYS",CA,91401,"LOS ANGELES","(818) 453-5030",9,For-Profit,12/10/2020
A11774,"ALPHA PLUS HOSPICE","1102 SAN FERNANDO RD, SUITE 205",-,"SAN FERNANDO",CA,91340,ALAMEDA,"(818) 433-4405",9,For-Profit,01/21/2021
A11775,"HOME NOW HEALTHCARE SERVICES","120 W AMERICAN CANYON RD, M-10",-,"AMERICAN CANYON",CA,94503,SOLANO,"(707) 551-0960",9,For-Profit,01/26/2021
A11776,"E2 HOSPICE, INC","5123 W SUNSET BLVD, SUITE 206",-,"LOS ANGELES",CA,90027,"LOS ANGELES","(323) 522-6332",9,For-Profit,02/18/2021
A11777,"LOVE AND PEACE HOSPICE, INC","22048 SHERMAN WAY, SUITE 312",-,"CANOGA PARK",CA,91303,"LOS ANGELES","(818) 912-6607",9,For-Profit,04/27/2021
A11778,"ADYA HOSPICE & PALLIATIVE CARE, LLC","700 MAIN STREET","SUITE 210","SUISUN CITY",CA,94585,SOLANO,"(707) 200-2989",9,For-Profit,03/05/2021
A11780,"ANODYNE HOSPICE CARE LLC","39111 PASEO PADRE PKWY","SUITE 304",FREMONT,CA,94538,ALAMEDA,"(925) 968-5392",9,For-Profit,05/17/2021
A11781,"MADRONA HOSPICE CARE INC","185 N REDWOOD DR, SUITE 110",-,"SAN RAFAEL",CA,94903,MARIN,"(628) 243-0550",9,For-Profit,05/25/2021
A11782,"MIDAS HEALING HOSPICE, INC","401 N BRAND BLVD SUITE L106I",-,GLENDALE,CA,91203,"LOS ANGELES","(818) 480-6579",9,For-Profit,01/19/2021
A11783,"INTERIM HEALTHCARE HOSPICE - SACRAMENTO AREA","2366 GOLD MEADOW WAY","SUITE 100","GOLD RIVER",CA,95670,SACRAMENTO,"(510) 394-0280",9,For-Profit,02/18/2021
A11784,"CARE MUST HOSPICE","1631 LINCOLN AVE",-,NAPA,CA,94558,NAPA,"(707) 690-0909",9,For-Profit,05/26/2021
A11785,"SHIELD HOSPICE","7940 SILVERTON AVENUE SUITE 203",-,"SAN DIEGO",CA,92126,"SAN DIEGO","(858) 433-7128",9,For-Profit,05/08/2021
A11786,"A CHOICE HOSPICE CORP","6621 VAN NUYS BLVD, SUITE 102",-,"VAN NUYS",CA,91405,"LOS ANGELES","(888) 407-7783",9,For-Profit,05/24/2021
A11787,"AFFINITY HOSPICE, INC","120 N VICTORY BLVD SUITE 104",-,BURBANK,CA,91502,"LOS ANGELES","(818) 394-9749",9,For-Profit,02/18/2021
A11788,"ADJUSTABLE CARE LIFE INC","1440 N. HARBOR BLVD","SUITE 600B",FULLERTON,CA,92835,ORANGE,"(714) 684-4115",9,For-Profit,04/29/2021
A11790,"ARMALINA HOSPICE, INC","225 E BROADWAY SUITE 103B",-,GLENDALE,CA,91205,"LOS ANGELES","(818) 536-7325",9,For-Profit,05/14/2021
A11791,"ANGELS PROTECTION HOSPICE, INC","1616 VICTORY BLVD SUITE 103",-,GLENDALE,CA,91201,"LOS ANGELES","(747) 215-6404",9,For-Profit,03/26/2021
A11792,"ASTRUM HOSPICE, INC","28100 BOUQUET CANYON RD. SUITE 206",-,"SANTA CLARITA",CA,91350,"LOS ANGELES","(747) 322-7757",9,For-Profit,02/25/2021
A11794,"CALIFORNIA CARE HOSPICE INC","815 E COLORADO ST SUITE 140",-,GLENDALE,CA,91205,"LOS ANGELES","(818) 538-5313",9,For-Profit,01/04/2021
A11795,"CALM CARE HOSPICE, INC","21405 DEVONSHIRE ST. SUITE 223",-,CHATSWORTH,CA,91311,"LOS ANGELES","(747) 262-5353",9,For-Profit,03/23/2021
A11796,"COMPETENT HOSPICE INC","21021 DEVONSHIRE ST. SUITE 205",-,CHATSWORTH,CA,91311,"LOS ANGELES","(818) 646-1900",9,For-Profit,05/04/2021
A91500,"LOVEWELL HOSPICE","825 WATTERS CREEK BLVD, STE 205",-,ALLEN,TX,75013,COLLIN,"(469) 496-5699",6,,08/04/2022
A91501,"ENHABIT HOSPICE","1920 BIRDCREEK DR STE 100B",-,TEMPLE,TX,76502,BELL,"(254) 677-7377",6,,08/15/2022
A91502,"DR HOME HEALTH","11889 BOB WHITE DR APT 832",-,HOUSTON,TX,77035,HARRIS,"(281) 204-8244",6,,06/21/2022
A91503,"OMEGA HOSPICE CARE, LLC","3939 W GREEN OAKS BLVD STE 207",-,ARLINGTON,TX,76016,TARRANT,"(817) 928-5180",6,,06/23/2022
A91504,"A BRIGHTSTART SERVICES, INC","1206 WOODSIDE DR",-,MANSFIELD,TX,76063,TARRANT,"(817) 933-9185",6,,06/08/2022
A91505,"LIFTED HOSPICE","8400 BELLEVIEW DR STE 155",,PLANO,TX,75024,COLLIN,"(972) 777-3000",6,,10/15/2021
A91506,"CONSTELLATION HOSPICE TX","7660 WOODWAY DR., SUITE 538",-,HOUSTON,TX,77063,HARRIS,"(713) 882-9798",6,,08/12/2022
A91507,"LOVING TOUCH HOSPICE INC","2922 ROSEDALE ST  STE 1200",-,HOUSTON,TX,77004,HARRIS,"(713) 874-1234",6,,05/18/2022
A91508,"HOME CARE SELECT HOSPICE","3500 W DAVIS ST, SUITE 150B",-,CONROE,TX,77074,MONTGOMERY,"(936) 756-5800",6,,09/23/2022
A91509,"FOUR PILLARS HOSPICE","2922 ROSEDALE ST",-,HOUSTON,TX,77004,HARRIS,"(936) 828-4612",6,,03/30/2022
A91510,"AMERICA HOSPICE AND PALLIATIVE CARE","830 JULIE RIVERS DR., SUITE 704",-,"SUGAR LAND",TX,77478,"FORT BEND","(281) 595-8005",6,,09/14/2022
A91511,"DN PALLIATIVE HOSPICE LLC","11104 WEST AIRPORT BLVD STE. 115",-,STAFFORD,TX,77477,"FORT BEND","(281) 888-5129",6,,09/09/2022
A91513,"APTIVA HOSPICE & PALLIATIVE LLC","7607 CANDLEGREEN LN",-,HOUSTON,TX,77071,HARRIS,"(346) 802-3774",6,,05/31/2022
A91514,"INSIGHTS HOSPICE CARE INC","15020 FM 529 ROAD STE. 202",-,HOUSTON,TX,77095,HARRIS,"(346) 395-0480",6,,05/25/2022
A91515,"ASSURED HOSPICE & PALLIATIVE CARE","700 E PARK BLVD STE 102",-,PLANO,TX,75074,COLLIN,"(469) 927-4813",6,,08/05/2022
A91516,"CLOVERLEAF HOSPICE AND PALLIATIVE CARE","26717 WESTHEIMER PKWY BLDG 3 SUITE 303",-,KATY,TX,77494,"FORT BEND","(346) 661-0358",6,,06/29/2022
A91517,"VENARKS HOSPICE INC","777 SOUTH CENTRAL EXPRESSWAY STE 5F",-,RICHARDSON,TX,75080,DALLAS,"(214) 484-4926",6,,10/07/2022
A91518,"A GIVING HEART HOSPICE AND PALLIATIVE CARE","1427 GENTLE BEND DR",-,MISSOURI,TX,77489,HARRIS,"(281) 416-5596",6,,10/11/2022
A91520,"ATTENT HOSPICE","3537 TREETOP DR",-,EULESS,TX,76040,TARRANT,"(214) 432-4358",6,,07/03/2022
A91521,"DELL CHILDREN'S AT HOME","4900 MUELLER BLVD, ROOM 3J.015",-,AUSTIN,TX,78723,TRAVIS,"(512) 324-0197",6,,07/26/2022
A91523,"MAGNOLIA HOSPICE","1421 N. WELLS BRANCH PARKWAY ST 105",-,PFLUGERVILLE,TX,78660,TRAVIS,"(512) 610-9503",6,,07/15/2022
A91524,"CAPSTONE HOSPICE LLC","17347 VILLAGE GREEN DR., STE 109",-,"JERSEY VILLAGE",TX,77040,HARRIS,"(281) 204-2695",6,,08/26/2022
A91525,"HALCYON HOME","6431 SANGER AVE.",-,WACO,TX,76710,MCLENNAN,"(512) 815-9009",6,,09/30/2022
A91526,"ANGELS OF CARE HOSPICE LLC","8330 LBJ FREEWAY STE 915",-,DALLAS,TX,75243,DALLAS,"(972) 516-1069",6,,07/07/2022
A91529,"THE GUARDIAN HOSPICE COMPANY OF TEXAS","8627 CINNAMON CREEK DR STE 302U",-,"SAN ANTONIO",TX,78240,BEXAR,"(210) 405-3404",6,,06/27/2022
A91530,"GASPY PALLIATIVE & HOSPICE CARE LLC","363 N. SAM HOUSTON PKWY EAST STE 350",-,HOUSTON,TX,77060,GALVESTON,"(281) 310-8451",6,,10/06/2022
A91531,"LINDENWOOD HOSPICE & PALLIATIVE CARE","802 E. TYLER AVE",-,HARLINGEN,TX,78550,CAMERON,"(956) 423-6100",6,,10/17/2022
A91532,"UTOPIA HOSPICE","7125 MARVIN D LOVE FRWY STE 325",-,DALLAS,TX,75237,DALLAS,"(972) 703-9303",6,,11/23/2022
A91533,"HOSPICE SERVICES INC","2925 SKYWAY CIR N STE 100",-,IRVING,TX,75038,DALLAS,"(214) 296-9623",6,,09/19/2022
A91534,"TOUCHSTONE HEALTH","250 W NOTTINGHAM DR STE 200",-,"SAN ANTONIO",TX,78209,BEXAR,"(210) 541-8884",6,,09/28/2022
A91535,"MEMORIAL FAMILY FOR HOSPICE AND PALLIATIVE CARE LLC","3634 GLENN LAKES LN, STE 102",-,MISSOURI,TX,77459,HARRIS,"(623) 565-3922",6,,10/19/2022
A91536,"FOUNTAIN OF HOPE HOSPICE, LLC","20507 HIDDEN POINT LN",-,RICHMOND,TX,77407,"FORT BEND","(346) 414-7186",6,,11/21/2022
A91537,"MALUHIA HOSPICE CARE PLLC","1620 N ED CAREY DR",-,HARLINGEN,TX,78550,CAMERON,"(956) 620-2273",6,,09/19/2022
A91538,"PJ HOME HEALTH AND HOSPICE","6917 ATWELL DRIVE",-,HOUSTON,TX,77081,HARRIS,"(713) 664-7800",6,,12/08/2021
A91539,"PACIFIC HOSPICE AND PALLIATIVE CARE, LLC","4400 S PIEDRAS DR STE 221",-,"SAN ANTONIO",TX,78228,BEXAR,"(210) 275-2133",6,,11/23/2022
A91540,"VILLAGE CARE HOSPICE","9950 WESTPARK DR. SUITE #424",-,HOUSTON,TX,77063,HARRIS,"(833) 556-8773",6,,01/06/2023
A91542,"KINDFUL HEALTH","24900 PITKIN RD, STE 190",-,SPRING,TX,77386,MONTGOMERY,"(866) 730-4550",6,,10/19/2022
A91543,"QUANTUM HOSPICE","4425 W. AIRPORT FWY SUITE 109",-,IRVING,TX,75062,DALLAS,"(281) 715-3430",6,,10/07/2022
A91546,"ST CYRIL HOSPICE PALLIATIVE CARE SERVICES INC","6220 WESTPARK DR. SUITE 207",-,HOUSTON,TX,77057,HARRIS,"(832) 244-8826",6,,01/09/2023
A91547,"TRIAGE HOSPICE LLC","7001 CORPORATE DR SUITE 229",-,HOUSTON,TX,77036,HARRIS,"(281) 975-5188",6,,07/02/2022
A91548,"ETERNAL FAITH HOSPICE","300 JACKSON ST",-,RICHMOND,TX,77469,"FORT BEND","(726) 246-0161",6,,04/18/2022
A91549,"SUNCREST HOSPICE CARE LLC","2646 S LOOP W STE 635B",-,HOUSTON,TX,77054,HARRIS,"(713) 667-7202",6,,11/23/2022
A91552,"CONNECT CARE HOSPICE INC","13700 VETERANS MEMORIAL DR STE 406",,HOUSTON,TX,77014,HARRIS,"(281) 836-5431",6,,10/31/2022
A91554,"METRO PALLIATIVE & HOSPICE INC","4606 FM 1960 W STE 675",-,HOUSTON,TX,77069,HARRIS,"(832) 301-0818",6,,02/04/2022
A91555,"EXCELLENT LIFE HEALTH SERVICES INC","10701 CORPORATE DR STE 232",-,STAFFORD,TX,77477,"FORT BEND","(713) 492-2905",6,,03/03/2023
A91556,"ALL HANDS HOSPICE AND PALLIATIVE CARE","10701 CORPORATE DR STE 111",-,STAFFORD,TX,77477,"FORT BEND","(713) 357-1594",6,,11/17/2022
A91557,"ALPHA HOSPICE PLUS INC","346 OAKS TRL, STE 211",-,GARLAND,TX,75043,DALLAS,"(214) 258-5223",6,,09/15/2022
A91558,"ALL CARE HOSPICE AND PALLIATIVE CARE","9100 SOUTHWEST FREEWAY SUITE 235",-,HOUSTON,TX,77074,HARRIS,"(800) 214-5806",6,,10/20/2022
A91560,"EXALTING HOSPICE AND PALLIATIVE CARE LLC","5445 ALMEDA RD STE 312",-,HOUSTON,TX,77004,HARRIS,"(832) 815-9086",6,,09/04/2022
A91561,"CLOUDS HOSPICE CARE INC","440 BENMAR DR, STE 1235",-,HOUSTON,TX,77060,HARRIS,"(281) 809-5171",6,,11/11/2022
A91562,"GENISA HOSPICE INTEGRATIVE CARE, INC.","2819 NW LOOP 410 STE R",-,"SAN ANTONIO",TX,78230,BEXAR,"(210) 267-2431",6,,01/13/2023
A91563,"DIVINE GRACE HEALTHCARE INC","515 N SAM HOUSTON PKWY E SUITE 320",-,HOUSTON,TX,77060,HARRIS,"(281) 809-3123",6,,10/20/2022
A91564,"HARMONY HOSPICE CARE","4402 VANCE JACKSON RD, STE 222",-,"SAN ANTONIO",TX,78230,BEXAR,"(210) 807-7484",6,,03/07/2023
A91565,"BEXAR HOSPICE","10408 BRANCH CREST",-,"SAN ANTONIO",TX,78245,BEXAR,"(210) 446-6566",6,,01/04/2023
A91566,"D-RIGHT HOSPICE & PALLIATIVE CARE","6464 SAVOY DR STE 475",-,HOUSTON,TX,77036,HARRIS,"(713) 966-9506",6,,11/09/2022
A91567,"LG PALLIATIVE AND HOSPICE LLC","7457 HARWIN DR. #234",-,HOUSTON,TX,77036,HARRIS,"(832) 478-2707",6,,03/08/2023
A91568,"AMERICAN CHOICE HEALTHCARE INC","13111 N CENTRAL EXPY STE 110",-,DALLAS,TX,75243,DALLAS,"(214) 918-9972",6,,01/27/2022
A91569,"LIFE WAVE HOSPICE CARE LLC","2646 S LOOP W STE 635",-,HOUSTON,TX,77054,HARRIS,"(713) 667-7202",6,,10/26/2022
A91570,"ALL COMPASSIONATE CARE HOSPICE, LLC","1301 S BOWEN RD STE 305",,ARLINGTON,TX,76013,TARRANT,"(214) 281-3959",6,,03/06/2023
A91571,"DESTINY HOSPICE AND PALLIATIVE CARE LLC","2500 E T C JESTER BLVD STE175",-,HOUSTON,TX,77008,HARRIS,"(346) 564-6682",6,,11/07/2022
A91573,"PRODIGIOUS HOSPICES LLC","9000 TESORO DR, STE 200",-,"SAN ANTONIO",TX,78217,BEXAR,"(210) 946-1367",6,,12/19/2022
A91574,"DISTINGUISHED HOSPICE, INC","9950 WESTPARK DR, SUITE 424",-,HOUSTON,TX,77063,HARRIS,"(832) 868-5122",6,,10/12/2022
A91576,"VIKING HOSPICE CARE LLC","4067 LEESHIRE DR",-,HOUSTON,TX,77025,HARRIS,"(281) 938-1764",6,,10/28/2022
A91577,"MI CASA HOSPICE-SAN ANTONIO","1319 MARCH RD",-,"SAN ANTONIO",TX,78214,BEXAR,"(726) 208-4041",6,,04/17/2023
A91579,"STONE CREEK HOSPICE CARE INC.","315 W ALABAMA ST STE 200",-,HOUSTON,TX,77006,HARRIS,"(713) 962-5330",6,,06/20/2022
A91580,"AMARY COMFORT CARE, INC.","10518 KIPP WAY DRIVE SUITE A-1",-,HOUSTON,TX,77099,HARRIS,"(281) 495-3900",6,,02/28/2023
A91581,EDENHOSPICE,"631 LAKEVIEW BLVD",-,"NEW BRAUNFELS",TX,78130,COMAL,"(830) 500-2435",6,,11/08/2022
A91582,"GENCARE HOSPICE LLC","6220 WESTPARK DR SUITE 106 C",-,HOUSTON,TX,77057,HARRIS,"(713) 935-5775",6,,04/18/2023
A91583,"BESPOKE HOSPICE CARE, LLC.","9001 AIRPORT FREEWAY SUITE 580",-,"NORTH RICHLAND HILLS",TX,76180,TARRANT,"(817) 507-6751",6,,04/17/2023
A91584,"QUIET WATERS HOSPICE LLC","10707 CORPORATE DRIVE, SUITE 114",-,STAFFORD,TX,77477,"FORT BEND","(346) 901-4272",6,,03/15/2023
A91587,"DAYLIGHT HOSPICE","2665 VILLA CREEK DRIVE SUITE 206P",-,"FARMERS BRANCH",TX,75234,DALLAS,"(972) 403-3432",6,,01/13/2023
A91588,"LIGHTHOUSE HOSPICE CARE LLC","19903 SONTERRA LANE",-,RICHMOND,TX,77407,"FORT BEND","(832) 614-6358",6,,02/14/2023
A91590,"LORDS CARE HOSPICE, LLC","17290 PRESTON RD, STE 300D3",-,DALLAS,TX,75252,DALLAS,"(469) 567-9493",6,,05/04/2023
A91591,"ANCHORED BY GRACE HOSPICE CARE INC","2819 NW LOOP 410 STE P",-,"SAN ANTONIO",TX,78230,BEXAR,"(325) 480-5001",6,,09/14/2022
A91592,"ORIGINS HOSPICE INC","7322 SOUTHWEST FWY SUITE 610 ROOM A",-,HOUSTON,TX,77074,HARRIS,"(281) 410-1013",6,,05/16/2023
A91593,"ENSO HOSPICE LLC","30425 SMITHSON VALLEY RD LOT B, STE 5",-,"SAN ANTONIO",TX,78261,BEXAR,"(726) 217-8777",6,,10/20/2022
A91594,"UNICARE HEALTH SERVICES","8111 LBJ FREEWAY SUITE 970",-,DALLAS,TX,75251,DALLAS,"(469) 399-0077",6,,07/03/2023
A91595,"HEART & SOUL HOSPICE INC","7322 SOUTHWEST FWY SUITE 610 ROOM C",-,HOUSTON,TX,77074,HARRIS,"(281) 410-1013",6,,04/13/2023
A91596,"TEXAS HOSPICE SERVICES, LLC","3235 N MESQUITE DR SUITE 150",-,MESQUITE,TX,75150,DALLAS,"(214) 735-6622",6,,06/25/2023
A91597,"SOUTHERN BELLE HOSPICE LLC","17806 IH 10 W, STE 327",-,"SAN ANTONIO",TX,78257,BEXAR,"(210) 580-6210",6,,10/04/2022
A91598,"CAREVIEW HOSPICE INC","6800 PARK TEN BLVD STE 219N",-,"SAN ANTONIO",TX,78148,BEXAR,"(210) 497-1440",6,,05/11/2023
A91599,"RIGHT CHOICE HOSPICE","8627 CINNAMON CREEK DR SUITE 302 V",-,"SAN ANTONIO",TX,78240,BEXAR,"(210) 994-5388",6,,10/27/2022
A91600,"EL SINAI HOSPICE AND PALLIATIVE CARE LLC","6921 BONHAM RD STE B",-,BROWNSVILLE,TX,78521,CAMERON,"(956) 431-0462",6,,08/26/2022
A91601,"SOUTHLAKE HOSPICE CARE INC","5899 PRESTON ROAD","SUITE 403B",FRISCO,TX,75034,COLLIN,"(972) 427-2110",6,,05/18/2023
A91603,"ETERNA CARE HOSPICE","8627 CINNAMON CREEK DR. STE 302W",-,"SAN ANTONIO",TX,78240,BEXAR,"(210) 994-5388",6,,05/11/2023
A91604,"EXCELLENT HOSPICE AND PALLIATIVE CARE","18600 S PARKVIEW DR APT 2124",-,HOUSTON,TX,77084,HARRIS,"(800) 379-8952",6,,07/28/2022
A91605,"TRANSCARE HOSPICE","8303 SOUTHWEST FREEWAY  SUITE 545B",-,HOUSTON,TX,77074,HARRIS,"(713) 561-3810",6,,05/26/2023
A91606,"PEACEFUL BRIDGE HOSPICE 3, INC","1610 BLODGETT STREET",-,HOUSTON,TX,77004,HARRIS,"(832) 582-5992",6,,06/01/2023
A91607,"TIMELESS MOMENTS HOSPICE INC","7322 SOUTHWEST FWY SUITE 610 ROOM B",-,HOUSTON,TX,77074,HARRIS,"(281) 410-1013",6,,04/16/2023
A91609,"CHOICE HOSPICE","610 N LOOP 336 E STE 216",-,CONROE,TX,77301,MONTGOMERY,"(281) 742-1142",6,,07/14/2023
A91610,"ENHABIT HOSPICE","5350 S. STAPLES STREET, SUITE 342",-,"CORPUS CHRISTI",TX,78411,NUECES,"(361) 400-1035",6,,06/09/2023
A91611,"WILLOW TREE HOSPICE COMPANY","2819 NW LOOP 410, STE O",-,"SAN ANTONIO",TX,78230,BEXAR,"(830) 260-4515",6,,06/02/2023
A91613,"DIGNITY HOSPICE CARE INC","4500 MERCANTILE PLAZA STE 339",-,"FORT WORTH",TX,76137,TARRANT,"(817) 361-4388",6,,05/25/2023
A91614,"AAA HOSPICE AND PALLIATIVE CARE LLC","1100 NW LOOP 410, SUITE 761",-,"SAN ANTONIO",TX,78213,BEXAR,"(210) 388-9300",6,,04/14/2023
A91615,"ENHABIT HOSPICE","5508 114TH STREET, SUITE B",-,LUBBOCK,TX,79424,LUBBOCK,"(806) 300-8858",6,,07/27/2023
A91617,"SAFE SIDE HOSPICE INC","1560 LIVE OAK ST, STE B",-,WEBSTER,TX,77598,HARRIS,"(832) 535-5018",6,,12/31/2022
A91619,"NIGHTINGALE HOSPICE CARE OF TEXAS INC.","4400 NW LOOP 410, SUITE 115 RM #2",-,"SAN ANTONIO",TX,78229,BEXAR,"(210) 449-6572",6,,07/27/2023
A91620,"ARMS OF COMPASSION HOSPICE CARE","4400 S. PIEDRAS DR STE 215",-,"SAN ANTONIO",TX,78228,BEXAR,"(726) 209-9593",6,,07/19/2023
A91621,"PASSION HOSPICE, INC","12042 BLANCO RD, STE 355",-,"SAN ANTONIO",TX,78216,BEXAR,"(210) 475-3731",6,,08/25/2023
A91622,"TRUE CHOICE HOSPICE","4215 BELTWOOD PARKWAY",-,"FARMERS BRANCH",TX,75244,DALLAS,"(972) 349-0002",6,,04/27/2023
A91623,"HICKORY HOSPICE LLC","8746 WURZBACH RD STE 201E",-,"SAN ANTONIO",TX,78240,BEXAR,"(915) 591-2800",6,,06/20/2023
A91624,"TRUHOME HEALTH & HOSPICE SERVICES LLC","9950 WESTPARK DR STE 302",-,HOUSTON,TX,77063,HARRIS,"(832) 409-2687",6,,05/08/2023
A91625,"CFHC NO22 INC","1370 PANTHEON WAY, SUITE 190",-,"SAN ANTONIO",TX,78232,BEXAR,"(210) 886-8020",6,,06/13/2023
A91626,"ALTA VITA HOSPICE","10300 HERITAGE ST STE 130",-,"SAN ANTONIO",TX,78216,BEXAR,"(210) 332-5462",6,,06/23/2023
A91627,"TEXAS HEROES HOSPICE, INC","2819 NW LOOP 410 STE S",-,"SAN ANTONIO",TX,78230,BEXAR,"(726) 256-4376",6,,05/10/2023
A91628,"ETERNAL FAITH HOSPICE","300 JACKSON ST",-,RICHMOND,TX,77063,"FORT BEND","(726) 246-0161",6,,08/14/2023
A91629,"HEAVENLY HEALTH CARE","1506 E GRIFFIN PARKWAY STE B",-,MISSION,TX,78572,HIDALGO,"(956) 271-4755",6,,09/15/2023
A91630,"MATRIX HOME HEALTH SERVICES","11351 JAMES WATT, BUILDING C 400",-,"EL PASO",TX,79936,"EL PASO","(915) 633-8104",6,,07/07/2023
A91631,"ARIEL HOSPICE","2425 BABCOCK ROAD, SUITE 102",-,"SAN ANTONIO",TX,78229,BEXAR,"(210) 272-0233",6,,07/08/2022
A91632,"BETTER DAYS PALLIATIVE & HOSPICE CARE, LLC","7070 KNIGHTS CT, SUITE 601",-,"MISSOURI CITY",TX,77459,"FORT BEND","(713) 550-3628",6,,09/14/2023
A91635,"VBM HOSPICE INC","675 TOWN SQUARE BLVD BLDG 1A STE 200 RM 224",-,GARLAND,TX,75040,DALLAS,"(217) 774-2916",6,,07/31/2023
A91636,"AGAPE FAMILY HOSPICE INC","9502 COMPUTER DR. SUITE #114",-,"SAN ANTONIO",TX,78229,BEXAR,"(210) 702-3933",6,,09/06/2023
A91638,"NEW VISION PALLIATIVE & HOSPICE CARE, LLC","7111 HARWIN DR STE 282",-,HOUSTON,TX,77036,HARRIS,"(832) 715-0915",6,,09/07/2023
A91639,"BREEZE HOSPICE LLC","3939 US HIGHWAY 80 E SUITE 239B",-,MESQUITE,TX,75150,DALLAS,"(214) 258-6072",6,,06/02/2023
A91640,"AMEN HOSPICE HUNTSVILLE","415 WOODLINE DR",-,SPRING,TX,77386,MONTGOMERY,"(832) 415-1605",6,,09/01/2023
A91641,"THE GROVE CARE CENTERS OF AMERICA","4606 FM 1960 RD WEST, STE 610",-,HOUSTON,TX,77069,HARRIS,"(832) 661-7501",6,,09/29/2023
A91642,"MEMORIAL HEALTH","7207 REGENCY SQUARE BLVD STE 260-26",-,HOUSTON,TX,77036,HARRIS,"(720) 254-5439",6,,06/22/2023
A91643,"MARGARET'S VINEYARD HOSPICE AND HEALTHCARE SERVICES, LLC","15995 N. BARKER'S LANDING ROAD STE 240",-,HOUSTON,TX,77079,HARRIS,"(832) 661-7501",6,,10/06/2023
A91645,"AAA HOSPICE CARE INC","4500 MERCANTILE PLAZA STE 344",-,"FORT WORTH",TX,76137,TARRANT,"(817) 361-4387",6,,06/23/2023
A91647,"COMPASSUS- CORPUS CHRISTI","326 S ENTERPRIZE PKWY STE 326",-,"CORPUS CHRISTI",TX,78405,NUECES,"(361) 232-4459",6,,11/21/2023
A91648,"VETERAN MEMORIAL HOSPICE","7207 REGENCY SQUARE BLVD SUITE 260-23",-,HOUSTON,TX,77036,HARRIS,"(623) 565-3922",6,,05/01/2023
A91649,"THOUSAND OAKS HOSPICE CARE INC","2550 PACIFIC AVE STE 700 OFC 739",-,DALLAS,TX,75226,DALLAS,"(800) 978-0402",6,,08/29/2023
A91650,"AMEN HOSPICE CYPRESS","415 WOODLINE DRIVE",-,SPRING,TX,77386,MONTGOMERY,"(832) 415-1605",6,,08/08/2023
A91651,"ADIRA HOSPICE LLC","1350 E ARAPAHO RD STE 236A",-,DALLAS,TX,75081,DALLAS,"(972) 327-3399",6,,09/05/2023
A91652,"CASA MIA HOSPICE CARE, LLC.","2223 PRIMROSE AVE",-,MCALLEN,TX,78539,HIDALGO,"(956) 277-1221",6,,05/25/2023
A91654,"CYPRESS HOSPICE LLC","8746 WURZBACH RD STE 201F",-,"SAN ANTONIO",TX,78240,BEXAR,"(210) 729-6922",6,,08/03/2023
A91656,"SHEKINA GLORY LEGACY HOSPICE & PALLIATIVE SERVICES","17006 AUDREY ARBOR WAY",-,RICHMOND,TX,77407,"FORT BEND","(318) 497-0654",6,,10/23/2023
A91657,"SUNLIGHT HOSPICE COMPANY","9502 COMPUTER DR.","STE 115","SAN ANTONIO",TX,78229,BEXAR,"(210) 444-9186",6,,09/27/2023
A91658,"SOUTHERN LEGACY HOSPICE LLC","33300 EGYPT LN, STE L800 MAGNOLIA, TX 77354",-,MAGNOLIA,TX,77354,MONTGOMERY,"(213) 550-7205",6,,11/24/2023
A91659,"RED MAPLE HOSPICE","3939 BELT LINE ROAD, SUITE 150",-,ADDISON,TX,75001,DALLAS,"(469) 902-4402",6,,10/30/2023
A91660,"RISING ANGELS PALLIATIVE & HOSPICE LLC","34064 BRUMLOW ROAD SUITE 103",-,WALLER,TX,77484,HARRIS,"(832) 827-3294",6,,11/12/2023
A91661,"HEALING CARE HOSPICE INC","950 E STATE HIGHWAY 114 STE 160 R128",-,SOUTHLAKE,TX,76092,TARRANT,"(972) 427-2255",6,,10/29/2023
A91662,"BLUE ROSE HOSPICE AND PALLIATIVE CARE INC","7322 SOUTHWEST FWY SUITE 610 ROOM E",-,HOUSTON,TX,77074,HARRIS,"(281) 410-1013",6,,06/08/2023
A91663,"STONEWOOD HOSPICE INC","5572 FM 408 SUITE C",-,ORANGE,TX,77630,ORANGE,"(409) 351-3262",6,,11/13/2023
A91664,"NAVIGATE HOME HEALTH AND HOSPICE","2803 W AVENUE T",-,TEMPLE,TX,76504,BELL,"(254) 541-0054",6,,11/20/2023
A91665,"STAR HOSPICE CARE INC","6100 CORPORATE DR. STE. 330",-,HOUSTON,TX,77036,HARRIS,"(713) 785-4949",6,,10/08/2023
A91666,"SACRED HEART ENTERPRISES, P.C.","1846 N LOOP 1604 W SUITE 205/ OFFICE 241",-,"SAN ANTONIO",TX,78248,BEXAR,"(210) 265-5422",6,,12/07/2023
A91667,"K&M HOSPICE LLC","20534 SAM HOUSTON BLVD. STE E",-,"RIO HONDO",TX,78583,CAMERON,"(956) 793-3227",6,,10/24/2023
A91668,"BLISS HOSPICE LLC","2735 VILLA CREEK DRIVE SUITE 130B",-,DALLAS,TX,75234,DALLAS,"(214) 364-7712",6,,11/17/2023
A91669,"HEALING TOUCH HOSPICE, LLC","2304 JOE RAMSEY BLVD. E",-,GREENVILLE,TX,75401,HUNT,"(903) 458-9003",6,,11/15/2023
A91670,"STELLAR HOSPICE & PALLIATIVE CARE LLC","6220 WESTPARK DRIVE SUITE 106D",-,HOUSTON,TX,77057,HARRIS,"(281) 410-5908",6,,10/16/2023
A91671,"SAVANNAH HOSPICE AND PALLIATIVE CARE INC.","1505 HIGHWAY 6 S STE 215",-,HOUSTON,TX,77077,HARRIS,"(346) 481-7197",6,,12/03/2023
A91672,"TWIN OAKS HOSPICE LLC","315 W ALABAMA ST STE 200",-,HOUSTON,TX,77006,HARRIS,"(281) 509-3924",6,,12/06/2023
A91673,"NORTH STAR HOSPICE, LLC","6012 AVENUE T",-,GALVESTON,TX,77551,GALVESTON,"(409) 539-5634",6,,01/04/2024
A91675,"A NEIGHBORHOOD HOSPICE AND PALLIATIVE CARE, LLC","208 DIAMOND ST STE 5",-,"LA JOYA",TX,78560,HIDALGO,"(956) 591-0100",6,,12/21/2023
A91676,"PRIME CHOICE HOSPICE & PALLIATIVE CARE LLC","3300 S GESSNER RD, STE 125",-,HOUSTON,TX,77063,HARRIS,"(832) 622-6418",6,,01/03/2024
A91677,"ALL FAITH HOSPICE CARE, INC","5805 CALLAGHAN RD STE 104B",-,"SAN ANTONIO",TX,78228,BEXAR,"(210) 255-1086",6,,09/28/2023
A91678,"SAINT CARE HOSPICE INC","8951 CYPRESS WATERS BLVD STE 1056",-,COPPELL,TX,75019,DALLAS,"(323) 804-9971",6,,01/10/2024
A91679,"REFUGE HOSPICE, LLC","4831 WHIRLWIND DR., STE 1",-,"SAN ANTONIO",TX,78217,BEXAR,"(210) 296-6898",6,,01/08/2024
A91681,"HARBOR HOSPICE OF CENTRAL SAN ANTONIO LP","15714 HUEBNER ROAD, SUITE 2B3",-,"SAN ANTONIO",TX,78248,BEXAR,"(210) 481-0500",6,,10/10/2022
A91682,"NEW BEGINNINGS HOSPICE LLC","790 GENERATIONS DR. STE 205",-,"NEW BRAUNFELS",TX,78130,COMAL,"(830) 310-7303",6,,12/06/2023
A91683,"BLUE BONNET HOSPICE","6525 W SAM HOUSTON PKWY N, STE C",-,HOUSTON,TX,77041,HARRIS,"(800) 590-5738",6,,01/10/2024
A91684,"PARAMOUNT PALLIATIVE AND HOSPICE OF TEXAS LLC","7043 SLIDING ROCK CIRCLE",-,SPRING,TX,77379,HARRIS,"(346) 505-0160",6,,11/16/2023
A91685,"HOSPICE 365 LLC","333 N RIVERSHIRE DR SUITE 260",-,CONROE,TX,77304,MONTGOMERY,"(936) 207-2476",6,,12/11/2023
A91686,"DUNAMIS HOSPICE AND PALLIATIVE CARE INC","6401 SOUTHWEST FREEWAY SUITE 200",-,HOUSTON,TX,77074,HARRIS,"(346) 763-9546",6,,11/01/2023
A91687,"FALLING STARS PALLIATIVE & HOSPICE LLC","34064 BRUMLOW RD, STE 106",-,WALLER,TX,77484,WALLER,"(281) 772-5757",6,,09/01/2023
A91688,"JOURNEY HOSPICE CARE LLC -","3309 WINTHROP AVE, STE 88",-,"FORT WORTH",TX,76116,TARRANT,"(682) 553-1163",6,,11/28/2023
A91689,"EMERALD CARE HOSPICE LLC","4201 1960 RD SUITE 555",-,HOUSTON,TX,77068,HARRIS,"(832) 572-5545",6,,01/16/2024
A91690,"HEARTS PALLIATIVE & HOSPICE CARE LLC","9894 BISSONNET STREET SUITE 395",-,HOUSTON,TX,77036,HARRIS,"(346) 205-5780",6,,12/06/2023
A91691,"ALFA HOME HEALTH AND HOSPICE, LLC","315 CALLE DEL NORTE, STE 203",-,LAREDO,TX,78041,WEBB,"(956) 568-2240",6,,01/26/2024
A91692,"MERCYLAND HOSPICE CARE LLC","2901 WILCREST DR, SUITE 139",-,HOUSTON,TX,77042,HARRIS,"(832) 831-5365",6,,08/10/2023
A91693,"HOPE 4 ALL HOSPICE LLC","1433 PRAIRIE DR",-,CARROLLTON,TX,75007,DENTON,"(469) 817-7759",6,,03/12/2024
A91694,"GREATER HELP HOSPICE LLC","1003 BECKETT, STE 202",-,"SAN ANTONIO",TX,78213,BEXAR,"(210) 816-1480",6,,12/20/2023
A91695,"REMARKABLE HOSPICE","7400 VISCOUNT BLVD STE 114",-,"EL PASO",TX,79925,"EL PASO","(915) 615-7040",6,,03/13/2024
A91697,"MY HOME HOSPICE COMPANY","10300 HERITAGE ST., STE 230",-,"SAN ANTONIO",TX,78216,BEXAR,"(210) 444-9186",6,,01/24/2024
A91698,"OUR SACRED HEART HOSPICE, LLC","2105 JACKSON CREEK",-,EDINBURG,TX,78539,HIDALGO,"(956) 603-2006",6,,04/03/2024
A91699,"INTEGRITY HOSPICE","2277 OAKLEAF TRAIL LANE",-,"LEAGUE CITY",TX,77573,GALVESTON,"(844) 323-2675",6,,02/29/2024
A91700,"BESTCARE HOME HEALTH INC","5583 DAVIS BLVD, STE 300",-,"NO RICHLAND HILLS",TX,76180,TARRANT,"(817) 595-9566",6,,02/28/2024
A91701,"GUARDIAN HOME CARE LLC","612 W NOLANA AVE SUITE 570-B1",-,MCALLEN,TX,78504,HIDALGO,"(956) 631-4421",6,,01/12/2024
A91702,"LEGACY NOW HOSPICE LLC","10301 NORTHWEST FREEWAY SUITE 420",-,HOUSTON,TX,77092,HARRIS,"(346) 436-2338",6,,03/01/2024
A91703,"LUMINOS HOSPICE","111 UNIVERSITY DRIVE EAST SUITE 110",-,"COLLEGE STATION",TX,77840,BRAZOS,"(979) 291-0319",6,,03/21/2024
A91704,"MARILUX PALLIATIVE AND HOSPICE CARE","9889 BELLAIRE BLVD STE 134",-,HOUSTON,TX,77036,HARRIS,"(281) 904-2578",6,,04/04/2024
A91705,"HIGH POINT HOSPICE","1700 W GRIFFIN PARKWAY",-,MISSION,TX,78572,STARR,"(956) 583-8876",6,,05/20/2024
A91706,"COZY TRANSITIONAL HOSPICE CARE INC","18203 WAVERLY BEND LN",-,CYPRESS,TX,77433,HARRIS,"(713) 401-6192",6,,04/09/2024
A91707,"BRIGHTSIDE HOSPICE AND PALLIATIVE CARE CORPORATION","1505 HIGHWAY 6 S STE 220",-,HOUSTON,TX,77077,HARRIS,"(832) 973-1111",6,,04/22/2024
A91709,"ADOM HOSPICE COMPANY, LLC","140 CYPRESS STATION DR, STE 100-13",-,HOUSTON,TX,77090,HARRIS,"(281) 836-5436",6,,04/18/2024
A91710,"C&M HOSPICE LLC","20534 SAM HOUSTON BLVD. STE C",-,"RIO HONDO",TX,78583,CAMERON,"(956) 793-3227",6,,10/24/2023
A91711,"NEST HOME HOSPICE","7322 SOUTHWEST FREEWAY SUITE 1-1182",-,HOUSTON,TX,77074,HARRIS,"(713) 505-1279",6,,07/09/2023
A91712,"LIMITLESS HOSPICE LLC","75501-10, STE 1400-1432",-,"SAN ANTONIO",TX,78229,BEXAR,"(210) 201-4584",6,,05/06/2024
A91713,"WILLOW HOSPICE LLC","301 N LYON ST",-,"TOM BEAN",TX,75491,GRAYSON,"(469) 667-4787",6,,01/27/2024
A91714,"ADVANCE CARE PLUS HOSPICE LLC","18319 LICOLA MEADOW LANE",-,RICHMOND,TX,77407,"FORT BEND","(832) 788-7707",6,,03/24/2024
A91715,"RELAX HOSPICE AND PALLIATIVE CARE LLC","3939 HAWTHORNE GLEN CT",-,FRESNO,TX,77545,"FORT BEND","(346) 253-9965",6,,05/02/2024
A91716,"SHORELINE HOSPICE CARE, LLC","2611 N. BELTLINE RD. SUITE 160",-,SUNNYVALE,TX,75182,DALLAS,"(972) 665-6055",6,,07/14/2024
A91717,"DIVINITY HOSPICE","3000 JOE DIMAGGIO BLVD., UNIT 40",-,"ROUND ROCK",TX,78665,WILLIAMSON,"(512) 337-8690",6,,07/18/2024
A91718,"HOME OF ST THERESA HOSPICE LLC","10128 BELL ROCK RD",-,FRISCO,TX,75035,COLLIN,"(469) 768-9944",6,,07/24/2024
A91719,"A TREASURE HILLS PALLIATIVE HOSPICE INCORPORATED","7814 N COUNTRY SPACE LOOP",-,RICHMOND,TX,77469,"FORT BEND","(281) 818-1912",6,,05/31/2024
A91720,"BY GRACE HOSPICE LLC","9300 JOHN HICKMAN PKWY SUITE 205A",-,FRISCO,TX,75035,TARRANT,"(469) 432-1997",6,,02/01/2024
A91721,"STAR OF TEXAS HOSPICE AND PALLIATIVE CARE LLC","1458 CAMPBELL RD STE 225",-,HOUSTON,TX,77055,HARRIS,"(832) 767-0206",6,,02/05/2024
A91722,"TOUCHING HEARTS HOSPICE LLC","202 INDUSTRIAL BLVD STE 704",-,"SUGAR LAND",TX,77478,"FORT BEND","(832) 841-0952",6,,06/01/2024
A91723,"HEALING HANDS PALLIATIVE HOSPICE INC","19859 BROKEN CACTUS DR",-,CYPRESS,TX,77433,HARRIS,"(813) 407-8739",6,,04/05/2024
A91724,"VALUED HEART HOSPICE & PALLIATIVE CARE LLC","1601 INDUSTRIAL BLVD, STE 3056",-,"SUGAR LAND",TX,77478,"FORT BEND","(832) 234-4060",6,,03/13/2024
A91725,"MESQUITE HOSPICE CARE LLC","594 JOSE MARTI BLVD",-,BROWNSVILLE,TX,78526,CAMERON,"(956) 361-5558",6,,12/04/2024
A91727,"MISSION CARE HOSPICE LLC","1301 S BOWEN RD STE 140",-,ARLINGTON,TX,76013,TARRANT,"(682) 350-5519",6,,05/30/2024
A91728,"GRABEN PALLIATIVE HOSPICE CARE LLC","3414 WILLOW FIN WAY",-,RICHMOND,TX,77407,"FORT BEND","(240) 821-3373",6,,04/16/2024
A91729,"WITH LOVE HOSPICE INC","8951 CYPRESS WATERS BLVD SUITE 1098",-,DALLAS,TX,75019,DALLAS,"(323) 447-4447",6,,04/30/2024
A91730,"ABUNDANT HOSPICE AND PALLIATIVE CARE","9100 SOUTHWEST FREEWAY SUITE 235",-,HOUSTON,TX,77074,HARRIS,"(832) 668-5591",6,,05/24/2024
A91731,"BLUE HORIZON HOSPICE OF TEXAS LLC","6600 CHASE OAKS BOULEVARD STE 1007",-,PLANO,TX,75023,COLLIN,"(832) 359-6672",6,,08/26/2024
A91732,"ASTRAL PALLIATIVE HOSPICE CARE INC","6776 SOUTHWEST FREEWAY STE 618",-,HOUSTON,TX,77074,HARRIS,"(240) 413-8560",6,,08/02/2024
A91734,"CARE4YOU HOSPICE LLC","1140 EMPIRE CENTRAL DR STE 260",-,DALLAS,TX,75247,DALLAS,"(214) 937-5710",6,,06/20/2024
A91735,"MEDICA HOSPICE AND PALLIATIVE INC.","710 N. POST OAK RD. SUITE 500",-,HOUSTON,TX,77024,HARRIS,"(346) 219-0222",6,,09/10/2024
A91736,"SUNLIGHT HOSPICE CARE, LLC","833 E. ARAPAHO RD, SUITE 103",-,RICHARDSON,TX,75081,DALLAS,"(469) 961-7770",6,,08/29/2024
A91738,"LIFELINE HOSPICE CARE INC.","9304 FOREST LANE . SUITE N165B",-,DALLAS,TX,75243,DALLAS,"(214) 682-9299",6,,01/30/2025
A91739,"CARITAS HOSPICE","2655 VILLA CREEK DR STE 120",-,DALLAS,TX,75234,DALLAS,"(214) 506-8054",6,,10/18/2024
A91740,"REMARKABLE HOSPICE","1645 GREENS PRAIRIE ROAD W, STE 401B-2",-,"COLLEGE STATION",TX,77845,BRAZOS,"(979) 314-2620",6,,12/19/2023
A91742,"QUALITY PLUS HOSPICE LLC","2665 VILLA CREEK DR,STE A253",-,"FARMERS BRANCH",TX,75234,DALLAS,"(214) 584-7077",6,,11/27/2024
A91743,"CARESTAR HOSPICE","1380 HIGHWAY 287 N STE 103",-,MANSFIELD,TX,76063,TARRANT,"(817) 592-5800",6,,02/14/2025
A91744,"YOUR CHOICE HOSPICE AND PALLIATIVE CARE","9301 SOUTHWEST FWY STE 105-A",-,HOUSTON,TX,77074,HARRIS,"(713) 485-6952",6,,10/30/2024
A91745,"SPEAR HOSPICE","77 SUGAR CREEK CENTER BLVD #600",-,"SUGAR LAND",TX,77478,"FORT BEND","(832) 521-4137",6,,01/08/2025
A91746,"DIGNIFIED CARE HOSPICE LLC","903 18TH STREET SUITE #122",-,PLANO,TX,75074,COLLIN,"(817) 231-0828",6,,02/21/2025
A91747,"UNIQUE CARE HOSPICE INC","2550 GRAY FALLS DR STE 100C",-,HOUSTON,TX,77077,HARRIS,"(281) 800-1109",6,,03/05/2025
A91748,"GENERATIONS HOSPICE AND PALLIATIVE CARE","9100 SOUTHWEST FREEWAY SUITE 105-A",-,HOUSTON,TX,77074,HARRIS,"(281) 667-9409",6,,12/02/2024
A91749,"MISSION OF HOPE HOSPICE & PAS","9100 SOUTHWEST FWY #135",-,HOUSTON,TX,77074,HARRIS,"(713) 482-1030",6,,04/02/2025
A91750,"BLESSED HOPE HOSPICE LLC","7404 LAKE FRONT TRL",-,ARLINGTON,TX,76002,TARRANT,-,6,,12/10/2024
A91751,"SWEET MEMORIES PALLIATIVE HOSPICE CARE INC","5603 DRUMLIN FIELD WAY",-,RICHMOND,TX,77407,"FORT BEND","(832) 373-3800",6,,01/08/2025
A91752,"BLOOM HOSPICE","8000 I-10W #201",-,"SAN ANTONIO",TX,78230,BEXAR,"(210) 500-3030",6,,04/17/2025
A91753,"LONESTAR LEGACY HOSPICE LLC","9206 MCCOMBS STREET SUITE 33",-,"EL PASO",TX,79924,"EL PASO","(915) 218-5876",6,,04/07/2025
A91754,"AMAYA HOSPICE LLC","8500 N STEMMONS FWY, STE 5054",-,DALLAS,TX,75247,DALLAS,"(209) 531-3336",6,,09/20/2024
A91755,"NEW STAR HOSPICE","12808 WEST AIRPORT BLVD, STE 275D",-,"SUGAR LAND",TX,77478,"FORT BEND","(832) 632-9889",6,,03/18/2025
A91756,"CADRE HOSPICE - TEXAS LLC","660 N. CENTRAL EXPY, SUITE 100A",-,PLANO,TX,75074,COLLIN,"(469) 680-5735",6,,06/25/2025
A91757,"HOSPICE PLUS CARE INC","2925 SKYWAY CIR N STE B",-,IRVING,TX,75038,DALLAS,"(214) 282-4367",6,,05/14/2025
A91758,"ELITE HOSPICE AND PALLIATIVE CARE, LLC","103- B CARRIAGE DRIVE",-,LUFKIN,TX,75904,ANGELINA,"(936) 633-9898",6,,05/29/2025
A91759,"SPECIALTY CARE HOSPICE","21015 BELMONT VILLAGE WAY",-,KATY,TX,77449,HARRIS,"(346) 646-3511",6,,02/06/2025
A91760,"FIRST CHOICE HOSPICE CARE LLC","6704 VISTA TRL",-,PLANO,TX,75024,DENTON,"(430) 558-2917",6,,03/25/2025
A91761,"HEALTHY CHOICE HOMECARE LLC","4601 OLD SHEPARD PLACE SUITE 401",-,PLANO,TX,75093,COLLIN,"(972) 612-5370",6,,06/04/2025
A91762,"RADIANT LIGHT HOSPICE LLC","2050 STEVES AVE",-,"SAN ANTONIO",TX,78210,BEXAR,"(210) 441-3189",6,,04/23/2025
A91763,"SMS HOSPICE CARE LLC","8300 FM 1960 WEST, SUITE 438",-,HOUSTON,TX,77070,HARRIS,"(832) 776-9375",6,,04/17/2025
A91764,"OPTUMCARE HOSPICE LLC","6262 MCPHERSON RD STE 413",-,LAREDO,TX,78041,WEBB,"(956) 441-1155",6,,05/08/2025
A91765,"GOOD LOVE HOSPICE LLC","9300 JOHN HICKMAN PKWY SUITE 205C",-,FRISCO,TX,75035,COLLIN,"(817) 264-7778",6,,06/06/2025
A91766,"PROFOUND HOSPICE CARE, LLC","1309 RED STAG PL, STE 1",-,"ROUND ROCK",TX,78665,WILLIAMSON,"(734) 604-7160",6,,06/16/2025
A91767,"A VISTA CARE HOSPICE INC","4714 FM 1488 RD SUITE 402",-,CONROE,TX,77384,MONTGOMERY,"(281) 968-2790",6,,12/16/2024
A91768,"PELICAN HOSPICE LLC","1140 EMPIRE CENTRAL DR STE 655",-,DALLAS,TX,75247,DALLAS,"(972) 302-9756",6,,06/10/2025
A91769,"GENTLE FOX HOSPICE LLC","12834 SABINAL RIV",-,"SAN ANTONIO",TX,78253,BEXAR,"(662) 346-3711",6,,07/11/2025
A91770,"ABSOLUTELY ANGELS HOSPICE","730 S HWY 377, STE 104",-,"PILOT POINT",TX,76258,-,"(469) 922-2424",6,,06/23/2025
A91771,"HOSPICE AND BEYOND PALLIATIVE CARE LLC","7118 SAN BERNARD TRL",-,KATY,TX,77493,HARRIS,"(325) 249-2748",6,,07/10/2025
A91772,"PRESERVE HOSPICE AND PALLIATIVE CARE LLC","1040 SCHLIPF RD. SUITE 126",-,KATY,TX,77493,WALLER,"(281) 410-1203",6,,07/31/2025
A91773,"AMICI HOSPICE LLC","1322 SPACE PARK DR STE C145",-,HOUSTON,TX,77058,HARRIS,"(281) 393-9030",6,,07/02/2025
A91774,"CAREFOR HOSPICE, LLC","7800 N. MOPAC EXPY. SUITE 210",-,AUSTIN,TX,78759,TRAVIS,"(512) 338-4533",6,,08/19/2025
A91775,"SOUTHERN GRACE HOSPICE LLC","307 S MCDONALD SUITE 100A",-,MCKINNEY,TX,75069,COLLIN,"(214) 548-5919",6,,02/09/2025
A91776,"PRIMIC PALLIATIVE HOSPICE CARE INC","6776 SOUTHWEST FWY STE 631",-,HOUSTON,TX,77074,HARRIS,"(240) 547-8312",6,,05/29/2025
A91777,"INNOVISION HOSPICE CARE, INC","18722 UNIVERSITY BLVD STE 245",-,"SUGAR LAND",TX,77479,HARRIS,"(248) 866-8745",6,,06/10/2025
A91778,"ASEPTIC HOSPICE AND PALLIATIVE HEALTH CARE LLC","1505 HIGHWAY 6 S STE 240",-,HOUSTON,TX,77077,HARRIS,"(832) 725-0271",6,,06/12/2025
A91779,"ALLHEAL HOME HEALTH INC","19500 STATE HIGHWAY 249 STE 138",-,HOUSTON,TX,77070,HARRIS,"(936) 756-2277",6,,03/26/2025
A91780,"DOGWOOD HOSPICE AND PALLIATIVE CARE LLC","307 S MCDONALD ST, STE 100B",-,MCKINNEY,TX,75069,COLLIN,"(214) 548-5919",6,,08/27/2025
A91781,"LOVING ARMS HOSPICE LLC","1502 BLUE JAY RD",-,GARLAND,TX,75043,DALLAS,"(214) 764-7026",6,,10/15/2025
A91782,"EAGLES NEST PALLIATIVE HOSPICE LLC","6776 SOUTHWEST FREEWAY STE 631",-,HOUSTON,TX,77074,HARRIS,"(713) 875-8773",6,,03/06/2025
A91783,"DIVINE PALLIATIVE HOSPICE CARE INC","9119 S GESSNER RD STE 103",-,HOUSTON,TX,77074,HARRIS,"(346) 718-2037",6,,05/14/2025
A91784,"HOMETOWN HOSPICE","201 N WINFREE ST., SUITE 7",-,DAYTON,TX,77535,LIBERTY,"(936) 231-4064",6,,04/11/2025
A91785,"DIVINE CARE HOSPICE LLC","1500 EAST BELTLINE ROAD, SUITE B",-,CARROLLTON,TX,75006,DALLAS,"(469) 463-4302",6,,05/29/2025
A91786,"LUMINARY HOSPICE","6500 N BELT LINE RD, STE 100",-,IRVING,TX,75063,DALLAS,"(469) 310-7941",6,,10/30/2025
A91787,"COSMOPOLITAN HOSPICE AND PALLIATIVE CARE LIMITED LIABILITY COMPANY","210 HAVEN BROOK LANE",-,RICHMOND,TX,77406,"FORT BEND","(832) 449-3116",6,,09/26/2025
A91788,"UNIFIED CARE HOSPICE OF TEXAS","1230 RIVER BEND DR, STE 208",-,DALLAS,TX,75247,-,"(702) 339-8747",6,,11/20/2025
A91789,"ROSEWOOD HEALTHCARE SERVICES AND EDUCATION INC.","2424 WILCREST DRIVE SUITE 107",-,HOUSTON,TX,77042,HARRIS,"(346) 901-1362",6,,11/24/2025
A91790,"LUMINARY HOSPICE","505 PECAN STREET, STE 100",-,"FORT WORTH",TX,76102,TARRANT,"(817) 953-2671",6,,11/26/2025
A91791,"ONE HEART HOSPICE AND HEALTHCARE SERVICES LLC","600 HUMMINGBIRD DR",-,"LITTLE ELM",TX,75068,DENTON,"(945) 268-8021",6,,10/17/2025
A91792,"POINTE OF HOPE HOSPICE AND PALLIATIVE CARE LLC","3230 ELIHU STREET UNIT 2",-,DALLAS,TX,75210,DALLAS,"(682) 437-9111",6,,08/26/2025
A91793,"MEDCARE HOSPICE, LLC","2727 LYNDON B JOHNSON FWY STE 700",-,DALLAS,TX,75234,DALLAS,"(866) 700-8191",6,,08/06/2025
A91794,"INTERIM HEALTHCARE","1920 COUNTRY PLACE PKWY STE 310",-,PEARLAND,TX,77584,-,"(713) 230-8329",6,,11/24/2025
A91795,"SILVER SPRINGS HEALTHCARE","9608 BARTLETT CIRCLE, SUITE 150",-,"FORT WORTH",TX,76108,TARRANT,"(817) 249-6800",6,,01/19/2026
A91796,"PATHWAYS HOSPICE","4888 LOOP CENTRAL DRIVE, SUITE 300",-,HOUSTON,TX,77081,HARRIS,"(713) 665-5471",6,,12/15/2025
B21500,"ELDERLY HOSPICE AND PALLIATIVE CARE, INC","12444 VICTORY BLVD SUITE 504",-,"N HOLLYWOOD",CA,91606,"LOS ANGELES","(310) 436-5258",9,For-Profit,03/21/2021
B21502,"MILAR HOSPICE, INC","224 E OLIVE AVE, SUITE 202A",-,BURBANK,CA,91502,"LOS ANGELES","(747) 444-4001",9,For-Profit,05/07/2021
B21503,"TLC HOSPICE CARE, INC","4605 LANKERSHIM BLVD SUITE 305A",-,"N HOLLYWOOD",CA,91602,"LOS ANGELES","(818) 736-9622",9,For-Profit,04/13/2021
B21504,"SK HOSPICE SERVICES, INC.","9007 ARROW ROUTE SUITE 260",-,"RANCHO CUCAMONGA",CA,91730,"SAN BERNARDINO","(909) 774-1029",9,For-Profit,02/05/2021
B21506,"EZRA HOSPICE, INC","16114 HART ST",-,"VAN NUYS",CA,91406,"LOS ANGELES","(888) 820-2880",9,For-Profit,03/21/2021
B21507,"MY CHOICE HOSPICE INC","1050 E PALMDALE BLVD SUITE 209A",-,PALMDALE,CA,93550,"LOS ANGELES","(818) 267-8613",9,For-Profit,04/20/2021
B21508,"MEGACARE HOSPICE AND PALLIATIVE CARE","500 W BONITA AVE SUITE 21",-,"SAN DIMAS",CA,91773,"LOS ANGELES","(626) 404-4180",9,For-Profit,03/08/2021
B21509,"REGAL HOSPICE AND PALLIATIVE CARE INC","2915 W BURBANK BLVD UNIT C",-,BURBANK,CA,91505,"LOS ANGELES","(818) 330-9697",9,For-Profit,02/22/2021
B21510,"TENDER LOVING HOSPICE CARE, INC","2500 E FOOTHILL BLVD SUITE 204",-,PASADENA,CA,91107,"LOS ANGELES","(323) 721-1164",9,For-Profit,12/16/2020
B21513,"G AND G HOSPICE CARE, INC","10523 BURBANK BLVD SUITE 119",-,"N HOLLYWOOD",CA,91601,"LOS ANGELES","(818) 927-4444",9,For-Profit,05/06/2021
B21514,"S&A HOSPICE CARE, INC","232 N LAKE AVE 213-B",-,PASADENA,CA,91101,"LOS ANGELES","(625) 545-0310",9,For-Profit,01/12/2021
B21516,"ZEUS HOSPICE, INC","121 W LEXINGTON DR, SUITE 616",-,GLENDALE,CA,91203,"LOS ANGELES","(626) 239-7070",9,For-Profit,02/11/2021
B21517,"JOY HOSPICE CARE, INC","22024 LASSEN ST, SUITE 105",-,CHATSWORTH,CA,91311,"LOS ANGELES","(747) 288-6300",9,For-Profit,05/05/2021
B21519,"INTEGRAL HOSPICE, INC","10623 SHERMAN GROVE AVE, UNIT C",-,SUNLAND,CA,91040,"LOS ANGELES","(818) 296-1003",9,For-Profit,03/16/2021
B21520,"GARDEN OF ANGELS HOSPICE, INC","5530 CORBIN AVE. SUITE 218",-,TARZANA,CA,91356,"LOS ANGELES","(818) 666-3445",9,For-Profit,03/08/2021
B21522,"HOPEFUL HEARTS HOSPICE, INC","20246 SATICOY ST, SUITE 203",-,WINNETKA,CA,91306,"LOS ANGELES","(818) 860-2891",9,For-Profit,02/18/2021
B21523,"MAXIMUM PALLIATIVE CARE AND HOSPICE, INC","44501 16TH STREET WEST, SUITE 105",-,LANCASTER,CA,93534,"LOS ANGELES","(661) 495-2051",9,For-Profit,11/09/2020
B21524,"HOMEDIC HOSPICE CARE","358 E OLIVE AVE, UNIT 102",-,BURBANK,CA,91502,"LOS ANGELES","(747) 257-5464",9,For-Profit,12/29/2020
B21526,"SUNSET HOSPICE SERVICES, INC","1917 HILLHURST AVE SUITE 101A",-,"LOS ANGELES",CA,90027,"LOS ANGELES","(323) 685-6577",9,For-Profit,03/03/2021
B21528,"ROSEWOOD HOSPICE, INC","18305 SHERMAN WAY SUITE 15",-,RESEDA,CA,91335,"LOS ANGELES","(747) 200-4730",9,For-Profit,05/20/2021
B21529,"PERFECT CARE HOSPICE, INC","6464 W SUNSET BLVD SUITE 870",-,"LOS ANGELES",CA,90028,"LOS ANGELES","(818) 853-9409",9,For-Profit,05/06/2021
B21530,"RED CROSS HOSPICE INC","8817 RESEDA BLVD. UNIT D",-,NORTHRIDGE,CA,91324,"LOS ANGELES","(818) 810-9885",9,For-Profit,06/02/2021
B21531,"MIRACLE TOUCH HOSPICE","14545 FRIAR ST SUITE 214",-,"VAN NUYS",CA,91411,"LOS ANGELES","(323) 821-1419",9,For-Profit,02/22/2021
B21534,"SNJ HOSPICE CARE, LLC","3500 W OLIVE, SUITE 300",-,BURBANK,CA,91505,"LOS ANGELES","(800) 753-5394",9,For-Profit,05/05/2021
B21535,"MORNING BREEZE HOSPICE INC.","2102 BUSINESS CENTER DR SUITE 237",-,IRVINE,CA,92612,ORANGE,"(949) 253-5780",9,For-Profit,05/28/2021
B21537,"TINOSA HOSPICE, INC","19531 VENTURA BLVD",-,TARZANA,CA,91356,"LOS ANGELES","(888) 407-2040",9,For-Profit,04/15/2021
B21539,"HOSPICE BEST CARE, INC","417 S SAN GABRIEL BLVD, UNIT D",-,"SAN GABRIEL",CA,91776,"LOS ANGELES","(323) 309-3696",9,For-Profit,02/04/2021
B21541,"ADVANCED QUALITY HOSPICE INC","509 MARIN STREET","SUITE 229","THOUSAND OAKS",CA,91360,VENTURA,"(805) 585-5080",9,For-Profit,05/14/2021
B21544,"CARE COMPANION HOSPICE, INC","9778 KATELLA AVE, SUITE 217",-,ANAHEIM,CA,92804,ORANGE,"(949) 396-2555",9,For-Profit,06/16/2021
B21545,"ATENA HOSPICE, INC","15450 VENTURA BLVD SUITE 200",-,"SHERMAN OAKS",CA,91403,"LOS ANGELES","(818) 302-0026",9,For-Profit,05/19/2021
B21546,"HEAVEN ROADS HOSPICE, INC.","14545 FRIAR ST STE 136",-,"VAN NUYS",CA,91411,"LOS ANGELES","(818) 285-8943",9,For-Profit,04/21/2021
B21547,"OTIUM HOSPICE CARE, INC","4312 WOODMAN AVE SUITE 207",-,"SHERMAN OAKS",CA,91423,"LOS ANGELES","(747) 224-0500",9,For-Profit,04/11/2021
B21548,"MONTANA HOSPICE, INC","1201 N PACIFIC AVE, SUITE 103",-,GLENDALE,CA,91202,"LOS ANGELES","(818) 453-0033",9,For-Profit,03/30/2021
B21550,"REDWOOD HOSPICE","1101 S WINCHESTER BLVD, SUITE J-216",-,"SAN JOSE",CA,95128,"SANTA CLARA","(800) 825-8556",9,For-Profit,01/29/2021
B21551,"VALIANT HOSPICE CARE, INC.","7321 ATOLL AVE SUITE 106",-,"NORTH HOLLYWOOD",CA,91605,"LOS ANGELES","(818) 557-8616",9,For-Profit,03/15/2021
B21552,"ALLEVIATE HOSPICE, INC.","8138 FOOTHILL BLVD STE 210",-,SUNLAND,CA,91040,"LOS ANGELES","(818) 875-4203",9,For-Profit,05/31/2021
B21555,"SOLID CARE HOSPICE AND PALLIATIVE SERVICES, INC","171 N ALTADENA DR, SUITE 210",-,PASADENA,CA,91107,"LOS ANGELES","(626) 603-0707",9,For-Profit,04/26/2021
B21559,"1ST RESPONSE HOSPICE, INC","421 ARDEN AVE",-,GLENDALE,CA,91203,"LOS ANGELES","(818) 850-4060",9,For-Profit,04/28/2021
B21560,"BETTER CHOICE HOSPICE CARE, INC.","3436 N VERDUGO RD STE 107",-,GLENDALE,CA,91208,"LOS ANGELES","(818) 275-3331",9,For-Profit,02/26/2021
B21562,"REST ASSURED HOSPICE, INC","16102B HART ST",-,"VAN NUYS",CA,91406,"LOS ANGELES","(818) 655-0272",9,For-Profit,04/15/2021
B21567,"ACTIVATE CARE HOSPICE, INC.","2904 THERESA DRIVE, SUITE 104B",-,"NEWBURY PARK",CA,91320,VENTURA,"(310) 721-1918",9,For-Profit,07/02/2021
B21568,"GOLDING CARE HOSPICE INC","1240 N. VAN BUREN STREET, SUITE 202",-,ANAHEIM,CA,92807,ORANGE,"(714) 576-7210",9,For-Profit,06/09/2021
B21570,"MADISON HOSPICE, INC.","1619 W GARVEY AVE N SUITE 107",-,"WEST COVINA",CA,91790,"LOS ANGELES","(818) 435-7800",9,For-Profit,05/19/2021
B21572,"OJAX HOSPICE, INC","3111 LOS FELIZ BLVD. SUITE 208",-,"LOS ANGELES",CA,90039,"LOS ANGELES","(213) 723-2742",9,For-Profit,04/30/2021
B21573,"BLOOMING ROSE HOSPICE, INC.","3089 N LIMA ST UNIT C",-,BURBANK,CA,91504,"LOS ANGELES","(818) 208-3066",9,For-Profit,06/16/2021
B21574,"SANTA BARBARA HOSPICE AND PALLIATIVE CARE INC","3892 STATE ST STE 210",-,"SANTA BARBARA",CA,93105,"SANTA BARBARA","(888) 415-4159",9,For-Profit,06/04/2021
B21575,"CHERUB, INC","9608 VAN NUYS BLVD., SUITE 202",-,"PANORAMA CITY",CA,91402,"LOS ANGELES","(818) 446-6696",9,For-Profit,05/14/2021
B21576,"BEVERLY HOSPICE CARE, INC.","6931 VAN NUYS BLVD SUITE 332B",-,"VAN NUYS",CA,91405,"LOS ANGELES","(323) 516-6077",9,For-Profit,05/19/2021
B21577,"HOLISTIC CARE HOSPICE & PALLIATIVE SERVICES, INC","7037 LAUREAL CANYON BLVD, SUITE 102",-,"N HOLLYWOOD",CA,91605,"LOS ANGELES","(818) 856-8162",9,For-Profit,03/21/2021
B21578,"ADVANCED CARE HOSPICE INC","6931 VAN NUYS BLVD, SUITE 315-1",-,"VAN NUYS",CA,91405,"LOS ANGELES","(323) 530-0281",9,For-Profit,06/09/2021
B21579,"COMMUNITY CARE HOSPICE, INC","13629 1/2 VICTORY BLVD",-,"VAN NUYS",CA,91401,"LOS ANGELES","(818) 616-4956",9,For-Profit,02/20/2021
B21583,"CALIFORNIA COMFORT CARE, LLC","18800 AMAR RD SUITE B16",-,WALNUT,CA,91789,"LOS ANGELES","(626) 332-0311",9,For-Profit,06/02/2021
B21584,"HEALTHY LIFESTYLE HOSPICE CARE, INC","6420 VAN NUYS BLVD, SUITE 103",-,"VAN NUYS",CA,91401,"LOS ANGELES","(747) 282-1585",9,For-Profit,05/26/2021
B21585,"EQUINOX HOSPICE INC","6621 VAN NUYS BLVD, UNIT 115",-,"VAN NUYS",CA,91405,"LOS ANGELES","(818) 495-5465",9,For-Profit,06/03/2021
B21586,"CARING KIND HOSPICE, INC","14545 FRIAR ST SUITE 182",-,"VAN NUYS",CA,91411,"LOS ANGELES","(747) 262-7220",9,For-Profit,03/25/2021
B21587,"FAITH & LIFE HOSPICE INC","356 W COLORADO ST SUITE C",-,GLENDALE,CA,91204,"LOS ANGELES","(818) 918-1589",9,For-Profit,04/22/2021
B21588,"ENVOY HOSPICE CARE, INC","500 N CENTRAL AVENUE SUITE 510",-,GLENDALE,CA,91203,"LOS ANGELES","(818) 500-8778",9,For-Profit,03/26/2021
B21591,"TRAM HOSPICE CARE, INC","9221 CORBIN AVE. SUITE 175",-,NORTHRIDGE,CA,91324,"LOS ANGELES","(818) 937-9145",9,For-Profit,02/15/2021
B21592,"CARING SOULS HOSPICE, INC","14349 VICTORY BLVD, SUITE 205",-,"VAN NUYS",CA,91401,"LOS ANGELES","(818) 849-6060",9,For-Profit,04/30/2021
B21594,"MEGAL HOSPICE & PALLIATIVE CARE, INC","1110 N BRAND BLVD SUITE 301A",-,GLENDALE,CA,91202,"LOS ANGELES","(818) 538-4491",9,For-Profit,02/25/2021
B21595,"REGENCY HOSPICE CARE, INC","5242 KATELLA AVE STE 103A",-,"LOS ALAMITOS",CA,90720,ORANGE,"(562) 512-9938",9,For-Profit,06/29/2021
B21597,"L & H HOSPICE CARE, INC.","15335 MORRISON ST STE 140",-,"SHERMAN OAKS",CA,91403,"LOS ANGELES","(818) 700-0818",9,For-Profit,06/02/2021
B21598,"LOVING HANDS HOSPICE","8949 RESEDA BLVD SUITE 214",-,NORTHRIDGE,CA,91324,"LOS ANGELES","(818) 919-0095",9,For-Profit,06/22/2021
B21599,"QUEEN HOSPICE CARE, INC","7200 VINELAND AVE STE 211B",-,"SUN VALLEY",CA,91352,"LOS ANGELES","(818) 859-5734",9,For-Profit,05/15/2021
B21600,"AR HOSPICE CARE, INC","14547 TITUS STREET, SUITE 214",-,"PANORAMA CITY",CA,91402,"LOS ANGELES","(818) 946-8013",9,For-Profit,07/23/2021
B21601,"MOUNT SINAI HOSPICE, INC","6819 SEPULVEDA BLVD SUITE 302A",-,"VAN NUYS",CA,91405,"LOS ANGELES","(424) 333-1853",9,For-Profit,03/29/2021
B21603,"UMBRELLA HOSPICE, INC","4221 WILSHIRE BLVD UNIT 170-14",-,"LOS ANGELES",CA,90010,"LOS ANGELES","(909) 999-5137",9,For-Profit,03/20/2021
B21604,"ABSOLUTE HOSPICE INC","3656 RUFFIN RD, SUITE A",-,"SAN DIEGO",CA,92123,"SAN DIEGO","(858) 373-9400",9,For-Profit,05/13/2021
B21607,"INFINITE HOSPICE","5121 VAN NUYS BLVD SUITE 202",-,"SHERMAN OAKS",CA,91403,"LOS ANGELES","(818) 745-7659",9,For-Profit,07/06/2021
B21608,"LIFETIME HOSPICE CARE, INC.","425 E COLORADO ST. SUITE 480A",-,GLENDALE,CA,91205,"LOS ANGELES","(818) 503-0190",9,For-Profit,05/21/2021
B21610,"RSAG HOSPICE INC","402 WEST BROADWAY SUITE 400",-,"SAN DIEGO",CA,92101,"SAN DIEGO","(619) 810-1939",9,For-Profit,12/17/2020
B21611,"SOLACE HOSPICE CARE INC","1701 WESTWIND DR, STE 121",-,BAKERSFIELD,CA,93301,KERN,"(661) 843-7643",9,For-Profit,07/19/2021
B21612,"MED CARE HOSPICE INC","2904 THERESA DRIVE, SUITE 104A",-,"NEWBURY PARK",CA,91320,VENTURA,"(310) 721-1918",9,For-Profit,07/02/2021
B21613,"ACESO HOSPICE, INC","701 EAST SANTA CLARA STREET, SUITE # 10",-,VENTURA,CA,93001,VENTURA,"(818) 655-0502",9,For-Profit,10/07/2020
B21614,"MONTROSE HOSPICE, INC","10272 FOOTHILL BLVD",-,"LAKEVIEW TERRACE",CA,91342,"LOS ANGELES","(818) 414-0467",9,For-Profit,06/16/2021
B21615,"BRIDGE HOSPICE","6 QUAIL RUN CIRCLE, SUITE 103",-,SALINAS,CA,93907,MONTEREY,"(831) 216-5585",9,For-Profit,07/02/2021
B21616,"ENCINO VALLEY HOSPICE, INC","18075 VENTURA BLVD SUITE 227",-,ENCINO,CA,91316,"LOS ANGELES","(818) 857-5123",9,For-Profit,03/12/2021
B21617,"AVERY CARE HOSPICE INC","11030 ARROW ROUTE UNIT 209",-,"RANCHO CUCAMONGA",CA,91730,"SAN BERNARDINO","(909) 727-3200",9,For-Profit,06/25/2021
B21619,"CAREPLUS HOSPICE","4001 W ALAMEDA AVE SUITE 202",-,BURBANK,CA,91505,"LOS ANGELES","(818) 649-3040",9,For-Profit,02/24/2021
B21620,"HOSPICE AND PALLIATIVE CARE OF CALIFORNIA, INC","1007 N LAKE AVE, STE A",-,PASADENA,CA,91104,"LOS ANGELES","(626) 616-4288",9,For-Profit,07/01/2021
B21621,"BLUE MONARCH HOSPICE","7220 TRADE ST. SUITE 245",-,"SAN DIEGO",CA,92121,"SAN DIEGO","(619) 780-4332",9,Other,07/02/2021
B21622,"SEHAJ HOSPICE CARE, INC","44790 S GRIMMER BLVD, SUITE 207",-,FREMONT,CA,94538,ALAMEDA,"(510) 771-9982",9,For-Profit,07/17/2021
B21623,"LOVE AND CARE HOSPICE SERVICE INC","5658 SEPULVEDA BLVD STE 214",-,"SHERMAN OAKS",CA,91411,"LOS ANGELES","(818) 849-6226",9,For-Profit,03/12/2021
B21625,"NEW PATH HOSPICE CARE INC.","424 N LAKE AVE SUITE 205",-,PASADENA,CA,91101,"LOS ANGELES","(626) 817-9145",9,For-Profit,03/24/2021
B21626,"MOUNTAINSIDE HOSPICE AND PALLIATIVE CARE, INC.","20955 DEVONSHIRE ST SUITE A",-,CHATSWORTH,CA,91311,"LOS ANGELES","(818) 818-5009",9,For-Profit,05/14/2021
B21628,"DESERT WIND HOSPICE INC","14359 AMARGOSA ROAD, STE O",-,VICTORVILLE,CA,92392,"SAN BERNARDINO","(442) 255-4311",9,For-Profit,07/03/2021
B21629,"USA VALLEY HOSPICE, INC","12501 CHANDLER BLVD SUITE 106",-,"VALLEY VILLAGE",CA,91607,"LOS ANGELES","(818) 875-0707",9,For-Profit,07/15/2021
B21630,"LADY OF JOY HOSPICE, INC","4959 PALO VERDE ST SUITE 204A AND 205A",-,MONTCLAIR,CA,91763,"SAN BERNARDINO","(909) 222-6960",9,For-Profit,07/26/2021
B21631,"THE DOCTOR'S CHOICE HOSPICE HEALTH CARE INC.","3434 TRUXTUN AVE","SUITE 271",BAKERSFIELD,CA,93301,KERN,"(661) 528-1010",9,For-Profit,06/14/2021
B21633,"COMFORT CHOICE HOSPICE, INC","18344 OXNARD STREET, SUITE 211",-,TARZANA,CA,91356,"LOS ANGELES","(805) 220-9191",9,For-Profit,12/22/2020
B21634,"LOS ROBLES HEALTHCARE SD","11838 BERNARDO PLAZA COURT, SUITE 260C",-,"SAN DIEGO",CA,92128,"SAN DIEGO","(858) 487-8778",9,For-Profit,10/20/2020
B21635,"INTENSIVE HOSPICE CARE, INC.","4605 LANKERSHIM BLVD. SUITE 106",-,"NORTH HOLLYWOOD",CA,91602,"LOS ANGELES","(747) 282-1881",9,For-Profit,05/19/2021
B21636,"MEDLINE QUALITY HOSPICE, INC","418 N GLENDALE AVENUE, SUITE C",-,GLENDALE,CA,91206,"LOS ANGELES","(818) 659-8290",9,For-Profit,07/12/2021
B21637,"SIGNATURE NURSING CARE SERVICES INC","4425 W RIVERSIDE DR. SUITE 201A",-,BURBANK,CA,91505,"LOS ANGELES","(818) 210-3555",9,For-Profit,05/10/2021
B21638,"APPROVED HOSPICE CARE, INC","1616 VICTORY BLVD, STE 203",-,GLENDALE,CA,91201,"LOS ANGELES","(747) 212-1515",9,For-Profit,06/23/2021
B21639,"ANGELS IN HEAVEN HOSPICE, INC.","14545 FRIAR ST SUITE 160",-,"VAN NUYS",CA,91411,"LOS ANGELES","(818) 285-8941",9,For-Profit,07/01/2021
B21640,"ATRIUM HOSPICE, INC","133 N ALTADENA DR. SUITE 301",-,PASADENA,CA,91107,"LOS ANGELES","(818) 813-5637",9,For-Profit,07/29/2021
B21641,"ASCENDIO HEALTH SYSTEMS INC","1035 S MILIKEN AVENUE SUITE I",-,ONTARIO,CA,91761,"SAN BERNARDINO","(909) 904-0829",9,For-Profit,04/11/2021
B21642,"CIRCLE OF LIFE HOSPICE","315 W. VERDUGO AVE. SUITE 212",-,BURBANK,CA,91502,"LOS ANGELES","(818) 292-5252",9,For-Profit,07/23/2021
B21643,"GALENUS HOSPICE CARE INC.","159 E HUNTINGTON DR STE 6",-,ARCADIA,CA,91006,"LOS ANGELES","(626) 622-1076",9,For-Profit,08/02/2021
B21646,"AVIVA HOSPICE INC","1200 CALIFORNIA ST. SUITE 130",-,REDLANDS,CA,92374,"SAN BERNARDINO","(909) 284-5600",9,For-Profit,08/04/2021
B21648,"AMARI HOSPICE CARE INC.","6720 FAIR OAKS BLVD, SUITE 100",-,CARMICHAEL,CA,95608,SACRAMENTO,"(916) 993-9679",9,For-Profit,07/09/2021
B21650,"BRAVO HOSPICE AND PALLIATIVE CARE","18531 ROSCOE BLVD, 204",-,NORTHRIDGE,CA,91324,"LOS ANGELES","(818) 626-9151",9,For-Profit,06/22/2021
B21651,"HEALTHCARE CALIFORNIA HOSPICE","6327 N FRESNO STREET SUITE 104",-,FRESNO,CA,93710,FRESNO,"(559) 240-6717",9,For-Profit,04/24/2021
B21652,"GRACE HOSPICE CARE, INC.","1739 TERMINO AVE SUITE A",-,"LONG BEACH",CA,90804,"LOS ANGELES","(532) 494-3273",9,For-Profit,05/12/2021
B21653,"TRUSTABLE HOSPICE, INC","6422 VAN NUYS BLVD, SUITE 104",-,"VAN NUYS",CA,91401,"LOS ANGELES","(323) 329-5001",9,For-Profit,06/15/2021
B21654,"COMPASSIONATE CARE HOSPICE","2821 CROW CANYON ROAD","SUITE 101","SAN RAMON",CA,94583,"CONTRA COSTA","(415) 651-3632",9,For-Profit,08/05/2021
B21655,"ZENTOR HOSPICE, INC","13273 VENTURA BLVD SUITE 210",-,"STUDIO CITY",CA,91604,"LOS ANGELES","(424) 292-5111",9,For-Profit,06/05/2021
B21656,"INSPIRED HOSPICE CARE, INC","12015 MORA DR. UNIT 3",-,"SANTA FE SPRINGS",CA,90670,"LOS ANGELES","(818) 757-7200",9,For-Profit,07/08/2021
B21657,"DAHLIA PALLIATIVE AND HOSPICE CARE","2609 HONOLULU AVE SUITE 201",-,MONTROSE,CA,91020,"LOS ANGELES","(818) 452-4486",9,For-Profit,07/01/2021
B21659,"CHERRY BLOSSOM HEALTHCARE PALLIATIVE & HOSPICE","688 N ARROWHEAD AVE, SUITE 205",-,"SAN BERNARDINO",CA,92401,"SAN BERNARDINO","(909) 999-5436",9,For-Profit,08/24/2021
B21660,"PERENNIAL HOSPICE, INC","2501 W BURBANK BLVD., SUITE 311",-,BURBANK,CA,91505,"LOS ANGELES","(818) 533-1811",9,For-Profit,08/03/2021
B21662,"VML HOSPICE, INC.","14349 VICTORY BLVD STE 201B",-,"VAN NUYS",CA,91401,"LOS ANGELES","(818) 616-4637",9,For-Profit,08/03/2021
B21663,"AFFECTIONATE HOSPICE CARE, INC.","11350 VENTURA BLVD STE 202",-,"STUDIO CITY",CA,91604,"LOS ANGELES","(818) 579-9690",9,For-Profit,08/04/2021
B21664,"ALLY HOSPICE","202 E AIRPORT DR SUITE 240",-,"SAN BERNARDINO",CA,92408,"SAN BERNARDINO","(909) 381-4400",9,For-Profit,08/24/2021
B21665,"MKB CONSULTING LLC","74710 HIGHWAY 111, SUITE 102",-,"PALM DESERT",CA,92260,RIVERSIDE,"(800) 909-7971",9,For-Profit,07/15/2021
B21666,"SHARE THE CARE HOSPICE, INC.","14545 FRIAR ST SUITE 180",-,"VAN NUYS",CA,91411,"LOS ANGELES","(747) 262-7277",9,For-Profit,06/29/2021
B21667,"HOLLY ANGELS OF LA HOSPICE CARE, INC","13615 VICTORY BLVD #113",-,"VAN NUYS",CA,91401,"LOS ANGELES","(818) 275-8373",9,For-Profit,06/21/2021
B21668,"QUALITY PALLIATIVE CARE, INCORPORATED","9350 RESEDA BLVD, UNIT A",-,NORTHRIDGE,CA,91324,"LOS ANGELES","(818) 882-6600",9,For-Profit,02/28/2021
B21669,"PINNACLE CARE HOSPICE, INC","4959 PALO VERDE ST. STE. 101B",-,MONTCLAIR,CA,91763,"SAN BERNARDINO","(818) 839-8797",9,For-Profit,06/16/2021
B21672,"VISITING ANGELS HOSPICE CARE, INC","5958 VINELAND AVE, UNIT L1",-,"NORTH HOLLYWOOD",CA,91601,"LOS ANGELES","(818) 821-3604",9,For-Profit,06/24/2021
B21673,"CA HOSPICE CARE,INC","15300 VENTURA BLVD SUITE 520A",-,"SHERMAN OAKS",CA,91403,"LOS ANGELES","(818) 457-1372",9,For-Profit,06/25/2021
B21675,"APGUARD HOSPICE, LLC","6404A INDEPENDENCE AVE",-,"WOODLAND HILLS",CA,91367,"LOS ANGELES","(424) 271-2522",9,For-Profit,08/10/2021
B21677,"SKYLINE HOSPICE CARE, INC","14349 VICTORY BLVD, SUITE 105",-,"VAN NUYS",CA,91401,"LOS ANGELES","(747) 264-1708",9,For-Profit,08/11/2021
B21678,"STUDIO CARE HOSPICE INC","7335 VAN NUYS BLVD, STE 224",-,"VAN NUYS",CA,91405,"LOS ANGELES","(747) 666-0147",9,For-Profit,08/26/2021
B21680,"ALTADENA HOSPICE CARE, INC.","133 N ALTADENA DR STE. 385",-,PASADENA,CA,91107,"LOS ANGELES","(626) 380-2903",9,For-Profit,08/18/2021
B21681,"CARE VILLAGE HOSPICE, INC","11631 VICTORY BLVD SUITE 206",-,"N HOLLYWOOD",CA,91606,"LOS ANGELES","(747) 285-2101",9,For-Profit,05/19/2021
B21682,"TRANQUIL HOSPICE, INC","415 E. HARVARD ST SUITE 101C",-,GLENDALE,CA,91205,"LOS ANGELES","(818) 934-7755",9,For-Profit,07/15/2021
B21683,"RADIANT HOSPICE, INC","19725 SHERMAN WAY, SUITE 295D",-,WINNETKA,CA,91306,"LOS ANGELES","(818) 305-6917",9,For-Profit,11/17/2020
B21684,"GOLDEN TIME HOSPICE, INC","24355 LYONS AVE SUITE 212",-,"SANTA CLARITA",CA,91321,"LOS ANGELES","(833) 324-1150",9,For-Profit,07/29/2021
B21686,"PERPETUAL DAYS HOSPICE, INC","21151 S WESTERN AVE SUITE 284",-,TORRANCE,CA,90501,"LOS ANGELES","(310) 895-6694",9,For-Profit,08/04/2021
B21687,"PSL HOSPICE CARE, INC","14545 FRIAR ST SUITE 202U",-,"VAN NUYS",CA,91411,"LOS ANGELES","(747) 224-1637",9,For-Profit,08/04/2021
B21688,"PD HOSPICE INC","10324 BALBOA BLVD SUITE 200",-,"GRANADA HILLS",CA,91324,"LOS ANGELES","(747) 202-0733",9,For-Profit,08/07/2021
B21691,"EAST VALLEY HOSPICE, INC","10646 ZELZAH AVE, SUITE 201",-,"GRANADA HILLS",CA,91344,"LOS ANGELES","(818) 643-5050",9,For-Profit,06/28/2021
B21694,"KLN COMFORT CARE HOSPICE INC","728 S HILL ST UNIT 1201",-,"LOS ANGELES",CA,90014,"LOS ANGELES","(213) 265-7627",9,For-Profit,08/12/2021
B21695,"QUALITY CHOICE HOSPICE, INC","20335 VENTURA BLVD, SUITE #220",-,"WOODLAND HILLS",CA,91364,"LOS ANGELES","(818) 860-1724",9,For-Profit,08/05/2021
B21696,"ALLIED HOSPICE CARE, INC","21757 DEVONSHIRE ST UNIT 12",-,CHATSWORTH,CA,91311,"LOS ANGELES","(818) 280-5331",9,For-Profit,01/09/2021
B21697,"COMFORT AID HOSPICE CARE CORPORATION","10200 SEPULVEDA BLVD STE 160B",-,"MISSION HILLS",CA,91345,"LOS ANGELES","(818) 539-1715",9,For-Profit,05/19/2021
B21699,"PURE CARE HOSPICE, INC","11911 ARTESIA BLVD, SUITE 208",-,CERRITOS,CA,90701,"LOS ANGELES","(562) 474-1690",9,For-Profit,03/30/2021
B21700,"PAMPERED HOSPICE CARE, INC.","14051 BURBANK BLVD STE 10",-,"SHERMAN OAKS",CA,91401,"LOS ANGELES","(818) 922-2428",9,For-Profit,08/05/2021
B21701,"AVE MARIA HOSPICE, INC","16438 VANOWEN STREET, SUITE 208",-,"VAN NUYS",CA,91406,"LOS ANGELES","(747) 262-1272",9,For-Profit,06/23/2021
B21702,"SERENITY RIDGE PALLIATIVE AND HOSPICE CARE","11239 TAMPA AVE SUITE 203",-,"PORTER RANCH",CA,91326,"LOS ANGELES","(818) 217-4436",9,For-Profit,08/16/2021
B21704,"CARDINAL HOSPICE AND PALLIATIVE CARE","500 NORTH PALM AVENUE",-,ONTARIO,CA,91762,"SAN BERNARDINO","(909) 395-9676",9,For-Profit,08/30/2021
B21706,"GAO HOSPICE CARE, INC.","8117 FOOTHILL BLVD",-,SUNLAND,CA,91040,"LOS ANGELES","(747) 666-0061",9,For-Profit,08/25/2021
B21708,"BONA FIDE HOSPICE, INC","5315 LAUREL CANYON BLVD SUITE 201",-,"VALLEY VILLAGE",CA,91607,"LOS ANGELES","(818) 406-0610",9,For-Profit,08/17/2021
B21710,"EDEM HOSPICE, INC","6742 VAN NUYS BLVD STE 207",-,"VAN NUYS",CA,91405,"LOS ANGELES","(818) 528-8018",9,For-Profit,08/18/2021
B21711,"K AND S HOSPICE, INC","4100 W ALAMEDA AVE FLOOR 3",-,BURBANK,CA,91505,"LOS ANGELES","(818) 304-7277",9,For-Profit,02/24/2021
B21712,"AMPM HOSPICE, INC.","14542 VENTURA BLVD STE 202",-,"SHERMAN OAKS",CA,91403,"LOS ANGELES","(818) 809-2375",9,For-Profit,08/23/2021
B21713,"CARE SOLUTION HOSPICE, INC.","2501 W BURBANK BLVD. SUITE 203",-,BURBANK,CA,91505,"LOS ANGELES","(818) 612-5080",9,For-Profit,08/14/2021
B21715,"FIRST UNLIMITED HOSPICE CARE, INC.","1533 LOMITA BLVD",-,"HARBOR CITY",CA,90710,"LOS ANGELES","(424) 263-5446",9,For-Profit,08/18/2021
B21716,"ANG HOSPICE, INC.","95 3RD STREET, STE 254",-,"SAN FRANCISCO",CA,94103,"SAN FRANCISCO","(415) 263-9823",9,For-Profit,12/29/2022
B21721,"A & R HOSPICE AND PALLIATIVE CARE, INC","16830 VENTURA BLVD SUITE 355",-,ENCINO,CA,91436,"LOS ANGELES","(818) 448-3985",9,For-Profit,06/25/2021
B21722,"ADLIFE HOSPICE INC.","16468 NORWALK BLVD",-,CERRITOS,CA,90703,"LOS ANGELES","(747) 356-4006",9,For-Profit,08/04/2021
B21723,"PALERMO HOSPICE, INC","229 N CENTRAL AVE STE 201",-,GLENDALE,CA,91203,"LOS ANGELES","(818) 751-0751",9,Government,08/09/2021
B21726,"YOUR CHOICE PALLIATIVE CARE, INC","847 N HOLLYWOOD WAY, SUITE 206",-,BURBANK,CA,91505,"LOS ANGELES","(818) 433-7787",9,For-Profit,07/14/2021
B21728,"RED CARPET HOSPICE CARE","18455 BURBANK BLVD STE 313",-,TARZANA,CA,91356,"LOS ANGELES","(818) 975-8888",9,For-Profit,08/25/2021
B21729,"WELLCARE SPECIALIST HOSPICE INCORPORATED","1745 W ORANGEWOOD AVE","SUITE 101",ORANGE,CA,92868,ORANGE,"(714) 462-6205",9,For-Profit,08/05/2021
B21730,"HEALTHY WAY HOSPICE, INC","601 E GLENOAKS BLVD. SUITE 103",-,GLENDALE,CA,91207,"LOS ANGELES","(818) 856-0105",9,For-Profit,08/24/2021
B21731,"DEVOTED HEALTH HOSPICE","25000 AVENUE STANFORD SUITE 116",-,VALENCIA,CA,91355,"LOS ANGELES","(818) 322-8605",9,For-Profit,07/06/2021
B21732,"AMORE HOSPICE, INC","4695 CHABOT DR., SUITE 244",-,PLEASONTON,CA,94588,ALAMEDA,"(510) 479-7668",9,For-Profit,09/15/2021
B21733,"AFFINITY HEALTHCARE RESOURCES","5236 COLODNY DR SUITE 206A",-,"AGOURA HILLS",CA,91301,"LOS ANGELES","(818) 806-0111",9,For-Profit,08/26/2021
B21735,"HOSPICE OF OC, INC.","7430 ORANGETHORPE AVE",-,"BUENA PARK",CA,90621,ORANGE,"(714) 790-0594",9,For-Profit,10/13/2021
B21736,"FORTIS HOSPICE & PALLIATIVE CARE INC","101 MOODY CT., SUITE 202",-,"THOUSAND OAKS",CA,91360,VENTURA,"(747) 212-0350",9,For-Profit,09/01/2021
B21737,"LIBRA HOSPICE CARE, INC","1259 S GLENDALE AVE, SUITE E",-,GLENDALE,CA,91205,"LOS ANGELES","(818) 969-9900",9,For-Profit,07/27/2021
B21738,"ALL FAMILY HOSPICE, INC","103 W ALAMEDA AVE #130",-,BURBANK,CA,91502,"LOS ANGELES","(818) 660-5357",9,For-Profit,08/11/2021
B21740,"OPTIMA CARE HOSPICE","12631 IMPERIAL HWY SUITE D-126",-,"SANTA FE SPRINGS",CA,90670,"LOS ANGELES","(818) 295-4828",9,For-Profit,08/05/2021
B21741,"JASMINE HOSPICE, INC","14120 VICTORY BLVD #105",-,"VAN NUYS",CA,91401,"LOS ANGELES","(818) 806-9297",9,For-Profit,09/14/2021
B21743,"GLEN-IVY HOSPICE INC","12440 FIRESTONE BLVD SUITE 3025-K",-,NORWALK,CA,90650,"LOS ANGELES","(213) 263-9399",9,For-Profit,12/09/2022
B21744,"CALMEDIX HOSPICE, INC","9836 WHITE OAK AVE SUITE 207",-,NORTHRIDGE,CA,91325,"LOS ANGELES","(818) 208-0208",9,For-Profit,08/27/2021
B21747,"RELIABLE HOSPICE","41880 KALMIA ST, SUITE 165",-,MURRIETA,CA,92562,RIVERSIDE,"(844) 395-4694",9,For-Profit,09/23/2021
B21748,"SNL HOSPICE INC","180 E VALLEY BLVD. SUITE 206",-,"SAN GABRIEL",CA,91776,"LOS ANGELES","(888) 552-1808",9,For-Profit,07/23/2021
B21750,"VBK HOSPICE, INC","450 N BRAND BLVD, SUITE 600",-,GLENDALE,CA,91203,"LOS ANGELES","(818) 696-7920",9,For-Profit,08/20/2021
B21752,"STATEWIDE HOSPICE, INC","1110 SONORA AVE SUITE 103",-,GLENDALE,CA,91201,"LOS ANGELES","(818) 937-9095",9,For-Profit,05/13/2021
B21753,"PREFERRED HOSPICE","1016 E BROADWAY SUITE 206",-,GLENDALE,CA,91205,"LOS ANGELES","(818) 649-1661",9,For-Profit,09/13/2021
B21754,"ROZE ROOM HEALTHCARE","621 E CARNEGIE DR, SUITE 190",-,"SAN BERNARDINO",CA,92408,"SAN BERNARDINO","(877) 783-0072",9,For-Profit,10/14/2021
B21756,"PEACE & COMFORT HOSPICE AND PALLIATIVE CARE, INC","16200 VENTURA BLVD SUITE 310A",-,ENCINO,CA,91436,"LOS ANGELES","(818) 528-6373",9,For-Profit,05/06/2021
B21758,"SAMARITAN HOSPICE CARE, INC.","4312 WOODMAN AVE SUITE 206",-,"SHERMAN OAKS",CA,91423,"LOS ANGELES","(213) 947-3737",9,For-Profit,09/28/2021
B21759,"HH AND LL HOSPICE CARE, INC","1492 W COLORADO BLVD, SUITE 220",-,PASADENA,CA,91105,"LOS ANGELES","(818) 743-2424",9,For-Profit,09/16/2021
B21760,"DIGNITY CARE HOSPICE, INC","17050 CHATSWORTH ST STE 217",-,"GRANADA HILLS",CA,91344,"LOS ANGELES","(855) 218-7010",9,For-Profit,09/10/2021
B21761,"SEQUOIA HOSPICE EAST BAY","1470 CIVIC COURT, SUITE 310",-,CONCORD,CA,94520,"CONTRA COSTA","(510) 241-0619",9,For-Profit,11/19/2020
B21762,"BRIGHTSTAR HOSPICE, INC","120 N VICTORY BLVD SUITE 304",-,BURBANK,CA,91502,"LOS ANGELES","(818) 921-6050",9,For-Profit,09/14/2021
B21763,"AHPC ORANGE COUNTY, INC.","5000 BIRCH ST SUITE 3000",-,"NEWPORT BEACH",CA,92660,ORANGE,"(714) 584-5805",9,For-Profit,08/12/2021
B21768,"ALLPEACE CARE","20710 MANHATTAN PL, SUITE 132",-,TORRANCE,CA,90501,"LOS ANGELES","(626) 593-8133",9,For-Profit,09/14/2021
B21769,"MEDINA HOSPICE INC","6850 VAN NUYS BLVD SUITE 204",-,"VAN NUYS",CA,91405,"LOS ANGELES","(818) 640-6752",9,For-Profit,10/15/2021
B21771,"VELA HOSPICE CARE, INC","18711 SHERMAN WAY SUITE 105A",-,RESEDA,CA,91335,"LOS ANGELES","(818) 578-3735",9,For-Profit,10/22/2021
B21772,"CARDINAL CARE HOSPICE, INC","1110 N WESTERN AVENUE, SUITE 206",-,"LOS ANGELES",CA,90029,"LOS ANGELES","(323) 962-3840",9,For-Profit,09/30/2021
B21773,"GREATNESS HOSPICE, INC","43180 BUSINESS PARK DR.","SUITE 201",TEMECULA,CA,92590,RIVERSIDE,"(747) 300-3431",9,For-Profit,10/17/2021
B21777,"DELTA HEALTH HOSPICE","17037 CHATSWORTH ST SUITE 206",-,"GRANANDA HILLS",CA,91344,"LOS ANGELES","(747) 214-4428",9,For-Profit,08/31/2021
B21779,"STANDARD CARE HOSPICE INC","2323 W. LINCOLN AVE. STE. 207B",-,ANAHEIM,CA,92801,ORANGE,"(714) 230-6351",9,For-Profit,09/30/2021
B21780,"GANA HOSPICE, INC.","200 W GLENOAKS BLVD. SUITE 103",-,GLENDALE,CA,91202,"LOS ANGELES","(818) 296-9634",9,For-Profit,10/07/2021
B21782,"SEQUOIA HOSPICE INC","55 SHAW AVE SUITE 112",-,CLOVIS,CA,93612,FRESNO,"(559) 321-8054",9,For-Profit,08/20/2021
B21783,"NUERA HOSPICE, INC","19725 SHERMAN WAY SUITE 220",-,"CANOGA PARK",CA,91306,"LOS ANGELES","(747) 202-0998",9,For-Profit,09/03/2021
B21784,"NIRVANA HOSPICE, INC","14120 VICTORY BLVD #104",-,"VAN NUYS",CA,91401,"LOS ANGELES","(818) 538-5308",9,For-Profit,10/18/2021
B21785,"WELL CARE HOSPICE INC","1543 E PALMDALE BLVD SUITE J",-,PALMDALE,CA,93550,"LOS ANGELES","(661) 365-0078",9,For-Profit,10/04/2021
B21786,"LION HOSPICE CARE, INC","13317 VENTURA BLVD, SUITE H2",-,"SHERMAN OAKS",CA,91423,"LOS ANGELES","(747) 277-0026",9,For-Profit,10/12/2021
B21787,"COUNTRY CLUB HOSPICE, INC","3089 N LIMA STREET SUITE D",-,BURBANK,CA,91504,"LOS ANGELES","(747) 200-4175",9,For-Profit,11/16/2021
B21788,"FOUNTAIN HOSPICE, INC.","13523 VENTURA BLVD",-,"SHERMAN OAKS",CA,91423,"LOS ANGELES","(818) 839-8807",9,For-Profit,10/13/2021
B21790,"DOCTOR'S CHOICE PALLIATIVE AND HOSPICE CARE, INC","14112 VICTORY BLVD, SUITE 101",-,"VAN NUYS",CA,91401,"LOS ANGELES","(888) 979-0089",9,For-Profit,09/14/2021
B21791,"COVENTRY HOSPICE","14532 CENTRAL AVE.",-,CHINO,CA,91710,"SAN BERNARDINO","(909) 830-5001",9,For-Profit,10/30/2021
B21792,"ENSURE HOSPICE, INC","1609 E PALMDALE BLVD UNIT B",-,PALMDALE,CA,93550,"LOS ANGELES","(747) 262-5572",9,For-Profit,10/19/2021
B21793,"MOUNT SINAI HOSPICE AND PALLIATIVE CARE INC","1426 UNIVERSITY AVENUE, SUITE A",-,RIVERSIDE,CA,92507,RIVERSIDE,"(951) 405-8186",9,For-Profit,10/13/2021
B21795,"SILVEROAK HOSPICE AND PALLIATIVE CARE, INC","545 N. MOUNTAIN AVE. SUITE 206",-,UPLAND,CA,91786,"SAN BERNARDINO","(909) 233-4120",9,For-Profit,08/11/2021
B21796,"SUNSHINE HOSPICE AND PALLIATIVE CARE","3575 SAN PABLO DAM RD, SUITE 1",-,"EL SOBRANTE",CA,94803,"CONTRA COSTA","(510) 964-7833",9,For-Profit,10/11/2021
B21798,"DEVOTED HANDS HOSPICE, INC","3255 CAHUENGA BLVD. W SUITE 205",-,"LOS ANGELES",CA,90068,"LOS ANGELES","(747) 777-8186",9,For-Profit,08/25/2021
B21799,"EASYCARE, INC","12509 OXNARD ST. SUITE 207",-,"N HOLLYWOOD",CA,91606,"LOS ANGELES","(626) 520-9814",9,For-Profit,10/20/2021
B31500,"ENSEGUIDA HOSPICE CARE, INC","20945 DEVONSHIRE ST SUITE 105",-,CHATSWORTH,CA,91311,"LOS ANGELES","(805) 823-5980",9,,08/20/2021
B31501,"PARTHENIA CARE, INC","8925 SEPULVEDA BLVD, UNIT 212",-,"NORTH HILLS",CA,91343,"LOS ANGELES","(818) 655-0308",9,,09/11/2021
B31502,"BRADFORD HEALTHCARE","1916 ORANGE TREE LANE SUITE 450A",-,REDLANDS,CA,92374,"SAN BERNARDINO","(213) 316-8007",9,,11/29/2021
B31503,"STARBRIGHT HOSPICE, INC","7151 LINCOLN AVE","SUITE O","BUENA PARK",CA,90620,ORANGE,"(909) 554-3755",9,,06/28/2021
B31504,"SKYE HEALTHCARE SERVICES, INC","1217 BUENA VISTA ST SUITE 103-C",-,DUARTE,CA,91010,"LOS ANGELES","(626) 522-8488",9,,01/11/2019
B31505,"GENTLE CARE HOSPICE SERVICES CORP.","490 S ROSEMEAD BLVD SUITE 3",-,PASADENA,CA,91107,"LOS ANGELES","(626) 550-0615",9,,08/11/2021
B31506,"AURA HOSPICE LLC","5065 DEER VALLEY ROAD, SUITE 110",-,ANTIOCH,CA,94531,"CONTRA COSTA","(925) 635-8808",9,,03/24/2022
B31507,"HOSPICE CARE INC","15826 VENTURA BLVD, SUITE 223",-,ENCINO,CA,91436,"LOS ANGELES",-,9,,09/21/2021
B31508,"TENDER HEART HOSPICE, INC","4355 E LOWELL ST, SUITE H",-,ONTARIO,CA,91761,"SAN BERNARDINO","(909) 490-0075",9,,03/24/2021
B31509,"LEADING HOSPICE & PALLIATIVE CARE, INC","16430 VENTURA BLVD SUITE 304",-,ENCINO,CA,91436,"LOS ANGELES","(818) 946-8077",9,,10/25/2021
B31512,"DEFINITIVE HOSPICE CARE","1122 E LINCOLN AVE","SUITE B400",ORANGE,CA,92865,ORANGE,"(323) 254-2573",9,,01/04/2022
B31516,"VALLEY PACIFIC HOSPICE, INC.","1050 E YORBA LINDA BLVD, SUITE 206",-,PLACENTIA,CA,92870,ORANGE,"(657) 216-1131",9,,11/11/2021
B31518,"AVA HOSPICE CORP","333 N SANTA ANITA AVE SUITE 13",-,ARCADIA,CA,91006,"LOS ANGELES","(626) 741-0330",9,,10/15/2021
B31519,"GRANT PALLIATIVE SERVICES, INC","6320 VAN NUYS BLVD SUITE 301",-,"VAN NUYS",CA,91401,"LOS ANGELES","(818) 732-4346",9,,10/14/2021
B31520,"SKYLAR HOSPICE CARE, INC","15450 VENTURA BLVD SUITE 104",-,"SHERMAN OAKS",CA,91403,"LOS ANGELES","(818) 452-5655",9,,12/28/2021
B31521,"TOP QUALITY HOSPICE & PALLIATIVE CARE INC","5315 LAUREL CANYON BLVD SUITE 106",-,"VALLEY VILLAGE",CA,91607,"LOS ANGELES","(818) 564-6476",9,,10/28/2021
B31522,"CAREWORTHY HOSPICE","12440 FIRESTONE BLVD STE 109",-,NORWALK,CA,90650,"LOS ANGELES","(562) 863-1818",9,,11/23/2021
B31523,"IE COMMUNITY HOSPICE INC","600 N MOUNTAIN AVENUE SUITE D105",-,UPLAND,CA,91786,"SAN BERNARDINO","(909) 321-2255",9,,09/09/2021
B31525,"BLUE WAVE HOSPICE, INC.","2323 W LINCOLN AVE SUITE 207A",-,ANAHEIM,CA,92801,ORANGE,"(714) 333-4889",9,,12/21/2021
B31526,"FEDERAL HOSPICE CARE INC","20855 VENTURA BLVD SUITE 10-C",-,"WOODLAND HILLS",CA,91364,"LOS ANGELES","(818) 237-8772",9,,10/11/2021
B31527,"COMFORT NURSING CARE HOSPICE, INC","12500 RIVERSIDE DR, SUITE 204",-,"VALLEY VILLAGE",CA,91607,"LOS ANGELES","(747) 262-5888",9,,11/05/2021
B31530,"VAPIANO HOSPICE CARE, INC","2001 W MAGNOLIA BLVD SUITE F",-,BURBANK,CA,91506,"LOS ANGELES","(747) 240-3077",9,,10/25/2021
B31531,"PROPITIOUS CARE HOSPICE, INC","356 EAST OLIVE AVENUE, SUITE 112",-,BURBANK,CA,91502,"LOS ANGELES","(747) 322-5164",9,,10/29/2021
B31532,"SINCERITY HOSPICE SERVICES, INC","1700 E LINCOLN AVE STE 201",-,ANAHEIM,CA,92805,ORANGE,"(657) 220-5153",9,,12/08/2021
B31533,"KINDRED HEART HOSPICE, INC","7108 DESOTO AVE, SUITE 207F",-,"CANOGA PARK",CA,91303,"LOS ANGELES","(661) 675-5808",9,,03/19/2021
B31534,"PURE QUALITY HOSPICE","241 EAST COLORADO BLVD, SUITE 200",-,PASADENA,CA,91101,"LOS ANGELES","(626) 800-0106",9,,10/20/2021
B31535,"CAREBEST HOSPICE","780 N EUCLID ST SUITE 204L",-,ANAHEIM,CA,92801,ORANGE,"(714) 333-2209",9,,11/16/2021
B31536,"SELECTIVE HOSPICE, INC","11712 MOORPARK ST SUITE 212B",-,"STUDIO CITY",CA,91604,"LOS ANGELES","(747) 240-3075",9,,10/12/2021
B31540,"IVS HOSPICE, INC","7034 VAN NUYS BLVD SUITE F",-,"VAN NUYS",CA,91405,"LOS ANGELES","(818) 296-9561",9,,10/06/2021
B31541,"EXCELLENT QUALITY HOSPICE INC","6308 WOODMAN AVENUE SUITE 103",-,"VAN NUYS",CA,91401,"LOS ANGELES","(747) 208-4707",9,,10/06/2021
B31542,"GOOD FELLOWS HOSPICE SERVICES, INC.","1555 N VERDUGO RD STE 202",-,GLENDALE,CA,91208,"LOS ANGELES","(818) 484-8722",9,,09/24/2021
B31545,"TRANSITION CARE TELEMETRY, INC.","30320 RANCHO VIEJO RD SUITE 12",-,"SAN JUAN CAPISTRANO",CA,92675,ORANGE,"(888) 757-2018",9,,11/11/2021
B31546,"ACCESS CARE HOSPICE","2100 W. BALL RD.",-,ANAHEIM,CA,92804,ORANGE,"(714) 230-6321",9,,12/23/2021
B31548,"REPOSE HOSPICE CARE, INC","22024 LASSEN ST SUITE 109",-,CHATSWORTH,CA,91311,"LOS ANGELES","(747) 224-0502",9,,11/27/2021
B31549,"GOOD CHOICE HOSPICE CARE","17050 CHATSWORTH ST SUITE 223",-,"GRANADA HILLS",CA,91344,"LOS ANGELES","(747) 732-3237",9,,09/05/2021
B31550,"KINDNESS HOSPICE CARE, INC","12444 VICTORY BLVD, SUITE 208",-,"N HOLLYWOOD",CA,91606,"LOS ANGELES","(747) 205-0546",9,,10/18/2021
B31551,"PERPETUAL HELP HOSPICE, INC","20847 SHERMAN WAY STE 249",-,WINNETKA,CA,91306,"LOS ANGELES","(310) 895-6694",9,,06/12/2021
B31552,"GEMS HOSPICE AND PALLIATIVE CARE INC","315 ARDEN AVE, SUITE 03",-,GLENDALE,CA,91203,"LOS ANGELES","(818) 470-6457",9,,02/10/2021
B31554,"ELEGANT HOSPICE CARE","17425 CHATSWORTH ST SUITE 103",-,"GRANADA HILLS",CA,91344,"LOS ANGELES","(747) 288-9898",9,,10/31/2021
B31558,"YNG HOSPICE, INC","15300 VENTURA BLVD STE 214",-,"SHERMAN OAKS",CA,91403,"LOS ANGELES","(818) 934-9002",9,,09/01/2021
B31559,"ANESI HOSPICE","146 N. SAN FERNANDO BLVD SUITE 208",-,BURBANK,CA,91502,"LOS ANGELES","(818) 538-7311",9,,10/14/2021
B31560,"OHANA HOSPICE AND PALLIATIVE CARE, INC","5775 EAST LOS ANGELES AVENUE","SUITE 212","SIMI VALLEY",CA,93063,VENTURA,"(657) 217-6116",9,,11/30/2021
B31561,"CELESTIAL CARE HOSPICE","10720 RIVERSIDE DR SUITE B",-,"NORTH HOLLYWOOD",CA,91602,"LOS ANGELES","(818) 636-0941",9,,11/19/2021
B31562,"HOME CONNECT HOSPICE SOCAL","1811 W KATELLA AVE","SUITE 109",ANAHEIM,CA,92804,ORANGE,"(714) 912-2570",9,,04/28/2021
B31563,"HI-TOP HOSPICE CARE INC","829 N LA CADENA DRIVE",-,COLTON,CA,92324,"SAN BERNARDINO","(909) 284-5238",9,,11/10/2021
B31564,"LOVING TOUCH HOSPICE AND PALLIATIVE CARE INC","2151 MICHELSON DR. SUITE 265",-,IRVINE,CA,92612,ORANGE,"(989) 284-9955",9,,06/16/2021
B31565,"ICARE HOSPICE SERVICES, INC","12011 VICTORY BLVD SUITE 100",-,"N HOLLYWOOD",CA,91606,"LOS ANGELES","(747) 221-6673",9,,11/12/2021
B31566,"DYNAMIC HOSPICE AND PALLIATIVE CARE","2800 CAMINO DOS RIOS, SUITE 101B",-,"THOUSAND OAKS",CA,91320,VENTURA,"(818) 245-9286",9,,11/24/2021
B31567,"KEEPERS OF HOPE","4605 LANKERSHIM BLVD. SUITE 217",-,"NORTH HOLLYWOOD",CA,91602,"LOS ANGELES","(747) 281-4117",9,,11/27/2021
B31569,"JMJ HOSPICE CARE, INC.","8640 BRENTWOOD BLVD","SUITE D1",BRENTWOOD,CA,94513,"CONTRA COSTA","(925) 392-8536",9,,12/17/2021
B31570,"LA ELDER HOSPICE AND PALLIATIVE CARE, INC","6454 VAN NUYS BLVD SUITE 110/8",-,"VAN NUYS",CA,91401,"LOS ANGELES","(747) 251-4006",9,,12/01/2021
B31572,"SALVATION HOSPICE INC","9057 ARROW ROUTE","SUITE 170","RANCHO CUCAMONGA",CA,91730,"SAN BERNARDINO","(909) 757-0969",9,,10/14/2021
B31573,"DIAMOND KEY HOSPICE, INC","19634 VENTURA BLVD, SUITE 112",-,TARZANA,CA,91356,"LOS ANGELES","(818) 475-5477",9,,10/14/2021
B31574,"UNITED HEALTH HOSPICE, INC","2525 COLORADO BLVD SUITE E",-,"LOS ANGELES",CA,90041,"LOS ANGELES","(818) 254-8704",9,,08/12/2021
B31576,"ARDOR CARE HOSPICE","14545 FRIAR ST SUITE 205 H",-,"VAN NUYS",CA,91411,"LOS ANGELES","(818) 636-0941",9,,11/17/2021
B31577,"BELLEVUE HOSPICE CARE INC","19634 VENTURA BLVD SUITE 217",-,TARZANA,CA,91356,"LOS ANGELES","(818) 302-9408",9,,01/17/2022
B31579,"LOTUS HOSPICE","16250 VENTURA BLVD., SUITE 200",-,ENCINO,CA,91436,"LOS ANGELES","(747) 203-6539",9,,09/13/2021
B31580,"MEDALLION HOSPICE CARE, INC","6309 VAN NUYS BLVD, SUITE 204",-,"VAN NUYS",CA,91401,"LOS ANGELES","(747) 240-0822",9,,10/13/2021
B31581,"EC LILLY PALLIATIVE CARE & HOSPICE AGENCY, INC","1942 DEL PASO RD, SUITE 130, ROOM 100",-,SACRAMENTO,CA,95834,SACRAMENTO,"(916) 993-6358",9,,12/12/2021
B31587,"VANA HOSPICE, INC","11755 VICTORY BLVD SUITE 210",-,"N HOLLYWOOD",CA,91606,"LOS ANGELES","(323) 380-8528",9,,06/10/2021
B31588,"EAGLE GLEN HOSPICE CARE","27349 JEFFERSON AVENUE, STE. 214",-,TEMECULA,CA,92590,RIVERSIDE,"(760) 566-8867",9,,12/16/2021
B31591,"AMERI HOSPICE CARE, INC","11145 TAMPA AVE, SUITE 1B",-,NORTHRIDGE,CA,91326,"LOS ANGELES","(747) 277-1117",9,,11/05/2021
B31592,"OASIS HOSPICE CARE INC","3806 W MAGNOLIA BLVD SUITE C",-,BURBANK,CA,91505,"LOS ANGELES","(818) 859-7131",9,,12/20/2021
B31595,"ESSENTIALS HOSPICE","799 FLETCHER LN","SUITE 101",HAYWARD,CA,94544,ALAMEDA,"(510) 861-8705",9,,08/03/2021
B31596,"PARTNERS HOSPICE QUALITY CARE, LLC","317 W LA HABRA BLVD SUITE 200",-,"LA HABRA",CA,90631,"LOS ANGELES","(562) 245-7580",9,,12/23/2021
B31597,"ALL DAY HOSPICE CARE, INC","6742 VAN NUYS BLVD SUITE 204",-,"VAN NUYS",CA,91405,"LOS ANGELES","(747) 212-1525",9,,12/23/2021
B31598,"PEACEFUL HOSPICE, INC","14545 FRIAR STREET, SUITE 253",-,"VAN NUYS",CA,91411,"LOS ANGELES","(818) 208-9467",9,,11/12/2021
B31599,"CALHOPE FAMILY HOSPICE CARE, INC","2505 FOOTHILL BLVD SUITE F",-,"LA CRESCENTA",CA,91214,"LOS ANGELES","(818) 330-9590",9,,11/02/2021
B31601,"CONNECT CARE HOSPICE, INC","19634 VENTURA BLVD SUITE 216",-,TARZANA,CA,91356,"LOS ANGELES","(818) 850-7345",9,,01/02/2022
B31602,"R & B HOSPICE CARE, INC.","14545 FRIAR ST STE 118",-,"VAN NUYS",CA,91411,"LOS ANGELES","(747) 236-1356",9,,11/10/2021
B31603,"NOHO HOSPICE CARE, INC","11755 VICTORY BLVD SUITE 218",-,"N HOLLYWOOD",CA,91606,"LOS ANGELES","(747) 277-8350",9,,11/16/2021
B31604,"CALIFORNIA HOSPICE CARE CENTER","8138 FOOTHILL BLVD STE 320B",-,SUNLAND,CA,91040,"LOS ANGELES","(818) 732-0537",9,,11/09/2021
B31605,"CARING HANDS PALLIATIVE & HOSPICE INC","10184 6TH STREET SUITE B",-,"RANCHO CUCAMONGA",CA,91730,"SAN BERNARDINO","(909) 706-5824",9,,11/22/2021
B31608,"UNI HOSPICE, INC","434 W COLORADO ST SUITE 203",-,GLENDALE,CA,91204,"LOS ANGELES","(747) 307-3195",9,,01/05/2022
B31609,"SACRED HANDS HOSPICE HOME CARE, LLC","3700 DELTA FAIR BLVD","STE 200E",ANTIOCH,CA,94509,"CONTRA COSTA","(209) 762-2910",9,,01/12/2022
B31610,"LOMA LINDA HOSPICE CARE INC.","7301 MEDICAL CENTER DR SUITE 302",-,"WEST HILLS",CA,91307,"LOS ANGELES","(714) 882-1135",9,,09/28/2021
B31611,"AMERICAN HOSPICE CONNECTION","11631 VICTORY BLVD SUITE 209",-,"N HOLLYWOOD",CA,91606,"LOS ANGELES","(818) 869-4998",9,,11/21/2021
B31612,"PHYSICIANS HOSPICE GROUP","4625 1ST STREET","SUITE 230",PLEASANTON,CA,94566,ALAMEDA,"(925) 400-9388",9,,12/11/2021
B31613,"PRECISION CARE HOSPICE","1003 E COOLEY DR, SUITE 201A",-,COLTON,CA,92324,"SAN BERNARDINO","(909) 736-1849",9,,10/14/2021
B31614,"BRIGHT UNIVERSE HOSPICE CARE, INC","19634 VENTURA BLVD SUITE 320",-,TARZANA,CA,91356,"LOS ANGELES","(747) 240-3077",9,,11/23/2021
B31615,"ASTRAL HOSPICE AND PALLIATIVE CARE, INC","19634 VENTURA BLVD SUITE 300",-,TARZANA,CA,91356,"LOS ANGELES","(818) 303-9039",9,,01/26/2022
B31617,"PERSONAL TOUCH HOSPICE CARE, INC","17547 VENTURA BLVD. SUITE 302A",-,ENCINO,CA,91316,"LOS ANGELES","(747) 200-9785",9,,11/15/2021
B31619,"S & M HOSPICE, INC","11712 MOORPARK ST SUITE 212",-,"STUDIO CITY",CA,91604,"LOS ANGELES","(747) 267-1151",9,,11/17/2021
B31621,"SOLANO CARE","190 S ORCHARD AVENUE","SUITE B 123",VACAVILLE,CA,95688,SOLANO,"(707) 742-0774",9,,09/14/2021
B31622,"TYRONE HOSPICE CARE, INC.","1207 W IMPERIAL HWY","SUITE 101",BREA,CA,92821,ORANGE,"(657) 444-5200",9,,02/14/2022
B31623,"HAVEN HOSPICE, INC","2605 1/2 W BEVERLY BLVD",-,MONTEBELLO,CA,90640,"LOS ANGELES","(818) 339-4724",9,,11/19/2021
B31624,"AVEEVA HOSPICE - EAST","3741 MERCED DR","STE L",RIVERSIDE,CA,92503,RIVERSIDE,"(951) 405-3012",9,,09/23/2021
B31625,"WELBY WAY HOME, LLC","6912 OWENSMOUTH AVE SUITE 218",-,"CANOGA PARK",CA,91303,"LOS ANGELES","(310) 614-3640",9,,01/20/2022
B31626,"AVEEVA HOSPICE - SOUTH","41197 GOLDEN GATE CIRCLE","STE 109",MURRIETA,CA,92562,RIVERSIDE,"(951) 405-3013",9,,11/05/2021
B31627,"MONTROSE HOSPICE CARE INC","3467 OCEAN VIEW BLVD SUITE F",-,GLENDALE,CA,91208,"LOS ANGELES","(818) 369-7875",9,,11/05/2021
B31628,"FRESH START HOSPICE CARE, INC","11131 VANOWEN ST SUITE B",-,"N HOLLYWOOD",CA,91605,"LOS ANGELES","(818) 637-0093",9,,12/01/2021
B31630,"GREEN WAY HOSPICE, INC","7630 VINELAND AVE SUITE 210A",-,"SUN VALLEY",CA,91352,"LOS ANGELES","(818) 660-9109",9,,12/12/2021
B31631,"ALLEVIATE HOSPICE CARE, INC","11565 LAUREL CANYON BLVD UNIT 218",-,"SAN FERNANDO",CA,91340,"LOS ANGELES","(818) 433-4558",9,,11/18/2021
B31632,"PERMANENT HOSPICE, INC","3715 MARKET ST SUITE 116",-,GLENDALE,CA,91208,"LOS ANGELES","(818) 330-7975",9,,12/13/2021
B31633,"HEALING ANGELS HOSPICE CARE, INC","11755 VICTORY BLVD, SUITE 100-C",-,"N HOLLYWOOD",CA,91606,"LOS ANGELES","(818) 579-4465",9,,10/05/2021
B31634,"WEST VALLEY HOSPICE, INC.","14349 VICTORY BOULEVARD, SUITE 203A",-,"VAN NUYS",CA,91401,"LOS ANGELES","(818) 452-3646",9,,09/21/2021
B31636,"LIA HOSPICE CARE, INC.","15720 VENTURA BLVD STE 418",-,ENCINO,CA,91436,"LOS ANGELES","(747) 282-1737",9,,12/10/2021
B31637,"LUCKY HOSPICE CARE, INC","15720 VENTURA BLVD, SUITE 222",-,ENCINO,CA,91436,"LOS ANGELES","(747) 282-0979",9,,12/14/2021
B31638,"VISTA COMMUNITY HOSPICE INC","3636 CAMINO DEL RIO N","SUITE 245","SAN DIEGO",CA,92108,"SAN DIEGO","(760) 536-5442",9,,12/01/2021
B31640,"CITYWIDE HOSPICE CARE, INC","7590 N GLENOAKS BLVD, SUITE 103",-,BURBANK,CA,91504,"LOS ANGELES","(818) 875-4014",9,,12/07/2021
B31641,"LIFE CARE HOSPICE SERVICES LLC","205 WEST 5TH AVENUE, SUITE 206",-,ESCONDIDO,CA,92025,"SAN DIEGO","(760) 975-3769",9,,12/07/2021
B31642,"HOSPICE & PALLIATIVE CARE OF CALIFORNIA","23201 LAKE CENTER DR, SUITE 110",-,"LAKE FOREST",CA,92630,ORANGE,"(949) 289-1746",9,,02/08/2021
B31643,"ARTEMIS HOSPICE AND PALLIATIVE CARE","3511 W OLYMPIC BLVD	SUITE 306",-,"LOS ANGELES",CA,90019,"LOS ANGELES","(818) 647-1179",9,,12/15/2021
B31645,"WIND BREEZE HOSPICE, INC","5311 TOPANGA CANYON BLVD SUITE 311",-,"WOODLAND HILLS",CA,91364,"LOS ANGELES","(818) 646-6977",9,,10/21/2021
B31646,"RENAISSANCE HOSPICE CARE, INC","11485 VENTURA BLVD UNIT A",-,"STUDIO CITY",CA,91604,"LOS ANGELES","(323) 285-5577",9,,12/08/2021
B31647,"UNITED ALLIANCE HOSPICE CARE, INC","566 W LANCASTER BLVD UNIT 19",-,LANCASTER,CA,93534,"LOS ANGELES","(805) 370-1500",9,,07/29/2021
B31648,"AVIOR HOSPICE CARE, INC","927 W OLIVE AVE SUITE C",-,BURBANK,CA,91506,"LOS ANGELES","(747) 477-1571",9,,12/09/2021
B31649,"SM GLORY HOSPICE, INC","14540 VICTORY BLVD SUITE 231",-,"VAN NUYS",CA,91411,"LOS ANGELES","(818) 415-7136",9,,01/04/2022
B31650,"HOPE SPRINGS HOSPICE & PALLIATIVE CARE","10390 COMMERCE CENTER DR. SUITE 260A",-,"RANCHO CUCAMONGA",CA,91730,"SAN BERNARDINO","(714) 867-6973",9,,02/19/2022
B31652,"ANGEL'S VISIT HOSPICE","21006 DEVONSHIRE ST SUITE 203",-,CHATSWORTH,CA,91311,"LOS ANGELES","(818) 626-9222",9,,12/10/2021
B31653,"HEART OF ANGEL HOSPICE & PALLIATIVE INC","417 S SAN GABRIEL BLVD SUITE E",-,"SAN GABRIEL",CA,91776,"LOS ANGELES","(818) 985-4555",9,,10/31/2020
B31654,"BLUE RIVER HOSPICE, INC","171 N ALTADENA DR SUITE 235",-,PASADENA,CA,91107,"LOS ANGELES","(818) 254-8845",9,,11/19/2021
B31655,"ALL FOR HEALTH HOSPICE CARE, INC","800 S VICTORY BLVD., SUITE 101",-,BURBANK,CA,91502,"LOS ANGELES","(818) 546-9440",9,,12/17/2021
B31656,"NU CARE HOSPICE, INC","20246 SATICOY ST. SUITE 204",-,WINNETKA,CA,91306,"LOS ANGELES","(323) 900-0411",9,,11/02/2021
B31659,"PRO-CHOICE HOSPICE, INC","19634 VENTURA BLVD SUITE 302",-,TARZANA,CA,91356,"LOS ANGELES","(747) 281-6119",9,,02/02/2022
B31662,"AMARE' VISTA HOSPICE","3655 TORRANCE BLVD, SUITE 322",-,TORRANCE,CA,90503,"LOS ANGELES","(424) 247-1218",9,,08/19/2021
B31663,"VIVA HOSPICE CARE","601 EAST DAILY DRIVE, SUITE 200",-,CAMARILLO,CA,93010,VENTURA,"(818) 588-3334",9,,09/17/2021
B31665,"ULTRA CARE HOSPICE, INC","6850 VAN NUYS BLVD STE 316",-,"VAN NUYS",CA,91405,"LOS ANGELES","(818) 285-8359",9,,12/21/2021
B31666,"UNITED HEALTHCARE HOSPICE, INC","18747 SHERMAN WAY SUITE 101",-,RESEDA,CA,91335,"LOS ANGELES","(818) 674-4863",9,,11/24/2021
B31668,"OMNIA HOSPICE, INC","400 S GLENDALE AVE. SUITE M",-,GLENDALE,CA,91205,"LOS ANGELES","(747) 282-1530",9,,12/10/2021
B31670,"SYNERGY HOSPICE CARE, INC","320 PINE AVE. SUITE 408",-,"LONG BEACH",CA,90802,"LOS ANGELES","(818) 839-3000",9,,01/26/2022
B31671,"ZENITH HOSPICE","8215 VAN NUYS BLVD STE 308",-,"PANORAMA CITY",CA,91402,"LOS ANGELES","(424) 421-5494",9,,12/22/2021
B31673,"AHC HOME CARE OF SACRAMENTO","1411 EXPO PARKWAY, SUITE 140",-,"NORTH SACRAMENTO",CA,95815,SACRAMENTO,"(916) 758-6400",9,,12/16/2021
B31674,"A LIFE CARE HOSPICE INC","10970 ARROW ROUTE SUITE 213",-,"RANCHO CUCAMONGA",CA,91730,"SAN BERNARDINO","(909) 527-3335",9,,12/03/2021
B31675,"GREAT AMERICAN HOSPICE CARE","221 W ALAMEDA AVE, SUITE 203",-,BURBANK,CA,91502,"LOS ANGELES","(213) 800-7878",9,,12/02/2021
B31676,"HP HOSPICE CARE, INC","427 W COLORADO ST SUITE 207",-,GLENDALE,CA,91204,"LOS ANGELES","(818) 937-9245",9,,01/12/2022
B31677,"COMFORTCARE HOSPICE INC","401 N BRAND BLVD UNIT 822",-,GLENDALE,CA,91203,"LOS ANGELES","(818) 480-5779",9,,02/03/2022
B31678,"GOLDEN TOUCH HOSPICE CARE INC","11030 ARROW ROUTE SUITE 211",-,"RANCHO CUCAMONGA",CA,91730,"SAN BERNARDINO","(909) 527-4541",9,,01/07/2022
B31679,"ASTER HEALTH","484 EAST LOS ANGELES AVENUE, SUITE 228",-,MOORPARK,CA,93021,VENTURA,"(805) 600-8008",9,,01/11/2022
B31680,"NEW HEIGHTS HOSPICE INC","1224 E BROADWAY, SUITE 204",-,GLENDALE,CA,91205,"LOS ANGELES","(818) 319-0807",9,,01/25/2022
B31681,"FIRST PRIORITY HOSPICE, INC","14545 FRIAR ST, SUITE 231",-,"VAN NUYS",CA,91411,"LOS ANGELES","(818) 285-8844",9,,10/07/2021
B31682,"5 STAR HOSPICE","425 E COLORADO ST SUITE 480C",-,GLENDALE,CA,91205,"LOS ANGELES","(818) 301-4449",9,,03/02/2022
B31683,"PRIMAL CARE HOSPICE, INC","815 S CENTRAL AVE SUITE 26",-,GLENDALE,CA,91204,"LOS ANGELES","(818) 396-4769",9,,01/07/2022
B31684,"CARE PARTNERS HOSPICE INC","9560 TOPANGA CANYON BLVD., UNIT 102",-,CHATSWORTH,CA,91311,"LOS ANGELES","(818) 285-8157",9,,10/13/2021
B31685,"GLORIA HOSPICE, INC","4311 WILSHIRE BLVD SUITE 302",-,"LOS ANGELES",CA,90010,"LOS ANGELES","(424) 208-0082",9,,12/14/2021
B31686,"GOLDEN AGE HOSPICE & PALLIATIVE CARE, INC","15300 VENTURA BLVD SUITE 200A",-,"SHERMAN OAKS",CA,91403,"LOS ANGELES","(818) 290-3730",9,,12/08/2021
B31687,"MERIDIAN HOSPICE","3900 NEWPARK MALL","SUITE 202",NEWARK,CA,94560,ALAMEDA,"(510) 573-3866",9,,12/14/2021
B31688,"HERITAGE HOSPICE SERVICES, INC","7200 VINELAND AVE, UNIT 212",-,"SUN VALLEY",CA,91352,"LOS ANGELES","(818) 522-2974",9,,11/10/2021
B31690,"GAMMA HOSPICE CARE, INC","3111 LOS FELIZ BLVD, UNIT 108",-,"LOS ANGELES",CA,90039,"LOS ANGELES","(714) 257-5620",9,,03/02/2022
B31691,"CONFORTO HOSPICE, INC","21151 S WESTERN AVE SUITE 143",-,TORRANCE,CA,90501,"LOS ANGELES","(310) 328-0888",9,,03/14/2022
B31692,"STELLA HOSPICE, INC","1241 SOUTH GLENDALE AVENUE, SUITE 202D",-,GLENDALE,CA,91205,"LOS ANGELES","(747) 282-1787",9,,12/14/2021
B31693,"GLENDALE HOSPICE INC","7430 COLDWATER CANYON AVE. UNIT A",-,"NORTH HOLLYWOOD",CA,91605,"LOS ANGELES","(818) 745-0121",9,,01/26/2022
B31694,"SUNRISE HOSPICE INC.","1545 NORTH VERDUGO ROAD SUITE 210",-,GLENDALE,CA,91208,"LOS ANGELES","(951) 444-8440",9,,01/05/2022
B31695,"DYNASTY HOSPICE AND PALLIATIVE CARE, INC","6365 VAN NUYS BLVD SUITE 1",-,"VAN NUYS",CA,91401,"LOS ANGELES","(818) 386-8679",9,,01/26/2022
B31698,"ANTHEM HOSPICE CARE, INC","20121 VENTURA BLVD, STE 303",-,"WOODLAND HILLS",CA,91364,"LOS ANGELES","(818) 821-7005",9,,07/29/2021
B31699,"RIGHT AT HOME HOSPICE","6420 COLDWATER CANYON AVE, SUITE 207",-,"N HOLLYWOOD",CA,91606,"LOS ANGELES","(818) 579-4748",9,,11/05/2021
B31700,"REACHWELL HOSPICE CARE, INC.","805 W DUARTE RD STE 103C",-,ARCADIA,CA,91007,"LOS ANGELES","(626) 899-4765",9,,05/20/2021
B31701,"SEONA HOSPICE CARE, INC","8363 RESEDA BLVD UNIT 206",-,NORTHRIDGE,CA,91324,"LOS ANGELES","(818) 635-7132",9,,12/23/2021
B31702,"LAND OF PEACE HOSPICE","16110B HART ST",-,"VAN NUYS",CA,91406,"LOS ANGELES","(818) 402-6276",9,,10/18/2021
B31703,"SOCAL PREMIUM HOSPICE CARE","16661 VENTURA BLVD., SUITE 213",-,ENCINO,CA,91436,"LOS ANGELES","(818) 855-9597",9,,12/15/2021
B31704,"GLENMARK NURSING CARE SERVICES INC.","2600 FOOTHILL BLVD STE 105",-,"LA CRESCENTA",CA,91214,"LOS ANGELES","(747) 477-5400",9,,10/17/2021
B31705,"SUNRISE HOSPICE CARE INC.","4606 MERIDIAN AVENUE, SUITE 201",-,"SAN JOSE",CA,95124,"SANTA CLARA","(408) 766-7720",9,,11/26/2021
B31707,"FIRST CALL HOSPICE SOUTH","4993 GOLDEN FOOTHILL PARKWAY, SUITE 3",-,"EL DORADO HILLS",CA,95762,"EL DORADO","(916) 281-4414",9,,03/16/2022
B31709,"ETERNAL LIFE HOSPICE, INC","30941 AGOURA ROAD, SUITE 112",-,"WESTLAKE VILLAGE",CA,91361,VENTURA,"(805) 953-7273",9,,01/21/2022
B31710,"ALLEGIANCE HOSPICE, INC","13609 VICTORY BLVD, SUITE 247-A",-,"VAN NUYS",CA,91401,"LOS ANGELES","(818) 290-3722",9,,09/15/2021
B31711,"FAST CARE HOSPICE, INC","7940 E. GARVEY AVE SUITE 206A",-,ROSEMEAD,CA,91770,"LOS ANGELES","(626) 382-2278",9,,02/15/2022
B31712,"I KNOW HOSPICE INC","18425 BURBANK BLVD SUITE 401",-,TARZANA,CA,91356,"LOS ANGELES","(818) 627-0027",9,,01/10/2022
B31713,"VAN NUYS HOSPICE, INC.","1102 SAN FERNANDO RD STE 209",-,"SAN FERNANDO",CA,91340,ALAMEDA,"(818) 813-8159",9,,11/29/2021
B31714,"RBRK HEALTHCARE LLC","16870 WEST BERNARDO DRIVE, SUITE 400",-,"SAN DIEGO",CA,92127,"SAN DIEGO","(800) 701-7990",9,,01/28/2022
B31715,"ANTHEM HOSPICE","44215 15TH ST W. SUITE 308",-,LANCASTER,CA,93534,"LOS ANGELES","(661) 310-3256",9,,04/12/2021
B31718,"LA CRESCENTA HOSPICE, INC","2233 HONOLULU AVE UNIT 206",-,MONTROSE,CA,91020,"LOS ANGELES","(818) 745-8097",9,,12/09/2021
B31720,"FRIEDEN HOSPICE CARE","6308 WOODMAN AVE SUITE 207",-,"VAN NUYS",CA,91401,"LOS ANGELES","(818) 666-3440",9,,02/25/2022
B31721,"SD HOSPICE INC","10620 TREENA STREET, SUITE 230",-,"SAN DIEGO",CA,92131,"SAN DIEGO","(619) 430-2762",9,,02/01/2022
B31723,"BLUE SHIELD HOSPICE","425 E COLORADO ST UNIT 480B",-,GLENDALE,CA,91205,"LOS ANGELES","(818) 855-9729",9,,03/30/2022
B31724,"ST MARTIN HIGH DESERT","15475 SENECA RD, SUITE A",-,VICTORVILLE,CA,92392,"SAN BERNARDINO","(442) 255-4992",9,,03/04/2022
B31725,"HOPE CARE HOSPICE, INC","601 E YORBA LINDA BLVD. STE. 1-E",-,PLACENTIA,CA,92870,ORANGE,"(714) 724-8033",9,,02/25/2022
B31727,"THE 7 C'S HOSPICE, INC","190 SIERRA CT SUITE B-109",-,PALMDALE,CA,93550,"LOS ANGELES","(213) 973-0019",9,,11/09/2021
B31728,"SHEPHERD HOSPICE INC","14827 VENTURA BLVD SUITE 226",-,"SHERMAN OAKS",CA,91403,"LOS ANGELES","(818) 666-1595",9,,02/09/2022
B31731,"CYPRESS HOSPICE","876 N MOUNTAIN AVE. SUITE 102",-,UPLAND,CA,91786,"SAN BERNARDINO","(323) 388-3510",9,,04/13/2022
B31732,"PACIFIC COAST HOSPICE INC","20953 DEVONSHIRE ST SUITE 8B",-,CHATSWORTH,CA,91311,"LOS ANGELES","(310) 877-8067",9,,12/17/2021
B31734,"TRU HOSPICE, INC","1445 EAST LOS ANGELES AVENUE, SUITE 301S",-,"SIMI VALLEY",CA,93065,VENTURA,"(818) 583-0962",9,,04/06/2022
B31736,"GOODWILL HEALTHCARE SERVICES, INC","8380 MIRAMAR MALL","SUITE 225B","SAN DIEGO",CA,92121,"SAN DIEGO","(858) 355-9903",9,,10/17/2021
B31737,"DEW SENIOR HEALTH","201 N HOLLYWOOD WAY SUITE 206",-,BURBANK,CA,91505,"LOS ANGELES","(818) 294-2048",9,,12/30/2021
B31738,"AMHH HOSPICE, INC","14542 VENTURA BLVD, STE 206",-,"SHERMAN OAKS",CA,91403,"LOS ANGELES","(818) 582-3411",9,,03/02/2022
B31739,"LEGACY OF TENDER CARE HOSPICE, INC","3643 SAN FERNANDO RD, SUITE B",-,GLENDALE,CA,91204,"LOS ANGELES","(888) 551-4495",9,,03/31/2022
B31740,"OAK TREE HOSPICE LLC","18663 VENTURA BLVD SUITE 215",-,TARZANA,CA,91356,"LOS ANGELES","(310) 384-5607",9,,04/14/2022
B31742,"LIGHT BEAM HOSPICE, INC","120 N VICTORY BLVD. SUITE 106",-,BURBANK,CA,91502,"LOS ANGELES","(818) 290-3860",9,,10/13/2021
B31743,"GOLDEN HOSPICE, INC","14640 VICTORY BLVD SUITE 225B",-,"VAN NUYS",CA,91411,"LOS ANGELES","(747) 282-1491",9,,02/01/2022
B31745,"GLORY HOSPICE","410 SOUTH MELROSE DRIVE, SUITE 222",-,VISTA,CA,92081,"SAN DIEGO","(858) 722-4181",9,,03/25/2022
B31746,"COMPASSIONATE HOME HEALTH & HOSPICE, INC.","1501 N BROADWAY","SUITE 350","WALNUT CREEK",CA,94596,"CONTRA COSTA","(925) 425-7104",9,,04/24/2022
B31748,"OAKWOOD HEALTHCARE SERVICES INC","17220 NEWHOPE ST.","SUITE 204","FOUNTAIN VALLEY",CA,92708,ORANGE,"(818) 839-8879",9,,02/16/2022
B31749,"AAA HOSPICE CARE & NURSING, INC","229 N CENTRAL AVENUE, SUITE 507",-,GLENDALE,CA,91203,"LOS ANGELES","(818) 779-0405",9,,10/22/2021
B31751,"THE ANGELS OF HAVEN HOSPICE CARE INC","13609 VICTORY BLVD SUITE 133",-,"VAN NUYS",CA,91401,"LOS ANGELES","(818) 332-0255",9,,05/26/2022
B31752,"GENEROUS HOSPICE AND PALLIATIVE CARE","8700 RESEDA BLVD, 202B",-,NORTHRIDGE,CA,91324,"LOS ANGELES","(818) 697-2853",9,,04/08/2022
B31753,"BEST LEVEL HOSPICE, INC","17337 VENTURA BLVD. SUITE 303",-,ENCINO,CA,91316,"LOS ANGELES","(747) 208-9744",9,,03/14/2022
B31756,"CENTRIC CARE HOSPICE, INC","13405 FOLSOM BLVD., SUITE 504",-,FOLSOM,CA,95630,SACRAMENTO,"(916) 603-3550",9,,12/26/2021
B31757,"HOME CONNECT HOSPICE, LLC","200 BROWN ROAD","SUITE 106",FREMONT,CA,94539,ALAMEDA,"(408) 858-7580",9,,02/09/2022
B31758,"MEDIA CITY HOSPICE CARE, INC","348 E OLIVE AVE SUITE H2",-,BURBANK,CA,91502,"LOS ANGELES","(747) 282-0420",9,,12/17/2021
B31759,"BABY BOOMERS HOSPICE CARE INC","17817 CHATSWORTH STREET, UNIT 220",-,"GRANADA HILLS",CA,91344,"LOS ANGELES","(877) 354-5554",9,,02/16/2022
B31760,"RIGHT CHOICE HOSPICE & PALLIATIVE CARE INC","7200 VINELAND AVE SUITE 210",-,"SUN VALLEY",CA,91352,"LOS ANGELES","(818) 583-7793",9,,03/23/2022
B31761,"PASSAGES HOSPICE CARE, INC","2345 ERRINGER ROAD, SUITE 211",-,"SIMI VALLEY",CA,93065,VENTURA,"(805) 865-5681",9,,12/30/2021
B31762,"ANGELS OF VALLEY HOSPICE CARE, INC","13609 VICTORY BLVD SUITE #127",-,"VAN NUYS",CA,91401,"LOS ANGELES","(323) 765-0125",9,,05/23/2022
B31763,"ALL LIVES MATTER HOSPICE","1254 S WATERMAN AVENUE SUITE 45",-,"SAN BERNARDINO",CA,92408,"SAN BERNARDINO","(909) 521-7555",9,,02/25/2022
B31764,"YOUR DREAM HOSPICE CARE, INC","12444 VICTORY BLVD SUITE 218",-,"N HOLLYWOOD",CA,91606,"LOS ANGELES","(747) 660-0620",9,,04/05/2022
B31765,"CLEAR PATH HOSPICE AND PALLIATIVE CARE, INC","4400 COLDWATER CANYON AVE SUITE 355 UNIT B",-,"STUDIO CITY",CA,91604,"LOS ANGELES","(818) 724-9202",9,,04/07/2022
B31767,"CAREWELL HOSPICE","12656 HOOVER ST.",-,"GARDEN GROVE",CA,92841,ORANGE,"(714) 312-3295",9,,03/31/2022
B31768,"ABILITY HOSPICE","2030 EAST 4TH ST STE A-122",-,"SANTA ANA",CA,92705,ORANGE,"(747) 208-1688",9,,03/31/2022
B31769,"REAL MIND HOSPICE & PALLIATIVE CARE, INC","15130 VENTURA BLVD SUITE 318",-,"SHERMAN OAKS",CA,91403,"LOS ANGELES","(818) 806-9727",9,,12/09/2021
B31770,"DAY & NIGHT HOSPICE CARE, INC","11485 VENTURA BLVD, UNIT B",-,"STUDIO CITY",CA,91604,"LOS ANGELES","(323) 677-5533",9,,03/11/2022
B31771,"SERENITY HILLS HOSPICE INC","120 N VICTORY BLVD SUITE 309",-,BURBANK,CA,91502,"LOS ANGELES","(747) 208-3300",9,,03/18/2022
B31772,"GOOD HEART'S HOSPICE, INC","7200 VINELAND AVE SUITE 202",-,"SUN VALLEY",CA,91352,"LOS ANGELES","(323) 839-4410",9,,04/21/2022
B31773,"ONE GOOD HOSPICE INC","3148 WILLOW AVE.","SUITE 101",CLOVIS,CA,93612,FRESNO,"(559) 481-4668",9,,06/10/2022
B31775,"LIARA HOSPICE INC","121 W LEXINGTON DR SUITE 305B",-,GLENDALE,CA,91203,"LOS ANGELES","(818) 384-4678",9,,05/02/2022
B31776,"EMPYREAN HOSPICE & PALLIATIVE CARE, INC","7120 HAYVENHURST AVE SUITE 404",-,"VAN NUYS",CA,91406,"LOS ANGELES","(818) 415-8985",9,,03/28/2022
B31777,"MALTA HOSPICE CARE","7257 VASSAR AVE UNIT 200",-,"CANOGA PARK",CA,91303,"LOS ANGELES","(818) 531-5751",9,,01/10/2022
B31778,"EFFORT HOSPICE, INC.","19531 VENTURA BLVD SUITE 3",-,TARZANA,CA,91356,"LOS ANGELES","(818) 406-0646",9,,12/29/2021
B31779,"ELITE HOSPICE AND PALLIATIVE CARE LLC","224 E GRAND AVENUE, SUITE 100",-,ESCONDIDO,CA,92025,"SAN DIEGO","(480) 217-2034",9,,10/28/2021
B31780,"HELPING HAND HOSPICE","101 S. 1ST ST. SUITE 202",-,BURBANK,CA,91502,"LOS ANGELES","(818) 245-5189",9,,03/15/2022
B31783,"ALTA HOSPICE OF CALIFORNIA","1898 N. ARROWHEAD AVE.",-,"SAN BERNARDINO",CA,92405,"SAN BERNARDINO","(818) 426-5616",9,,02/27/2022
B31784,"ORANGE COUNTY CARE HOSPICE","11021 WINNERS CIR, SUITE 204",-,"LOS ALAMITOS",CA,90720,ORANGE,"(714) 684-4284",9,,09/18/2021
B31786,"REFLECTIONS HOSPICE, INC","150 E OLIVE AVE SUITE 214",-,BURBANK,CA,91502,"LOS ANGELES","(818) 646-1290",9,,03/24/2022
B31787,"COMFORTZONE HOSPICE INC","14545 FRIAR ST SUITE 294",-,"VAN NUYS",CA,91411,"LOS ANGELES","(747) 441-1154",9,,02/23/2022
B31788,"SS HELP HOSPICE INC","5301 LAUREL CANYON BLVD STE 228",-,"VALLEY VILLAGE",CA,91607,"LOS ANGELES","(818) 279-2706",9,,12/07/2021
B31789,"TS COMPASSION HOSPICE & PALLIATIVE CARE, INC","5301 LAUREL CANYON BLVD SUITE 211",-,"VALLEY VILLAGE",CA,91607,"LOS ANGELES","(818) 293-5343",9,,03/04/2022
B31790,"NEXUS HOSPICE OF THE INLAND EMPIRE LLC","1325 E COOLEY DR, SUITE 103",-,COLTON,CA,92324,"SAN BERNARDINO","(909) 757-8150",9,,05/26/2022
B31793,"QUIET EMBRACE HOSPICE CARE","7100 HAYVENHURST AVE SUITE 206",-,"VAN NUYS",CA,91406,"LOS ANGELES","(818) 646-7750",9,,03/23/2022
B31794,"NEEDLES HOSPICE, INC","813 W BROADWAY ST","UNIT B",NEEDLES,CA,92363,"SAN BERNARDINO","(760) 266-4400",9,,07/06/2022
B31795,"STATIM CARE HOSPICE, INC","21243 VENTURA BLVD SUITE 110",-,"WOODLAND HILLS",CA,91364,"LOS ANGELES","(818) 570-1670",9,,04/29/2022
B31796,"HELIUS HOSPICE AND PALLIATIVE CARE, INC","10700 BURBANK BLVD UNIT 4",-,"NORTH HOLLYWOOD",CA,91601,"LOS ANGELES","(805) 864-1222",9,,05/17/2022
B31797,"UNSURPASSED HOSPICE, INC","7200 VINELAND AVE SUITE 219",-,"SUN VALLEY",CA,91352,"LOS ANGELES","(818) 732-7970",9,,03/28/2022
B31798,"PEOPLE'S CHOICE HOSPICE, INC","120 N VICTORY BLVD SUITE 202",-,BURBANK,CA,91502,"LOS ANGELES","(818) 646-1296",9,,04/03/2022
B41500,"AVRA HOSPICE INC","9660 FLAIR DR SUITE 225",-,"EL MONTE",CA,91731,"LOS ANGELES","(626) 538-1388",9,,03/24/2022
B41503,"HEARTFUL HOSPICE CARE, INC","2500 E FOOTHILL BLVD, SUITE 206",-,PASADENA,CA,91107,"LOS ANGELES","(818) 795-9269",9,,01/13/2022
B41506,"ARCHO GROUP, INC","6309 VAN NUYS BLVD SUITE 209",-,"VAN NUYS",CA,91401,"LOS ANGELES","(747) 666-1106",9,,04/12/2022
B41508,"CA VALLEY HOSPICE, INC","2600 FOOTHILL BLVD SUITE 101",-,"LA CRESCENTA",CA,91214,"LOS ANGELES","(818) 725-6521",9,,04/05/2022
B41511,"RMG HOSPICE CARE, INC.","6320 VAN NUYS BLVD SUITE 205",-,"VAN NUYS",CA,91401,"LOS ANGELES","(747) 285-4499",9,,01/31/2022
B41512,"FRESNO HOSPICE","7541 N REMINGTON","SUITE 105",FRESNO,CA,93711,FRESNO,"(209) 727-2470",9,,06/16/2022
B41513,"ZENITH HEALTHCARE INC.","5994 W LAS POSITAS BLVD","SUITE 119",PLEASANTON,CA,94588,ALAMEDA,"(925) 201-1547",9,,06/07/2022
B41514,"DYNASTY HOSPICE, INC","14640 VICTORY BLVD SUITE 207A",-,"VAN NUYS",CA,91411,"LOS ANGELES","(747) 285-2120",9,,02/01/2022
B41516,"BRIDGE TO WELLNESS HOSPICE","14545 FRIAR ST SUITE 205J",-,"VAN NUYS",CA,91411,"LOS ANGELES","(818) 915-6377",9,,03/15/2022
B41518,"ANGELS OF PEACE HOSPICE, INC","13609 VICTORY BLVD, SUITE 237",-,"VAN NUYS",CA,91401,"LOS ANGELES","(323) 922-3424",9,,05/17/2022
B41519,"COMMUNICARE HOSPICE, INC","936 E GREEN ST, SUITE 108",-,PASADENA,CA,91106,"LOS ANGELES","(626) 788-8093",9,,04/21/2022
B41520,"ARROWHEAD HOSPICE INC","16250 VENTURA BLVD, SUITE 426",-,ENCINO,CA,91436,"LOS ANGELES","(909) 332-5790",9,,02/21/2022
B41521,"BEST QUALITY HOSPICE AND PALLIATIVE CARE, INC","6308 WOODMAN AVE SUITE 104",-,"VAN NUYS",CA,91401,"LOS ANGELES","(818) 533-2332",9,,04/05/2022
B41522,"PALIO HOSPICE, INC","10523 BURBANK BLVD SUITE 102A",-,"NORTH HOLLYWOOD",CA,91601,"LOS ANGELES","(818) 281-2637",9,,04/27/2022
B41523,"SAFE MISSION HOSPICE & PALLIATIVE CARE INC","7345 TOPANGA CANYON BLVD SUITE 230",-,"CANOGA PARK",CA,91303,"LOS ANGELES","(747) 900-5441",9,,04/14/2022
B41524,"LIFE BRIDGE HOSPICE CARE, INC","353 E ANGELENO AVE SUITE D2",-,BURBANK,CA,91502,"LOS ANGELES","(747) 247-1245",9,,10/21/2021
B41525,"APRICUS HOSPICE INC","19730 VENTURA BLVD SUITE 17",-,"WOODLAND HILLS",CA,91364,"LOS ANGELES","(818) 968-3181",9,,04/12/2022
B41527,"VIRTUE HOSPICE CARE","416 S ROSEMEAD BLVD, SUITE D",-,PASADENA,CA,91107,"LOS ANGELES","(626) 631-6096",9,,06/02/2022
B41529,"FULL CARE HOSPICE AND PALLIATIVE CARE INC.","223 E. THOUSAND OAKS BLVD. STE. 320",-,"THOUSAND OAKS",CA,91360,VENTURA,"(818) 470-6457",9,,10/23/2021
B41531,"LUCAS HOSPICE, INC","1015-1017 N AZUSA AVENUE",-,COVINA,CA,91722,"LOS ANGELES","(626) 538-1551",9,,04/21/2022
B41533,"CIGNA HOSPICE CARE, INC","6356 VAN NUYS BLVD SUITE 223",-,"VAN NUYS",CA,91401,"LOS ANGELES","(818) 517-8743",9,,03/01/2022
B41534,"CARING & HELPING HEARTS HOSPICE","41865 BOARDWALK, SUITE 216",-,"PALM DESERT",CA,92211,RIVERSIDE,"(760) 469-4003",9,,03/30/2022
B41535,"LONG LIFE HOSPICE, INC","4959 PALO VERDE ST. STE. 206A-4",-,MONTCLAIR,CA,91763,"SAN BERNARDINO","(747) 895-5090",9,,06/29/2022
B41536,"PRESTIGE HOSPICE INC","6303 OWENSMOUTH AVE SUITE 1082",-,"WOODLAND HILLS",CA,91367,"LOS ANGELES","(818) 936-2182",9,,03/29/2022
B41538,"AA FAMILY HOSPICE INC","4105 OCEAN VIEW BLVD SUITE D",-,MONTROSE,CA,91020,"LOS ANGELES","(818) 260-0096",9,,04/28/2022
B41539,"BELIEVE HOSPICE INC","18747 SHERMAN WAY SUITE 225",-,RESEDA,CA,91335,"LOS ANGELES","(818) 538-9960",9,,04/29/2022
B41540,"SOUTHWEST HOSPICE CARE, INC","15720 VENTURA BLVD SUITE 406",-,ENCINO,CA,91436,"LOS ANGELES","(818) 290-3443",9,,04/06/2022
B41541,"AJD HOSPICE, INC","600 W BROADWAY SUITE 360",-,GLENDALE,CA,91204,"LOS ANGELES","(747) 239-3155",9,,04/26/2022
B41542,"EVERCLEAR HOSPICE & PALLIATIVE CARE, INC","25835 NARBONNE AVE SUITE 277",-,LOMITA,CA,90717,"LOS ANGELES","(310) 894-9401",9,,06/19/2022
B41544,"PRO HOSPICE CARE, INC","3857 FOOTHILL BLVD. SUITE 22",-,GLENDALE,CA,91214,"LOS ANGELES","(626) 800-0121",9,,02/16/2022
B41545,"WORLD HEALTH HOSPICE, INC","15720 VENTURA BLVD, SUITE 299",-,ENCINO,CA,91436,"LOS ANGELES","(818) 717-7549",9,,07/06/2022
B41546,"ECLIPSE HOSPICE CARE, INC","127 S BRAND BLVD UNIT 305",-,GLENDALE,CA,91204,"LOS ANGELES","(818) 858-0431",9,,05/09/2022
B41547,"DA VINCI HOSPICE CARE INC","107 S FAIR OAKS AVE SUITE 215",-,PASADENA,CA,91105,"LOS ANGELES","(626) 313-3540",9,,06/29/2022
B41549,"MS HOSPICE & PALLIATIVE CARE, INC","16555 SHERMAN WAY SUITE B2",-,"VAN NUYS",CA,91406,"LOS ANGELES","(747) 322-0126",9,,05/23/2022
B41550,"SERENITY HOSPICE AND PALLIATIVE CARE","9017 RESEDA BLVD SUITE 211, NORTHRIDGE",-,NORTHRIDGE,CA,91324,"LOS ANGELES","(818) 626-8877",9,,04/20/2022
B41551,"ZION PLUS HOSPICE AND PALLIATIVE CARE INC","400 ROSEWOOD AVE SUITE 202-C",-,CAMARILLO,CA,93010,VENTURA,"(818) 470-6457",9,,06/22/2022
B41552,"SAINT MARIAM HOSPICE SERVICES INC","19725 SHERMAN WAY, SUITE 100",-,WINNETKA,CA,91306,"LOS ANGELES","(747) 206-5082",9,,06/14/2022
B41553,"ADONIS HOSPICE, INC","18401 BURBANK BLVD, SUITE 224",-,TARZANA,CA,91356,"LOS ANGELES","(818) 453-3000",9,,05/03/2022
B41554,"HOPE & CARE HOSPICE","183 N HILL AVENUE, SUITE 204",-,PASADENA,CA,91107,"LOS ANGELES","(626) 314-3333",9,,05/03/2022
B41555,"ELITE HOSPICE & PALLIATIVE CARE INC","8400 MAPLE PLACE","STE 109","RANCHO CUCAMONGA",CA,91730,"SAN BERNARDINO","(909) 481-0998",9,,11/05/2021
B41556,"PRO ANGELS, INC","401 S MAIN ST SUITE 103",-,POMONA,CA,91766,"LOS ANGELES","(909) 707-6158",9,,03/11/2022
B41558,"CHOSEN HOSPICE CARE","1737 VICTORY BLVD",-,GLENDALE,CA,91201,"LOS ANGELES","(818) 732-9608",9,,05/25/2022
B41559,"FAMILY AID HOSPICE & PALLIATIVE CARE INC","7345 TOPANGA CANYON BLVD SUITE 120",-,"CANOGA PARK",CA,91303,"LOS ANGELES","(747) 900-5441",9,,05/11/2022
B41560,"ZIRRA HOSPICE CARE, INC","7321 ATOLL AVE. SUITE 103",-,"NORTH HOLLYWOOD",CA,91605,"LOS ANGELES","(818) 925-1279",9,,05/24/2022
B41562,"HOPE OF LA HOSPICE INC","19634 VENTURA BLVD, SUITE 304",-,TARZANA,CA,91356,"LOS ANGELES","(818) 743-2233",9,,02/16/2022
B41563,"JTN HOSPICE INC","14545 FRIAR ST SUITE 295",-,"VAN NUYS",CA,91411,"LOS ANGELES","(818) 293-7103",9,,05/12/2022
B41564,"UPWM HEALTHCARE LLC","2372 MORSE AVE","SUITE 384",IRVINE,CA,92614,ORANGE,"(800) 970-5518",9,,08/17/2021
B41566,"COLLECTIVE HOSPICE CARE, INC","14547 TITUS ST UNIT 215",-,"PANORAMA CITY",CA,91402,"LOS ANGELES","(747) 200-9037",9,,06/24/2022
B41567,"MAR HOSPICE CARE","5530 CORBIN AVE SUITE 205",-,TARZANA,CA,91356,"LOS ANGELES","(818) 600-8030",9,,06/04/2022
B41568,"TAKARA HOSPICE LLC","333 S JUNIPER STREET SUITE 103",-,ESCONDIDO,CA,92025,"SAN DIEGO","(760) 932-4887",9,,06/03/2022
B41569,"NORTH VALLEY HOSPICE, INC","15455 SAN FERNANDO BLVD. SUITE 103-A",-,"MISSION HILLS",CA,91345,"LOS ANGELES","(818) 967-9255",9,,03/20/2022
B41570,"OGADA HOSPICE CARE, INC","1901 S ATLANTIC BLVD SUITE D",-,"MONTEREY PARK",CA,91754,"LOS ANGELES","(323) 488-0022",9,,07/26/2022
B41571,"GSG HOSPICE, INC","7034 VAN NUYS BLVD","SUITE G","VAN NUYS",CA,91405,"LOS ANGELES","(818) 818-8281",9,,05/17/2022
B41572,"EDEN HOSPICE, INC","35325 DATE PALM DRIVE, SUITE 134",-,"CATHEDRAL CITY",CA,92234,RIVERSIDE,"(760) 502-0999",9,,06/14/2022
B41573,"EK HOPE HOSPICE & PALLIATIVE CARE INC","14545 FRIAR ST SUITE 271",-,"VAN NUYS",CA,91411,"LOS ANGELES","(818) 275-2021",9,,05/25/2022
B41574,"HART HOSPICE","16106C HART ST",-,"VAN NUYS",CA,91406,"LOS ANGELES","(818) 802-2700",9,,05/09/2022
B41575,"VALLEY CREEK HOSPICE CARE","6005 VINELAND AVE, SUITE 215",-,"N HOLLYWOOD",CA,91606,"LOS ANGELES","(818) 650-0673",9,,05/10/2022
B41576,"CLEAR CREEK HOSPICE CARE","7122 RESEDA BLVD, STE 203",-,RESEDA,CA,91335,"LOS ANGELES","(818) 732-9573",9,,06/30/2022
B41577,"SILVERSTONE HOSPICE CARE INC","26522 LA ALAMEDA","SUITE 200","MISSION VIEJO",CA,92691,ORANGE,"(818) 752-1622",9,,10/29/2021
B41579,"SUNSET HOSPICE INC","6200 CANOGA AVE. SUITE 440",-,"WOODLAND HILLS",CA,91367,"LOS ANGELES","(818) 809-3780",9,,04/11/2022
B41580,"LION HEART HOSPICE INC","8949 RESEDA BLVD. SUITE 227",-,NORTHRIDGE,CA,91324,"LOS ANGELES","(818) 398-4343",9,,08/05/2022
B41582,"BLESSED HOSPICE CALIFORNIA INC","4540 KEARNY VILLA ROAD, SUITE 105",-,"SAN DIEGO",CA,92123,"SAN DIEGO","(858) 430-6656",9,,06/20/2022
B41583,"ALESYA HOSPICE, INC","8121 FOOTHILL BLVD",-,SUNLAND,CA,91040,"LOS ANGELES","(626) 741-1880",9,,06/22/2022
B41585,"BELIEVE HOSPICE CARE INC","225 E BROADWAY SUITE 306A",-,GLENDALE,CA,91205,"LOS ANGELES","(818) 536-7467",9,,07/09/2022
B41586,"CRISIS HOSPICE AND PALLIATIVE CARE, INC","6819 SEPULVEDA BLVD., SUITE 101",-,"VAN NUYS",CA,91405,"LOS ANGELES","(747) 205-1907",9,,07/04/2022
B41587,"ANGEL'S CARING HANDS HOSPICE CARE","600 W BROADWAY SUITE 240",-,GLENDALE,CA,91204,"LOS ANGELES","(747) 240-6656",9,,06/30/2022
B41588,"HOPE & LIGHT HOSPICE, INC","14545 FRIAR ST SUITE 175",-,"VAN NUYS",CA,91411,"LOS ANGELES","(818) 485-1404",9,,04/26/2022
B41590,"WHITE ANGELS HOSPICE INC","14545 FRIAR ST SUITE 153",-,"VAN NUYS",CA,91411,"LOS ANGELES","(747) 215-2868",9,,07/23/2022
B41592,"SHAMROCK HOSPICE, INC.","18455 BURBANK BLVD SUITE 307",-,TARZANA,CA,91356,"LOS ANGELES","(818) 658-9555",9,,01/04/2021
B41593,"CITADEL HOSPICE CARE","901 S GLENDALE AVE SUITE E1",-,GLENDALE,CA,91205,"LOS ANGELES","(818) 937-9368",9,,05/17/2022
B41594,"IDT HOSPICE CARE, INC","336 N CENTRAL AVE SUITE 8",-,GLENDALE,CA,91203,"LOS ANGELES","(818) 235-6875",9,,03/07/2022
B41595,"SORS HOSPICE, INC","3200 WILSHIRE BLVD SUITE 306",-,"LOS ANGELES",CA,90010,"LOS ANGELES","(213) 915-0029",9,,05/20/2022
B41596,"SANTA ISABEL HOSPICE, INC","18401 BURBANK BLVD SUITE 117A",-,TARZANA,CA,91356,"LOS ANGELES","(818) 478-5094",9,,06/29/2022
B41597,"VINETA HOSPICE CARE, INC","3200 E INLAND EMPIRE BLVD. SUITE 280",-,ONTARIO,CA,91764,"SAN BERNARDINO","(818) 434-3421",9,,08/30/2022
B41599,"V&G HOSPICE, INC","7233 1/2 FOOTHILL BLVD",-,TUJUNGA,CA,91042,"LOS ANGELES","(747) 247-3320",9,,03/08/2022
B41600,"HEALTH CORNER HOSPICE","333 E GLENOAKS BLVD, SUITE 202",-,GLENDALE,CA,91207,"LOS ANGELES","(818) 369-7033",9,,03/03/2022
B41601,"BENIGN CARE HOSPICE, INC","356 E OLIVE AVE SUITE 114",-,BURBANK,CA,91502,"LOS ANGELES","(747) 322-5762",9,,04/19/2022
B41602,"NC HOSPICE INC","224 E OLIVE AVE SUITE 219",-,BURBANK,CA,91502,"LOS ANGELES","(747) 477-1027",9,,05/26/2022
B41603,"BRIDGE HOSPICE","38977 SKY CANYON DRIVE, SUITE 110",-,MURRIETA,CA,92563,RIVERSIDE,"(951) 297-3336",9,,05/26/2021
B41604,"SOLEIL HOSPICE, LLC","800 CHARCOT AVE, SUITE 107",-,"SAN JOSE",CA,95131,"SANTA CLARA","(408) 498-9945",9,,06/22/2022
B41606,"SUNSHINE CARE HOSPICE","4119 W BURBANK BLVD, SUITE 176",-,BURBANK,CA,91505,"LOS ANGELES",-,9,,04/06/2022
B41607,"FIRSTHAND HOSPICE INC.","23361 EL TORO ROAD","SUITE 116","LAKE FOREST",CA,92630,ORANGE,"(714) 582-3123",9,,08/01/2022
B41608,"HADASSA HOSPICE","11428 ARTESIA BLVD, SUITE 27",-,ARTESIA,CA,90701,"LOS ANGELES","(714) 941-0853",9,,09/14/2021
B41609,"DIVINE HEALTH HOSPICE, INC","225 E, BROADWAY, SUITE 111AB",-,GLENDALE,CA,91205,"LOS ANGELES","(818) 536-7375",9,,05/23/2022
B41610,"PINNACLE PALLIATIVE SERVICES, INC.","19737 VENTURA BLVD SUITE 202",-,"WOODLAND HILLS",CA,91364,"LOS ANGELES","(818) 350-7721",9,,05/19/2022
B41611,"MOUNTAIN TOP HOSPICE CARE, INC","7177 BROCKTON AVE","SUITE 215D",RIVERSIDE,CA,92506,RIVERSIDE,"(714) 676-8892",9,,05/18/2022
B41613,"RED ROSE HOSPICE, INC.","18425 BURBANK BLVD., SUITE 402",-,TARZANA,CA,91356,"LOS ANGELES","(818) 478-8070",9,,06/23/2022
B41614,"ATHENA HOSPICE, INC.","18401 BURBANK BLVD.","SUITE 216",TARZANA,CA,91356,"LOS ANGELES","(818) 433-4040",9,,07/06/2022
B41616,"EXCELLENT PALLIATIVE AND HOSPICE CARE, INC","10600 SEPULVEDA BLVD SUITE 106",-,"MISSION HILLS",CA,91345,"LOS ANGELES","(818) 403-6295",9,,07/11/2022
B41618,"OPEN HEART HOSPICE, INC","30495 CANWOOD ST SUITE 209",-,"AGOURA HILLS",CA,91301,"LOS ANGELES","(747) 777-3033",9,,06/19/2022
B41619,"PRO-MED HEALTH HOSPICE","3171 LOS FELIZ BLVD, SUITE 200A",-,"LOS ANGELES",CA,90039,"LOS ANGELES","(424) 888-3337",9,,05/05/2022
B41622,"MORNINGSIDE HOSPICE INC","4119 WBURBANK BLVD, SUITE 150",-,BURBANK,CA,91505,"LOS ANGELES","(818) 650-1331",9,,05/17/2022
B41626,"MD 1ST CHOICE HOSPICE, INC.","150 E OLIVE AVE SUITE 304",-,BURBANK,CA,91502,"LOS ANGELES","(818) 738-0234",9,,06/14/2022
B41627,"LORIAN HEALTH","2236 LONGPORT COURT, SUITE 130",-,"ELK GROVE",CA,95758,SACRAMENTO,"(916) 978-1811",9,,07/26/2022
B41628,"LEGACY HEALTHCARE, LLC","1070 A ST","SUITE 5",HAYWARD,CA,94541,ALAMEDA,"(510) 952-9906",9,,05/31/2022
B41629,"ATTENTIVE GUARDIANS","14545 FRIAR ST SUITE 205M",-,"VAN NUYS",CA,91411,"LOS ANGELES","(323) 821-1419",9,,07/07/2022
B41630,"HEARTS EASE HOSPICE INC","4605 LANKERSHIM BLVD","SUITE 200","NORTH HOLLYWOOD",CA,91602,"LOS ANGELES","(818) 824-3160",9,,08/31/2022
B41631,"GRACIOUS NURSES HOSPICE","14545 FRIAR ST","SUITE 205 D","VAN NUYS",CA,91411,"LOS ANGELES","(818) 967-7223",9,,08/02/2022
B41632,"HUMANE LOVE HOSPICE","14545 FRIAR ST","SUITE 205B","VAN NUYS",CA,91411,"LOS ANGELES","(818) 636-0941",9,,06/21/2022
B41633,"NARINAS HOSPICE SERVICES","17000 VENTURA BLVD. SUITE 200A",-,ENCINO,CA,91316,"LOS ANGELES","(310) 328-8277",9,,06/24/2022
B41634,"NURTURING ANGELS HOSPICE","14215 SHERMAN WAY",-,"VAN NUYS",CA,91405,"LOS ANGELES","(323) 821-1419",9,,07/31/2022
B41637,"BLUE SKY HOSPICE CARE, INC.","6621 VAN NUYS BLVD SUITE 105",-,"VAN NUYS",CA,91405,"LOS ANGELES","(747) 282-1743",9,,12/16/2021
B41638,"TOUCH OF HOPE HOSPICE, INC","5311 TOPANGA CANYON BLVD SUITE #306",-,"WOODLAND HILLS",CA,91364,"LOS ANGELES","(747) 242-1135",9,,07/17/2022
B41639,"ADVENT HOSPICE CARE INC","6711 VAN NUYS BLVD SUITE 300 OFFICE 329",-,"VAN NUYS",CA,91405,"LOS ANGELES","(626) 317-0417",9,,08/16/2022
B41640,"ASTRA HOSPICE CARE, INC","15720 VENTURA BLVD SUITE 402",-,ENCINO,CA,91436,"LOS ANGELES","(818) 927-0625",9,,12/01/2021
B41641,"ALL COMFORT HOSPICE CARE, INC","5924 EAST LOST ANGELES AVENUE, SUITE W",-,"SIMI VALLEY",CA,93063,VENTURA,"(818) 307-4892",9,,05/10/2022
B41643,"KAPLAN HOSPICE, INC","10545 BURBANK BLVD, SUITE 138",-,"N HOLLYWOOD",CA,91601,"LOS ANGELES","(818) 747-2263",9,,05/05/2022
B41644,"HEAVENLY HOSPICE CARE CENTER, INC.","6308 WOODMAN AVE","SUITE 218","VAN NUYS",CA,91401,"LOS ANGELES","(818) 495-4744",9,,08/10/2022
B41646,"LOYALTY HOSPICE SERVICES, INC","1700 E LINCOLN AVE, SUITE 204",-,ANAHEIM,CA,92805,ORANGE,"(657) 208-1813",9,,08/01/2022
B41647,"SAVIORS OF HOPE HOSPICE","1527 19TH ST., STE. 220",-,BAKERSFIELD,CA,93301,KERN,"(661) 310-3500",9,,07/01/2022
B41648,"GOLDEN STAR HOSPICE AND PALLIATIVE CARE","1442 IRVINE BLVD STE 119",-,TUSTIN,CA,92780,ORANGE,"(714) 858-2742",9,,03/25/2022
B41651,"BRIDGE HOSPICE","1261 TRAVIS BLVD, STE 250",-,FAIRFIELD,CA,94533,SOLANO,"(707) 376-8118",9,,09/09/2021
B41652,"QUAD CARE HOSPICE INCORP","512 E WILSON AVE, SUITE 209",-,GLENDALE,CA,91206,"LOS ANGELES","(747) 609-8001",9,,02/16/2022
B41654,"TREASURE CARE HOSPICE, INC.","4250 PENNSYLVANIA AVE.","SUITE 203","LA CRESCENTA",CA,91214,"LOS ANGELES",-,9,,04/27/2022
B41655,"HARMONIA HOSPICE CARE LLC","3221 N SAN FERNANDO RD SUITE G",-,"LOS ANGELES",CA,90065,"LOS ANGELES","(213) 286-3335",9,,08/25/2022
B41657,"SOUTH COAST HOSPICE SERVICES, INC.","901 W CIVIC CENTER DR","STE 200Z","SANTA ANA",CA,92703,ORANGE,"(657) 247-0540",9,,06/12/2022
B41658,"UNITED ANGELS HOSPICE INC.","1619 W GARVEY AVE N, SUITE 203",-,"WEST COVINA",CA,91790,"LOS ANGELES","(626) 538-1577",9,,06/16/2022
B41659,"EASE IN HOSPICE CARE INC","715 N CENTRAL AVE","SUITE 214",GLENDALE,CA,91203,"LOS ANGELES",-,9,,05/24/2022
B41660,"CAPRI HOSPICE, INC.","401 N BRAND BLVD","SUITE L103B, L103C",GLENDALE,CA,91203,"LOS ANGELES","(919) 480-3245",9,,08/17/2022
B41661,"ASSISTIVE HOSPICE AND PALLIATIVE CARE","4540 KEARNY VILLA ROAD SUITE 213",-,"SAN DIEGO",CA,92123,"SAN DIEGO","(858) 900-6693",9,,06/03/2022
B41662,"CROWN HOSPICE, INC.","3111 LOS FELIZ BLVD. SUITE 218",-,"LOS ANGELES",CA,90039,"LOS ANGELES","(818) 646-7076",9,,08/05/2022
B41663,"ALTERNATIVE HOSPICE CARE INC.","330 RANCHEROS DR, SUITE 208 C",-,"SAN MARCOS",CA,92069,"LOS ANGELES","(310) 328-8227",9,,09/15/2022
B41664,"JOURNEY PALLIATIVE AND HOSPICE, INC.","4405 RIVERSIDE DRIVE","SUITE 204",BURBANK,CA,91505,"LOS ANGELES",-,9,,05/11/2022
B41665,"ETERNAL GRACE HOSPICE, INC","9613 ARROW ROUTE, SUITE B",-,"RANCHO CUCAMONGA",CA,91730,"SAN BERNARDINO","(818) 616-6260",9,,09/09/2022
B41666,"TRILOGY HOSPICE, INC.","14328 VICTORY BLVD SUITE K",-,"VAN NUYS",CA,91401,"LOS ANGELES","(747) 207-9377",9,,06/06/2022
B41668,"HOSPICE OF PROVIDENCE, INC","4533 VAN NUYS BLVD, SUITE 301-B",-,"SHERMAN OAKS",CA,91403,"LOS ANGELES","(818) 855-1411",9,,06/12/2022
B41669,"AUTHENTIC HOSPICE CARE","2667 NORTH MOORPARK ROAD, SUITE #205",-,"THOUSAND OAKS",CA,91360,VENTURA,"(805) 251-4404",9,,12/14/2021
B41672,"SVS HOSPICE CARE INC","127 S BRAND BLVD","SUITE 118",GLENDALE,CA,91204,"LOS ANGELES","(747) 272-9582",9,,10/11/2022
B41673,"CRESCENTA HOSPICE CARE, INC.","2600 FOOTHILL BLVD.","SUITE 108","LA CRESCENTA",CA,91214,"LOS ANGELES","(818) 635-7303",9,,10/11/2022
B41674,"MAPLE HOSPICE, INC","7630 VINELAND AVE SUITE 208-A",-,"SUN VALLEY",CA,91352,"LOS ANGELES","(818) 308-7012",9,,08/26/2022
B41675,"BRIGHT PALLIATIVE AND HOSPICE, INC.","1314 W GLENOAKS BLVD SUITE 202",-,GLENDALE,CA,91201,"LOS ANGELES",-,9,,05/19/2022
B41676,"KIND HEART HOSPICE AND PALLIATIVE CARE INCORPORATED","160 S OLD SPRINGS RD, STE 280",-,ANAHEIM,CA,92808,ORANGE,"(949) 674-5326",9,,10/08/2021
B41677,"SHORELINE HOSPICE, INC.","14402 HAYNES ST","SUITE 207","VAN NUYS",CA,91401,"LOS ANGELES","(818) 582-3208",9,,07/03/2022
B41679,"BENEFICIAL HOSPICE AND PALLIATIVE CARE","7002 MOODY ST","SUITE 205B","LA PALMA",CA,90623,ORANGE,"(562) 263-6098",9,,04/11/2022
B41680,"GOLD STAR HOSPICE, LLC","830 STEWART DR, SUITE 185",-,SUNNYVALE,CA,94085,"SANTA CLARA","(650) 814-0056",9,,09/29/2022
B41682,"OAK HOSPICE AND PALLIATIVE CARE, INC","19634 VENTURA BLVD SUITE 208",-,TARZANA,CA,91356,"LOS ANGELES","(818) 303-9909",9,,02/04/2022
B41683,"EMPHATY PALLIATIVE CARE, INC","10523 BURBANK BLVD, SUITE 117",-,"N HOLLYWOOD",CA,91601,"LOS ANGELES","(818) 531-3127",9,,07/20/2022
B41684,"HOSPICE OF PEACE, INC","2461 E ORANGETHORPE AVE","STE 209",FULLERTON,CA,92831,ORANGE,"(949) 355-2520",9,,02/16/2021
B41685,"SAINT ANGELENO HOSPICE CARE, INC","421 E ANGELENO AVE, SUITE 105",-,BURBANK,CA,91501,"LOS ANGELES","(747) 300-0748",9,,06/28/2022
B41687,"A TO Z HOSPICE, INC.","212 N GLENDALE AVE","SUITE 100",GLENDALE,CA,91206,"LOS ANGELES",-,9,,05/26/2022
B41688,"FIRST CHOICE HOSPICE CARE, INC.","18340 VENTURA BLVD","SUITE 228",TARZANA,CA,91356,"LOS ANGELES","(818) 731-6635",9,,10/15/2022
B41689,"IDEAL PALLIATIVE AND HOSPICE CARE INC","123 S MISSION DR UNIT F",-,"SAN GABRIEL",CA,91776,"LOS ANGELES","(626) 310-0990",9,,04/22/2022
B41691,"SINCERE HOSPICE AND PALLIATIVE CARE, INC","12881 KNOTT ST SUITE 234",-,"GARDEN GROVE",CA,92841,ORANGE,"(657) 667-4111",9,,05/10/2022
B41692,"FINEST HOSPICE INC","7200 VINELAND AVE.","SUITE 210A","SUN VALLEY",CA,91352,"LOS ANGELES","(747) 307-0608",9,,06/13/2022
B41695,"TITUS HOSPICE, INC.","14621 TITUS ST.","SUITE 120","PANORAMA CITY",CA,91402,"LOS ANGELES","(747) 268-2818",9,,09/19/2022
B41696,"TOGETHER HOSPICE CARE INC","438 E KATELLA AVE","STE 234",ORANGE,CA,92867,ORANGE,"(714) 202-1678",9,,05/27/2022
B41697,"BY YOUR SIDE HOSPICE, INC","14545 FRIAR ST SUITE 178",-,"VAN NUYS",CA,91411,"LOS ANGELES","(818) 795-2953",9,,03/16/2021
B41699,"EAGLE EYE HOSPICE, INC.","127 S BRAND BLVD","SUITE 223",GLENDALE,CA,91204,"LOS ANGELES","(213) 709-8880",9,,08/05/2022
B41700,"PROACTIVE HOSPICE INC","2777 PACIFIC AVE","SUITE L1","LONG BEACH",CA,90806,"LOS ANGELES","(562) 317-8797",9,,10/06/2022
B41701,"AMA HOSPICE, INC.","24509 WALNUT ST","UNIT 202","SANTA CLARITA",CA,91321,"LOS ANGELES","(818) 293-8280",9,,03/25/2022
B41703,"H & H HOSPICE, INC.","14545 FRIAR ST.,","SUITE 251","VAN NUYS",CA,91411,"LOS ANGELES","(818) 510-0225",9,,06/10/2022
B41704,"SECURE HOSPICE INC","16946 SHERMAN WAY SUITE 222",-,"VAN NUYS",CA,91406,"LOS ANGELES","(747) 998-9944",9,,09/19/2022
B41705,"TARLANI HEALTHCARE","2351 HONOLULU AVE",-,MONTROSE,CA,91020,"LOS ANGELES","(909) 777-9999",9,,05/09/2022
B41707,"RADIANT HOSPICE CARE INC","9608 VAN NUYS BLVD SUITE 201",-,"PANORAMA CITY",CA,91402,"LOS ANGELES","(818) 531-2811",9,,07/30/2022
B41708,"MERCY VILLA HOSPICE, INC.","9700 RESEDA BLVD. SUITE 100",-,NORTHRIDGE,CA,91324,"LOS ANGELES","(818) 651-7595",9,,08/28/2022
B41709,"YAN HOSPICE INC","135 S JACKSON ST.","SUITE 201B",GLENDALE,CA,91205,"LOS ANGELES",-,9,,05/10/2022
B41710,"SAINT LAURA PALLIATIVE AND HOSPICE CARE, INC.","271 E WORKMAN ST.","SUITE 200",COVINA,CA,91723,"LOS ANGELES","(626) 364-7534",9,,08/30/2022
B41711,"CALIFORNIA HEALTHCARE AND HOSPICE","4405 W RIVERSIDE DR","SUITE 213",BURBANK,CA,91505,"LOS ANGELES","(818) 736-5158",9,,08/04/2022
B41712,"ARSMED HOSPICE CARE, INC.","12444 VICTORY BLVD. SUITE 203",-,"NORTH HOLLYWOOD",CA,91606,"LOS ANGELES","(747) 252-5905",9,,05/20/2022
B41714,"MEDICALONE HEALTH","3240 LONE TREE WAY","SUITE 203",ANTIOCH,CA,94509,"CONTRA COSTA","(925) 436-3155",9,,07/30/2022
B41715,"ENCINO HOSPICE CARE, INC","16250 VENTURA BLVD SUITE 415",-,ENCINO,CA,91436,"LOS ANGELES","(818) 643-3250",9,,10/06/2021
B41716,"COASTAL HOSPICE OF SOCAL, INC","12465 LEWIS ST SUITE 206",-,"GARDEN GROVE",CA,92840,ORANGE,"(714) 705-4375",9,,07/21/2022
B41717,"GLOBAL HEALTH HOSPICE, INC","18711 SHERMAN WAY, UNIT 101B",-,RESEDA,CA,91335,"LOS ANGELES",-,9,,04/22/2022
B41718,"NO PAIN HOSPICE CARE, INC.","333 N SANTA ANITA AVE SUITE 3",-,ARCADIA,CA,91006,"LOS ANGELES","(818) 859-7115",9,,07/26/2022
B41719,"HOMESERVE HOSPICE INC","1010 N CENTRAL AVE SUITE 450",-,GLENDALE,CA,91202,"LOS ANGELES","(562) 317-8676",9,,04/01/2022
B41720,"INGMA HOSPICE CARE","14545 FRIAR ST","SUITE 227","VAN NUYS",CA,91411,"LOS ANGELES","(818) 754-9310",9,,09/02/2022
B41721,"US HOSPICE CO","30495 CANWOOD ST.","SUITE 204","AGOUA HILLS",CA,91301,"LOS ANGELES","(747) 777-9953",9,,08/19/2022
B41723,"COMFORT CHOICE HOSPICE CARE INC","6257 FOOTHILL BLVD, STE B",-,TUJUNGA,CA,91042,"LOS ANGELES","(818) 405-1030",9,,08/18/2021
B41725,"LUMINERE HOSPICE, INC","7301 TOPANGA CANYON BLVD STE 356",-,"CANOGA PARK",CA,91303,"LOS ANGELES","(323) 210-8405",9,,02/14/2022
B41726,"GABRIELLE HOSPICE CARE, INC.","3230 E IMPERIAL HWY, STE 240",-,BREA,CA,92821,ORANGE,"(714) 798-2522",9,,08/18/2022
B41727,"PRECISE HOSPICE INC","2120 FOOTHILL BLVD SUITE 103",-,"LA VERNE",CA,91750,"LOS ANGELES","(909) 247-1433",9,,06/06/2022
B41728,"TINY OASIS HOSPICE, INC","2600 FOOTHILL BLVD.","SUITE 111","LA CRESCENTA",CA,91214,"LOS ANGELES",-,9,,10/18/2022
B41732,"CARING NURSES HOSPICE INC","220 S. KENWOOD ST SUITE 102",-,GLENDALE,CA,91205,"LOS ANGELES",-,9,,09/09/2022
B41734,"AGAPE HOSPICE CARE, INC","5924 EAST LOS ANGELES AVENUE, STE L",-,"SIMI VALLEY",CA,93063,VENTURA,"(805) 422-8760",9,,10/28/2022
B41735,"INTEGRITY HOSPICE INC","3017 N SAN FERNANDO BLVD SUITE #C",-,BURBANK,CA,91504,"LOS ANGELES","(747) 224-2294",9,,09/28/2022
B41736,"INFINITE LIFE INC","5958 VINELAND AVE STE L-2",-,"NORTH HOLLYWOOD",CA,91601,"LOS ANGELES","(818) 579-4124",9,,08/20/2021
B41738,"AIM HOSPICE INC","9778 KATELLA AVE","STE 202",ANAHEIM,CA,92804,ORANGE,"(714) 262-6732",9,,09/14/2022
B41739,"A AND S HOSPICE PALLIATIVE CARE, INC.","1425 W BURBANK BLVD.","SUITE J",BURBANK,CA,91506,"LOS ANGELES",-,9,,06/21/2022
B41740,"STARLIGHT HOSPICE","224 E OLIVE AVE SUITE 213",-,BURBANK,CA,91502,"LOS ANGELES","(323) 282-7679",9,,05/05/2022
B41741,"SERENADE HEALTHCARE","13527 VENTURA BLVD, SUITE A",-,"SHERMAN OAKS",CA,91423,"LOS ANGELES","(818) 650-8203",9,,06/23/2022
B41742,"KH PRIME HOSPICE CARE","2180 HARVARD STREET","SUITE 330",SACRAMENTO,CA,95815,SACRAMENTO,"(916) 809-7027",9,,10/07/2022
B41743,"WELL CARE HOSPICE & PALLIATIVE CARE, INC.","300 N 3RD STREET SUITE 348",-,BURBANK,CA,91502,"LOS ANGELES","(818) 285-8803",9,,06/21/2022
B41744,"LOTUS BLOOM HOSPICE, INC","127 S BRAND BLVD","SUITE 211",GLENDALE,CA,91204,"LOS ANGELES","(747) 737-3035",9,,08/09/2022
B41745,"CLEAR SOUL HOSPICE INC","229 N CENTRAL AVE","SUITE 409",GLENDALE,CA,91203,"LOS ANGELES","(747) 334-9995",9,,07/22/2022
B41746,"PACIFIC HEARTS HOSPICE, INC.","21151 S WESTERN AVE","SUITE 281",TORRANCE,CA,90501,"LOS ANGELES",-,9,,10/11/2022
B41747,"ARTEMIS HEALTHCARE","220 S KENWOOD ST","SUITE 101",GLENDALE,CA,91205,"LOS ANGELES","(323) 394-8000",9,,08/09/2022
B41748,"FLINTRIDGE HOSPICE CARE, INC","7831 FOOTHILL BLVD SUITE A",-,SUNLAND,CA,91040,"LOS ANGELES","(747) 677-8945",9,,10/17/2022
B41749,"CARING HELP HOSPICE AGENCY, INC","60 ALTA ST, STE 201",-,ARCADIA,CA,91006,"LOS ANGELES","(626) 461-5189",9,,07/12/2022
B41750,"EXCLUSIVE HOSPICE CARE, INC","30101 AGOURA CT SUITE 123",-,"AGOURA HILLS",CA,91301,"LOS ANGELES","(747) 255-1711",9,,04/05/2022
B41751,"HOSPICE FOR YOU INC","2525 E COLORADO BLVD. SUITE 108",-,PASADENA,CA,91107,"LOS ANGELES","(818) 433-4495",9,,02/21/2022
B41754,"DIGNITA HOSPICE, INC.","200 N BRADFORD AVE SUITE H",-,PLACENTIA,CA,92870,ORANGE,"(657) 275-9084",9,,07/12/2022
B41755,"REALITY CARE HOSPICE, INC.","520 E WILSON AVE","SUITE 205",GLENDALE,CA,91206,"LOS ANGELES","(818) 600-1565",9,,08/30/2022
B41756,"ROSE GARDEN HOSPICE, INC.","3171 LOS FELIZ BLVD","SUITE 311A","LOS ANGELES",CA,90039,"LOS ANGELES",-,9,,08/10/2022
B41757,"7 HOSPICE CARE, INC.","5658 SEPULVEDA BLVD","SUITE 100","VAN NUYS",CA,91411,"LOS ANGELES",-,9,,04/14/2022
B41758,"HOSPICE OF BEST CHOICE CORP.","539 N GLENOAKS BLVD SUITE 202",-,BURBANK,CA,91502,"LOS ANGELES","(818) 818-8446",9,,08/09/2022
B41761,"OPTION HOSPICE, INC","7301 TOPANGA CANYON BLVD","SUITE 358","CANOGA PARK",CA,91303,"LOS ANGELES",-,9,,09/30/2022
B41762,"PROGRESS PALLIATIVE CARE INC","1821 W VERDUGO AVE","SUITE 102",BURBANK,CA,91506,"LOS ANGELES",-,9,,06/16/2022
B41764,"ESSENTIAL HOSPICE INC","5805 SEPULVEDA BLVD. SUITE 740",-,"SHERMAN OAKS",CA,91411,"LOS ANGELES","(747) 300-2145",9,,08/30/2022
B41766,"ERGO HOSPICE, INC","2600 FOOTHILL BLVD.","SUITE 100","LA CRESCENTA",CA,91214,"LOS ANGELES","(747) 255-7202",9,,10/25/2022
B41767,"HOLDING HANDS HOSPICE","3169 BARBARA CT, SUITE F",-,"LOS ANGELES",CA,90068,"LOS ANGELES","(323) 231-4040",9,,09/09/2022
B41769,"LIFESTYLE HOSPICE, INC","2600 FOOTHILL BLVD.","SUITE 110","LA CRESCENTA",CA,91214,"LOS ANGELES","(928) 607-3089",9,,11/03/2022
B41770,"TOP LINE HOSPICE CARE, INC","22024 LASSEN ST., SUITE 112",-,CHATSWORTH,CA,91311,"LOS ANGELES","(818) 484-8898",9,,06/08/2022
B41773,"SALUD HOSPICE INC","14545 FRIAR ST","SUITE 296","VAN NUYS",CA,91411,"LOS ANGELES","(818) 574-7288",9,,08/10/2022
B41774,"PREMIERE HOSPICE AND PALLATIVE CARE, INC","18645 SHERMAN WAY","SUITE 106",RESEDA,CA,91335,"LOS ANGELES","(818) 697-8377",9,,07/22/2022
B41775,"ALMIGHTY HOSPICE CARE, INC.","18159 1/2 PARTHENIA ST",-,NORTHRIDGE,CA,91325,"LOS ANGELES","(747) 256-4111",9,,06/10/2022
B41778,"WOODLAND HOSPICE CARE, INC","21241 VENTURA BLVD, SUITE 260",-,"WOODLAND HILLS",CA,91364,"LOS ANGELES","(818) 805-3042",9,,06/22/2022
B41779,"BETTER LIFE HOSPICE","333 E GLENOAKS BLVD. SUITE 205",-,GLENDALE,CA,91207,"LOS ANGELES","(818) 369-7736",9,,08/11/2022
B41780,"MY COMFORT CARE HOSPICE, INC.","8522 FOOTHILL BLVD.","SUITE 208",SUNLAND,CA,91040,"LOS ANGELES","(818) 776-1111",9,,10/20/2022
B41781,"HARMONY HOSPICE SERVICES, INC","644 W BROADWAY, SUITE 104",-,GLENDALE,CA,91204,"LOS ANGELES","(818) 696-9277",9,,06/24/2022
B41782,"GO NORTH HOSPICE CARE, INC.","9221 CORBIN AVE SUITE 205",-,NORTHRIDGE,CA,91324,"LOS ANGELES","(747) 236-7088",9,,09/02/2022
B41784,"LA CARE HOSPICE INC.","211 W ALAMEDA AVE SUITE 101",-,BURBANK,CA,91502,"LOS ANGELES","(747) 320-0040",9,,07/14/2022
B41785,"MEDICAL ALLIANCE GROUP","1528 CANADA BLVD","SUITE 203",GLENDALE,CA,91208,"LOS ANGELES","(747) 274-2450",9,,08/11/2022
B41786,"ELITE HOSPICE, INC","14654 VICTORY BLVD.","SUITE 212","VAN NUYS",CA,91411,"LOS ANGELES","(818) 275-1012",9,,06/28/2022
B41791,"BETA CARING HANDS HOSPICE, INC.","110 W FIR ST SUITE 4",-,BREA,CA,92821,ORANGE,"(714) 784-6114",9,,08/03/2022
B41792,"EMC HOSPICE INC","14044 VENTURA BLVD SUITE 209",-,"SHERMAN OAKS",CA,91423,"LOS ANGELES","(747) 318-0008",9,,03/08/2022
B41793,"BRIGHT SOURCE HOSPICE LLC","22024 LASSEN ST","OFFICE 113",CHATSWORTH,CA,91311,"LOS ANGELES",-,9,,03/11/2022
B41794,"DEVOTED HOSPICE, INC","2910 W BURBANK BLVD, SUITE B",-,BURBANK,CA,91505,"LOS ANGELES","(323) 447-7707",9,,10/27/2022
B41795,"HAYCARE HOSPICE","315 W VERDUGO AVE STE 206",-,BURBANK,CA,91502,"LOS ANGELES","(747) 877-2007",9,,08/17/2022
B41796,"DEVOTED HOSPICE CARE INC","502 W ROUTE 66","SUITE 19",GLENDORA,CA,91740,"LOS ANGELES","(323) 578-4569",9,,09/30/2022
B41798,"AVE HOSPICE CARE, INC.","13749 VICTORY BLVD. # C",-,"VAN NUYS",CA,91401,"LOS ANGELES","(818) 849-6075",9,,11/03/2022
B51500,"BIG HEARTS HOSPICE CORP.","14349 VICTORY BLVD STE 304",-,"VAN NUYS",CA,91401,"LOS ANGELES","(747) 240-5070",9,,08/05/2022
B51501,"ASA HOSPICE CARE INC","18340 VENTURA BLVD.","UNIT 207",TARZANA,CA,91356,"LOS ANGELES","(818) 731-6635",9,,11/26/2022
B51502,"OPTIMAL CARE HOSPICE, INC.","18340 VENTURA BLVD.","SUITE 225",TARZANA,CA,91356,"LOS ANGELES","(747) 253-0007",9,,11/06/2022
B51504,"FAMOUS HOSPICE CARE","6454 VAN NUYS BLVD SUITE 6",-,"VAN NUYS",CA,91401,"LOS ANGELES","(747) 877-2707",9,,10/24/2022
B51505,"FIRST RELIABLE HOSPICE CARE, INC.","16501 SHERMAN WAY SUITE 105A",-,"VAN NUYS",CA,91406,"LOS ANGELES","(818) 453-5124",9,,08/23/2022
B51507,"CAPITAL HOSPICE SERVICES","502 W ROUTE 66 SUITE 17B",-,GLENDORA,CA,91740,"LOS ANGELES","(818) 624-6360",9,,09/08/2022
B51510,"BEATUS HOSPICE CARE,INC.","11490 BURBANK BLVD.","SUITE 2A","NORTH HOLLYWOOD",CA,91601,"LOS ANGELES","(818) 561-5031",9,,11/06/2022
B51512,"GRACE PALLIATIVE & HOSPICE CARE","8119 FOOTHILL BLVDM SUITE 5",-,SUNLAND,CA,91040,"LOS ANGELES","(747) 282-1898",9,,08/30/2022
B51513,"GOLDEN STATE HOSPICE CARE","4405 W RIVERSIDE DR.","SUITE 203",BURBANK,CA,91505,"LOS ANGELES","(818) 940-1258",9,,09/02/2022
B51516,"HOSPICE OF GENTLE CARE, INC.","6637 SAN FERNANDO RD UNIT B",-,GLENDALE,CA,91201,"LOS ANGELES","(747) 205-1362",9,,08/24/2022
B51517,"HOSPICE OF SERENE CARE, INC.","17315 STUDEBAKER RD SUITE 130",-,CERRITOS,CA,90703,"LOS ANGELES","(747) 205-1369",9,,08/18/2022
B51518,"BRAND HOSPICE CARE, INC","7630 VINELAND AVE SUITE 209A",-,"SUN VALLEY",CA,91352,"LOS ANGELES","(818) 961-5680",9,,07/12/2022
B51519,"CALIFORNIA HEALING HOSPICE, INC.","1770 N HIGHLAND AVE","SUITE F","LOS ANGELES",CA,90028,"LOS ANGELES","(310) 923-4969",9,,08/19/2022
B51521,"RAPID HOSPICE CARE, INC","2654 HONOLULU AVE, SUITE A",-,MONTROSE,CA,91020,"LOS ANGELES","(323) 591-2675",9,,08/22/2022
B51522,"PRIORITY HOSPICE CARE SERVICES, INC.","15720 VENTURA BLVD SUITE 234",-,ENCINO,CA,91436,"LOS ANGELES","(818) 616-1020",9,,10/25/2022
B51523,"NIAGARA HOSPICE INC","6308 WOODMAN AVE.","SUITE 110","VAN NUYS",CA,91401,"LOS ANGELES","(323) 963-6338",9,,11/11/2022
B51524,"EVOLVE HOSPICE, INC","18305 SHERMAN WAY","UNIT 23",RESEDA,CA,91335,"LOS ANGELES","(747) 336-3193",9,,11/09/2022
B51527,"MALIBU HOSPICE, INC","30101 AGOURA CT","SUITE 236A","AGOURA HILLS",CA,91301,"LOS ANGELES","(424) 325-8231",9,,08/26/2022
B51529,"HELPING HEARTS HOSPICE CARE INC","143 S GLENDALE AVE","SUITE 105",GLENDALE,CA,91205,"LOS ANGELES","(747) 240-6020",9,,09/07/2022
B51530,"HFS HOSPICE CARE, INC","7335 VAN NUYS BLVD SUITE 202",-,"VAN NUYS",CA,91405,"LOS ANGELES","(818) 626-3676",9,,09/07/2022
B51532,"GRACE AND COMFORT HOSPICE CARE","4869 TOPANGA CANYON BLVD SUITE 10",-,"WOODLAND HILLS",CA,91364,"LOS ANGELES","(818) 334-7060",9,,11/03/2022
B51533,"GRATIFY CARE HOSPICE","8622 RESEDA BLVD.","UNIT 201",NORTHRIDGE,CA,91324,"LOS ANGELES","(747) 237-7204",9,,11/04/2022
B51535,"HOSPICE OF THE EAST AND PALLIATIVE CARE INC.","11911 ARTESIA BLVD","SUITE 206A",CERRITOS,CA,90701,"LOS ANGELES","(562) 474-1099",9,,11/18/2022
B51536,"HOSPICE OF GRACE AND PALLIATIVE CARE INC","351 E FOOTHILL BLVD SUITE 250",-,ARCADIA,CA,91006,"LOS ANGELES","(818) 553-6646",9,,09/21/2022
B51537,"DAILY SUPPORT HOSPICE, INC.","21405 DEVONSHIRE ST SUITE #211",-,CHATSWORTH,CA,91311,"LOS ANGELES","(818) 927-7931",9,,09/15/2022
B51538,"ALIVE HOSPICE CARE, INC.","712 S MAIN ST SUITE A",-,BURBANK,CA,91506,"LOS ANGELES","(818) 293-8808",9,,09/01/2022
B51539,"DEPENDABLE HOSPICE SERVICES INC.","333 N SANTA ANITA AVE.","SUITE 10",ARCADIA,CA,91006,"LOS ANGELES","(818) 731-7170",9,,09/15/2022
B51540,"GOLDSTONE HOSPICE, INC.","15480 ARROW HWY STE 206",-,"BALDWIN PARK",CA,91706,"LOS ANGELES","(818) 334-0303",9,,09/28/2022
B51541,"GRACEFUL HOSPICE CARE INC","620 W ROUTE 66","UNIT 219",GLENDORA,CA,91740,"LOS ANGELES","(818) 641-4703",9,,09/28/2022
B51542,"HYGIEIA HOSPICE CARE","11401 CARSON ST","SUITE M",LAKEWOOD,CA,90715,"LOS ANGELES",-,9,,09/21/2022
B51544,"NATIONAL HOSPICE, INC.","7545 WINNETKA AVE.","UNIT A",WINNETKA,CA,91306,"LOS ANGELES","(747) 285-2100",9,,10/14/2022
B51545,"PALM SPRINGS HOSPICE AND PALLIATIVE CARE INC","69-730 HIGHWAY 111","SUITE #204","RANCHO MIRAGE",CA,92270,RIVERSIDE,"(800) 917-6090",9,,11/03/2022
B51546,"VALLEY SERENITY HOSPICE CARE, INC","14416 HAMLIN ST.","SUITE 205","VAN NUYS",CA,91401,"LOS ANGELES","(747) 301-3011",9,,08/17/2022
B51548,"PROPER CARE HOSPICE","15720 VENTURA BLVD SUITE 626",-,ENCINO,CA,91436,"LOS ANGELES","(424) 367-9979",9,,08/23/2022
B51549,"PRAYER HOSPICE CARE, INC.","6741 VAN NUYS BLVD.","SUITE 218","VAN NUYS",CA,91405,"LOS ANGELES","(747) 247-1205",9,,09/09/2022
B51551,"REAL CARE HOSPICE, INC","4730 WOODMAN AVE SUITE 205",-,"SHERMAN OAKS",CA,91423,"LOS ANGELES","(747) 307-3604",9,,08/24/2022
B51552,"CORAL HOSPICE, INC.","358 E OLIVE AVE","SUITE 104",BURBANK,CA,91502,"LOS ANGELES","(808) 322-6108",9,,08/10/2022
B51553,"CARING AND WELLNESS HOSPICE CARE, INC.","1112 1/2 N PACIFIC AVE",-,GLENDALE,CA,91202,"LOS ANGELES","(818) 839-3333",9,,09/02/2022
B51554,"GOLDEN ROAD HOSPICE, INC.","11490 BURBANK BLVD SUITE 2D",-,"NORTH HOLLYWOOD",CA,91601,"LOS ANGELES","(818) 579-4281",9,,11/30/2022
B51556,"SANATOS HOSPICE CARE, INC.","401 N BRAND BLVD STE 635D & 635E",-,GLENDALE,CA,91203,"LOS ANGELES","(747) 247-2662",9,,08/16/2022
B51559,"MIMAS HOSPICE AND PALLIATIVE CARE, INC.","3171 LOS FELIZ BLVD SUITE E",-,"LOS ANGELES",CA,90039,"LOS ANGELES","(323) 486-7186",9,,07/14/2022
B51560,"NEW HOPE HOSPICE CARE","12444 VICTORY BLVD STE 408",-,"NORTH HOLLYWOOD",CA,91606,"LOS ANGELES","(747) 254-6055",9,,10/24/2022
B51561,"CONCIERGE HOSPICE AND PALLIATIVE CARE","2055 TORRANCE BLVD","SUITE 4",TORRANCE,CA,90501,"LOS ANGELES","(424) 999-5143",9,,12/14/2022
B51562,"EMHOSPICE LLC","629 S HILL ST SUITE 704",-,"LOS ANGELES",CA,90014,"LOS ANGELES","(310) 290-7621",9,,09/14/2022
B51563,"QUALICARE HOSPICE, INC.","924 E GREEN ST. SUITE 220B",-,PASADENA,CA,91106,"LOS ANGELES","(818) 433-4577",9,,10/21/2022
B51564,"SHAID HOSPICE, INC.","12501 CHANDLER BLVD","SUITE 103","VALLEY VILLAGE",CA,91607,"LOS ANGELES","(818) 308-7772",9,,10/05/2022
B51565,"PACIFIC CREST HOSPICE OF VENTURA COUNTY LLC","2300 ALESSANDRO DRIVE, SUITE 120",-,VENTURA,CA,93001,VENTURA,"(760) 808-2646",9,,01/19/2023
B51566,"GREENFIELD HOSPICE AND PALLIATIVE CARE INC.","17315 STUDEBAKER RD","SUITE 214",CERRITOS,CA,90703,"LOS ANGELES","(562) 683-1183",9,,09/19/2022
B51568,"ALIGNED HOSPICE CARE, INC","121 W LEXINGTON DR. SUITE L106K",-,GLENDALE,CA,91203,"LOS ANGELES","(818) 900-6573",9,,11/18/2022
B51571,"SAFE HAVEN HOSPICE CARE INC","2115 W CRESCENT AVE","SUITE 255",ANAHEIM,CA,92801,ORANGE,"(562) 505-2846",9,,09/29/2022
B51572,"CARE PACIFIC HOSPICE INC","6404 WILSHIRE BLVD. SUITE 540",-,"LOS ANGELES",CA,90048,"LOS ANGELES","(323) 360-4760",9,,02/04/2022
B51575,"EOS HOSPICE & PALLIATIVE CARE INC","646 SOUTH BARRANCA AVE",-,COVINA,CA,91723,"LOS ANGELES","(909) 766-8281",9,,05/09/2022
B51576,"LENUS CARE LLC","5060 CALIFORNIA AVE","SUITE 415",BAKERSFIELD,CA,93309,KERN,"(800) 552-6054",9,,07/29/2022
B51577,"NOBLE LIFE HOSPICE INC","217 E ALAMEDA AVE SUITE 208",-,BURBANK,CA,91502,"LOS ANGELES","(747) 202-1616",9,,11/21/2022
B51578,"CROWNING COMFORT HOSPICE INC","401 N BRAND BLVD","SUITE 238",GLENDALE,CA,91203,"LOS ANGELES",-,9,,01/09/2023
B51579,"HELPFUL HOSPICE CARE","15720 VENTURA BLVD SUITE 207",-,ENCINO,CA,91436,"LOS ANGELES",-,9,,12/20/2022
B51582,"SUN VALLEY HOSPICE, INC","8135 SAN FERNANDO RD",-,"SUN VALLEY",CA,91352,"LOS ANGELES","(818) 484-9458",9,,09/14/2022
B51584,"FOUR LIFE HOSPICE CARE, INC.","10718 1/2 RIVERSIDE DR",-,"NORTH HOLLYWOOD",CA,91602,"LOS ANGELES",-,9,,07/18/2022
B51585,"LZ HOSPICE CARE INC","221 E WALNUT ST.","SUITE 120",PASADENA,CA,91101,"LOS ANGELES","(626) 298-6818",9,,08/16/2022
B51587,"MISSION HOSPICE, INC","18747 SHERMAN WAY SUITE 218",-,RESEDA,CA,91335,"LOS ANGELES","(818) 847-7551",9,,11/04/2022
B51589,"SF VALLEY HOSPICE CARE INC","8133 SAN FERNANDO RD SUITE E",-,"SUN VALLEY",CA,91352,"LOS ANGELES","(818) 484-0045",9,,09/16/2022
B51591,"SCV HOSPICE CARE","27013 LANGSIDE AVE. SUITE O",-,"CANYON COUNTRY",CA,91351,"LOS ANGELES","(661) 360-7274",9,,10/25/2022
B51592,"SANTA TERESA HOSPICE CARE","18401 BURBANK BLVD SUITE 117",-,TARZANA,CA,91356,"LOS ANGELES","(818) 453-0030",9,,10/18/2022
B51593,"HEAVENLY LOVE HOSPICE, INC.","183 N HILL AVE SUITE 202",-,PASADENA,CA,91106,"LOS ANGELES","(626) 469-0962",9,,07/28/2022
B51594,"RIZE HOSPICE","9778 KATELLA AVENUE","SUITE 106",ANAHEIM,CA,92804,ORANGE,"(714) 867-6594",9,,08/31/2022
B51595,"CARE AND COMFORT HOSPICE, INC.","8374 TOPANGA CANYON BLVD SUITE 213",-,"CANOGA PARK",CA,91304,"LOS ANGELES","(818) 854-6525",9,,01/01/2023
B51596,"FRIENDLY HOSPICE BEST CARE, INC.","14545 VICTORY BLVD","SUITE 602A","VAN NUYS",CA,91411,"LOS ANGELES","(818) 453-4770",9,,12/22/2022
B51597,"IMED HOSPICE","22543 VENTURA BLVD","SUITE 223","WOODLAND HILLS",CA,91364,"LOS ANGELES","(888) 886-6461",9,,01/11/2023
B51598,"HEALING HANDS HOSPICE, INC","1241 S GLENDALE AVE SUITE 205B",-,GLENDALE,CA,91205,"LOS ANGELES","(818) 387-6249",9,,03/01/2022
B51600,"ALOE VERA HOSPICE, INC.","18345 VENTURA BLVD. SUITE 206",-,TARZANA,CA,91356,"LOS ANGELES","(818) 919-6364",9,,02/10/2023
B51601,"PROVIDER LINK HOSPICE AND PALLIATIVE CARE INC","10999 RIVERSIDE DR SUITE 210",-,"NORTH HOLLYWOOD",CA,91602,"LOS ANGELES","(818) 470-6457",9,,10/11/2022
B51602,"GRAND HEALTH HOSPICE, INC.","6900 CANBY AVE UNIT 106",-,RESEDA,CA,91335,"LOS ANGELES","(818) 358-6050",9,,11/18/2022
B51603,"COMFOR CARE HOSPICE INC","417 ARDEN AVE SUITE 121D",-,GLENDALE,CA,91203,"LOS ANGELES","(747) 307-5568",9,,02/24/2023
B51604,"NEXT LEVEL HOSPICE CARE","121 W WHITTIER BLVD","SUITE 221","LA HABRA",CA,90631,ORANGE,"(818) 275-0710",9,,02/16/2023
B51605,"DELICATE HEALING HOSPICE, INC.","4119 W BURBANK BLVD","SUITE 185",BURBANK,CA,91505,"LOS ANGELES","(323) 369-0243",9,,10/10/2022
B51606,"CHERISHAVEN HOSPICE","2363 MARINER SQUARE DR","SUITE 146",ALAMEDA,CA,94501,ALAMEDA,"(628) 224-5007",9,,01/17/2023
B51608,"HEART TO HEART HOSPICE AND PALLIATIVE CARE, INC.","11336 CAMARILLO ST","SUITE 306","NORTH HOLLYWOOD",CA,91602,"LOS ANGELES","(818) 821-3402",9,,01/18/2023
B51609,"AVANT CARE HOSPICE, INC.","6427 W 87TH ST",-,"LOS ANGELES",CA,90045,"LOS ANGELES",-,9,,07/21/2022
B51612,"VERANDA HOSPICE & PALLIATIVE CARE INC","1220 W GLENOAKS BLVD SUITE 204B",-,GLENDALE,CA,91201,"LOS ANGELES",-,9,,11/17/2022
B51614,"VERMEL HOSPICE, INC","8119 FOOTHILL BLVD SUITE 6",-,SUNLAND,CA,91040,"LOS ANGELES",-,9,,11/18/2022
B51616,"NEXUS HOSPICE OF RIVERSIDE LLC","1307 W SIXTH ST, STE 223",-,CORONA,CA,92882,RIVERSIDE,"(951) 877-4120",9,,01/25/2023
B51617,"SANTA KATHARINA HOSPICE CARE INC.","18455 BURBANK BLVD","SUITE 403",TARZANA,CA,91356,"LOS ANGELES","(818) 453-0177",9,,09/08/2022
B51618,"SUMMER BREEZE HEALTHCARE","820 N. MOUNTAIN AVENUE, SUITE 110",-,UPLAND,CA,91786,"SAN BERNARDINO","(909) 541-5618",9,,09/18/2022
B51621,"RELAXED HOME HOSPICE CARE","6303 OWENSMOUTH AVE SUITE 1069",-,"WOODLAND HILLS",CA,91367,"LOS ANGELES","(818) 457-1391",9,,09/22/2022
B51622,"OLIVEGLEN HOSPICE CARE, INC.","333 E GLENOAKS BLVD","SUITE 203",GLENDALE,CA,91207,"LOS ANGELES","(747) 283-0371",9,,03/07/2023
B51623,"QA CARE HOSPICE","303 N GLENOAKS BLVD","SUITE 231",BURBANK,CA,91502,"LOS ANGELES","(818) 478-1422",9,,02/11/2022
B51624,"AMERICARE HOSPICE","4119 W BURBANK BLVD SUITE 145",-,BURBANK,CA,91505,"LOS ANGELES","(747) 244-2187",9,,09/02/2022
B51625,"SOUL HOSPICE CARE, INC.","2930 HONOLULU AVE SUITE 200",-,GLENDALE,CA,91214,"LOS ANGELES","(747) 203-0466",9,,07/26/2022
B51626,"BLESS CARE HOSPICE INC","726 W BROADWAY UNIT/SUITE B",-,GLENDALE,CA,91204,"LOS ANGELES","(747) 264-9804",9,,01/10/2023
B51627,"ATLANTICA MANAGEMENT, INC","4605 LANKERSHIM BLVD SUITE 311A",-,"NORTH HOLLYWOOD",CA,91602,"LOS ANGELES","(800) 969-9161",9,,01/20/2023
B51628,"SAUNDERS HOSPICE, LLC","9017 RESEDA BLVD, SUITE 209",-,NORTHRIDGE,CA,91324,"LOS ANGELES","(818) 717-8600",9,,12/14/2022
B51629,"HUMBLE HEARTS HOSPICE, INC.","14622 VICTORY BLVD","SUITE 204","VAN NUYS",CA,91411,"LOS ANGELES","(747) 666-0626",9,,11/16/2022
B51632,"ETERNAL HOPE HOSPICE INC","7416 FOOTHILL BLVD",-,TUJUNGA,CA,91042,"LOS ANGELES","(818) 826-1726",9,,12/30/2022
B51633,"OUR CARE HOSPICE, INC.","6637 SAN FERNANDO RD UNIT A",-,GLENDALE,CA,91201,"LOS ANGELES","(747) 240-5080",9,,11/16/2022
B51635,"SHELTERING ARMS HOSPICE CARE, INC","12444 VICTORY BLVD SUITE 308",-,"NORTH HOLLYWOOD",CA,91606,"LOS ANGELES","(213) 444-9092",9,,09/20/2022
B51636,"TOUCH OF CARE HOSPICE, INC.","5406 SAN FERNANDO RD SUITE #201",-,GLENDALE,CA,91203,"LOS ANGELES",-,9,,01/22/2023
B51637,"HEART OF HOPE ASIAN AMERICAN HOSPICE CARE, A NONPROFIT CORPORATION","1879 LUNDY AVENUE, SUITE 223",-,"SAN JOSE",CA,95131,"SANTA CLARA","(408) 986-8584",9,,03/16/2023
B51638,"LIGHTHOUSE HOSPICE CARE, INC.","10535 FOOTHILL BLVD SUITE 408",-,"RANCHO CUCAMONGA",CA,91730,"SAN BERNARDINO","(909) 942-7600",9,,01/19/2023
B51639,"ALFA ALLIANCE HOSPICE, INC.","4105 W MAGNOLIA BLVD. FLOOR 1",-,BURBANK,CA,91505,"LOS ANGELES","(747) 322-4895",9,,09/29/2022
B51640,"ORANGE COAST HOSPICE SERVICES, INC.","555 ANTON BLVD","SUITE 150, UNIT 351","COSTA MESA",CA,92626,ORANGE,"(714) 369-6137",9,,10/26/2022
B51641,"AURORA SPRING HOSPICE CARE, INC.","435 ORANGE SHOW LN.","SUITE 205","SAN BERNARDINO",CA,92408,"SAN BERNARDINO","(909) 571-5761",9,,08/07/2022
B51642,"DIRECT HOSPICE INC","9003 RESEDA BLVD SUITE 103",-,NORTHRIDGE,CA,91324,"LOS ANGELES","(888) 506-6809",9,,01/24/2023
B51644,"DEDICATION HOSPICE CARE, INC.","516 PENNSFIELD PLACE, SUITE 206",-,"THOUSAND OAKS",CA,91360,VENTURA,-,9,,12/02/2022
B51645,"CIPHER HOSPICE","427 S VICTORY BLVD SUITE 104",-,BURBANK,CA,91502,"LOS ANGELES","(747) 272-5835",9,,10/06/2022
B51646,"NOBLE HEALTHCARE SYSTEMS","4730 WOODMAN AVE SUITE 440B",-,"SHERMAN OAKS",CA,91423,"LOS ANGELES","(818) 875-1276",9,,03/20/2023
B51647,"VITA LUXE HOSPICE CARE, INC.","417 ARDEN AVE. SUITE 208",-,GLENDALE,CA,91203,"LOS ANGELES","(747) 293-9399",9,,08/25/2022
B51648,"PEACEFUL JOURNEY HOSPICE CARE, INC","2060 HUNTINGTON DR. SUITE 9B",-,"SAN MARINO",CA,91108,"LOS ANGELES",-,9,,03/15/2023
B51651,"LORIAN HEALTH HOSPICE INC","9655 GRANITE RIDGE DRIVE","SUITE 520","SAN DIEGO",CA,92123,"SAN DIEGO","(877) 567-4265",9,,06/16/2022
B51652,"LA CANADA HOSPICE CARE, INC.","2930 HONOLULU AVE","SUITE 201",GLENDALE,CA,91214,"LOS ANGELES","(747) 297-2454",9,,09/12/2022
B51653,"BELLEROSE HOSPICE CARE INC","26893 BOUQUET CANYON RD SUITE L",-,"SANTA CLARITA",CA,91350,"LOS ANGELES",-,9,,05/23/2022
B51656,"ALL STATE HOSPICE CARE, INC","45 WEST EASY STREET, SUITE 21",-,"SIMI VALLEY",CA,93065,VENTURA,-,9,,07/06/2022
B51658,"CARING HANDS HOSPICE CARE, INC.","818 W CAMERON AVE",-,"WEST COVINA",CA,91790,"LOS ANGELES",-,9,,09/29/2022
B51659,"APPLING HOSPICE CARE","400 N MOUNTAIN AVE","SUITE 123F",UPLAND,CA,91786,"SAN BERNARDINO","(909) 532-5154",9,,05/09/2022
B51660,"ALPHA HOSPICE CARE INC","5924 EAST LOS ANGELES AVENUE","SUITE U","SIMI VALLEY",CA,93063,VENTURA,"(805) 422-8239",9,,05/10/2023
B51661,"VALLEY STAR HOSPICE, INC.","440 W COLORADO ST SUITE 102",-,GLENDALE,CA,91204,"LOS ANGELES","(818) 369-7987",9,,04/12/2023
B51662,"AYAS HOSPICE, INC.","14328 VICTORY BLVD SUITE G",-,"VAN NUYS",CA,91401,"LOS ANGELES","(747) 242-1066",9,,03/28/2023
B51665,"MARVISTA HOSPICE CARE, INC","15455 SAN FERNANDO MISSION BLVD","SUITE C309-A","MISSION HILLS",CA,91345,"LOS ANGELES","(747) 307-5567",9,,04/19/2023
B51666,"HOSPICE OF OMEGA INC","4700 BROOKS STREET",-,MONTCLAIR,CA,91763,"SAN BERNARDINO","(909) 271-7643",9,,10/26/2021
B51668,"RC HARMONY HOSPICE & PALLIATIVE CARE INC","1706 PLUM LANE, SUITE 129",-,REDLANDS,CA,92374,"SAN BERNARDINO","(909) 335-3831",9,,09/30/2022
B51670,"PERENNIAL HOSPICE CARE LLC","2319 W OLIVE AVE SUITE B",-,BURBANK,CA,91506,"LOS ANGELES","(747) 282-1802",9,,03/22/2023
B51671,"RED LINE HOSPICE, INC","13746 VICTORY BLVD, SUITE 202",-,"VAN NUYS",CA,91401,"LOS ANGELES","(818) 627-2027",9,,11/29/2022
B51672,"PROGRESSIVE HOSPICE SERVICES","11879 KEMPER ROAD, SUITE 17",-,AUBURN,CA,95603,PLACER,"(530) 887-2143",9,,01/27/2023
B51673,"COASTLINE HOSPICE, INC","7630 VINELAND AVE. SUITE 207A",-,"SUN VALLEY, CA",CA,91352,"LOS ANGELES","(562) 317-8778",9,,03/21/2023
B51674,"HEAVENLY ANGEL HOSPICE INC","202 E. AIRPORT DRIVE","SUITE 158","SAN BERNARDINO",CA,92408,"SAN BERNARDINO","(909) 571-5949",9,,09/29/2022
B51676,"LA HIGHRISE HOSPICE CARE, INC.","14429 VENTURA BLVD SUITE 101A",-,"SHERMAN OAKS",CA,91423,"LOS ANGELES",-,9,,05/18/2023
B51677,"DELUXE HOSPICE CARE","4119 W BURBANK BLVD.","SUITE 167",BURBANK,CA,91505,"LOS ANGELES",-,9,,12/16/2022
B51678,"TRI MEADOWS HEALTHCARE LLC","8622 RESEDA BLVD","SUITE 204",NORTHRIDGE,CA,91324,"LOS ANGELES",-,9,,12/18/2022
B51679,"MEDIQ HOSPICE AND PALLIATIVE CARE","3151 CAHUENGA BLVD W SUITE 220",-,"LOS ANGELES",CA,90068,"LOS ANGELES",-,9,,04/29/2023
B51680,"SELECTIVE CARE HOSPICE, INC.","315 W VERDUGO AVE","SUITE F",BURBANK,CA,91502,"LOS ANGELES","(818) 208-5110",9,,01/12/2023
B51682,"RECONNECT HOSPICE, INC","600 N MOUNTAIN AVE, SUITE B203",-,UPLAND,CA,91786,"SAN BERNARDINO","(818) 640-6497",9,,10/04/2022
B51683,"COZY COMFORT CARE HOSPICE, INC.","9917 COMMERCE AVE",-,TUJUNGA,CA,91042,"LOS ANGELES","(818) 922-2413",9,,06/04/2023
B51684,"SH HOSPICE INC","45 WEST EASY STREET","SUITE 30","SIMI VALLEY",CA,93065,VENTURA,"(805) 600-8009",9,,03/15/2023
B51685,"PRIMERICARE HOSPICE LLC","222 N MOUNTAIN AVE, SUITE 214-A",-,UPLAND,CA,91786,"SAN BERNARDINO","(909) 931-0858",9,,09/28/2022
B51686,"S AND N HOSPICE, INC","2500 E FOOTHILL BLVD, SUITE 512",-,PASADENA,CA,91107,"LOS ANGELES","(626) 486-2034",9,,03/15/2023
B51688,"ST. DYLAN HOSPICE, INC.","1827 W VERDUGO AVE","SUITE 208",BURBANK,CA,91506,"LOS ANGELES",-,9,,12/13/2022
B51689,"BEK HOSPICE CARE","1827 W VERDUGO AVE","SUITE 209",BURBANK,CA,91506,"LOS ANGELES","(747) 301-3425",9,,12/15/2022
B51690,"ALEXIUS HOSPICE CARE, INC.","167 N 3RD AVE.","SUITE Q",UPLAND,CA,91786,"SAN BERNARDINO","(909) 562-1270",9,,11/06/2022
B51691,"ST. JAMES HOSPICE, INC.","7050 OWENSMOUTH AVE","SUITE 209","CANOGA PARK",CA,91303,"LOS ANGELES","(323) 645-1141",9,,08/16/2022
B51693,"HOSPICE NUMBER 10 INC","7621 INDUSTRY AVE SUITE 2B",-,"PICO RIVERA",CA,90660,"LOS ANGELES","(747) 333-9162",9,,05/05/2023
B51694,"ADVENTIST HEALTH HOME CARE SERVICES","1007 LIVE OAK BLVD","SUITE B3","YUBA CITY",CA,95991,SUTTER,"(530) 673-7101",9,,03/17/2023
B51695,"AMBASSADORE HOSPICE CARE, INC.","17100 PIONEER BLVD SUITE 270A",-,ARTESIA,CA,90701,"LOS ANGELES",-,9,,04/05/2023
B51697,"PROMISED HOPE HOSPICE","5311 TOPANGA CANYON BLVD SUITE 208",-,"WOODLAND HILLS",CA,91364,"LOS ANGELES","(747) 330-0005",9,,06/24/2023
B51698,"CURING HEARTS HOSPICE CARE, INC.","13701 RIVERSIDE DR SUITE 606",-,"SHERMAN OAKS",CA,91423,"LOS ANGELES","(818) 477-0715",9,,03/17/2023
B51699,"LIBORAH HOSPICE","4800 STOCKDALE HWY., STE. 403",-,BAKERSFIELD,CA,93309,KERN,"(818) 516-4565",9,,05/08/2023
B51700,"SLL HOSPICE CARE INC","12444 VICTORY BLVD SUITE 200",-,"NORTH HOLLYWOOD",CA,91606,"LOS ANGELES","(818) 369-6329",9,,04/21/2023
B51701,"ORANGEVALE HOSPICE CARE, INC","5006 SUNRISE BOULEVARD, SUITE 101",-,SACRAMENTO,CA,95826,SACRAMENTO,"(916) 603-3314",9,,01/25/2023
B51702,"DAVIDA HOSPICE, INC.","11428 ARTESIA BLVD SUITE 13",-,ARTESIA,CA,90701,"LOS ANGELES",-,9,,05/23/2023
B51703,"LIFE LINE HOSPICE, INC.","412 W BROADWAY SUITE 307",-,GLENDALE,CA,91204,"LOS ANGELES","(818) 484-3103",9,,06/16/2023
B51704,"HANNAH HOSPICE AND PALLIATIVE CARE, INC.","963 N LA BREA AVE SUITE B",-,INGLEWOOD,CA,90302,"LOS ANGELES","(323) 815-4059",9,,12/09/2022
B51705,"APF HOSPICE, INC.","818 N. MOUNTAIN AVENUE","SUITE 105",UPLAND,CA,91786,"SAN BERNARDINO","(909) 931-1112",9,,06/09/2022
B51706,"TH CARING HOSPICE CARE, INC","13615 VICTORY BLVD. SUITE 111",-,"VAN NUYS",CA,91401,"LOS ANGELES","(747) 307-5569",9,,01/12/2023
B51707,"ALLIED HOSPICE & PALLIATIVE CARE","36947 COOK STREET, STE 104",-,"PALM DESERT",CA,92211,RIVERSIDE,"(760) 537-4647",9,,08/12/2022
B51708,"HEALING HANDS HOSPICE CARE, INC.","1775 E LINCOLN AVE SUITE 203",-,ANAHEIM,CA,92805,ORANGE,"(714) 803-7884",9,,01/20/2022
B51710,"A TOUCH OF ANGEL HOSPICE INC","664 W BROADWAY STE I",-,GLENDALE,CA,91204,"LOS ANGELES","(747) 877-2037",9,,10/31/2022
B51711,"ST SOFIA PALLIATIVE AND HOSPICE CARE, INC.","1607 E PALMDALE BLVD UNIT H",-,PALMDALE,CA,93550,"LOS ANGELES","(818) 401-9914",9,,03/27/2023
B51714,"TRUST CARE HOSPICE, INC.","4605 LANKERSHIM BLVD SUITE 218",-,"NORTH HOLLYWOOD",CA,91602,"LOS ANGELES","(818) 740-8135",9,,06/15/2023
B51715,"BLESSED HANDS HOSPICE INC","4045 N FRESNO STREET","SUITE 103B",FRESNO,CA,93726,FRESNO,"(559) 449-3390",9,,07/07/2023
B51716,"AMICI HOSPICE, INC","7121 MAGNOLIA AVENUE","SUITE F",RIVERSIDE,CA,92504,RIVERSIDE,"(951) 335-5337",9,,02/01/2023
B51717,"ALPHA HOSPICE SERVICES, INC.","620 W ROUTE 66 SUITE 207",-,GLENDORA,CA,91740,"LOS ANGELES","(818) 434-4144",9,,05/16/2023
B51718,"HELPING HANDS HOSPICE LLC","141 W. HOBSONWAY",-,BLYTHE,CA,92225,RIVERSIDE,"(714) 280-2117",9,,05/26/2023
B51719,"PANAKEIA HOSPICE, INC.","5301 LAUREL CANYON BLVD SUITE 101",-,"VALLEY VILLAGE",CA,91607,"LOS ANGELES",-,9,,06/15/2023
B51722,"SEVA HOSPICE","100 WILLOW PLAZA SUITE 100",-,VISALIA,CA,93291,KERN,"(559) 625-1043",9,,05/30/2023
B51723,"MSM HEALTH CARE, INC.","2920 W OLIVE AVE SUITE 217",-,BURBANK,CA,91505,"LOS ANGELES",-,9,,08/07/2023
B51724,"SS HOSPICE CARE, INC.","21405 DEVONSHIRE ST., SUITE 225",-,CHATSWORTH,CA,91311,"LOS ANGELES","(747) 735-5151",9,,02/25/2023
B51725,"MID VALLEY HOSPICE CARE, INC.","4444 W RIVERSIDE DR SUITE #206",-,BURBANK,CA,91505,"LOS ANGELES",-,9,,06/28/2023
B51727,"ALORIA HEALTHCARE","5050 PALO VERDE STREET, SUITE 213",-,MONTCLAIR,CA,91763,"SAN BERNARDINO","(909) 398-0156",9,,02/03/2023
B51728,"MATRIX CARE HOSPICE","222 N MOUNTAIN AVE. SUITE 204",-,UPLAND,CA,91786,"SAN BERNARDINO","(909) 256-3700",9,,09/23/2022
B51729,"TRINITAS HOSPICE CARE LLC","5230 CLARK AVE SUITE 1",-,LAKEWOOD,CA,90712,"LOS ANGELES",-,9,,12/23/2022
B51730,"WEST GATE HOSPICE, INC","14531 HAMLIN ST SUITE 220",-,"VAN NUYS",CA,91411,"LOS ANGELES",-,9,,03/16/2022
B51731,"OPTIMAL COMFORT HOSPICE, INC","2140 W CHAPMAN AVE","SUITE 265",ORANGE,CA,92868,ORANGE,"(714) 602-9714",9,,08/20/2023
B51733,"ASSIST ON CALL PALLIATIVE & HOSPICE CARE, INC","2100 MONUMENT BLVD","STE 8-B","PLEASANT HILL",CA,94523,"CONTRA COSTA","(925) 969-7634",9,,10/09/2023
B51734,"NATURES CARE HOSPICE","2139 TAPO STREET, SUITE 224",-,"SIMI VALLEY",CA,93063,VENTURA,"(747) 286-6880",9,,08/16/2023
B51735,"SPIRITUAL HOSPICE CARE, INC.","1053 COLORADO BLVD SUITE G1",-,"LOS ANGELES",CA,90041,"LOS ANGELES","(213) 344-2555",9,,08/23/2023
B51736,"RAY HOSPICE, INC.","14120 VICTORY BLVD SUITE 103",-,"VAN NUYS",CA,91401,"LOS ANGELES","(323) 970-2030",9,,08/30/2023
B51737,"SHELDON HOSPICE","19531 VENTURA BLVD SUITE 10",-,TARZANA,CA,91356,"LOS ANGELES","(818) 814-8040",9,,04/24/2023
B51739,"VALHALLA HOSPICE LLC","301 W BASTANCHURY RD SUITE 100",-,FULLERTON,CA,92835,ORANGE,"(714) 583-7002",9,,09/11/2023
B51740,"ANGEL'S GUIDE HOSPICE, INC","655 N CENTRAL AVE SUITE 1706",-,GLENDALE,CA,91203,"LOS ANGELES","(323) 471-2019",9,,04/21/2023
B51741,"FORTUNA HOSPICE INC","735 W DUARTE RD SUITE 203",-,ARCADIA,CA,91007,"LOS ANGELES","(747) 257-7922",9,,09/08/2023
B51744,"MARY'S HELP HOSPICE SERVICES","3469 TENNESSEE STREET, 103",-,VALLEJO,CA,94591,SOLANO,"(707) 645-7447",9,,03/23/2023
B51745,"EXCEPTIONAL HOSPICE CARE","818 N. MOUNTAIN AVE.","SUITE 103",UPLAND,CA,91786,"SAN BERNARDINO","(818) 275-9505",9,,04/17/2023
B51747,"ST ALEX HOSPICE CARE, INC","6454 VAN NUYS BLVD., SUITE 150 OFFICE 3",-,"VAN NUYS",CA,91401,"LOS ANGELES","(747) 234-0956",9,,09/05/2023
B51748,"HILLCREST HOSPICE INC","2985 EAST HILLCREST DRIVE, SUITE 203",-,"THOUSAND OAKS",CA,91362,VENTURA,"(805) 370-0050",9,,06/21/2023
B51749,"COMFORT CARE HOSPICE PROVIDERS","2139 TAPO STREET, SUITE #209",-,"SIMI VALLEY",CA,93063,VENTURA,"(805) 791-3055",9,,11/15/2021
B51750,"INTEGRATED HOSPICE CARE, INC","6354 1/2 VAN NUYS BLVD","SUITE 102","VAN NUYS",CA,91401,"LOS ANGELES",-,9,,09/23/2023
B51751,"SERANI HOSPICE","1010 N CENTRAL AVE UNIT 301",-,GLENDALE,CA,91202,"LOS ANGELES","(904) 990-0099",9,,08/20/2023
B51752,"WILLOW SPRINGS HOSPICE CARE","14545 FRIAR ST SUITE 143",-,"VAN NUYS",CA,91411,"LOS ANGELES","(747) 286-7116",9,,07/14/2023
B51754,"VENERABLE HOSPICE CARE","512 E WILSON AVE SUITE 202",-,GLENDALE,CA,91206,"LOS ANGELES","(818) 601-2488",9,,07/11/2023
B51755,"ALL STAR HOSPICE CARE, INC.","7100 HAYVENHURST AVE SUITE 320",-,"VAN NUYS",CA,91406,"LOS ANGELES","(747) 998-5629",9,,07/27/2023
B51756,"SILVER STONE HOSPICE INC","620 W ROUTE 66","SUITE 208",GLENDORA,CA,91740,"LOS ANGELES","(818) 334-0303",9,,09/14/2023
B51757,"SK HOSPICE CARE, INC.","8925 SEPULVEDA BLVD SUITE 200B",-,"NORTH HILLS",CA,91343,"LOS ANGELES","(747) 236-7229",9,,08/01/2023
B51758,"GLOWING SMILE HOSPICE","104 W BEVERLY BLVD SUITE A",-,MONTEBELLO,CA,90640,"LOS ANGELES","(747) 257-0030",9,,10/16/2023
B51759,"KAPLAN HOSPICE CARE, INC","10545 BURBANK BLVD SUITE 131",-,"NORTH HOLLYWOOD",CA,91601,"LOS ANGELES","(818) 732-5056",9,,08/15/2023
B51760,"HIGHLAND CARE HOSPICE","16800 DEVONSHIRE ST SUITE 211",-,"GRANADA HILLS",CA,91344,"LOS ANGELES","(747) 877-2014",9,,09/15/2023
B51761,"MIDAS TOUCH HOSPICE SERVICES, INC.","2001 W MAGNOLIA BLVD SUITE B",-,BURBANK,CA,91506,"LOS ANGELES","(818) 245-6444",9,,10/20/2022
B51762,"TRADITIONAL HOSPICE SERVICES, INC.","427 W COLORADO ST SUITE 204",-,GLENDALE,CA,91204,"LOS ANGELES",-,9,,05/15/2023
B51763,"ETS HOSPICE CARE, INC","1207 W MAGNOLIA BLVD., SUITE D",-,BURBANK,CA,91506,"LOS ANGELES","(747) 282-0407",9,,06/07/2023
B51764,"GENESIS HOSPICE INC","7630 VINELAND AVE SUITE 208",-,"SUN VALLEY",CA,91352,"LOS ANGELES","(747) 266-1161",9,,09/27/2023
B51765,"PREVENTIVE CARE HOSPICE, INC","74-854 VELIE WAY, STE 7",-,"PALM DESERT",CA,92260,RIVERSIDE,"(818) 371-5979",9,,11/04/2022
B51767,"GENERAL CARE GROUP INC","6005 VINELAND AVE SUITE 202",-,"NORTH HOLLYWOOD",CA,91606,"LOS ANGELES","(424) 599-4094",9,,10/18/2023
B51769,"7 STAR HOSPICE CARE INC","1264 S WATERMAN AVE","SUITE 47","SAN BERNARDINO",CA,92408,"SAN BERNARDINO","(909) 500-9740",9,,07/31/2023
B51771,"LOVE & FAITH HOSPICE SERVICES, INC.","7365 CARNELIAN STREET","SUITE 115","RANCHO CUCAMONGA",CA,91730,"SAN BERNARDINO","(909) 284-8901",9,,02/20/2023
B51772,"SUNLAND HOSPICE CARE INC","8133 SAN FERNANDO RD SUITE 6",-,"SUN VALLEY",CA,91352,"LOS ANGELES","(818) 484-0558",9,,08/26/2023
B51773,"STAND BY U HOSPICE CARE INC","918 MISSION AVENUE, SUITE 103",-,OCEANSIDE,CA,92054,"SAN DIEGO","(714) 859-3239",9,,01/12/2023
B51774,"AME HOSPICE INC","10515 BALBOA BLVD STE 361",-,"GRANADA HILLS",CA,91344,"LOS ANGELES","(818) 517-7506",9,,11/17/2023
B51779,"BEGINNING LIFE HOSPICE INC","17620 SHERMAN WAY SUITE 213",-,"VAN NUYS",CA,91406,"LOS ANGELES","(818) 306-8266",9,,12/07/2023
B51780,"HAPPY HOSPICE","12755 BROOKHURST ST",-,"GARDEN GROVE",CA,92840,ORANGE,"(714) 636-2888",9,,01/08/2024
B51781,"ST ANN HOSPICE CARE","13758 VICTORY BLVD","SUITE 200","VAN NUYS",CA,91401,"LOS ANGELES","(747) 301-4272",9,,10/25/2023
B51782,"ELARA HOSPICE, INC.","327 ARDEN AVE SUITE 205",-,GLENDALE,CA,91203,"LOS ANGELES","(747) 247-0570",9,,12/02/2023
B51784,"LLG HOSPICE, INC","719 S VICTORY BLVD UNIT B",-,BURBANK,CA,91502,"LOS ANGELES","(818) 813-8079",9,,01/25/2024
B51785,"ANGEL CARE HOSPICE, LLC","4100 W ALAMEDA AVE SUITE 385",-,BURBANK,CA,91505,"LOS ANGELES","(747) 200-5470",9,,07/31/2023
B51786,"COASTAL HOSPICE, INC","786 H ST",-,"CRESCENT CITY",CA,95531,"DEL NORTE","(707) 460-6191",9,,05/04/2023
B51787,"PEACE & HARMONY HOSPICE CARE INC","11350 VENTURA BLVD SUITE 101",-,"STUDIO CITY",CA,91604,"LOS ANGELES",-,9,,01/02/2024
B51788,"ST RITA HOSPICE, INC","415 E HARVARD ST SUITE 104A",-,GLENDALE,CA,91205,"LOS ANGELES","(818) 696-2300",9,,02/09/2022
B51789,"RIGHT CARE NURSE HOSPICE, INC.","14545 FRIAR ST SUITE 256",-,"VAN NUYS",CA,91411,"LOS ANGELES","(747) 247-1190",9,,11/27/2023
B51790,"ONE FOR ALL HOSPICE INC.","145 E LIVE OAK AVE SUITE F",-,ARCADIA,CA,91006,"LOS ANGELES","(626) 829-1388",9,,09/28/2023
B51792,"LYRA HOSPICE","212 N GLENDALE AVE SUITE 102",-,GLENDALE,CA,91206,"LOS ANGELES","(424) 421-2723",9,,01/18/2024
B51793,"MONARCH HOSPICE AND PALLIATIVE CARE","3600 AMERICAN RIVER DRIVE","SUITE 204",SACRAMENTO,CA,95864,SACRAMENTO,"(916) 234-5684",9,,03/13/2023
B51794,"BLUE HORIZON HOSPICE","400 SOUTH FARRELL DRIVE",-,"PALM SPRINGS",CA,92262,RIVERSIDE,"(760) 318-0554",9,,09/12/2023
B51795,"DELTA HOSPICE, INC.","8921 DE SOTO AVE SUITE 202",-,"CANOGA PARK",CA,91304,"LOS ANGELES","(747) 832-2005",9,,01/25/2024
B51796,"ALLIANCE CARE HOSPICE INC","6550 VAN BUREN BLVD","SUITE C",RIVERSIDE,CA,92503,RIVERSIDE,"(302) 531-5006",9,,11/06/2022
B51797,"NEW ERA HOSPICE, INC","1600 SACRAMENTO INN WAY","SUITE 224",SACRAMENTO,CA,95815,SACRAMENTO,"(818) 450-4999",9,,01/24/2024
B51798,"VALLEY VIEW HOSPICE & PALLIATIVE CARE, LLC","120 INDEPENDENCE CIR","SUITE A",CHICO,CA,95973,BUTTE,"(530) 206-8259",9,,02/09/2024
D61500,"MERCURY HOSPICE, INC","15500 ERWIN ST, SUITE 4010",-,"VAN NUYS",CA,91411,"LOS ANGELES","(818) 582-3814",9,,05/06/2024
D61501,"SIMPLE CHOICE HOSPICE, INC.","15720 VENTURA BLVD SUITE 106",-,ENCINO,CA,91436,"LOS ANGELES","(818) 393-0393",9,,03/27/2024
D61503,"HOUSE OF FAITH HOSPICE CARE, INC","9221 CORBIN AVE SUITE 245 A",-,NORTHRIDGE,CA,91324,"LOS ANGELES","(747) 234-0960",9,,01/17/2024
D61504,"CAREPLUS PALLIATIVE, INC","14708 HAWTHORNE BLVD UNIT 8",-,LAWNDALE,CA,90260,"LOS ANGELES","(424) 220-8911",9,,12/23/2022
D61505,"MODEVIE HOSPICE","3135 CLAYTON RD","SUITE 103",CONCORD,CA,94519,"CONTRA COSTA","(925) 238-3030",9,,06/01/2023
D61506,"LA CASA CARE HOSPICE, INC.","23550 LYONS AVE SUITE 207",-,NEWHALL,CA,91321,"LOS ANGELES","(747) 264-0770",9,,11/30/2023
D61507,"VICTORY CARE HOSPICE","1254 S WATERMAN AVE, SUITE 54",-,"SAN BERNARDINO",CA,92408,"SAN BERNARDINO","(909) 521-7988",9,,04/30/2024
D61508,"WECARE HOSPICE AND PALLIATIVE SERVICES INC.","405 S STATE COLLEGE BLVD","SUITE 206",BREA,CA,92821,ORANGE,"(714) 784-0983",9,,09/14/2023
D61509,"FIRST RESPONSE HOSPICE CARE","5530 CORBIN AVE. SUITE 221",-,TARZANA,CA,91356,"LOS ANGELES","(747) 264-1411",9,,07/09/2022
D61510,"ALLIANCE HOSPICE SERVICES","1421 E COOLEY DR. SUITE 5",-,COLTON,CA,92324,"SAN BERNARDINO","(909) 990-1060",9,,02/09/2023
D61511,"HILLHURST HOSPICE, INC","1670 HILLHURST AVE, SUITE 203",-,"LOS ANGELES",CA,90027,"LOS ANGELES","(949) 744-5025",9,,12/06/2023
D61512,"HEALING HANDS HEALTH CARE CORP","1905 E. 17TH ST.","SUITE 312","SANTA ANA",CA,92705,ORANGE,"(805) 236-8644",9,,03/08/2024
D61514,"SIRIUS HOSPICE CARE SERVICES INC","6819 SEPULVEDA BLVD SUITE 212B",-,"VAN NUYS",CA,91405,"LOS ANGELES","(818) 514-0432",9,,05/03/2024
D61515,"PROGRESSIVE CARE HOSPICE","18455 BURBANK BLVD. SUITE 501",-,TARZANA,CA,91356,"LOS ANGELES",-,9,,03/12/2024
D61517,"DIGNITY HOSPICE CARE INC","2870 WHIPTAIL LOOP E, SUITE 214",-,CARLSBAD,CA,92010,"SAN DIEGO","(760) 303-4610",9,,09/12/2023
D61518,"CHERISH CARE HOSPICE INC.","8333 FOOTHILL BLVD. SUITE 109",-,"RANCHO CUCAMONGA",CA,91730,"SAN BERNARDINO","(909) 294-3422",9,,03/16/2023
D61519,"UNLIMITED HOSPICE SERVICES, INC","146241 TITUS ST. SUITE 202",-,"PANORAMA CITY",CA,91402,"LOS ANGELES","(747) 264-9471",9,,05/31/2024
D61521,"FRIENDLY HOSPICE CARE, INC.","1700 E LINCOLN AVE, STE 202-A",-,ANAHEIM,CA,92805,ORANGE,"(714) 774-2498",9,,07/29/2024
D61522,"ASSISTING HANDS PALLIATIVE CARE, INC","12500 RIVERSIDE DR SUITE 209",-,"VALLEY VILLAGE",CA,91607,"LOS ANGELES","(818) 821-3570",9,,05/24/2024
D61523,"ELEVATE HOSPICE CARE, INC.","1990 S BUNDY DR., SUITE 640",-,"LOS ANGELES",CA,90025,"LOS ANGELES","(818) 850-2151",9,,05/06/2024
D61524,"CANESTRO CARE HOSPICE INC.","7335 VAN NUYS BLVD SUITE 226",-,"VAN NUYS",CA,91405,"LOS ANGELES","(818) 219-9013",9,,05/14/2024
D61527,"ABL HOSPICE LLC","6150 MISSION STREET, SUITE 103",-,"DALY CITY",CA,94014,"SAN MATEO","(650) 257-0559",9,,05/28/2024
D61528,"1ST CHOICE HOSPICE","1318 E SHAW AVE SUITE 180",-,FRESNO,CA,93710,FRESNO,"(650) 822-3398",9,,07/22/2024
D61530,"SANITY HOSPICE INC","133 N. ALTADENA DR. UNIT 225",-,PASADENA,CA,91107,"LOS ANGELES",-,9,,07/12/2024
D61531,"ROSE DESERT HOSPICE","42156 10TH ST W, UNIT 106",-,LANCASTER,CA,93534,"LOS ANGELES","(818) 697-3356",9,,02/14/2024
D61532,"PRISTINE CARE HOSPICE CORP.","455 N MOSS ST., SUITE 107",-,BURBANK,CA,91502,"LOS ANGELES","(818) 290-3432",9,,09/30/2024
D61533,"HOSPICE NUMBER 12 INC","7621 INDUSTRY AVE UNIT 3C",-,"PICO RIVERA",CA,90660,"LOS ANGELES","(669) 300-0003",9,,08/23/2023
D61534,"ANGELES HOSPICE CARE INC","659 NORTH ESCONDIDO BLVD",-,ESCONDIDO,CA,92025,"SAN DIEGO","(619) 798-8685",9,,10/03/2023
D61535,"SOLACE HOSPICE CARE, INC.","121 W LEXINGTON DR SUITE 511",-,GLENDALE,CA,91203,"LOS ANGELES","(747) 266-2770",9,,08/01/2024
D61536,"ARDENT CARE HOSPICE, INC","500 EAST OLIVE AVENUE SUITE 860",-,BURBANK,CA,91501,"LOS ANGELES","(818) 387-6131",9,,05/15/2024
D61537,"LA PAZ HOSPICE INC.","1411 ROCK TERRACE","SUITE B2",ALPINE,CA,91901,"SAN DIEGO","(480) 215-6706",9,,08/02/2022
D61538,"VALLEY GLEN HOSPICE INC","127 S BRAND BLVD SUITE 215",-,GLENDALE,CA,91204,"LOS ANGELES","(818) 398-4343",9,,07/19/2024
D61539,"SPRING HOPE HOSPICE, INC.","14718 PIPELINE AVE. UNIT C",-,"CHINO HILLS",CA,91709,"SAN BERNARDINO","(562) 404-8883",9,,08/27/2024
D61544,"VITAS HEALTHCARE CORPORATION OF CALIFORNIA","7485 N PALM AVE SUITE 106",-,FRESNO,CA,93711,FRESNO,"(559) 603-8100",9,,12/12/2024
D61545,"DIAMOND HOSPICE CARE ORGANIZATION INC.","644 W BROADWAY SUITE 106",-,GLENDALE,CA,91204,"LOS ANGELES",-,9,,11/25/2024
D61546,"BAY HOSPICE CARE, INC","2551 SAN RAMON VALLEY BLVD","SUITE 221","SAN RAMON",CA,94583,"CONTRA COSTA","(925) 718-8161",9,,10/22/2024
D61547,"LOVING RAINBOW HOSPICE","315 ARDEN AVE. SUITE 4",-,GLENDALE,CA,91203,"LOS ANGELES","(818) 322-6497",9,,03/12/2025
D61548,"SUNCREST HOSPICE SAN JOAQUIN","3121 WEST MARCH LANE, SUITE 250",-,STOCKTON,CA,95219,"SAN JOAQUIN","(619) 356-0997",9,,08/21/2024
D61549,"ST GILBERT HOSPICE","121 W LEXINGTON DR SUITE 206B",-,GLENDALE,CA,91203,"LOS ANGELES","(747) 257-0032",9,,03/07/2025
D61550,"COMFORT QUEST HOSPICE, INC.","1109 W SAN BERNARDINO RD SUITE 220",-,COVINA,CA,91722,"LOS ANGELES","(626) 364-7378",9,,08/22/2024
D61551,"VITAS HEALTHCARE CORPORATION OF CALIFORNIA","1701 G ST., SUITE 200",-,BAKERSFIELD,CA,93301,KERN,"(714) 921-2273",9,,02/07/2025
D61552,"CREST HOSPICE CARE, INC.","121 W LEXINGTON DR SUITE 512",-,GLENDALE,CA,91203,"LOS ANGELES","(747) 279-6776",9,,04/10/2025
D61553,"PERFECT HARMONY HOSPICE CARE, INC","225 E BROADWAY BLVD SUITE B101F",-,GLENDALE,CA,91205,"LOS ANGELES","(818) 745-7476",9,,04/01/2025
D61554,"BCP HOSPICE, INC.","15233 VENTURA BLVD STE 500",-,"SHERMAN OAKS",CA,91403,"LOS ANGELES","(747) 217-1647",9,,08/04/2023
D61555,"MONARCA HOSPICE","545 N MOUNTAIN AVE, SUITE 108",-,UPLAND,CA,91786,"SAN BERNARDINO","(909) 367-8288",9,,04/23/2025
D61556,"CARE VIEW HOSPICE CARE","12444 VICTORY BLVD UNIT 325",-,"NORTH HOLLYWOOD",CA,91606,"LOS ANGELES","(573) 333-7373",9,,05/21/2025
D61557,"S S A K CONSULTING LLC","1611 POMONA RD STE 250",-,CORONA,CA,92880,RIVERSIDE,"(800) 840-5041",9,,12/02/2024
D61558,"ANGEL'S BEST HOSPICE CARE INC","5070 N 6TH STREET",-,FRESNO,CA,93710,FRESNO,"(559) 825-1210",9,,02/21/2025
D61559,"SAINT GREGORY HOSPICE LLC","14241 VENTURA BLVD SUITE 200",-,"SHERMAN OAKS",CA,91423,"LOS ANGELES",-,9,,07/09/2025
D61560,"CARE VILLAGE HOSPICE, INC.","11631 VICTORY BLVD SUITE 206",-,"NORTH HOLLYWOOD",CA,91606,"LOS ANGELES","(747) 285-2101",9,,07/10/2025
D61561,"SEACLIFF HOSPICE INC","1055 EL CAMINO DR, SUITE F109",-,"COSTA MESA",CA,92626,ORANGE,"(949) 304-1447",9,,07/08/2025
D61562,"MEDISTAR HOSPICE","17547 VENTURA BLVD SUITE 205",-,ENCINO,CA,91316,"LOS ANGELES","(818) 635-3501",9,,01/10/2025
D61563,"ST LUKES HOSPICE AND PALLIATIVE CARE INC","224 E OLIVE AVE SUITE 207",-,BURBANK,CA,91502,"LOS ANGELES","(818) 303-1294",9,,08/13/2025
D61564,"ONE HEALTH HOSPICE, INC","2133 LAS POSITAS CT, SUITE J",-,LIVERMORE,CA,94551,ALAMEDA,"(925) 400-8011",9,,09/04/2025
D61565,"PRIME PLUS HOSPICE, INC.","7311 VAN NUYS BLVD UNIT 23",-,"VAN NUYS",CA,91405,"LOS ANGELES",-,9,,07/30/2025
D61566,"HOPE FORT HOSPICE CARE, INC.","124 E SANTA FE AVE","SUITE 202",AZUSA,CA,91702,"LOS ANGELES","(626) 210-2260",9,,07/11/2025
D61567,"DIGNITY HOSPICE","215 S LAUREL AVENUE",-,ONTARIO,CA,91762,"SAN BERNARDINO","(909) 999-7919",9,,07/29/2025
D61568,"REAL ASSURANCE HOSPICE CARE","21151 S WESTERN AVE SUITE 228",-,TORRANCE,CA,90501,"LOS ANGELES","(310) 527-1751",9,,10/29/2024
D61569,"NEW SPRING HOSPICE CARE, INC.","20246 SATICOY ST","UNIT 207",WINNETKA,CA,91306,"LOS ANGELES","(818) 818-5444",9,,05/29/2025
D61570,"SUMMIT HOSPICE, INC.","101 S 1ST ST SUITE 405B",-,BURBANK,CA,91502,"LOS ANGELES","(818) 813-7832",9,,06/19/2022
