FACILITYID,NAME,ADDRESS,CITY,STATE,ZIP,TYPE,STATUS,CAPACITY,SOURCEDATE
10005027,AROOSTOOK COUNTY JAIL,15 BROADWAY,HOULTON,ME,04730,COUNTY,OPEN,-999,2024-04-19
10005029,WASHINGTON COUNTY JAIL,83 COURT STREET,MACHIAS,ME,04654,COUNTY,OPEN,-999,2019-12-16
10001162,DOWNEAST CORRECTIONAL FACILITY,64 BASE RD,MACHIASPORT,ME,04655,STATE,OPEN,48,2024-02-29
10003634,TWO BRIDGES REGIONAL JAIL,522 BATH RD,WISCASSET,ME,04578,COUNTY,OPEN,-999,2024-03-07
10001163,MAINE STATE PRISON,807 CUSHING RD,WARREN,ME,04864,STATE,OPEN,993,2024-02-29
10000100,BOLDUC CORRECTIONAL FACILITY,516 CUSHING RD,WARREN,ME,04864,STATE,OPEN,221,2024-02-29
10001164,KNOX COUNTY CORRECTIONAL FACILITY,327 PARK ST,ROCKLAND,ME,04841,COUNTY,OPEN,86,2024-08-06
10003633,PENOBSCOT COUNTY JAIL,85 HAMMOND ST,BANGOR,ME,04401,COUNTY,OPEN,157,2024-08-06
10005033,WALDO COUNTY HOLDING FACILITY,10 PUBLIC SAFETY WAY,BELFAST,ME,04915,COUNTY,OPEN,32,2024-08-06
10005032,HANCOCK COUNTY JAIL,50 STATE STREET,ELLSWORTH,ME,04605,COUNTY,OPEN,-999,2019-12-16
10001938,MOUNTAIN VIEW CORRECTIONAL FACILITY,1182 DOVER RD,CHARLESTON,ME,04422,STATE,OPEN,448,2024-02-29
10005028,PISCATAQUIS COUNTY JAIL,52 COURT STREET,DOVER-FOXCROFT,ME,04426,COUNTY,OPEN,38,2024-08-06
10005030,FRANKLIN COUNTY DETENTION CENTER,121 COUNTY WAY,FARMINGTON,ME,04938,COUNTY,OPEN,-999,2018-03-18
10003631,SOMERSET COUNTY JAIL,131 E MADISON RD,MADISON,ME,04950,COUNTY,OPEN,234,2024-08-06
10006252,KENNEBEC COUNTY JAIL,115 STATE ST,AUGUSTA,ME,04330,COUNTY,OPEN,150,2018-03-20
10005031,OXFORD COUNTY JAIL,26 WESTERN AVENUE,SOUTH PARIS,ME,04281,COUNTY,OPEN,-999,2019-12-16
10005036,ANDROSCOGGIN COUNTY JAIL,40 PLEASANT STREET,AUBURN,ME,04210,COUNTY,OPEN,-999,2016-02-15
10006944,SOUTHERN MAINE WOMEN'S RE-ENTRY CENTER,230 RIVER ROAD,WINDHAM,ME,04062,STATE,OPEN,100,2024-02-29
10001165,MAINE CORRECTIONAL CENTER,17 MALLISON FALLS RD,WINDHAM,ME,04062,STATE,OPEN,620,2024-02-29
10001166,LONG CREEK YOUTH DEVELOPMENT CENTER,675 WESTBROOK ST,SOUTH PORTLAND,ME,04106,STATE,OPEN,163,2024-02-29
10003635,CUMBERLAND COUNTY JAIL,50 COUNTY WAY,PORTLAND,ME,04102,COUNTY,OPEN,570,2024-04-19
10001939,YORK COUNTY JAIL,1 LAYMAN WAY,ALFRED,ME,04002,COUNTY,OPEN,396,2024-08-06
10006058,CARROLL COUNTY JAIL,50 COUNTY FARM RD,OSSIPEE,NH,03864,COUNTY,OPEN,-999,2020-02-03
10004117,BELKNAP COUNTY HOUSE OF CORRECTIONS,76 COUNTY DR,LACONIA,NH,03246,COUNTY,OPEN,110,2018-04-05
10001018,LAKES REGIONAL FACILITY,1 RIGHT WAY PATH,LACONIA,NH,03246,STATE,CLOSED,-999,2020-02-03
20000021,NORTHERN NH CORRECTIONAL FACILITY,138 EAST MILAN RD,BERLIN,NH,03570,STATE,OPEN,635,2017-07-01
10006175,FCI BERLIN,1 SUCCESS LOOP ROAD,BERLIN,NH,03570,FEDERAL,OPEN,-999,2016-02-16
10006176,FCI BERLIN CAMP,1 SUCCESS LOOP ROAD,BERLIN,NH,03570,FEDERAL,OPEN,-999,2016-02-16
10000092,NORTHEAST CORRECTIONAL COMPLEX WORK CAMP,1266 US ROUTE 5,ST. JOHNSBURY,VT,05819,STATE,OPEN,-999,2016-12-30
10001918,NORTHEAST CORRECTIONAL COMPLEX,1270 US ROUTE 5,ST. JOHNSBURY,VT,05819,STATE,OPEN,-999,2016-12-30
10001917,ORANGE COUNTY JAIL,11 STATE HWY 113,CHELSEA,VT,05038,COUNTY,OPEN,-999,2016-03-01
10006057,GRAFTON COUNTY DEPARTMENT OF CORRECTIONS,3787 DARTMOUTH COLLEGE HIGHWAY,NORTH HAVERHILL,NH,03774,COUNTY,OPEN,150,2016-02-15
10001916,ADDISON COUNTY JAIL,35 COURT ST,MIDDLEBURY,VT,05753,COUNTY,OPEN,22,2020-02-25
10004976,DALE CORRECTIONAL FACILITY,103 S MAIN ST,WATERBURY,VT,05676,STATE,CLOSED,-999,2008-05-02
10001913,NORTHERN STATE CORRECTIONAL FACILITY,2559 GLEN RD,NEWPORT,VT,05855,STATE,OPEN,-999,2016-12-30
10006056,COOS COUNTY DEPARTMENT OF CORRECTIONS,168 COUNTY FARM ROAD,WEST STEWARTSTOWN,NH,03597,COUNTY,OPEN,-999,2016-02-15
10001912,FRANKLIN COUNTY DETENTION FACILITY,30 LINCOLN AVE,ST. ALBANS,VT,05478,COUNTY,OPEN,20,2018-05-07
10001116,NORTHWEST STATE CORRECTIONAL FACILITY,3649 LOWER NEWTON RD,ST. ALBANS,VT,05488,STATE,OPEN,-999,2016-12-30
10003129,CLINTON COUNTY JAIL,25 MCCARTHY DR,PLATTSBURGH,NY,12901,MULTI,OPEN,300,2024-01-12
10003128,CLINTON CORRECTIONAL FACILITY - ANNEX,1074 RT. 374,DANNEMORA,NY,12929,STATE,OPEN,-999,2015-11-13
10003127,CLINTON CORRECTIONAL FACILITY - MAIN,1156 RT. 374,DANNEMORA,NY,12929,STATE,OPEN,-999,2017-02-03
10002278,ADIRONDACK RESIDENTIAL CENTER,518 NORRISVILLE RD,SCHUYLER FALLS,NY,12985,STATE,CLOSED,-999,2016-02-12
10002279,ADIRONDACK WILDERNESS CHALLENGE,516 NORRISVILLE RD,SCHUYLER FALLS,NY,12985,STATE,CLOSED,-999,2008-01-15
10001915,WOODSIDE JUVENILE REHABILITATION CENTER,26 WOODSIDE DR E,COLCHESTER,VT,05446,STATE,CLOSED,-999,2017-04-21
10001914,CHITTENDEN REGIONAL CORRECTIONAL FACILITY,7 FARRELL ST,SOUTH BURLINGTON,VT,05403,STATE,OPEN,-999,2016-12-30
10003133,ESSEX COUNTY CORRECTIONAL FACILITY,702 STOWERSVILLE RD,LEWIS,NY,12950,COUNTY,OPEN,-999,2018-04-10
10003136,MORIAH SHOCK INCARCERATION CORRECTIONAL FACILITY,75 BURHART LANE,MINEVILLE,NY,12956,STATE,OPEN,300,2015-11-13
10000743,CAMP GABRIELS,737 STATE HWY 86,GABRIELS,NY,12939,STATE,CLOSED,-999,2015-11-13
10003135,FCI RAY BROOK,128 RAY BROOK RD,RAY BROOK,NY,12977,FEDERAL,OPEN,-999,2016-02-16
10003134,ADIRONDACK CORRECTIONAL FACILITY,196 RAY BROOK RD,RAY BROOK,NY,12977,STATE,OPEN,-999,2017-02-08
10003126,LYON MOUNTAIN CORRECTIONAL FACILITY,3864 ROUTE 374,LYON MOUNTAIN,NY,12952,STATE,CLOSED,-999,2011-01-29
10001496,ALTONA CORRECTIONAL FACILITY,555 DEVILS DEN RD,ALTONA,NY,12910,STATE,OPEN,-999,2015-11-13
10002280,CHATEAUGAY CORRECTIONAL FACILITY,7874 STATE ROUTE 11,CHATEAUGAY,NY,12920,STATE,CLOSED,240,2014-07-25
10003130,UPSTATE CORRECTIONAL FACILITY,309 BARE HILL RD,MALONE,NY,12953,STATE,OPEN,1500,2015-10-23
10003131,BARE HILL CORRECTIONAL FACILITY,181 BRAND RD,MALONE,NY,12953,STATE,OPEN,-999,2017-04-28
10005788,FRANKLIN COUNTY JAIL / SHERIFF,45 BARE HILL ROAD,MALONE,NY,12953,COUNTY,OPEN,-999,2018-04-10
10003132,FRANKLIN CORRECTIONAL FACILITY,62 BARE HILL RD,MALONE,NY,12953,STATE,OPEN,-999,2017-02-10
10003122,GOUVERNEUR CORRECTIONAL FACILITY,112 SCOTCH SETTLEMENT RD,GOUVERNEUR,NY,13642,STATE,OPEN,-999,2017-09-13
10005787,ST LAWRENCE COUNTY OLD JAIL,5 JUDSON ST,CANTON,NY,13617,COUNTY,CLOSED,-999,2020-05-28
10003123,ST. LAWRENCE COUNTY CORRECTIONAL FACILITY,17 COMMERCE LANE,CANTON,NY,13617,COUNTY,OPEN,186,2018-04-10
10000744,CAPE VINCENT CORRECTIONAL FACILITY,36560 STATE ROUTE 12E,CAPE VINCENT,NY,13618,STATE,OPEN,-999,2016-09-21
10003125,RIVERVIEW CORRECTIONAL FACILITY,1110 TIBBITS DR,OGDENSBURG,NY,13669,STATE,OPEN,-999,2017-09-13
10003124,OGDENSBURG CORRECTIONAL FACILITY,ONE CORRECTION WAY,OGDENSBURG,NY,13669,STATE,OPEN,-999,2015-11-13
10005153,ALPENA COUNTY JAIL / SHERIFF,4900 M32 W,ALPENA,MI,49707,COUNTY,OPEN,-999,2024-08-06
10005155,MONTMORENCY COUNTY JAIL,11045 M-32 WEST,ATLANTA,MI,49709,COUNTY,OPEN,42,2024-08-07
10005151,PRESQUE ISLE COUNTY JAIL,267 NORTH SECOND STREET,ROGERS CITY,MI,49779,COUNTY,OPEN,24,2019-12-20
10005156,OTSEGO COUNTY JAIL,124 SOUTH COURT AVENUE,GAYLORD,MI,49735,COUNTY,OPEN,34,2019-12-20
10003817,CHEBOYGAN COUNTY JAIL,870 S MAIN ST,CHEBOYGAN,MI,49721,COUNTY,OPEN,103,2024-08-07
10005147,SAULT TRIBE YOUTH FACILITY,1130 NORTH STATE STREET,SAINT IGNACE,MI,49781,LOCAL,OPEN,25,2018-05-23
10005148,MACKINAC COUNTY JAIL,100 SOUTH MARLEY STREET,SAINT IGNACE,MI,49781,COUNTY,OPEN,28,2019-12-20
10002084,CHIPPEWA CORRECTIONAL FACILITY,4269 W M-80,KINCHELOE,MI,49784,STATE,OPEN,2270,2024-02-29
10001345,KINROSS CORRECTIONAL FACILITY,4533 W INDUSTRIAL PARK DRIVE,KINCHELOE,MI,49788,STATE,OPEN,1600,2024-02-29
10002085,CHIPPEWA COUNTY CORRECTIONAL FACILITY,325 COURT ST,SAULT STE. MARIE,MI,49783,MULTI,OPEN,-999,2024-01-12
10001341,NEWBERRY CORRECTIONAL FACILITY,13747 E COUNTY ROAD 428,NEWBERRY,MI,49868,STATE,OPEN,-999,2024-02-29
10001350,EMMET COUNTY CORRECTIONAL FACILITY,450 BAY ST,PETOSKEY,MI,49770,COUNTY,OPEN,103,2018-03-20
20000760,ANTRIM COUNTY JAIL,207 E CAYUGA ST,BELLAIRE,MI,49615,COUNTY,OPEN,-999,2024-08-06
10005154,ANTRIM COUNTY JAIL (OLD),107 GROVE STREET,BELLAIRE,MI,49615,COUNTY,NOT AVAILABLE,56,2024-08-06
10005150,CHARLEVOIX COUNTY JAIL,1000 GRANT STREET,CHARLEVOIX,MI,49720,COUNTY,OPEN,89,2018-03-20
10005152,LEELANAU COUNTY JAIL,8525 EAST GOVERNMENT CENTER DRIVE,SUTTONS BAY,MI,49682,COUNTY,OPEN,80,2016-02-15
10005146,SCHOOLCRAFT COUNTY JAIL,300 MAIN STREET,MANISTIQUE,MI,49854,COUNTY,OPEN,26,2019-12-20
10003816,DELTA COUNTY CORRECTIONAL FACILITY (OLD),111 N THIRD ST,ESCANABA,MI,49829,COUNTY,CLOSED,85,2024-08-07
10005771,BAY PINES CENTER,2425 NORTH 30TH STREET,ESCANABA,MI,49829,STATE,OPEN,45,2024-02-29
20000780,DELTA COUNTY CORRECTIONAL FACILITY,2800 COLLEGE AVE,ESCANABA,MI,49829,COUNTY,OPEN,156,2024-08-07
10006794,MARQUETTE COUNTY COMMUNITY CORRECTIONS DETENTION CENTER,BASIL ROAD,MARQUETTE,MI,49855,COUNTY,OPEN,60,2018-03-21
10001342,MARQUETTE BRANCH PRISON,1960 US HWY 41 S,MARQUETTE,MI,49855,STATE,OPEN,-999,2024-02-29
10001343,MARQUETTE COUNTY JAIL,236 W BARAGA AVE,MARQUETTE,MI,49855,COUNTY,OPEN,80,2018-03-21
10005142,ALGER COUNTY JAIL,101 E VARNUM ST,MUNISING,MI,49862,COUNTY,OPEN,52,2024-08-06
10000264,ALGER CORRECTIONAL FACILITY,N6141 INDUSTRIAL PARK DR,MUNISING,MI,49862,STATE,OPEN,-999,2024-02-29
10005141,KEWEENAW COUNTY HOLDING FACILITY,5105 4TH STREET,EAGLE RIVER,MI,49950,COUNTY,OPEN,7,2018-03-21
10001340,HOUGHTON COUNTY WORK CAMP,23661 AIRPARK BLVD,CALUMET,MI,49913,COUNTY,OPEN,26,2024-08-07
10003814,HOUGHTON COUNTY JAIL,403 E HOUGHTON AVE,HOUGHTON,MI,49931,COUNTY,OPEN,28,2016-02-15
10005144,BARAGA COUNTY JAIL,940 US HIGHWAY 41,L'ANSE,MI,49946,COUNTY,OPEN,26,2016-03-04
10001346,BARAGA CORRECTIONAL FACILITY,13924 WADAGA RD,BARAGA,MI,49908,STATE,OPEN,-999,2024-02-29
10003815,DICKINSON COUNTY JAIL,"300 E ""D"" ST",IRON MOUNTAIN,MI,49801,COUNTY,OPEN,71,2024-08-07
10002528,MARINETTE COUNTY JAIL / SHERIFF,2161 UNIVERSITY DR,MARINETTE,WI,54143,COUNTY,OPEN,-999,2018-05-09
10005149,MENOMINEE COUNTY JAIL,831 10TH AVENUE,MENOMINEE,MI,49858,COUNTY,OPEN,51,2016-02-15
10002525,FLORENCE COUNTY JAIL,501 LAKE AVE,FLORENCE,WI,54121,COUNTY,OPEN,-999,2016-03-01
10001349,IRON COUNTY CORRECTIONAL FACILITY,2 S 6TH ST,CRYSTAL FALLS,MI,49920,COUNTY,OPEN,50,2019-12-20
10002519,VILAS COUNTY JAIL / SHERIFF,330 COURT ST,EAGLE RIVER,WI,54521,COUNTY,OPEN,125,2018-05-09
10002527,ONEIDA COUNTY JAIL,2000 E WINNEBAGO ST,RHINELANDER,WI,54501,COUNTY,OPEN,200,2018-05-09
10002524,FOREST COUNTY JAIL,100 S PARK AVE,CRANDON,WI,54520,COUNTY,OPEN,80,2018-05-08
10002533,LANGLADE COUNTY JAIL,840 CLERMONT ST,ANTIGO,WI,54409,COUNTY,OPEN,-999,2018-05-09
10002531,LINCOLN HILLS SCHOOL,W 4380 COPPER LAKE AVE,IRMA,WI,54442,STATE,OPEN,519,2018-01-12
10006671,COPPER LAKE SCHOOL,W 4380 COPPER LAKE AVE,IRMA,WI,54442,STATE,OPEN,-999,2018-01-12
10002532,LINCOLN COUNTY JAIL,1104 E 1ST ST,MERRILL,WI,54452,COUNTY,OPEN,132,2016-03-01
10000988,MCNAUGHTON CORRECTIONAL CENTER,8500 RAINBOW RD,LAKE TOMAHAWK,WI,54939,STATE,OPEN,102,2018-01-12
10005143,ONTONAGON COUNTY JAIL,620 CONGLOMERATE ST,ONTONAGON,MI,49953,COUNTY,OPEN,19,2019-12-20
10003755,NORTH SLOPE BOROUGH CORRECTIONAL CENTER,1068 KIOGAK STREET,UTQIAGVIK,AK,99723,COUNTY,OPEN,-999,2019-11-06
10003756,KOTZEBUE REGIONAL JAIL,258 D FOURTH AVE,KOTZEBUE,AK,99752,LOCAL,OPEN,12,2018-01-23
10001231,FAIRBANKS CORRECTIONAL CENTER,1931 EAGAN AVENUE,FAIRBANKS,AK,99701,STATE,OPEN,259,2016-02-09
10001232,FAIRBANKS YOUTH FACILITY,1502 WILBUR ST,FAIRBANKS,AK,99701,STATE,OPEN,16,2017-03-01
10003020,ST LOUIS COUNTY JAIL - VIRGINIA,300 SOUTH 5TH AVENUE,VIRGINIA,MN,55792,COUNTY,OPEN,12,2018-03-23
10002013,COOK COUNTY JAIL / SHERIFF,143 GUNFLINT TRAIL,GRAND MARAIS,MN,55604,COUNTY,OPEN,15,2018-03-05
10002515,ASHLAND COUNTY JAIL,220 6TH ST E,ASHLAND,WI,54806,COUNTY,OPEN,-999,2018-05-08
10002516,BAYFIELD COUNTY JAIL / SHERIFF,615 2ND AVE E,WASHBURN,WI,54891,COUNTY,OPEN,-999,2018-05-08
10005145,GOGEBIC COUNTY JAIL,100 WEST IRON STREET,BESSEMER,MI,49911,COUNTY,OPEN,26,2019-12-20
10002518,IRON COUNTY JAIL,300 TACONITE ST,HURLEY,WI,54534,COUNTY,OPEN,-999,2018-05-09
10002526,PRICE COUNTY JAIL / SHERIFF,164 CHERRY ST,PHILLIPS,WI,54555,COUNTY,OPEN,-999,2018-05-09
10002535,TAYLOR COUNTY JAIL / SHERIFF,224 S SECOND ST,MEDFORD,WI,54451,COUNTY,OPEN,-999,2018-05-09
10000989,RUSK COUNTY JAIL,311 MINER AVE E,LADYSMITH,WI,54848,COUNTY,OPEN,-999,2018-05-09
10002522,FLAMBEAU CORRECTIONAL CENTER,N671 COUNTY RD M,HAWKINS,WI,54530,STATE,OPEN,90,2018-01-12
10002521,SAWYER COUNTY JAIL,15880 5TH ST,HAYWARD,WI,54843,COUNTY,OPEN,92,2018-05-09
10002530,BARRON COUNTY JAIL / SHERIFF,1420 STATE HWY 25 N,BARRON,WI,54812,COUNTY,OPEN,192,2018-05-08
10002529,POLK COUNTY JAIL,1005 W MAIN ST,BALSAM LAKE,WI,54810,COUNTY,OPEN,-999,2018-05-09
10002523,BURNETT COUNTY JAIL,7410 COUNTY RD K,SIREN,WI,54872,COUNTY,OPEN,26,2018-05-08
10002520,WASHBURN COUNTY JAIL,421 HWY 63,SHELL LAKE,WI,54871,COUNTY,OPEN,30,2018-05-09
10002032,CARLTON COUNTY JAIL,317 WALNUT AVENUE,CARLTON,MN,55718,COUNTY,OPEN,48,2018-03-22
10001692,DOUGLAS COUNTY JAIL,1310 N 14TH ST,SUPERIOR,WI,54880,COUNTY,OPEN,-999,2018-05-08
10003018,BETHEL WORK RELEASE CENTER,23 MESABA AVENUE,DULUTH,MN,55806,LOCAL,OPEN,60,2018-05-18
10002517,GORDON CORRECTIONAL CENTER,10401 E COUNTY RD G,GORDON,WI,54838,STATE,OPEN,89,2018-01-12
10002014,LAKE COUNTY JAIL,613 3RD AVENUE,TWO HARBORS,MN,55616,COUNTY,OPEN,25,2024-08-09
10006287,WOODLAND HILLS TREATMENT CENTER,4321 ALLANDALE AVE,DULUTH,MN,55803,LOCAL,OPEN,-999,2018-05-18
10003016,ARROWHEAD JUVENILE CENTER,1918 ARLINGTON AVENUE N,DULUTH,MN,55811,COUNTY,OPEN,48,2018-03-23
10001315,ST LOUIS COUNTY JAIL,4334 HAINES ROAD,DULUTH,MN,55811,COUNTY,OPEN,197,2018-03-23
10003017,FPC DULUTH,4464 RALSTON DRIVE,DULUTH,MN,55811,FEDERAL,OPEN,-999,2016-02-16
10001316,NORTHEAST REGIONAL CORRECTIONS CENTER,6102 ABRAHAMSON ROAD,SAGINAW,MN,55779,COUNTY,OPEN,150,2018-03-23
10002020,ITASKIN JUVENILE CENTER - SECURE UNIT,1880 RIVER ROAD,GRAND RAPIDS,MN,55744,STATE,OPEN,12,2017-12-07
10001317,ITASCA COUNTY JAIL / SHERIFF,108 NE 5TH ST,GRAND RAPIDS,MN,55744,COUNTY,OPEN,107,2018-03-22
10002029,AITKIN COUNTY JAIL / SHERIFF,218 1ST STREET NORTHWEST,AITKIN,MN,56431,COUNTY,OPEN,89,2018-03-22
10001319,MINNESOTA SEX OFFENDER PROGRAM - MOOSE LAKE,1111 HIGHWAY 73,MOOSE LAKE,MN,55767,STATE,OPEN,550,2024-02-29
10011319,MCF - MOOSE LAKE,1000 LAKE SHORE DRIVE,MOOSE LAKE,MN,55767,STATE,OPEN,1057,2023-07-31
10006211,MCF - WILLOW RIVER,86032 COUNTY HIGHWAY 61,WILLOW RIVER,MN,55795,STATE,OPEN,177,2023-07-31
10001320,FCI SANDSTONE,2300 COUNTY ROAD 29,SANDSTONE,MN,55072,FEDERAL,OPEN,-999,2016-02-16
10002035,PINE COUNTY JAIL,635 NORTHRIDGE DRIVE NORTHWEST,PINE CITY,MN,55063,COUNTY,OPEN,131,2018-03-23
10001322,MCF - RUSH CITY,7600 525TH STREET,RUSH CITY,MN,55069,STATE,OPEN,1018,2023-07-31
10001323,CHISAGO COUNTY JAIL,15230 PER RD,CENTER CITY,MN,55012,COUNTY,OPEN,-999,2024-08-08
10000991,ST. CROIX CORRECTIONAL CENTER,1859 N 4TH ST,NEW RICHMOND,WI,54017,STATE,OPEN,120,2018-01-12
10002539,ST CROIX COUNTY JAIL,1101 CARMICHAEL RD,HUDSON,WI,54016,COUNTY,OPEN,-999,2018-05-09
10001330,MCF - STILLWATER,970 PICKETT STREET,BAYPORT,MN,55003,STATE,OPEN,1484,2023-07-31
10001331,MCF - OAK PARK HEIGHTS,5329 OSGOOD AVENUE NORTH,STILLWATER,MN,55082,STATE,OPEN,444,2023-07-31
10001332,WASHINGTON COUNTY JAIL,15015 62ND STREET NORTH,STILLWATER,MN,55082,COUNTY,OPEN,228,2018-03-23
10001325,MCF - LINO LAKES,7525 4TH AVENUE,LINO LAKES,MN,55014,STATE,OPEN,1325,2023-07-31
10001326,ANOKA COUNTY ADULT MEDIUM SECURITY CORR CTR,7545 4TH AVE,LINO LAKES,MN,55014,COUNTY,CLOSED,-999,2009-09-01
10002044,EAST CENTRAL REGIONAL JUVENILE CENTER,7565 4TH AVE,LINO LAKES,MN,55014,COUNTY,OPEN,36,2018-03-22
10006801,ANOKA COUNTY NON-SECURE PROGRAM,7555 4TH AVE,LINO LAKES,MN,55014,COUNTY,OPEN,25,2018-03-22
10006800,ANOKA COUNTY SECURE PROGRAM,7545 4TH AVE,LINO LAKES,MN,55014,COUNTY,OPEN,50,2018-03-22
10002055,VOLUNTEERS OF AMERICA: CORRECTIONAL CENTER FOR WOMEN,1771 KENT STREET,ROSEVILLE,MN,55113,LOCAL,OPEN,-999,2018-05-18
10006254,HENNEPIN COUNTY JAIL - CITY HALL,350 SOUTH 5TH STREET,MINNEAPOLIS,MN,55415,COUNTY,OPEN,509,2016-02-15
10002052,HENNEPIN COUNTY JUVENILE DETENTION CENTER,510 PARK AVENUE,MINNEAPOLIS,MN,55415,COUNTY,OPEN,87,2017-09-19
10002053,HENNEPIN COUNTY JAIL - PUBLIC SAFETY FACILITY,401 SOUTH FOURTH AVENUE,MINNEAPOLIS,MN,55415,COUNTY,OPEN,330,2018-03-22
10001327,ANOKA COUNTY WORKHOUSE,3300 4TH AVE,ANOKA,MN,55303,COUNTY,OPEN,240,2018-03-22
10002043,ANOKA COUNTY JAIL,325 JACKSON STREET,ANOKA,MN,55303,COUNTY,OPEN,238,2018-03-22
10002050,HENNEPIN COUNTY ADULT CORRECTIONS FACILITY - MEN,1145 SHENANDOAH LANE,PLYMOUTH,MN,55447,COUNTY,OPEN,399,2018-03-22
10002051,HENNEPIN COUNTY ADULT CORRECTIONS FACILITY - WOMEN,1355 SHENANDOAH LANE,PLYMOUTH,MN,55447,COUNTY,OPEN,78,2018-03-22
10003027,SHERBURNE COUNTY JAIL,13880 BUSINESS CENTER DR NW,ELK RIVER,MN,55330,MULTI,OPEN,732,2024-01-12
10002038,MILLE LACS COUNTY JAIL,640 3RD STREET SOUTHEAST,MILACA,MN,56353,COUNTY,OPEN,156,2018-03-22
10002041,ISANTI COUNTY JAIL,509 18TH AVENUE SOUTHWEST,CAMBRIDGE,MN,55008,COUNTY,OPEN,112,2018-03-22
10003803,KANABEC COUNTY JAIL,100 S. VINE,MORA,MN,55051,COUNTY,OPEN,60,2018-03-22
10005139,MILLE LACS ACADEMY,407 130TH AVENUE SOUTH,ONAMIA,MN,56359,LOCAL,OPEN,105,2016-02-15
10002037,MORRISON COUNTY JAIL,213 1ST AVENUE SOUTHEAST,LITTLE FALLS,MN,56345,COUNTY,OPEN,148,2018-03-22
10001321,STEARNS COUNTY JAIL,807 COURTHOUSE SQUARE,SAINT CLOUD,MN,56303,COUNTY,OPEN,135,2024-08-09
10001324,MCF - ST. CLOUD,2305 MINNESOTA BOULEVARD,SAINT CLOUD,MN,56304,STATE,OPEN,1058,2023-07-31
10002040,BENTON COUNTY JAIL,581 HIGHWAY 23,FOLEY,MN,56329,COUNTY,OPEN,102,2018-03-22
10006962,VILLAGE RANCH GIRLS PROGRAM,380 ANNANDALE BOULEVARD,ANNANDALE,MN,55302,LOCAL,OPEN,16,2020-04-22
10003028,WRIGHT COUNTY JAIL,3800 NE BRADDOCK AVENUE,BUFFALO,MN,55313,COUNTY,OPEN,288,2024-08-09
10007011,VILLAGE RANCH RESIDENTIAL FACILITY,13637 60TH STREET,COKATO,MN,55321,STATE,OPEN,34,2020-04-22
10002047,MEEKER COUNTY DETENTION CENTER,326 NORTH RAMSEY AVENUE,LITCHFIELD,MN,55355,COUNTY,OPEN,69,2018-03-22
10005140,PRAIRIE LAKES JUVENILE DETENTION CENTER,1808 CIVIC CENTER DRIVE NE,WILLMAR,MN,56201,LOCAL,OPEN,46,2018-05-23
10002046,KANDIYOHI COUNTY JAIL,2201 23RD STREET NORTHEAST,WILLMAR,MN,56201,MULTI,OPEN,-999,2024-01-12
10003025,TODD COUNTY JAIL,115 3RD STREET SOUTH,LONG PRAIRIE,MN,56347,COUNTY,OPEN,52,2018-03-23
10003021,WADENA COUNTY JAIL,415 SOUTH JEFFERSON STREET,WADENA,MN,56482,COUNTY,OPEN,27,2018-03-21
10002031,PORT OF CROW WING BOYS GROUP HOME,1406 LAUREL STREET,BRAINERD,MN,56401,COUNTY,OPEN,16,2018-03-23
10002030,CROW WING COUNTY JAIL,313 LAUREL STREET,BRAINERD,MN,56401,COUNTY,OPEN,276,2024-08-08
10003802,PORT OF CROW WING GIRLS GROUP HOME,115 N 1ST STREET,BRAINERD,MN,56401,COUNTY,OPEN,14,2018-03-23
10002023,CASS COUNTY JAIL / SHERIFF,303 MINNESOTA AVENUE WEST,WALKER,MN,56484,COUNTY,OPEN,60,2018-03-22
10002025,HUBBARD COUNTY JAIL,301 COURT AVENUE,PARK RAPIDS,MN,56470,COUNTY,OPEN,116,2018-03-22
10002019,CLEARWATER COUNTY JAIL / SHERIFF,213 MAIN AVENUE NORTH,BAGLEY,MN,56621,COUNTY,OPEN,38,2018-03-22
10002009,BELTRAMI COUNTY JAIL,626 MINNESOTA AVENUE NORTHWEST,BEMIDJI,MN,56601,COUNTY,OPEN,140,2018-03-22
10002010,NORTHWESTERN MINNESOTA JUVENILE CENTER,1231 5TH STREET NORTHWEST,BEMIDJI,MN,56601,LOCAL,OPEN,65,2020-01-02
10002012,NMJC BEMIDJI SATELLITE HOME I,442 NORWAY COURT NORTHWEST,BEMIDJI,MN,56601,LOCAL,OPEN,5,2018-03-23
10002011,NMJC BEMIDJI SATTELITE HOME II,5420 BEMIDJI AVENUE NORTH,BEMIDJI,MN,56601,LOCAL,OPEN,5,2018-03-23
10006804,RED LAKE DETENTION CENTER,HWY. 1 EAST,RED LAKE,MN,56671,LOCAL,OPEN,65,2018-03-23
10002024,NMJC LEECH LAKE SATTELITE HOME,222 CEDAR AVENUE NORTHWEST,CASS LAKE,MN,56633,LOCAL,OPEN,5,2018-03-23
10003019,ST LOUIS COUNTY JAIL - HIBBING,1810 12TH AVENUE EAST,HIBBING,MN,55746,COUNTY,OPEN,8,2016-02-15
10001318,MCF - TOGO,62741 COUNTY ROAD 551,TOGO,MN,55723,STATE,OPEN,90,2023-07-31
10002007,KOOCHICHING COUNTY JAIL,715 4TH STREET,INTERNATIONAL FALLS,MN,56649,COUNTY,OPEN,30,2018-03-22
10002005,LAKE OF THE WOODS COUNTY JAIL,206 8TH AVENUE SOUTHEAST,BAUDETTE,MN,56623,COUNTY,OPEN,10,2018-03-22
10003801,ROSEAU COUNTY DETENTION CENTER,604 5TH AVENUE SOUTHWEST,ROSEAU,MN,56751,COUNTY,OPEN,52,2018-03-23
10002006,KITTSON COUNTY JAIL,410 5TH STREET S,HALLOCK,MN,56728,COUNTY,OPEN,6,2018-03-22
10006822,CAVALIER COUNTY JAIL,901 3RD STREET,LANGDON,ND,58249,COUNTY,CLOSED,-999,2018-04-04
10005643,PEMBINA COUNTY LAW ENFORCEMENT CENTER,308 COURTHOUSE DRIVE,CAVALIER,ND,58220,COUNTY,OPEN,18,2017-06-13
10005649,WALSH COUNTY SHERIFF'S DEPARTMENT,638 COOPER AVENUE,GRAFTON,ND,58237,COUNTY,OPEN,-999,2018-04-04
10005651,TRAILL COUNTY SHERIFF'S DEPARTMENT,118 WEST CALEDONIA AVENUE,HILLSBORO,ND,58045,COUNTY,CLOSED,-999,2020-02-13
10002022,NORMAN COUNTY JAIL,15 2ND AVENUE EAST,ADA,MN,56510,COUNTY,OPEN,3,2018-03-23
10002017,NORTHWEST REGIONAL CORRECTIONS CENTER,816 MARIN AVENUE,CROOKSTON,MN,56716,COUNTY,OPEN,200,2018-03-23
10002018,RED RIVER VALLEY JUVENILE CENTER,600 BRUCE STREET,CROOKSTON,MN,56716,COUNTY,OPEN,16,2017-03-28
10003600,GRAND FORKS COUNTY CORRECTIONAL CENTER,1701 N WASHINGTON ST,GRAND FORKS,ND,58203,COUNTY,OPEN,-999,2016-06-22
10006592,GRAND FORKS RESIDENTIAL TRANSITION PROGRAM,201 S 4TH STREET,GRAND FORKS,ND,58201,STATE,OPEN,-999,2016-12-31
10005650,GRAND FORKS COUNTY JUVENILE DETENTION CENTER,125 SOUTH 5TH STREET,GRAND FORKS,ND,58201,COUNTY,OPEN,-999,2016-06-18
10002008,MARSHALL COUNTY JAIL,208 EAST COLVIN AVENUE,WARREN,MN,56762,COUNTY,OPEN,15,2018-03-22
10002015,PENNINGTON COUNTY JAIL ANNEX,102 1ST STREET WEST,THIEF RIVER FALLS,MN,56701,COUNTY,OPEN,92,2024-08-09
10006288,NMJC THIEF RIVER FALLS SATELLITE HOME,118 N. SPRUCE AVENUE,THIEF RIVER FALLS,MN,56701,LOCAL,OPEN,5,2018-03-23
10006802,BECKER COUNTY JAIL,1428 STONY RD,DETROIT LAKES,MN,56501,COUNTY,OPEN,186,2024-08-08
10002028,WEST CENTRAL REGIONAL JUVENILE CENTER,729 11TH ST N,MOORHEAD,MN,56561,COUNTY,OPEN,80,2024-08-08
10002027,CLAY COUNTY JAIL / SHERIFF,911 11TH ST N,MOORHEAD,MN,56560,COUNTY,OPEN,220,2024-08-08
10006590,FARGO RESIDENTIAL RE-ENTRY FACILITY FOR FEMALES,3501 WESTRAC DRIVE,FARGO,ND,58103,STATE,OPEN,-999,2016-12-31
10003604,CASS COUNTY JAIL,450 34TH ST S,FARGO,ND,58103,COUNTY,OPEN,-999,2018-04-04
10006589,FARGO RESIDENTIAL RE-ENTRY FACILITY FOR MALES,123 15TH STREET NORTH,FARGO,ND,58102,STATE,OPEN,-999,2016-12-31
10005653,CASS COUNTY JUVENILE DETENTION CENTER,1015 3RD AVENUE SOUTH,FARGO,ND,58103,COUNTY,CLOSED,11,2018-01-09
10003023,WILKIN COUNTY JAIL,515 DACOTAH AVENUE,BRECKENRIDGE,MN,56520,COUNTY,OPEN,21,2018-03-23
10005654,RICHLAND COUNTY SHERIFF'S DEPARMENT,413 3RD AVENUE NORTH,WAHPETON,ND,58075,COUNTY,OPEN,-999,2018-04-04
10003022,VALLEY-LAKE BOY'S HOME INCORPORATED,3850 200TH AVENUE,BRECKENRIDGE,MN,56520,LOCAL,OPEN,14,2018-05-23
10002033,OTTER TAIL COUNTY JAIL,416 SOUTH MILL STREET,FERGUS FALLS,MN,56537,COUNTY,OPEN,111,2018-03-23
10002039,DOUGLAS COUNTY JAIL,509 3RD AVE W,ALEXANDRIA,MN,56308,COUNTY,OPEN,156,2018-03-22
10003804,CHIPPEWA COUNTY JAIL,629 NORTH 11TH STREET,MONTEVIDEO,MN,56265,COUNTY,OPEN,17,2018-03-22
10001329,SWIFT COUNTY JAIL,301 14TH STREET NORTH,BENSON,MN,56215,COUNTY,OPEN,12,2018-03-23
10003032,HEARTLAND GIRLS RANCH,185 STATE HIGHWAY 9 NORTHEAST,BENSON,MN,56215,LOCAL,OPEN,70,2018-05-22
10001328,PRAIRIE CORRECTIONAL FACILITY,445 SOUTH MUNSTERMAN STREET,APPLETON,MN,56208,STATE,NOT AVAILABLE,-999,2017-04-12
10002048,LAC QUI PARLE COUNTY JAIL,600 6TH STREET,MADISON,MN,56256,COUNTY,OPEN,7,2018-03-22
10003026,TRAVERSE COUNTY JAIL,203 7TH STREET NORTH,WHEATON,MN,56296,COUNTY,OPEN,11,2018-03-23
10004979,ROBERTS COUNTY JAIL / JUVENILE DETENTION CENTER,11924 BIA HWY 700,SISSETON,SD,57262,COUNTY,OPEN,-999,2016-03-07
10004983,GRANT COUNTY JAIL,222 E 5TH AVE,MILBANK,SD,57252,COUNTY,OPEN,17,2020-02-07
10004985,CODINGTON COUNTY REGIONAL DETENTION CENTER,14 1ST AVENUE SOUTHEAST,WATERTOWN,SD,57201,COUNTY,OPEN,96,2018-04-20
10006281,DAY COUNTY JAIL / DETENTION CENTER,710 W 2ND ST,WEBSTER,SD,57274,COUNTY,OPEN,13,2018-04-20
10004980,MARSHALL COUNTY JAIL,911 VANDER HORCK ST,BRITTON,SD,57430,COUNTY,OPEN,6,2018-04-20
20000120,BARNES COUNTY CORRECTIONAL FACILITY,2371 7TH ST SE,VALLEY CITY,ND,58072,COUNTY,OPEN,46,2018-04-03
10005652,BARNES COUNTY CORRECTIONAL FACILITY,491 2ND AVE NW,VALLEY CITY,ND,58072,COUNTY,NOT AVAILABLE,-999,2018-04-03
10001112,STUTSMAN COUNTY CORRECTIONAL CENTER,205 6TH ST SE,JAMESTOWN,ND,58401,COUNTY,OPEN,92,2018-04-04
10003603,JAMES RIVER CORRECTIONAL CENTER,2521 CIRCLE DR,JAMESTOWN,ND,58401,STATE,OPEN,424,2016-12-31
10006588,NORTH DAKOTA STATE HOSPITAL - TOMPKINS REHABILITATION AND CORRECTIONS CENTER,2605 CIRCLE DRIVE,JAMESTOWN,ND,58401,STATE,OPEN,90,2016-12-31
10006823,MCINTOSH COUNTY JAIL / SHERIFF,112 1ST ST NE,ASHLEY,ND,58413,COUNTY,OPEN,-999,2018-04-04
10006650,NEW BEGINNINGS CENTER,1601 MILWAUKEE AVENUE NE,ABERDEEN,SD,57401,STATE,OPEN,-999,2018-01-09
10004978,BROWN COUNTY JAIL / JUVENILE DETENTION CENTER,22 SE COURT ST,ABERDEEN,SD,57401,COUNTY,OPEN,48,2016-03-01
10001117,REDFIELD TRUSTY UNIT,17262 W 6TH ST,REDFIELD,SD,57469,STATE,CLOSED,-999,2020-02-07
10004984,FAULK COUNTY JAIL,924 LAFOON AVE,FAULKTON,SD,57438,COUNTY,NOT AVAILABLE,16,2016-08-01
10004982,EDMUNDS COUNTY JAIL,210 2ND ST,IPSWICH,SD,57451,COUNTY,OPEN,-999,2016-03-01
10004981,WALWORTH COUNTY JAIL,4308 4TH AVE,SELBY,SD,57472,COUNTY,OPEN,32,2018-04-20
10001903,BURLEIGH COUNTY DETENTION CENTER,4000 APPLE CREEK ROAD,BISMARCK,ND,58502,COUNTY,OPEN,-999,2018-04-03
10003601,NORTH DAKOTA STATE PENITENTIARY,3100 RAILROAD AVE,BISMARCK,ND,58506,STATE,OPEN,-999,2016-12-31
10006587,BISMARCK TRANSITION CENTER,2001 LEE AVENUE,BISMARCK,ND,58504,STATE,OPEN,-999,2016-12-31
10000059,YOUTH CORRECTIONAL CENTER,701 16TH AVE SW,MANDAN,ND,58554,STATE,OPEN,-999,2016-01-12
10006591,MANDAN RESIDENTIAL RE-ENTRY FACILITY,100 6TH AVENUE SE,MANDAN,ND,58554,STATE,OPEN,-999,2016-12-31
10003606,MORTON COUNTY CORRECTIONAL CENTER,205 1ST AVE NW,MANDAN,ND,58554,COUNTY,OPEN,-999,2018-04-04
10003602,MISSOURI RIVER CORRECTIONAL CENTER,1800 48TH AVE SW,BISMARCK,ND,58506,STATE,OPEN,191,2016-12-31
10006825,MCLEAN COUNTY JAIL,709 6TH AVENUE,WASHBURN,ND,58577,COUNTY,OPEN,-999,2018-04-04
10006826,MERCER COUNTY JAIL,PO BOX 39,STANTON,ND,58571,COUNTY,OPEN,-999,2018-04-04
10006827,LAKE REGION RESIDENTIAL RE-ENTRY CENTER,225 W. WALNUT STREET,DEVILS LAKE,ND,58301,COUNTY,OPEN,-999,2015-06-12
10005648,LAKE REGION LAW ENFORCEMENT CENTER,222 WEST WALNUT STREET,DEVILS LAKE,ND,58301,COUNTY,OPEN,-999,2016-06-03
10006821,BOTTINEAU COUNTY JAIL,314 5TH STREET W,BOTTINEAU,ND,58318,COUNTY,OPEN,26,2018-04-03
10003599,HEART OF AMERICA CORRECTIONAL / TREATMENT CENTER,110 INDUSTRIAL RD,RUGBY,ND,58368,COUNTY,OPEN,-999,2020-02-13
10005644,ROLETTE COUNTY SHERIFF'S DEPARTMENT,16 1ST AVENUE SW,ROLLA,ND,58367,COUNTY,OPEN,-999,2020-02-13
10005645,WARD COUNTY DETENTION CENTER,204 FRONT ST,MINOT,ND,58702,COUNTY,OPEN,-999,2018-04-04
10005647,MOUNTRAIL COUNTY SHERIFF'S DEPARTMENT,101 NORTH MAIN STREET,STANLEY,ND,58784,COUNTY,OPEN,-999,2020-02-13
10005646,WILLIAMS COUNTY CORRECTIONAL CENTER,223 EAST BROADWAY,WILLISTON,ND,58801,COUNTY,OPEN,-999,2018-04-04
10005661,FORT PECK TRIBES JAIL,809 COURT AVE,POPLAR,MT,59255,LOCAL,OPEN,20,2018-05-22
10005660,FORT PECK INDIAN YOUTH SERVICES CENTER,701 COURT AVE,POPLAR,MT,59255,LOCAL,OPEN,16,2018-05-22
10006818,RICHLAND COUNTY JAIL,300 12TH AVENUE NW,SIDNEY,MT,59270,COUNTY,OPEN,40,2018-03-29
10005669,WIBAUX COUNTY JAIL,200 S WIBAUX ST,WIBAUX,MT,59353,COUNTY,OPEN,-999,2016-03-07
10001155,DAWSON COUNTY CORRECTIONAL FACILITY,440 COLORADO BLVD,GLENDIVE,MT,59330,STATE,OPEN,140,2017-12-08
10006575,WATCH EAST,700 LITTLE STREET,GLENDIVE,MT,59330,STATE,OPEN,50,2017-12-08
10003605,SOUTHWEST MULTI-COUNTY CORRECTION CENTER,66 MUSEUM DR,DICKINSON,ND,58601,COUNTY,OPEN,-999,2018-04-04
10006824,MCKENZIE COUNTY LAW ENFORCEMENT CENTER,1201 12TH STREET SE,WATFORD CITY,ND,58854,COUNTY,OPEN,-999,2018-04-04
10003607,DAKOTA WOMEN'S CORRECTIONAL AND REHABILITATION CENTER,440 MCKENZIE ST,NEW ENGLAND,ND,58647,STATE,OPEN,126,2016-12-31
10005655,ADAMS COUNTY SHERIFF'S DEPARTMENT,604 ADAMS AVENUE,HETTINGER,ND,58639,COUNTY,OPEN,-999,2018-04-03
10004986,MEADE COUNTY JAIL / SHERIFF,1400 MAIN ST,STURGIS,SD,57785,COUNTY,OPEN,80,2018-04-20
10005676,FALLON COUNTY DETENTION CENTER,10 WEST FALLON AVENUE,BAKER,MT,59313,COUNTY,OPEN,-999,2018-03-29
10005680,POWDER RIVER COUNTY SHERIFF'S OFFICE,114 NORTH PARK AVENUE,BROADUS,MT,59317,COUNTY,OPEN,-999,2020-01-31
10006653,CANYON HILLS,2519 WINDMILL DRIVE,SPEARFISH,SD,57583,STATE,OPEN,-999,2018-01-09
10004989,LAWRENCE COUNTY JAIL,80 SHERMAN ST,DEADWOOD,SD,57732,COUNTY,OPEN,-999,2016-03-01
10001886,CROOK COUNTY JAIL,309 CLEVELAND ST,SUNDANCE,WY,82729,COUNTY,OPEN,-999,2018-05-10
10001885,CAMPBELL COUNTY DETENTION CENTER,600 W BOXELDER RD,GILLETTE,WY,82718,COUNTY,OPEN,-999,2018-05-10
10001888,JOHNSON COUNTY DETENTION CENTER,639 FORT ST,BUFFALO,WY,82834,COUNTY,OPEN,-999,2018-05-10
10005640,WYOMING GIRLS SCHOOL,3500 BIG HORN AVENUE,SHERIDAN,WY,82801,STATE,OPEN,-999,2015-06-23
10005641,SHERIDAN COUNTY JAIL / SHERIFF,54 WEST 13TH STREET,SHERIDAN,WY,82801,COUNTY,OPEN,126,2018-05-11
10005677,BIG HORN COUNTY SHERIFF'S OFFICE / DETENTION CENTER,121 WEST 3RD STREET,HARDIN,MT,59034,COUNTY,OPEN,-999,2018-03-29
10005672,ROSEBUD COUNTY DETENTION CENTER,180 SOUTH 13TH AVENUE,FORSYTH,MT,59327,COUNTY,OPEN,-999,2018-03-19
10005671,CUSTER COUNTY DETENTION CENTER,1010 MAIN STREET,MILES CITY,MT,59301,COUNTY,OPEN,-999,2018-03-29
10001158,PINE HILLS YOUTH CORRECTIONAL FACILITY,4 N HAYNES AVE,MILES CITY,MT,59301,STATE,OPEN,-999,2017-12-08
10005659,ROOSEVELT COUNTY JAIL,416 1/2 2ND AVE S,WOLF POINT,MT,59201,COUNTY,OPEN,-999,2018-03-29
10005658,VALLEY COUNTY JAIL / SHERIFF,501 COURT SQUARE,GLASGOW,MT,59230,COUNTY,OPEN,-999,2018-03-28
10005666,FERGUS COUNTY SHERIFF'S DEPARTMENT,121 8TH AVENUE SOUTH,LEWISTOWN,MT,59457,COUNTY,OPEN,-999,2018-03-29
10006569,LEWISTOWN INFIRMARY,800 CASINO CREEK DRIVE,LEWISTOWN,MT,59457,STATE,CLOSED,25,2017-12-08
10006573,NEXUS TREATMENT CENTER,111 SKYLINE DRIVE,LEWISTOWN,MT,59457,STATE,OPEN,80,2017-12-08
10006434,CHOUTEAU COUNTY DETENTION FACILITY,1215 WASHINGTON ST,FORT BENTON,MT,59442,COUNTY,OPEN,28,2018-01-04
10006577,GREAT FALLS YOUTH TRANSITION CENTER,4212 3RD AVENUE SOUTH,GREAT FALLS,MT,59405,STATE,CLOSED,-999,2017-12-08
10001156,GREAT FALLS WOMEN'S PRE-RELEASE CENTER,1019 15TH ST N,GREAT FALLS,MT,59401,STATE,OPEN,-999,2017-12-08
10006580,GREAT FALLS PRE-RELEASE EAST CAMPUS,1715 10TH AVE NORTH,GREAT FALLS,MT,59401,STATE,OPEN,-999,2017-12-08
10003622,CASCADE COUNTY REGIONAL YOUTH SERVICES CENTER,1600 26TH ST S,GREAT FALLS,MT,59405,COUNTY,OPEN,24,2018-03-29
10001933,CASCADE COUNTY REGIONAL PRISON,3800 ULM NORTH FRONTAGE RD,GREAT FALLS,MT,59404,STATE,OPEN,152,2017-12-08
10001153,LEWIS & CLARK COUNTY DETENTION CENTER,221 BRECKENRIDGE ST,HELENA,MT,59601,COUNTY,OPEN,-999,2018-03-29
10001154,HELENA PRE-RELEASE CENTER,805 COLLEEN ST,HELENA,MT,59601,STATE,OPEN,105,2017-12-08
10005670,MEAGHER COUNTY SHERIFF'S DEPARTMENT,101 WEST CRAWFORD STREET,WHITE SULPHUR SPRINGS,MT,59645,COUNTY,OPEN,-999,2020-01-31
10005673,BROADWATER COUNTY DETENTION CENTER,519 BROADWAY STREET,TOWNSEND,MT,59644,COUNTY,OPEN,48,2018-03-29
10006579,GALLATIN COUNTY REENTRY PROGRAM,675 SOUTH 16TH AVENUE,BOZEMAN,MT,59715,COUNTY,OPEN,48,2017-12-08
10003630,GALLATIN COUNTY DETENTION CENTER,605 SOUTH 16TH AVE,BOZEMAN,MT,59715,COUNTY,OPEN,-999,2018-03-29
10005675,WHEATLAND COUNTY SHERIFF'S OFFICE,203 A AVENUE NORTHWEST,HARLOWTON,MT,59036,COUNTY,OPEN,-999,2020-01-31
10005674,MUSSELSHELL COUNTY SHERIFF'S OFFICE,820 MAIN STREET,ROUNDUP,MT,59072,COUNTY,OPEN,-999,2018-03-29
10003627,YELLOWSTONE COUNTY DETENTION FACILITY,3165 KING AVE E,BILLINGS,MT,59101,COUNTY,OPEN,274,2018-03-29
10006570,PASSAGES WOMEN'S COMMUNITY CORRECTIONAL FACILITY,1001 SOUTH 27TH STREET,BILLINGS,MT,59101,MULTI,OPEN,184,2017-12-08
10003626,MONTANA WOMEN'S PRISON,701 S 27TH ST,BILLINGS,MT,59101,STATE,OPEN,225,2017-12-08
10006578,ALPHA HOUSE PRE-RELEASE CENTER,3109 1ST AVENUE NORTH,BILLINGS,MT,59101,STATE,OPEN,-999,2017-12-11
10001889,WASHAKIE COUNTY JAIL,100 N 10TH ST,WORLAND,WY,82401,COUNTY,OPEN,-999,2020-03-03
10005642,WYOMING BOYS SCHOOL,1550 UNITED STATES HIGHWAY 20 SOUTH,WORLAND,WY,82401,STATE,OPEN,-999,2016-04-14
10001884,BIG HORN COUNTY JAIL / SHERIFF,415 MURPHY ST,BASIN,WY,82410,COUNTY,OPEN,86,2018-05-10
10001883,PARK COUNTY DETENTION CENTER,1402 RIVER VIEW DR,CODY,WY,82414,COUNTY,OPEN,106,2018-05-11
10001890,HOT SPRINGS COUNTY DETENTION CENTER,417 ARAPAHOE ST,THERMOPOLIS,WY,82443,COUNTY,OPEN,-999,2018-05-10
10001887,TETON COUNTY DETENTION CENTER,175 S WILLOW ST,JACKSON,WY,83001,COUNTY,OPEN,45,2018-05-11
10001174,FIVE COUNTY TREATMENT & YOUTH REHABILITATION CENTER,423 N 2300 E,ST. ANTHONY,ID,83445,COUNTY,OPEN,56,2019-11-07
10001175,IDAHO JUVENILE CORRECTIONS CENTER - ANTHONY,2220 E 600 N,ST. ANTHONY,ID,83445,STATE,OPEN,-999,2024-02-22
10005073,FREMONT COUNTY JAIL,146 NORTH 2ND WEST,SAINT ANTHONY,ID,83445,COUNTY,OPEN,-999,2019-11-07
10001176,ST. ANTHONY WORK CAMP,125 N 8TH W,ST. ANTHONY,ID,83445,STATE,OPEN,400,2023-06-30
10005080,MADISON COUNTY JAIL,145 EAST MAIN STREET,REXBURG,ID,83440,COUNTY,OPEN,-999,2019-11-07
10001186,IDAHO FALLS COMMUNITY REENTRY CENTER,3955 BOMBARDIER AVE,IDAHO FALLS,ID,83402,STATE,OPEN,112,2023-06-30
10001948,BONNEVILLE COUNTY JAIL,900 ENVIRONMENTAL WAY,IDAHO FALLS,ID,83401,COUNTY,OPEN,533,2019-11-07
10001949,3-B JUVENILE DETENTION CENTER,950 ENVIRONMENTAL WAY,IDAHO FALLS,ID,83402,STATE,OPEN,16,2019-11-07
10005079,JEFFERSON COUNTY JAIL,200 COURTHOUSE WAY,RIGBY,ID,83442,COUNTY,OPEN,-999,2019-11-07
10004340,BINGHAM COUNTY JAIL,501 N MAPLE ST,BLACKFOOT,ID,83221,COUNTY,OPEN,102,2019-11-07
10001188,BANNOCK COUNTY DETENTION CENTER,5800 S 5TH AVE,POCATELLO,ID,83201,COUNTY,OPEN,330,2019-11-07
10001187,POCATELLO WOMEN'S CORRECTIONAL CENTER,1451 FORE RD,POCATELLO,ID,83204,STATE,OPEN,331,2023-06-30
10005690,BANNOCK COUNTY JUVENILE DETENTION CENTER,137 S 5TH AVENUE,POCATELLO,ID,83201,COUNTY,OPEN,-999,2019-11-07
10005076,BUTTE COUNTY JAIL,256 W GRAND AVE,ARCO,ID,83213,COUNTY,OPEN,-999,2019-11-07
10005074,CLARK COUNTY JAIL,224 WEST MAIN STREET,DUBOIS,ID,83423,COUNTY,OPEN,-999,2019-11-07
10005067,LEMHI COUNTY JAIL / JUVENILE DETENTION CENTER,206 COURTHOUSE DRIVE,SALMON,ID,83467,COUNTY,OPEN,26,2019-11-07
10005678,BEAVERHEAD COUNTY DETENTION CENTER,2 SOUTH PACIFIC STREET,DILLON,MT,59725,COUNTY,OPEN,-999,2018-03-28
10005679,MADISON COUNTY SHERIFF'S DEPARTMENT,5 PLACER LOOP,VIRGINIA CITY,MT,59755,COUNTY,NOT AVAILABLE,-999,2020-01-31
10001161,MONTANA CHEMICAL DEPENDENCY CENTER,525 E. MERCURY,BUTTE,MT,59701,STATE,OPEN,48,2017-12-08
10006184,CONNECTIONS CORRECTIONS - BUTTE,111 WEST BROADWAY,BUTTE,MT,59701,STATE,OPEN,52,2017-12-08
10001936,BUTTE PRE-RELEASE / WOMEN'S TRANSITIONAL CENTER,62 W BROADWAY ST,BUTTE,MT,59701,STATE,OPEN,160,2017-12-08
10001935,BUTTE SILVER BOW DETENTION FACILITY,155 W QUARTZ ST,BUTTE,MT,59701,COUNTY,OPEN,72,2018-03-29
10001159,JEFFERSON COUNTY CRIMINAL JUSTICE,110 S WASHINGTON ST,BOULDER,MT,59632,COUNTY,OPEN,24,2018-03-12
10006572,ELKHORN TREATMENT CENTER,P.O. BOX 448,BOULDER,MT,59632,STATE,OPEN,50,2017-12-08
10003625,RIVERSIDE RECOVERY & REENTRY PROGRAM,2 RIVERSIDE ROAD,BOULDER,MT,59632,STATE,OPEN,25,2017-12-08
10005667,POWELL COUNTY SHERIFF'S OFFICE,313 4TH STREET,DEER LODGE,MT,59722,COUNTY,OPEN,-999,2018-03-29
10003624,MONTANA STATE PRISON,400 CONLEY LAKE RD,DEER LODGE,MT,59722,STATE,OPEN,1600,2017-12-08
10006958,DISCOVERY HOUSE,65 SHEEP GULCH RD,ANACONDA,MT,59711,STATE,OPEN,9,2020-04-22
10001160,ANACONDA-DEER LODGE COUNTY JAIL,800 S OAK ST,ANACONDA,MT,59711,COUNTY,OPEN,-999,2018-03-22
10006574,START CENTER,801 HIGHWAY 48,ANACONDA,MT,59711,STATE,OPEN,142,2017-12-08
10003629,MONTANA STATE HOSPITAL,300 GARNET WAY,WARM SPRINGS,MT,59756,STATE,OPEN,-999,2020-01-31
10006571,CONNECTIONS CORRECTIONS WEST - WARM SPRINGS,725 OROFINO WAY,WARM SPRINGS,MT,59756,STATE,OPEN,52,2017-12-08
10006576,WATCH WEST,P.O. BOX G,WARM SPRINGS,MT,59756,STATE,OPEN,115,2017-12-08
10003628,MONTANA STATE HOSPITAL - FORENSIC MENTAL HEALTH FACILITY,1316 GALEN RD,DEER LODGE,MT,59722,STATE,OPEN,-999,2016-01-11
10001157,TREASURE STATE CORRECTIONAL TRAINING CENTER,1100 CONLEY LAKE RD,DEER LODGE,MT,59722,STATE,CLOSED,60,2017-04-13
10003623,MISSOULA COUNTY DETENTION FACILITY,2340 MULLAN RD,MISSOULA,MT,59808,COUNTY,OPEN,394,2018-03-29
10006581,MISSOULA PRE-RELEASE CENTER,2350 MULLAN RD,MISSOULA,MT,59808,STATE,OPEN,134,2017-12-08
10005668,MINERAL COUNTY SHERIFF'S DEPARTMENT,310 RIVER STREET,SUPERIOR,MT,59872,COUNTY,OPEN,-999,2018-03-29
10001934,RAVALLI COUNTY DETENTION CENTER,205 BEDFORD STREET,HAMILTON,MT,59840,COUNTY,OPEN,-999,2018-03-29
10005061,BENEWAH COUNTY JAIL,701 COLLEGE AVENUE,SAINT MARIES,ID,83861,COUNTY,OPEN,-999,2024-07-15
10005663,SANDERS COUNTY JAIL,1115 MAIN ST,THOMPSON FALLS,MT,59873,COUNTY,OPEN,-999,2018-03-29
10005060,SHOSHONE COUNTY JAIL,717 BANK STREET,WALLACE,ID,83873,COUNTY,OPEN,-999,2019-11-07
10001171,KOOTENAI COUNTY JUVENILE DETENTION,210 E DALTON AVE,COEUR D'ALENE,ID,83815,COUNTY,OPEN,-999,2019-11-07
10006729,PIERCE CLEGG WORK RELEASE CENTER,250 E DALTON AVE,DALTON GARDENS,ID,83815,COUNTY,OPEN,-999,2019-11-07
10004334,KOOTENAI COUNTY JAIL,5500 N GOVERNMENT WAY,COEUR D'ALENE,ID,83815,COUNTY,OPEN,-999,2019-11-07
10002445,PEND OREILLE COUNTY CORRECTIONS,331 S GARDEN,NEWPORT,WA,99156,COUNTY,OPEN,40,2018-05-08
10002441,STEVENS COUNTY JAIL / COURTHOUSE,215 S OAK ST,COLVILLE,WA,99114,COUNTY,OPEN,22,2018-05-08
10005059,BOUNDARY COUNTY JAIL,6438 KOOTENAI STREET,BONNERS FERRY,ID,83805,COUNTY,OPEN,-999,2019-11-07
10004333,BONNER COUNTY DETENTION CENTER,4001 N BOYER RD,SANDPOINT,ID,83864,COUNTY,OPEN,124,2019-11-07
10005689,BONNER COUNTY JUVENILE DETENTION CENTER,4002 SAMUELSON AVE,SANDPOINT,ID,83864,COUNTY,OPEN,-999,2019-11-07
10005657,TROY JUVENILE DETENTION FACILITY,301 EAST KOOTENAI AVENUE,TROY,MT,59935,COUNTY,CLOSED,-999,2018-03-29
10003621,FLATHEAD COUNTY DETENTION CENTER,920 S MAIN ST,KALISPELL,MT,59901,COUNTY,OPEN,154,2018-03-29
10005656,LINCOLN COUNTY SHERIFF'S DEPARTMENT / DETENTION CENTER,512 CALIFORNIA AVENUE,LIBBY,MT,59923,COUNTY,OPEN,29,2018-03-29
10005664,PABLO TRIBAL JAIL,19 COMPLEX BLVD,RONAN,MT,59864,LOCAL,OPEN,-999,2018-05-22
10001932,LAKE COUNTY JAIL,106 4TH AVE E,POLSON,MT,59860,COUNTY,OPEN,42,2018-03-25
10006816,GLACIER COUNTY JAIL,28 6TH AVE SE,CUT BANK,MT,59427,COUNTY,OPEN,-999,2018-03-29
10001152,TOOLE COUNTY DETENTION FACILITY,235 DEER LODGE AVE,SHELBY,MT,59474,COUNTY,OPEN,-999,2018-03-29
10001151,CROSSROADS CORRECTIONAL CENTER,50 CROSSROADS DR,SHELBY,MT,59474,MULTI,OPEN,664,2017-10-12
10005662,PONDERA COUNTY SHERIFF'S DEPARTMENT,20 4TH AVENUE SOUTHWEST,CONRAD,MT,59425,COUNTY,OPEN,-999,2018-03-29
10006817,HILL COUNTY DETENTION CENTER,1452 2ND STREET WEST,HAVRE,MT,59501,COUNTY,OPEN,-999,2018-03-29
10001242,JOHNSON YOUTH CENTER,3252 HOSPITAL DR,JUNEAU,AK,99801,STATE,OPEN,23,2017-03-01
10001241,LEMON CREEK CORRECTIONAL CENTER,2000 LEMON CREEK RD,JUNEAU,AK,99801,STATE,OPEN,226,2016-02-09
10006895,SITKA COMMUNITY JAIL,"304 LAKE ST #102",SITKA,AK,99835,LOCAL,OPEN,-999,2018-05-11
10006896,WRANGELL CORRECTIONAL CENTER,431 ZIMOVIA HIGHWAY,WRANGELL,AK,99929,LOCAL,OPEN,-999,2018-05-11
10003764,KETCHIKAN CORRECTIONAL CENTER,1201 SCHOENBAR RD,KETCHIKAN,AK,99901,STATE,OPEN,58,2016-02-09
10006459,CRAIG JAIL FACILITY,506 SECOND ST,CRAIG,AK,99921,LOCAL,OPEN,-999,2018-05-11
10006929,MARYSVILLE DETENTION CENTER,1635 GROVE STREET,MARYSVILLE,WA,98270,LOCAL,OPEN,57,2018-05-22
10002448,SKAGIT COUNTY JAIL,600 S 3RD ST,MOUNT VERNON,WA,98273,COUNTY,OPEN,180,2018-05-08
10002449,SKAGIT COUNTY JUVENILE DETENTION CENTER,605 S 3RD ST,MOUNT VERNON,WA,98273,COUNTY,OPEN,-999,2018-05-08
10002438,WHATCOM COUNTY JAIL,311 GRAND AVE,BELLINGHAM,WA,98225,COUNTY,OPEN,245,2018-05-08
10002439,WHATCOM COUNTY JUVENILE DETENTION CENTER,311 GRAND AVE,BELLINGHAM,WA,98225,COUNTY,OPEN,-999,2018-05-08
10002440,BELLINGHAM WORK RELEASE,1127 N GARDEN ST,BELLINGHAM,WA,98225,STATE,OPEN,-999,2016-04-21
10002437,WHATCOM COUNTY JAIL INTERIM WORK CENTER,2030 DIVISION ST,BELLINGHAM,WA,98226,COUNTY,OPEN,-999,2018-05-08
10002455,OLYMPIC CORRECTIONS CENTER,11235 HOH MAINLINE,FORKS,WA,98331,STATE,OPEN,272,2020-02-26
10000987,CLALLAM BAY CORRECTIONS CENTER,1830 EAGLE CREST WAY,CLALLAM BAY,WA,98326,STATE,OPEN,858,2020-02-26
10002447,SAN JUAN COUNTY JAIL / SHERIFF,96 SECOND ST,FRIDAY HARBOR,WA,98250,COUNTY,OPEN,-999,2018-05-08
10005988,ISLAND COUNTY JUVENILE DETENTION AND FAMILY COURT SERVICES,501 NORTH MAIN STREET,COUPEVILLE,WA,98239,COUNTY,OPEN,-999,2018-05-07
10005987,ISLAND COUNTY JAIL,503 NORTH MAIN STREET,COUPEVILLE,WA,98239,COUNTY,OPEN,58,2018-05-07
10002452,CLALLAM COUNTY CORRECTIONS FACILITY,223 EAST 4TH ST,PORT ANGELES,WA,98362,COUNTY,OPEN,120,2018-05-07
10002453,CLALLAM COUNTY JUVENILE DETENTION CENTER,1912 W 18TH ST,PORT ANGELES,WA,98363,COUNTY,OPEN,-999,2018-05-07
10002454,JEFFERSON COUNTY JAIL,79 ELKINS RD,PORT HADLOCK,WA,98339,COUNTY,OPEN,57,2018-05-07
10007016,WOODINVILLE COMMUNITY FACILITY,14521 - 124TH AVENUE N.E.,WOODINVILLE,WA,98034,STATE,OPEN,-999,2020-04-22
10006883,KITSAP COUNTY JUVENILE DETENTION CENTER,1338 SW OLD CLIFTON ROAD,PORT ORCHARD,WA,98366,COUNTY,OPEN,96,2017-10-04
10002463,PENINSULA REENTRY CENTER,1340 LLOYD PKWY,PORT ORCHARD,WA,98367,STATE,OPEN,-999,2017-08-29
10002464,KITSAP COUNTY JAIL,614 DIVISION ST,PORT ORCHARD,WA,98366,COUNTY,OPEN,544,2018-05-07
10006669,SECURE COMMUNITY TRANSITION FACILITY - KING COUNTY,132 SOUTH SPOKANE STREET,SEATTLE,WA,98134,STATE,OPEN,6,2018-01-18
10001684,WASHINGTON CORRECTIONS CENTER FOR WOMEN,9601 BUJACICH RD NW,GIG HARBOR,WA,98332,STATE,OPEN,738,2020-02-26
10005990,PROGRESS HOUSE REENTRY CENTER,5601 6TH AVENUE,TACOMA,WA,98406,STATE,OPEN,-999,2017-08-29
10002482,PIERCE COUNTY JUVENILE DETENTION CENTER / COURT,5501 6TH AVENUE,TACOMA,WA,98406,COUNTY,OPEN,-999,2018-05-08
10002487,PIERCE COUNTY MAIN JAIL,910 TACOMA AVE S,TACOMA,WA,98402,COUNTY,OPEN,600,2018-05-08
10002486,PIERCE COUNTY NEW JAIL,701 NOLLMEYER LANE,TACOMA,WA,98402,COUNTY,OPEN,700,2018-05-08
10002488,NORTHWEST ICE PROCESSING CENTER,1623 E J ST,TACOMA,WA,98421,FEDERAL,OPEN,1575,2024-01-12
10002473,AUBURN JAIL,25 W MAIN ST,AUBURN,WA,98001,LOCAL,CLOSED,-999,2016-03-01
10002474,KENT CORRECTIONAL FACILITY,1230 CENTRAL AVE S,KENT,WA,98032,LOCAL,OPEN,-999,2018-05-22
10006451,SOUTH CORRECTIONAL ENTITY REGIONAL JAIL,20817 17TH AVENUE SOUTH,DES MOINES,WA,98198,MULTI,OPEN,802,2017-10-16
10001678,FDC SEATAC,2425 S 200TH ST,SEATTLE,WA,98198,FEDERAL,OPEN,-999,2016-02-16
10002475,MALENG REGIONAL JUSTICE CENTER - KENT,620 W JAMES ST,KENT,WA,98032,COUNTY,OPEN,-999,2018-05-07
10006967,ISSAQUAH JAIL,130 E. SUNSET WAY,ISSAQUAH,WA,98027,LOCAL,OPEN,72,2020-04-22
10002470,HELEN B RATCLIFF WORK RELEASE,1531 13TH AVE S,SEATTLE,WA,98144,STATE,OPEN,-999,2017-03-28
10002469,BISHOP LEWIS WORK RELEASE,703 8TH AVE,SEATTLE,WA,98104,STATE,OPEN,-999,2017-03-27
10002468,KING COUNTY CORRECTIONAL FACILITY,500 5TH AVE,SEATTLE,WA,98104,COUNTY,OPEN,-999,2018-05-07
10002472,REYNOLDS REENTRY CENTER,410 4TH AVE,SEATTLE,WA,98104,STATE,OPEN,-999,2017-03-29
10002477,KING COUNTY COMMUNITY CORRECTIONS,400 YESLER WAY,SEATTLE,WA,98104,COUNTY,OPEN,-999,2018-05-07
10006882,KING COUNTY WORK EDUCATION RELEASE,516 3RD AVE,SEATTLE,WA,98104,COUNTY,OPEN,-999,2018-05-07
10002478,KING COUNTY YOUTH SERVICES CENTER,1211 E ALDER STREET,SEATTLE,WA,98122,COUNTY,OPEN,-999,2018-05-07
10002471,MADISON INN WORK RELEASE,102 21ST AVE E,SEATTLE,WA,98112,STATE,OPEN,-999,2015-06-01
10002476,ECHO GLEN CHILDREN'S CENTER,33010 SE 99TH ST,SNOQUALMIE,WA,98065,STATE,OPEN,-999,2016-12-02
10005991,PUYALLUP CITY JAIL,311 WEST PIONEER,PUYALLUP,WA,98371,LOCAL,OPEN,52,2018-05-22
10006970,PUYALLUP TRIBAL JAIL,1640 E 30TH ST,TACOMA,WA,98404,LOCAL,OPEN,-999,2020-04-22
10002483,RAP HOUSE WORK RELEASE,3704 S YAKIMA AVE,TACOMA,WA,98418,STATE,CLOSED,-999,2017-05-14
10002484,LINCOLN PARK WORK RELEASE,3706 S YAKIMA AVE,TACOMA,WA,98418,STATE,CLOSED,-999,2017-05-14
10006995,OAKRIDGE COMMUNITY FACILITY,8701 STEILACOOM BOULEVARD S.W.,LAKEWOOD,WA,98498,STATE,OPEN,-999,2020-04-22
10006934,NISQUALLY CORRECTIONAL FACILITY,11702 YELM HWY SE,OLYMPIA,WA,98513,LOCAL,OPEN,-999,2018-05-25
10002492,MAPLE LANE COMPETENCY RESTORATION PROGRAM,20311 OLD HWY 9 SW,CENTRALIA,WA,98531,STATE,OPEN,30,2018-01-18
10006888,THURSTON COUNTY CORRECTIONS FACILITY,3491 FERGUSON STREET SW,TUMWATER,WA,98512,COUNTY,OPEN,491,2018-05-08
10006889,THURSTON COUNTY JUVENILE DETENTION,2801 32ND AVE SW,TUMWATER,WA,98512,COUNTY,OPEN,-999,2018-05-08
10002494,THURSTON COUNTY CORRECTIONAL FACILITY,2000 LAKERIDGE DR SW,OLYMPIA,WA,98502,COUNTY,OPEN,-999,2016-02-27
10006931,OLYMPIA CITY JAIL,900 PLUM STREET SE,OLYMPIA,WA,98507,LOCAL,OPEN,-999,2018-05-25
10006994,TOUCHSTONE STATE COMMUNITY FACILITY,2010 PUGET ST. N.E.,OLYMPIA,WA,98506,STATE,OPEN,-999,2020-04-22
10002493,OLYMPIA REENTRY CENTER,1800 11TH AVE SW,OLYMPIA,WA,98502,STATE,OPEN,-999,2016-04-19
10002491,CEDAR CREEK CORRECTIONS CENTER,12200 BORDEAUX RD,LITTLEROCK,WA,98556,STATE,OPEN,480,2020-02-26
10001679,WASHINGTON CORRECTIONS CENTER,2321 WEST DAYTON AIRPORT RD,SHELTON,WA,98584,STATE,OPEN,1268,2020-02-26
10001680,MASON COUNTY DETENTION CENTER,411 N 4TH ST,SHELTON,WA,98584,COUNTY,OPEN,194,2018-05-08
10006885,MASON COUNTY JUVENILE DETENTION CENTER,317 NORTH 5TH STREET,SHELTON,WA,98584,COUNTY,OPEN,-999,2018-05-08
10006668,SPECIAL COMMITMENT CENTER - TOTAL CONFINEMENT FACILITY,11150 N 20TH AVE,MCNEIL ISLAND,WA,98303,STATE,OPEN,309,2018-01-18
10002485,SECURE COMMUNITY TRANSITION FACILITY - PIERCE COUNTY,11150 N 20TH AVE,LOWER PENINSULA,WA,98303,STATE,OPEN,24,2015-06-01
10001682,MCNEIL ISLAND CORRECTIONS CENTER,35 SETTLER ST,STEILACOOM,WA,98388,STATE,CLOSED,-999,2011-03-01
10002479,MISSION CREEK CORRECTIONS CENTER FOR WOMEN,3420 NE SAND HILL RD,BELFAIR,WA,98528,STATE,OPEN,321,2020-02-26
10002481,GRAYS HARBOR COUNTY JAIL,100 W BROADWAY AVE,MONTESANO,WA,98563,COUNTY,OPEN,176,2018-05-07
10006881,GRAYS HARBOR COUNTY JUVENILE DETENTION FACILITY,103 HAGARA ST,ABERDEEN,WA,98520,COUNTY,OPEN,-999,2018-05-07
10001681,STAFFORD CREEK CORRECTIONS CENTER,191 CONSTANTINE WAY,ABERDEEN,WA,98520,STATE,OPEN,1936,2020-02-26
10005742,NORTH COAST YOUTH CORRECTIONAL FACILITY,1250 SOUTHEAST 19TH STREET,WARRENTON,OR,97146,STATE,CLOSED,50,2018-01-04
10005743,YOUNGS BAY YOUTH DETENTION CENTER,1250 SOUTHEAST 19TH STREET,WARRENTON,OR,97146,STATE,CLOSED,-999,2015-11-06
10002500,NASELLE YOUTH CAMP,11 YOUTH CAMP DRIVE,NASELLE,WA,98638,STATE,CLOSED,-999,2015-05-14
10002951,CLATSOP COUNTY DETENTION CENTER,636 DUANE ST,ASTORIA,OR,97103,COUNTY,OPEN,60,2018-04-16
10002499,PACIFIC COUNTY JAIL / SHERIFF,300 MEMORIAL DR,SOUTH BEND,WA,98586,COUNTY,OPEN,35,2018-05-07
10006933,CHEHALIS TRIBAL JAIL,30 NEIDERMAN ROAD,OAKVILLE,WA,98568,LOCAL,OPEN,-999,2018-05-25
10002498,LEWIS COUNTY JAIL,345 WEST MAIN STREET,CHEHALIS,WA,98532,COUNTY,OPEN,356,2018-05-07
10006884,LEWIS COUNTY JUVENILE DETENTION CENTER,1255 SW PACIFIC AVE,CHEHALIS,WA,98532,COUNTY,OPEN,24,2018-05-07
10002497,GREEN HILL SCHOOL,375 SW 11TH ST,CHEHALIS,WA,98532,STATE,OPEN,244,2016-01-14
10002952,COLUMBIA COUNTY JAIL,901 PORT AVE,ST. HELENS,OR,97051,COUNTY,OPEN,255,2018-04-16
10002511,COWLITZ COUNTY JAIL,1935 1ST AVE,LONGVIEW,WA,98632,COUNTY,OPEN,-999,2018-05-07
10006880,COWLITZ COUNTY JUVENILE DETENTION,1725 1ST AVENUE,LONGVIEW,WA,98632,COUNTY,OPEN,-999,2018-05-07
10002510,LONGVIEW REENTRY CENTER,1821 1ST AVE,LONGVIEW,WA,98632,STATE,OPEN,-999,2016-04-18
10002512,WAHKIAKUM COUNTY JAIL,64 MAIN ST,CATHLAMET,WA,98612,COUNTY,OPEN,14,2018-05-08
10002957,SOUTH FORK FOREST CAMP,48300 WILSON RIVER HWY,TILLAMOOK,OR,97141,STATE,OPEN,200,2018-01-01
10002960,MULTNOMAH COUNTY DETENTION CENTER,1120 SW THIRD AVE,PORTLAND,OR,97204,COUNTY,OPEN,448,2017-02-22
10005133,WASHINGTON COUNTY COMMUNITY CORRECTIONS CENTER,260 SOUTHWEST ADAMS AVENUE,HILLSBORO,OR,97123,COUNTY,OPEN,215,2016-03-01
10005132,WASHINGTON COUNTY JAIL,215 SOUTHWEST ADAMS AVENUE,HILLSBORO,OR,97123,COUNTY,OPEN,572,2018-04-17
10005745,YAMHILL COUNTY JAIL / SHERIFF,535 NORTHEAST 5TH STREET,MCMINNVILLE,OR,97128,COUNTY,OPEN,259,2018-04-17
10005746,YAMHILL COUNTY JUVENILE CORRECTIONS DIVISION,535 E 5TH STREET,MCMINNVILLE,OR,97128,COUNTY,OPEN,-999,2018-04-17
10001303,MACLAREN YOUTH CORRECTIONAL FACILITY,2630 N PACIFIC HWY,WOODBURN,OR,97071,STATE,OPEN,271,2014-08-08
10001298,COFFEE CREEK CORRECTIONAL FACILITY,24499 SW GRAHAMS FERRY RD,WILSONVILLE,OR,97070,STATE,OPEN,1685,2018-01-01
10001998,CLACKAMAS COUNTY JAIL,2206 KAEN RD,OREGON CITY,OR,97045,COUNTY,OPEN,434,2018-04-16
10002961,DONALD E. LONG HOME,1401 NE 68TH ST,PORTLAND,OR,97213,COUNTY,OPEN,-999,2018-04-16
10002959,MULTNOMAH COUNTY INVERNESS JAIL,11540 NE INVERNESS DR,PORTLAND,OR,97220,COUNTY,OPEN,1037,2017-02-24
10002958,COLUMBIA RIVER CORRECTIONAL INSTITUTION,9111 NE SUNDERLAND AVE,PORTLAND,OR,97211,STATE,OPEN,595,2018-01-01
10001299,MULTNOMAH COUNTY WAPATO FACILITY,14355 N. BYBEE LAKE COURT,PORTLAND,OR,97203,COUNTY,CLOSED,525,2016-03-01
10002513,CLARK COUNTY JUVENILE DETENTION CENTER,500 W 11TH ST,VANCOUVER,WA,98666,COUNTY,OPEN,80,2018-05-07
10001689,CLARK COUNTY JAIL,707 W 13TH ST,VANCOUVER,WA,98660,COUNTY,OPEN,569,2018-05-07
10001691,CLARK COUNTY JAIL WORK CENTER,5197 NW LOWER RIVER RD,VANCOUVER,WA,98660,COUNTY,OPEN,224,2018-05-07
10001690,LARCH CORRECTIONS CENTER,15314 NE DOLE VALLEY RD,YACOLT,WA,98675,STATE,OPEN,-999,2020-02-26
10002509,SKAMANIA COUNTY JAIL,200 VANCOUVER AVE,STEVENSON,WA,98648,COUNTY,OPEN,64,2018-05-08
10002962,NORTHERN OREGON REG.CORRECTIONAL FACILITY,201 WEBBER STREET,THE DALLES,OR,97058,COUNTY,OPEN,154,2018-04-16
10002963,NORTHERN OREGON REG. JUVENILE FACILITY,211 WEBBER STREET,THE DALLES,OR,97058,COUNTY,OPEN,32,2018-04-16
10002514,KLICKITAT COUNTY JAIL,205 S COLUMBUS AVE,GOLDENDALE,WA,98620,COUNTY,OPEN,49,2018-05-07
10006219,AHTANUM VIEW REENTRY CENTER,2009 S 64TH AVE,YAKIMA,WA,98903,STATE,OPEN,-999,2015-11-17
10002495,AHTANUM VIEW CORRECTIONS CENTER,2009 S 64TH AVE,YAKIMA,WA,98903,STATE,CLOSED,-999,2010-02-26
10006969,TWIN RIVERS COMMUNITY FACILITY,605 MCMURRAY ST,RICHLAND,WA,99354,STATE,OPEN,-999,2020-04-22
10002505,TRI-CITIES REENTRY CENTER,524 E BRUNEAU AVE,KENNEWICK,WA,99336,STATE,OPEN,-999,2015-11-17
10002503,BENTON COUNTY JAIL,7122 W OKANOGAN PLACE,KENNEWICK,WA,99336,COUNTY,OPEN,800,2018-05-07
10002504,BENTON-FRANKLIN COUNTIES JUVENILE JUSTICE CENTER,5606 W CANAL DR,KENNEWICK,WA,99336,COUNTY,OPEN,35,2018-05-07
10002501,FRANKLIN COUNTY JAIL / SHERIFF,1016 N 4TH AVE,PASCO,WA,99301,COUNTY,OPEN,334,2018-05-07
10001687,COYOTE RIDGE CORRECTIONS CENTER,1301 N EPHRATA AVE,CONNELL,WA,99326,STATE,OPEN,2468,2020-02-26
10002502,CAMP OUTLOOK,1270 N EPHRATA ST,CONNELL,WA,99326,STATE,CLOSED,-999,2018-01-18
10002465,GRANT COUNTY WORK RELEASE CENTER,1631 DIVISION AVE EAST,EPHRATA,WA,98823,COUNTY,OPEN,100,2018-05-07
10006997,SUNRISE COMMUNITY FACILITY,1421 EAST DIVISION,EPHRATA,WA,98823,STATE,OPEN,-999,2020-04-22
10005989,GRANT COUNTY YOUTH SERVICES,303 ABEL ROAD,EPHRATA,WA,98823,COUNTY,OPEN,18,2017-10-17
10002466,GRANT COUNTY JAIL,35 C ST NW,EPHRATA,WA,98823,COUNTY,OPEN,188,2018-05-07
10006968,PARKE CREEK COMMUNITY FACILITY,11042 PARK CREEK ROAD,ELLENSBURG,WA,98926,STATE,OPEN,-999,2020-04-22
10002496,YAKIMA COUNTY JUSTICE CENTER,1500 PACIFIC AVE,YAKIMA,WA,98901,COUNTY,OPEN,-999,2016-03-01
10006928,YAKIMA CITY JAIL,200 SOUTH THIRD STREET,YAKIMA,WA,98901,LOCAL,OPEN,70,2018-05-22
10001685,YAKIMA COUNTY CORRECTIONS CENTER,111 N FRONT ST,YAKIMA,WA,98901,COUNTY,OPEN,1156,2018-05-08
10006990,RIDGEVIEW COMMUNITY FACILITY,1726 JEROME AVENUE,YAKIMA,WA,98902,STATE,OPEN,-999,2020-04-22
10006890,YAKIMA COUNTY JUVENILE DETENTION,1728 JEROME AVE,YAKIMA,WA,98902,COUNTY,OPEN,-999,2018-05-08
10002480,KITTITAS COUNTY CORRECTIONS CENTER,205 W 5TH AVE,ELLENSBURG,WA,98926,COUNTY,OPEN,209,2018-05-07
10001676,MONROE CORRECTIONAL COMPLEX,16550 177TH AVE SE,MONROE,WA,98272,STATE,OPEN,2400,2020-02-26
10002457,SNOHOMISH COUNTY WORK RELEASE FACILITY,3000 ROCKEFELLER AVE,EVERETT,WA,98201,COUNTY,CLOSED,88,2018-05-08
10002456,SNOHOMISH COUNTY JAIL,3025 OAKES AVE,EVERETT,WA,98201,COUNTY,OPEN,917,2018-05-08
10006886,DENNEY JUVENILE JUSTICE CENTER,2801 10TH ST,EVERETT,WA,98201,COUNTY,OPEN,-999,2018-05-08
10002451,CHELAN COUNTY REGIONAL JAIL / JUSTICE CENTER,401 WASHINGTON ST,WENATCHEE,WA,98801,COUNTY,OPEN,383,2018-05-07
10002450,CHELAN COUNTY JUVENILE DETENTION CENTER,316 WASHINGTON ST,WENATCHEE,WA,98801,COUNTY,OPEN,50,2018-05-07
10006987,CANYON VIEW COMMUNITY FACILITY,260 N. GEORGIA AVENUE,EAST WENATCHEE,WA,98802,STATE,OPEN,-999,2020-04-22
10002442,COLVILLE TRIBAL CORRECTIONAL FACILITY,44 SCHOOLHOUSE LOOP RD,NESPELEM,WA,99155,LOCAL,OPEN,60,2018-05-21
10002444,OKANOGAN COUNTY JUVENILE DETENTION CENTER,237 4TH AVE N,OKANOGAN,WA,98840,COUNTY,OPEN,-999,2018-05-08
10002443,OKANOGAN COUNTY CORRECTIONS CENTER,149 N 4TH AVE,OKANOGAN,WA,98840,COUNTY,OPEN,183,2018-05-08
10002446,FERRY COUNTY JAIL,165 N JEFFERSON ST,REPUBLIC,WA,99166,COUNTY,OPEN,-999,2018-04-30
10001677,AIRWAY HEIGHTS CORRECTIONS CENTER,11919 W SPRAGUE AVE,AIRWAY HEIGHTS,WA,99001,STATE,OPEN,2258,2020-02-26
10002462,GEIGER CORRECTIONS CENTER,3507 S SPOTTED RD,SPOKANE,WA,99260,COUNTY,OPEN,-999,2018-05-08
10002461,SPOKANE COUNTY JAIL,1100 W MALLON AVE,SPOKANE,WA,99260,COUNTY,OPEN,828,2018-05-08
10006887,SPOKANE COUNTY JUVENILE DETENTION CENTER,902 N ADAMS ST,SPOKANE,WA,99260,COUNTY,OPEN,39,2018-05-08
10002460,BROWNSTONE WORK RELEASE,223 S BROWNE  ST,SPOKANE,WA,99201,STATE,OPEN,-999,2015-05-19
10002459,ELEANOR CHASE HOUSE WORK RELEASE,427 W 7TH AVE,SPOKANE,WA,99204,STATE,OPEN,-999,2015-05-20
10002458,PINE LODGE CORRECTIONS CENTER FOR WOMEN,751 S PINE ST,MEDICAL LAKE,WA,99022,STATE,CLOSED,-999,2010-04-12
10006670,MARTIN HALL JUVENILE DETENTION FACILITY,201 SOUTH PINE STREET,MEDICAL LAKE,WA,99022,STATE,OPEN,52,2016-08-10
10002467,LINCOLN COUNTY JAIL / SHERIFF,404 SINCLAIR ST,DAVENPORT,WA,99122,COUNTY,OPEN,25,2018-05-07
10002489,ADAMS COUNTY JAIL,210 W BROADWAY AVE,RITZVILLE,WA,99169,COUNTY,OPEN,30,2018-05-07
10002490,WHITMAN COUNTY JAIL,411 N MILL ST,COLFAX,WA,99111,COUNTY,OPEN,62,2018-05-08
10005062,LATAH COUNTY JAIL,522 SOUTH ADAMS STREET,MOSCOW,ID,83843,COUNTY,OPEN,38,2019-11-07
10005065,NEZ PERCE COUNTY ADULT DETENTION CENTER,1150 WALL STREET,LEWISTON,ID,83501,COUNTY,OPEN,-999,2019-11-07
10001172,IDAHO CORRECTIONAL INSTITUTION-OROFINO,381 WEST HOSPITAL DRIVE,OROFINO,ID,83544,STATE,OPEN,580,2023-06-30
10005063,CLEARWATER COUNTY JAIL,150 MICHIGAN AVENUE,OROFINO,ID,83544,COUNTY,OPEN,-999,2019-11-07
10005066,LEWIS COUNTY JAIL,510 OAK STREET,NEZPERCE,ID,83543,COUNTY,OPEN,-999,2019-11-07
10005064,IDAHO COUNTY JAIL,320 WEST MAIN STREET,GRANGEVILLE,ID,83530,COUNTY,OPEN,11,2019-11-07
10001173,NORTH IDAHO CORRECTIONAL INSTITUTION,236 RADAR RD,COTTONWOOD,ID,83522,STATE,OPEN,428,2023-06-30
10004335,IDAHO JUVENILE CORRECTIONS CENTER - LEWISTON,140 SOUTHPORT AVE,LEWISTON,ID,83501,STATE,OPEN,-999,2024-02-22
10006730,NEZ PERCE JUVENILE DETENTION,140 10TH STREET,LEWISTON,ID,83501,COUNTY,OPEN,-999,2019-11-07
10002508,ASOTIN COUNTY JAIL,838 5TH ST,CLARKSTON,WA,99403,COUNTY,OPEN,58,2018-05-07
10005446,GARFIELD COUNTY JAIL,789 MAIN ST,POMEROY,WA,99347,COUNTY,OPEN,16,2018-05-07
10005447,COLUMBIA COUNTY JAIL,341 E MAIN ST,DAYTON,WA,99328,COUNTY,OPEN,11,2018-05-07
10002506,WASHINGTON STATE PENITENTIARY,1313 NORTH 13TH AVE,WALLA WALLA,WA,99362,STATE,OPEN,2439,2020-02-26
10002507,WALLA WALLA COUNTY JAIL,300 W ALDER ST,WALLA WALLA,WA,99362,COUNTY,OPEN,80,2018-05-08
10001688,WALLA WALLA COUNTY JUVENILE JUSTICE CENTER,455 W ROSE ST,WALLA WALLA,WA,99362,COUNTY,OPEN,-999,2018-05-08
10001295,TWO RIVERS CORRECTIONAL INSTITUTION,82911 BEACH ACCESS RD,UMATILLA,OR,97882,STATE,OPEN,1632,2018-01-01
10001294,EASTERN OREGON CORRECTIONAL INSTITUTION,2500 WESTGATE DR,PENDLETON,OR,97801,STATE,OPEN,1682,2018-01-01
10005744,UMATILLA COUNTY JUVENILE DEPARTMENT,817 SOUTHEAST 13TH STREET,PENDLETON,OR,97801,COUNTY,OPEN,-999,2018-04-17
10002953,UMATILLA COUNTY CORRECTIONAL FACILITY,4700 NW PIONEER PL,PENDLETON,OR,97801,COUNTY,OPEN,252,2018-04-17
10001297,CAMP RIVERBEND YOUTH TRANSITIONAL FACILITY,58231 OREGON HWY 244,LA GRANDE,OR,97850,STATE,OPEN,25,2016-07-28
10001296,UNION COUNTY JAIL,1109 K AVE,LA GRANDE,OR,97850,COUNTY,OPEN,37,2018-04-17
10001999,BAKER COUNTY JAIL,3410 K ST,BAKER CITY,OR,97814,COUNTY,OPEN,45,2018-04-16
10001306,POWDER RIVER CORRECTIONAL FACILITY,3600 13TH ST,BAKER CITY,OR,97814,STATE,OPEN,286,2018-01-01
10005072,WASHINGTON COUNTY JAIL,262 EAST COURT STREET,WEISER,ID,83672,COUNTY,OPEN,-999,2019-11-07
10005068,ADAMS COUNTY JAIL,201 INDUSTRIAL AVENUE,COUNCIL,ID,83612,COUNTY,OPEN,-999,2019-11-07
10005069,VALLEY COUNTY JAIL,107 WEST SPRING STREET,CASCADE,ID,83611,COUNTY,OPEN,-999,2019-11-07
10005071,CUSTER COUNTY JAIL,130 S. 9TH STREET,CHALLIS,ID,83226,COUNTY,OPEN,-999,2019-11-07
10005085,POWER COUNTY JAIL,550 GIFFORD STREET,AMERICAN FALLS,ID,83211,COUNTY,OPEN,-999,2019-11-07
10005083,MINI-CASSIA JUVENILE DETENTION CENTER,718 H STREET,RUPERT,ID,83350,COUNTY,OPEN,16,2019-11-07
10005088,MINI-CASSIA CRIMINAL JUSTICE CENTER,1415 ALBION AVENUE,BURLEY,ID,83318,COUNTY,OPEN,-999,2019-11-07
10004336,BLAINE COUNTY JAIL,1650 AVIATION DR,HAILEY,ID,83333,COUNTY,OPEN,90,2019-11-07
10005078,ELMORE COUNTY DETENTION CENTER,2255 EAST 8TH NORTH,MOUNTAIN HOME,ID,83647,MULTI,OPEN,-999,2024-01-12
10005084,GOODING COUNTY JAIL,624 MAIN STREET,GOODING,ID,83330,COUNTY,OPEN,-999,2019-11-07
10005087,JEROME COUNTY JAIL,2151 S TIGER DRIVE,JEROME,ID,83338,COUNTY,OPEN,-999,2019-11-07
20000640,SNAKE RIVER JUVENILE DETENTION CENTER,650 ADDISON AVE WEST,TWIN FALLS,ID,83301,COUNTY,OPEN,-999,2019-11-07
10001189,TWIN FALLS COMMUNITY REENTRY CENTER,616 WASHINGTON ST S,TWIN FALLS,ID,83301,STATE,CLOSED,160,2023-06-30
10001190,TWIN FALLS ADULT DETENTION FACILITY,504 GOODING ST N,TWIN FALLS,ID,83301,COUNTY,OPEN,-999,2019-11-07
10005691,SNAKE RIVER JUVENILE DETENTION CENTER (OLD),2515 WRIGHT AVENUE,TWIN FALLS,ID,83301,COUNTY,NOT AVAILABLE,-999,2019-11-07
10005082,OWYHEE COUNTY JAIL,20381 STATE HIGHWAY 78,MURPHY,ID,83650,COUNTY,OPEN,-999,2019-11-07
10001178,IDAHO JUVENILE CORRECTIONS CENTER - NAMPA,1650 11TH AVE N,NAMPA,ID,83687,STATE,OPEN,-999,2024-02-22
10001177,NAMPA COMMUNITY REENTRY CENTER,1640 11TH AVE N,NAMPA,ID,83687,STATE,OPEN,115,2023-06-30
10004338,ADA COUNTY WORK RELEASE CENTER,7255 BARRISTER DR,BOISE,ID,83704,COUNTY,OPEN,-999,2019-11-07
10001947,ADA COUNTY JAIL,7200 BARRISTER DR,BOISE,ID,83704,COUNTY,OPEN,1224,2019-11-07
10004337,ADA COUNTY JUVENILE DETENTION CENTER,6300 W DENTON ST,BOISE,ID,83704,COUNTY,OPEN,-999,2019-11-07
10001185,SOUTH BOISE WOMEN'S CORRECTIONAL CENTER,13200 PLEASANT VALLEY RD,KUNA,ID,83634,STATE,OPEN,306,2023-06-30
10004339,TREASURE VALLEY COMMUNITY REENTRY CENTER,14195 S PLEASANT VALLEY RD,KUNA,ID,83634,STATE,OPEN,108,2023-06-30
10001183,IDAHO STATE CORRECTIONAL CENTER,14601 S PLEASANT VALLEY RD,KUNA,ID,83634,STATE,OPEN,2028,2023-06-30
10006544,MOUNTAIN VIEW TRANSFORMATION CENTER,15505 S PLEASANT VALLEY ROAD,KUNA,ID,83634,STATE,OPEN,442,2023-06-30
10001182,IDAHO MAXIMUM SECURITY INSTITUTION,13400 S PLEASANT VALLEY RD,KUNA,ID,83634,STATE,OPEN,549,2023-06-30
10001181,IDAHO STATE CORRECTIONAL INSTITUTION,13500 S PLEASANT VALLEY RD,KUNA,ID,83634,STATE,OPEN,1446,2023-06-30
10001180,SOUTH IDAHO CORRECTIONAL INSTITUTION,13900 PLEASANT VALLEY RD,KUNA,ID,83634,STATE,OPEN,700,2023-06-30
10001184,EAST BOISE COMMUNITY REENTRY CENTER,2366 OLD PENITENTIARY RD,BOISE,ID,83712,STATE,OPEN,148,2023-06-30
10005075,GEM COUNTY JAIL,410 EAST 1ST STREET,EMMETT,ID,83617,COUNTY,OPEN,-999,2019-11-07
10007000,BOISE COUNTY JAIL,3851 ID-21,IDAHO CITY,ID,83631,COUNTY,OPEN,-999,2020-04-22
10005077,PAYETTE COUNTY JAIL,1130 3RD AVENUE NORTH,PAYETTE,ID,83661,COUNTY,OPEN,72,2019-11-07
10001310,SNAKE RIVER CORRECTIONAL INSTITUTION,777 STANTON BLVD,ONTARIO,OR,97914,STATE,OPEN,3062,2018-01-01
10001179,SOUTHWEST IDAHO JUVENILE DETENTION CENTER,222 N 12TH AVE,CALDWELL,ID,83605,COUNTY,OPEN,-999,2019-11-07
10001946,CANYON COUNTY DETENTION CENTER,219 N 12TH AVE,CALDWELL,ID,83605,COUNTY,OPEN,-999,2019-11-07
10001309,MALHEUR COUNTY CORRECTIONAL FACILITY,151 B ST W,VALE,OR,97918,COUNTY,OPEN,104,2018-04-17
10001311,HARNEY COUNTY JAIL,485 N COURT AVE,BURNS,OR,97720,COUNTY,OPEN,23,2018-04-15
10002980,EASTERN OREGON YOUTH CORRECTIONAL FACILITY,1800 WEST MONROE ST,BURNS,OR,97720,STATE,OPEN,50,2015-04-20
10002975,DESCHUTES COUNTY ADULT JAIL,63333 W US HWY 20,BEND,OR,97703,COUNTY,OPEN,452,2018-04-16
10006842,DENNIS MALONEY COMMUNITY JUSTICE CENTER,63360 NW BRITTA STREET,BEND,OR,97701,COUNTY,OPEN,-999,2018-04-16
10005137,CROOK COUNTY JAIL,308 NE 2ND STREET,PRINEVILLE,OR,97754,COUNTY,OPEN,16,2018-04-16
10005135,GRANT COUNTY JUVENILE DEPARTMENT,202 S HUMBOLT ST,CANYON CITY,OR,97820,COUNTY,OPEN,-999,2020-01-24
10005134,GRANT COUNTY JAIL,205 S HUMBOLT ST,CANYON CITY,OR,97820,COUNTY,OPEN,48,2018-04-16
10000257,DEER RIDGE CORRECTIONAL INSTITUTION,3920 EAST ASHWOOD RD,MADRAS,OR,97741,STATE,OPEN,2002,2018-01-01
10001308,JEFFERSON COUNTY DETENTION FACILITY,675 NW CHERRY LN,MADRAS,OR,97741,COUNTY,OPEN,160,2018-04-16
10005747,WARM SPRINGS TRIBAL POLICE DEPARTMENT AND JAIL,2144 KOTA STREET,WARM SPRINGS,OR,97761,LOCAL,OPEN,-999,2018-05-23
10002971,SANTIAM CORRECTIONAL INSTITUTION,4005 AUMSVILLE HWY SE,SALEM,OR,97317,STATE,OPEN,440,2018-01-01
10001305,MILL CREEK CORRECTIONAL FACILITY,5465 TURNER ROAD SE,SALEM,OR,97317,STATE,CLOSED,-999,2018-01-01
10002969,HILLCREST YOUTH CORRECTIONAL FACILITY,2450 STRONG RD SE,SALEM,OR,97302,STATE,CLOSED,-999,2018-01-04
10002970,MARION COUNTY CORRECTIONAL FACILITY,4000 AUMSVILLE HWY SE,SALEM,OR,97317,COUNTY,OPEN,415,2018-04-17
10001304,MARION COUNTY TRANSITION CENTER,3950 AUMSVILLE HWY SE,SALEM,OR,97317,COUNTY,OPEN,144,2018-04-17
10001302,OREGON STATE CORRECTIONAL INSTITUTION,3405 DEER PARK DR SE,SALEM,OR,97310,STATE,OPEN,888,2018-01-01
10002966,MARION COUNTY JUVENILE DETENTION CENTER,2970 CENTER ST NE,SALEM,OR,97301,COUNTY,OPEN,56,2018-04-17
10006639,OREGON STATE HOSPITAL - SALEM,2600 CENTER STREET NE,SALEM,OR,97301,STATE,OPEN,620,2018-01-04
10002968,OREGON STATE PENITENTIARY,2605 STATE ST,SALEM,OR,97310,STATE,OPEN,2194,2018-01-01
10002974,BENTON COUNTY CORRECTIONS FACILITY,190 NW 4TH ST,CORVALLIS,OR,97330,COUNTY,OPEN,40,2018-04-16
10005749,OAK CREEK YOUTH CORRECTIONAL FACILITY,4400 LOCHNER ROAD SOUTHEAST,ALBANY,OR,97322,STATE,OPEN,50,2015-04-23
10005748,LINN-BENTON JUVENILE DETENTION CENTER,4400 LOCHNER ROAD SOUTHEAST,ALBANY,OR,97322,COUNTY,OPEN,20,2018-04-16
10002973,LINN COUNTY JAIL,1115 SE JACKSON ST,ALBANY,OR,97322,COUNTY,OPEN,230,2018-04-17
10006919,SPRINGFIELD MUNICIPAL JAIL,344 A ST,SPRINGFIELD,OR,97477,LOCAL,OPEN,100,2018-05-21
10002976,LANE COUNTY JUVENILE JUSTICE CENTER,2727 MARTIN LUTHER KING JR. BLVD,EUGENE,OR,97401,COUNTY,OPEN,-999,2018-04-17
10006640,OREGON STATE HOSPITAL - JUNCTION CITY,29398 RECOVERY WAY,JUNCTION CITY,OR,97448,STATE,OPEN,174,2018-01-04
10005751,JUNCTION CITY POLICE DEPARTMENT,672 GREENWOOD STREET,JUNCTION CITY,OR,97448,LOCAL,OPEN,4,2018-05-21
10002978,LANE COUNTY COMMUNITY CORRECTIONS CENTER,75 W 5TH AVE,EUGENE,OR,97401,COUNTY,OPEN,32,2018-04-17
10002977,LANE COUNTY JAIL,101 W 5TH AVE,EUGENE,OR,97401,COUNTY,OPEN,507,2018-04-17
10002979,FOREST WORK CAMP,21600 SIUSLAW RIVER RD,VENETA,OR,97487,COUNTY,CLOSED,100,2016-03-29
10002000,LINCOLN COUNTY JAIL,251 W OLIVE ST,NEWPORT,OR,97365,COUNTY,OPEN,161,2018-04-17
10006845,LINCOLN COUNTY JUVENILE DEPARTMENT,753 NW BROOK ST,NEWPORT,OR,97365,COUNTY,OPEN,-999,2018-04-17
10001312,SHUTTER CREEK CORRECTIONAL INSTITUTION,95200 SHUTTERS LANDING LANE,NORTH BEND,OR,97459,STATE,CLOSED,-999,2018-01-01
10005750,CAMP FLORENCE,4859 SOUTH JETTY ROAD,FLORENCE,OR,97439,STATE,OPEN,25,2017-03-27
10006989,DOUGLAS COUNTY JUVENILE DETENTION,215 SE JACKSON ST,ROSEBURG,OR,97470,COUNTY,OPEN,-999,2020-04-22
10002981,DOUGLAS COUNTY JAIL,1036 SE DOUGLAS AVE,ROSEBURG,OR,97470,COUNTY,OPEN,284,2016-03-01
10005754,COOS COUNTY JAIL,200 EAST 2ND STREET,COQUILLE,OR,97423,COUNTY,OPEN,249,2018-04-16
10005753,COOS COUNTY JUVENILE DETENTION,240 N COLLIER STREET,COQUILLE,OR,97423,COUNTY,OPEN,12,2018-04-16
10006843,JOSEPHINE COUNTY JUVENILE DETENTION FACILITY,301 NW F STREET,GRANTS PASS,OR,97526,COUNTY,OPEN,-999,2018-04-16
10002985,JOSEPHINE COUNTY ADULT JAIL,1901 NE F ST,GRANTS PASS,OR,97526,COUNTY,OPEN,262,2018-04-16
10002986,ROGUE VALLEY YOUTH CORRECTIONAL FACILITY,2001 NE F ST,GRANTS PASS,OR,97526,STATE,OPEN,100,2015-07-27
10002983,KLAMATH COUNTY JAIL,3201 VANDENBERG RD,KLAMATH FALLS,OR,97603,COUNTY,OPEN,192,2018-04-17
10006844,KLAMATH COUNTY JUVENILE DEPARTMENT,3331 VANDENBERG ROAD,KLAMATH FALLS,OR,97601,COUNTY,OPEN,-999,2018-04-17
10005752,LAKE COUNTY JAIL,513 CENTER STREET,LAKEVIEW,OR,97630,COUNTY,OPEN,17,2018-04-17
10006966,WARNER CREEK CORRECTIONAL FACILITY (WCCF),20654 RABBIT HILL ROAD,LAKEVIEW,OR,97630,STATE,OPEN,-999,2020-04-22
10005250,MODOC COUNTY JAIL,102 SOUTH COURT STREET,ALTURAS,CA,96101,COUNTY,OPEN,48,2018-02-12
10005251,"DEVILS GARDEN CONSERVATION CAMP #40",2300 COUNTY ROAD 74,ALTURAS,CA,96101,STATE,OPEN,-999,2016-08-01
10000774,"INTERMOUNTAIN CONSERVATION CAMP #22",651-025 FOOTHILL RD,BIEBER,CA,96009,STATE,OPEN,-999,2016-05-25
10005248,"DEADWOOD CONSERVATION CAMP #23",17148 MCADAMS CREEK ROAD,FORT JONES,CA,96032,STATE,OPEN,-999,2015-07-01
10005247,SISKIYOU COUNTY JAIL,315 SOUTH OREGON STREET,YREKA,CA,96097,COUNTY,OPEN,104,2018-02-16
10005246,CHARLIE'S PLACE JUVENILE DAY REPORTING CENTER,269 SHARPS ROAD,YREKA,CA,96097,COUNTY,OPEN,-999,2019-11-25
10006449,JACKSON COUNTY JUVENILE COMMUNITY JUSTICE CENTER,609 W 10TH STREET,MEDFORD,OR,97501,COUNTY,OPEN,40,2018-04-16
10002984,JACKSON COUNTY JAIL,787 W 8TH ST,MEDFORD,OR,97501,COUNTY,OPEN,292,2018-04-16
10000771,"ALDER CONSERVATION CAMP #20",1400 ALDER CAMP ROAD,KLAMATH,CA,95548,STATE,OPEN,-999,2017-10-25
10005249,DEL NORTE JUVENILE HALL,1115 WILLIAMS DRIVE,CRESCENT CITY,CA,95531,COUNTY,OPEN,-999,2016-02-15
10001521,DEL NORTE COUNTY JAIL,650 5TH STREET,CRESCENT CITY,CA,95531,COUNTY,OPEN,-999,2018-02-08
10002309,PELICAN BAY STATE PRISON (PBSP),5905 LAKE EARL DRIVE,CRESCENT CITY,CA,95531,STATE,OPEN,2380,2017-10-18
10005254,HUMBOLDT COUNTY CORRECTIONAL FACILITY,826 4TH STREET,EUREKA,CA,95501,COUNTY,OPEN,417,2018-02-09
20000100,TRINITY COUNTY CORRECTIONAL FACILITY,701 TOM BELL ROAD,WEAVERVILLE,CA,96093,COUNTY,OPEN,-999,2024-06-26
10005255,TRINITY COUNTY JUVENILE HALL,333 TOM BELL ROAD,WEAVERVILLE,CA,96093,COUNTY,OPEN,-999,2018-02-16
10005257,TRINITY COUNTY SHERIFFS DEPARTMENT,101 MEMORIAL DRIVE,WEAVERVILLE,CA,96093,COUNTY,OPEN,-999,2018-02-16
10005256,"TRINITY RIVER CONSERVATION CAMP #3",3325 PETTIJOHN ROAD,LEWISTON,CA,96052,STATE,OPEN,-999,2015-11-01
10005258,"SUGAR PINE CONSERVATION CAMP #9",15905 SUGAR PINE CAMP ROAD,BELLA VISTA,CA,96008,STATE,OPEN,-999,2015-11-01
10005259,SHASTA COUNTY JUVENILE HALL,2680 RADIO LANE,REDDING,CA,96001,COUNTY,OPEN,90,2016-02-15
10005260,SHASTA COUNTY JAIL,1655 WEST STREET,REDDING,CA,96001,COUNTY,OPEN,484,2018-02-16
10005253,"HIGH ROCK CONSERVATION CAMP #32",23322 AVENUE OF THE GIANTS,WEOTT,CA,95571,STATE,OPEN,-999,2015-11-17
10005252,"EEL RIVER CONSERVATION CAMP #31",3850 REDWOOD DRIVE,REDWAY,CA,95560,STATE,OPEN,-999,2016-04-18
10005138,CURRY COUNTY JAIL,29808 COLVIN STREET,GOLD BEACH,OR,97444,COUNTY,OPEN,50,2018-04-16
10002972,POLK COUNTY JAIL,884 SE JEFFERSON ST,DALLAS,OR,97338,COUNTY,OPEN,196,2018-04-17
10002964,FCI SHERIDAN CAMP,27072 BALLSTON RD,SHERIDAN,OR,97378,FEDERAL,OPEN,-999,2016-02-16
10001301,FCI SHERIDAN AND DETENTION CENTER,27072 BALLSTON RD,SHERIDAN,OR,97378,FEDERAL,OPEN,-999,2016-02-16
10002955,TILLAMOOK YOUTH CORRECTIONAL FACILITY,6700 OFFICER ROW,TILLAMOOK,OR,97141,STATE,OPEN,50,2017-03-28
10002954,TILLAMOOK COUNTY CORRECTIONS FACILITY,5995 LONG PRAIRIE RD,TILLAMOOK,OR,97141,COUNTY,OPEN,120,2018-04-17
10002956,CAMP TILLAMOOK YOUTH TRANSITIONAL FACILITY,6820 BARRACKS CIRCLE,TILLAMOOK,OR,97141,STATE,OPEN,25,2017-03-28
10006894,HOMER COMMUNITY JAIL,4060 HEATH ST,HOMER,AK,99603,LOCAL,CLOSED,-999,2018-05-11
10011320,HOMER COMMUNITY JAIL,625 GRUBSTAKE AVE,HOMER,AK,99603,LOCAL,OPEN,7,2018-05-11
10003758,KENAI PENINSULA YOUTH FACILITY,405 MARATHON ROAD,KENAI,AK,99611,STATE,OPEN,10,2017-03-01
10006203,WILDWOOD PRETRIAL FACILITY,10 CHUGACH AVENUE,KENAI,AK,99611,STATE,OPEN,-999,2016-06-30
10003759,WILDWOOD CORRECTIONAL CENTER,10 CHUGACH AVENUE,KENAI,AK,99611,STATE,OPEN,476,2016-06-30
10001240,SPRING CREEK CORRECTIONAL CENTER,3600 BETTE CATO,SEWARD,AK,99664,STATE,OPEN,535,2016-02-09
10003760,SEWARD COMMUNITY JAIL,410 ADAMS STREET,SEWARD,AK,99664,LOCAL,OPEN,14,2018-05-11
10003757,ANCHORAGE CORRECTIONAL COMPLEX,1400 EAST 4TH AVENUE,ANCHORAGE,AK,99501,STATE,OPEN,863,2016-02-09
10001239,MCLAUGHLIN YOUTH CENTER,2600 PROVIDENCE DR,ANCHORAGE,AK,99508,STATE,OPEN,95,2017-03-01
10006386,GOOSE CREEK CORRECTIONAL CENTER,22301 WEST ALSOP ROAD,WASILLA,AK,99623,STATE,OPEN,1472,2016-02-09
10001236,PT. MACKENZIE CORRECTIONAL FARM,13690 SOUTH GUERNSEY ROAD,WASILLA,AK,99623,STATE,OPEN,127,2016-06-30
10001238,HILAND MOUNTAIN CORRECTIONAL CENTER,9101 HESTERBERG RD,EAGLE RIVER,AK,99577,STATE,OPEN,404,2016-02-09
10001237,PALMER CORRECTIONAL CENTER,MILE  58 OLD GLENN HWY,PALMER,AK,99645,STATE,OPEN,514,2016-10-17
10006519,MAT-SU YOUTH FACILITY,581 OUTER SPRINGER LOOP RD,PALMER,AK,99645,STATE,OPEN,15,2017-03-01
10001235,MAT-SU PRETRIAL,339 EAST DOGWOOD AVENUE,PALMER,AK,99645,STATE,OPEN,102,2016-02-09
10006285,DILLINGHAM CORRECTIONS FACILITY,404 D STREET,DILLINGHAM,AK,99576,LOCAL,OPEN,8,2018-05-11
10003762,KING SALMON JAIL,628 DISPATCH ROAD,KING SALMON,AK,99613,LOCAL,OPEN,-999,2019-11-06
10006897,KODIAK JAIL,2160 MILL BAY RD,KODIAK,AK,99615,LOCAL,OPEN,-999,2018-05-11
10003765,SAND POINT JAIL,100 SAND POINT AVE,SAND POINT,AK,99661,LOCAL,NOT AVAILABLE,-999,2020-05-28
10001958,BETHEL YOUTH FACILITY,950 STATE HWY,BETHEL,AK,99559,STATE,OPEN,23,2017-03-01
10003761,YUKON KUSKOKWIM CORRECTIONAL CENTER,1000 CHIEF EDDIE HOFFMAN HWY,BETHEL,AK,99559,STATE,OPEN,207,2016-02-09
10001233,ANVIL MOUNTAIN CORRECTIONAL CENTER,1810 CENTER CREEK RD,NOME,AK,99762,STATE,OPEN,128,2016-02-09
10006460,UNALASKA CITY JAIL,29 SAFETY WAY,UNALASKA,AK,99685,LOCAL,OPEN,9,2018-05-11
10006284,SAIPAN CORRECTIONAL FACILITY,VINCENTE TAMAN SEMAN BUILDING,SUSUPE,MP,96950,MULTI,OPEN,64,2024-03-01
10006540,HAGATNA DETENTION FACILITY,203 ASPINALL AVENUE,HAGATNA,GU,96910,MULTI,OPEN,-999,2024-01-12
10006165,GUAM ADULT CORRECTIONAL FACILITY,1 MASHBURN LANE,MANGILAO,GU,96913,STATE,OPEN,-999,2024-02-21
10006164,GUAM WOMEN'S FACILITY,1 MASHBURN LANE,MANGILAO,GU,96913,STATE,OPEN,-999,2024-02-21
10006539,GUAM YOUTH CORRECTIONAL FACILITY,169 SAN ISIDRO ST,MANGILAO,GU,96923,STATE,OPEN,-999,2024-02-21
10006941,HAWAII POLICE DEPARTMENT,349 KAPIOLANI ST,HILO,HI,96720,COUNTY,NOT AVAILABLE,-999,2020-04-22
10003694,HAWAII COMMUNITY CORRECTIONAL CENTER,60 PUNAHELE STREET,HILO,HI,96720,STATE,OPEN,226,2024-02-12
10000128,KULANI CORRECTIONAL FACILITY,"HC 01, STAINBACK HWY",HILO,HI,96720,STATE,OPEN,200,2024-02-12
10007002,HAWAII COUNTY POLICE DEPARTMENT,74-611 HALE MAKAI PL,KAILUA-KONA,HI,96740,COUNTY,OPEN,-999,2020-04-22
10000127,MAUI COMMUNITY CORRECTIONAL CENTER,600 WAIALE DR,WAILUKU,HI,96793,STATE,OPEN,301,2024-02-12
10006950,MAUI POLICE DEPARTMENT JAIL/JUVENILE DTENTION,55 MAHALANI ST,WAILUKU,HI,96793,LOCAL,OPEN,-999,2020-04-22
10003690,HAWAII YOUTH CORRECTIONAL FACILITY,42-477 KALANIANAOLE HIGHWAY,KAILUA,HI,96734,STATE,OPEN,30,2024-02-21
10000126,WOMEN'S COMMUNITY CORRECTIONAL CENTER,42-477 KALANIANAOLE HWY,KAILUA,HI,96734,STATE,OPEN,260,2024-02-12
10006936,HALE HO'OMALU (KAPOLEI) JUVENILE DETENTION FACILITY,287 KAMOKILA BLVD,KAPOLEI,HI,96707,STATE,OPEN,-999,2024-02-21
10001191,WAIAWA CORRECTIONAL FACILITY,94-560 KAMEHAMEHA HWY,WAIPAHU,HI,96797,STATE,OPEN,334,2024-02-12
10006948,HONOLULU POLICE DEPARTMENT,801 SOUTH BERETANIA STREET,HONOLULU,HI,96813,LOCAL,OPEN,-999,2020-04-22
10006935,FAMILY COURT DETENTION FACILITY,902 ALDER ST,HONOLULU,HI,96814,STATE,NOT AVAILABLE,-999,2024-02-21
10003691,OAHU COMMUNITY CORRECTIONAL CENTER,2199 KAMEHAMEHA HIGHWAY,HONOLULU,HI,96819,STATE,OPEN,954,2024-02-12
10000124,HALAWA CORRECTIONAL FACILITY,99-902 MOANALUA RD,AIEA,HI,96701,STATE,OPEN,992,2024-02-12
10000123,FDC HONOLULU,351 ELLIOTT ST,HONOLULU,HI,96819,FEDERAL,OPEN,-999,2016-02-16
10003692,KAUAI COMMUNITY CORRECTIONAL CENTER,3-5351 KUHIO HIGHWAY,LIHUE,HI,96766,STATE,OPEN,128,2024-02-12
10006978,KAUAI POLICE DEPARTMENT,3990 KAANA STREET,LIHUE,HI,96766,COUNTY,OPEN,-999,2020-04-22
10005274,MENDOCINO COUNTY JUVENILE HALL,585 LOW GAP ROAD,UKIAH,CA,95482,COUNTY,OPEN,40,2018-02-12
10002311,MENDOCINO COUNTY JAIL / SHERIFF,951 LOW GAP ROAD,UKIAH,CA,95482,COUNTY,OPEN,-999,2018-02-12
10005273,"CHAMBERLAIN CREEK CONSERVATION CAMP #17",15800 STATE HIGHWAY 20,FORT BRAGG,CA,95437,STATE,OPEN,-999,2015-12-31
10005272,"PARLIN FORK CONSERVATION CAMP #6",23000 STATE HIGHWAY 20,FORT BRAGG,CA,95437,STATE,OPEN,100,2017-10-26
10005275,"VALLEY VIEW CONSERVATION CAMP #34",3339 COUNTY ROAD 307,ELK CREEK,CA,95939,STATE,OPEN,115,2015-12-31
10005267,"SALT CREEK CONSERVATION CAMP #7",10655 ROUND VALLEY ROAD,PASKENTA,CA,96074,STATE,OPEN,-999,2017-10-26
10005266,TEHAMA COUNTY JAIL,502 OAK STREET,RED BLUFF,CA,96080,COUNTY,OPEN,227,2018-02-16
10006441,CURTIS E WETTER JUVENILE HALL,1740 WALNUT ST,RED BLUFF,CA,96080,COUNTY,CLOSED,-999,2003-11-04
10005268,TEHAMA COUNTY JUVENILE DETENTION FACILITY,1790 WALNUT STREET,RED BLUFF,CA,96080,COUNTY,OPEN,-999,2020-05-28
10005264,"ISHI CONSERVATION CAMP #18",30500 PLUM CREEK ROAD,PAYNES CREEK,CA,96075,STATE,OPEN,-999,2015-11-01
10002312,GLENN COUNTY JAIL,141 SOUTH LASSEN STREET,WILLOWS,CA,95988,COUNTY,OPEN,-999,2018-02-09
10005276,JANE HAHN JUVENILE HALL,306 NORTH VILLA AVENUE,WILLOWS,CA,95988,COUNTY,CLOSED,-999,2018-02-19
10000776,LEO CHESNEY COMMUNITY CORRECTIONAL FACILITY,2800 APRICOT ST,LIVE OAK,CA,95953,STATE,CLOSED,-999,2015-11-01
10005286,COLUSA COUNTY JAIL,929 BRIDGE STREET,COLUSA,CA,95932,COUNTY,OPEN,92,2018-02-08
10005282,"KONOCTI CONSERVATION CAMP #27",8275 SOUTH STATE HIGHWAY 29,LOWER LAKE,CA,95457,STATE,OPEN,-999,2016-05-25
10005280,LAKE COUNTY HILL ROAD JAIL,4913 HELBUSH DRIVE,LAKEPORT,CA,95453,COUNTY,OPEN,297,2018-02-09
10005281,LAKE COUNTY JUVENILE HOME,1111 WHALEN WAY,LAKEPORT,CA,95453,COUNTY,CLOSED,-999,2015-10-09
10002321,SONOMA COUNTY MAIN ADULT DETENTION FACILITY,2777 VENTURA AVENUE,SANTA ROSA,CA,95403,COUNTY,OPEN,1473,2018-02-16
10005294,SONOMA COUNTY PROBATION CAMP,7400 STEVE OLSEN LANE,FORESTVILLE,CA,95436,COUNTY,OPEN,24,2018-02-16
10002320,NORTH COUNTY DETENTION FACILITY,2254 ORDINANCE ROAD,SANTA ROSA,CA,95403,COUNTY,OPEN,-999,2018-02-16
10005292,SONOMA COUNTY SIERRA YOUTH CENTER,538 ELIZA WAY,SANTA ROSA,CA,95409,COUNTY,CLOSED,22,2018-02-16
10005293,SONOMA COUNTY JUVENILE HALL,7425 RANCHO LOS GUILICOS ROAD,SANTA ROSA,CA,95409,COUNTY,OPEN,-999,2018-02-16
10000777,SUTTER COUNTY JAIL,1077 CIVIC CENTER BOULEVARD,YUBA CITY,CA,95993,COUNTY,OPEN,352,2016-02-15
10002316,YOLO COUNTY JUVENILE DETENTION FACILITY,2880 E GIBSON RD,WOODLAND,CA,95776,COUNTY,OPEN,-999,2018-02-19
10002318,WALTER J LEINBERGER MEMORIAL CENTER,2420 EAST GIBSON ROAD,WOODLAND,CA,95776,COUNTY,NOT AVAILABLE,-999,2018-02-19
10002317,YOLO COUNTY MONROE DETENTION CENTER,2420 EAST GIBSON ROAD,WOODLAND,CA,95776,COUNTY,OPEN,-999,2018-02-19
10005291,NAPA COUNTY JUVENILE JUSTICE CENTER,212 WALNUT STREET,NAPA,CA,94559,COUNTY,OPEN,50,2018-02-12
10002319,NAPA COUNTY JAIL,1125 3RD STREET,NAPA,CA,94559,COUNTY,OPEN,264,2018-02-12
10005297,SOLANO COUNTY JUVENILE DETENTION FACILITY,740 BECK AVENUE,FAIRFIELD,CA,94533,COUNTY,OPEN,-999,2016-02-15
10000788,SOLANO COUNTY JUSTICE CENTER DETENTION FACILITY,500 UNION AVENUE,FAIRFIELD,CA,94533,COUNTY,OPEN,-999,2018-02-16
10006711,SOLANO COUNTY STANTON CORRECTIONAL FACILITY,2450 CLAYBANK ROAD,FAIRFIELD,CA,94533,COUNTY,OPEN,-999,2018-02-16
10000787,SOLANO COUNTY CLAYBANK DETENTION FACILITY,2500 CLAYBANK ROAD,FAIRFIELD,CA,94533,COUNTY,OPEN,-999,2018-02-16
10000785,CALIFORNIA MEDICAL FACILITY (CMF),1600 CALIFORNIA DRIVE,VACAVILLE,CA,95696,STATE,OPEN,-999,2017-10-18
10002323,"CALIFORNIA STATE PRISON, SOLANO (SOL)",2100 PEABODY ROAD,VACAVILLE,CA,95687,STATE,OPEN,-999,2017-10-18
10000786,"DELTA CONSERVATION CAMP #8",6246 LAMBIE ROAD,SUISUN CITY,CA,94585,STATE,OPEN,-999,2016-04-01
10006699,JOHN A. DAVIS JUVENILE HALL,202 GLACIER DRIVE,MARTINEZ,CA,94553,COUNTY,OPEN,270,2018-02-08
10006489,CONCORD JAIL,1350 GALINDO STREET,CONCORD,CA,94520,LOCAL,OPEN,-999,2018-05-25
10002326,MARTINEZ DETENTION FACILITY,901 COURT STREET,MARTINEZ,CA,94553,COUNTY,OPEN,-999,2018-02-08
10002325,WEST COUNTY DETENTION FACILITY,5555 GIANT HIGHWAY,RICHMOND,CA,94806,COUNTY,OPEN,1096,2018-02-08
10006906,BERKELEY JAIL FACILITY,2100 MARTIN LUTHER KING JR WAY,BERKELEY,CA,94704,LOCAL,OPEN,20,2018-05-16
10000791,MARIN COUNTY JUVENILE HALL,16 JEANNETTE PRANDI WAY,SAN RAFAEL,CA,94903,COUNTY,OPEN,-999,2016-02-15
10001524,MARIN COUNTY JAIL,13 PETER BEHR DRIVE,SAN RAFAEL,CA,94903,COUNTY,OPEN,-999,2018-02-09
10000790,SAN QUENTIN STATE PRISON (SQ),MAIN STREET,SAN QUENTIN,CA,94964,STATE,OPEN,3082,2017-10-18
10000818,MONTEREY COUNTY JAIL / REHABILITATION FACILITY,1410 NATIVIDAD ROAD,SALINAS,CA,93906,COUNTY,OPEN,-999,2018-02-12
10000819,MONTEREY COUNTY JUVENILE HALL,1420 NATIVIDAD ROAD,SALINAS,CA,93906,COUNTY,OPEN,114,2016-02-15
10000816,ROUNTREE LANE MINIMUM SECURITY FACILITY,100 ROUNTREE LANE,WATSONVILLE,CA,95076,COUNTY,CLOSED,-999,2010-04-01
10005321,SANTA CRUZ ROUNTREE MEDIUM SECURITY FACILITY,90 ROUNTREE LANE,WATSONVILLE,CA,95076,COUNTY,OPEN,94,2013-10-08
10005317,WILLIAM F. JAMES RANCH,19050 MALAGUERRA AVENUE,MORGAN HILL,CA,95037,COUNTY,OPEN,-999,2018-02-16
10005318,MURIEL WRIGHT RESIDENTIAL CENTER,298 BERNAL ROAD,SAN JOSE,CA,95119,COUNTY,CLOSED,-999,2013-07-26
10001528,SANTA CRUZ BLAINE STREET FACILITY,141 BLAINE STREET,SANTA CRUZ,CA,95060,COUNTY,OPEN,-999,2016-02-15
10001529,SANTA CRUZ COUNTY MAIN JAIL,259 WATER STREET,SANTA CRUZ,CA,95060,COUNTY,OPEN,-999,2013-10-08
10000815,SANTA CRUZ COUNTY JUVENILE HALL,3650 GRAHAM HILL RD,FELTON,CA,95018,COUNTY,OPEN,-999,2018-02-16
10000814,"BEN LOMOND CONSERVATION CAMP #45",13575 EMPIRE GRADE ROAD,SANTA CRUZ,CA,95060,STATE,OPEN,-999,2017-10-25
10000805,"SAN FRANCISCO COUNTY JAIL #3",1 MORELAND DRIVE,SAN BRUNO,CA,94066,COUNTY,OPEN,768,2018-02-13
10001526,"SAN FRANCISCO COUNTY JAIL #2 ANNEX",850 BRYANT STREET,SAN FRANCISCO,CA,94103,COUNTY,OPEN,-999,2018-02-13
10001525,"SAN FRANCISCO COUNTY JAIL #2",425 7TH STREET,SAN FRANCISCO,CA,94103,COUNTY,OPEN,392,2018-02-13
10005307,SAN FRANCISCO GENERAL HOSPITAL WARD 7D / 7L,1001 POTRERO AVENUE,SAN FRANCISCO,CA,94110,COUNTY,OPEN,23,2016-02-15
10005302,GLENN E DYER DETENTION FACILITY,550 6TH STREET,OAKLAND,CA,94607,COUNTY,CLOSED,-999,2018-02-08
10005301,ALAMEDA CITY JAIL,1555 OAK STREET,ALAMEDA,CA,94501,LOCAL,CLOSED,-999,2018-05-16
10006698,CAMP WILMONT SWEENEY,2600 FAIRMONT DR,SAN LEANDRO,CA,94578,COUNTY,OPEN,50,2018-02-08
10006904,HAYWARD DETENTION FACILITY,300 W WINTON AVE,HAYWARD,CA,94544,LOCAL,OPEN,30,2018-05-16
10005309,MAGUIRE CORRECTIONAL FACILITY,300 BRADFORD STREET,REDWOOD CITY,CA,94063,COUNTY,OPEN,-999,2018-02-13
10006230,TRANSITIONAL FACILITIES,1300 MAPLE STREET,REDWOOD CITY,CA,94063,COUNTY,OPEN,-999,2018-02-16
10006709,MAPLE STREET CORRECTIONAL CENTER,1300 MAPLE STREET,REDWOOD CITY,CA,94063,COUNTY,OPEN,-999,2016-08-12
10005316,SUNNYVALE DEPARTMENT OF PUBLIC SAFETY,700 ALL AMERICA WAY,SUNNYVALE,CA,94086,LOCAL,OPEN,7,2020-05-28
10005304,FREMONT DETENTION FACILITY,1990 STEVENSON BOULEVARD,FREMONT,CA,94538,LOCAL,OPEN,96,2018-05-16
10002333,ELMWOOD CORRECTIONAL COMPLEX,701 SOUTH ABEL STREET,MILPITAS,CA,95035,COUNTY,OPEN,2600,2018-02-16
10005314,SANTA CLARA COUNTY JUVENILE HALL,840 GUADALUPE PARKWAY,SAN JOSE,CA,95110,COUNTY,OPEN,-999,2018-02-16
10006232,SANTA CLARA COUNTY MAIN JAIL COMPLEX (SOUTH),150 WEST HEDDING STREET,SAN JOSE,CA,95110,COUNTY,OPEN,-999,2018-02-16
10005315,SANTA CLARA COUNTY MAIN JAIL COMPLEX (NORTH),150 WEST HEDDING STREET,SAN JOSE,CA,95110,COUNTY,OPEN,919,2018-02-16
10005303,FCI DUBLIN,5701 8TH STREET,DUBLIN,CA,94568,FEDERAL,OPEN,-999,2016-02-16
10002330,FCI DUBLIN CAMP,5701 8TH STREET,DUBLIN,CA,94568,FEDERAL,OPEN,-999,2016-02-16
10002331,SANTA RITA JAIL,5325 BRODER BOULEVARD,DUBLIN,CA,94568,COUNTY,OPEN,-999,2018-02-08
10002324,MARSH CREEK DETENTION FACILITY,12000 MARSH CREEK ROAD,CLAYTON,CA,94517,COUNTY,OPEN,154,2018-02-08
10006700,ORIN ALLEN YOUTH REHABILITATION FACILITY,4491 BIXLER ROAD,BYRON,CA,94514,COUNTY,CLOSED,-999,2018-02-08
10000797,SAN JOAQUIN COUNTY JUVENILE HALL,575 WEST MATHEWS ROAD,FRENCH CAMP,CA,95231,COUNTY,OPEN,90,2016-02-15
10000798,SAN JOAQUIN COUNTY JAIL,7000 MICHAEL N CANLIS BOULEVARD,FRENCH CAMP,CA,95231,COUNTY,OPEN,1550,2018-02-13
10000795,SAN JOAQUIN COUNTY JAIL (HONOR FARM),535 W MATHEWS RD,FRENCH CAMP,CA,95231,COUNTY,OPEN,-999,2018-02-13
10000794,DEUEL VOCATIONAL INSTITUTION (DVI),23500 KASSON ROAD,TRACY,CA,95304,STATE,CLOSED,-999,2017-10-18
10002327,STANISLAUS COUNTY HONOR FARM,8224 W GRAYSON RD,MODESTO,CA,95358,STATE,CLOSED,-999,2015-11-01
10002329,STANISLAUS COUNTY JUVENILE HALL AND COMMITMENT FACILITY,2215 BLUE GUM AVE,MODESTO,CA,95358,COUNTY,OPEN,-999,2016-02-15
10005300,STANISLAUS COUNTY MEN'S JAIL,1115 H STREET,MODESTO,CA,95354,COUNTY,OPEN,-999,2018-02-16
10000793,O.H.CLOSE YOUTH CORRECTIONAL FACILITY,7650 SOUTH NEWCASTLE ROAD,STOCKTON,CA,95213,STATE,OPEN,192,2017-09-06
10000796,N.A. CHADERJIAN YOUTH CORRECTIONAL FACILITY,7650 SOUTH NEWCASTLE ROAD,STOCKTON,CA,95215,STATE,CLOSED,-999,2017-09-06
10000800,KARL HOLTON YOUTH CORRECTIONAL FACILITY,7650 S NEWCASTLE RD,STOCKTON,CA,95213,STATE,CLOSED,-999,2017-10-26
10000799,CALIFORNIA HEALTH CARE FACILITY (CHCF),7707 AUSTIN ROAD,STOCKTON,CA,95215,STATE,OPEN,-999,2017-10-18
10000792,NORTHERN CALIFORNIA WOMEN'S FACILITY,7150 E ARCH RD,STOCKTON,CA,95205,STATE,CLOSED,-999,2015-11-01
10005298,CALAVERAS COUNTY JAIL,1045 JEFF TUTTLE DR,SAN ANDREAS,CA,95249,COUNTY,OPEN,-999,2018-02-08
10005299,"VALLECITO CONSERVATION CAMP #1",3225 SIX MILE ROAD,ANGELS CAMP,CA,95222,STATE,OPEN,100,2017-09-19
10001523,TUOLUMNE COUNTY JAIL,175 YANEY AVENUE,SONORA,CA,95370,COUNTY,OPEN,-999,2018-02-16
10001522,SIERRA CONSERVATION CENTER (SCC),5100 O'BYRNES FERRY ROAD,JAMESTOWN,CA,95327,STATE,OPEN,3936,2017-10-18
10000789,"BASELINE CONSERVATION CAMP #30",16809 PEORIA FLAT ROAD,JAMESTOWN,CA,95327,STATE,OPEN,119,2017-09-19
10000807,MERCED COUNTY JAIL,700 WEST 22ND STREET,MERCED,CA,95340,COUNTY,OPEN,-999,2018-02-12
10000809,IRIS GARRETT JUVENILE JUSTICE COMPLEX,2840 WEST SANDY MUSH ROAD,MERCED,CA,95341,COUNTY,OPEN,-999,2016-02-15
10000808,JOHN LATORRACA CORRECTIONAL FACILITY,2584 WEST SANDY MUSH ROAD,EL NIDO,CA,95317,COUNTY,OPEN,-999,2018-02-12
10000806,USP ATWATER,1 FEDERAL WAY,ATWATER,CA,95301,FEDERAL,OPEN,-999,2016-02-16
10006194,USP ATWATER CAMP,1 FEDERAL WAY,ATWATER,CA,95301,FEDERAL,OPEN,-999,2016-02-16
10006712,STANISLAUS COUNTY PUBLIC SAFETY CENTER UNIT 1 AND UNIT 2,200 EAST HACKETT RD,MODESTO,CA,95358,COUNTY,OPEN,392,2018-02-16
10002328,STANISLAUS COUNTY PUBLIC SAFETY CENTER,200 E HACKETT RD,MODESTO,CA,95358,COUNTY,OPEN,918,2018-02-16
10005322,SAN BENITO COUNTY JAIL,710 FLYNN ROAD,HOLLISTER,CA,95024,COUNTY,OPEN,124,2018-02-12
10006231,SAN BENITO COUNTY JUVENILE HALL,708 FLYNN ROAD,HOLLISTER,CA,95023,COUNTY,OPEN,-999,2018-02-12
10000820,MONTEREY COUNTY YOUTH CENTER,970 CIRCLE DR,SALINAS,CA,93905,COUNTY,OPEN,85,2016-02-15
10000821,SALINAS VALLEY STATE PRISON (SVSP),31625 HIGHWAY 101,SOLEDAD,CA,93960,STATE,OPEN,2452,2017-10-18
10000822,"GABILAN CONSERVATION CAMP #38",31801 MCCOY RD,SOLEDAD,CA,93960,STATE,OPEN,-999,2017-09-19
10000817,CORRECTIONAL TRAINING FACILITY (CTF),SOLEDAD PRISON ROAD,SOLEDAD,CA,93960,STATE,OPEN,-999,2017-10-18
10002332,CLAREMONT CUSTODY CENTER,185 WEST GALE AVENUE,COALINGA,CA,93210,STATE,CLOSED,-999,2015-11-01
10000810,PLEASANT VALLEY STATE PRISON(PVSP),24863 WEST JAYNE AVENUE,COALINGA,CA,93210,STATE,OPEN,2308,2017-10-18
10006531,DEPARTMENT OF STATE HOSPITALS - COALINGA,24511 WEST JAYNE AVENUE,COALINGA,CA,93210,STATE,OPEN,1286,2016-11-07
10006180,FCI MENDOTA CAMP,33500 WEST CALIFORNIA AVENUE,MENDOTA,CA,93640,FEDERAL,OPEN,-999,2016-02-16
10006179,FCI MENDOTA,33500 WEST CALIFORNIA AVENUE,MENDOTA,CA,93640,FEDERAL,OPEN,-999,2016-02-16
10000802,VALLEY STATE PRISON (VSP),21633 AVENUE 24,CHOWCHILLA,CA,93610,STATE,OPEN,1980,2017-10-18
10000801,CENTRAL CALIFORNIA WOMEN'S FACILITY (CCFW),23370 ROAD 22,CHOWCHILLA,CA,93610,STATE,OPEN,2004,2017-10-18
10000804,MADERA COUNTY JUVENILE HALL,28281 AVENUE 14,MADERA,CA,93638,COUNTY,OPEN,50,2020-05-28
10005308,MADERA ADULT CORRECTIONAL FACILITY,195 TOZER ST,MADERA,CA,93638,COUNTY,OPEN,-999,2018-02-09
10000803,MADERA COUNTY JUVENILE DETENTION FACILITY,1655 E OLIVE AVE,MADERA,CA,93638,COUNTY,OPEN,-999,2018-02-09
10000813,FRESNO COUNTY JAIL SATELLITE,110 M ST,FRESNO,CA,93721,COUNTY,CLOSED,200,2016-02-15
10000812,FRESNO COUNTY COURT SCHOOL,744 S 10TH AVE,FRESNO,CA,93702,LOCAL,CLOSED,-999,2016-02-15
10005313,FRESNO COUNTY JAIL SOUTH ANNEX,2280 FRESNO STREET,FRESNO,CA,93721,COUNTY,OPEN,-999,2017-11-14
10005311,FRESNO COUNTY MAIN DETENTION FACILITY,1225 M STREET,FRESNO,CA,93721,COUNTY,OPEN,-999,2018-02-09
10005312,FRESNO COUNTY JAIL NORTH ANNEX,1265 M STREET,FRESNO,CA,93721,COUNTY,OPEN,-999,2018-02-09
10000826,AVENAL STATE PRISON,1 KINGS WAY,AVENAL,CA,93204,STATE,OPEN,-999,2017-10-18
10005325,KINGS COUNTY JUVENILE DETENTION CENTER,1424 FORUM DRIVE,HANFORD,CA,93230,COUNTY,OPEN,-999,2016-02-15
10000827,KINGS COUNTY JAIL,1570 KINGS COUNTY DRIVE,HANFORD,CA,93230,COUNTY,OPEN,-999,2018-02-09
10005326,KINGS COUNTY BRANCH JAIL,690 EAST DRIVE,HANFORD,CA,93230,COUNTY,CLOSED,-999,2018-02-09
10006702,FRESNO COUNTY JUVENILE JUSTICE CAMPUS,3333 E. AMERICAN,FRESNO,CA,93725,COUNTY,OPEN,-999,2018-02-09
10000811,"MIRAMONTE CONSERVATION CAMP #5",49039 ORCHARD DRIVE,MIRAMONTE,CA,93641,STATE,OPEN,-999,2017-09-19
10002334,TULARE COUNTY PROBATION YOUTH FACILITY,11150 AVENUE 368,VISALIA,CA,93291,COUNTY,OPEN,-999,2018-02-16
10002335,TULARE COUNTY JUVENILE DETENTION FACILITY,11200 AVENUE 368,VISALIA,CA,93291,COUNTY,OPEN,-999,2020-05-28
10002338,BOB WILEY DETENTION FACILITY,36712 ROAD 112,VISALIA,CA,93291,COUNTY,OPEN,-999,2018-02-16
10002337,TULARE COUNTY ADULT PRE-TRIAL FACILITY,36650 ROAD 112,VISALIA,CA,93291,COUNTY,OPEN,-999,2018-02-16
10000823,TULARE COUNTY MEN'S CORRECTIONAL FACILITY,36168  ROAD 112,VISALIA,CA,93291,COUNTY,OPEN,-999,2018-02-16
10002336,TULARE COUNTY JAIL / SHERIFF,2404 WEST BURREL AVENUE,VISALIA,CA,93291,COUNTY,OPEN,264,2018-02-16
10005305,"MOUNT BULLION CONSERVATION CAMP #39",5730 MOUNT BULLION ACCESS ROAD,MARIPOSA,CA,95338,STATE,OPEN,110,2017-09-19
10005306,MARIPOSA COUNTY ADULT DETENTION FACILITY,5379 STATE HIGHWAY 49 NORTH,MARIPOSA,CA,95338,COUNTY,OPEN,-999,2017-12-31
10006704,MARIPOSA COUNTY JUVENILE DETENTION FACILITY,5091 BULLION STREET,MARIPOSA,CA,95338,COUNTY,OPEN,-999,2018-02-09
10005295,MONO COUNTY JAIL,25 EMIGRANT STREET,BRIDGEPORT,CA,93517,COUNTY,OPEN,-999,2018-02-12
10005760,LYON COUNTY DETENTION FACILITY,911 HARVEY WAY,YERINGTON,NV,89447,COUNTY,OPEN,-999,2018-04-09
10006834,TEURMAN HALL YOUTH DETENTION FACILITY,335 N. BROADWAY STREET,FALLON,NV,89406,COUNTY,OPEN,16,2018-04-09
10005759,CHURCHILL COUNTY DETENTION CENTER,180 WEST A STREET,FALLON,NV,89406,COUNTY,OPEN,120,2018-04-09
10002992,WESTERN NEVADA REGIONAL YOUTH CENTER,3550 GRAHAM AVE,SILVER SPRINGS,NV,89429,COUNTY,OPEN,34,2018-04-09
10002001,SILVER SPRINGS CONSERVATION CAMP,4950 SHIRLEE AVE,SILVER SPRINGS,NV,89429,STATE,CLOSED,-999,2020-02-03
10002002,CARSON CITY DETENTION FACILITY,897 E MUSSER ST,CARSON CITY,NV,89701,LOCAL,OPEN,-999,2018-05-18
10005761,STOREY COUNTY JAIL,911 STATE ROUTE 341,VIRGINIA CITY,NV,89440,COUNTY,OPEN,25,2018-04-09
10006613,LAKE'S CROSSING CENTER,500 GALLETTI WAY,SPARKS,NV,89431,STATE,OPEN,-999,2015-11-23
10000260,NORTHERN NEVADA TRANSITIONAL HOUSING,225 SUNSHINE LANE,RENO,NV,89502,STATE,OPEN,112,2016-12-31
10002990,WASHOE COUNTY DETENTION FACILITY,911 PARR BLVD,RENO,NV,89512,MULTI,OPEN,-999,2024-01-12
10003798,JAN EVANS JUVENILE JUSTICE CENTER,650 FERRARI MCLEOD BLVD,RENO,NV,89512,COUNTY,OPEN,-999,2018-04-09
10005287,TAHOE CITY JAIL,2501 NORTH LAKE BOULEVARD,TAHOE CITY,CA,96145,COUNTY,NOT AVAILABLE,-999,2018-02-19
10005289,EL DORADO COUNTY JAIL - SOUTH LAKE TAHOE,1051 AL TAHOE BOULEVARD,SOUTH LAKE TAHOE,CA,96150,COUNTY,OPEN,-999,2018-02-08
10006440,SOUTH LAKE JUVENILE TREATMENT CENTER,1041 AL TAHOE BOULEVARD,SOUTH LAKE TAHOE,CA,96150,COUNTY,OPEN,40,2018-02-08
10005765,DOUGLAS COUNTY LAKE TAHOE JAIL / YOUTH CENTER,175 US HWY 50,STATELINE,NV,89449,COUNTY,NOT AVAILABLE,-999,2018-04-09
10002993,MURPHY BERNARDINI REGIONAL JUVENILE JUSTICE CENTER,1545 E 5TH ST,CARSON CITY,NV,89701,LOCAL,OPEN,18,2018-05-18
10002995,WARM SPRINGS CORRECTIONAL CENTER,3301 E 5TH ST,CARSON CITY,NV,89701,STATE,OPEN,532,2016-12-31
10002994,NEVADA STATE PRISON,3301 E 5TH ST,CARSON CITY,NV,89701,STATE,CLOSED,841,2020-02-03
10002997,STEWART CONSERVATION CAMP,1721 SNYDER AVE,CARSON CITY,NV,89702,STATE,OPEN,360,2016-12-31
10002996,NORTHERN NEVADA CORRECTIONAL CENTER,1721 E SNYDER AVE,CARSON CITY,NV,89701,STATE,OPEN,1619,2016-12-31
10002999,DOUGLAS COUNTY MAIN JAIL,1038 BUCKEYE ROAD,MINDEN,NV,89423,COUNTY,OPEN,-999,2018-04-09
10006701,PLACERVILLE JUVENILE HALL,299 FAIR LANE,PLACERVILLE,CA,95667,COUNTY,CLOSED,-999,2018-02-08
10005288,EL DORADO COUNTY JAIL - PLACERVILLE,300 FORNI ROAD,PLACERVILLE,CA,95667,COUNTY,OPEN,-999,2018-02-08
10000784,PINE GROVE CONSERVATION CAMP,13630 AQUEDUCT VOLCANO ROAD,PINE GROVE,CA,95665,STATE,OPEN,80,2017-09-06
10005296,AMADOR COUNTY JAIL,700 COURT STREET,JACKSON,CA,95642,COUNTY,OPEN,76,2018-02-08
10000783,PRESTON YOUTH CORRECTIONAL FACILITY,201 WATERMAN ROAD,IONE,CA,95640,STATE,CLOSED,-999,2015-11-01
10000782,MULE CREEK STATE PRISON (MCSP),4001 STATE HIGHWAY 104,IONE,CA,95640,STATE,OPEN,3284,2017-10-18
10000779,RIO COSUMNES CORRECTIONAL CENTER,12500 BRUCEVILLE ROAD,ELK GROVE,CA,95757,COUNTY,OPEN,-999,2018-02-12
10006707,SACRAMENTO COUNTY YOUTH DETENTION FACILITY,9601 KIEFER BOULEVARD,SACRAMENTO,CA,95827,COUNTY,OPEN,-999,2018-02-12
10000778,SACRAMENTO COUNTY MAIN JAIL,651 I STREET,SACRAMENTO,CA,95814,COUNTY,OPEN,-999,2018-02-12
10000781,SACRAMENTO COUNTY WORK RELEASE,700 N 5TH ST,SACRAMENTO,CA,95814,COUNTY,OPEN,-999,2016-02-15
10000780,FOLSOM STATE PRISON (FSP),300 PRISON ROAD,REPRESA,CA,95671,STATE,OPEN,2066,2017-10-18
10002322,"CALIFORNIA STATE PRISON, SACRAMENTO (SAC)",100 PRISON ROAD,REPRESA,CA,95671,STATE,OPEN,-999,2017-10-18
10006530,FOLSOM WOMEN'S FACILITY (FWF),570 E NATOMA ST,REPRESA,CA,95671,STATE,OPEN,523,2017-10-18
10006439,PLACER COUNTY JUVENILE DETENTION CENTER,11260 B AVENUE,AUBURN,CA,95603,COUNTY,OPEN,-999,2018-02-12
10002314,PLACER COUNTY JAIL,2775 RICHARDSON DRIVE,AUBURN,CA,95603,COUNTY,OPEN,486,2018-02-12
10002315,PLACER COUNTY MINIMUM SECURITY JAIL,11441 F AVE,AUBURN,CA,95603,COUNTY,CLOSED,390,2018-02-12
10006706,SOUTH PLACER JAIL,11801 GO FOR BROKE ROAD,ROSEVILLE,CA,95678,COUNTY,OPEN,-999,2018-02-12
10002313,YUBA COUNTY JAIL,215 5TH ST,MARYSVILLE,CA,95901,COUNTY,OPEN,428,2018-02-19
10005279,MAXINE SINGER YOUTH GUIDANCE CENTER,1023 14TH ST,MARYSVILLE,CA,95901,COUNTY,OPEN,48,2016-02-15
10005278,YUBA - SUTTER COUNTY JUVENILE HALL,1023 14TH STREET,MARYSVILLE,CA,95901,COUNTY,OPEN,60,2018-02-19
10005283,"WASHINGTON RIDGE CONSERVATION CAMP #44",11425 CONSERVATION CAMP ROAD,NEVADA CITY,CA,95959,STATE,OPEN,100,2013-07-25
10006705,CARL F. BRYAN II JUVENILE HALL,15434 STATE HIGHWAY 49,NEVADA CITY,CA,95959,COUNTY,OPEN,-999,2018-02-12
10005284,WAYNE BROWN CORRECTIONAL FACILITY,925 MAIDU AVENUE,NEVADA CITY,CA,95959,COUNTY,OPEN,-999,2018-02-12
10005290,"GROWLERSBURG CONSERVATION CAMP #33",5440 LONGVIEW LANE,GEORGETOWN,CA,95634,STATE,OPEN,-999,2017-09-19
10000772,HERLONG FCI,741-925 ACCESS RD A-25,HERLONG,CA,96113,FEDERAL,OPEN,-999,2016-02-16
10005277,SIERRA COUNTY JAIL TEMPORARY HOLDING FACILITY,100 COURTHOUSE SQUARE,DOWNIEVILLE,CA,95936,COUNTY,OPEN,-999,2018-02-16
10005270,BUTTE COUNTY JUVENILE HALL,41 COUNTY CENTER DRIVE,OROVILLE,CA,95965,COUNTY,OPEN,60,2016-02-15
10005271,BUTTE COUNTY JAIL,5 GILLICK WAY,OROVILLE,CA,95965,COUNTY,OPEN,614,2018-02-08
10005269,PLUMAS COUNTY CORRECTIONAL FACILITY,50 ABERNATHY LANE,QUINCY,CA,95971,COUNTY,OPEN,-999,2018-02-12
10000775,LASSEN COUNTY ADULT DETENTION FACILITY,1415 SHERIFF CADY LANE,SUSANVILLE,CA,96130,COUNTY,OPEN,156,2018-02-09
10005262,LASSEN COUNTY JUVENILE DETENTION FACILITY,477-060 SHERIFF CADY LANE,SUSANVILLE,CA,96130,COUNTY,OPEN,-999,2016-02-15
10000773,CALIFORNIA CORRECTIONAL CENTER (CCC),711-045 CENTER ROAD,SUSANVILLE,CA,96127,STATE,NOT AVAILABLE,-999,2017-10-18
10002310,HIGH DESERT STATE PRISON (HDSP),475-750 RICE CANYON ROAD,SUSANVILLE,CA,96127,STATE,OPEN,-999,2017-10-18
10005263,"ANTELOPE CONSERVATION CAMP #25",711-045 CENTER ROAD,SUSANVILLE,CA,96127,STATE,OPEN,-999,2015-12-31
10005261,HERLONG FCI CAMP,741-925 ACCESS RD A-25,HERLONG,CA,96113,FEDERAL,OPEN,-999,2016-02-16
10002989,HUMBOLDT COUNTY DETENTION CENTER,801 FAIRGROUND RD,WINNEMUCCA,NV,89445,COUNTY,OPEN,-999,2018-04-09
10005755,HUMBOLDT COUNTY JUVENILE SERVICES,737 E FAIRGROUNDS RD,WINNEMUCCA,NV,89445,COUNTY,OPEN,-999,2018-04-09
10002988,HUMBOLDT CONSERVATION CAMP,8105 CONSERVATION RD,WINNEMUCCA,NV,89446,STATE,OPEN,152,2016-12-31
10002991,LOVELOCK CORRECTIONAL CENTER,1200 PRISON RD,LOVELOCK,NV,89419,STATE,OPEN,1680,2016-12-31
10006835,PERSHING COUNTY JAIL / SHERIFF,395 9TH ST,LOVELOCK,NV,89419,COUNTY,OPEN,-999,2018-04-09
10002987,CARLIN CONSERVATION CAMP,124 SUZIE CREEK RD,CARLIN,NV,89822,STATE,OPEN,150,2016-12-31
10000259,NEVADA YOUTH TRAINING CENTER,100 YOUTH CENTER DRIVE,ELKO,NV,89803,STATE,OPEN,160,2017-12-12
10001313,ELKO COUNTY JUVENILE DETENTION CENTER,665 W SILVER ST,ELKO,NV,89801,COUNTY,OPEN,24,2018-04-09
10001314,ELKO COUNTY JAIL,775 W SILVER ST,ELKO,NV,89801,COUNTY,OPEN,-999,2018-04-09
10005756,LANDER COUNTY JAIL,2 STATE ROUTE 305,BATTLE MOUNTAIN,NV,89820,COUNTY,OPEN,-999,2018-04-09
10000258,WELLS CONSERVATION CAMP,HC 67-50,WELLS,NV,89835,STATE,OPEN,150,2016-12-31
10003799,ELY STATE PRISON,4569 N STATE ROUTE 490,ELY,NV,89301,STATE,OPEN,1183,2016-12-31
10003800,ELY CONSERVATION CAMP,HC 10 BOX 10813,ELY,NV,89301,STATE,CLOSED,-999,2016-12-31
10005758,WHITE PINE COUNTY JAIL,1785 GREAT BASIN BLVD,ELY,NV,89301,COUNTY,OPEN,-999,2018-04-09
10003481,BEAVER COUNTY JAIL,2270 S 525 W,BEAVER,UT,84713,COUNTY,OPEN,-999,2018-05-02
10003486,SOUTHWEST UTAH YOUTH CENTER,270 EAST 1600 NORTH,CEDAR CITY,UT,84721,STATE,OPEN,-999,2020-02-20
10003485,IRON COUNTY JAIL,2136 N MAIN,CEDAR CITY,UT,84721,COUNTY,OPEN,-999,2018-05-02
10003000,CALIENTE YOUTH CENTER,500 YOUTH CENTER DRIVE,CALIENTE,NV,89008,STATE,OPEN,140,2017-12-12
10003001,LINCOLN COUNTY DETENTION CENTER,225 JUSTICE WAY,PIOCHE,NV,89043,COUNTY,OPEN,-999,2018-04-09
10003002,PIOCHE CONSERVATION CAMP,1 HARDTIMES RD,PIOCHE,NV,89043,STATE,OPEN,238,2016-12-31
10005763,NYE COUNTY JAIL - CENTRAL AREA COMMAND,426 C AVE,BEATTY,NV,89003,COUNTY,OPEN,-999,2018-04-09
10005757,EUREKA COUNTY JAIL,411 N MAIN ST,EUREKA,NV,89316,COUNTY,OPEN,20,2016-02-15
10002998,TONOPAH CONSERVATION CAMP,"HC 76, BOX 8045",TONOPAH,NV,89049,STATE,OPEN,152,2016-12-31
10005762,NYE COUNTY JAIL - NORTH AREA COMMAND,101 RADAR RD,TONOPAH,NV,89049,COUNTY,OPEN,-999,2018-04-09
10005767,MINERAL COUNTY JAIL,"105 S A ST, SUITE 4",HAWTHORNE,NV,89415,COUNTY,OPEN,-999,2018-04-09
10005766,MINERAL COUNTY JUVENILE CENTER,525 W 9TH ST,HAWTHORNE,NV,89415,COUNTY,OPEN,-999,2018-04-09
10005319,"OWENS VALLEY CONSERVATION CAMP #26",2781 SOUTH ROUND VALLEY ROAD,BISHOP,CA,93514,STATE,OPEN,-999,2017-09-19
10005768,ESMERALDA COUNTY JAIL,233 E CROOK AVE,GOLDFIELD,NV,89013,COUNTY,OPEN,-999,2016-03-07
10005320,INYO COUNTY JAIL,550 SOUTH CLAY STREET,INDEPENDENCE,CA,93526,COUNTY,OPEN,-999,2018-02-09
10006703,CAMP ERWIN OWEN,14401 SIERRA WAY,KERNVILLE,CA,93288,COUNTY,OPEN,65,2018-02-09
10001530,CALIFORNIA CORRECTIONAL INSTITUTION (CCI),24900 HWY 202,TEHACHAPI,CA,93561,STATE,OPEN,-999,2017-10-18
10005335,MOJAVE JAIL,1771 STATE HIGHWAY 58,MOJAVE,CA,93501,COUNTY,OPEN,-999,2018-02-19
10002354,MIRA LOMA DETENTION CENTER,45100 60TH STREET WEST,LANCASTER,CA,93536,MULTI,OPEN,-999,2022-05-26
10002357,CHALLENGER MEMORIAL YOUTH CENTER,5300 W AVENUE I,LANCASTER,CA,93536,COUNTY,CLOSED,-999,2012-08-29
10002353,CALIFORNIA STATE PRISON-LOS ANGELES COUNTY (LAC),44750 60TH STREET WEST,LANCASTER,CA,93536,STATE,OPEN,2300,2024-01-22
10006229,CAMP SCUDDER,28750 BOUQUET CYN. RD.,SAUGUS,CA,91350,COUNTY,OPEN,-999,2016-02-15
10000902,"FRANCISQUITO CONSERVATION CAMP #4",35100 NORTH SAN FRANCISQUITO CANYON ROAD,SANTA CLARITA,CA,91390,STATE,OPEN,-999,2017-09-19
10006224,CAMP MENDENHALL,42230 N. LAKE HUGHES RD,LAKE HUGHES,CA,93532,COUNTY,OPEN,-999,2016-02-15
10006223,CAMP MUNZ,42220 N. LAKE HUGHES RD,LAKE HUGHES,CA,93532,COUNTY,OPEN,-999,2016-02-15
10006228,CAMP SCOTT,28700 BOUQUET CYN. RD.,SAUGUS,CA,91350,COUNTY,OPEN,-999,2016-02-15
10000891,PITCHESS DETENTION CENTER-SOUTH,29330 THE OLD ROAD,CASTAIC,CA,91384,COUNTY,OPEN,1536,2018-02-09
10005367,PITCHESS DETENTION CENTER-EAST,29310 THE OLD ROAD,CASTAIC,CA,91384,COUNTY,CLOSED,1944,2018-02-09
10002350,NORTH COUNTY CORRECTIONAL FACILITY,29340 THE OLD ROAD,CASTAIC,CA,91384,COUNTY,OPEN,-999,2018-02-09
10000890,PITCHESS DETENTION CENTER-NORTH,29320 THE OLD ROAD,CASTAIC,CA,91384,COUNTY,OPEN,1648,2013-09-03
10000912,BARRY J NIDORF JUVENILE HALL,16350 FILBERT STREET,SYLMAR,CA,91342,COUNTY,OPEN,-999,2016-02-15
10005369,LAPD FOOTHILL AREA JAIL,12760 OSBORNE STREET,PACOIMA,CA,91331,LOCAL,OPEN,-999,2016-02-15
10006204,"HOLTON CONSERVATION CAMP #16",12653 N. LITTLE TUJUNGA CANYON ROAD,SYLMAR,CA,91342,STATE,OPEN,-999,2017-09-19
10002352,BURBANK CITY JAIL,200 N 3RD ST,BURBANK,CA,91502,LOCAL,OPEN,73,2018-05-16
10005371,LAPD VALLEY JAIL SECTION,6240 SYLMAR AVENUE,VAN NUYS,CA,91401,LOCAL,OPEN,-999,2016-02-15
10005374,LAPD DEVONSHIRE AREA JAIL,10250 ETIWANDA AVENUE,NORTHRIDGE,CA,91325,LOCAL,CLOSED,-999,2016-02-15
10006908,SANTA MONICA JAIL,333 OLYMPIC DRIVE,SANTA MONICA,CA,90401,LOCAL,OPEN,-999,2018-05-16
10006496,REDONDO BEACH JAIL,401 DIAMOND STREET,REDONDO BEACH,CA,90277,LOCAL,OPEN,-999,2018-05-16
10000911,TORRANCE CITY JAIL,3300 CIVIC CENTER DR,TORRANCE,CA,90503,LOCAL,OPEN,-999,2018-05-16
10000899,HAWTHORNE CITY JAIL,12501 S HAWTHORNE BOULEVARD,HAWTHORNE,CA,90250,LOCAL,OPEN,-999,2018-05-16
10005373,LAPD SOUTHWEST AREA JAIL,1546 WEST MARTIN LUTHER KING BOULEVARD,LOS ANGELES,CA,90062,LOCAL,CLOSED,-999,2016-02-15
10005372,LAPD WILSHIRE AREA JAIL,4861 WEST VENICE BOULEVARD,LOS ANGELES,CA,90019,LOCAL,CLOSED,-999,2016-02-15
10006492,CULVER CITY JAIL,4040 DUQUESNE AVENUE,CULVER CITY,CA,90230,LOCAL,OPEN,30,2018-05-25
10005366,PACIFIC AREA COMMUNITY JAIL,12312 CULVER BOULEVARD,LOS ANGELES,CA,90066,LOCAL,OPEN,-999,2016-02-15
10006485,BEVERLY HILLS JAIL,464 N REXFORD DRIVE,BEVERLY HILLS,CA,90210,LOCAL,OPEN,-999,2018-05-25
10005370,LAPD HOLLYWOOD AREA JAIL,1358 NORTH WILCOX AVENUE,LOS ANGELES,CA,90028,LOCAL,OPEN,-999,2016-02-15
10000897,GLENDALE CITY JAIL,131 N ISABEL ST,GLENDALE,CA,91206,LOCAL,OPEN,96,2018-05-15
10006905,PASADENA JAIL,207 N GARFIELD AVENUE,PASADENA,CA,91101,LOCAL,OPEN,-999,2018-05-16
10000895,ALHAMBRA CITY JAIL,211 SOUTH FIRST STREET,ALHAMBRA,CA,91801,LOCAL,OPEN,71,2018-05-16
10000907,MONTEREY PARK CITY JAIL,320 W NEWMARK AVE,MONTEREY PARK,CA,91754,LOCAL,OPEN,-999,2018-05-16
10000894,LOS ANGELES COUNTY SYBIL BRAND INSTITUTE FOR WOMEN,4500 E CITY TERRACE DR,LOS ANGELES,CA,90063,COUNTY,CLOSED,-999,2016-02-15
10000888,MEN'S CENTRAL JAIL,441 BACHET STREET,LOS ANGELES,CA,90012,COUNTY,OPEN,5640,2018-02-09
10000889,INMATE RECEPTION CENTER,450 BAUCHET STREET,LOS ANGELES,CA,90012,COUNTY,OPEN,-999,2018-02-09
10005375,TWIN TOWERS CORRECTIONAL FACILITY,450 BAUCHET STREET,LOS ANGELES,CA,90012,COUNTY,OPEN,2000,2018-02-09
10005368,LAPD METROPOLITAN DETENTION CENTER,180 NORTH LOS ANGELES STREET,LOS ANGELES,CA,90012,LOCAL,OPEN,-999,2016-02-15
10000892,MDC LOS ANGELES,535 NORTH ALAMEDA STREET,LOS ANGELES,CA,90012,FEDERAL,OPEN,-999,2016-02-16
10002355,CENTRAL JUVENILE HALL,1605 EASTLAKE AVENUE,LOS ANGELES,CA,90033,COUNTY,OPEN,-999,2018-02-09
10005365,VERNON CITY JAIL (HOLDING FACILITY),4305 SANTA FE AVENUE,VERNON,CA,90058,LOCAL,OPEN,19,2018-05-16
10006909,HUNTINGTON PARK JAIL,6542 MILES AVE,HUNTINGTON PARK,CA,90255,LOCAL,OPEN,22,2018-05-16
10005364,77TH STREET REGIONAL JAIL,7600 SOUTH BROADWAY,LOS ANGELES,CA,90003,LOCAL,OPEN,-999,2016-02-15
10002356,CENTURY REGIONAL DETENTION CENTER,11705 SOUTH ALAMEDA STREET,LYNWOOD,CA,90262,COUNTY,OPEN,-999,2018-02-09
10000913,LOS PADRINOS JUVENILE HALL,7285 QUILL DRIVE,DOWNEY,CA,90242,COUNTY,CLOSED,-999,2016-02-15
10000896,DOWNEY CITY JAIL,10911 BROOKSHIRE AVE,DOWNEY,CA,90241,LOCAL,OPEN,33,2018-05-16
10006907,SOUTH GATE JAIL,8620 CALIFORNIA AVENUE,SOUTH GATE,CA,90280,LOCAL,OPEN,39,2018-05-16
10002351,BELL CITY JAIL,6326 PINE AVE,BELL,CA,90201,LOCAL,OPEN,-999,2016-02-15
10000914,DOROTHY KIRBY CENTER,1500 S MCDONNELL AVE,COMMERCE,CA,90040,COUNTY,OPEN,-999,2016-02-15
10000906,MONTEBELLO CITY JAIL,1600 W BEVERLY BLVD,MONTEBELLO,CA,90640,LOCAL,OPEN,35,2018-05-16
10006493,EL MONTE JAIL,11333 VALLEY BOULEVARD,EL MONTE,CA,91731,LOCAL,OPEN,-999,2018-05-16
10000910,SOUTHERN YOUTH CORR RECEPTION CENTER / CLINIC,13200 SOUTH BLOOMFIELD AVENUE,NORWALK,CA,90650,STATE,CLOSED,-999,2015-11-01
10006500,WHITTIER JAIL,13200 PENN ST,WHITTIER,CA,90602,LOCAL,OPEN,31,2018-05-16
10000903,FRED C NELLES YOUTH CORRECTIONAL FACILITY,11850 E WHITTIER BLVD,WHITTIER,CA,90601,STATE,CLOSED,-999,2015-11-01
10006313,BALDWIN PARK JAIL,14403 EAST PACIFIC AVENUE,BALDWIN PARK,CA,91706,LOCAL,OPEN,32,2018-05-16
10006499,WEST COVINA JAIL,1444 WEST GARVEY AVENUE,WEST COVINA,CA,91790,LOCAL,OPEN,22,2018-05-16
10006495,MONROVIA JAIL,140 E LIME AVENUE,MONROVIA,CA,91016,LOCAL,OPEN,-999,2018-05-25
10006483,ARCADIA POLICE DEPARTMENT JAIL,250 W HUNTINGTON DRIVE,ARCADIA,CA,91007,LOCAL,OPEN,-999,2018-05-25
10006227,CAMP ROUTH,12500 BIG TUJUNGA CYN. RD.,TUJUNGA,CA,91042,COUNTY,CLOSED,-999,2016-02-15
10000908,MOUNT GLEASON CONSERVATION CAMP,26650 NORTH ANGELES FOREST HIGHWAY,PALMDALE,CA,93550,STATE,CLOSED,-999,2015-11-01
10002349,"ACTON CONSERVATION CAMP #11",8800 SOLEDAD CANYON ROAD,ACTON,CA,93510,STATE,OPEN,-999,2017-09-19
10000901,"FENNER CANYON CONSERVATION CAMP #41",25900 BIG ROCK CREEK ROAD,VALYERMO,CA,93563,STATE,OPEN,136,2017-09-19
10000904,"JULIUS KLEIN CONSERVATION CAMP #19",EAST FORK ROAD,AZUSA,CA,91702,STATE,OPEN,-999,2017-09-19
10000900,CAMP AFFLERBAUGH,6631 N. STEPHENS RANCH ROAD,LA VERNE,CA,91750,COUNTY,OPEN,-999,2016-02-15
10006225,CAMP PAIGE,6601 N. STEPHEN RANCH ROAD,LA VERNE,CA,91750,COUNTY,OPEN,-999,2016-02-15
10000898,GLENDORA CITY JAIL,150 S GLENDORA AVE,GLENDORA,CA,91741,LOCAL,OPEN,-999,2018-05-16
10006484,AZUSA POLICE DEPARTMENT JAIL,725 N ALAMEDA AVENUE,AZUSA,CA,91702,LOCAL,OPEN,40,2018-05-25
10006491,COVINA JAIL,444 N CITRUS AVENUE,COVINA,CA,91723,LOCAL,OPEN,20,2018-05-25
10000909,POMONA CITY JAIL,490 W MISSION BLVD,POMONA,CA,91766,LOCAL,OPEN,-999,2018-05-16
10006226,CAMP ROCKEY,1900 N. SYCAMORE CYN. RD,SAN DIMAS,CA,91773,COUNTY,OPEN,-999,2016-02-15
10006488,CLAREMONT JAIL,570 W BONITA AVE,CLAREMONT,CA,91711,LOCAL,OPEN,18,2018-05-25
10006903,ONTARIO CITY JAIL,2500 SOUTH ARCHIBALD AVENUE,ONTARIO,CA,91761,LOCAL,OPEN,40,2018-05-16
10005332,WEST VALLEY JUVENILE DETENTION CENTER,9478 ETIWANDA AVENUE,RANCHO CUCAMONGA,CA,91739,COUNTY,CLOSED,-999,2010-06-29
10005331,WEST VALLEY DETENTION CENTER,9500 ETIWANDA AVENUE,RANCHO CUCAMONGA,CA,91739,COUNTY,OPEN,3347,2018-02-13
10006316,FONTANA CITY JAIL,17005 UPLAND AVENUE,FONTANA,CA,92335,LOCAL,OPEN,25,2018-05-15
10000835,GLEN HELEN REHABILITATION CENTER,18000 INSTITUTION ROAD,DEVORE,CA,92407,COUNTY,OPEN,1446,2018-02-13
10000834,CENTRAL DETENTION CENTER,630 EAST RIALTO AVENUE,SAN BERNARDINO,CA,92415,COUNTY,OPEN,800,2018-02-13
10005330,REGIONAL YOUTH EDUCATIONAL FACILITY,740 EAST GILBERT STREET,SAN BERNARDINO,CA,92415,COUNTY,OPEN,20,2018-02-13
10005329,CENTRAL VALLEY JUVENILE DETENTION AND ASSESSMENT CENTER,900 EAST GILBERT STREET,SAN BERNARDINO,CA,92415,COUNTY,OPEN,260,2016-02-15
10005328,"PILOT ROCK CONSERVATION FIRE CAMP #15",P.O. BOX 10,CRESTLINE,CA,92325,STATE,OPEN,80,2017-09-19
10000831,FCI VICTORVILLE MEDIUM II,13777 AIR EXPRESSWAY BOULEVARD,VICTORVILLE,CA,92394,FEDERAL,OPEN,-999,2016-02-16
10005327,VICTORVILLE JAIL,14455 CIVIC DRIVE,VICTORVILLE,CA,92392,COUNTY,NOT AVAILABLE,-999,2016-02-15
10000828,HIGH DESERT DETENTION CENTER,9438 COMMERCE WAY,ADELANTO,CA,92301,COUNTY,OPEN,2100,2018-02-13
10000832,FCI VICTORVILLE MEDIUM I,13777 AIR EXPRESSWAY BOULEVARD,VICTORVILLE,CA,92394,FEDERAL,OPEN,-999,2016-02-16
10000830,USP VICTORVILLE,13777 AIR EXPRESSWAY BOULEVARD,VICTORVILLE,CA,92394,FEDERAL,OPEN,-999,2016-02-16
10000833,FCI VICTORVILLE MEDIUM I CAMP,13777 AIR EXPRESSWAY BOULEVARD,VICTORVILLE,CA,92394,FEDERAL,OPEN,-999,2016-02-16
10006310,ADELANTO ICE PROCESSING CENTER,10400 RANCHO ROAD,ADELANTO,CA,92301,FEDERAL,OPEN,1940,2024-01-12
10002340,DESERT VIEW ANNEX,10450 RANCHO ROAD,ADELANTO,CA,92301,FEDERAL,OPEN,700,2024-01-12
10005333,HIGH DESERT JUVENILE DETENTION AND ASSESMENT CENTER,21101 DALE EVANS PARKWAY,APPLE VALLEY,CA,92307,COUNTY,OPEN,260,2018-02-13
10000852,CALIFORNIA CITY CORRECTIONAL CENTER (CAC),22844 VIRGINIA BLVD,CALIFORNIA CITY,CA,93505,STATE,OPEN,-999,2017-10-18
10000829,BAKER COMMUNITY CORRECTIONAL FACILITY,10 LAKEVIEW DR,BAKER,CA,92309,STATE,CLOSED,-999,2015-11-01
10006308,NEVADA SOUTHERN DETENTION CENTER,2190 EAST MESQUITE AVENUE,PAHRUMP,NV,89060,FEDERAL,OPEN,-999,2017-10-09
10005764,NYE COUNTY JAIL - SOUTH AREA COMMAND,1520 E BASIN ROAD,PAHRUMP,NV,89060,MULTI,OPEN,-999,2024-01-12
10003006,THREE LAKES VALLEY CONSERVATION & BOOT CAMP,20825 COLD CREEK RD,INDIAN SPRINGS,NV,89070,STATE,OPEN,384,2016-12-31
10003005,SOUTHERN DESERT CORRECTIONAL CENTER,20825 COLD CREEK RD,INDIAN SPRINGS,NV,89070,STATE,OPEN,2149,2016-12-31
10003004,HIGH DESERT STATE PRISON,22010 COLD CREEK RD,INDIAN SPRINGS,NV,89070,STATE,OPEN,4176,2016-12-31
10003007,SPRING MOUNTAIN YOUTH CAMP,2400 ANGEL PEAK PL,LAS VEGAS,NV,89124,COUNTY,OPEN,100,2018-04-09
10006614,STEIN FORENSIC UNIT,6161 WEST CHARLESTON BLVD,LAS VEGAS,NV,89146,STATE,OPEN,47,2015-11-23
10003009,NORTH LAS VEGAS JUSTICE FACILITY / DETENTION CTR,2332 LAS VEGAS BLVD N,NORTH LAS VEGAS,NV,89030,LOCAL,OPEN,-999,2018-05-18
10003010,CLARK COUNTY FAMILY & JUVENILE COURTS,601 N PECOS RD,LAS VEGAS,NV,89101,COUNTY,OPEN,192,2016-02-15
10002003,CITY OF LAS VEGAS DETENTION CENTER,3300 STEWART AVE,LAS VEGAS,NV,89101,LOCAL,OPEN,-999,2018-05-18
10002004,CLARK COUNTY DETENTION CENTER,330 S CASINO CENTER BLVD,LAS VEGAS,NV,89101,COUNTY,OPEN,-999,2018-04-09
20000040,CASA GRANDE TRANSITIONAL HOUSING,3955 W RUSSELL RD,LAS VEGAS,NV,89118,STATE,OPEN,400,2016-12-31
10003011,HENDERSON DETENTION CENTER,18 E BASIC RD,HENDERSON,NV,89015,MULTI,OPEN,-999,2024-01-12
10003008,SUMMIT VIEW YOUTH CENTER,5730 RANGE RD,LAS VEGAS,NV,89115,STATE,OPEN,48,2017-12-12
10000261,FLORENCE MCCLURE WOMEN'S CORRECTIONAL CENTER,4370 SMILEY RD,LAS VEGAS,NV,89115,STATE,OPEN,950,2016-12-31
10003003,MESQUITE DETENTION CENTER,500 HILLSIDE DR,MESQUITE,NV,89027,LOCAL,OPEN,20,2018-05-18
10003489,PURGATORY CORRECTIONAL FACILITY,750 S 5300 W,HURRICANE,UT,84737,COUNTY,OPEN,-999,2018-05-03
10003488,DIXIE AREA DETENTION CENTER / GATEWAY YOUTH CENTER,330 S 5300 W,HURRICANE,UT,84737,STATE,NOT AVAILABLE,-999,2020-02-20
10003487,CROSS CREEK ACADEMY,180 N STATE ST,LA VERKIN,UT,84745,NOT AVAILABLE,CLOSED,-999,2020-05-28
10003955,HUALAPAI ADULT DETENTION CENTER,924 RODEO WAY,PEACH SPRINGS,AZ,86434,FEDERAL,OPEN,40,2018-02-08
10006697,HUALAPAI JUVENILE DETENTION AND REHABILITATION CENTER,108 HIGH VIEW DR,PEACH SPRINGS,AZ,86434,FEDERAL,OPEN,30,2018-02-08
10003956,MOHAVE COUNTY JUVENILE DETENTION FACILITY,300 WEST ANDY DEVINE AVENUE,KINGMAN,AZ,86402,COUNTY,OPEN,32,2024-03-25
10000596,MOHAVE COUNTY JAIL / DETENTION,501 S HIGHWAY 66,KINGMAN,AZ,86401,COUNTY,OPEN,688,2024-03-25
10003957,ASPC-KINGMAN,4626 WEST ENGLISH DRIVE,GOLDEN VALLEY,AZ,86414,STATE,OPEN,3508,2024-01-30
10003012,JEAN CONSERVATION CAMP,3 PRISON RD,JEAN,NV,89019,STATE,OPEN,240,2016-12-31
10003013,SOUTHERN NEVADA CORRECTIONAL CENTER,1 PRISON RD,JEAN,NV,89019,STATE,CLOSED,500,2020-02-03
10000861,IRONWOOD STATE PRISON (ISP),19005 WILEY'S WELL ROAD,BLYTHE,CA,92225,STATE,OPEN,2200,2017-10-18
10002346,CHUCKAWALLA VALLEY STATE PRISON (CVSP),19025 WILEY'S WELL ROAD,BLYTHE,CA,92225,STATE,OPEN,1738,2024-01-22
10001535,RIVERSIDE COUNTY BLYTHE JAIL,260 NORTH SPRING STREET,BLYTHE,CA,92225,COUNTY,OPEN,-999,2018-02-12
10003963,LA PAZ COUNTY ADULT DETENTION FACILITY,1111 ARIZONA AVENUE,PARKER,AZ,85344,COUNTY,OPEN,-999,2018-02-07
10000605,ASPC-LEWIS,26700 S HWY 85,BUCKEYE,AZ,85326,STATE,OPEN,5983,2024-01-30
10006481,PIMA COUNTY JAIL - AJO DISTRICT,1249 W AJO WELL ROAD,AJO,AZ,85321,COUNTY,OPEN,-999,2024-03-25
10000622,ASPC-YUMA,7125 E CESAR CHAVEZ BLVD,SAN LUIS,AZ,85349,STATE,OPEN,4690,2024-01-30
10006676,SAN LUIS REGIONAL DETENTION CENTER,406 N AVENUE D,SAN LUIS,AZ,85349,MULTI,OPEN,860,2024-02-01
10003979,YUMA COUNTY JUVENILE JUSTICE CENTER,2440 WEST 28TH STREET,YUMA,AZ,85364,COUNTY,OPEN,-999,2018-02-08
10000623,YUMA COUNTY DETENTION CENTER,200 W COURT ST,YUMA,AZ,85364,COUNTY,OPEN,756,2023-12-31
10002347,CALIPATRIA STATE PRISON (CAL),7018 BLAIR ROAD,CALIPATRIA,CA,92233,STATE,OPEN,2308,2017-10-18
10000880,IMPERIAL COUNTY JAIL,328 APPLESTILL ROAD,EL CENTRO,CA,92243,COUNTY,OPEN,876,2017-02-28
10005361,EL CENTRO SERVICE PROCESSING CENTER,1115 NORTH IMPERIAL AVENUE,EL CENTRO,CA,92243,FEDERAL,OPEN,-999,2024-02-05
10006509,IMPERIAL REGIONAL DETENTION FACILITY,1572 GATEWAY ROAD,CALEXICO,CA,92231,FEDERAL,OPEN,782,2024-01-12
10000869,R J DONOVAN CORRECTIONAL FACILITY (RJD),480 ALTA ROAD,SAN DIEGO,CA,92179,STATE,OPEN,2992,2017-10-18
10005360,FACILITY 8 DETENTION FACILITY,446 ALTA ROAD,SAN DIEGO,CA,92158,COUNTY,OPEN,200,2018-02-12
10005355,CCA SAN DIEGO CORRECTIONAL FACILITY,446 ALTA ROAD,SAN DIEGO,CA,92143,MULTI,CLOSED,1040,2019-11-25
10001538,GEORGE F BAILEY DETENTION FACILITY,446 ALTA ROAD,SAN DIEGO,CA,92158,COUNTY,OPEN,1380,2018-02-13
10001537,EAST MESA REENTRY FACILITY,446 ALTA ROAD,SAN DIEGO,CA,92158,COUNTY,OPEN,760,2018-02-12
10005354,EAST MESA JUVENILE DETENTION FACILITY,446 ALTA ROAD,SAN DIEGO,CA,92158,COUNTY,OPEN,290,2018-02-13
10006510,OTAY MESA DETENTION CENTER,7488 CALZADA DE LA FUENTE,SAN DIEGO,CA,92154,FEDERAL,OPEN,-999,2024-01-12
10006487,CHULA VISTA JAIL,315 FOURTH AVENUE,CHULA VISTA,CA,91910,LOCAL,OPEN,50,2018-05-16
10000870,SOUTH BAY DETENTION FACILITY,500 THIRD AVENUE,CHULA VISTA,CA,91910,COUNTY,OPEN,386,2018-02-12
10006306,CAI - BOSTON AVENUE,2727 BOSTON AVENUE,SAN DIEGO,CA,92113,MULTI,OPEN,120,2017-10-12
10006307,CAI - OCEAN VIEW,551 SOUTH 35TH STREET,SAN DIEGO,CA,92113,MULTI,OPEN,483,2017-10-12
10000872,SAN DIEGO CENTRAL JAIL,1173 FRONT STREET,SAN DIEGO,CA,92101,COUNTY,OPEN,-999,2018-02-12
10000874,WESTERN REGION DETENTION FACILITY,220 WEST C STREET,SAN DIEGO,CA,92101,FEDERAL,OPEN,770,2024-02-05
10000871,MCC SAN DIEGO,808 UNION STREET,SAN DIEGO,CA,92101,FEDERAL,OPEN,-999,2016-02-16
10000875,KEARNY MESA JUVENILE DETENTION FACILITY,2801 MEADOW LARK DRIVE,SAN DIEGO,CA,92123,COUNTY,OPEN,359,2018-02-13
10005356,GIRLS REHABILITATION FACILITY,2861 MEADOW LARK DRIVE,SAN DIEGO,CA,92123,COUNTY,OPEN,50,2018-02-13
10000873,DESCANSO DETENTION FACILITY,7878 CAMPBELL RANCH RD,ALPINE,CA,91901,COUNTY,CLOSED,-999,2010-02-17
10006708,CAMP BARRETT,21077 LYONS VALLEY RD,ALPINE,CA,91901,COUNTY,CLOSED,-999,2018-02-13
10006347,"LA CIMA CONSERVATION CAMP #42",15108 SUNRISE HIGHWAY,JULIAN,CA,92036,STATE,OPEN,-999,2017-09-19
10000878,"MCCAIN VALLEY CONSERVATION CAMP #21",2550 MCCAIN VALLEY ROAD,BOULEVARD,CA,91905,STATE,OPEN,100,2017-09-19
10002348,CENTINELA STATE PRISON (CEN),2302 BROWN ROAD,IMPERIAL,CA,92251,STATE,OPEN,2308,2017-10-18
10000862,JOHN J. BENOIT DETENTION CENTER,82675 ST. HWY. 111,INDIO,CA,92201,COUNTY,OPEN,-999,2018-02-12
10005341,INDIO JUVENILE HALL,47665 OASIS STREET,INDIO,CA,92201,COUNTY,OPEN,-999,2018-02-12
10005343,TWIN PINES RANCH,49500 TWIN PINES ROAD,BANNING,CA,92220,COUNTY,CLOSED,-999,2014-07-14
10000859,LARRY D SMITH CORRECTIONAL FACILITY,1627 SOUTH HARGRAVE STREET,BANNING,CA,92220,COUNTY,OPEN,-999,2018-02-12
10000838,"OAK GLEN CONSERVATION CAMP #35",41100 PINEBENCH ROAD,YUCAIPA,CA,92399,STATE,OPEN,-999,2017-09-19
10000858,"BAUTISTA CONSERVATION CAMP #36",33015 BAUTISTA CANYON ROAD,HEMET,CA,92544,STATE,OPEN,-999,2017-09-19
10005344,SOUTHWEST JUVENILE HALL,30755-C AULD ROAD,MURRIETA,CA,92563,COUNTY,OPEN,-999,2018-02-12
10005340,COIS M. BYRD DETENTION CENTER,30755-B AULD ROAD,MURRIETA,CA,92563,COUNTY,OPEN,-999,2018-02-12
10000877,"RAINBOW CONSERVATION CAMP #2",8215 RAINBOW HEIGHTS ROAD,FALLBROOK,CA,92028,STATE,OPEN,100,2014-10-27
10000879,"PUERTA LA CRUZ CONSERVATION CAMP #14",32363 STATE HIGHWAY 79,WARNER SPRINGS,CA,92086,STATE,OPEN,-999,2017-10-26
10000876,LAS COLINAS DETENTION AND REENTRY FACILITY,451 RIVERVIEW PARKWAY,SANTEE,CA,92071,COUNTY,OPEN,1280,2018-02-12
10005358,VISTA DETENTION FACILITY,325 SOUTH MELROSE DRIVE,VISTA,CA,92081,COUNTY,OPEN,825,2018-02-12
10000860,RIVERSIDE COUNTY JUVENILE HALL,3933 HARRISON STREET,RIVERSIDE,CA,92503,COUNTY,OPEN,187,2016-02-15
10001536,ROBERT PRESLEY DETENTION CENTER,4000 ORANGE STREET,RIVERSIDE,CA,92501,COUNTY,OPEN,-999,2018-02-12
10005342,VAN HORN YOUTH CENTER,10000 COUNTY FARM ROAD,RIVERSIDE,CA,92503,COUNTY,CLOSED,44,2018-02-12
10000856,"NORCO CONSERVATION CAMP #0",3195 WESTERN AVENUE,NORCO,CA,92860,STATE,OPEN,100,2015-01-01
10000857,CALIFORNIA REHABILITATION CENTER (CRC),5TH STREET AND WESTERN AVENUE,NORCO,CA,92860,STATE,OPEN,2491,2017-10-18
10002341,CALIFORNIA INSTITUTION FOR WOMEN (CIW),16756 CHINO-CORONA ROAD,CORONA,CA,92880,STATE,OPEN,-999,2017-10-18
10000837,HERMAN G STARK YOUTH CORRECTIONAL FACILITY,15180 SOUTH EUCLID AVENUE,CHINO,CA,91710,STATE,CLOSED,-999,2015-11-01
10000840,"PRADO CONSERVATION CAMP #28",14467 CENTRAL AVENUE,CHINO,CA,91710,STATE,OPEN,80,2017-09-19
10000836,CALIFORNIA INSTITUTION FOR MEN (CIM),14901 CENTRAL AVENUE,CHINO,CA,91710,STATE,OPEN,-999,2017-10-18
10006482,ANAHEIM DETENTION FACILITY,425 S HARBOR BLVD,ANAHEIM,CA,92805,LOCAL,OPEN,120,2018-05-16
10005346,THEO LACY FACILITY,501 THE CITY DRIVE SOUTH,ORANGE,CA,92868,COUNTY,OPEN,3442,2018-02-12
10005351,YOUTH LEADERSHIP ACADEMY,3155 WEST JUSTICE CENTER WAY,ORANGE,CA,92868,COUNTY,OPEN,120,2018-02-12
10005347,ORANGE COUNTY JUVENILE HALL,331 THE CITY DRIVE,ORANGE,CA,92868,COUNTY,OPEN,-999,2018-02-12
10005345,YOUTH GUIDANCE CENTER,3030 NORTH HESPERIAN WAY,SANTA ANA,CA,92706,COUNTY,OPEN,80,2018-02-12
10006325,SANTA ANA CITY JAIL,62 CIVIC CENTER PLAZA,SANTA ANA,CA,92701,LOCAL,OPEN,-999,2018-05-16
10005350,CENTRAL JAIL COMPLEX,550 NORTH FLOWER STREET,SANTA ANA,CA,92702,COUNTY,OPEN,1814,2018-02-12
10006490,COSTA MESA JAIL,99 FAIR DRIVE,COSTA MESA,CA,92626,LOCAL,OPEN,32,2018-05-16
10005349,JAMES A MUSICK FACILITY,13502 MUSICK RD,IRVINE,CA,92618,COUNTY,OPEN,-999,2018-02-12
10005348,JOPLIN YOUTH CENTER,19480 ROSE CANYON ROAD,TRABUCO CANYON,CA,92678,COUNTY,OPEN,64,2018-02-12
10006902,HUNTINGTON BEACH CITY JAIL,2000 MAIN STREET,HUNTINGTON BEACH,CA,92648,LOCAL,OPEN,68,2018-05-16
10006317,GARDEN GROVE CITY JAIL,11301 ACACIA PARKWAY,GARDEN GROVE,CA,92840,LOCAL,OPEN,16,2018-05-15
10006494,FULLERTON CITY JAIL,237 W COMMONWEALTH,FULLERTON,CA,92832,LOCAL,OPEN,-999,2018-05-16
10006486,BUENA PARK CITY JAIL,6640 BEACH BLVD,BUENA PARK,CA,90622,LOCAL,OPEN,-999,2018-05-16
10006497,SEAL BEACH DETENTION CENTER,911 SEAL BEACH BLVD,SEAL BEACH,CA,90740,LOCAL,OPEN,30,2018-05-25
10000893,LONG BEACH CITY JAIL,400 W BROADWAY,LONG BEACH,CA,90802,LOCAL,OPEN,202,2018-05-16
10006498,SIGNAL HILL CITY JAIL,2745 WALNUT AVENUE,SIGNAL HILL,CA,90755,LOCAL,OPEN,13,2018-05-25
10006901,HARBOR AREA JAIL,2175 S JOHN S GIBSON BLVD,SAN PEDRO,CA,90731,LOCAL,CLOSED,-999,2018-05-16
10000887,FCI TERMINAL ISLAND,1299 SEASIDE AVENUE,SAN PEDRO,CA,90731,FEDERAL,OPEN,-999,2016-02-16
10006220,CAMP GONZALES,1301 NORTH LAS VIRGENES ROAD,CALABASAS,CA,91302,COUNTY,OPEN,-999,2016-02-15
10006222,CAMP MILLER,433 S. ENCINAL CYN. RD.,MALIBU,CA,90265,COUNTY,OPEN,-999,2016-02-15
10006221,CAMP KILPATRICK,427 S. ENCINAL CYN. RD,MALIBU,CA,90265,COUNTY,OPEN,-999,2016-02-15
10000884,VENTURA COUNTY EAST COUNTY JAIL,2101 E OLSEN RD,THOUSAND OAKS,CA,91360,COUNTY,OPEN,-999,2018-02-19
10000905,"MALIBU CONSERVATION CAMP #13",1250 SOUTH ENCINAL CANYON ROAD,MALIBU,CA,90265,STATE,OPEN,-999,2015-11-13
10005362,"VENTURA CONSERVATION CAMP #46",2800 WRIGHT ROAD,CAMARILLO,CA,93010,STATE,OPEN,110,2024-02-27
10000881,VENTURA YOUTH CORRECTIONAL FACILITY,3100 WRIGHT ROAD,CAMARILLO,CA,93010,STATE,CLOSED,-999,2017-09-06
10001539,OXNARD CITY JAIL,251 SOUTH C STREET,OXNARD,CA,93030,LOCAL,OPEN,-999,2018-05-16
10000885,VENTURA COUNTY JUVENILE JUSTICE COMPLEX,4333 VINEYARD AVE,OXNARD,CA,93036,COUNTY,OPEN,420,2018-02-19
10000886,VENTURA COUNTY PRE-TRIAL DETENTION FACILITY (MAIN JAIL),800 S VICTORIA AVE,VENTURA,CA,93009,COUNTY,OPEN,890,2018-02-19
10000865,SANTA BARBARA COUNTY MAIN JAIL,4436 CALLE REAL,SANTA BARBARA,CA,93110,COUNTY,OPEN,-999,2018-02-16
10000866,LA POSADA JUVENILE HALL,4500 HOLLISTER AVE,SANTA BARBARA,CA,93110,COUNTY,CLOSED,34,2018-02-19
10006710,LOS PRIETOS BOYS CAMP,3900 PARADISE ROAD,SANTA BARBARA,CA,93105,COUNTY,OPEN,-999,2018-02-16
10005352,SANTA BARBARA COUNTY MEDIUM SECURITY FACILITY,4436 CALLE REAL,SANTA BARBARA,CA,93110,COUNTY,OPEN,-999,2018-02-16
10000882,VENTURA COUNTY TODD ROAD FACILITY,600 SOUTH TODD ROAD,SANTA PAULA,CA,93060,COUNTY,OPEN,796,2018-02-19
10000842,CI TAFT,1500 CADET ROAD,TAFT,CA,93268,FEDERAL,CLOSED,-999,2019-10-02
10006506,CI TAFT CAMP,1500 CADET ROAD,TAFT,CA,93268,FEDERAL,CLOSED,-999,2019-10-02
10000845,SHAFTER MODIFIED COMMUNITY CORRECTIONAL FACILITY,1150 EAST ASH AVENUE,SHAFTER,CA,93263,LOCAL,OPEN,640,2018-05-16
10005334,LARRY J RHOADES KERN CROSSROADS FACILITY,17824 QUALITY ROAD,BAKERSFIELD,CA,93308,COUNTY,OPEN,120,2018-02-09
10007007,KERN COUNTY - LERDO JUSTICE FACILITY,17801 INDUSTRIAL FARM RD,BAKERSFIELD,CA,93308,COUNTY,OPEN,825,2020-04-22
10005336,KERN COUNTY LERDO PRE-TRIAL FACILITY,17695 INDUSTRIAL FARM ROAD,BAKERSFIELD,CA,93308,COUNTY,OPEN,1232,2018-02-09
10005337,KERN COUNTY LERDO MAXIMUM-MEDIUM FACILITY,17645 INDUSTRIAL FARM ROAD,BAKERSFIELD,CA,93308,COUNTY,OPEN,374,2018-02-09
10005338,KERN COUNTY LERDO MINIMUM FACILITY,17635 INDUSTRIAL FARM ROAD,BAKERSFIELD,CA,93308,COUNTY,OPEN,-999,2018-02-09
10006242,JAMES G BOWLES JUVENILE HALL,1831 RIDGE RD,BAKERSFIELD,CA,93305,COUNTY,OPEN,-999,2018-05-16
10000849,MESA VERDE ICE PROCESSING CENTER,425 GOLDEN STATE AVE,BAKERSFIELD,CA,93301,MULTI,OPEN,400,2024-01-12
10002343,KERN COUNTY CENTRAL RECEIVING FACILITY,1415 TRUXTUN AVENUE,BAKERSFIELD,CA,93301,COUNTY,OPEN,-999,2018-02-09
10005324,"MOUNTAIN HOME CONSERVATION CAMP #10",45260 BEAR CREEK RD,SPRINGVILLE,CA,93265,STATE,OPEN,-999,2017-09-19
10000844,KERN VALLEY STATE PRISON (KVSP),3000 WEST CECIL AVENUE,DELANO,CA,93216,STATE,OPEN,2448,2017-10-18
10000843,DELANO MODIFIED COMMUNITY CORRECTIONAL FACILITY,2727 WEST INDUSTRY ROAD,DELANO,CA,93215,LOCAL,OPEN,578,2018-05-16
10000841,NORTH KERN STATE PRISON (NKSP),2737 WEST CECIL AVENUE,DELANO,CA,93215,STATE,OPEN,2694,2017-10-18
10000850,GOLDEN STATE ANNEX,611 FRONTAGE ROAD,MCFARLAND,CA,93250,STATE,OPEN,700,2024-01-12
10000851,CENTRAL VALLEY ANNEX,254 TAYLOR AVENUE,MCFARLAND,CA,93250,STATE,OPEN,700,2024-02-01
10002344,MCFARLAND FEMALE COMMUNITY REENTRY FACILITY,120 TAYLOR AVENUE,MCFARLAND,CA,93250,STATE,OPEN,300,2017-10-26
10000847,WASCO STATE PRISON (WSP),701 SCOFIELD AVENUE,WASCO,CA,93280,STATE,OPEN,2984,2017-10-18
10000825,CA SUBSTANCE ABUSE TREATMENT FACILITY (SATF),900 QUEBEC AVE,CORCORAN,CA,93212,STATE,OPEN,3424,2017-10-18
10000824,"CALIFORNIA STATE PRISON, CORCORAN (COR)",4001 KING AVENUE,CORCORAN,CA,93212,STATE,OPEN,-999,2017-10-18
10000846,TAFT MODIFIED COMMUNITY CORRECTIONAL FACILITY,330 COMMERCE WAY,TAFT,CA,93238,LOCAL,OPEN,600,2018-05-16
10005353,SANTA BARBARA COUNTY SANTA MARIA STATION JAIL,812-A W. FOSTER ROAD,SANTA MARIA,CA,93455,COUNTY,OPEN,-999,2018-02-16
10000868,SANTA MARIA JUVENILE HALL,4263 CALIFORNIA BOULEVARD,SANTA MARIA,CA,93455,COUNTY,OPEN,120,2016-02-15
10000864,USP LOMPOC,3901 KLEIN BLVD,LOMPOC,CA,93436,FEDERAL,OPEN,-999,2016-02-16
10000867,USP LOMPOC CAMP,3901 KLEIN BLVD,LOMPOC,CA,93436,FEDERAL,OPEN,-999,2016-02-16
10000863,FCI LOMPOC,3600 GUARD RD,LOMPOC,CA,93436,FEDERAL,OPEN,-999,2016-02-16
10006299,USP LOMPOC NORTH CAMP,3901 KLEIN BLVD,LOMPOC,CA,93436,FEDERAL,OPEN,-999,2016-02-16
10007001,NORTHERN BRANCH JAIL,2301 BLACK ROAD,SANTA MARIA,CA,93455,COUNTY,OPEN,376,2020-04-22
10000853,EL PASO DE ROBLES YOUTH CORRECTIONAL FACILITY,4545 AIRPORT RD,PASO ROBLES,CA,93446,STATE,CLOSED,-999,2015-11-01
10000854,SAN LUIS OBISPO COUNTY JAIL,1585 KANSAS AVENUE,SAN LUIS OBISPO,CA,93405,COUNTY,OPEN,-999,2018-02-13
10005339,SAN LUIS OBISPO COUNTY HONOR FARM JAIL,880 OKLAHOMA AVENUE,SAN LUIS OBISPO,CA,93405,COUNTY,OPEN,-999,2018-02-13
10001534,SAN LUIS OBISPO JUVENILE HALL / SERVICE CENTER,1065 KANSAS AVE,SAN LUIS OBISPO,CA,93408,COUNTY,OPEN,50,2018-02-13
10000855,"CUESTA CONSERVATION CAMP #24",635 N. SANTA ROSA STREET,SAN LUIS OBISPO,CA,93405,STATE,OPEN,100,2024-01-22
10006532,DEPARTMENT OF STATE HOSPITALS - ATASCADERO,10333 EL CAMINO REAL,ATASCADERO,CA,93422,STATE,OPEN,1184,2016-11-07
10002345,CALIFORNIA MEN'S COLONY (CMC),COLONY DRIVE,SAN LUIS OBISPO,CA,93409,STATE,OPEN,3838,2017-10-18
10006776,TRANSITIONAL WORKFORCE CENTER,3200 PERDIDO ST,NEW ORLEANS,LA,70119,COUNTY,OPEN,-999,2024-03-05
10006775,ORLEANS JUSTICE CENTER,2800 PERDIDO ST,NEW ORLEANS,LA,70119,COUNTY,OPEN,1438,2024-03-05
10000975,JEFFERSON PARISH CORRECTIONAL CENTER,100 DOLHONDE ST,GRETNA,LA,70053,COUNTY,OPEN,1080,2017-09-29
10006771,L. ROBERT RIVARDE MEMORIAL HOME,1550 GRETNA BOULEVARD,HARVEY,LA,70058,COUNTY,OPEN,52,2018-03-15
10006777,YOUTH STUDY CENTER,1100 MILTON ST,NEW ORLEANS,LA,70122,COUNTY,OPEN,-999,2018-03-15
10006913,KENNER CITY JAIL,500 VETERANS BLVD,KENNER,LA,70062,LOCAL,OPEN,64,2018-05-17
10005933,BRIDGE CITY CENTER FOR YOUTH - JEFFERSON PARISH,3225 RIVER ROAD,BRIDGE CITY,LA,70094,STATE,OPEN,-999,2024-02-28
10001659,NELSON COLEMAN CORRECTIONAL CENTER,5061 STATE HWY 3127,KILLONA,LA,70057,COUNTY,OPEN,600,2018-03-16
10005932,ST. JOHN THE BAPTIST PARISH JAIL / SHERIFF,100 DEP. BARTON GRANIER DR,LAPLACE,LA,70068,COUNTY,OPEN,-999,2018-03-19
10004100,LT. SHERMAN WALKER CORRECTIONAL FACILITY,100 DEPUTY BARTON GRANIER DR,LAPLACE,LA,70068,COUNTY,OPEN,332,2017-09-29
10004114,LAFOURCHE WORK RELEASE CENTER,1156 HWY 90 E,RACELAND,LA,70394,COUNTY,OPEN,174,2017-09-29
10001664,TERREBONNE CRIMINAL JUSTICE COMPLEX,3211 GRAND CAILLOU RD,HOUMA,LA,70361,COUNTY,OPEN,700,2017-09-29
10006251,TERREBONNE PARISH ANNEX JAIL,7857 MAIN ST.,HOUMA,LA,70361,COUNTY,OPEN,68,2017-09-29
10006780,TERREBONNE PARISH JUVENILE JUSTICE COMPLEX,180 GOVERNMENT STREET,GRAY,LA,70359,COUNTY,OPEN,-999,2018-03-16
20000901,LAFOURCHE PARISH DETENTION CENTER,2594 VETERANS BLVD,THIBODAUX,LA,70301,COUNTY,OPEN,-999,2024-08-16
10002422,LAFOURCHE PARISH DETENTION CENTER (OLD),952 HIGHWAY 3185,THIBODAUX,LA,70301,COUNTY,CLOSED,244,2024-08-16
10006773,LAFOURCHE PARISH JUVENILE JUSTICE FACILITY,2525 VETERANS BOULEVARD,THIBODAUX,LA,70302,COUNTY,NOT AVAILABLE,11,2018-03-15
10004109,ST. JAMES PARISH DETENTION CENTER,5800 STATE HWY 44,CONVENT,LA,70723,COUNTY,OPEN,124,2017-09-29
10004113,ASSUMPTION PARISH DETENTION CENTER,233 HWY 1008,NAPOLEONVILLE,LA,70390,COUNTY,OPEN,128,2024-08-05
10004099,ASCENSION PARISH JAIL,2384 LEMANVILLE CUTOFF RD,DONALDSONVILLE,LA,70346,COUNTY,OPEN,572,2024-08-05
10006930,MORGAN CITY CORRECTIONS FACILITY,723 MYRTLE STREET,MORGAN CITY,LA,70380,LOCAL,OPEN,-999,2018-05-25
10004111,VERMILION PARISH JAIL,14202 ALLEN BARES JR DR,ABBEVILLE,LA,70510,COUNTY,OPEN,150,2017-09-29
10001660,IBERIA PARISH CRIMINAL JUSTICE FACILITY,3618 BROKEN ARROW RD,NEW IBERIA,LA,70560,COUNTY,OPEN,512,2024-08-16
10005934,IBERIA PARISH WORK RELEASE CENTER,3701 BROKEN ARROW ROAD,NEW IBERIA,LA,70560,COUNTY,NOT AVAILABLE,107,2018-03-15
20000261,ACADIANA CENTER FOR YOUTH - ST. MARTINVILLE,1815 TERRACE HWY,ST MARTINVILLE,LA,70582,STATE,OPEN,-999,2024-02-28
10001662,ST. MARTIN PARISH CORRECTIONAL CENTER I,400 ST MARTIN ST,ST MARTINVILLE,LA,70582,COUNTY,OPEN,186,2017-09-29
10005935,ST. MARY LAW ENFORCEMENT CENTER,9311 HWY 90 WEST SOUTH FRONTAGE,CENTERVILLE,LA,70522,COUNTY,OPEN,320,2024-08-19
10000973,IBERVILLE PARISH JAIL,59605 BAYOU RD,PLAQUEMINE,LA,70765,COUNTY,OPEN,120,2018-03-15
10004096,WEST BATON ROUGE WORK RELEASE FACILITY,1155 NORTHWEST DR,PORT ALLEN,LA,70767,COUNTY,OPEN,262,2017-09-29
10002418,WEST BATON ROUGE PARISH DETENTION CENTER,1150 NORTHWEST DR,PORT ALLEN,LA,70767,COUNTY,OPEN,330,2024-08-19
10004092,POINTE COUPEE PARISH DETENTION CENTER,10933 CAJUN II RD,NEW ROADS,LA,70760,COUNTY,OPEN,209,2017-09-29
10001655,WEST FELICIANA PARISH DETENTION CENTER,4834 FELICIANA ST,ST. FRANCISVILLE,LA,70775,COUNTY,OPEN,39,2017-09-29
10006781,WEST FELICIANA PARISH TRANSITIONAL WORK PROGRAM,9942 WEST FELICIANA PARKWAY,ST. FRANCISVILLE,LA,70775,COUNTY,OPEN,276,2017-09-29
10001661,ST. MARTIN PARISH CORRECTIONAL (SUB-STATION),437 W MILLS AVE,BREAUX BRIDGE,LA,70517,COUNTY,NOT AVAILABLE,365,2014-06-20
10006772,LAFAYETTE TRANSITIONAL WORK PROGRAM,1825 W. WILLOW,SCOTT,LA,70583,COUNTY,NOT AVAILABLE,320,2018-03-15
10006293,LAFAYETTE COMMUNITY CORRECTIONS CENTER,100 POYDRAS STREET,LAFAYETTE,LA,70501,COUNTY,NOT AVAILABLE,-999,2018-03-15
10001658,LAFAYETTE PARISH CORRECTIONAL CENTER,916 LAFAYETTE ST,LAFAYETTE,LA,70501,COUNTY,OPEN,954,2017-09-29
10005930,LAFAYETTE JUVENILE DETENTION CENTER,1613 SURREY STREET,LAFAYETTE,LA,70501,COUNTY,OPEN,-999,2018-03-15
10005929,RAYNE CITY JAIL,200 OAK STREET,RAYNE,LA,70578,LOCAL,OPEN,-999,2018-05-17
10004098,ACADIA PARISH CORRECTIONS FACILITY,1037 CAPITOL AVE,CROWLEY,LA,70526,COUNTY,OPEN,190,2024-08-05
10004093,EVANGELINE PARISH JAIL,200 COURT ST,VILLE PLATTE,LA,70586,COUNTY,OPEN,72,2018-03-15
10001653,PINE PRAIRIE ICE PROCESSING CENTER,1133 HAMPTON DUPRE RD,PINE PRAIRIE,LA,70576,MULTI,OPEN,1094,2024-01-12
10004750,ST. LANDRY PARISH JAIL,108 SOUTH MARKET STREET,OPELOUSAS,LA,70571,COUNTY,OPEN,244,2017-09-29
10002414,AVOYELLES MARKSVILLE DETENTION CENTER,675 GOVERNMENT ST,MARKSVILLE,LA,71351,COUNTY,OPEN,400,2024-08-05
10000960,RAYMOND LABORDE CORRECTIONAL CENTER,1630 PRISON RD,COTTONPORT,LA,71327,STATE,OPEN,-999,2023-12-31
10001650,AVOYELLES WOMEN'S CORRECTIONAL CENTER,640 CHOUPIQUE LN,COTTONPORT,LA,71327,COUNTY,OPEN,300,2024-08-05
20000260,ACADIANA CENTER FOR YOUTH - BUNKIE,1536 BORDELON RD,BUNKIE,LA,71322,STATE,OPEN,-999,2024-02-28
10005917,RAPIDES PARISH DETENTION CENTER I,701 MURRAY STREET,ALEXANDRIA,LA,71301,COUNTY,OPEN,328,2024-08-16
10000956,FCI POLLOCK,1000 AIRBASE RD,POLLOCK,LA,71467,FEDERAL,OPEN,-999,2016-02-16
10004089,USP POLLOCK CAMP,1000 AIRBASE RD,POLLOCK,LA,71467,FEDERAL,OPEN,-999,2016-02-16
10000955,USP POLLOCK,1000 AIRBASE RD,POLLOCK,LA,71467,FEDERAL,OPEN,-999,2016-02-16
10001647,RIVER CORRECTIONAL CENTER,26362 HWY 15,FERRIDAY,LA,71334,FEDERAL,OPEN,602,2024-01-12
10000957,CONCORDIA PARISH CORRECTIONAL FACILITY,26356 STATE HWY 15,FERRIDAY,LA,71334,COUNTY,OPEN,-999,2024-02-07
10002415,AVOYELLES SIMMSPORT DETENTION CENTER,620 S MARTIN LUTHER KING DR,SIMMSPORT,LA,71369,COUNTY,NOT AVAILABLE,-999,2024-08-05
10000963,LOUISIANA STATE PENITENTIARY,17544 TUNICA TRACE,ANGOLA,LA,70712,STATE,OPEN,-999,2023-12-31
20000262,BRIDGE CITY YOUTH CENTER - WEST FELICIANA,17544 TUNICA TRACE,ANGOLA,LA,70712,STATE,OPEN,-999,2024-02-28
10001821,WILKINSON COUNTY CORRECTIONAL FACILITY,2999 US HWY 61 N,WOODVILLE,MS,39669,STATE,OPEN,920,2024-02-25
10004259,WILKINSON COUNTY COMMUNITY WORK CENTER,84 PRISON LANE,WOODVILLE,MS,39669,STATE,OPEN,62,2024-02-25
10005591,WILKINSON COUNTY JAIL,1389 US HIGHWAY 61 SOUTH,WOODVILLE,MS,39669,COUNTY,OPEN,-999,2018-03-29
10004090,CONCORDIA PARISH CORRECTIONAL FACILITY II,5223 US HWY 84,VIDALIA,LA,71373,COUNTY,OPEN,224,2017-04-01
10001648,CONCORDIA PARISH JAIL,4001 CARTER ST,VIDALIA,LA,71373,COUNTY,OPEN,48,2017-04-01
10005584,ADAMS COUNTY JAIL,306 STATE STREET,NATCHEZ,MS,39120,COUNTY,OPEN,-999,2018-03-27
10005583,ADAMS COUNTY JUVENILE DETENTION CENTER,320 STATE STREET,NATCHEZ,MS,39120,COUNTY,OPEN,26,2018-03-27
10001820,ADAMS COUNTY CORRECTIONAL CENETER,20 HOBO FORK RD,NATCHEZ,MS,39120,FEDERAL,OPEN,-999,2024-01-12
10005586,FRANKLIN COUNTY JAIL,36 MAIN STREET EAST,MEADVILLE,MS,39653,COUNTY,OPEN,-999,2020-01-07
10005595,AMITE COUNTY JAIL,243 SOUTH BROAD STREET,LIBERTY,MS,39645,COUNTY,OPEN,-999,2018-03-27
10004094,DIXON CORRECTIONAL INSTITUTE,5568 STATE HWY 68,JACKSON,LA,70748,STATE,OPEN,-999,2023-12-31
10000962,EAST FELICIANA PARISH JAIL / WORK RELEASE,12306 HAYNES ST,CLINTON,LA,70722,COUNTY,OPEN,-999,2017-04-01
10000971,LOUISIANA CORRECTIONAL INSTITUTE FOR WOMEN,15200 OLD SCENIC HWY,BAKER,LA,70714,STATE,OPEN,-999,2023-12-31
10000970,EAST BATON ROUGE PRISON,2867 BRIG. GENERAL ISAAC SMITH AVE,SCOTLANDVILLE,LA,70807,COUNTY,OPEN,1690,2018-03-15
10005926,WHITE CASTLE TOWN JAIL,32535 BOWIE STREET,WHITE CASTLE,LA,70788,LOCAL,OPEN,-999,2016-02-15
10000974,LOUISIANA CORRECTIONAL INSTITUTE FOR WOMEN (CLOSED/MOVED),7205 STATE HWY 74,ST. GABRIEL,LA,70776,STATE,CLOSED,-999,2019-10-29
10000972,ELAYN HUNT CORRECTIONAL CENTER,6925 HWY 74,ST. GABRIEL,LA,70776,STATE,OPEN,-999,2023-12-31
10001657,LIVINGSTON PARISH DETENTION CENTER,28445 CHARLIE WATTS RD,LIVINGSTON,LA,70754,COUNTY,OPEN,823,2017-09-29
10004749,ST. HELENA PARISH JAIL,387 SITMAN STREET,GREENSBURG,LA,70441,COUNTY,OPEN,56,2017-09-29
10001654,TANGIPAHOA PARISH PRISON,101 CAMPO LANE,AMITE,LA,70422,COUNTY,OPEN,561,2017-09-29
10005920,HAMMOND CITY JAIL,303 EAST THOMAS STREET,HAMMOND,LA,70401,LOCAL,OPEN,-999,2018-05-17
10006779,FLORIDA PARISHES JUVENILE DETENTION CENTER,28528 HIGHWAY 190,COVINGTON,LA,70433,COUNTY,OPEN,133,2018-03-16
10001656,ST. TAMMANY PARISH JAIL,1200 CHAMPAGNE ST,COVINGTON,LA,70433,COUNTY,OPEN,1180,2024-08-19
10001651,WASHINGTON PARISH JAIL,1002 MAIN ST,FRANKLINTON,LA,70438,COUNTY,OPEN,144,2017-09-29
10005592,WALTHALL COUNTY JAIL,807 MAGNOLIA AVENUE,TYLERTOWN,MS,39667,COUNTY,OPEN,-999,2018-03-29
10005594,PIKE COUNTY JAIL,2019 JESSE HALL MEMORIAL RD,MAGNOLIA,MS,39652,COUNTY,OPEN,-999,2018-03-28
10004260,PIKE COUNTY COMMUNITY WORK CENTER,2015 JESSE HALL RD,MAGNOLIA,MS,39652,STATE,OPEN,93,2024-02-25
10005585,LINCOLN COUNTY JAIL,215 JUSTICE STREET,BROOKHAVEN,MS,39602,COUNTY,OPEN,25,2018-03-28
10005582,LAWRENCE COUNTY JAIL,1565 FE SELLERS HIGHWAY,MONTICELLO,MS,39654,COUNTY,OPEN,-999,2024-08-15
10004248,CENTRAL MISSISSIPPI CORRECTIONAL FACILITY,3794 STATE HWY 468,PEARL,MS,39208,STATE,OPEN,4071,2024-02-25
10001815,FLOWOOD RESTITUTION/TECHNICAL VIOLATION/COMMUNITY WORK CENTER,1632 HWY 80 W,FLOWOOD,MS,39232,STATE,OPEN,70,2024-02-25
10001818,HINDS COUNTY JACKSON DETENTION CENTER,407 E PASCAGOULA ST,JACKSON,MS,39201,COUNTY,OPEN,-999,2018-03-28
10004250,HINDS COUNTY RESTITUTION CENTER,429 S GALLATIN ST,JACKSON,MS,39203,STATE,CLOSED,-999,2024-02-25
10005573,HENLEY YOUNG JUVENILE JUSTICE CENTER,940 EAST MCDOWELL ROAD,JACKSON,MS,39204,COUNTY,OPEN,84,2018-03-28
10001817,HINDS COUNTY RAYMOND DETENTION CENTER,1450 COUNTY FARM RD,RAYMOND,MS,39154,COUNTY,OPEN,-999,2018-03-28
10006568,OAKLEY YOUTH DEVELOPMENT CENTER,2375 OAKLEY ROAD,RAYMOND,MS,39154,STATE,OPEN,-999,2024-03-04
10005578,COPIAH COUNTY DETENTION CENTER,20030 STATE HIGHWAY 51,GALLMAN,MS,39077,COUNTY,OPEN,-999,2018-03-28
10001819,JEFFERSON-FRANKLIN COUNTY REGIONAL CORRECTIONAL FACILITY,279 HWY 33,FAYETTE,MS,39069,COUNTY,OPEN,280,2024-07-31
10005575,CLAIBORNE COUNTY DETENTION CENTER,410 MARKET STREET,PORT GIBSON,MS,39150,COUNTY,OPEN,-999,2016-02-15
10005569,WARREN COUNTY JAIL,1000 GROVE STREET,VICKSBURG,MS,39183,COUNTY,OPEN,-999,2018-03-29
10005568,WARREN COUNTY JUVENILE DETENTION CENTER,1100 GROVE STREET,VICKSBURG,MS,39180,COUNTY,OPEN,30,2018-03-29
20000500,MADISON PARISH CORRECTIONAL CENTER,158 TREATMENT PLANT RD,TALLULAH,LA,71282,COUNTY,OPEN,-999,2017-09-29
10001644,MADISON PARISH DENTENTION CENTER,158 TREATMENT PLANT RD,TALLULAH,LA,71282,COUNTY,OPEN,-999,2017-09-29
10004083,BAYOU CORRECTIONAL CENTER,196 OLD HWY 65 S,TALLULAH,LA,71282,COUNTY,OPEN,-999,2018-03-15
10005913,MADISON PARISH JAIL,404 EAST GREEN STREET,TALLULAH,LA,71282,COUNTY,OPEN,36,2024-04-03
10006774,MADISON PARISH LA TRANSITIONAL CENTER FOR WOMEN,1005 WEST GREEN STREET,TALLULAH,LA,71282,COUNTY,OPEN,-999,2017-09-29
10002411,EAST CARROLL DETENTION CENTER,219 HOLLYBROOK RD,LAKE PROVIDENCE,LA,71254,COUNTY,NOT AVAILABLE,-999,2024-03-06
10004077,RIVERBEND DETENTION CENTER (FEMALE),9482 HWY 65 S,LAKE PROVIDENCE,LA,71254,COUNTY,OPEN,-999,2024-03-06
10004076,RIVERBEND DETENTION CENTER (MALE),9450 HWY 65 S,LAKE PROVIDENCE,LA,71254,COUNTY,OPEN,-999,2024-03-06
10004242,ISSAQUENA COUNTY REGIONAL CORRECTIONAL FACILITY,22746 MS HWY 1,MAYERSVILLE,MS,39113,COUNTY,OPEN,328,2024-07-31
10006198,USP YAZOO CITY,2225 HALEY BARBOUR PARKWAY,YAZOO CITY,MS,39194,FEDERAL,OPEN,-999,2016-02-16
10001812,FCI YAZOO CITY MEDIUM,2225 HALEY BARBOUR PARKWAY,YAZOO CITY,MS,39194,FEDERAL,OPEN,-999,2016-02-16
10001811,FCI YAZOO CITY LOW,2225 HALEY BARBOUR PARKWAY,YAZOO CITY,MS,39194,FEDERAL,OPEN,-999,2016-02-16
10004241,FCI YAZOO CITY LOW CAMP,2225 HALEY BARBOUR PARKWAY,YAZOO CITY,MS,39194,FEDERAL,OPEN,-999,2016-02-16
10006215,YAZOO COUNTY REGIONAL CORRECTIONAL FACILITY,154 ROOSEVELT HUDSON DRIVE,YAZOO CITY,MS,39194,COUNTY,OPEN,300,2024-07-31
10001813,YAZOO COUNTY COMMUNITY WORK CENTER,625 W JEFFERSON ST,YAZOO CITY,MS,39194,STATE,CLOSED,-999,2024-03-01
10005565,YAZOO COUNTY JUVENILE JUSTICE CENTER,217 SOUTH WASHINGTON STREET,YAZOO CITY,MS,39194,COUNTY,OPEN,25,2018-03-29
10004246,MADISON COUNTY DETENTION CENTER,2935 US HWY 51,CANTON,MS,39046,COUNTY,OPEN,394,2018-03-28
10006566,MADISON COUNTY COMMUNITY WORK CENTER,140 CORRECTIONS DRIVE,CANTON,MS,39046,STATE,CLOSED,-999,2017-11-30
10001810,HOLMES-HUMPHREYS COUNTY REGIONAL CORRECTIONAL FACILITY,23234 HWY 12 E,LEXINGTON,MS,39095,COUNTY,OPEN,280,2024-07-31
10005562,HUMPHREYS COUNTY JAIL,107 SOUTH HAYDEN STREET,BELZONI,MS,39038,COUNTY,OPEN,5,2018-03-28
10001808,DELTA CORRECTIONAL FACILITY,3800 COUNTY RD,GREENWOOD,MS,38930,STATE,OPEN,450,2024-02-25
20000320,LEFLORE COUNTY JAIL,3600 COUNTY RD,SIDON,MS,38954,COUNTY,OPEN,-999,2024-03-01
10005553,LEFLORE COUNTY JUVENILE DETENTION,307 WEST MARKET STREET,GREENWOOD,MS,38930,COUNTY,OPEN,30,2018-03-28
10005543,QUITMAN COUNTY JAIL / SHERIFF,233 CHESTNUT STREET,MARKS,MS,38646,COUNTY,OPEN,-999,2018-03-28
10006567,QUITMAN COUNTY COMMUNITY WORK CENTER,201 CAMP B ROAD,LAMBERT,MS,38643,STATE,OPEN,93,2024-02-25
10004231,COAHOMA COUNTY JAIL,1 JUSTICE DR,CLARKSDALE,MS,38614,COUNTY,OPEN,200,2024-08-13
10001805,TALLAHATCHIE COUNTY CORRECTIONAL FACILITY,415 US HWY 49 N,TUTWILER,MS,38963,MULTI,OPEN,-999,2017-10-12
10005547,TALLAHATCHIE COUNTY JAIL,206 JAILHOUSE STREET,SUMNER,MS,38957,COUNTY,OPEN,38,2018-03-28
10001807,MISSISSIPPI STATE PENITENTIARY,US HWY 49 W,PARCHMAN,MS,38738,STATE,OPEN,2690,2024-02-25
10005548,BOLIVAR COUNTY JUVENILE TEMPORARY HOLDING FACILITY,801 MAIN STREET,ROSEDALE,MS,38769,COUNTY,OPEN,-999,2018-03-27
10004234,BOLIVAR COUNTY REGIONAL CORRECTIONAL FACILITY,2792 HWY 8 W,CLEVELAND,MS,38732,COUNTY,OPEN,294,2024-07-31
10005551,SUNFLOWER COUNTY JAIL,1300 ALLEN ROAD,INDIANOLA,MS,38751,COUNTY,OPEN,-999,2024-08-15
10005561,WASHINGTON COUNTY JUVENILE JUSTICE CENTER,3330 UNITED STATES HIGHWAY 82 EAST,GREENVILLE,MS,38704,COUNTY,OPEN,28,2018-03-29
10004238,WASHINGTON COUNTY COMMUNITY WORK CENTER,1398 N. BEAUCHAMP EXTENSION,GREENVILLE,MS,38703,STATE,CLOSED,-999,2024-02-25
10005558,WASHINGTON COUNTY JAIL,903 WEST ALEXANDER STREET,GREENVILLE,MS,38701,COUNTY,OPEN,-999,2018-03-29
10005559,GREENVILLE CITY JAIL,216 MAIN STREET,GREENVILLE,MS,38701,LOCAL,OPEN,91,2018-05-23
10006214,WASHINGTON COUNTY REGIONAL CORRECTIONAL FACILITY,60 STOKES KING ROAD,GREENVILLE,MS,38701,COUNTY,OPEN,240,2024-07-31
10006468,ASHLEY COUNTY DETENTION CENTER,842 ASHLEY 12 WEST,HAMBURG,AR,71646,COUNTY,OPEN,129,2024-03-21
10006419,DREW COUNTY DETENTION FACILITY,210 SOUTH MAIN STREET,MONTICELLO,AR,71655,COUNTY,OPEN,42,2024-03-18
10000090,DERMOTT JUVENILE CORRECTIONAL FACILITY,878 EAST GAINES STREET,DERMOTT,AR,71638,STATE,OPEN,-999,2024-02-09
10000088,DELTA REGIONAL UNIT,880 E GAINES ST,DERMOTT,AR,71638,STATE,OPEN,599,2023-10-31
10000089,DERMOTT JUVENILE TREATMENT CENTER,1001 REGIONAL RD,DERMOTT,AR,71638,STATE,OPEN,-999,2024-02-09
10006429,ARKANSAS COUNTY JAIL,1000 RICEBELT AVENUE,DEWITT,AR,72042,COUNTY,OPEN,136,2024-03-21
10000085,CUMMINS UNIT,STATE HWY 388,GRADY,AR,71644,STATE,OPEN,1876,2023-10-31
10001910,VARNER UNIT,STATE HWY 388,GRADY,AR,71644,STATE,OPEN,1714,2023-10-31
10001114,LINCOLN COUNTY JAIL (OLD),300 S DREW ST,STAR CITY,AR,71667,COUNTY,CLOSED,-999,2021-01-11
20000380,LINCOLN COUNTY JAIL,30270 STATE HWY 11 S,STAR CITY,AR,71667,COUNTY,OPEN,22,2024-03-20
10000084,TUCKER UNIT,2400 STATE FARM ROAD,TUCKER,AR,72168,STATE,OPEN,612,2023-10-31
10000083,MAXIMUM SECURITY UNIT,2501 STATE FARM RD,TUCKER,AR,72168,STATE,OPEN,532,2023-10-31
10006527,TUCKER RE-ENTRY FOR WOMEN,100 GRIMES ROAD,TUCKER,AR,72168,STATE,CLOSED,124,2017-10-20
10006475,JEFFERSON COUNTY JAIL,300 E 2ND AVENUE,PINE BLUFF,AR,71601,COUNTY,OPEN,318,2024-03-19
10000081,RANDALL L. WILLIAMS CORRECTIONAL FACILITY,7206 WEST 7TH AVE,PINE BLUFF,AR,71603,STATE,OPEN,562,2023-10-31
10000080,PINE BLUFF UNIT,890 FREE LINE DRIVE,PINE BLUFF,AR,71603,STATE,OPEN,430,2023-10-31
10000079,BARBARA ESTER UNIT,7500 CORRECTIONS CIRCLE,PINE BLUFF,AR,71603,STATE,OPEN,579,2023-10-31
10006381,PINE BLUFF RE-ENTRY CENTER,6841 WEST 13TH STREET,PINE BLUFF,AR,71602,STATE,OPEN,54,2023-10-31
10000082,SOUTHEAST ARKANSAS COMMUNITY CORRECTIONS CENTER,7301 W 13TH AVE,PINE BLUFF,AR,71602,STATE,CLOSED,350,2016-03-30
10006473,SHERIDAN DETENTION CENTER,304 GATZKE DRIVE,SHERIDAN,AR,72150,LOCAL,OPEN,100,2024-03-18
10006420,DALLAS COUNTY JAIL,106 S CHARLOTTE STREET,FORDYCE,AR,71742,COUNTY,OPEN,125,2024-03-18
10006427,CALHOUN COUNTY JAIL,449 9TH STREET,HAMPTON,AR,71744,COUNTY,OPEN,28,2024-03-18
10001639,UNION PARISH DETENTION CENTER,707 RODEO CIRCLE,FARMERVILLE,LA,71241,COUNTY,OPEN,388,2017-09-29
10005909,WEST MONROE CORRECTIONAL FACILITY,2301 NORTH 7TH STREET,WEST MONROE,LA,71291,LOCAL,OPEN,-999,2018-05-17
10000951,OUACHITA PARISH CORRECTIONAL CENTER,4801 US HWY 165 BY-PASS S,MONROE,LA,71202,COUNTY,OPEN,1112,2017-09-29
10000950,RICHWOOD CORRECTIONAL CENTER,180 PINE BAYOU CIRCLE,RICHWOOD,LA,71202,MULTI,OPEN,1129,2024-01-12
10006292,GREEN OAKS JUVENILE DETENTION,4820 SOUTH GRAND STREET,MONROE,LA,71202,COUNTY,OPEN,60,2016-02-15
10006291,OUACHITA PARISH WORK RELEASE FACILITY,4801 SOUTH GRAND STREET,MONROE,LA,71202,COUNTY,NOT AVAILABLE,290,2017-09-29
10000949,SWANSON CENTER FOR YOUTH - MONROE,4701 S GRAND ST,MONROE,LA,71202,STATE,OPEN,-999,2024-02-28
10004079,RICHLAND PARISH DETENTION CENTER-UNIT I,474 HWY 15,RAYVILLE,LA,71269,COUNTY,OPEN,362,2018-03-16
10004080,RICHLAND PARISH DETENTION CENTER-UNIT II,414 HWY 15,RAYVILLE,LA,71269,COUNTY,OPEN,358,2018-03-16
10004073,MOREHOUSE PARISH DETENTION CENTER,6444 PATEY RD,COLLINSTON,LA,71229,COUNTY,OPEN,272,2017-09-29
10004074,MOREHOUSE PARISH ANNEX,4729 EUGENE WARE RD,BASTROP,LA,71220,COUNTY,OPEN,70,2016-02-15
10004075,MOREHOUSE PARISH JAIL,250 E WALNUT ST,BASTROP,LA,71220,COUNTY,OPEN,-999,2018-03-15
10005907,WEST CARROLL PARISH JAIL,305 EAST MAIN STREET,OAK GROVE,LA,71263,COUNTY,OPEN,26,2017-09-29
10001640,WEST CARROLL DETENTION CENTER,180 CAPITAL BANK DR,EPPS,LA,71237,COUNTY,NOT AVAILABLE,-999,2019-12-12
10001642,FRANKLIN PARISH DETENTION CENTER,388 NATURES ACRES RD,WINNSBORO,LA,71295,COUNTY,OPEN,834,2024-08-16
10004082,TENSAS PARISH DETENTION CENTER,8606 HWY 65,WATERPROOF,LA,71375,COUNTY,OPEN,-999,2024-03-07
10001646,CATAHOULA PARISH JAIL,301 BUSHLEY ST,HARRISONBURG,LA,71340,COUNTY,OPEN,26,2017-04-01
10004086,CATAHOULA CORRECTIONAL CENTER,499 OLD COLUMBIA RD,HARRISONBURG,LA,71340,COUNTY,OPEN,835,2024-08-15
10006385,SWANSON CENTER FOR YOUTH - COLUMBIA,132 HWY 850,COLUMBIA,LA,71418,STATE,OPEN,-999,2024-02-28
10005911,CALDWELL PARISH JAIL,201 MAIN STREET,COLUMBIA,LA,71418,COUNTY,OPEN,45,2018-03-15
10002412,CALDWELL CORRECTIONAL CENTER,671 STATE HWY 845,GRAYSON,LA,71435,COUNTY,OPEN,318,2018-03-15
10002413,CALDWELL PARISH DETENTION CENTER,701 STATE HWY 845,GRAYSON,LA,71435,COUNTY,OPEN,249,2018-03-15
10004087,LASALLE CORRECTIONAL CENTER,15976 US HWY 165,OLLA,LA,71465,COUNTY,OPEN,757,2017-09-29
10000954,CENTRAL LOUISIANA ICE PROCESSING CENTER,830 PINEHILL RD,JENA,LA,71342,FEDERAL,OPEN,1160,2024-01-12
10005914,WINN PARISH DETENTION CENTER,460 THOMAS MILL RD,WINNFIELD,LA,71483,COUNTY,OPEN,-999,2024-08-19
10004081,JACKSON PARISH CORRECTIONAL CENTER,327 INDUSTRIAL DR,JONESBORO,LA,71251,MULTI,OPEN,1252,2024-01-12
10000953,WINN CORRECTIONAL CENTER,560 GUM SPRINGS RD,WINNFIELD,LA,71483,MULTI,OPEN,1576,2024-01-12
10004085,NATCHITOCHES PARISH WORK RELEASE FACILITY,299 EDWINA DR,NATCHITOCHES,LA,71457,COUNTY,OPEN,48,2017-09-29
10004084,NATCHITOCHES PARISH DETENTION CENTER,299 EDWINA DR,NATCHITOCHES,LA,71457,COUNTY,OPEN,515,2017-09-29
10004746,DESOTO PARISH DETENTION CENTER,205 FRANKLIN STREET,MANSFIELD,LA,71052,COUNTY,OPEN,-999,2017-04-01
10004747,WARE YOUTH CENTER - COUSHATTA,3565 US HWY 71,COUSHATTA,LA,71019,STATE,OPEN,-999,2024-02-28
10004748,RED RIVER PARISH JAIL,615 EAST CARROLL DRIVE,COUSHATTA,LA,71019,COUNTY,OPEN,76,2017-09-29
10004072,BAYOU DORCHEAT CORRECTIONAL CENTER,1455 BRAVO BLVD,MINDEN,LA,71055,COUNTY,OPEN,444,2017-09-29
10002407,CADDO PARISH JUVENILE DETENTION CENTER,1835 SPRING ST,SHREVEPORT,LA,71101,COUNTY,OPEN,29,2018-03-15
10001638,BOSSIER CITY JAIL,620 BENTON RD,BOSSIER CITY,LA,71171,LOCAL,OPEN,620,2018-05-17
10005906,BOSSIER PARISH JUVENILE DETENTION CENTER,4813 SHED RD,BOSSIER CITY,LA,71111,COUNTY,NOT AVAILABLE,-999,2016-02-15
10000948,DAVID WADE CORRECTIONAL CENTER,670 BELL HILL RD,HOMER,LA,71040,STATE,OPEN,-999,2023-12-31
10002410,CLAIBORNE PARISH JAIL (OLD),613 E MAIN ST,HOMER,LA,71040,COUNTY,CLOSED,65,2024-08-15
10002409,CLAIBORNE PARISH DETENTION CENTER-MALE,1415 STATE HWY 520,HOMER,LA,71040,COUNTY,OPEN,590,2017-04-01
10004745,BIENVILLE PARISH JAIL,100 COURTHOUSE DRIVE,ARCADIA,LA,71001,COUNTY,OPEN,-999,2024-08-05
10001641,LINCOLN PARISH DETENTION CENTER,170 ROAD CAMP RD,RUSTON,LA,71270,COUNTY,OPEN,241,2017-09-29
10001911,UNION COUNTY DETENTION CENTER,250 AMERICAN RD,EL DORADO,AR,71730,COUNTY,OPEN,215,2024-03-21
10006411,OUACHITA COUNTY JAIL,109 GOODGAME ST,CAMDEN,AR,71701,COUNTY,OPEN,200,2024-03-21
10006525,OMEGA SUPERVISION SANCTION CENTER,104 WALCO LANE,MALVERN,AR,72104,STATE,OPEN,300,2022-12-20
10000078,OUACHITA RIVER UNIT,100 WALCO LANE,MALVERN,AR,72104,STATE,OPEN,1782,2023-10-31
10006414,HOT SPRING COUNTY JAIL,1 DETENTION LANE,MALVERN,AR,72104,COUNTY,OPEN,50,2024-03-18
10006469,CLARK COUNTY JAIL,406 SOUTH 5TH STREET,ARKADELPHIA,AR,71923,COUNTY,OPEN,50,2024-03-18
10006692,NEVADA COUNTY JAIL,209 EAST 3RD ST,PRESCOTT,AR,71857,COUNTY,OPEN,80,2024-03-21
10006479,PIKE COUNTY JAIL,305 INDUSTRIAL PARK DR,MURFREESBORO,AR,71958,COUNTY,OPEN,78,2024-03-21
10006415,HEMPSTEAD COUNTY JAIL,312 S WASHINGTON ST,HOPE,AR,71801,COUNTY,OPEN,100,2024-03-18
10003620,COLUMBIA COUNTY DETENTION CENTER,82 COLUMBIA ROAD 300,MAGNOLIA,AR,71753,COUNTY,OPEN,100,2024-03-18
10006476,LAFAYETTE COUNTY JAIL,5 COURTHOUSE SQUARE,LEWISVILLE,AR,71845,COUNTY,OPEN,-999,2024-03-19
10003619,LEWISVILLE JUVENILE TREATMENT CENTER,750 LAFAYETTE RD 16,LEWISVILLE,AR,71638,STATE,CLOSED,-999,2020-04-16
10002744,CASS COUNTY JAIL,600 HWY 8 NORTH,LINDEN,TX,75563,COUNTY,OPEN,96,2018-03-01
10005113,FCI TEXARKANA,4001 LEOPARD DR,TEXARKANA,TX,75501,FEDERAL,OPEN,-999,2016-02-16
10005114,FCI TEXARKANA CAMP,4001 LEOPARD DR,TEXARKANA,TX,75501,FEDERAL,OPEN,-999,2016-02-16
10005112,RED RIVER RECOVERY CENTER,141 PLAZA WEST,TEXARKANA,TX,75501,COUNTY,OPEN,-999,2018-04-25
10006689,LITTLE RIVER COUNTY JAIL (OLD),351 N. 2ND STREET,ASHDOWN,AR,71822,COUNTY,CLOSED,-999,2023-03-03
20000381,LITTLE RIVER COUNTY DETENTION CENTER,2115 N CONSTITUTION AVE,ASHDOWN,AR,71822,COUNTY,OPEN,24,2024-03-20
10006151,BI-STATE DETENTION FACILITY / JUSTICE CENTER,100 N STATE LINE AVE,TEXARKANA,TX,75501,COUNTY,OPEN,164,2016-03-01
10006526,SOUTHWEST ARKANSAS COMMUNITY CORRECTION CENTER,506 WALNUT STREET,TEXARKANA,AR,71854,STATE,OPEN,475,2022-12-20
10000087,TEXARKANA REGIONAL CORRECTION CENTER,305 EAST 5TH STREET,TEXARKANA,AR,71854,STATE,OPEN,128,2023-10-31
10006157,BOWIE COUNTY CORRECTIONAL CENTER,105 W FRONT ST,TEXARKANA,TX,75501,COUNTY,OPEN,921,2018-03-01
10000086,MILLER COUNTY JAIL,2300 EAST ST,TEXARKANA,AR,71854,COUNTY,OPEN,300,2024-03-20
10006690,LANTZ LURRY JUVENILE DETENTION CENTER,2200 BANKS RD,TEXARKANA,AR,71854,COUNTY,CLOSED,-999,2022-12-28
10006474,HOWARD COUNTY DETENTION FACILITY,101 ISAAC PERKINS BLVD,NASHVILLE,AR,71852,COUNTY,OPEN,41,2024-03-19
10006406,SEVIER COUNTY DETENTION CENTER,137 W ROBINSON RD,DE QUEEN,AR,71832,COUNTY,OPEN,74,2024-03-21
10006051,MCCURTAIN COUNTY JAIL,200 N CENTRAL,IDABEL,OK,74745,COUNTY,OPEN,148,2018-04-13
10006050,IDABEL COMMUNITY WORK CENTER,2001 INDUSTRIAL PARKWAY,IDABEL,OK,74745,STATE,CLOSED,-999,2016-08-05
10004374,RED RIVER COUNTY JAIL,500 NORTH CEDAR STREET,CLARKSVILLE,TX,75426,COUNTY,OPEN,95,2018-03-01
10002731,TELFORD PRISON,3899 HWY 98,NEW BOSTON,TX,75570,STATE,OPEN,2019,2016-09-15
10004384,MORRIS COUNTY JAIL,502 UNION STREET,DAINGERFIELD,TX,75638,COUNTY,OPEN,48,2018-03-01
10002738,TITUS COUNTY JAIL / SHERIFF,304 S VAN BUREN,MOUNT PLEASANT,TX,75455,COUNTY,OPEN,182,2018-05-01
10004385,CAMP COUNTY JAIL,203 TAPP ST,PITTSBURG,TX,75686,COUNTY,OPEN,34,2018-03-01
10002760,UPSHUR COUNTY JAIL,405 N TITUS ST,GILMER,TX,75644,COUNTY,OPEN,226,2018-03-01
10005119,GLADEWATER CITY JAIL,511 SOUTH TYLER STREET,GLADEWATER,TX,75647,LOCAL,OPEN,-999,2016-03-01
10000183,BILLY MOORE CORRECTIONAL CENTER,8500 N FM 3053,OVERTON,TX,75684,STATE,OPEN,500,2016-09-15
10005120,MARVIN A SMITH CORRECTIONAL FACILITY,197 FLOYD WINGO DRIVE,KILGORE,TX,75662,COUNTY,OPEN,-999,2016-10-29
10002769,GREGG COUNTY JUVENILE PROBATION / DETENTION CENTER,310 TURK ST,LONGVIEW,TX,75601,COUNTY,OPEN,24,2018-04-27
10002770,GREGG COUNTY JAIL / COURTHOUSE,101 E METHVIN ST,LONGVIEW,TX,75601,COUNTY,OPEN,-999,2018-03-01
10002771,GREGG COUNTY NORTH JAIL,101 W WHALEY,LONGVIEW,TX,75601,COUNTY,OPEN,-999,2018-04-27
10004390,MARION COUNTY JAIL,114 WEST AUSTIN STREET,JEFFERSON,TX,75657,COUNTY,OPEN,36,2018-03-01
10000947,BOSSIER TRANSITIONAL WORK PROGRAM,181 MCCAULEY RD,PLAIN DEALING,LA,71064,COUNTY,OPEN,-999,2024-04-03
10000946,BOSSIER MEDIUM SECURITY FACILITY,2984 OLD PLAIN DEALING RD,PLAIN DEALING,LA,71064,COUNTY,OPEN,-999,2024-03-07
10002408,BOSSIER MAXIMUM SECURITY FACILITY,2985 OLD PLAIN DEALING RD,PLAIN DEALING,LA,71064,COUNTY,OPEN,-999,2024-03-07
10000945,BOSSIER PARISH MINIMUM SECURITY FACILITY,2960 OLD PLAIN DEALING RD,PLAIN DEALING,LA,71064,COUNTY,CLOSED,240,2016-07-10
10001637,BOSSIER PARISH JAIL,204 BURT BLVD,BENTON,LA,71006,COUNTY,NOT AVAILABLE,-999,2016-02-15
10002406,CADDO CORRECTIONAL CENTER,1101 FORUM DR,SHREVEPORT,LA,71107,COUNTY,OPEN,1500,2018-03-15
10000944,SHREVEPORT CITY JAIL,755 HOPE ST,SHREVEPORT,LA,71101,LOCAL,OPEN,-999,2018-05-17
10002765,HARRISON COUNTY JAIL,110 SOUTH FRANKLIN ST,MARSHALL,TX,75670,COUNTY,OPEN,-999,2018-04-27
10006868,HARRISON COUNTY JAIL ANNEX,2200 EAST TRAVIS STREET,MARSHALL,TX,75672,COUNTY,OPEN,-999,2018-04-27
10002764,WILLOUGHBY JUVENILE SERVICES,1401 WARREN DR,MARSHALL,TX,75670,COUNTY,OPEN,24,2018-04-27
10002785,PANOLA COUNTY JAIL,319 W WELLINGTON ST,CARTHAGE,TX,75633,COUNTY,OPEN,160,2018-03-01
10004401,SHELBY COUNTY JAIL,100 HURST STREET,CENTER,TX,75935,COUNTY,OPEN,66,2018-03-01
10002813,NACOGDOCHES COUNTY JAIL,2306 DOUGLASS RD,NACOGDOCHES,TX,75964,COUNTY,OPEN,292,2018-03-01
10005731,RUSK COUNTY JUVENILE DETENTION CENTER,122 NORTH CALHOUN STREET,HENDERSON,TX,75652,COUNTY,CLOSED,-999,2020-05-28
10001268,RUSK COUNTY JAIL,210 W CHARLEVOIX ST,HENDERSON,TX,75652,COUNTY,OPEN,292,2018-03-01
10002784,EAST TEXAS TREATMENT FACILITY,900 INDUSTRIAL DR,HENDERSON,TX,75652,STATE,OPEN,1060,2016-09-15
10001977,BRADSHAW STATE JAIL,3900 W LOOP 571 NORTH,HENDERSON,TX,75653,STATE,OPEN,1024,2016-09-15
10001276,ANGELINA COUNTY JUVENILE DETENTION CENTER,705 ELLEN TROUT,LUFKIN,TX,75904,COUNTY,OPEN,11,2018-04-25
10002826,ANGELINA COUNTY JAIL,2311 E LUFKIN AVE,LUFKIN,TX,75902,COUNTY,OPEN,279,2018-03-01
10000198,DUNCAN GERIATRIC FACILITY,1502 SOUTH 1ST ST,DIBOLL,TX,75941,STATE,OPEN,530,2016-09-15
10000197,DIBOLL CORRECTIONAL CENTER,1604 SOUTH 1ST ST,DIBOLL,TX,75941,STATE,OPEN,518,2016-09-15
10000205,POLUNSKY PRISON,3872 FM 350 SOUTH,LIVINGSTON,TX,77351,STATE,OPEN,2984,2016-09-15
20000902,IAH POLK ADULT DETENTION FACILITY,3400 FM 350 SOUTH,LIVINGSTON,TX,77351,FEDERAL,OPEN,1052,2024-02-06
10001277,POLK COUNTY JAIL,1733 N WASHINGTON AVE,LIVINGSTON,TX,77351,COUNTY,OPEN,362,2018-03-01
10002844,PLANE STATE JAIL,904 FM 686,DAYTON,TX,77535,STATE,OPEN,2064,2016-09-15
10000224,HIGHTOWER UNIT,902 FM 686,DAYTON,TX,77535,STATE,OPEN,1384,2016-09-15
10002845,HENLEY STATE JAIL,7581 HWY 321,DAYTON,TX,77535,STATE,OPEN,448,2016-09-15
10001278,TYLER COUNTY JAIL,702 N MAGNOLIA ST,WOODVILLE,TX,75979,COUNTY,OPEN,43,2018-03-01
10000208,LEWIS PRISON,777 FM 3497,WOODVILLE,TX,75990,STATE,OPEN,2130,2016-09-15
10004424,HARDIN COUNTY JAIL,300 WEST MONROE STREET,KOUNTZE,TX,77625,COUNTY,OPEN,196,2018-03-01
10004425,HARDIN COUNTY JUVENILE DETENTION CENTER,300 MONROE STREET,KOUNTZE,TX,77625,COUNTY,OPEN,7,2018-04-27
10005735,NEWTON COUNTY JAIL,110 E COURT STREET,NEWTON,TX,75966,COUNTY,OPEN,14,2018-03-01
10000204,GOODMAN TRANSFER FACILITY,349 PRIVATE RD 8430,JASPER,TX,75951,STATE,OPEN,68,2016-09-15
10002831,JASPER COUNTY JAIL,101 BURCH ST,JASPER,TX,75951,COUNTY,OPEN,147,2018-03-01
10004404,SAN AUGUSTINE COUNTY JAIL,219 NORTH HARRISON STREET,SAN AUGUSTINE,TX,75972,COUNTY,OPEN,34,2018-03-01
10004408,SABINE COUNTY JAIL,310 MAIN STREET,HEMPHILL,TX,75948,COUNTY,OPEN,17,2018-03-01
10005915,SABINE PARISH WOMEN'S JAIL,400 CAPITOL STREET,MANY,LA,71449,COUNTY,OPEN,30,2024-08-16
10004088,SABINE PARISH DETENTION CENTER,384 DETENTION CENTER RD,MANY,LA,71449,COUNTY,OPEN,150,2024-08-16
10002830,NEWTON COUNTY CORRECTIONAL CENTER,2402 E COURT ST,NEWTON,TX,75966,COUNTY,CLOSED,924,2017-07-25
10005918,VERNON PARISH JAIL,1203 S 4TH ST,LEESVILLE,LA,71446,COUNTY,OPEN,150,2024-08-19
10005916,GRANT PARISH DETENTION CENTER,485 RICHARDSON DRIVE,COLFAX,LA,71417,COUNTY,OPEN,106,2017-09-29
10006311,ALEXANDRIA STAGING FACILITY,96 GEORGE THOMPSON DR,ALEXANDRIA,LA,71303,FEDERAL,OPEN,400,2024-01-12
10006778,RAPIDES PARISH DETENTION CENTER II,400 B JOHN ALLISON DR,ALEXANDRIA,LA,71303,COUNTY,OPEN,200,2017-09-29
10000959,RAPIDES PARISH TRANSITIONAL WORK PROGRAM,400-C JOHN ALLISON DRIVE,ALEXANDRIA,LA,71303,COUNTY,OPEN,315,2017-09-29
10001649,RAPIDES PARISH DETENTION CENTER III,7400 ACADEMY DR,ALEXANDRIA,LA,71303,COUNTY,OPEN,381,2017-09-29
10000967,ALLEN CORRECTIONAL CENTER,3751 LAUDERDALE WOODYARD RD,KINDER,LA,70648,STATE,OPEN,-999,2023-12-31
10005921,ALLEN PARISH PUBLIC SAFETY COMPLEX,7340 HWY 26 WEST,OBERLIN,LA,70655,MULTI,OPEN,-999,2024-02-07
10000968,FCI OAKDALE II,2105 EAST WHATLEY ROAD,OAKDALE,LA,71463,FEDERAL,OPEN,-999,2016-02-16
10005922,OAKDALE CITY JAIL,118 10TH STREET,OAKDALE,LA,71463,LOCAL,OPEN,-999,2015-03-10
10006197,FCI OAKDALE II CAMP,2105 EAST WHATLEY,OAKDALE,LA,71463,FEDERAL,OPEN,-999,2016-02-16
10004095,FCI OAKDALE I,1507 EAST WHATLEY ROAD,OAKDALE,LA,71463,FEDERAL,OPEN,-999,2016-02-16
10001652,SOUTH LOUISIANA ICE PROCESSING CENTER,3843 STAGG AVE,BASILE,LA,70515,FEDERAL,OPEN,1000,2024-01-12
10005919,BASILE CITY JAIL,1316 SOUTH RYAN AVENUE,BASILE,LA,70515,LOCAL,OPEN,-999,2024-03-07
10004751,JEFFERSON DAVIS PARISH JAIL (OLD),321 EAST PLAQUEMINE STREET,JENNINGS,LA,70546,COUNTY,CLOSED,62,2018-03-15
20000900,JEFFERSON DAVIS PARISH JAIL,1704 SHANKLAND AVE,JENNINGS,LA,70546,COUNTY,OPEN,62,2018-03-15
10002421,CALCASIEU PARISH JUVENILE DETENTION CENTER,3615 E PRIEN LAKE RD,LAKE CHARLES,LA,70615,COUNTY,OPEN,38,2024-08-15
10002419,CALCASIEU CORRECTIONAL CENTER,5410 E BROAD ST,LAKE CHARLES,LA,70615,COUNTY,OPEN,683,2018-03-15
10002420,CALCASIEU SHERIFF'S PRISON,5300 E BROAD ST,LAKE CHARLES,LA,70615,COUNTY,OPEN,683,2016-02-15
10005928,ST MARTIN DEPORRES WORK RELEASE FACILITY - MALES,1101 CANVASBACK STREET,LAKE CHARLES,LA,70615,LOCAL,OPEN,-999,2016-02-15
10005927,CEDARWOOD FEMALE WORK RELEASE FACILITY,1101 CANVASBACK STREET,LAKE CHARLES,LA,70615,LOCAL,OPEN,-999,2018-05-17
10000969,BEAUREGARD PARISH JAIL,412 BOLIVAR BISHOP DR,DERIDDER,LA,70634,COUNTY,OPEN,161,2024-08-05
10002417,C PAUL PHELPS CORRECTIONAL CENTER,14925 STATE HWY 27 N,DEQUINCY,LA,70633,STATE,CLOSED,-999,2012-11-01
10002853,ORANGE COUNTY CORRECTIONAL FACILITY,205 S BORDER ST,ORANGE,TX,77630,COUNTY,OPEN,350,2018-04-27
10004752,CAMERON PARISH JAIL,124 RECREATION CENTER LANE,CAMERON,LA,70631,COUNTY,OPEN,88,2016-02-15
10002857,GIST STATE JAIL,3295 FM 3514,BEAUMONT,TX,77705,STATE,OPEN,2276,2016-09-15
10000229,STILES UNIT,3060 FM 3514,BEAUMONT,TX,77705,STATE,OPEN,2887,2016-09-15
10002859,AL PRICE STATE JUVENILE CORRECTIONAL FACILITY,3890 FM 3514,BEAUMONT,TX,77705,STATE,CLOSED,-999,2011-06-03
10002858,LEBLANC PRE-RELEASE FACILITY,3695 FM 3514,BEAUMONT,TX,77705,STATE,OPEN,1224,2016-09-15
10002855,JEFFERSON COUNTY CORRECTIONAL FACILITY,5030 HWY 69 S,BEAUMONT,TX,77705,COUNTY,OPEN,1220,2018-03-01
10002856,MINNIE ROGERS JUVENILE JUSTICE CENTER,5326 US HWY 69 S,BEAUMONT,TX,77705,COUNTY,OPEN,48,2018-04-30
10001989,FCI BEAUMONT MEDIUM,5830 KNAUTH ROAD,BEAUMONT,TX,77705,FEDERAL,OPEN,-999,2016-02-16
10001283,FCI BEAUMONT CAMP,5560 KNAUTH ROAD,BEAUMONT,TX,77705,FEDERAL,OPEN,-999,2016-02-16
10001990,USP BEAUMONT,6200 KNAUTH ROAD,BEAUMONT,TX,77705,FEDERAL,OPEN,-999,2016-02-16
10002860,FCI BEAUMONT LOW,5560 KNAUTH ROAD,BEAUMONT,TX,77705,FEDERAL,OPEN,-999,2016-02-16
10002854,JEFFERSON COUNTY DOWNTOWN JAIL,1001 PEARL ST,BEAUMONT,TX,77701,COUNTY,OPEN,501,2018-03-01
10002879,CHAMBERS COUNTY JAIL,201 N COURT,ANAHUAC,TX,77514,COUNTY,OPEN,148,2018-03-01
10002846,LIBERTY COUNTY JAIL,2400 BEAUMONT AVE,LIBERTY,TX,77575,COUNTY,OPEN,285,2018-04-30
10005738,BAYTOWN MUNICIPAL JAIL,3200 NORTH MAIN STREET,BAYTOWN,TX,77521,LOCAL,OPEN,-999,2018-05-22
10002896,JERRY J. ESMOND JUVENILE JUSTICE CENTER,6101 ATTWATER AVE,TEXAS CITY,TX,77590,COUNTY,OPEN,29,2018-04-26
10002897,YOUNG MEDICAL FACILITY COMPLEX,5509 ATTWATER AVE,DICKINSON,TX,77539,STATE,OPEN,455,2016-09-15
10002898,GALVESTON COUNTY JAIL,601 54TH STREET,GALVESTON,TX,77551,COUNTY,OPEN,1187,2018-03-01
10005130,HOSPITAL GALVESTON,809 HARBORSIDE DRIVE,GALVESTON,TX,77555,STATE,OPEN,365,2016-09-15
10000245,SCOTT PRISON,6999 RETRIEVE,ANGLETON,TX,77515,STATE,OPEN,1130,2016-09-15
10000243,CLEMENS PRISON,11034 HWY 36,BRAZORIA,TX,77422,STATE,OPEN,1536,2016-09-15
10000244,STRINGFELLOW PRISON,1200 FM 655,ROSHARON,TX,77583,STATE,OPEN,1531,2016-09-15
10000241,TERRELL PRISON,1300 FM 655,ROSHARON,TX,77583,STATE,OPEN,1603,2016-09-15
10001289,BRAZORIA JUVENILE DETENTION CENTER,20875 COUNTY RD 171,ANGLETON,TX,77515,COUNTY,OPEN,78,2016-03-24
10001996,BRAZORIA COUNTY DETENTION CENTER,3602 COUNTY RD 45,ANGLETON,TX,77515,COUNTY,OPEN,1170,2018-03-01
10006924,LEAGUE CITY JAIL,555 WEST WALKER STREET,LEAGUE CITY,TX,77573,LOCAL,OPEN,65,2018-05-22
10002871,HARRIS COUNTY YOUTH VILLAGE,210 J W MILLS DR,SEABROOK,TX,77586,COUNTY,OPEN,128,2018-04-27
10001285,PASADENA CITY JAIL,1202 DAVIS ST,PASADENA,TX,77506,LOCAL,OPEN,-999,2016-03-01
10002862,LYCHNER STATE JAIL,2350 ATASCOCITA ROAD,HUMBLE,TX,77396,STATE,OPEN,2276,2016-09-15
10000232,HARRIS COUNTY IPD - HUMBLE JAIL,7900 WILL CLAYTON BLVD,HUMBLE,TX,77038,COUNTY,NOT AVAILABLE,-999,2020-05-05
10002861,HOUSTON PROCESSING CENTER,15850 EXPORT PLAZA DR,HOUSTON,TX,77032,FEDERAL,OPEN,-999,2024-01-12
10002872,FDC HOUSTON,1200 TEXAS AVE,HOUSTON,TX,77002,FEDERAL,OPEN,-999,2016-02-16
10002864,HARRIS COUNTY JUVENILE DETENTION CENTER,1200 CONGRESS ST,HOUSTON,TX,77002,COUNTY,OPEN,250,2018-04-27
10002867,HARRIS COUNTY BAKERS STREET JAIL,1307 BAKER ST,HOUSTON,TX,77002,COUNTY,OPEN,1070,2018-04-27
10002865,HARRIS COUNTY INMATE PROCESSING DIVISION,1201 COMMERCE ST,HOUSTON,TX,77002,COUNTY,OPEN,-999,2018-04-27
10000231,HARRIS COUNTY DETENTION CENTER,1200 BAKER ST,HOUSTON,TX,77002,COUNTY,OPEN,4253,2017-04-13
10002869,KEGANS STATE JAIL,707 TOP ST,HOUSTON,TX,77002,STATE,NOT AVAILABLE,667,2016-09-15
10002868,HARRIS COUNTY 711 JAIL,711 N SAN JACINTO ST,HOUSTON,TX,77002,COUNTY,OPEN,144,2018-04-27
10002866,HARRIS COUNTY 701 JAIL,701 N SAN JACINTO ST,HOUSTON,TX,77002,COUNTY,OPEN,4144,2018-04-27
10001991,BURNETT-BAYLAND REHABILITATION CENTER,6500 CHIMNEY ROCK,HOUSTON,TX,77081,COUNTY,OPEN,96,2018-04-27
10001284,HARRIS COUNTY IPD - CYPRESSWOOD JAIL,6831 CYPRESSWOOD DR,SPRING,TX,77379,COUNTY,NOT AVAILABLE,-999,2020-05-28
10002873,CLAY ROAD JAIL HARRIS COUNTY IPD,16715 CLAY RD,HOUSTON,TX,77084,COUNTY,NOT AVAILABLE,-999,2020-05-28
10002884,JESTER I UNIT,1 JESTER RD,RICHMOND,TX,77406,STATE,CLOSED,-999,2017-05-26
10000234,JESTER III UNIT / TRUSTY CAMP,3 JESTER RD,RICHMOND,TX,77406,STATE,OPEN,1131,2016-09-15
10002886,SCOTT JESTER IV (PSYCHIATRIC FACILITY),4 JESTER RD,RICHMOND,TX,77406,STATE,OPEN,550,2016-09-15
10002885,VANCE UNIT,2 JESTER RD,RICHMOND,TX,77406,STATE,OPEN,378,2016-09-15
10001993,CENTRAL PRISON,ONE CIRCLE DR,SUGAR LAND,TX,77498,STATE,CLOSED,-999,2011-08-19
10005129,MISSOURI CITY JAIL,3849 CARTWRIGHT ROAD,MISSOURI CITY,TX,77459,LOCAL,OPEN,-999,2018-05-22
10002888,SUGAR LAND JAIL,1200 HWY 6 S,SUGAR LAND,TX,77478,LOCAL,OPEN,-999,2018-05-22
10000246,MEMORIAL,59 DARRINGTON RD,ROSHARON,TX,77583,STATE,OPEN,1610,2016-09-15
10000242,RAMSEY PRISON,1100 FM 655,ROSHARON,TX,77583,STATE,OPEN,1891,2016-09-15
10005128,ROSENBERG CITY JAIL,2120 4TH STREET,ROSENBERG,TX,77471,LOCAL,OPEN,-999,2018-05-22
10002883,FORT BEND COUNTY JUVENILE DETENTION CENTER,122 GOLFVIEW DR,RICHMOND,TX,77469,COUNTY,OPEN,80,2018-04-26
10002882,FORT BEND COUNTY JAIL,1410 WILLIAMS WAY BLVD,RICHMOND,TX,77469,COUNTY,OPEN,1770,2018-03-01
10002863,HARRIS COUNTY LEADERSHIP ACADEMY,9120 KATY-HOCKLEY RD,KATY,TX,77493,COUNTY,OPEN,96,2018-04-27
10002875,AUSTIN COUNTY JAIL,417 N CHESLEY ST,BELLVILLE,TX,77418,COUNTY,OPEN,90,2018-04-25
10002895,WHARTON COUNTY JAIL,315 E ELM ST,WHARTON,TX,77488,COUNTY,OPEN,144,2018-03-01
10002903,MATAGORDA COUNTY JAIL,2323 AVENUE E,BAY CITY,TX,77414,COUNTY,OPEN,192,2018-03-01
10002915,CALHOUN COUNTY JAIL / SHERIFF,211 S ANN ST,PORT LAVACA,TX,77979,COUNTY,OPEN,144,2018-03-01
10002901,JACKSON COUNTY JAIL,115 W MAIN,EDNA,TX,77957,COUNTY,OPEN,77,2018-03-01
10002907,VICTORIA COUNTY JAIL,101 N GLASS ST,VICTORIA,TX,77901,COUNTY,OPEN,524,2018-03-01
10002906,VICTORIA REGIONAL JUVENILE JUSTICE FACILITY,97 FOSTER FIELD DR,VICTORIA,TX,77904,COUNTY,OPEN,72,2017-08-11
10004436,GOLIAD COUNTY JAIL,701 EAST END STREET,GOLIAD,TX,77963,COUNTY,OPEN,48,2018-03-01
10002900,STEVENSON PRISON,1525 FM 766,CUERO,TX,77954,STATE,OPEN,1384,2016-09-15
10001290,DEWITT COUNTY JAIL,208 E LIVE OAK ST,CUERO,TX,77954,COUNTY,OPEN,161,2018-03-01
10002889,GONZALES COUNTY JAIL,1713 E SARAH DEWITT DR,GONZALES,TX,78629,COUNTY,OPEN,96,2018-03-01
10001992,CALDWELL COUNTY JAIL,1204 REED DR,LOCKHART,TX,78644,COUNTY,OPEN,301,2018-03-01
10002876,COLEMAN,1400 INDUSTRIAL BLVD,LOCKHART,TX,78644,STATE,OPEN,1000,2016-09-15
10004430,FAYETTE COUNTY JAIL,1646 NORTH JEFFERSON,LA GRANGE,TX,78945,COUNTY,OPEN,45,2018-03-01
10004433,LAVACA COUNTY JAIL,38 FM 318,HALLETTSVILLE,TX,77964,COUNTY,OPEN,48,2018-03-01
10002877,COLORADO COUNTY JAIL,2215 WALNUT ST,COLUMBUS,TX,78934,COUNTY,OPEN,99,2018-03-01
10000216,HAMILTON PRISON (PRE-RELEASE FACILITY),200 LEE MORRISON LANE,BRYAN,TX,77807,STATE,OPEN,1166,2016-09-15
10004418,BURLESON COUNTY JAIL,1334 STATE HWY 21 E,CALDWELL,TX,77836,COUNTY,OPEN,96,2018-03-01
10002833,ROCKDALE REGIONAL JUVENILE JUSTICE CENTER,696 N FM 487,ROCKDALE,TX,76567,COUNTY,OPEN,67,2018-04-30
10006430,LEE COUNTY JAIL,2122 FM 448,GIDDINGS,TX,78942,COUNTY,OPEN,107,2018-03-01
10000223,GIDDINGS STATE HOME / SCHOOL,1027 PVT ROAD 2261,GIDDINGS,TX,78942,STATE,OPEN,-999,2015-04-07
10006238,FCI BASTROP CAMP,1341 HIGHWAY 95 NORTH,BASTROP,TX,78602,FEDERAL,OPEN,-999,2016-02-16
10000226,FCI BASTROP,1341 HIGHWAY 95 NORTH,BASTROP,TX,78602,FEDERAL,OPEN,-999,2016-02-16
10002847,BASTROP COUNTY JAIL,200 JACKSON ST,BASTROP,TX,78602,COUNTY,OPEN,400,2018-03-01
10002842,TRAVIS COUNTY CORRECTIONAL COMPLEX,3614 BILL PRICE RD,DEL VALLE,TX,78617,COUNTY,OPEN,2806,2016-10-21
10001282,GARDNER-BETTS JUVENILE JUSTICE CENTER,2515 S CONGRESS AVE,AUSTIN,TX,78704,COUNTY,OPEN,120,2016-05-06
10001281,GARDNER BETTS JUVENILE JUSTICE CENTER,2515 S CONGRESS AVE,AUSTIN,TX,78704,COUNTY,OPEN,118,2016-05-06
10002841,TRAVIS COUNTY JAIL / CENTRAL BOOKING FACILITY,500 W 10TH ST,AUSTIN,TX,78701,COUNTY,OPEN,361,2016-10-21
10002843,TRAVIS COUNTY UNIT,8101 FM 969,AUSTIN,TX,78724,STATE,OPEN,1161,2016-09-15
10000222,TURMAN HOUSE,7308 CAMERON RD,AUSTIN,TX,78752,LOCAL,CLOSED,-999,2020-05-28
10000218,WILLIAMSON COUNTY JAIL,306 W 4TH ST,GEORGETOWN,TX,78626,COUNTY,OPEN,1128,2018-03-01
10002837,WILLIAMSON COUNTY JUVENILE JUSTICE CENTER,200 WILCO WAY,GEROGETOWN,TX,78626,COUNTY,OPEN,96,2016-03-11
10000219,T DON HUTTO RESIDENTIAL CENTER,1001 WELCH ST,TAYLOR,TX,76574,FEDERAL,OPEN,-999,2024-01-12
10001987,BARTLETT STATE JAIL,1018 ARNOLD DR,BARTLETT,TX,76511,STATE,CLOSED,-999,2017-06-06
10006863,BELL COUNTY LOOP JAIL,2405 S. LOOP 121,BELTON,TX,76513,COUNTY,OPEN,-999,2018-04-25
10001982,BELL COUNTY CENTRAL JAIL,111 W CENTRAL AVE,BELTON,TX,76513,COUNTY,OPEN,-999,2018-04-25
10001983,BELL COUNTY JUVENILE SERVICE CENTER,4800 E RANCIER AVE,KILLEEN,TX,76543,COUNTY,OPEN,100,2018-04-25
10005126,FALLS COUNTY JAIL,2847 STATE HIGHWAY 6,MARLIN,TX,76661,COUNTY,OPEN,107,2018-03-01
10002828,MARLIN UNIT,2893 STATE HWY 6,MARLIN,TX,76661,STATE,OPEN,606,2016-09-15
10002827,HOBBY PRISON,742 FM 712,MARLIN,TX,76661,STATE,OPEN,1384,2016-09-15
10002832,MILAM COUNTY JAIL,512 N JEFFERSON,CAMERON,TX,76520,COUNTY,OPEN,160,2018-03-01
10004412,ROBERTSON COUNTY JAIL,113 WEST DECHERD STREET,FRANKLIN,TX,77856,COUNTY,OPEN,53,2018-03-01
10004403,LEON COUNTY JAIL,606 EAST SAINT MARYS,CENTERVILLE,TX,75833,COUNTY,OPEN,53,2018-03-01
10000207,MADISON COUNTY JAIL,2005 E MAIN ST,MADISONVILLE,TX,77864,COUNTY,OPEN,51,2018-03-01
10001279,FPC BRYAN,1100 URSULINE AVE,BRYAN,TX,77803,FEDERAL,OPEN,-999,2016-02-16
10000217,R. J. HOLMGREEN JUVENILE JUSTICE CENTER,1904 W STATE HWY 21,BRYAN,TX,77803,COUNTY,OPEN,48,2018-04-25
10001986,BRAZOS COUNTY DETENTION CENTER,1835 SANDY POINT RD,BRYAN,TX,77807,COUNTY,OPEN,1087,2018-03-01
10002848,WASHINGTON COUNTY JAIL,1206 OLD INDEPENDENCE RD,BRENHAM,TX,77833,COUNTY,OPEN,176,2018-03-01
10002852,WALLER COUNTY JAIL,701 CALVIT ST,HEMPSTEAD,TX,77445,COUNTY,OPEN,110,2018-03-01
10002838,PACK PRISON AND TRUSTY CAMP,2400 WALLACE PACK RD,NAVASOTA,TX,77868,STATE,OPEN,1478,2016-09-15
10000220,LUTHER PRISON AND TRUSTY CAMP,1800 LUTHER DR,NAVASOTA,TX,77868,STATE,OPEN,1316,2024-04-22
10001280,GRIMES COUNTY JAIL,382 FM 149 W,ANDERSON,TX,77830,COUNTY,OPEN,111,2018-03-01
10000209,HOLLIDAY TRANSFER FACILITY,295 IH 45 NORTH,HUNTSVILLE,TX,77320,STATE,OPEN,2120,2016-09-15
10000211,WYNNE PRISON,810 FM 2821,HUNTSVILLE,TX,77349,STATE,OPEN,2621,2016-09-15
10002834,WALKER COUNTY JAIL,751 FM 2821 W,HUNTSVILLE,TX,77320,COUNTY,OPEN,268,2018-03-01
10001984,BYRD DIAGNOSTIC INTAKE FACILITY,21 FM 247,HUNTSVILLE,TX,77320,STATE,OPEN,1341,2016-09-15
10000210,HUNTSVILLE PRISON,815 12TH ST,HUNTSVILLE,TX,77348,STATE,OPEN,1705,2016-09-15
10000213,GOREE PRISON AND TRUSTY CAMP,7405 HWY 75 SOUTH,HUNTSVILLE,TX,77344,STATE,OPEN,1321,2016-09-15
10006301,JOE CORLEY PROCESSING FACILITY,500 HILBIG STREET,CONROE,TX,77301,MULTI,OPEN,1517,2024-01-12
10000221,MONTGOMERY COUNTY JUVENILE DETENTION CENTER,200 ACADEMY DR,CONROE,TX,77301,COUNTY,OPEN,85,2018-05-01
10001988,MONTGOMERY COUNTY CENTRAL JAIL,1 CRIMINAL JUSTICE DR,CONROE,TX,77301,COUNTY,OPEN,1253,2018-03-01
10000225,BELL CORRECTIONAL CENTER,901 E 5TH ST,CLEVELAND,TX,77328,STATE,OPEN,520,2016-09-15
10002836,SAN JACINTO COUNTY JAIL,75 W CEDAR AVE,COLDSPRING,TX,77331,COUNTY,OPEN,144,2018-03-01
10004411,TRINITY COUNTY JAIL,214 1ST STREET,GROVETON,TX,75845,COUNTY,OPEN,7,2018-03-01
10000212,ELLIS PRISON,1697 FM 980,HUNTSVILLE,TX,77343,STATE,OPEN,2073,2016-09-15
10000215,ESTELLE PRISON,264 FM 3478,HUNTSVILLE,TX,77320,STATE,OPEN,3360,2016-09-15
10002822,WAINWRIGHT UNIT,2665 PRISON ROAD 1,LOVELADY,TX,75851,STATE,OPEN,2143,2016-09-15
10000206,FERGUSON PRISON,12120 SAVAGE DR,MIDWAY,TX,75852,STATE,OPEN,2096,2016-09-15
10002825,HOUSTON COUNTY JAIL,700A SOUTH 4TH STREET,CROCKETT,TX,75835,COUNTY,OPEN,224,2018-03-01
10002824,SERENITY PLACE,1701 SW LOOP 304,CROCKETT,TX,75835,STATE,CLOSED,-999,2017-09-23
10002790,CHEROKEE COUNTY JAIL,272 UNDERWOOD ST,RUSK,TX,75785,COUNTY,OPEN,188,2018-03-01
10002791,HODGE UNIT,379 FM 2972 WEST,RUSK,TX,75785,STATE,OPEN,989,2016-09-15
10002792,SKYVIEW PSYCHIATRIC FACILITY,379 FM 2972 WEST,RUSK,TX,75785,STATE,OPEN,562,2016-09-15
10001271,ANDERSON COUNTY JAIL,1200 E LACY ST,PALESTINE,TX,75801,COUNTY,OPEN,300,2018-03-01
10001270,ANDERSON COUNTY JUVENILE DETENTION CENTER,1120 E CRAWFORD ST,PALESTINE,TX,75801,COUNTY,NOT AVAILABLE,25,2020-05-28
10000185,POWLEDGE PRISON,1400 FM 3452,PALESTINE,TX,75803,STATE,OPEN,1137,2016-09-15
10000187,COFFIELD UNIT,2661 FM 2054,TENNESSEE COLONY,TX,75884,STATE,OPEN,4139,2016-09-15
10000184,GURNEY TRANSFER FACILITY,1385 FM 3328,PALESTINE,TX,75803,STATE,CLOSED,-999,2016-09-15
10001978,BETO PRISON,1391 FM 3328,TENNESSEE COLONY,TX,75880,STATE,OPEN,3471,2016-09-15
10000186,MICHAEL STATE PRISON,2664 FM 2054,TENNESSEE COLONY,TX,75886,STATE,OPEN,2552,2016-09-15
10000190,BOYD CORRECTIONAL UNIT,200 SPUR 113,TEAGUE,TX,75860,STATE,OPEN,1372,2016-09-15
10005123,FREESTONE COUNTY JAIL,103 S KEECHI STREET,FAIRFIELD,TX,75840,COUNTY,OPEN,44,2018-03-01
10002786,HENDERSON COUNTY DETENTION CENTER,206A N MURCHISON ST,ATHENS,TX,75751,COUNTY,OPEN,509,2018-03-01
10001269,HENDERSON COUNTY JUVENILE DETENTION CENTER,201 E LARKIN ST,ATHENS,TX,75751,COUNTY,CLOSED,-999,2018-04-27
10002762,VAN ZANDT COUNTY JAIL,1220 W DALLAS ST,CANTON,TX,75103,COUNTY,OPEN,192,2018-03-01
10002761,KAUFMAN COUNTY LAW ENFORCEMENT CENTER,1900 E US HWY 175,KAUFMAN,TX,75142,COUNTY,OPEN,531,2018-03-01
10004386,RAINS COUNTY JAIL,313 NORTH STREET,EMORY,TX,75440,COUNTY,OPEN,47,2018-03-01
10001260,WOOD COUNTY JAIL,402 S STEPHENS ST,QUITMAN,TX,75783,COUNTY,OPEN,157,2018-03-01
10002763,VAN ZANDT COUNTY MULTI-YOUTH CENTER,323 E GARLAND ST,GRAND SALINE,TX,75140,COUNTY,OPEN,16,2018-05-02
10002766,SMITH COUNTY JAIL - LOW RISK DIVISION,2811 PUBLIC RD,TYLER,TX,75702,COUNTY,OPEN,432,2018-05-01
10006872,SMITH COUNTY COURTHOUSE JAIL,100 N BROADWAY,TYLER,TX,75701,COUNTY,CLOSED,47,2018-05-01
10002767,SMITH COUNTY JAIL - CENTRAL DIVISION,227 N SPRING ST,TYLER,TX,75701,COUNTY,OPEN,276,2018-05-01
10002768,SMITH COUNTY JUVENILE DETENTION CENTER,2630 MORNINGSIDE DR,TYLER,TX,75708,COUNTY,OPEN,69,2018-05-01
10000161,JOHNSTON SAFPF,703 AIRPORT RD,WINNSBORO,TX,75494,STATE,OPEN,612,2016-09-30
10002742,FRANKLIN COUNTY JAIL,208 STATE HWY 37,MOUNT VERNON,TX,75457,COUNTY,OPEN,112,2018-03-01
10002743,HOPKINS COUNTY JAIL,298 ROSEMONT,SULPHUR SPRINGS,TX,75482,COUNTY,OPEN,192,2018-03-01
10004378,DELTA COUNTY JAIL,200 WEST BONHAM ST,COOPER,TX,75432,COUNTY,OPEN,20,2018-03-01
10002724,LAMAR COUNTY JAIL,125 BROWN AVE,PARIS,TX,75460,COUNTY,OPEN,196,2018-03-01
10006046,PUSHMATAHA COUNTY JAIL / SHERIFF,207 SW 3RD ST,ANTLERS,OK,74523,COUNTY,OPEN,-999,2018-04-16
10005495,CHOCTAW COUNTY JAIL,305 E JEFFERSON,HUGO,OK,74743,COUNTY,OPEN,-999,2018-04-13
10003591,HOWARD MCLEOD CORRECTIONAL CENTER,19603 E WHIPPOORWILL LN,ATOKA,OK,74525,STATE,OPEN,700,2018-01-02
10005494,BRYAN COUNTY AUXILIARY JAIL,125 S 5TH AVE,DURANT,OK,74701,COUNTY,CLOSED,-999,2013-03-28
10005492,BRYAN COUNTY JAIL,402 W EVERGREEN ST,DURANT,OK,74701,COUNTY,OPEN,-999,2018-04-12
10005493,BRYAN COUNTY JUVENILE DETENTION CENTER,420 W EVERGREEN ST,DURANT,OK,74701,COUNTY,CLOSED,-999,2018-04-13
10001254,FANNIN COUNTY SOUTH JAIL ANNEX,725 COUNTY RD 4200,BONHAM,TX,75418,COUNTY,OPEN,96,2018-03-01
10002725,CHOICE MOORE TRANSFER FACILITY,1700 N FM 87,BONHAM,TX,75418,STATE,OPEN,1224,2016-09-15
10002726,COLE STATE JAIL,3801 SILO RD,BONHAM,TX,75418,STATE,OPEN,900,2016-09-15
10006517,FANNIN COUNTY DETENTION CENTER,2389 SILO ROAD,BONHAM,TX,75418,COUNTY,OPEN,528,2017-10-16
10002735,HUNT COUNTY JUVENILE DETENTION CENTER,2700 JOHNSON ST,GREENVILLE,TX,75401,COUNTY,CLOSED,37,2016-06-28
10002734,HUNT COUNTY DETENTION CENTER,2801 STUART ST,GREENVILLE,TX,75401,COUNTY,OPEN,393,2018-03-01
10002756,ROCKWALL COUNTY JAIL,950 T L TOWNSEND DR,ROCKWALL,TX,75087,COUNTY,OPEN,243,2018-05-01
10005115,WYLIE MUNICIPAL COMPLEX,2000 NORTH STATE HIGHWAY 78,WYLIE,TX,75098,LOCAL,OPEN,-999,2018-05-22
10002736,JOHN R ROACH JUVENILE DETENTION CENTER,4700 COMMUNITY AVE,MCKINNEY,TX,75071,COUNTY,OPEN,144,2018-04-26
10002737,COLLIN COUNTY DETENTION FACILITY,4300 COMMUNITY AVE,MCKINNEY,TX,75071,COUNTY,OPEN,1298,2018-03-01
10005116,PLANO CITY JAIL,900 E 15TH STREET,PLANO,TX,75074,LOCAL,OPEN,-999,2018-05-22
10000173,GARLAND CITY JAIL,1900 W STATE ST,GARLAND,TX,75042,LOCAL,OPEN,137,2018-05-22
10005118,CARROLLTON CITY JAIL,2001 E JACKSON RD,CARROLLTON,TX,75006,LOCAL,OPEN,-999,2018-05-22
10006923,FRISCO CITY JAIL,7200 STONEBROOK PARKWAY,FRISCO,TX,75034,LOCAL,OPEN,41,2018-05-22
10002718,GRAYSON COUNTY DETENTION CENTER,200 S CROCKETT ST,SHERMAN,TX,75090,COUNTY,OPEN,487,2018-03-01
10002719,"COOKE, FANNIN & GRAYSON COUNTY JUVENILE BOOT CAMP",86 DYESS DR,DENISON,TX,75020,COUNTY,OPEN,57,2018-04-27
10002721,GRAYSON COUNTY LOW RISK DETENTION CENTER,5503 AIRPORT DR,DENISON,TX,75020,COUNTY,OPEN,-999,2018-04-27
10002720,"COOKE, FANNIN & GRAYSON COUNTY DETENTION CENTER",86 DYESS,DENISON,TX,75020,COUNTY,OPEN,30,2018-04-27
10006052,JOHNSTON COUNTY JAIL,110 N CAPITOL,TISHOMINGO,OK,73460,COUNTY,OPEN,-999,2018-04-13
10006359,MADILL COMMUNITY WORK CENTER,210 S. 11TH STREET,MADILL,OK,73446,STATE,CLOSED,-999,2016-08-05
10006054,MARSHALL COUNTY JAIL,207 N 4TH ST,MADILL,OK,73446,COUNTY,OPEN,-999,2018-04-13
10003594,ARDMORE COMMUNITY WORK CENTER,316 GRUMMAN,ARDMORE,OK,73401,STATE,CLOSED,100,2016-08-05
10002723,GAINESVILLE STATE SCHOOL,1379 FM 678,GAINESVILLE,TX,76240,STATE,OPEN,-999,2015-03-05
10002722,COOKE COUNTY JAIL,300 COUNTY RD 451,GAINESVILLE,TX,76240,COUNTY,OPEN,212,2018-03-01
10006055,LOVE COUNTY JAIL,408 W CHICKASAW,MARIETTA,OK,73448,COUNTY,OPEN,-999,2018-04-13
10005490,CARTER COUNTY DETENTION CENTER,100 S WASHINGTON,ARDMORE,OK,73401,COUNTY,OPEN,-999,2018-04-13
10005491,CARTER COUNTY COMMUNITY WORK CENTER,5268 SANTA FE RD,WILSON,OK,73463,STATE,CLOSED,100,2016-08-05
10002717,MONTAGUE COUNTY JAIL,111 SOUTH GRAND ST,MONTAGUE,TX,76251,COUNTY,OPEN,101,2018-03-01
10000158,BRIDGEPORT PRE-PAROLE TRANSFER FACILITY,222 LAKE RD,BRIDGEPORT,TX,76426,STATE,CLOSED,-999,2017-06-02
10001969,BRIDGEPORT CORRECTIONAL CENTER,4000 N 10TH ST,BRIDGEPORT,TX,76426,STATE,OPEN,520,2016-09-15
10002733,WISE COUNTY JAIL,200 ROOK RAMSEY DR,DECATUR,TX,76234,COUNTY,OPEN,338,2018-03-01
10001257,"DENTON COUNTY JAIL, PRE-TRIAL FACILITY",1406 TROY H. LAGRONE DRIVE,DENTON,TX,76205,COUNTY,OPEN,700,2018-04-26
10001256,DENTON COUNTY MAIN JAIL,127 N WOODROW LN,DENTON,TX,76205,COUNTY,OPEN,700,2018-04-26
10001258,DENTON COUNTY JUVENILE DETENTION CENTER,210 S WOODROW LANE,DENTON,TX,76205,COUNTY,OPEN,128,2018-04-26
10001255,MCFADDEN RANCH,3505 N HAYNES RD,ROANOKE,TX,76262,STATE,NOT AVAILABLE,-999,2017-06-07
10001261,WILLOUGHBY HOUSE,8100 W ELIZABETH LN,FORT WORTH,TX,76116,STATE,NOT AVAILABLE,-999,2016-02-04
10004394,SOMERVELL COUNTY JAIL,750 EAST GIBBS BOULEVARD,GLEN ROSE,TX,76043,COUNTY,OPEN,57,2018-03-01
10002775,JOHNSON COUNTY CORRECTIONS CENTER,1800 RIDGEMAR DR,CLEBURNE,TX,76031,COUNTY,OPEN,1100,2018-03-01
10000178,ESTES PRISON,1100 HWY 1807,VENUS,TX,76084,STATE,OPEN,1040,2016-09-15
10006515,PRAIRIELAND DETENTION CENTER,1209 SUNFLOWER LANE,ALVARADO,TX,76009,FEDERAL,OPEN,707,2024-01-12
10006925,MANSFIELD JAIL,1601 HERITAGE PARKWAY,MANSFIELD,TX,76063,LOCAL,OPEN,-999,2018-05-22
10000164,TARRANT COUNTY COMMUNITY CORRECTIONS CENTER,651 JUSTICE LN,MANSFIELD,TX,76063,COUNTY,CLOSED,-999,2018-05-01
10000163,FMC FORT WORTH,3150 HORTON RD,FORT WORTH,TX,76119,FEDERAL,OPEN,-999,2016-02-16
10002748,TARRANT COUNTY JAIL - COLD SPRINGS,1815 COLD SPRINGS RD,FORT WORTH,TX,76102,COUNTY,OPEN,1100,2018-05-01
10006873,LON EVANS CORRECTIONS CENTER,600 W WEATHERFORD STREET,FORT WORTH,TX,76196,COUNTY,OPEN,-999,2018-05-01
10000166,TARRANT COUNTY CORRECTIONS CENTER,100 N LAMAR,FORT WORTH,TX,76196,COUNTY,OPEN,1271,2018-05-01
10002749,TARRANT COUNTY JAIL - BELKNAP,350 W BELKNAP,FORT WORTH,TX,76102,COUNTY,OPEN,1100,2018-05-01
10001972,FMC CARSWELL CAMP,"NAVAL AIR STATION, J ST BLDG 3000",FORT WORTH,TX,76127,FEDERAL,OPEN,-999,2016-02-16
10000165,FMC CARSWELL,"NAVAL AIR STATION, J ST BLDG 3000",FORT WORTH,TX,76127,FEDERAL,OPEN,-999,2016-02-16
10000167,TARRANT COUNTY JAIL - GREENBAY,2500 URBAN DR,FORT WORTH,TX,76106,COUNTY,OPEN,1100,2018-05-01
10002747,LYNN W ROSS JUVENILE DETENTION CENTER,2701 KIMBO RD,FORT WORTH,TX,76111,COUNTY,OPEN,120,2018-05-01
10001971,ARLINGTON CITY JAIL,620 W DIVISION ST,ARLINGTON,TX,76011,LOCAL,OPEN,-999,2018-05-22
10006926,EULESS CITY JAIL,1102 W EULESS BLVD,EULESS,TX,76040,LOCAL,OPEN,-999,2018-05-22
10000170,IRVING CITY JAIL,305 N O'CONNOR RD,IRVING,TX,75061,LOCAL,OPEN,172,2018-05-02
10000171,GRAND PRAIRIE DETENTION CENTER,1525 ARKANSAS LN,GRAND PRAIRIE,TX,75051,LOCAL,OPEN,210,2018-05-22
10002751,DALLAS CITY DETENTION CENTER,1600 CHESTNUT ST,DALLAS,TX,75226,LOCAL,OPEN,-999,2018-05-22
10002753,GEORGE ALLEN JAIL (GOVERNMENT CENTER JAIL),600 COMMERCE ST,DALLAS,TX,75202,COUNTY,CLOSED,800,2018-04-26
10001264,DECKER DETENTION CENTER,899 N STEMMONS FWY,DALLAS,TX,75202,COUNTY,CLOSED,1080,2018-05-02
10000169,SUZANNE KAYS JAIL,521 N INDUSTRIAL BLVD,DALLAS,TX,75207,COUNTY,CLOSED,1008,2018-04-26
10001263,NORTH TOWER DETENTION FACILITY,111 W COMMERCE ST,DALLAS,TX,75202,COUNTY,OPEN,3292,2018-04-26
10002752,WEST TOWER DETENTION FACILITY,111 W COMMERCE ST,DALLAS,TX,75202,COUNTY,OPEN,1530,2018-04-26
10001262,SOUTH TOWER DETENTION FACILITY,111 W COMMERCE ST,DALLAS,TX,75202,COUNTY,OPEN,2304,2018-04-26
10000168,DAWSON STATE JAIL,1106 COMMERCE ST,DALLAS,TX,75207,STATE,CLOSED,-999,2015-10-23
10002750,HENRY WADE JUVENILE JUSTICE CENTER,2600 LONE STAR DR,DALLAS,TX,75212,COUNTY,OPEN,322,2018-04-26
10001265,COTTRELL HOUSE,7929 MILITARY PKWY,DALLAS,TX,75227,STATE,OPEN,24,2016-03-03
10006922,MESQUITE CITY JAIL,777 N GALLOWAY,MESQUITE,TX,75149,LOCAL,OPEN,-999,2018-05-22
10000172,FCI SEAGOVILLE,2113 NORTH HWY 175,SEAGOVILLE,TX,75159,FEDERAL,OPEN,-999,2016-02-16
10006298,FCI SEAGOVILLE CAMP,2113 NORTH HWY 175,SEAGOVILLE,TX,75159,FEDERAL,OPEN,-999,2016-02-16
10006866,DALLAS COUNTY YOUTH VILLAGE,1576 E LANGDON ROAD,DALLAS,TX,75241,COUNTY,OPEN,72,2015-10-09
10002754,LYLE B MEDLOCK RESIDENTIAL TREATMENT CENTER,1576 E LANGDON RD,DALLAS,TX,75241,COUNTY,OPEN,96,2018-04-26
10002755,HUTCHINS STATE JAIL,1500 E LANGDON RD,DALLAS,TX,75241,STATE,OPEN,2276,2016-09-15
10002776,ELLIS COUNTY JAIL,300 S JACKSON ST,WAXAHACHIE,TX,75165,COUNTY,OPEN,856,2018-04-26
10002787,NAVARRO COUNTY JAIL,312 W 2ND AVE,CORSICANA,TX,75110,COUNTY,OPEN,290,2018-03-01
10005732,TYC CORSICANA RESIDENTIAL TREATMENT CENTER,4000 WEST 2ND AVENUE,CORSICANA,TX,75110,STATE,CLOSED,-999,2014-02-12
10002815,LIMESTONE COUNTY JAIL - YEAGUA ST,1221 E YEAGUA ST,GROESBECK,TX,76642,COUNTY,CLOSED,64,2011-03-21
10002814,LIMESTONE COUNTY DETENTION CENTER,910 N TYUS ST,GROESBECK,TX,76642,COUNTY,OPEN,1006,2024-01-12
10006869,LIMESTONE COUNTY JAIL,912 N TYUS ST,GROESBECK,TX,76642,COUNTY,OPEN,213,2018-03-01
10001273,LIMESTONE COUNTY JUVENILE FACILITY,908 N TYUS ST,GROESBECK,TX,76642,COUNTY,OPEN,17,2018-04-30
10001979,MCLENNAN COUNTY STATE JUVENILE CORRECTIONAL FACILITY,116 BURLESON RD,MART,TX,76664,STATE,OPEN,-999,2016-01-14
10001980,MCLENNAN RESIDENTIAL TREATMENT CENTER,116 BURLESON RD,MART,TX,76664,STATE,OPEN,-999,2016-01-14
10006665,JACK HARWELL DETENTION CENTER,3101 MARLIN HWY,WACO,TX,76705,MULTI,NOT AVAILABLE,816,2018-01-12
10002810,MCLENNAN COUNTY JAIL HWY 6,3201 E STATE HWY 6,WACO,TX,76701,COUNTY,OPEN,931,2018-03-01
10002811,MCLENNAN COUNTY DETENTION CENTER,520 COLUMBUS AVE,WACO,TX,76710,COUNTY,NOT AVAILABLE,328,2018-03-01
10002812,BILL LOGUE JUVENILE JUSTICE CENTER,2601 GHOLSON RD,WACO,TX,76704,COUNTY,OPEN,80,2018-03-01
10002788,HILL COUNTY JAIL,406 HALL ST,HILLSBORO,TX,76645,COUNTY,OPEN,203,2018-03-01
10005121,BOSQUE COUNTY JAIL,305 WEST MORGAN STREET,MERIDIAN,TX,76665,COUNTY,OPEN,35,2018-03-01
10000196,HUGHES PRISON,3201 FM 929,GATESVILLE,TX,76597,STATE,OPEN,2984,2016-09-15
10000194,O'DANIEL UNIT,2305 RANSOM RD,GATESVILLE,TX,76528,STATE,OPEN,644,2016-09-15
10002817,HILLTOP UNIT,1500 STATE SCHOOL RD,GATESVILLE,TX,76598,STATE,OPEN,553,2016-09-15
10001275,CRAIN UNIT,1401 STATE SCHOOL RD,GATESVILLE,TX,76599,STATE,OPEN,2115,2016-09-15
10001274,MURRAY PRISON,1916 NORTH HWY 36 BYPASS,GATESVILLE,TX,76596,STATE,OPEN,1264,2016-09-15
10000195,WOODMAN STATE JAIL,1210 CORYELL CITY RD,GATESVILLE,TX,76528,STATE,OPEN,900,2016-09-15
10002816,CORYELL COUNTY JAIL,510 LEON ST,GATESVILLE,TX,76528,COUNTY,OPEN,92,2018-03-01
10004399,HAMILTON COUNTY JAIL,1108 SOUTH RICE,HAMILTON,TX,76531,COUNTY,OPEN,24,2018-03-01
10004402,MILLS COUNTY JAIL,2111 PRIDDY RD,GOLDTHWAITE,TX,76844,COUNTY,OPEN,39,2018-03-01
10002799,HAVINS PRE-RELEASE FACILITY,500 FM 45 EAST,BROWNWOOD,TX,76801,STATE,OPEN,596,2016-09-15
10005122,BROWN COUNTY JAIL / LAW ENFORCEMENT CENTER,1050 W COMMERCE,BROWNWOOD,TX,76801,COUNTY,OPEN,196,2018-03-01
10000189,RON JACKSON STATE JUVENILE CORRECTIONAL COMPLEX,611 FM 3254,BROWNWOOD,TX,76801,STATE,OPEN,-999,2017-03-08
10000188,BROWNWOOD HALFWAY HOUSE,910 FM 3254,BROWNWOOD,TX,76801,STATE,NOT AVAILABLE,-999,2017-03-08
10002789,COMANCHE COUNTY JAIL,300 INDUSTRIAL BLVD,COMANCHE,TX,76442,COUNTY,OPEN,145,2018-03-01
10002782,EASTLAND COUNTY JAIL,201 W WHITE,EASTLAND,TX,76448,COUNTY,OPEN,97,2018-03-01
10001267,STEPHENS COUNTY LAW ENFORCEMENT CENTER,210 EAST DYER,BRECKENRIDGE,TX,76424,COUNTY,OPEN,54,2018-03-01
10002745,PALO PINTO COUNTY JAIL,420 CEDAR ST,PALO PINTO,TX,76484,COUNTY,OPEN,142,2018-03-01
10002783,ERATH COUNTY JAIL,1043 GLEN ROSE RD,STEPHENVILLE,TX,76401,COUNTY,OPEN,145,2018-04-26
10002774,LAKE GRANBURY YOUTH SERVICES,1300 CROSSLAND RD,GRANBURY,TX,76048,COUNTY,OPEN,96,2018-04-27
10002773,HOOD COUNTY JAIL,400 DEPUTY LARRY MILLER DR,GRANBURY,TX,76048,COUNTY,OPEN,192,2018-03-01
10002746,PARKER COUNTY JAIL,612 JAMESON ST,WEATHERFORD,TX,76086,COUNTY,OPEN,449,2018-03-01
10000162,MINERAL WELLS PRE-PAROLE TRANSFER FACILITY,759 HEINTZELMAN RD,MINERAL WELLS,TX,76067,STATE,CLOSED,-999,2013-06-14
10002732,JACK COUNTY JAIL,1432 FM 3344,JACKSBORO,TX,76458,COUNTY,OPEN,108,2018-03-01
10000157,LINDSEY STATE JAIL,1620 FM 3344,JACKSBORO,TX,76458,STATE,OPEN,1031,2016-09-15
10006362,WAURIKA COMMUNITY WORK CENTER,109 WEST ANDERSON AVE.,WAURIKA,OK,73573,STATE,CLOSED,-999,2016-08-05
10006053,JEFFERSON COUNTY JAIL AND DETENTION CENTER,102 W C AVE,WAURIKA,OK,73573,COUNTY,OPEN,103,2020-05-28
10006864,CLAY COUNTY JAIL,215 WEST GILBERT STREET,HENRIETTA,TX,76365,COUNTY,OPEN,38,2018-03-01
10004376,ARCHER COUNTY JAIL,100 LAW ENFORCEMENT WAY,ARCHER CITY,TX,76351,COUNTY,OPEN,48,2018-03-01
10001253,WICHITA COUNTY JAIL - DOWNTOWN FACILITY,900 7TH ST,WICHITA FALLS,TX,76301,COUNTY,OPEN,253,2018-05-02
10001252,JUDGE ARTHUR R. TIPPS JUVENILE JUSTICE CENTER,510 LAMAR ST,WICHITA FALLS,TX,76301,COUNTY,OPEN,32,2018-05-02
10002716,ALLRED PRISON,2101 FM 369 N,IOWA PARK,TX,76367,STATE,OPEN,3708,2016-09-15
10004381,YOUNG COUNTY JAIL,315 NORTH CLIFF DRIVE,GRAHAM,TX,76450,COUNTY,OPEN,144,2018-03-01
10002759,SAYLE SAFPF,4176 FM 1800,BRECKENRIDGE,TX,76424,STATE,OPEN,632,2016-09-15
10000177,JONES COUNTY JAIL,1100 11TH ST,ANSON,TX,79501,COUNTY,OPEN,96,2018-03-01
20000903,BLUEBONNET DETENTION FACILITY,400 2ND ST,ANSON,TX,79501,FEDERAL,OPEN,1000,2024-01-12
10004379,ROLLING PLAINS REGIONAL JAIL AND DETENTION CENTER,118 COUNTY ROAD 206,HASKELL,TX,79521,COUNTY,OPEN,548,2017-03-01
10002711,VICTORY FIELD CORRECTIONAL ACADEMY,P.O.BOX 2010,VERNON,TX,76385,STATE,CLOSED,-999,2015-10-23
10005729,WILBARGER COUNTY JAIL,5215 COLLEGE DRIVE,VERNON,TX,76384,COUNTY,OPEN,49,2018-03-01
10004373,FOARD COUNTY JAIL,200 SOUTH 1ST STREET,CROWELL,TX,79227,COUNTY,CLOSED,-999,2018-04-26
10004375,KNOX COUNTY JAIL,104 SOUTH STEWART STREET,BENJAMIN,TX,79505,COUNTY,OPEN,14,2018-03-01
10004380,STONEWALL COUNTY JAIL,432 SOUTH JEFFERSON,ASPERMONT,TX,79502,COUNTY,OPEN,10,2018-03-01
10004387,FISHER COUNTY JAIL,NORTH 2ND STREET AND WATER STREET,ROBY,TX,79543,COUNTY,OPEN,24,2018-03-01
10004391,NOLAN COUNTY JAIL,211 AVENGER FIELD RD,SWEETWATER,TX,79556,COUNTY,OPEN,96,2018-03-01
10002780,TAYLOR COUNTY JAIL,910 S 27TH,ABILENE,TX,79602,COUNTY,OPEN,874,2018-03-01
10002781,TAYLOR COUNTY JUVENILE DETENTION CENTER,889 S 25TH ST,ABILENE,TX,79602,COUNTY,OPEN,22,2018-05-01
10000175,ROBERTSON PRISON,12071 FM 3522,ABILENE,TX,79601,STATE,OPEN,2978,2016-09-15
10000176,MIDDLETON TRANSFER FACILITY,13055 FM 3522,ABILENE,TX,79601,STATE,OPEN,2128,2016-09-15
10004389,SHACKELFORD COUNTY JAIL,791 US HWY 180 WEST,ALBANY,TX,76430,COUNTY,OPEN,27,2018-03-01
10004393,CALLAHAN COUNTY JAIL,432 MARKET ST,BAIRD,TX,79504,COUNTY,OPEN,10,2018-03-01
10004398,COLEMAN COUNTY JAIL,100 WEST LIVEOAK STREET,COLEMAN,TX,76834,COUNTY,OPEN,9,2018-03-01
10004397,RUNNELS COUNTY JAIL,200 SOUTH HICKORY HILL DRIVE,BALLINGER,TX,76821,COUNTY,OPEN,87,2018-03-01
10002818,TOM GREEN COUNTY JUVENILE DETENTION CENTER,1253 W 19TH ST,SAN ANGELO,TX,76903,COUNTY,OPEN,25,2018-05-01
10002819,TOM GREEN COUNTY JAIL,122 W HARRIS,SAN ANGELO,TX,76903,COUNTY,OPEN,449,2018-03-01
10004413,SCHLEICHER COUNTY JAIL,4 SOUTH DIVIDE STREET,ELDORADO,TX,76936,COUNTY,OPEN,15,2018-03-01
10006867,EDWARDS COUNTY DETENTION CENTER,404 WEST AUSTIN ST,ROCKSPRINGS,TX,78880,COUNTY,OPEN,25,2018-03-01
10004419,KIMBLE COUNTY JAIL,415 PECAN STREET,JUNCTION,TX,76849,COUNTY,OPEN,19,2018-03-01
10004416,MASON COUNTY JAIL,122 WESTMORELAND STREET,MASON,TX,76856,COUNTY,OPEN,5,2018-03-01
10004414,MENARD COUNTY JAIL,208 TIPTON STREET,MENARD,TX,76859,COUNTY,OPEN,8,2018-03-01
10001981,EDEN DETENTION CENTER,702 E BROADWAY ST,EDEN,TX,76837,MULTI,OPEN,-999,2017-01-12
10004409,MCCULLOCH COUNTY JAIL,300 WEST MAIN STREET,BRADY,TX,76825,COUNTY,OPEN,22,2018-03-01
10004417,LLANO COUNTY LAW ENFORCEMENT CENTER,2001 NORTH STATE HIGHWAY 16,LLANO,TX,78643,COUNTY,OPEN,54,2018-03-01
10005734,SAN SABA COUNTY JAIL,104 SOUTH WATER STREET,SAN SABA,TX,76877,COUNTY,OPEN,12,2018-03-01
10000199,SAN SABA TRANSFER FACILITY,206 SOUTH WALLACE CREEK RD,SAN SABA,TX,76877,STATE,OPEN,606,2016-09-15
10004410,LAMPASAS COUNTY JAIL,410 EAST 4TH STREET,LAMPASAS,TX,76550,COUNTY,OPEN,37,2018-03-01
10002835,HALBERT UNIT,800 ELLEN HALBERT DR,BURNET,TX,78611,STATE,OPEN,612,2016-09-15
10001985,BURNET COUNTY JAIL / SHERIFF,1601 E POLK ST,BURNET,TX,78611,COUNTY,OPEN,595,2018-03-01
10005127,BLANCO COUNTY JAIL,400 S. US 281,JOHNSON CITY,TX,78636,COUNTY,OPEN,56,2018-03-01
10000228,KYLE CORRECTIONAL CENTER,23001 IH-35,KYLE,TX,78640,STATE,OPEN,520,2016-09-15
10004426,GILLESPIE COUNTY JAIL,1601 EAST MAIN STREET,FREDERICKSBURG,TX,78624,COUNTY,OPEN,96,2018-03-01
10004427,KERR COUNTY JAIL,400 CLEARWATER PASEO,KERRVILLE,TX,78028,COUNTY,OPEN,328,2018-03-01
10004428,KERR COUNTY JUVENILE FACILITY,3499 LEGION DRIVE,KERRVILLE,TX,78028,COUNTY,OPEN,25,2018-04-30
10002878,BANDERA COUNTY JAIL,3360 STATE HWY. 173 NORTH,BANDERA,TX,78003,COUNTY,OPEN,96,2018-03-01
10000239,MEDINA COUNTY JAIL,801 AVENUE Y,HONDO,TX,78861,COUNTY,OPEN,96,2018-03-01
10000240,EVER CHANGE ACADEMY,805 MCHAUGHTEN,HONDO,TX,78861,COUNTY,CLOSED,26,2018-05-02
10002893,DOMINGUEZ STATE PRISON,6535 CAGNON RD,SAN ANTONIO,TX,78252,STATE,OPEN,2276,2016-09-15
10001287,BEXAR COUNTY JUVENILE DETENTION CENTER,600 MISSION RD,SAN ANTONIO,TX,78210,COUNTY,OPEN,278,2018-04-25
10001995,CENTRAL TEXAS DETENTION FACILITY,218 S LAREDO ST,SAN ANTONIO,TX,78207,MULTI,OPEN,688,2017-10-16
10002892,BEXAR COUNTY ADULT DETENTION CENTER,200 N COMAL ST,SAN ANTONIO,TX,78207,COUNTY,OPEN,2830,2018-04-25
10001994,BEXAR COUNTY ADULT DETENTION CENTER ANNEX,222 S COMAL ST,SAN ANTONIO,TX,78207,COUNTY,OPEN,1733,2018-04-25
10000235,TEXAS ADOLESCENT TREATMENT CENTER,8550 HUEBNER ST,SAN ANTONIO,TX,78240,LOCAL,OPEN,124,2018-05-22
10004431,KENDALL COUNTY JAIL,6 STAUDT STREET,BOERNE,TX,78006,COUNTY,OPEN,60,2018-03-01
10001288,HECTOR GARZA CENTER,620 E. AFTON OAKS BLVD,SAN ANTONIO,TX,78232,STATE,NOT AVAILABLE,-999,2018-01-12
10002894,LAUREL RIDGE TREATMENT CENTER,17720 CORPORATE WOODS DR,SAN ANTONIO,TX,78259,LOCAL,OPEN,252,2016-03-01
10001286,AYRES HALFWAY HOUSE,17259 NACOGDOCHES RD,SAN ANTONIO,TX,78266,STATE,OPEN,20,2015-09-22
10000233,COMAL COUNTY JAIL,3005 W SAN ANTONIO ST,NEW BRAUNFELS,TX,78130,COUNTY,OPEN,337,2018-03-01
10000227,HAYS COUNTY JUVENILE DETENTION CENTER,2250 CLOVIS BARKER RD,SAN MARCOS,TX,78666,COUNTY,OPEN,142,2016-03-01
10002849,HAYS COUNTY JAIL,1307 UHLAND RD,SAN MARCOS,TX,78666,COUNTY,OPEN,362,2018-03-01
10002881,GUADALUPE COUNTY ADULT DETENTION CENTER,2615 N GUADALUPE ST,SEGUIN,TX,78155,COUNTY,OPEN,600,2018-03-01
10002880,GUADALUPE COUNTY JUVENILE DETENTION CENTER,2613 N GUADALUPE ST,SEGUIN,TX,78155,COUNTY,OPEN,39,2018-03-01
10002890,CYNDI TAYLOR KRIER JUVENILE CORRECTIONAL TREATMENT CENTER,3621 FARM RD,SAN ANTONIO,TX,78223,COUNTY,OPEN,96,2018-04-25
10002899,WILSON COUNTY JAIL,800 10TH ST,FLORESVILLE,TX,78114,COUNTY,OPEN,160,2018-03-01
10002904,KARNES COUNTY CORRECTIONAL CENTER,810 COMMERCE ST,KARNES CITY,TX,78118,MULTI,OPEN,679,2017-10-16
10006318,KARNES COUNTY IMMIGRATION PROCESSING CENTER,409 FM 1144,KARNES CITY,TX,78118,MULTI,OPEN,1328,2024-01-12
10005739,KARNES COUNTY JAIL,500 E WALL STREET,KARNES CITY,TX,78118,COUNTY,OPEN,50,2018-03-01
10002905,CONNALLY PRISON,899 FM 632,KENEDY,TX,78119,STATE,OPEN,2092,2016-09-15
10002914,FCI THREE RIVERS CAMP,US HWY 72 W,THREE RIVERS,TX,78071,FEDERAL,OPEN,-999,2016-02-16
10002913,FCI THREE RIVERS,US HWY 72 W,THREE RIVERS,TX,78071,FEDERAL,OPEN,-999,2016-02-16
10002902,ATASCOSA COUNTY JUVENILE JUSTICE CENTER,1501 ZANDERSON AVE,JOURDANTON,TX,78026,COUNTY,OPEN,40,2018-04-25
10001291,ATASCOSA COUNTY JAIL,1108 CAMPBELL AVE,JOURDANTON,TX,78026,COUNTY,OPEN,138,2018-03-01
10002908,SOUTH TEXAS ICE PROCESSING CENTER,566 VETERANS DR,PEARSALL,TX,78061,FEDERAL,OPEN,1904,2024-01-12
10002909,FRIO COUNTY DETENTION CENTER,502 S CEDAR ST,PEARSALL,TX,78061,COUNTY,OPEN,391,2018-03-01
10000247,BRISCOE PRISON,1459 WEST HIGHWAY 85,DILLEY,TX,78017,STATE,OPEN,1132,2016-09-15
10002920,COTULLA TRANSFER FACILITY,610 FM 624,COTULLA,TX,78014,STATE,OPEN,606,2016-09-15
10005740,LASALLE COUNTY JAIL,703 NORTH MAIN STREET,COTULLA,TX,78014,COUNTY,OPEN,47,2018-03-01
10006305,SOUTH TEXAS FAMILY RESIDENTIAL CENTER,300 EL RANCHO WAY,DILLEY,TX,78017,FEDERAL,OPEN,-999,2024-02-06
10002919,DIMMIT COUNTY JAIL,669 INDUSTRIAL BLVD,CARRIZO SPRINGS,TX,78834,COUNTY,OPEN,95,2018-03-01
10002910,ZAVALA COUNTY JAIL,200 E UVALDE ST,CRYSTAL CITY,TX,78839,COUNTY,OPEN,66,2018-03-01
10002911,CRYSTAL CITY DETENTION CENTER,6901 N US HWY 83,CRYSTAL CITY,TX,78839,LOCAL,CLOSED,515,2018-05-23
10000237,TORRES PRISON,125 PRIVATE RD 4303,HONDO,TX,78861,STATE,OPEN,1384,2016-09-15
10000238,NEY STATE JAIL,114 PRIVATE RD 4303,HONDO,TX,78861,STATE,OPEN,576,2016-09-15
10004432,REAL COUNTY JAIL,146 UNITED STATES HIGHWAY 83,LEAKEY,TX,78873,COUNTY,NOT AVAILABLE,3,2018-03-01
10004434,UVALDE COUNTY JAIL,339 KING FISHER LN,UVALDE,TX,78801,COUNTY,OPEN,214,2018-03-01
10004435,KINNEY COUNTY JAIL,109 NORTH STREET,BRACKETTVILLE,TX,78832,COUNTY,OPEN,28,2018-03-01
10006518,KINNEY COUNTY DETENTION CENTER,1501 RANCH ROAD 131,BRACKETTVILLE,TX,78832,COUNTY,OPEN,384,2017-10-16
10002912,MAVERICK COUNTY JAIL,1051 BALBOA JONES BLVD,EAGLE PASS,TX,78852,COUNTY,OPEN,250,2018-03-01
10006514,LA SALLE COUNTY REGIONAL DETENTION CENTER,832 E TEXAS 44,ENCINAL,TX,78019,COUNTY,OPEN,-999,2024-02-06
10002922,WEBB COUNTY JAIL,902 VICTORIA ST,LAREDO,TX,78040,COUNTY,OPEN,570,2018-03-01
10002924,ROBERTO M. BENAVIDES JUVENILE JUSTICE CENTER,4101 JUAREZ AVE,LAREDO,TX,78041,COUNTY,NOT AVAILABLE,26,2018-05-02
10002923,LAREDO PROCESSING CENTER,4702 E SAUNDERS,LAREDO,TX,78041,FEDERAL,OPEN,-999,2024-01-12
10006874,WEBB COUNTY YOUTH VILLAGE,111 CAMINO NUEVO ROAD,LAREDO,TX,78043,COUNTY,OPEN,72,2016-08-09
10006321,RIO GRANDE DETENTION CENTER,1001 SAN RIO BOULEVARD,LAREDO,TX,78046,FEDERAL,OPEN,1900,2024-01-12
10000249,WEBB COUNTY DETENTION CENTER,9998 S HWY 83,LAREDO,TX,78046,FEDERAL,OPEN,-999,2024-01-12
10002935,ZAPATA COUNTY JAIL,2311 STOP 23A,ZAPATA,TX,78076,COUNTY,OPEN,240,2018-03-01
10002934,ZAPATA REGIONAL JAIL,2200 KENNEDY ST,ZAPATA,TX,78076,COUNTY,OPEN,-999,2016-03-01
10002937,STARR COUNTY JAIL,100 E 6TH ST,RIO GRANDE CITY,TX,78582,COUNTY,OPEN,275,2018-03-01
10002938,STARR COUNTY JUVENILE JUSTICE CENTER,401 N BRITTON AVE,RIO GRANDE CITY,TX,78582,COUNTY,OPEN,13,2018-05-01
10002943,HIDALGO COUNTY JUVENILE BOOT CAMP,1711 N BRIDGE,WELASCO,TX,78596,COUNTY,OPEN,52,2018-04-27
10006315,EAST HIDALGO DETENTION CENTER,1300 HIGHWAY 107,LAVILLA,TX,78562,FEDERAL,OPEN,1346,2024-02-06
10000254,WILLACY COUNTY JAIL,576 W MAIN ST,RAYMONDVILLE,TX,78580,COUNTY,CLOSED,96,2018-05-02
10002941,LOPEZ STATE JAIL,1203 EL CIBOLO RD,EDINBURG,TX,78542,STATE,OPEN,1100,2016-09-15
10002940,SEGOVIA PRE-RELEASE FACILITY,1201 E EL CIBOLO RD,EDINBURG,TX,78542,STATE,OPEN,1224,2016-09-15
10002939,HIDALGO COUNTY DETENTION CENTER,711 EL CIBOLO RD,EDINBURG,TX,78541,COUNTY,OPEN,1232,2018-03-01
10000251,EVINS REGIONAL JUVENILE DETENTION CENTER,3801 E MONTE CRISTO RD,EDINBURG,TX,78541,STATE,OPEN,-999,2017-05-11
10002942,JUDGE MARIO E RAMIREZ JR. JUVENILE JUSTICE CENTER,1001 N DOOLITTLE RD,EDINBURG,TX,78540,COUNTY,OPEN,96,2018-04-27
10001997,BETO HALFWAY HOUSE,4513 W US HWY 83,MCALLEN,TX,78501,LOCAL,CLOSED,-999,2016-03-01
10002936,BROOKS COUNTY DETENTION CENTER,901 COUNTY ROAD 201,FALFURRIAS,TX,78355,MULTI,OPEN,652,2017-10-10
10002933,KLEBERG COUNTY JAIL,1500 E KING AVE,KINGSVILLE,TX,78363,COUNTY,OPEN,160,2018-03-01
10004439,JIM HOGG COUNTY JAIL,211 EAST GALBRAITH STREET,HEBBRONVILLE,TX,78361,COUNTY,OPEN,48,2018-03-01
10002927,JUDGE RICARDO H GARCIA REGIONAL JUVENILE DETENTION CENTER,599 S FM 1329,SAN DIEGO,TX,78384,COUNTY,CLOSED,50,2016-07-29
10002928,GLOSSBRENNER PRISON-SAFPF,5100 SOUTH FM 1329,SAN DIEGO,TX,78384,STATE,OPEN,612,2017-02-08
10000250,DUVAL COUNTY JAIL,401 E COLLINS AVE,SAN DIEGO,TX,78384,COUNTY,OPEN,33,2018-03-01
10002929,JIM WELLS COUNTY JAIL,300 N CAMERON ST,ALICE,TX,78332,COUNTY,OPEN,88,2018-03-01
10004437,LIVE OAK COUNTY JAIL,200 LARRY R BUSBY DRIVE,GEORGE WEST,TX,78022,COUNTY,OPEN,96,2018-03-01
10001292,BEE COUNTY JAIL,1511 E TOLEDO ST,BEEVILLE,TX,78102,COUNTY,OPEN,128,2018-03-01
10000248,MCCONNELL PRISON,3001 SOUTH EMILY DR,BEEVILLE,TX,78102,STATE,OPEN,2956,2016-09-15
10006300,CHASE FIELD WILDERNESS UNIT,4304 HWY 202,BEEVILLE,TX,78102,STATE,OPEN,-999,2018-01-12
10002916,GARZA WEST TRANSFER FACILITY,4250 HWY 202,BEEVILLE,TX,78102,STATE,OPEN,2278,2016-09-15
10002917,GARZA EAST TRANSFER FACILITY,4304 HWY 202,BEEVILLE,TX,78102,STATE,OPEN,912,2016-09-15
10004438,REFUGIO COUNTY JAIL,808 COMMERCE STREET,REFUGIO,TX,78377,COUNTY,OPEN,60,2018-03-01
10002931,NUECES COUNTY MAIN JAIL,901 LEOPARD ST,CORPUS CHRISTI,TX,78401,COUNTY,OPEN,570,2018-05-01
10005741,NUECES COUNTY JUVENILE JUSTICE CENTER,2310 GOLLIHAR RD,CORPUS CHRISTI,TX,78415,COUNTY,OPEN,40,2018-05-01
10006338,YORK HOUSE,422 S. ENTERPRIZE PKWY,CORPUS CHRISTI,TX,78405,STATE,NOT AVAILABLE,-999,2015-10-23
10002932,NUECES COUNTY MCKINZIE JAIL ANNEX,745 N PADRE ISLAND DR,CORPUS CHRISTI,TX,78406,COUNTY,OPEN,450,2018-05-01
10002926,SAN PATRICIO COUNTY JUVENILE DETENTION CENTER,107 W 5TH ST,SINTON,TX,78387,COUNTY,OPEN,20,2018-05-01
10002925,SAN PATRICIO COUNTY JAIL,300 NORTH RACHAL AVE,SINTON,TX,78387,COUNTY,OPEN,236,2018-03-01
10006314,COASTAL BEND DETENTION CENTER,4909 FM 2826,ROBSTOWN,TX,78380,FEDERAL,OPEN,1176,2024-02-06
10002921,ARANSAS COUNTY DETENTION CENTER,301 N LIVE OAK ST,ROCKPORT,TX,78382,COUNTY,OPEN,212,2018-03-01
10002944,WILLACY COUNTY JAIL,1371 INDUSTRIAL DR,RAYMONDVILLE,TX,78580,COUNTY,OPEN,96,2018-03-01
10000253,WILLACY COUNTY REGIONAL DETENTION FACILITY,1601 BUFFALO DR,RAYMONDVILLE,TX,78580,FEDERAL,OPEN,552,2024-02-06
10002945,EL VALLE DETENTION FACILITY,1800 INDUSTRIAL DR,RAYMONDVILLE,TX,78580,FEDERAL,OPEN,1000,2024-01-12
10000252,WILLACY COUNTY STATE JAIL,1695 S BUFFALO DR,RAYMONDVILLE,TX,78580,STATE,OPEN,1069,2016-09-15
10001293,EDNA TAMAYO HOUSE,1438 N 77TH SUNSHINE STRIP,HARLINGEN,TX,78550,STATE,OPEN,16,2017-05-11
10002947,AMADOR R RODRIGUEZ BOOT CAMP / ED CTR,2310 W HWY 77,SAN BENITO,TX,78586,COUNTY,OPEN,40,2018-04-25
10002946,DARRELL B HESTER JUVENILE DETENTION CENTER,2310 W HWY 77,SAN BENITO,TX,78586,COUNTY,OPEN,61,2018-04-25
10005131,BROWNSVILLE CITY JAIL,600 EAST JACKSON STREET,BROWNSVILLE,TX,78520,LOCAL,OPEN,-999,2018-05-22
10002948,CAMERON COUNTY JAIL,954 E HARRISON ST,BROWNSVILLE,TX,78520,COUNTY,OPEN,1746,2018-03-01
10000255,CAMERON COUNTY DETENTION CENTER 2,1145 E HARRISON,BROWNSVILLE,TX,78520,COUNTY,OPEN,-999,2018-04-25
10000256,CAMERON COUNTY DETENTION CENTER 1,1145 E HARRISON,BROWNSVILLE,TX,78520,COUNTY,OPEN,-999,2018-04-25
10002950,CARRIZALES-RUCKER DETENTION CENTER,7300 OLD ALICE RD,OLIMITO,TX,78575,COUNTY,OPEN,652,2018-04-25
10002949,PORT ISABEL DETENTION CENTER,27991 BUENA VISTA BLVD,LOS FRESNOS,TX,78566,FEDERAL,OPEN,-999,2024-01-12
10000632,ASPC-DOUGLAS,6911 N BDI BLVD,DOUGLAS,AZ,85607,STATE,OPEN,2045,2024-01-30
10002251,COCHISE COUNTY JAIL - MAIN,203 N JUDD DR,BISBEE,AZ,85603,COUNTY,OPEN,-999,2024-03-25
10000626,MARANA COMMUNITY CORRECTIONAL TREATMENT FACILITY,12610 W SILVERBELL RD,MARANA,AZ,85653,STATE,CLOSED,-999,2023-11-27
10000628,ASPC-TUCSON,10000 S WILMOT RD,TUCSON,AZ,85734,STATE,OPEN,5122,2024-01-30
10000624,FCI TUCSON,8901 S WILMOT RD,TUCSON,AZ,85706,FEDERAL,OPEN,-999,2016-02-16
10000627,USP TUCSON,9300 SOUTH WILMOT RD,TUCSON,AZ,85756,FEDERAL,OPEN,-999,2016-02-16
10006193,USP TUCSON CAMP,9300 SOUTH WILMOT RD,TUCSON,AZ,85756,FEDERAL,OPEN,-999,2016-02-16
10000629,PIMA COUNTY ADULT DETENTION CENTER,1270 W SILVERLAKE RD,TUCSON,AZ,85713,COUNTY,OPEN,-999,2024-03-25
10003980,PIMA COUNTY JAIL - MINIMUM SECURITY FACILITY,1801 SOUTH MISSION ROAD,TUCSON,AZ,85713,COUNTY,CLOSED,-999,2018-02-08
10000630,PIMA REENTRY CENTER,1275 W STARR PASS BLVD,TUCSON,AZ,85713,STATE,OPEN,-999,2024-02-09
10000631,PIMA COUNTY JUVENILE COURT CENTER,2225 E AJO WAY,TUCSON,AZ,85713,COUNTY,OPEN,-999,2024-03-25
10006271,SANTA CRUZ COUNTY JAIL,2170 N CONGRESS DRIVE,NOGALES,AZ,85621,COUNTY,OPEN,372,2024-03-25
10005785,SANTA CRUZ COUNTY JUVENILE DETENTION CENTER,2170 N CONGRESS DR,NOGALES,AZ,85621,COUNTY,OPEN,32,2018-02-08
10001468,COCHISE COUNTY JAIL - SIERRA VISTA,100 COLONIA DE SALUD,SIERRA VISTA,AZ,85635,COUNTY,OPEN,-999,2024-04-01
10006696,COCHISE COUNTY JUVENILE DETENTION CENTER,100 COLONIA DE SALUD,SIERRA VISTA,AZ,85635,COUNTY,OPEN,-999,2024-03-25
10002252,COCHISE COUNTY JAIL - WILLCOX,450 S CURTISS AVE,WILLCOX,AZ,85643,COUNTY,OPEN,-999,2024-03-25
10002249,ASPC-SAFFORD FORT GRANT UNIT,15500 S FORT GRANT RD,FT GRANT,AZ,85643,STATE,OPEN,588,2024-01-30
10000613,FCI SAFFORD,1529 W HWY 366,SAFFORD,AZ,85546,FEDERAL,OPEN,-999,2016-02-16
10000614,GRAHAM COUNTY ADULT DETENTION CENTER,600 W GRAHAM CANAL RD,SAFFORD,AZ,85546,COUNTY,OPEN,-999,2024-03-25
10002248,ASPC-SAFFORD,896 S COOK RD,SAFFORD,AZ,85546,STATE,OPEN,1025,2024-01-30
10005716,GRANT COUNTY JAIL / JUVENILE DETENTION CENTER,209 N BLACK ST,SILVER CITY,NM,88061,COUNTY,NOT AVAILABLE,10,2016-02-15
10005718,HIDALGO COUNTY DETENTION CENTER,83 OLD HWY 70,LORDSBURG,NM,88045,COUNTY,OPEN,158,2016-05-27
10000191,FCI LA TUNA,8500 DONIPHAN ROAD,ANTHONY,TX,79821,FEDERAL,OPEN,-999,2016-02-16
10002800,FCI LA TUNA CAMP,8500 DONIPHAN ROAD,ANTHONY,TX,79821,FEDERAL,OPEN,-999,2016-02-16
10003796,DOÑA ANA COUNTY DETENTION CENTER,1850 COPPER LOOP,LAS CRUCES,NM,88005,COUNTY,OPEN,846,2018-04-06
10006611,JOHN PAUL TAYLOR CENTER,10015 ROBERT LARSON BLVD,LAS CRUCES,NM,88007,STATE,OPEN,48,2020-02-04
10003794,"SOUTHERN NM CORRECTIONAL FACILITY, LEVEL II UNIT",1983 JOE R SILVA BLVD,LAS CRUCES,NM,88004,STATE,OPEN,-999,2017-07-21
10003795,"SOUTHERN NM CORRECTIONAL FACILITY, LEVEL III UNIT",1983 JOE R SILVA BLVD,LAS CRUCES,NM,88004,STATE,OPEN,-999,2017-07-21
10003797,LUNA COUNTY DETENTION CENTER,1700 4TH ST NE,DEMING,NM,88030,COUNTY,OPEN,385,2018-04-06
10005719,LUNA COUNTY DETENTION CENTER -  OLD,700 S SILVER AVE,DEMING,NM,88030,COUNTY,CLOSED,-999,2016-02-15
10005715,SIERRA COUNTY DETENTION FACILITY,311 N DATE ST,TRUTH OR CONSEQUENCES,NM,87901,COUNTY,OPEN,-999,2018-04-09
10003792,OTERO COUNTY DETENTION CENTER,1958 BUSINESS CENTER BLVD,ALAMOGORDO,NM,88310,COUNTY,OPEN,208,2016-05-27
10003793,OTERO COUNTY PROCESSING CENTER,26 MCGREGOR RANGE RD,CHAPARRAL,NM,88081,FEDERAL,OPEN,1089,2024-01-12
10003791,OTERO COUNTY PRISON FACILITY,10 MCGREGOR RANGE RD,CHAPARRAL,NM,88081,MULTI,OPEN,1418,2024-02-02
10005713,LINCOLN PINES YOUTH CENTER,200 BLACK JACK PERSHING RD,CAPITAN,NM,88316,STATE,CLOSED,24,2020-02-04
10001249,ROSWELL CORRECTIONAL CENTER,578 W CHICKASAW RD,HAGERMAN,NM,88232,STATE,OPEN,340,2016-02-18
10001248,CHAVES COUNTY ADULT DETENTION CENTER,3701 S ATKINSON,ROSWELL,NM,88203,COUNTY,OPEN,400,2016-05-27
10005714,CHAVES COUNTY JUVENILE DETENTION CENTER,119 E FOURTH ST,ROSWELL,NM,88201,COUNTY,OPEN,16,2016-02-15
10005717,EDDY COUNTY DETENTION CENTER,201 N MAIN,CARLSBAD,NM,88220,COUNTY,OPEN,301,2016-05-27
10004400,CULBERSON COUNTY JAIL,210 LA CAVERNA STREET,VAN HORN,TX,79855,COUNTY,OPEN,17,2018-03-01
10002809,HUDSPETH COUNTY JAIL,525 N WILSON AVE,SIERRA BLANCA,TX,79851,COUNTY,OPEN,119,2018-03-01
10006304,WEST TEXAS DETENTION FACILITY,401 SOUTH VAQUERO AVE,SIERRA BLANCA,TX,79851,FEDERAL,OPEN,1053,2024-02-06
10002804,EL PASO COUNTY ANNEX JAIL,12501 E MONTANA,EL PASO,TX,79938,COUNTY,OPEN,1450,2018-04-26
10002803,SCHAEFFER HALFWAY HOUSE,12451 GARMENT RD,EL PASO,TX,79938,STATE,OPEN,12,2015-02-03
10002802,SANCHEZ STATE JAIL,3901 STATE JAIL RD,EL PASO,TX,79938,STATE,OPEN,1100,2016-09-15
10002801,FSL LA TUNA (EL PASO),OLD IRONSIDES DRIVE BUILDING 11636,EL PASO,TX,79906,FEDERAL,NOT AVAILABLE,-999,2024-03-04
10002805,EL PASO COUNTY DETENTION FACILITY,601 E OVERLAND AVE,EL PASO,TX,79901,COUNTY,OPEN,1000,2018-04-26
10005124,EL PASO SERVICE PROCESSING CENTER,8915 MONTANA AVENUE,EL PASO,TX,79925,FEDERAL,OPEN,-999,2024-01-12
10005125,EL PASO COUNTY JUVENILE DETENTION CENTER,6400 DELTA DRIVE,EL PASO,TX,79905,COUNTY,OPEN,62,2018-04-26
10004423,PRESIDIO COUNTY JAIL,320 NORTH HIGHLAND AVE,MARFA,TX,79843,COUNTY,OPEN,112,2018-03-01
10004421,BREWSTER COUNTY JAIL,307 WEST SUL ROSS AVE,ALPINE,TX,79830,COUNTY,OPEN,56,2018-03-01
10000203,LYNAUGH PRISON,1098 SOUTH HWY 2037,FORT STOCKTON,TX,79735,STATE,OPEN,1156,2016-09-15
10000202,PECOS COUNTY JAIL,1774 N US HWY 285,FORT STOCKTON,TX,79735,COUNTY,OPEN,49,2018-03-01
10000200,FORT STOCKTON TRANSFER FACILITY,1536 IH 10 EAST,FORT STOCKTON,TX,79735,STATE,OPEN,606,2016-09-15
10002829,"LEWIS E. ""BUTCH"" AMONETTE JUVENILE DETENTION CENTER",1692 E INTERSTATE HWY 10 BUSINESS LOOP,FORT STOCKTON,TX,79735,COUNTY,CLOSED,48,2020-05-28
10004422,TERRELL COUNTY JAIL,105 EAST HACKBERRY STREET,SANDERSON,TX,79848,COUNTY,OPEN,8,2018-03-01
10005736,VAL VERDE COUNTY JUVENILE DETENTION CENTER,200 GRINER STREET,DEL RIO,TX,78840,COUNTY,OPEN,10,2020-05-28
10002851,VAL VERDE CORRECTIONAL FACILITY,253 FM 2523 HAMILTON LANE,DEL RIO,TX,78840,MULTI,OPEN,1407,2017-10-16
10000201,SHEFFIELD BOOT CAMP,1 SCHOOL HOUSE RD,SHEFFIELD,TX,79781,NOT AVAILABLE,CLOSED,-999,2018-05-15
10004415,CROCKETT COUNTY JAIL,903 AVENUE D,OZONA,TX,76943,COUNTY,OPEN,13,2018-03-01
10004420,SUTTON COUNTY JAIL,401 EAST OAK STREET,SONORA,TX,76950,COUNTY,OPEN,28,2018-03-01
10004396,STERLING COUNTY JAIL,609 4TH AVENUE,STERLING CITY,TX,76951,COUNTY,CLOSED,-999,2018-05-01
10000180,WALLACE UNIT,1675 S FM 3525,COLORADO CITY,TX,79512,STATE,OPEN,1448,2016-09-15
10000179,WARE TRANSFER FACILITY,1681 S FM 3525,COLORADO CITY,TX,79512,STATE,CLOSED,-999,2017-07-11
10000181,MITCHELL COUNTY JAIL,329 PINE ST,COLORADO CITY,TX,79512,COUNTY,OPEN,99,2018-03-01
10004395,GLASSCOCK COUNTY JAIL,124 MYRL STREET,GARDEN CITY,TX,79739,COUNTY,NOT AVAILABLE,12,2018-03-01
10000182,BIG SPRING CORRECTIONAL FACILITY,3711 WRIGHT AVENUE,BIG SPRING,TX,79720,FEDERAL,OPEN,1732,2024-02-06
10002777,HOWARD COUNTY DETENTION CENTER,3611 W. HWY 80,BIG SPRING,TX,79720,COUNTY,OPEN,96,2018-03-01
10001975,FCI BIG SPRING,1900 SIMLER AVE,BIG SPRING,TX,79720,FEDERAL,OPEN,-999,2016-02-16
10001974,FCI BIG SPRING CAMP,1900 SIMLER AVE,BIG SPRING,TX,79720,FEDERAL,OPEN,-999,2016-02-16
10005730,HOWARD COUNTY JUVENILE PROBATION DEPARTMENT,315 SOUTH MAIN STREET,BIG SPRING,TX,79720,COUNTY,CLOSED,-999,2020-05-28
10004392,MARTIN COUNTY JAIL / DAN SAUNDERS LAW ENFORCEMENT CENTER,3522 INTERSTATE 20,STANTON,TX,79782,COUNTY,OPEN,16,2018-03-01
10004407,REAGAN COUNTY JAIL,320 NORTH PLAZA AVENUE,BIG LAKE,TX,76932,COUNTY,OPEN,96,2018-03-01
10004405,UPTON COUNTY JAIL,1106 GRAND STREET,RANKIN,TX,79778,COUNTY,OPEN,54,2018-03-01
10004406,CRANE COUNTY JAIL,201 WEST 6TH STREET,CRANE,TX,79731,COUNTY,OPEN,24,2018-03-01
10000192,CI REEVES COUNTY I & II,98 W COUNTY RD 204,PECOS,TX,79772,MULTI,OPEN,2407,2016-02-16
10005733,REEVES COUNTY JUVENILE DETENTION FACILITY,52 COUNTY ROAD 204,PECOS,TX,79772,COUNTY,NOT AVAILABLE,-999,2020-05-28
10000193,CI REEVES COUNTY III,100 W COUNTY RD 204,PECOS,TX,79772,MULTI,OPEN,1356,2017-10-16
10001272,REEVES COUNTY JAIL,500 S OAK ST,PECOS,TX,79772,COUNTY,OPEN,84,2018-03-01
10002821,WEST TEXAS STATE SCHOOL,P.O.BOX 415,PYOTE,TX,79777,STATE,CLOSED,-999,2015-10-23
10002820,WARD COUNTY JAIL,300 E 4TH ST,MONAHANS,TX,79756,COUNTY,OPEN,68,2018-03-01
10002793,WINKLER COUNTY JAIL,1300 S BELLAIRE ST,KERMIT,TX,79745,COUNTY,OPEN,101,2018-03-01
10002779,ANDREWS COUNTY JAIL,201 N MAIN,ANDREWS,TX,79714,COUNTY,OPEN,50,2018-03-01
10002794,ECTOR COUNTY YOUTH CENTER,1401 E YUKON RD,ODESSA,TX,79762,COUNTY,OPEN,21,2018-04-26
10006516,ECTOR COUNTY CORRECTIONAL CENTER,301 N TEXAS STREET,ODESSA,TX,79761,COUNTY,OPEN,235,2017-10-16
10002795,ECTOR COUNTY DETENTION CENTER,2500 S US HWY 385,ODESSA,TX,79760,COUNTY,OPEN,667,2018-03-01
10002798,MIDLAND COUNTY CENTRAL DETENTION CENTER,400 S MAIN ST,MIDLAND,TX,79701,COUNTY,OPEN,498,2018-04-30
10002797,MIDLAND COUNTY COURTHOUSE DETENTION,200 W WALL ST,MIDLAND,TX,79701,COUNTY,CLOSED,104,2020-05-28
10002796,BARBARA CULVER JUVENILE DETENTION CENTER,3800 N LAMESA RD,MIDLAND,TX,79701,COUNTY,OPEN,24,2018-04-30
10002740,WEST TEXAS INTERMEDIATE SANCTION FACILITY,2002 LAMESA HWY,BROWNFIELD,TX,79316,STATE,CLOSED,-999,2017-06-02
10000160,RUDD TRANSFER FACILITY,2004 LAMESA HWY,BROWNFIELD,TX,79316,STATE,CLOSED,-999,2016-09-15
10004388,GAINES COUNTY JAIL,305 EAST AVENUE A,SEMINOLE,TX,79360,COUNTY,OPEN,96,2018-03-01
10003790,LEA COUNTY CORRECTIONAL FACILITY,6900 W MILLEN DR,HOBBS,NM,88240,MULTI,OPEN,1200,2017-10-13
10003789,LEA COUNTY DETENTION CENTER,1401 S COMMERCIAL,LOVINGTON,NM,88260,COUNTY,OPEN,432,2018-04-04
10004383,YOAKUM COUNTY JAIL,1405 STATE HIGHWAY 214,PLAINS,TX,79355,COUNTY,OPEN,48,2018-03-01
10006865,COCHRAN COUNTY JAIL,100 NORTH MAIN STREET,MORTON,TX,79346,COUNTY,OPEN,13,2018-03-01
10002730,HOCKLEY COUNTY JAIL,1310 AVENUE H,LEVELLAND,TX,79336,COUNTY,OPEN,64,2018-03-01
10002727,LUBBOCK COUNTY JUVENILE JUSTICE CENTER,2025 N AKRON AVE,LUBBOCK,TX,79415,COUNTY,OPEN,49,2018-04-30
10002728,LUBBOCK COUNTY JAIL,811 MAIN ST,LUBBOCK,TX,79401,COUNTY,CLOSED,1512,2016-12-12
10006871,LUBBOCK COUNTY RESIDENTIAL TREATMENT CENTER,3501 N HOLLY AVE,LUBBOCK,TX,79403,COUNTY,OPEN,164,2018-04-30
10006870,LUBBOCK COUNTY DETENTION CENTER,3502 NORTH HOLLY,LUBBOCK,TX,79403,COUNTY,OPEN,1465,2018-03-01
10002729,MONTFORD UNIT - PSYCHIATRIC FACILITY,8602 PEACH ST,LUBBOCK,TX,79404,STATE,OPEN,1044,2016-09-15
10004382,LYNN COUNTY LAW ENFORCEMENT CENTER,810 LOCKWOOD STREET,TAHOKA,TX,79373,COUNTY,OPEN,54,2018-03-01
10002757,DAWSON COUNTY JAIL,401 S 2ND ST,LAMESA,TX,79331,COUNTY,OPEN,54,2018-03-01
10002758,SMITH PRISON,1313 COUNTY RD 19,LAMESA,TX,79331,STATE,OPEN,1596,2016-09-15
10000159,GILES W DALBY CORRECTIONAL FACILITY,805 N AVENUE F,POST,TX,79356,COUNTY,OPEN,912,2024-02-06
10002739,GARZA COUNTY REGIONAL JUVENILE CENTER,800 N AVENUE F,POST,TX,78634,COUNTY,OPEN,96,2017-09-10
10005117,GARZA COUNTY JAIL,412 EAST 15TH STREET,POST,TX,79256,COUNTY,OPEN,96,2018-03-01
10001259,GARZA COUNTY JAIL,300 W MAIN ST,POST,TX,79356,COUNTY,CLOSED,-999,2020-05-28
10001266,SCURRY COUNTY JAIL,1300 26TH ST,SNYDER,TX,79549,COUNTY,OPEN,161,2018-03-01
10000174,DANIEL UNIT,938 S FM 1673,SNYDER,TX,79549,STATE,OPEN,504,2016-09-15
10005111,DICKENS COUNTY JAIL,819 5TH STREET,DICKENS,TX,79229,COUNTY,OPEN,8,2018-03-01
10001968,DICKENS COUNTY CORRECTIONAL CENTER,100 AIRPORT RD,SPUR,TX,79370,COUNTY,CLOSED,479,2011-02-07
10004377,CROSBY COUNTY JAIL,201 WEST ASPEN STREET,CROSBYTON,TX,79322,COUNTY,OPEN,11,2018-03-01
10004365,DONLEY COUNTY JAIL,301 SOUTH JEFFERSON STREET,CLARENDON,TX,79226,COUNTY,OPEN,20,2018-03-01
10004366,ARMSTRONG COUNTY JAIL,110 W 1ST ST,CLAUDE,TX,79019,COUNTY,OPEN,8,2018-03-01
10004363,CARSON COUNTY JAIL,501 MAIN STREET,PANHANDLE,TX,79068,COUNTY,OPEN,50,2018-03-01
10000153,POTTER COUNTY DETENTION CENTER,13100 NE 29TH,AMARILLO,TX,79111,COUNTY,OPEN,576,2018-03-01
10006452,POTTER COUNTY INIFIRMARY,13100 NE 29TH,AMARILLO,TX,79111,COUNTY,OPEN,27,2018-05-01
10002709,YOUTH CENTER OF THE HIGH PLAINS,9300 S GEORGIA,AMARILLO,TX,79118,COUNTY,OPEN,86,2018-05-01
10002708,RANDALL COUNTY JAIL,9100 S GEORGIA,AMARILLO,TX,79118,COUNTY,OPEN,454,2018-03-01
10001967,NEAL PRISON,9055 SPUR 591,AMARILLO,TX,79107,STATE,CLOSED,-999,2016-09-15
10000154,CLEMENTS PRISON,9601 SPUR 591,AMARILLO,TX,79107,STATE,OPEN,2932,2016-09-15
10001251,SWISHER COUNTY JAIL,136 E BROADWAY AVE,TULIA,TX,79088,COUNTY,OPEN,27,2018-03-01
10000155,MECHLER,4000 HWY 86 W,TULIA,TX,79088,STATE,OPEN,606,2016-09-15
10002713,WHEELER STATE JAIL,986 COUNTY RD AA,PLAINVIEW,TX,79072,STATE,OPEN,576,2016-09-15
10002714,FORMBY STATE JAIL,998 COUNTY RD AA,PLAINVIEW,TX,79072,STATE,OPEN,1100,2016-09-15
10002712,HALE COUNTY JAIL,1900 S COLUMBIA,PLAINVIEW,TX,79072,COUNTY,OPEN,190,2018-03-01
10004372,LAMB COUNTY JAIL,1200 EAST WAYLON JENNINGS BOULEVARD,LITTLEFIELD,TX,79339,COUNTY,OPEN,54,2018-03-01
10004369,CASTRO COUNTY JAIL,100 EAST BEDFORD,DIMMITT,TX,79027,COUNTY,OPEN,18,2018-03-01
10002715,BAILEY COUNTY JAIL,405 W 2ND ST,MULESHOE,TX,79347,COUNTY,OPEN,96,2018-03-01
10005710,ROOSEVELT COUNTY DETENTION CENTER,1700 N BOSTON,PORTALES,NM,88130,COUNTY,OPEN,140,2016-05-27
10005708,CURRY COUNTY JUVENILE DETENTION CENTER,700 N MAIN ST,CLOVIS,NM,88101,COUNTY,CLOSED,-999,2016-02-15
10005707,CURRY COUNTY ADULT DETENTION CENTER,801 MITCHELL ST,CLOVIS,NM,88101,COUNTY,OPEN,262,2018-04-06
10004370,PARMER COUNTY JAIL,300 4TH STREET,FARWELL,TX,79325,COUNTY,OPEN,49,2018-03-01
10002707,DEAF SMITH COUNTY JAIL,235 E 3RD ST,HEREFORD,TX,79045,COUNTY,OPEN,93,2018-03-01
10004362,OLDHAM COUNTY JAIL,105 SOUTH MAIN STREET,VEGA,TX,79092,COUNTY,OPEN,10,2018-03-01
10005728,HARTLEY COUNTY JAIL,900 MAIN STREET,CHANNING,TX,75672,COUNTY,CLOSED,-999,2018-04-27
10001243,NORTHEAST NEW MEXICO DETENTION FACILITY,185 DR. MICHAEL JENKINS RD,CLAYTON,NM,88415,MULTI,OPEN,625,2017-10-13
10000151,DALHART PRISON,11950 FM 998,DALHART,TX,79022,STATE,OPEN,780,2016-09-15
10002704,DALLAM COUNTY JAIL,201 EAST 5TH STREET,DALHART,TX,79022,COUNTY,OPEN,51,2018-03-01
10006010,TEXAS COUNTY JAIL,1102 S ELLISON,GUYMON,OK,73942,COUNTY,OPEN,-999,2018-04-16
10004355,SHERMAN COUNTY JAIL,701 NORTH 3RD STREET,STRATFORD,TX,79084,COUNTY,OPEN,13,2018-03-01
10004361,MOORE COUNTY JAIL,700 SOUTH BLISS AVENUE,DUMAS,TX,79029,COUNTY,OPEN,62,2018-03-01
10002705,HUTCHINSON COUNTY JAIL,500 N MAIN ST,STINNETT,TX,79083,COUNTY,OPEN,70,2018-03-01
10001966,BATEN ISF,1995 HELTON RD,PAMPA,TX,79065,STATE,OPEN,188,2017-09-29
10002706,GRAY COUNTY JAIL,218 N RUSSELL,PAMPA,TX,79065,COUNTY,OPEN,78,2018-03-01
10000152,JORDAN PRISON,1992 HELTON RD,PAMPA,TX,79065,STATE,OPEN,1008,2016-09-15
10004359,ROBERTS COUNTY JAIL,110 SOUTH MAIN,MIAMI,TX,79059,COUNTY,OPEN,3,2018-03-01
10004356,OCHILTREE COUNTY JAIL,21 SOUTHEAST 6TH AVENUE,PERRYTON,TX,79070,COUNTY,OPEN,32,2018-03-01
10004358,HANSFORD COUNTY JAIL,10 NORTHWEST COURT,SPEARMAN,TX,79081,COUNTY,OPEN,9,2018-03-01
10004882,SEWARD COUNTY JAIL,501 NORTH WASHINGTON,LIBERAL,KS,67901,COUNTY,OPEN,-999,2018-03-12
10006011,TEXAS COUNTY JUVENILE DETENTION CENTER,502 S FIELDS,HOOKER,OK,73945,COUNTY,OPEN,6,2018-04-16
10004880,MORTON COUNTY JAIL,1025 RICHARD STREET,ELKHART,KS,67950,COUNTY,OPEN,-999,2024-08-02
10004881,STEVENS COUNTY JAIL,505 SOUTH MONROE STREET,HUGOTON,KS,67951,COUNTY,OPEN,-999,2024-08-02
10004869,GRANT COUNTY JAIL,210 EAST CENTRAL AVENUE,ULYSSES,KS,67880,COUNTY,OPEN,24,2018-03-09
10004867,STANTON COUNTY JAIL,208 NORTH CHESTNUT STREET,JOHNSON,KS,67855,COUNTY,OPEN,-999,2024-08-02
10004856,HAMILTON COUNTY JAIL,103 WEST AVENUE C,SYRACUSE,KS,67878,COUNTY,OPEN,-999,2024-08-02
10004855,KEARNY COUNTY JAIL,106 E WASHINGTON AVE,LAKIN,KS,67860,COUNTY,OPEN,20,2018-03-12
10004868,HASKELL COUNTY JAIL,300 SOUTH INMAN STREET,SUBLETTE,KS,67877,COUNTY,OPEN,-999,2024-08-02
10004854,SW KANSAS REGIONAL JUVENILE DETENTION CENTER,507 WEST SANTA FE STREET,GARDEN CITY,KS,67846,COUNTY,OPEN,28,2024-08-01
10004853,FINNEY COUNTY JAIL,304 NORTH 9TH STREET,GARDEN CITY,KS,67846,COUNTY,OPEN,220,2018-03-09
10004841,SCOTT COUNTY LAW ENFORCEMENT CENTER,602 WEST 5TH STREET,SCOTT CITY,KS,67871,COUNTY,OPEN,24,2024-08-02
10004826,OAKLEY CITY JAIL,209 HUDSON AVENUE,OAKLEY,KS,67748,LOCAL,OPEN,-999,2018-05-23
10004808,THOMAS COUNTY JAIL,275 NORTH COURT AVENUE,COLBY,KS,67701,COUNTY,OPEN,32,2018-03-13
10004807,SHERMAN COUNTY JAIL,813 1/2 BROADWAY AVENUE,GOODLAND,KS,67735,COUNTY,OPEN,-999,2018-03-12
10004827,WALLACE COUNTY JAIL,313 MAIN STREET,SHARON SPRINGS,KS,67758,COUNTY,OPEN,-999,2018-03-13
10004843,GREELEY COUNTY JAIL,208 EAST HARPER STREET,TRIBUNE,KS,67879,COUNTY,OPEN,3,2018-03-09
10002232,PROWERS COUNTY JAIL,103 EAST OAK STREET,LAMAR,CO,81052,COUNTY,OPEN,-999,2019-12-20
10000565,KIT CARSON CORRECTIONAL FACILITY,49777 COUNTY ROAD V,BURLINGTON,CO,80807,STATE,OPEN,-999,2024-02-12
10000566,KIT CARSON COUNTY JAIL,1650 DONELAN AVE,BURLINGTON,CO,80807,COUNTY,OPEN,-999,2024-03-27
10002215,LINCOLN COUNTY JAIL,103 THIRD AVENUE,HUGO,CO,80821,COUNTY,OPEN,40,2018-02-20
10002233,BENT COUNTY CORRECTIONAL FACILITY,11560 ROAD FF75,LAS ANIMAS,CO,81054,STATE,OPEN,1388,2023-12-31
10002234,OTERO COUNTY JAIL,222 EAST 2ND STREET,LA JUNTA,CO,81050,COUNTY,OPEN,-999,2024-03-27
10006501,BACA COUNTY JAIL,265 E. 2ND AVE,SPRINGFIELD,CO,81073,COUNTY,OPEN,-999,2018-02-19
10005464,CIMARRON COUNTY JAIL / COURTHOUSE,1 COURTHOUSE SQUARE,BOISE CITY,OK,73933,COUNTY,OPEN,-999,2020-05-28
10003768,COLFAX COUNTY VIGIL-MALDONADO DETENTION CENTER,444 HEREFORD STREET,RATON,NM,87740,COUNTY,OPEN,42,2018-04-06
10000593,TRINIDAD CORRECTIONAL FACILITY,21000 HIGHWAY 350 EAST,MODEL,CO,81059,STATE,OPEN,400,2023-12-31
10000594,LAS ANIMAS COUNTY JAIL,2309 EAST MAIN STREET,TRINIDAD,CO,81082,COUNTY,OPEN,-999,2024-03-27
10001464,HUERFANO COUNTY JAIL,500 SOUTH ALBERT STREET,WALSENBURG,CO,81089,COUNTY,OPEN,-999,2024-03-26
10000592,HUERFANO CORRECTIONAL CENTER,304 RAY SANDOVAL STREET,WALSENBURG,CO,81089,STATE,NOT AVAILABLE,-999,2015-11-01
10000585,CROWLEY COUNTY CORRECTIONAL FACILITY,6564 HIGHWAY 96,OLNEY SPRINGS,CO,81062,STATE,OPEN,1500,2023-12-31
10002228,ARKANSAS VALLEY CORRECTIONAL FACILITY,12750 HIGHWAY 96 AT LANE 13,ORDWAY,CO,81034,STATE,OPEN,1089,2023-12-31
10002229,CROWLEY COUNTY SHERIFFS OFFICE JAIL,110 EAST 6TH STREET,ORDWAY,CO,81063,COUNTY,OPEN,-999,2024-03-26
10000570,EL PASO COUNTY JAIL,2739 EAST LAS VEGAS STREET,COLORADO SPRINGS,CO,80906,COUNTY,OPEN,-999,2024-03-26
10002221,CHEYENNE MOUNTAIN RE-ENTRY CENTER,2925 EAST LAS VEGAS STREET,COLORADO SPRINGS,CO,80906,STATE,NOT AVAILABLE,-999,2024-01-10
10002223,SPRING CREEK YOUTH SERVICES CENTER,3190 EAST LAS VEGAS STREET,COLORADO SPRINGS,CO,80906,STATE,OPEN,45,2024-02-12
10000571,EL PASO COUNTY METRO DETENTION FACILITY,210 S TEJON ST,COLORADO SPRINGS,CO,80903,COUNTY,NOT AVAILABLE,-999,2018-02-19
10007003,ROBERTS ROAD RESIDENTIAL FACILITY,3615 ROBERTS ROAD,COLORADO SPRINGS,CO,80907,LOCAL,OPEN,225,2020-04-22
10006942,3808 RESIDENTIAL FACILITY,3808 N NEVADA AVENUE,COLORADO SPRINGS,CO,80907,LOCAL,NOT AVAILABLE,135,2020-04-22
10002222,COLORADO CORRECTION INC 3950 RESIDENTIAL FACILTY,3950 NORTH NEVADA AVENUE,COLORADO SPRINGS,CO,80907,NOT AVAILABLE,OPEN,-999,2018-05-14
10000572,ZEBULON PIKE YOUTH SERVICES CENTER,1427 WEST RIO GRANDE STREET,COLORADO SPRINGS,CO,80906,STATE,OPEN,27,2024-02-12
10000586,LA VISTA CORRECTIONAL FACILITY,1401 WEST 17TH STREET,PUEBLO,CO,81003,STATE,OPEN,530,2023-12-31
10000589,SOL VISTA YOUTH SERVICES CENTER,1600 WEST 24TH STREET,PUEBLO,CO,81003,STATE,CLOSED,-999,2011-10-05
10002230,PUEBLO YOUTH SERVICES CENTER,1406 WEST 17TH STREET,PUEBLO,CO,81003,STATE,OPEN,20,2024-02-12
10000588,YOUTHFUL OFFENDER SYSTEM,1300 WEST 13TH ST,PUEBLO,CO,81003,STATE,OPEN,256,2023-12-31
10000587,SAN CARLOS CORRECTIONAL FACILITY,1410 WEST 13TH STREET,PUEBLO,CO,81003,STATE,OPEN,255,2023-12-31
10000590,PUEBLO COUNTY DETENTION CENTER,909 COURT ST,PUEBLO,CO,81003,COUNTY,OPEN,-999,2018-02-20
10002235,CUSTER COUNTY JAIL / SHERIFF,702 ROSITA AVENUE,WESTCLIFFE,CO,81252,COUNTY,OPEN,-999,2024-03-26
10000579,USP FLORENCE ADMAX,5880 STATE HIGHWAY 67 SOUTH,FLORENCE,CO,81226,FEDERAL,OPEN,-999,2016-02-16
10000582,FCI  FLORENCE CAMP,5880 STATE HIGHWAY 67 SOUTH,FLORENCE,CO,81226,FEDERAL,OPEN,-999,2016-02-16
10000580,FCI FLORENCE,5880 STATE HIGHWAY 67 SOUTH,FLORENCE,CO,81226,FEDERAL,OPEN,-999,2016-02-16
10000581,USP FLORENCE HIGH,5880 STATE HIGHWAY 67 SOUTH,FLORENCE,CO,81226,FEDERAL,OPEN,-999,2016-02-16
10000577,FOUR MILE CORRECTIONAL CENTER,E US HIGHWAY 50 & EVANS BLVD,CANON CITY,CO,81212,STATE,OPEN,521,2023-12-31
10000576,FREMONT CORRECTIONAL FACILITY,E US HIGHWAY 50 EVANS BLVD,CANON CITY,CO,81215,STATE,OPEN,1601,2023-12-31
10000575,SKYLINE CORRECTIONAL CENTER,E US HIGHWAY 50 & EVANS BLVD,CANON CITY,CO,81212,STATE,OPEN,126,2023-12-31
10002226,CENTENNIAL CORRECTIONAL FACILITY,E US HIGHWAY 50 EVANS BLVD,CANON CITY,CO,81215,STATE,OPEN,936,2023-12-31
10002227,COLORADO STATE PENITENTIARY,E US HIGHWAY 50 EVANS BLVD,CANON CITY,CO,81215,STATE,OPEN,725,2023-12-31
10002225,ARROWHEAD CORRECTIONAL CENTER,E. US HIGHWAY 50 AND EVANS RD,CANON CITY,CO,81212,STATE,OPEN,520,2023-12-31
10000574,COLORADO WOMENS CORRECTIONAL FACILITY,3800 GRANDVIEW AVENUE,CANON CITY,CO,81212,STATE,CLOSED,-999,2015-11-01
10000583,FREMONT COUNTY DETENTION CENTER,100 JUSTICE CENTER ROAD,CANON CITY,CO,81212,COUNTY,OPEN,-999,2024-03-26
10000578,COLORADO TERRITORIAL CORRECTIONAL FACILITY,275 WEST UNITED STATES HIGHWAY 50,CANON CITY,CO,81215,STATE,OPEN,921,2023-12-31
10002224,TELLER COUNTY JAIL,288 WEAVERVILLE RD,DIVIDE,CO,80814,COUNTY,OPEN,-999,2024-03-27
10005215,CHAFFEE COUNTY DETENTION FACILITY,148 CRESTONE BLVD,SALIDA,CO,81201,COUNTY,OPEN,105,2018-02-19
10000573,BUENA VISTA CORRECTIONAL FACILITY,15125 HWY 24 & 285,BUENA VISTA,CO,81211,STATE,OPEN,1234,2023-12-31
10006719,SAGUACHE COUNTY JAIL,530 5TH STREET,SAGUACHE,CO,81149,COUNTY,CLOSED,-999,2024-03-27
10002236,RIO GRANDE COUNTY JAIL,640 CHERRY STREET,DEL NORTE,CO,81132,COUNTY,OPEN,-999,2024-03-27
10005783,CONEJOS COUNTY JAIL,14044 COUNTY RD G.5,ANTONITO,CO,81120,COUNTY,OPEN,-999,2018-02-19
10005216,ALAMOSA COUNTY DETENTION CENTER,1315 17TH ST,ALAMOSA,CO,81101,COUNTY,OPEN,-999,2024-03-26
10005217,COSTILLA COUNTY JAIL,103 GASPER STREET,SAN LUIS,CO,81152,COUNTY,OPEN,-999,2024-03-26
10005702,TAOS COUNTY YOUTH  DETENTION CENTER,105 ALBRIGHT ST,TAOS,NM,87571,COUNTY,CLOSED,-999,2018-04-09
10005703,TAOS COUNTY ADULT DETENTION CENTER,105 ALBRIGHT ST,TAOS,NM,87571,COUNTY,OPEN,88,2018-04-09
10003777,LOS ALAMOS POLICE DEPARTMENT DETENTION CENTER,2500 TRINITY DR,LOS ALAMOS,NM,87544,COUNTY,OPEN,-999,2018-04-06
10003776,"PENITENTIARY OF NEW MEXICO, OLD MAIN UNIT",4311 STATE HWY 14,SANTA FE,NM,87504,STATE,CLOSED,-999,2020-02-04
10003772,SANTA FE COUNTY ADULT CORRECTIONAL FACILITY,28 CAMINO JUSTICIA,SANTA FE,NM,87508,COUNTY,OPEN,775,2016-05-27
10003771,SANTA FE COUNTY YOUTH DEVELOPMENT FACILITY,4250 AIRPORT RD,SANTA FE,NM,87507,COUNTY,OPEN,-999,2016-05-27
10003773,"PENITENTIARY OF NEW MEXICO, LEVEL VI UNIT",4311 STATE HWY 14,SANTA FE,NM,87504,STATE,OPEN,-999,2020-02-04
10003775,"PENITENTIARY OF NEW MEXICO, LEVEL II UNIT",4311 STATE HWY 14,SANTA FE,NM,87504,STATE,OPEN,-999,2020-02-04
10003774,"PENITENTIARY OF NEW MEXICO, LEVEL V UNIT",4311 STATE HWY 14,SANTA FE,NM,87504,STATE,OPEN,-999,2020-02-04
10003778,SAN MIGUEL COUNTY DETENTION CENTER,26 NEW MEXICO 283,LAS VEGAS,NM,87701,COUNTY,OPEN,150,2016-05-27
10006612,NEW MEXICO BEHAVIORAL HEALTH INSTITUTE - FORENSIC DIVISION,3695 HOT SPRINGS BLVD,LAS VEGAS,NM,87701,STATE,OPEN,-999,2017-12-18
10003769,SPRINGER CORRECTIONAL CENTER,201 ROAD HWY 468,SPRINGER,NM,87747,STATE,OPEN,294,2016-06-09
10005706,QUAY COUNTY DETENTION CENTER,323 WEST HIGH ST,TUCUMCARI,NM,88401,COUNTY,OPEN,57,2016-05-27
10001246,GUADALUPE COUNTY CORRECTIONAL FACILITY,SOUTH HWY 54,SANTA ROSA,NM,88435,STATE,OPEN,-999,2017-10-13
10005709,DEBACA COUNTY JAIL,248 E AVENUE C,FORT SUMNER,NM,88119,COUNTY,OPEN,-999,2020-05-28
10003785,TORRANCE COUNTY DETENTION FACILITY,209 E ALAN AYERS RD,ESTANCIA,NM,87016,MULTI,OPEN,-999,2024-01-12
10003788,LINCOLN COUNTY DETENTION CENTER,511 HANGAR RD,CARRIZOZO,NM,88301,COUNTY,OPEN,144,2018-04-06
10005712,SOCORRO COUNTY DETENTION CENTER,1001 GREFCO RD,SOCORRO,NM,87801,COUNTY,OPEN,90,2016-05-27
10001245,BERNALILLO COUNTY METROPOLITAN DETENTION CENTER,100 DEPUTY DEAN MIERA DR SW,ALBUQUERQUE,NM,87151,COUNTY,OPEN,1950,2018-04-06
10003786,VALENCIA COUNTY ADULT DETENTION CENTER,436 COURTHOUSE RD,LOS LUNAS,NM,87031,COUNTY,OPEN,109,2016-05-27
10001247,VALENCIA COUNTY JUVENILE DETENTION CENTER,510 LUNA AVE,LOS LUNAS,NM,87031,COUNTY,NOT AVAILABLE,-999,2020-05-28
10001960,CENTRAL NM CORRECTIONAL FACILITY / MAIN / LEVEL II UNIT,1525 MORRIS RD,LOS LUNAS,NM,87031,STATE,OPEN,-999,2016-07-27
10003787,"CENTRAL NM CORRECTIONAL FACILITY, LEVEL I UNIT",3201 HIGHWAY 314 SW,LOS LUNAS,NM,87031,STATE,OPEN,400,2016-07-27
10006610,CAMINO NUEVO YOUTH CENTER,4050 EDITH BLVD,ALBUQUERQUE,NM,87107,STATE,OPEN,96,2020-02-04
10003783,NM YOUTH DIAGNOSTIC DEVELOPMENT CENTER,4000 EDITH NE,ALBUQUERQUE,NM,87197,STATE,OPEN,108,2020-02-04
10001959,BERNALILLO COUNTY YOUTH SERVICES CENTER,5100 2ND ST NW,ALBUQUERQUE,NM,87107,COUNTY,OPEN,78,2018-04-06
10003779,SANDOVAL COUNTY DETENTION CENTER,1100 MONTOYA RD,BERNALILLO,NM,87004,COUNTY,OPEN,386,2016-05-27
10003780,CIBOLA COUNTY CORRECTIONAL CENTER,2000 CIBOLA LOOP,MILAN,NM,87021,MULTI,OPEN,-999,2024-01-12
10003782,CIBOLA COUNTY DETENTION CENTER,114 MCBRIDE RD,GRANTS,NM,87020,COUNTY,CLOSED,260,2017-07-19
10003781,NORTHWEST NEW MEXICO CORRECTIONAL CENTER,1700 EAST OLD HIGHWAY 66,GRANTS,NM,87020,STATE,OPEN,-999,2020-02-04
10001244,WESTERN NM CORRECTIONAL FACILITY,2111 LOBO CANYON RD,GRANTS,NM,87020,STATE,OPEN,673,2015-04-30
20000440,CROWNPOINT DISTRICT ADULT AND JUVENILE FACILITY,2925 HWY 371,CROWNPOINT,NM,87313,FEDERAL,OPEN,56,2024-03-25
10003770,MCKINLEY COUNTY ADULT DETENTION CENTER,255 SOUTH BOARDMAN DR,GALLUP,NM,87301,COUNTY,OPEN,328,2018-04-06
20000480,WINDOW ROCK ADULT FACILITY,N RT 12 AND WINDOW ROCK BLVD,WINDOW ROCK,AZ,86515,FEDERAL,OPEN,42,2024-03-25
10000597,APACHE COUNTY JAIL,370 S WASHINGTON ST,ST. JOHNS,AZ,85936,COUNTY,OPEN,-999,2018-02-06
10000598,ASPC-WINSLOW APACHE UNIT,38322 US HWY 180,ST. JOHNS,AZ,85936,STATE,OPEN,334,2024-01-30
10005711,CATRON COUNTY DETENTION CENTER,100 MAIN ST,RESERVE,NM,87830,COUNTY,OPEN,10,2016-05-27
10003971,GREENLEE COUNTY JAIL,824 SOUTH CORONADO BOULEVARD,CLIFTON,AZ,85533,COUNTY,OPEN,-999,2024-03-25
10000599,GILA COUNTY JAIL - GLOBE,1100 SOUTH ST,GLOBE,AZ,85502,COUNTY,OPEN,-999,2024-03-25
10001466,GILA COUNTY JUVENILE DETENTION CENTER,1350 E ASH ST,GLOBE,AZ,85501,COUNTY,OPEN,-999,2018-02-07
10000600,ASPC-SAFFORD GLOBE UNIT,1000 FAIRGROUNDS RD,GLOBE,AZ,85501,STATE,OPEN,250,2024-01-30
10003962,SAN CARLOS ADULT / JUVENILE DETENTION CENTER,INDIAN ROUTE 6 MP 10.5,SAN CARLOS,AZ,85550,FEDERAL,OPEN,-999,2024-03-04
10003978,FLORENCE SERVICE PROCESSING CENTER,3250 N PINAL PARKWAY,FLORENCE,AZ,85132,FEDERAL,OPEN,-999,2024-01-12
10003975,PINAL COUNTY YOUTH JUSTICE CENTER,1410 EAST DIVERSION DAM ROAD,FLORENCE,AZ,85132,COUNTY,OPEN,-999,2024-03-25
10002250,CENTRAL ARIZONA FLORENCE CORRECTIONAL COMPLEX - FLORENCE CORRECTIONAL CENTER,1100 BOWLING RD,FLORENCE,AZ,85132,FEDERAL,OPEN,-999,2024-01-12
10000619,CENTRAL ARIZONA FLORENCE CORRECTIONAL COMPLEX - DETENTION CENTER,1155 N PINAL PKWY,FLORENCE,AZ,85132,MULTI,OPEN,-999,2017-09-28
10000620,PINAL COUNTY ADULT DETENTION CENTER,971 JASON LOPEZ CIRCLE,FLORENCE,AZ,85132,COUNTY,OPEN,1503,2024-03-25
10000618,CENTRAL ARIZONA CORRECTIONAL FACILITY,1401 E DIVERSION DAM RD,FLORENCE,AZ,85132,STATE,OPEN,1280,2024-01-30
10006312,FLORENCE WEST,915 EAST DIVERSION DAM ROAD,FLORENCE,AZ,85132,STATE,OPEN,750,2024-01-30
10003976,ASPC-FLORENCE,1305 E. BUTTE AVE,FLORENCE,AZ,85132,STATE,NOT AVAILABLE,3835,2017-10-20
10011321,ASPC-EYMAN,4374 E BUTTE AVE,FLORENCE,AZ,85132,STATE,OPEN,6704,2024-01-30
10000621,ELOY DETENTION CENTER,1705 EAST HANNA ROAD,ELOY,AZ,85131,FEDERAL,OPEN,-999,2024-01-12
10003974,RED ROCK CORRECTIONAL CENTER,1750 EAST ARICA ROAD,ELOY,AZ,85131,STATE,OPEN,2024,2017-10-20
10003973,SAGUARO CORRECTIONAL CENTER,1250 EAST ARICA ROAD,ELOY,AZ,85131,STATE,OPEN,2000,2017-08-31
10005784,LA PALMA CORRECTIONAL CENTER,5501 NORTH LA PALMA ROAD,ELOY,AZ,85131,STATE,OPEN,2706,2017-10-18
10003967,TEMPE CITY JAIL,120 E 5TH STREET,TEMPE,AZ,85281,LOCAL,OPEN,-999,2024-03-25
10003969,SALT RIVER DEPARTMENT OF CORRECTIONS,3213 NORTH LONGMORE ROAD,SCOTTSDALE,AZ,85256,FEDERAL,OPEN,186,2024-03-25
10006900,SCOTTSDALE CITY JAIL,3700 N 75TH ST,SCOTTSDALE,AZ,85251,LOCAL,OPEN,-999,2018-05-15
10002245,ASPC-PHOENIX,2500 E VAN BUREN ST,PHOENIX,AZ,85008,STATE,OPEN,765,2024-01-30
20000341,MARICOPA COUNTY JAIL - 512 FACILITY,2670 S 28TH DR,PHOENIX,AZ,85009,COUNTY,OPEN,512,2024-03-05
20000340,MARICOPA COUNTY JAIL - WATKINS JAIL,2680 S 28TH DR,PHOENIX,AZ,85009,COUNTY,OPEN,1600,2024-03-05
10002244,ASPC-PHOENIX WEST,3402 W COCOPAH ST,PHOENIX,AZ,85009,STATE,OPEN,400,2024-01-30
10003965,DURANGO JUVENILE DETENTION FACILITY,3131 WEST DURANGO STREET,PHOENIX,AZ,85009,COUNTY,OPEN,-999,2024-03-25
10000607,MARICOPA COUNTY JAIL - DURANGO JAIL,3225 W GIBSON LANE,PHOENIX,AZ,85009,COUNTY,CLOSED,-999,2020-06-04
10000608,MARICOPA COUNTY JAIL - LOWER BUCKEYE JAIL,3250 W LOWER BUCKEYE ROAD,PHOENIX,AZ,85009,COUNTY,OPEN,2427,2024-03-05
10000609,MARICOPA COUNTY JAIL - TOWERS JAIL,3127 W GIBSON LANE,PHOENIX,AZ,85009,COUNTY,OPEN,720,2024-03-05
10000611,MARICOPA COUNTY JAIL - ESTRELLA JAIL,2939 W DURANGO ROAD,PHOENIX,AZ,85009,COUNTY,OPEN,1503,2024-03-05
10000602,MARICOPA COUNTY JAIL - 4TH AVENUE JAIL,201 S 4TH AVE,PHOENIX,AZ,85003,COUNTY,OPEN,2064,2024-03-05
10003964,AVONDALE CITY DETENTION FACILITY,519 E WESTERN AVE,AVONDALE,AZ,85323,LOCAL,OPEN,-999,2018-05-15
10000606,ASPC-PERRYVILLE,2105 N CITRUS RD,GOODYEAR,AZ,85395,STATE,OPEN,4343,2024-01-30
10000601,FCI PHOENIX,37900 N 45TH AVE,PHOENIX,AZ,85086,FEDERAL,OPEN,-999,2016-02-16
10000603,FCI PHOENIX CAMP,37900 N 45TH AVE,PHOENIX,AZ,85086,FEDERAL,OPEN,-999,2016-02-16
10002246,MARICOPA REENTRY CENTER,24601 N 29TH AVE,PHOENIX,AZ,85027,STATE,OPEN,-999,2024-02-09
10002247,AZ JUVENILE CORRECTIONS- ADOBE MT SCHOOL,2800 W PINNACLE PEAK RD,PHOENIX,AZ,85027,STATE,OPEN,-999,2023-06-23
10003970,GLENDALE CITY JAIL,6835 NORTH 57 DRIVE,GLENDALE,AZ,85301,LOCAL,OPEN,-999,2024-03-25
10003968,SOUTHEAST JUVENILE DETENTION FACILITY,222 E JAVELINA AVE,MESA,AZ,85210,COUNTY,NOT AVAILABLE,280,2017-10-24
10003961,GILA COUNTY JAIL - PAYSON,108 WEST MAIN STREET,PAYSON,AZ,85541,COUNTY,OPEN,-999,2024-03-25
10002242,YAVAPAI COUNTY DETENTION CENTER - CAMP VERDE,2830 N COMMONWEALTH DRIVE,CAMP VERDE,AZ,86322,COUNTY,OPEN,-999,2024-03-25
20000482,YAVAPAI COUNTY DETENTION CENTER - PRESCOTT,1200 PRESCOTT LAKES PKWY,PRESCOTT,AZ,86301,COUNTY,OPEN,-999,2024-03-25
10003960,YAVAPAI COUNTY JUVENILE DETENTION CENTER,1100 PRESCOTT LAKES PARKWAY,PRESCOTT,AZ,86301,COUNTY,OPEN,-999,2024-03-26
10002241,YAVAPAI COUNTY DETENTION CENTER - PRESCOTT (OLD),255 E GURLEY ST,PRESCOTT,AZ,86301,COUNTY,CLOSED,-999,2024-03-25
10002240,COCONINO COUNTY DETENTION - FLAGSTAFF FACILITY,951 E SAWMILL RD,FLAGSTAFF,AZ,86001,COUNTY,OPEN,477,2024-03-25
10002239,COCONINO COUNTY JUVENILE DETENTION CENTER,1001 E SAWMILL RD,FLAGSTAFF,AZ,86001,COUNTY,OPEN,-999,2018-02-07
10000595,ASPC-WINSLOW,2100 S HWY 87,WINSLOW,AZ,86047,STATE,OPEN,1292,2024-01-30
10003954,NAVAJO COUNTY JUVENILE DETENTION CENTER,100 E CODE TALKERS DRIVE,HOLBROOK,AZ,86025,COUNTY,OPEN,-999,2024-03-25
10003953,NAVAJO COUNTY JAIL,100 E CODE TALKERS DRIVE,HOLBROOK,AZ,86025,COUNTY,OPEN,-999,2018-02-08
10003952,BUREAU OF INDIAN AFFAIRS - HOPI AGENCY,"STATE ROUTE 264, MILEPOST 396",KEAMS CANYON,AZ,86034,FEDERAL,OPEN,-999,2020-05-28
20000441,KAYENTA ADULT AND JUVENILE FACILITY,US HWY 163,KAYENTA,AZ,86033,FEDERAL,OPEN,84,2024-03-25
20000460,TUBA CITY ADULT CORRECTIONS,240 S MAIN ST,TUBA CITY,AZ,86045,FEDERAL,OPEN,132,2024-03-25
20000481,COCONINO COUNTY DETENTION - PAGE FACILITY,713 TUNNEL RD,PAGE,AZ,86040,COUNTY,OPEN,-999,2024-03-25
10005449,KANE COUNTY JAIL,971 EAST KANEPLEX DR,KANAB,UT,84741,COUNTY,OPEN,192,2011-11-02
10003482,SAN JUAN COUNTY JAIL / SHERIFF'S OFFICE,297 S MAIN ST,MONTICELLO,UT,84535,COUNTY,OPEN,120,2018-05-03
10002238,MONTEZUMA COUNTY DETENTION CENTER,730 EAST DRISCOLL STREET,CORTEZ,CO,81321,COUNTY,OPEN,104,2024-08-19
10003483,CANYONLANDS YOUTH HOME,244 WEST OLD RUIN RD,BLANDING,UT,84511,STATE,OPEN,-999,2020-02-20
10003958,CHINLE ADULT AND JUVENILE FACILITY,BLDG. 1330 NAVAJO RT 7,CHINLE,AZ,86503,FEDERAL,OPEN,48,2024-03-25
10003767,SAN JUAN COUNTY JUVENILE SERVICES CENTER,851 ANDREA DR,FARMINGTON,NM,87401,COUNTY,OPEN,47,2017-04-26
10003766,SAN JUAN COUNTY ADULT DETENTION CENTER,871 ANDREA DR,FARMINGTON,NM,87401,COUNTY,OPEN,1091,2018-04-09
10006502,LA PLATA COUNTY JAIL,742 TURNER DR,DURANGO,CO,81303,COUNTY,OPEN,293,2024-03-27
10003951,ROBERT E DENIER YOUTH SERVICES CENTER,720 TURNER DRIVE,DURANGO,CO,81303,STATE,CLOSED,-999,2018-08-24
10002237,SOUTHERN UTE TRIBAL DETENTION CENTER,149 COUNTY ROAD 517,IGNACIO,CO,81137,FEDERAL,OPEN,-999,2024-02-05
10005701,RIO ARRIBA COUNTY ADULT DETENTION FACILITY,2 MAIN ST,TIERRA AMARILLA,NM,87575,COUNTY,OPEN,140,2016-05-27
10005218,ARCHULETA COUNTY JAIL,125 HARMAN PARK DRIVE,PAGOSA SPRINGS,CO,81147,COUNTY,OPEN,-999,2024-03-06
10006269,SAN MIGUEL COUNTY JAIL,684 COUNTY ROAD 63L,TELLURIDE,CO,81435,COUNTY,OPEN,-999,2018-02-20
10006504,MONTROSE COUNTY JAIL,1200 NORTH GRAND AVE,MONTROSE,CO,81401,COUNTY,OPEN,-999,2024-03-27
10002220,GUNNISON COUNTY DETENTION CENTER,510 W BIDWELL,GUNNISON,CO,81230,COUNTY,OPEN,-999,2018-02-16
10002216,PITKIN COUNTY JAIL,530 E MAIN ST,ASPEN,CO,81611,COUNTY,OPEN,-999,2018-02-20
10000558,GARFIELD COUNTY DETENTION FACILITY,107 8TH STREET,GLENWOOD SPRINGS,CO,81601,COUNTY,OPEN,199,2024-03-26
10006714,GARFIELD COUNTY COMMUNITY CORRECTIONS FACILITY,0244 COUNTY ROAD 333A,RIFLE,CO,81650,COUNTY,OPEN,60,2018-02-19
10000557,RIFLE CORRECTIONAL CENTER,200 COUNTY ROAD 219,RIFLE,CO,81650,STATE,OPEN,192,2023-12-31
10002201,EAGLE COUNTY DETENTION FACILITY,885 EAST CHAMBERS AVENUE,EAGLE,CO,81631,COUNTY,OPEN,-999,2016-02-15
10002191,ROUTT COUNTY JAIL,2025 SHIELD DRIVE,STEAMBOAT SPRINGS,CO,80487,COUNTY,OPEN,56,2024-03-27
10006503,MOFFAT COUNTY DETENTION FACILITY,800 WEST 1ST STREET,CRAIG,CO,81625,COUNTY,OPEN,101,2024-03-27
10002198,RIO BLANCO COUNTY DETENTION CENTER,355 4TH STREET,MEEKER,CO,81641,COUNTY,OPEN,-999,2024-03-27
10003469,UINTAH COUNTY JAIL,641 E 300 S,VERNAL,UT,84078,COUNTY,OPEN,-999,2018-05-03
10003468,SPLIT MOUNTAIN YOUTH CENTER,830 EAST MAIN ST,VERNAL,UT,84078,STATE,OPEN,-999,2020-02-20
10002217,GRAND MESA YOUTH SERVICES CENTER,360 28 ROAD,GRAND JUNCTION,CO,81501,STATE,OPEN,42,2024-02-12
10006717,MESA COUNTY COMMUNITY CORRECTIONS - CHIPETA BUILDING,436 SOUTH 7TH STREET,GRAND JUNCTION,CO,81501,COUNTY,OPEN,-999,2018-02-20
10006716,MESA COUNTY COMMUNITY CORRECTIONS - POWELL BUILDING,650 SOUTH AVENUE,GRAND JUNCTION,CO,81501,COUNTY,OPEN,-999,2018-02-20
10002219,MESA COUNTY DETENTION FACILITY,215 RICE STREET,GRAND JUNCTION,CO,81501,COUNTY,OPEN,553,2024-03-27
10000568,DELTA COUNTY DETENTION FACILITY,555 PALMER STREET,DELTA,CO,81416,COUNTY,OPEN,-999,2024-03-26
10000569,DELTA CORRECTIONAL CENTER,11363 LOCKHART ROAD,DELTA,CO,81416,STATE,OPEN,381,2023-12-31
10003478,GRAND COUNTY JAIL,125 E CENTER ST,MOAB,UT,84532,COUNTY,OPEN,-999,2018-05-02
10003476,EMERY COUNTY JAIL / SHERIFF,1850 N 5500 W,CASTLE DALE,UT,84513,COUNTY,OPEN,-999,2020-02-20
10003484,GARFIELD COUNTY JAIL,375 N 700 W,PANGUITCH,UT,84759,COUNTY,OPEN,112,2018-05-02
10003480,SEVIER COUNTY JAIL,835 E 300 N,RICHFIELD,UT,84701,COUNTY,OPEN,-999,2018-05-03
10003479,CENTRAL UTAH YOUTH CENTER,449 NORTH US HIGHWAY 89,RICHFIELD,UT,84701,STATE,OPEN,-999,2020-02-20
10003477,MILLARD COUNTY JAIL / SHERIFF,765 S HWY 99,FILLMORE,UT,84631,COUNTY,OPEN,-999,2018-05-02
10002617,CENTRAL UTAH CORRECTIONAL FACILITY,255 E 300 N ST,GUNNISON,UT,84634,STATE,OPEN,1800,2018-01-17
10003473,JUAB COUNTY JAIL / SHERIFF,425 W SHEEP LANE DR,NEPHI,UT,84648,COUNTY,OPEN,-999,2018-05-02
10001702,SANPETE COUNTY JAIL,1500 S HWY 89,MANTI,UT,84642,COUNTY,OPEN,128,2018-05-03
10003472,SLATE CANYON YOUTH CENTER,1991 SOUTH STATE ST,PROVO,UT,84606,STATE,OPEN,-999,2020-02-20
10002616,UTAH COUNTY JAIL,3075 N MAIN ST,SPANISH FORK,UT,84660,COUNTY,OPEN,-999,2024-02-06
10003471,WASATCH COUNTY JAIL,1361 S US HWY 40,HEBER CITY,UT,84032,COUNTY,OPEN,-999,2017-10-06
10003470,DUCHESNE COUNTY JAIL,21554 W 9000 S,DUCHESNE,UT,84021,COUNTY,OPEN,-999,2018-05-02
10003475,CASTLE COUNTRY YOUTH CENTER,1395 SOUTH CARBON AVE,PRICE,UT,84501,STATE,OPEN,-999,2020-02-20
10003474,CARBON COUNTY JAIL,240 W MAIN ST,PRICE,UT,84501,COUNTY,OPEN,87,2018-05-02
10003459,DAGGETT COUNTY JAIL,590 S SHERIFF'S WAY,MANILA,UT,84046,COUNTY,CLOSED,-999,2018-05-02
10001896,LINCOLN COUNTY JAIL,1032 BEECH AVE,KEMMERER,WY,83101,COUNTY,CLOSED,-999,2018-05-10
10006893,LINCOLN COUNTY DETENTION FACILITY,1040 JUSTICE CENTER DR,KEMMERER,WY,83101,COUNTY,OPEN,-999,2018-05-10
10001902,UINTA COUNTY JAIL,77 COUNTY RD 109,EVANSTON,WY,82930,COUNTY,OPEN,-999,2018-05-11
10003454,SUMMIT COUNTY CORRECTIONS / JUSTICE CENTER,6300 JUSTICE CENTER RD,PARK CITY,UT,84098,COUNTY,OPEN,-999,2018-05-03
10001700,GENESIS YOUTH CENTER WORK CAMP,14178 PONY EXPRESS RD,DRAPER,UT,84020,STATE,CLOSED,-999,2020-02-20
10003464,"UTAH STATE PRISON, DRAPER - NORTH COMPLEX",WEST 13800 SOUTH,DRAPER,UT,84020,STATE,OPEN,3600,2020-02-20
10003465,"UTAH STATE PRISON, DRAPER - SOUTH COMPLEX",14425 BITTERBRUSH LANE,DRAPER,UT,84020,STATE,OPEN,3600,2018-01-17
10007019,UNI GIRLS TRANSITION CENTER,51 WEST 3900 SOUTH,MILLCREEK,UT,84107,STATE,OPEN,-999,2020-04-22
10003462,SALT LAKE COUNTY METRO JAIL,3415 S 900 W,SALT LAKE CITY,UT,84119,COUNTY,OPEN,1696,2018-05-02
10003461,SALT LAKE VALLEY DETENTION CENTER / GENESIS YOUTH CENTER,3450 SOUTH 900 W,SALT LAKE CITY,UT,84119,STATE,OPEN,-999,2020-02-20
10001012,SALT LAKE COUNTY OXBOW JAIL,3418 S 1100 W,SALT LAKE CITY,UT,84119,COUNTY,OPEN,-999,2018-05-03
10003460,DECKER LAKE YOUTH CENTER,2310 WEST DECKER LANE (2770 SOUTH),WEST VALLEY CITY,UT,84119,STATE,OPEN,-999,2020-02-20
10006660,COPPER HILLS YOUTH CENTER,5899 WEST RIVENDELL RD,WEST JORDAN,UT,84081,STATE,OPEN,-999,2024-05-01
10006875,TOOELE COUNTY DETENTION CENTER,1960 S MAIN,TOOELE,UT,84074,COUNTY,OPEN,277,2018-05-03
10003458,TOOELE COUNTY JAIL / SHERIFF,47 S MAIN ST,TOOELE,UT,84074,COUNTY,CLOSED,277,2018-05-03
10003467,SALT LAKE CITY CENTER,1585 W 2100 S,SALT LAKE CITY,UT,84119,LOCAL,OPEN,115,2018-05-22
10006657,BENCHMARK BEHAVIORAL HEALTH SYSTEMS,592 WEST 1350 SOUTH,WOODS CROSS,UT,84087,STATE,OPEN,-999,2018-01-09
10003456,DAVIS COUNTY WORK RELEASE CENTER,883 W CLARK LANE,FARMINGTON,UT,84025,COUNTY,OPEN,120,2018-05-02
10003455,FARMINGTON BAY YOUTH CENTER,907 W CLARK LANE,FARMINGTON,UT,84025,STATE,NOT AVAILABLE,-999,2020-02-20
10003457,DAVIS COUNTY JAIL / SHERIFF,800 W STATE ST,FARMINGTON,UT,84025,COUNTY,OPEN,776,2018-05-02
10003453,MILL CREEK YOUTH CENTER,790 WEST 12TH ST,OGDEN,UT,84404,STATE,OPEN,-999,2020-02-20
10003452,WEBER COUNTY JAIL / SHERIFF,721 W 12TH ST,OGDEN,UT,84404,COUNTY,OPEN,888,2018-05-03
10003450,WEBER COUNTY JAIL - KIESEL FACILITY,370 26TH ST,OGDEN,UT,84401,COUNTY,OPEN,300,2018-05-03
10003446,BOX ELDER COUNTY JAIL,52 S 1000 W,BRIGHAM CITY,UT,84302,COUNTY,OPEN,168,2018-05-02
10005448,RICH COUNTY JAIL,20 S MAIN ST,RANDOLPH,UT,84064,COUNTY,OPEN,-999,2016-03-07
10003447,CACHE VALLEY YOUTH CENTER,2051 N 600 W,LOGAN,UT,84321,STATE,NOT AVAILABLE,-999,2020-02-20
10003448,CACHE COUNTY JAIL / SHERIFF,1225 W 200 N,LOGAN,UT,84321,COUNTY,OPEN,-999,2018-05-02
10006938,FRANKLIN COUNTY JAIL,39 WEST ONEIDA STREET,PRESTON,ID,83263,COUNTY,OPEN,-999,2020-04-22
10005086,CARIBOU COUNTY JAIL,475 EAST 2ND SOUTH,SODA SPRINGS,ID,83276,COUNTY,OPEN,-999,2024-07-15
10001895,SUBLETTE COUNTY DETENTION CENTER,35 1/2 S TYLER AVE,PINEDALE,WY,82941,COUNTY,OPEN,52,2018-05-11
10000055,WYOMING HONOR FARM,40 HONOR FARM RD,RIVERTON,WY,82501,STATE,OPEN,283,2016-08-02
10001891,FREMONT COUNTY DETENTION CENTER,460 RAILROAD ST,LANDER,WY,82520,COUNTY,OPEN,171,2018-05-10
10001900,SWEETWATER COUNTY DETENTION CENTER,50140 US HWY 191 S,ROCK SPRINGS,WY,82901,COUNTY,OPEN,200,2018-05-11
10001111,CARBON COUNTY JAIL,1302 E DALEY ST,RAWLINS,WY,82301,COUNTY,OPEN,-999,2018-05-10
10000057,WYOMING STATE PENITENTIARY,2900 S HIGLEY RD,RAWLINS,WY,82301,STATE,OPEN,-999,2016-08-05
10006675,CASPER REENTRY CENTER,10007 LANDMARK LANE,CASPER,WY,82604,MULTI,OPEN,342,2017-08-03
10001892,REGIONAL JUVENILE DETENTION CENTER,201 N DAVID ST,CASPER,WY,82601,STATE,CLOSED,-999,2020-03-03
10001893,NATRONA COUNTY JAIL,1100 BRUCE LANE,CASPER,WY,82601,COUNTY,OPEN,476,2018-05-10
10006190,NATRONA COUNTY REGIONAL JUVENILE DETENTION CENTER,1120 BRUCE LANE,CASPER,WY,82601,COUNTY,OPEN,24,2018-05-10
10001894,CONVERSE COUNTY JAIL,107 N 5TH ST,DOUGLAS,WY,82633,COUNTY,OPEN,-999,2018-05-10
10000054,WESTON COUNTY DETENTION CENTER,25 N SUMNER AVE,NEWCASTLE,WY,82701,COUNTY,OPEN,38,2018-05-11
10000053,WYOMING HONOR CONSERVATION CAMP AND BOOT CAMP,40 PIPPIN RD,NEWCASTLE,WY,82701,STATE,OPEN,294,2017-06-27
10002661,STAR ACADEMY FOR YOUTH,12279 BRADY DR,CUSTER,SD,57730,STATE,CLOSED,-999,2016-03-10
10001110,NIOBRARA COUNTY DETENTION CENTER,416 S ELM ST,LUSK,WY,82225,COUNTY,OPEN,-999,2018-05-11
10000056,WYOMING WOMEN'S CENTER,1000 W GRIFFITH BLVD,LUSK,WY,82225,STATE,OPEN,-999,2017-06-30
10006189,WYOMING MEDIUM CORRECTIONAL INSTITUTION,7076 ROAD 55F,TORRINGTON,WY,82240,STATE,OPEN,-999,2015-06-22
10001897,GOSHEN COUNTY DETENTION CENTER,2120 E B ST,TORRINGTON,WY,82240,COUNTY,OPEN,90,2018-05-10
10006078,SCOTTS BLUFF COUNTY DETENTION CENTER,2522 7TH STREET,GERING,NE,69341,COUNTY,OPEN,-999,2018-04-05
10001898,PLATTE COUNTY DETENTION CENTER,850 MAPLE ST,WHEATLAND,WY,82201,COUNTY,OPEN,92,2018-05-11
10001899,ALBANY COUNTY DETENTION CENTER,420 IVINSON AVE,LARAMIE,WY,82070,COUNTY,OPEN,-999,2018-05-10
10002194,LARIMER COUNTY JAIL,2405 MIDPOINT DRIVE,FORT COLLINS,CO,80525,COUNTY,OPEN,652,2024-03-27
10002196,GRAND COUNTY JAIL,670 SPRING STREET,HOT SULPHUR SPRINGS,CO,80451,COUNTY,OPEN,50,2024-03-26
10006715,LAKE COUNTY JAIL,505 HARRISON AVENUE,LEADVILLE,CO,80461,COUNTY,CLOSED,-999,2024-03-27
10002212,PARK COUNTY JAIL,1180 COUNTY ROAD 16,FAIRPLAY,CO,80440,COUNTY,OPEN,-999,2018-02-20
10002202,SUMMIT COUNTY JAIL,501 NORTH PARK AVENUE,BRECKENRIDGE,CO,80424,COUNTY,OPEN,95,2018-02-20
10000562,"MOUNT VIEW (BETTY K MARLER, ROCKY MOUNTAIN, WILLOW POINT) YOUTH SERVICES CENTER",7862 WEST MANSFIELD PKWY,DENVER,CO,80235,STATE,OPEN,91,2024-02-12
10006505,FCI ENGLEWOOD CAMP,9595 WEST QUINCY AVENUE,LITTLETON,CO,80123,FEDERAL,OPEN,-999,2016-02-16
10004659,FCI ENGLEWOOD AND DETENTION CENTER,9595 WEST QUINCY AVENUE,LITTLETON,CO,80123,FEDERAL,OPEN,-999,2016-02-16
10002208,JEFFERSON COUNTY DETENTION FACILITY,200 JEFFERSON COUNTY PARKWAY,GOLDEN,CO,80419,COUNTY,OPEN,1300,2024-03-26
10000564,"LOOKOUT MOUNTAIN (ASPIRE, GOLDEN PEAK, AND SUMMIT) YOUTH SERVICES CENTER",2901 FORD STREET,GOLDEN,CO,80401,STATE,OPEN,96,2024-02-12
10001463,BROOMFIELD DETENTION CENTER,11600 RIDGE PKWY,BROOMFIELD,CO,80021,LOCAL,OPEN,218,2018-05-17
10002205,CLEAR CREEK COUNTY SHERIFFS OFFICE JAIL,405 ARGENTINE STREET,GEORGETOWN,CO,80444,COUNTY,OPEN,-999,2018-02-19
10002200,GILPIN COUNTY JUSTICE CENTER,2960 DORY HILL ROAD,GOLDEN,CO,80403,COUNTY,OPEN,96,2024-03-26
10006713,BOULDER COUNTY JUVENILE CENTER,1777 6TH STREET,BOULDER,CO,80302,COUNTY,OPEN,20,2018-02-19
10002199,BOULDER COUNTY JAIL,3200 AIRPORT ROAD,BOULDER,CO,80301,COUNTY,OPEN,536,2018-02-19
10002211,AURORA CITY DETENTION & JAIL,14999 E ALAMEDA PKWY,AURORA,CO,80012,LOCAL,OPEN,220,2024-03-26
20000140,PRAIRIE VISTA YOUTH SERVICES CENTER,192 BROMLEY BUSINESS PARKWAY,BRIGHTON,CO,80603,STATE,OPEN,38,2024-02-12
10005213,ADAMS COUNTY DETENTION FACILITY,150 N 19TH AVE,BRIGHTON,CO,80601,COUNTY,OPEN,1600,2018-02-19
10002207,ADAMS YOUTH SERVICES CENTER,1933 E BRIDGE ST,BRIGHTON,CO,80601,STATE,NOT AVAILABLE,-999,2024-02-12
10002203,VAN CISE-SIMONET DETENTION CENTER,490 W COLFAX AVENUE,DENVER,CO,80204,COUNTY,OPEN,1599,2024-03-25
10002204,GILLIAM YOUTH SERVICES CENTER,2844 DOWNING STREET,DENVER,CO,80205,STATE,OPEN,64,2024-02-12
10000559,DENVER COUNTY JAIL,10500 EAST SMITH ROAD,DENVER,CO,80239,COUNTY,OPEN,687,2024-03-25
10000561,DENVER WOMENS CORRECTIONAL FACILITY,3600 HAVANA STREET,DENVER,CO,80239,STATE,OPEN,768,2023-12-31
10000560,DENVER RECEPTION AND DIAGNOSTIC CENTER,10900 SMITH ROAD,DENVER,CO,80239,STATE,OPEN,570,2023-12-31
10002206,DENVER CONTRACT DETENTION FACILITY (AURORA),3130 NORTH OAKLAND STREET,AURORA,CO,80010,FEDERAL,OPEN,1532,2024-01-12
10002209,ARAPAHOE COUNTY DETENTION FACILITY,7375 S POTOMAC ST,CENTENNIAL,CO,80112,COUNTY,OPEN,1400,2024-03-26
10002210,MARVIN W FOOTE YOUTH SERVICES CENTER,13500 E FREMONT PL,CENTENNIAL,CO,80112,STATE,OPEN,37,2024-02-12
10002214,DOUGLAS COUNTY SHERIFFS OFFICE JAIL,4000 JUSTICE CENTER,CASTLE ROCK,CO,80109,COUNTY,OPEN,518,2024-03-26
10002213,ELBERT COUNTY JAIL / SHERIFF,751 UTE AVENUE,KIOWA,CO,80117,COUNTY,OPEN,-999,2024-03-26
10000567,LIMON CORRECTIONAL FACILITY,49030 STATE HIGHWAY 71 SOUTH,LIMON,CO,80826,STATE,OPEN,938,2023-12-31
10001462,MORGAN COUNTY JAIL,801 EAST BEAVER,FORT MORGAN,CO,80701,COUNTY,OPEN,-999,2024-03-27
10002192,PLATTE VALLEY YOUTH SERVICES CENTER,2200 O STREET,GREELEY,CO,80631,STATE,OPEN,67,2024-02-12
10002193,WELD COUNTY NORTH JAIL COMPLEX,2110 O STREET,GREELEY,CO,80631,COUNTY,OPEN,-999,2018-02-20
10001901,JEFFREY C. WARDLE ACADEMY,3304 INTERSTATE 80 SERVICE RD,CHEYENNE,WY,82009,COUNTY,CLOSED,96,2018-05-11
10006892,LARAMIE COUNTY JUVENILE SERVICES CENTER,13794 PRAIRIE CENTER CIRCLE,CHEYENNE,WY,82009,COUNTY,OPEN,-999,2018-05-10
10000058,LARAMIE COUNTY JAIL,1910 PIONEER AVE,CHEYENNE,WY,82001,COUNTY,OPEN,-999,2018-05-10
10006092,KIMBALL COUNTY JAIL / SHERIFF,114 EAST 3RD STREET,KIMBALL,NE,69145,COUNTY,OPEN,-999,2018-04-05
10006077,MORRILL COUNTY JAIL / SHERIFF,113 6TH STREET,BRIDGEPORT,NE,69336,COUNTY,OPEN,-999,2018-04-05
10006076,GARDEN COUNTY JAIL,611 MAIN ST,OSHKOSH,NE,69154,COUNTY,OPEN,-999,2018-04-05
10006093,DEUEL COUNTY SHERIFF'S OFFICE,718 3RD STREET,CHAPPELL,NE,69129,COUNTY,OPEN,-999,2018-04-05
10000554,STERLING CORRECTIONAL FACILITY,12101 HIGHWAY 61,STERLING,CO,80751,STATE,OPEN,2088,2023-12-31
10006086,CHEYENNE COUNTY JAIL,1000 10TH AVENUE,SIDNEY,NE,69162,COUNTY,OPEN,-999,2018-04-04
10000555,LOGAN COUNTY DETENTION CENTER,110 RIVERVIEW ROAD,STERLING,CO,80751,COUNTY,OPEN,126,2016-02-15
10006270,WASHINGTON COUNTY JUSTICE CENTER,26861 US HWY 34,AKRON,CO,80720,COUNTY,OPEN,-999,2024-03-27
10002197,YUMA COUNTY JAIL,310 ASH STREET,WRAY,CO,80758,COUNTY,NOT AVAILABLE,-999,2018-02-20
10002195,PHILLIPS COUNTY JAIL,221 SOUTH INTEROCEAN AVENUE,HOLYOKE,CO,80734,COUNTY,OPEN,-999,2024-03-27
10006101,CHASE COUNTY JAIL,921 BROADWAY STREET,IMPERIAL,NE,69033,COUNTY,OPEN,-999,2018-04-04
10006116,DUNDY COUNTY JAIL,701 CHIEF ST,BENKELMAN,NE,69001,COUNTY,OPEN,-999,2018-04-05
10004795,RAWLINS COUNTY JAIL,607 MAIN STREET,ATWOOD,KS,67730,COUNTY,OPEN,10,2018-03-12
10006831,RED WILLOW COUNTY JAIL,516 NORRIS AVE,MCCOOK,NE,69001,COUNTY,OPEN,-999,2018-04-05
10001743,WORK ETHIC CAMP,2309 N HWY 83,MCCOOK,NE,69001,STATE,OPEN,200,2017-09-30
10006112,HITCHCOCK COUNTY JAIL / SHERIFF,229 EAST D STREET,TRENTON,NE,69044,COUNTY,OPEN,-999,2018-04-05
10006091,LINCOLN COUNTY JAIL,302 NORTH JEFFERS STREET,NORTH PLATTE,NE,69101,COUNTY,OPEN,-999,2018-04-05
10006088,KEITH COUNTY JAIL / SHERIFF,103 EAST 5TH STREET,OGALLALA,NE,69153,COUNTY,OPEN,14,2018-04-05
10006071,BOX BUTTE COUNTY JAIL,512 NIOBRARA AVENUE,ALLIANCE,NE,69301,COUNTY,OPEN,-999,2018-04-04
10006061,DAWES COUNTY JAIL,451 MAIN STREET,CHADRON,NE,69337,COUNTY,OPEN,-999,2018-04-05
10006062,SHERIDAN COUNTY JAIL,303 EAST 2ND STREET,RUSHVILLE,NE,69360,COUNTY,OPEN,24,2018-04-05
10004998,FALL RIVER COUNTY JAIL,906 N RIVER ST,HOT SPRINGS,SD,57747,COUNTY,OPEN,-999,2018-04-20
10002662,STAR ACADEMY QUEST PROGRAM-EAST CAMPUS,25298 BADGER CLARK RD,CUSTER,SD,57730,STATE,CLOSED,-999,2016-03-10
10006651,BLACK HILLS CHILDREN'S HOME SOCIETY,24100 S. ROCKERVILLE RD,RAPID CITY,SD,57702,STATE,OPEN,-999,2018-01-09
10002660,WESTERN SOUTH DAKOTA JUVENILE SERVICES CENTER,3505 CAMBELL ST,RAPID CITY,SD,57701,COUNTY,OPEN,106,2016-07-22
10001118,RAPID CITY COMMUNITY WORK CENTER,2725 CREEK DR,RAPID CITY,SD,57703,STATE,OPEN,-999,2017-11-30
10002659,PENNINGTON COUNTY JAIL,307 ST. JOSEPH ST,RAPID CITY,SD,57701,COUNTY,OPEN,624,2018-04-20
10001119,PENNINGTON COUNTY FRIENDSHIP HOUSE,703 ADAMS ST,RAPID CITY,SD,57701,COUNTY,OPEN,69,2016-03-01
10002665,WANBLI WICONI TIPI YOUTH WELLNESS / RENEWAL CTR,"1 BRISTOW RANCH, US HWY 18",ROSEBUD,SD,57570,COUNTY,OPEN,36,2020-02-07
10004995,MELLETTE COUNTY JAIL,321 E 4TH ST,WHITE RIVER,SD,57579,COUNTY,OPEN,-999,2018-04-20
10002657,SOUTH DAKOTA WOMEN'S PRISON,3200 E HWY 34,PIERRE,SD,57501,STATE,OPEN,-999,2017-08-24
10004990,HUGHES COUNTY JAIL AND JUVENILE DETENTION CTR,3100 E HIGHWAY 34,PIERRE,SD,57501,COUNTY,OPEN,168,2018-04-20
10002658,WOMEN'S STATE PRISON - UNIT E,3200 E STATE HWY 34,PIERRE,SD,57501,STATE,OPEN,-999,2017-11-30
10004993,BRULE COUNTY JAIL,201 W KELLAM AVE,CHAMBERLAIN,SD,57325,COUNTY,OPEN,20,2020-02-07
10004994,CHAMBERLAIN ACADEMY,211 W 16TH ST,CHAMBERLAIN,SD,57325,STATE,CLOSED,-999,2014-01-09
10006063,CHERRY COUNTY JUSTICE CENTER,365 NORTH MAIN STREET,VALENTINE,NE,69201,COUNTY,OPEN,-999,2018-04-04
10006067,BROWN COUNTY JAIL,142 WEST 4TH STREET,AINSWORTH,NE,69210,COUNTY,OPEN,-999,2018-04-04
10006068,ROCK COUNTY JAIL,400 STATE STREET,BASSETT,NE,68714,COUNTY,OPEN,-999,2018-04-05
10004997,CHARLES MIX COUNTY JAIL,501 EAST LAKE ST,LAKE ANDES,SD,57356,COUNTY,OPEN,60,2020-02-07
10006064,HOLT COUNTY JAIL,204 NORTH 4TH STREET,O'NEILL,NE,68763,COUNTY,OPEN,-999,2018-04-05
10006065,KNOX COUNTY JAIL,206 MAIN STREET,CENTER,NE,68724,COUNTY,OPEN,-999,2018-04-05
10002666,SPRINGFIELD ACADEMY,709 6TH ST,SPRINGFIELD,SD,57062,STATE,CLOSED,-999,2011-01-05
10001128,MIKE DURFEE STATE PRISON,1412 WOOD ST,SPRINGFIELD,SD,57062,STATE,OPEN,2044,2015-07-23
10004999,BON HOMME COUNTY JAIL,300 W 18TH AVE,TYNDALL,SD,57066,COUNTY,OPEN,6,2018-04-20
10006654,OUR HOME - PARKSTON,103 W MAPLE ST,PARKSTON,SD,57336,STATE,OPEN,-999,2016-06-15
10001919,ABBOTT HOUSE,909 COURT MERRILL ST,MITCHELL,SD,57301,STATE,OPEN,45,2018-01-09
10004996,DAVISON COUNTY JAIL,1015 SOUTH MILLER AVE,MITCHELL,SD,57301,COUNTY,OPEN,70,2018-04-20
10006388,AURORA PLAINS ACADEMY,1400 EAST 10TH STREET,PLANKINTON,SD,57368,STATE,OPEN,-999,2018-01-09
10004987,BEADLE COUNTY REGIONAL CORRECTIONAL CENTER,455 4TH ST SW,HURON,SD,57350,COUNTY,OPEN,62,2018-04-20
10006655,OUR HOME - ADOLESCENT SEXUAL ADJUSTMENT PROGRAM,40354 210TH ST,HURON,SD,57350,STATE,OPEN,-999,2016-06-15
10004992,LAKE COUNTY JAIL,200 E CENTER ST,MADISON,SD,57042,COUNTY,OPEN,20,2018-04-20
10006649,MCCROSSAN BOY'S RANCH,47135 260TH STREET,SIOUX FALLS,SD,57107,STATE,OPEN,-999,2024-04-15
10004991,BROOKINGS COUNTY DETENTION CENTER,315 7TH AVE,BROOKINGS,SD,57006,COUNTY,OPEN,54,2018-04-20
10002068,LINCOLN COUNTY JAIL,322 NORTH WALLACE STREET,IVANHOE,MN,56142,COUNTY,OPEN,15,2018-03-22
10002067,LYON COUNTY JAIL,611 WEST MAIN STREET,MARSHALL,MN,56258,COUNTY,OPEN,87,2018-03-22
10003033,YELLOW MEDICINE COUNTY JAIL,415 9TH AVENUE,GRANITE FALLS,MN,56241,COUNTY,OPEN,36,2018-03-23
10003809,REDWOOD COUNTY JAIL,303 EAST 3RD STREET,REDWOOD FALLS,MN,56283,COUNTY,OPEN,21,2018-03-23
10002073,COTTONWOOD COUNTY JAIL,902 5TH AVENUE,WINDOM,MN,56101,COUNTY,OPEN,21,2018-03-21
10006803,MURRAY COUNTY JAIL,2500 28TH STREET,SLAYTON,MN,56172,COUNTY,CLOSED,4,2024-08-09
10006436,PIPESTONE COUNTY JAIL,416 S HIAWATHA AVE,PIPESTONE,MN,56164,COUNTY,OPEN,19,2018-03-23
10004936,LYON COUNTY JAIL,410 SOUTH BOONE STREET,ROCK RAPIDS,IA,51246,COUNTY,OPEN,26,2024-07-10
10004940,SIOUX COUNTY JAIL,4363 IRONWOOD AVENUE,ORANGE CITY,IA,51041,COUNTY,OPEN,67,2018-02-28
10004935,OSCEOLA COUNTY JAIL,309 6TH STREET,SIBLEY,IA,51249,COUNTY,OPEN,-999,2018-02-18
10002076,NOBLES COUNTY JAIL,1530 AIRPORT ROAD,WORTHINGTON,MN,56187,COUNTY,OPEN,80,2018-03-22
10004267,DICKINSON COUNTY JAIL,1802 HILL AVENUE,SPIRIT LAKE,IA,51360,COUNTY,OPEN,24,2018-02-26
10004272,CLAY COUNTY JAIL,3115 WEST 4TH STREET,SPENCER,IA,51301,COUNTY,OPEN,-999,2024-07-10
10001851,O'BRIEN COUNTY JAIL,240 1ST STREET NORTHEAST,PRIMGHAR,IA,51245,COUNTY,OPEN,58,2017-05-10
10004277,CHEROKEE COUNTY JAIL,111 NORTH 5TH STREET,CHEROKEE,IA,51012,COUNTY,OPEN,-999,2024-07-10
10006726,BUENA VISTA COUNTY JAIL,411 EXPANSION BLVD,STORM LAKE,IA,50588,COUNTY,OPEN,-999,2018-02-27
10001855,PLYMOUTH COUNTY JAIL,451 14TH AVENUE NE,LE MARS,IA,51031,COUNTY,OPEN,70,2024-07-10
10001079,WOODBURY COUNTY JAIL,407 7TH STREET,SIOUX CITY,IA,51101,COUNTY,OPEN,234,2024-07-12
10004944,WOODBURY COUNTY JUVENILE DETENTION CENTER,822 DOUGLAS STREET,SIOUX CITY,IA,51101,COUNTY,OPEN,20,2017-04-28
10006070,DAKOTA COUNTY JAIL,1602 BROADWAY STREET,DAKOTA CITY,NE,68731,COUNTY,OPEN,-999,2018-04-05
10001860,SIOUX CITY RESIDENTIAL TREATMENT FACILITY,515 WATER ST,SIOUX CITY,IA,51103,STATE,OPEN,99,2023-06-30
10006069,DIXON COUNTY JAIL,302 3RD ST,PONCA,NE,68770,COUNTY,OPEN,-999,2018-04-05
10005000,CLAY COUNTY JAIL,15 WASHINGTON ST,VERMILLION,SD,57069,COUNTY,OPEN,20,2018-04-20
10005001,UNION COUNTY JAIL,209 E MAIN ST,ELK POINT,SD,57025,COUNTY,OPEN,52,2018-04-20
10006652,SIOUX FALLS CHILDREN'S HOME SOCIETY,801 N. SYCAMORE AVENUE,SIOUX FALLS,SD,57110,STATE,OPEN,-999,2018-01-09
10001121,G NORTON JAMESON ANNEX,1600 NORTH DR,SIOUX FALLS,SD,57117,STATE,OPEN,-999,2017-11-30
10001123,SOUTH DAKOTA STATE PENITENTIARY,1600 NORTH DR,SIOUX FALLS,SD,57117,STATE,OPEN,-999,2017-11-30
10006656,SUMMIT OAKS,621 EAST PRESENTATION ST,SIOUX FALLS,SD,57104,STATE,OPEN,-999,2018-01-09
10002663,MINNEHAHA COUNTY JAIL,500 N MINNESOTA AVE,SIOUX FALLS,SD,57104,COUNTY,OPEN,436,2016-01-30
10002664,MINNEHAHA COUNTY REG JUVENILE DETENTION CENTER,4200 S WEST AVE,SIOUX FALLS,SD,57105,COUNTY,OPEN,50,2018-04-20
10001124,MINNEHAHA COUNTY CORRECTIONS CENTER,1900 W RUSSELL ST,SIOUX FALLS,SD,57104,COUNTY,OPEN,200,2016-01-30
10001120,SEQUEL TRANSITION ACADEMY,46560 264TH ST,SIOUX FALLS,SD,57107,STATE,OPEN,32,2017-11-30
10001126,YANKTON COMMUNITY WORK CENTER,178 MICKELSON DR,YANKTON,SD,57078,STATE,OPEN,-999,2017-11-30
10001125,FPC YANKTON,1016 DOUGLAS AVE,YANKTON,SD,57078,FEDERAL,OPEN,-999,2016-02-16
10001127,YANKTON COUNTY SHERIFF,410 WALNUT ST,YANKTON,SD,57078,COUNTY,OPEN,120,2018-04-20
10006066,CEDAR COUNTY JAIL,101 SOUTH BROADWAY STREET,HARTINGTON,NE,68739,COUNTY,OPEN,-999,2018-04-04
10006072,PIERCE COUNTY JAIL,111 WEST COURT STREET,PIERCE,NE,68767,COUNTY,OPEN,-999,2018-04-05
10006595,NORFOLK REGIONAL CENTER,1700 N VICTORY ROAD,NORFOLK,NE,68702,STATE,OPEN,120,2017-12-14
10006075,NORTHEAST NEBRASKA JUVENILE SERVICES CENTER,1313 NORTH MAIN STREET,MADISON,NE,68748,COUNTY,OPEN,-999,2018-04-05
10004123,MADISON COUNTY JAIL,1313 N MAIN ST,MADISON,NE,68748,COUNTY,OPEN,120,2018-04-05
10006087,POLK COUNTY JAIL,251 NORTH MAIN STREET,OSCEOLA,NE,68651,COUNTY,OPEN,-999,2018-04-05
10006084,BUTLER COUNTY JAIL,451 N 5TH STREET,DAVID CITY,NE,68632,COUNTY,OPEN,-999,2018-04-04
10004124,PLATTE COUNTY DETENTION FACILITY,1125 E 17TH ST,COLUMBUS,NE,68601,COUNTY,OPEN,144,2018-04-05
10006830,PLATTE COUNTY COURTHOUSE JAIL,2610 14TH STREET,COLUMBUS,NE,68601,COUNTY,OPEN,27,2018-04-05
10006828,COLFAX COUNTY JAIL,411 EAST 11TH STREET,SCHUYLER,NE,68661,COUNTY,OPEN,-999,2018-04-05
10006085,SAUNDERS COUNTY CORRECTIONS,387 NORTH CHESTNUT STREET,WAHOO,NE,68006,COUNTY,OPEN,-999,2018-04-05
10006080,DODGE COUNTY DETENTION FACILITY,428 NORTH BROAD STREET,FREMONT,NE,68025,COUNTY,OPEN,-999,2018-04-05
10006074,THURSTON COUNTY JAIL,605 S 2ND STREET,PENDER,NE,68047,COUNTY,OPEN,34,2018-04-05
10004948,MONONA COUNTY JAIL,909 7TH STREET,ONAWA,IA,51040,COUNTY,OPEN,-999,2024-07-10
10004284,IDA COUNTY JAIL,401 MOOREHEAD STREET,IDA GROVE,IA,51445,COUNTY,OPEN,-999,2018-02-27
10004291,CRAWFORD COUNTY JAIL,1202 BROADWAY,DENISON,IA,51442,COUNTY,OPEN,-999,2018-02-27
10004949,SHELBY COUNTY JAIL,1104 9TH STREET,HARLAN,IA,51537,COUNTY,OPEN,14,2024-07-12
10004960,SOUTHWEST IOWA JUVENILE DETENTION CENTER,629 6TH AVENUE,COUNCIL BLUFFS,IA,51501,LOCAL,OPEN,-999,2016-02-15
10001867,COUNCIL BLUFFS RESIDENTIAL CORRECTIONAL FACILITY,900 9TH AVENUE,COUNCIL BLUFFS,IA,51501,STATE,OPEN,77,2023-06-30
10006541,COUNCIL BLUFFS RESIDENTIAL TREATMENT CENTER,1102 9TH AVENUE,COUNCIL BLUFFS,IA,51501,STATE,OPEN,44,2023-06-30
10001868,POTTAWATTAMIE COUNTY JAIL,1400 BIG LAKE RD,COUNCIL BLUFFS,IA,51501,MULTI,OPEN,288,2024-01-12
10004132,SARPY COUNTY LAW ENFORCEMENT CENTER,1208 GOLDEN GATE DR,PAPILLION,NE,68046,COUNTY,OPEN,-999,2018-04-05
10004131,PATRICK J THOMAS JUVENILE JUSTICE CENTER,9701 PORTAL RD,LAVISTA,NE,68046,COUNTY,OPEN,36,2018-04-05
10004128,DOUGLAS COUNTY YOUTH CENTER,1301 S 41ST ST,OMAHA,NE,68105,COUNTY,OPEN,-999,2018-04-05
10004129,DOUGLAS COUNTY CORRECTIONAL CENTER,710 S 17TH ST,OMAHA,NE,68102,COUNTY,OPEN,1449,2018-04-05
10004130,DOUGLAS COUNTY WORK RELEASE CENTER,1709 JACKSON ST,OMAHA,NE,68102,COUNTY,OPEN,-999,2018-04-05
10004125,OMAHA CORRECTIONAL CENTER,2323 AVENUE J,OMAHA,NE,68110,STATE,OPEN,766,2017-09-30
10004126,COMMUNITY CORRECTIONS CENTER - OMAHA,2320 AVENUE J,OMAHA,NE,68110,STATE,OPEN,179,2017-09-30
10004127,NEBRASKA CORRECTIONAL YOUTH FACILITY,2610 N 20TH ST E,OMAHA,NE,68110,STATE,OPEN,70,2017-09-30
10004297,HARRISON COUNTY JAIL,111 SOUTH 1ST AVENUE,LOGAN,IA,51546,COUNTY,OPEN,24,2018-02-27
10006083,WASHINGTON COUNTY DETENTION FACILITY,1535 COLFAX STREET,BLAIR,NE,68008,COUNTY,OPEN,-999,2018-04-02
10006099,OTOE COUNTY JAIL,1021 CENTRAL AVENUE,NEBRASKA CITY,NE,68410,COUNTY,OPEN,-999,2018-04-05
10004133,CASS COUNTY JAIL,336 MAIN STREET,PLATTSMOUTH,NE,68048,COUNTY,OPEN,110,2018-04-04
10004966,MILLS COUNTY JAIL,600 INDUSTRIAL RD,GLENWOOD,IA,51534,COUNTY,OPEN,-999,2018-02-28
10004967,MONTGOMERY COUNTY JAIL,106 WEST COOLBAUGH STREET,RED OAK,IA,51566,COUNTY,OPEN,-999,2024-07-10
10004308,FREMONT COUNTY JAIL (OLD),710 OHIO STREET,SIDNEY,IA,51652,COUNTY,CLOSED,-999,2018-02-27
20000622,FREMONT COUNTY JAIL,2814 200TH ST,SIDNEY,IA,51652,COUNTY,OPEN,-999,2024-07-10
10005381,ATCHISON COUNTY JAIL / SHERIFF,511 WEST CLAY STREET,ROCK PORT,MO,64482,COUNTY,OPEN,12,2020-01-31
10005386,HOLT COUNTY JAIL / SHERIFF,107 SOUTH MAIN STREET,OREGON,MO,64473,COUNTY,OPEN,-999,2018-03-26
10006437,BROWN COUNTY JAIL,709 UTAH ST,HIAWATHA,KS,66434,COUNTY,OPEN,50,2018-03-07
10006118,RICHARDSON COUNTY LAW ENFORCEMENT CENTER,65086 706 TRAIL,FALLS CITY,NE,68355,COUNTY,OPEN,-999,2016-08-05
10004800,NEMAHA COUNTY JAIL,212 NORTH 6TH STREET,SENECA,KS,66538,COUNTY,OPEN,32,2024-08-02
10006107,NEMAHA COUNTY JAIL,1805 N STREET,AUBURN,NE,68305,COUNTY,OPEN,-999,2018-04-05
10001742,TECUMSEH STATE CORRECTIONAL INSTITUTION,2725 HWY 50,TECUMSEH,NE,68450,STATE,OPEN,-999,2017-09-30
10006109,JOHNSON COUNTY JAIL / SHERIFF,222 SOUTH 4TH STREET,TECUMSEH,NE,68450,COUNTY,OPEN,-999,2018-04-05
10006763,MARSHALL COUNTY JAIL,107 SOUTH 13TH STREET,MARYSVILLE,KS,66508,COUNTY,OPEN,-999,2024-08-02
10006769,WASHINGTON COUNTY JAIL,301 B STREET,WASHINGTON,KS,66968,COUNTY,OPEN,-999,2018-03-13
10006108,GAGE COUNTY CORRECTIONS,612 LINCOLN STREET,BEATRICE,NE,68310,COUNTY,OPEN,26,2018-04-05
10001740,LANCASTER COUNTY YOUTH SERVICES CENTER,1200 RADCLIFF ST,LINCOLN,NE,68512,COUNTY,OPEN,-999,2018-04-05
10006594,WHITEHALL PSYCHIATRIC RESIDENTIAL TREATMENT FACILITY,5845 HUNTINGTON AVE,LINCOLN,NE,68507,STATE,OPEN,24,2017-12-14
10001739,NEBRASKA STATE PENITENTIARY,4201 S 14TH ST,LINCOLN,NE,68502,STATE,OPEN,-999,2017-09-30
10001741,LANCASTER COUNTY DETENTION FACILITY / INTAKE,605 S 10TH ST,LINCOLN,NE,68508,COUNTY,CLOSED,-999,2018-04-05
10006593,LINCOLN REGIONAL CENTER,WEST PROSPECTOR PLACE AND FOLSOM STREET,LINCOLN,NE,68509,STATE,OPEN,250,2017-12-14
10004138,LINCOLN CORRECTIONAL CENTER,3216 W VAN DORN ST,LINCOLN,NE,68522,STATE,OPEN,468,2017-09-30
10004137,DIAGNOSTIC AND EVALUATION CENTER,3220 W VAN DORN ST,LINCOLN,NE,68522,STATE,OPEN,275,2017-09-30
10004139,COMMUNITY CORRECTIONS CENTER - LINCOLN,2720 W VAN DORN ST,LINCOLN,NE,68522,STATE,OPEN,660,2017-09-30
10004136,LANCASTER COUNTY CORRECTIONAL FACILITY,3801 WEST O STREET,LINCOLN,NE,68528,COUNTY,OPEN,786,2018-04-05
10004141,SALINE COUNTY JAIL,911 S MAIN ST,WILBER,NE,68465,COUNTY,OPEN,-999,2018-04-05
10006098,SEWARD COUNTY JAIL,261 SOUTH 8TH STREET,SEWARD,NE,68434,COUNTY,OPEN,58,2018-04-05
10006097,YORK COUNTY JAIL,510 N LINCOLN AVENUE,YORK,NE,68467,COUNTY,OPEN,39,2018-04-05
10001738,NEBRASKA CORRECTIONAL CENTER FOR WOMEN,1107 RECHARGE RD,YORK,NE,68467,STATE,OPEN,318,2017-09-30
10006103,FILLMORE COUNTY JAIL,900 G STREET,GENEVA,NE,68361,COUNTY,OPEN,-999,2018-04-05
10004140,YOUTH REHABILITATION & TREATMENT CENTER - GENEVA,855 N 1ST ST,GENEVA,NE,68361,STATE,OPEN,82,2020-01-31
10006113,THAYER COUNTY JAIL,324 OLIVE AVENUE,HEBRON,NE,68370,COUNTY,OPEN,-999,2018-04-05
10006117,JEFFERSON COUNTY JAIL / SHERIFF,606 3RD STREET,FAIRBURY,NE,68352,COUNTY,OPEN,-999,2018-04-05
10004798,REPUBLIC COUNTY JAIL,1815 M STREET,BELLEVILLE,KS,66935,COUNTY,NOT AVAILABLE,-999,2024-03-07
10006829,NUCKOLLS COUNTY JAIL,150 SOUTH MAIN,NELSON,NE,68961,COUNTY,OPEN,-999,2018-04-05
10004796,JEWELL COUNTY JAIL,307 NORTH COMMERCIAL STREET,MANKATO,KS,66956,COUNTY,OPEN,-999,2018-03-12
10004797,SMITH COUNTY JAIL,217 SOUTH JEFFERSON STREET,SMITH CENTER,KS,66967,COUNTY,OPEN,-999,2024-08-02
10006114,FRANKLIN COUNTY JAIL,405 15TH AVENUE,FRANKLIN,NE,68939,COUNTY,OPEN,-999,2018-04-05
10006115,WEBSTER COUNTY JAIL,641 NORTH CEDAR STREET,RED CLOUD,NE,68970,COUNTY,OPEN,-999,2018-04-05
10006105,KEARNEY COUNTY JAIL,246 N COLORADO AVE,MINDEN,NE,68959,COUNTY,OPEN,-999,2018-04-05
10004134,YOUTH REHABILITATION AND TREATMENT CENTER- KEARNEY,2802 30TH AVE,KEARNEY,NE,68845,STATE,OPEN,-999,2017-12-14
10006096,BUFFALO COUNTY DETENTION CENTER,1417 1ST AVENUE,KEARNEY,NE,68847,COUNTY,OPEN,-999,2018-04-04
10004135,HALL COUNTY DEPARTMENT OF CORRECTIONS,110 PUBLIC SAFETY DR,GRAND ISLAND,NE,68801,COUNTY,OPEN,-999,2018-04-05
10006102,ADAMS COUNTY JAIL / SHERIFF,500 WEST 4TH STREET,HASTINGS,NE,68902,COUNTY,OPEN,-999,2018-04-04
10006104,CLAY COUNTY JAIL,104 EAST EDGAR STREET,CLAY CENTER,NE,68933,COUNTY,OPEN,-999,2018-04-04
10006094,HAMILTON COUNTY JAIL,715 12TH STREET,AURORA,NE,68818,COUNTY,OPEN,-999,2018-04-05
10006089,MERRICK COUNTY JAIL,1821 16TH AVENUE,CENTRAL CITY,NE,68826,COUNTY,OPEN,-999,2018-04-05
10006079,BOONE COUNTY JAIL / SHERIFF,217 SOUTH 5TH STREET,ALBION,NE,68620,COUNTY,OPEN,-999,2018-04-04
10006073,ANTELOPE COUNTY JAIL / SHERIFF,1102 L STREET,NELIGH,NE,68756,COUNTY,OPEN,-999,2018-04-04
10006082,VALLEY COUNTY JAIL,125 SOUTH 15TH STREET,ORD,NE,68862,COUNTY,OPEN,-999,2018-04-05
10006081,CUSTER COUNTY JAIL / SHERIFF,116 SOUTH 11TH STREET,BROKEN BOW,NE,68822,COUNTY,OPEN,-999,2018-04-05
10006100,FRONTIER COUNTY JAIL,308 CENTER AVENUE,CURTIS,NE,69025,COUNTY,OPEN,-999,2018-04-05
10006095,DAWSON COUNTY JAIL,709 NORTH GRANT STREET,LEXINGTON,NE,68850,COUNTY,OPEN,-999,2018-04-05
10006106,PHELPS COUNTY JAIL,715 5TH AVENUE,HOLDREGE,NE,68949,MULTI,OPEN,51,2024-01-12
10006110,FURNAS COUNTY JAIL,912 R STREET,BEAVER CITY,NE,68926,COUNTY,OPEN,-999,2018-04-05
10006111,HARLAN COUNTY JAIL,706 WEST 2ND STREET,ALMA,NE,68920,COUNTY,OPEN,-999,2018-04-05
10006766,PHILLIPS COUNTY JAIL,301 STATE STREET,PHILLIPSBURG,KS,67761,COUNTY,OPEN,-999,2018-03-12
10001028,NORTON CORRECTIONAL FACILITY,11130 ROAD E4,NORTON,KS,67654,STATE,OPEN,849,2024-02-26
10001824,NORTON COUNTY JAIL,105 SOUTH KANSAS AVENUE,NORTON,KS,67654,COUNTY,OPEN,-999,2024-08-02
10004799,DECATUR COUNTY JAIL,120 EAST HALL STREET,OBERLIN,KS,67749,COUNTY,OPEN,-999,2019-12-11
10004811,SHERIDAN COUNTY JAIL,940 8TH STREET,HOXIE,KS,67740,COUNTY,OPEN,8,2024-08-02
10004842,LANE COUNTY JAIL / SHERIFF,144 SOUTH LANE STREET,DIGHTON,KS,67839,COUNTY,OPEN,-999,2018-03-12
10006765,NESS COUNTY JAIL,221 W. MAIN STREET,NESS CITY,KS,67560,COUNTY,OPEN,-999,2024-08-02
10006760,ELLIS COUNTY JAIL,105 W. 12TH ST,HAYS,KS,67601,COUNTY,OPEN,72,2018-03-09
10004830,TREGO COUNTY JUVENILE CENTER,675 SOUTH 13TH STREET,WAKEENEY,KS,67672,COUNTY,CLOSED,41,2010-06-05
10004829,TREGO COUNTY JAIL,525 WARREN AVENUE,WAKEENEY,KS,67672,COUNTY,OPEN,16,2024-08-02
10004816,GRAHAM COUNTY JAIL,410 NORTH POMEROY AVENUE,HILL CITY,KS,67642,COUNTY,OPEN,14,2018-03-09
10004812,NORTON CORRECTIONAL FACILITY - EAST UNIT,1210 SOUTH CEDAR STREET,STOCKTON,KS,67669,STATE,OPEN,128,2024-02-26
10004813,ROOKS COUNTY JAIL,803 S. ELM STREET,STOCKTON,KS,67669,COUNTY,OPEN,-999,2018-03-12
10004810,OSBORNE COUNTY JAIL,104 SOUTH 5TH STREET,OSBORNE,KS,67473,COUNTY,OPEN,12,2024-08-02
10004815,MITCHELL COUNTY JAIL,1716 N HERSEY,BELOIT,KS,67420,COUNTY,OPEN,-999,2024-03-06
10004823,LINCOLN COUNTY JAIL,116 NORTH 2ND STREET,LINCOLN,KS,67455,COUNTY,OPEN,-999,2024-08-02
10001828,ELLSWORTH COUNTY JAIL,212 NORTH KANSAS AVENUE,ELLSWORTH,KS,67439,COUNTY,OPEN,12,2018-03-09
10001040,ELLSWORTH CORRECTIONAL FACILITY,1607 STATE STREET,ELLSWORTH,KS,67439,STATE,OPEN,899,2024-02-26
10004844,BARTON COUNTY DETENTION FACILITY,1408 KANSAS AVE,GREAT BEND,KS,67530,COUNTY,OPEN,108,2024-08-01
10005598,RUSSELL COUNTY JAIL,210 EAST 4TH ST,RUSSELL,KS,67665,COUNTY,OPEN,21,2024-08-02
10001832,LARNED CORRECTIONAL MENTAL HEALTH FACILITY - WEST,1301 STATE HIGHWAY 264,LARNED,KS,67550,STATE,OPEN,-999,2024-02-26
10001830,LARNED CORRECTIONAL CORECCTIONAL FACILITY - CENTRAL,1318 STATE HIGHWAY 264,LARNED,KS,67550,STATE,OPEN,310,2024-02-26
10004852,LARNED STATE HOSPITAL,1301 KS HWY 264,LARNED,KS,67550,STATE,OPEN,-999,2024-02-27
10001041,LARNED CORRECTIONAL MENTAL HEALTH FACILITY - SOUTH,1389 SCENIC DRIVE,LARNED,KS,67550,STATE,OPEN,304,2024-02-26
10001829,PAWNEE COUNTY JAIL (OLD),116 WEST 8TH STREET,LARNED,KS,67550,COUNTY,OPEN,-999,2024-08-02
10004847,RICE COUNTY JAIL,1442 WEST COMMERCIAL AVE,LYONS,KS,67554,COUNTY,OPEN,72,2024-08-02
10006445,RENO COUNTY JUVENILE DETENTION CENTER,219 W 2ND AVE,HUTCHINSON,KS,67501,COUNTY,OPEN,21,2018-03-12
10001833,RENO COUNTY JAIL,210 WEST FIRST AVENUE,HUTCHINSON,KS,67501,COUNTY,OPEN,250,2024-08-02
10006767,RENO COUNTY CORRECTIONAL FACILITY,1800 S SEVERANCE ST,HUTCHINSON,KS,67501,COUNTY,OPEN,250,2024-03-04
10001042,HUTCHINSON CORRECTIONAL FACILITY - SOUTH UNIT,1100 EAST AVENUE G,HUTCHINSON,KS,67504,STATE,OPEN,326,2024-02-26
10001043,HUTCHINSON CORRECTIONAL FACILITY - CENTRAL,500 REFORMATORY STREET,HUTCHINSON,KS,67504,STATE,OPEN,956,2024-02-26
10001044,HUTCHINSON CORRECTIONAL FACILITY - EAST UNIT,400 SOUTH HALSTEAD STREET,HUTCHINSON,KS,67504,STATE,OPEN,496,2024-02-26
10004873,KINGMAN COUNTY JAIL,120 NORTH SPRUCE STREET,KINGMAN,KS,67068,COUNTY,OPEN,13,2018-03-12
10004977,PERKINS COUNTY JAIL,100 MAIN AVE,BISON,SD,57620,COUNTY,OPEN,-999,2020-05-28
10004884,HARPER COUNTY JAIL,115 EAST STEADMAN STREET,ANTHONY,KS,67003,COUNTY,OPEN,-999,2024-08-02
10004879,BARBER COUNTY JAIL,124 EAST WASHINGTON AVENUE,MEDICINE LODGE,KS,67104,COUNTY,OPEN,-999,2018-03-07
10004866,PRATT COUNTY JAIL,303 SOUTH OAK STREET,PRATT,KS,67124,COUNTY,OPEN,-999,2018-03-12
10004878,CLARK COUNTY JAIL,221 WEST 9TH AVENUE,ASHLAND,KS,67831,COUNTY,OPEN,8,2024-08-01
10004870,KIOWA COUNTY JAIL,200 EAST WISCONSIN STREET,GREENSBURG,KS,67054,COUNTY,OPEN,-999,2024-08-02
10004860,EDWARDS COUNTY JAIL,312 MASSACHUSETTS AVENUE,KINSLEY,KS,67547,COUNTY,OPEN,-999,2024-08-02
10004857,HODGEMAN COUNTY JAIL,500 MAIN STREET,JETMORE,KS,67854,COUNTY,OPEN,8,2018-03-12
10004864,FORD COUNTY JAIL,11311 E COMANCHE,DODGE CITY,KS,67801,COUNTY,OPEN,256,2018-03-09
10004877,MEADE COUNTY JAIL / SHERIFF,223 NORTH MEADE CENTER STREET,MEADE,KS,67864,COUNTY,OPEN,-999,2019-12-11
10006356,BEAVER COMMUNITY WORK CENTER,215 AVENUE E,BEAVER,OK,73932,STATE,CLOSED,45,2016-08-05
10005462,BEAVER COUNTY JAIL,215 AVE EAST,BEAVER,OK,73932,COUNTY,OPEN,-999,2016-03-07
10004357,LIPSCOMB COUNTY JAIL,105 OAK STREET,LIPSCOMB,TX,79056,COUNTY,OPEN,13,2018-03-01
10003569,WILLIAM S KEY CORRECTIONAL CENTER,ONE WILLIAM S KEY BLVD,FORT SUPPLY,OK,73841,STATE,CLOSED,-999,2018-01-02
10005463,HARPER COUNTY JAIL,311 SE 1ST,BUFFALO,OK,73834,COUNTY,OPEN,-999,2016-03-07
10006012,NORTHWEST OKLAHOMA JUVENILE DETENTION CENTER,315 AIRPORT RD,WOODWARD,OK,73801,COUNTY,OPEN,10,2015-11-30
10006841,WOODWARD COUNTY JAIL,1600 MAIN STREET,WOODWARD,OK,73801,COUNTY,OPEN,-999,2018-04-16
10005469,ELLIS COUNTY JAIL,100 WASHINGTON ST,ARNETT,OK,73832,COUNTY,OPEN,-999,2020-01-21
10006023,ROGER MILLS COUNTY JAIL,500 EAST BROADWAY ST,CHEYENNE,OK,73628,COUNTY,OPEN,28,2020-01-21
10004360,HEMPHILL COUNTY JAIL,400 MAIN STREET,CANADIAN,TX,79014,COUNTY,OPEN,18,2018-04-27
10004364,WHEELER COUNTY JAIL,7944 US HWY 83,WHEELER,TX,79096,COUNTY,OPEN,48,2018-03-01
10004367,COLLINGSWORTH COUNTY JAIL,810 BELTON STREET,WELLINGTON,TX,79095,COUNTY,OPEN,17,2018-03-01
10004368,HALL COUNTY JAIL,200 EAST HARRISON STREET,MEMPHIS,TX,79245,COUNTY,OPEN,9,2018-03-01
10000156,ROACH UNIT,15845 FM 164,CHILDRESS,TX,79201,STATE,OPEN,1384,2016-09-15
10002710,CHILDRESS COUNTY JAIL,1005 AVENUE F NE,CHILDRESS,TX,79201,COUNTY,OPEN,94,2018-03-01
10006042,HARMON COUNTY JAIL,105 W JONES ST,HOLLIS,OK,73550,COUNTY,OPEN,-999,2018-04-13
10003589,HOLLIS COMMUNITY WORK CENTER,105 W JONES ST,HOLLIS,OK,73550,STATE,CLOSED,-999,2016-08-05
10004371,HARDEMAN COUNTY JAIL,318 MERCER STREET,QUANAH,TX,79252,COUNTY,OPEN,11,2018-03-01
10006355,ALTUS COMMUNITY WORK CENTER,308 W. BROADWAY,ALTUS,OK,73521,STATE,CLOSED,80,2016-08-05
10005483,JACKSON COUNTY JAIL,600 S MAIN,ALTUS,OK,73521,COUNTY,OPEN,-999,2018-04-13
10003587,OKLAHOMA STATE REFORMATORY,1700 E FIRST ST,GRANITE,OK,73547,STATE,OPEN,1000,2018-01-02
10005482,GREER COUNTY JAIL,105 S PENNSYLVANIA AVE,MANGUM,OK,73554,COUNTY,OPEN,-999,2018-04-13
10003588,MANGUM COMMUNITY WORK CENTER,215 E LINCOLN ST,MANGUM,OK,73554,STATE,CLOSED,-999,2016-08-05
10001730,NORTH FORK CORRECTIONAL CENTER,1605 EAST MAIN ST,SAYRE,OK,73662,STATE,OPEN,-999,2018-01-02
10005477,BECKHAM COUNTY JAIL,108 S 3RD,SAYRE,OK,73662,COUNTY,OPEN,-999,2018-04-12
10006360,SAYRE COMMUNITY WORK CENTER,1107 N. BROADWAY,SAYRE,OK,73662,STATE,CLOSED,-999,2016-08-05
10005478,BECKHAM COUNTY JUVENILE DETENTION CENTER,1200 E STE HWY 66,ELK CITY,OK,73644,COUNTY,OPEN,-999,2018-04-12
10006357,ELK CITY COMMUNITY WORK CENTER,1309 AIRPORT INDUSTRIAL ROAD,ELK CITY,OK,73648,STATE,CLOSED,84,2016-08-05
10006033,WASHITA COUNTY JAIL,400 NORTH E MCCLARY RD,CORDELL,OK,73632,COUNTY,OPEN,-999,2020-01-21
10005475,CUSTER COUNTY JAIL,300 N 7TH AVENUE,ARAPAHO,OK,73620,COUNTY,OPEN,141,2018-04-13
10006358,HOBART COMMUNITY WORK CENTER,311 SOUTH WASHINGTON,HOBART,OK,73651,STATE,CLOSED,-999,2016-08-05
10006040,KIOWA COUNTY JAIL,301 S JEFFERSON,HOBART,OK,73651,COUNTY,OPEN,-999,2018-04-13
10006048,TILLMAN COUNTY JAIL,1200 S MAIN ST,FREDERICK,OK,73542,COUNTY,OPEN,-999,2018-04-16
10006047,FREDERICK COMMUNITY WORK CENTER,"18205 COUNTY RD, NS 215",FREDERICK,OK,73542,STATE,CLOSED,-999,2016-08-05
10003593,SOUTHWESTERN OKLAHOMA JUVENILE CENTER,320 S BROADWAY AVE,MANITOU,OK,73555,STATE,CLOSED,-999,2017-08-22
10001736,COMANCHE COUNTY DETENTION CENTER,315 SW 5TH ST,LAWTON,OK,73501,COUNTY,OPEN,283,2018-04-13
10005485,LAWTON CITY JAIL,10 SW 4TH ST,LAWTON,OK,73501,LOCAL,OPEN,-999,2018-05-21
10005486,COMANCHE COUNTY REG JUVENILE DETENTION  CENTER,701 SW 17TH ST,LAWTON,OK,73501,COUNTY,OPEN,25,2016-02-15
10003590,LAWTON COMMUNITY CORRECTIONS CENTER,605 SW COOMBS RD,LAWTON,OK,73501,STATE,OPEN,-999,2018-01-02
10001735,LAWTON CORRECTIONAL FACILITY,8607 SE FLOWER MOUND RD,LAWTON,OK,73501,STATE,OPEN,2682,2018-01-02
10006361,WALTERS COMMUNITY WORK CENTER,R.R. 3,WALTERS,OK,73572,STATE,CLOSED,-999,2016-08-05
10005489,COTTON COUNTY JAIL,301 N BROADWAY ST,WALTERS,OK,73572,COUNTY,OPEN,-999,2018-04-13
10006045,STEPHENS COUNTY JAIL,101 S 11TH ST,DUNCAN,OK,73533,COUNTY,OPEN,-999,2016-02-15
10003582,GRADY COUNTY LAW ENFORCEMENT CENTER,215 N 3RD ST,CHICKASHA,OK,73018,COUNTY,OPEN,-999,2016-02-15
10006030,CADDO COUNTY JAIL,201 WEST OKLAHOMA,ANADARKO,OK,73005,COUNTY,OPEN,-999,2018-04-13
10003579,GREAT PLAINS CORRECTIONAL CENTER,700 SUGAR CREEK DRIVE,HINTON,OK,73047,STATE,OPEN,2047,2024-02-05
10001727,FCI EL RENO,4205 HWY 66 W,EL RENO,OK,73036,FEDERAL,OPEN,-999,2016-02-16
10001728,FCI EL RENO CAMP,4205 HWY 66 W,EL RENO,OK,73036,FEDERAL,OPEN,-999,2016-02-16
10003572,UNION CITY COMMUNITY CORRECTIONS CENTER,700 N STATE HWY 81,UNION CITY,OK,73090,STATE,OPEN,228,2018-01-02
10003573,GARY E MILLER CHILDREN'S JUSTICE CENTER,7905 E STATE HWY 66,EL RENO,OK,73036,COUNTY,OPEN,28,2018-04-13
10005476,CANADIAN COUNTY JAIL,304 N EVANS,EL RENO,OK,73036,COUNTY,OPEN,72,2018-04-13
10006020,KINGFISHER COUNTY JAIL,119 S MAIN,KINGFISHER,OK,73750,COUNTY,OPEN,-999,2018-04-13
10006017,MAJOR COUNTY JAIL,500 E BROADWAY,FAIRVIEW,OK,73737,COUNTY,OPEN,-999,2018-04-13
10005470,BLAINE COUNTY JAIL,205 N BURFORD AVE,WATONGA,OK,73772,COUNTY,OPEN,-999,2018-04-12
10001724,DIAMONDBACK CORRECTIONAL FACILITY,"ROUTE 2, BOX 336",WATONGA,OK,73772,STATE,CLOSED,-999,2015-11-30
10005471,DEWEY COUNTY JAIL,RUBLE AVE & BROADWAY ST,TALOGA,OK,73667,COUNTY,OPEN,23,2020-01-21
10003565,CHARLES E JOHNSON CORRECTIONAL CENTER,1856 E FLYNN ST,ALVA,OK,73717,STATE,OPEN,584,2018-01-02
10005467,ALFALFA COUNTY JAIL,300 S GRAND AVE,CHEROKEE,OK,73728,COUNTY,OPEN,-999,2020-01-21
10001016,JAMES CRABTREE CORRECTIONAL CENTER,216 N. MURRAY ST.,HELENA,OK,73741,STATE,OPEN,1175,2018-01-02
10005468,GARFIELD COUNTY REG JUVENILE DETENTION CENTER,819 FAILING DR,ENID,OK,73701,COUNTY,OPEN,-999,2020-05-28
10006634,CATALYST BEHAVIORAL SERVICES - ENID,1824 SOUTH VAN BUREN STREET,ENID,OK,73703,STATE,CLOSED,130,2018-01-02
10001722,ENID COMMUNITY CORRECTIONS CENTER,2020 E MAINE AVE,ENID,OK,73701,STATE,OPEN,98,2018-01-02
10001723,GARFIELD COUNTY DETENTION FACILITY,1020 S 10TH  ST,ENID,OK,73701,COUNTY,OPEN,198,2018-04-13
10005466,GRANT COUNTY JAIL,219 N 1ST ST,MEDFORD,OK,73759,COUNTY,OPEN,39,2018-04-13
10006009,KAY COUNTY DETENTION CENTER,1101 WEST DRY ROAD,NEWKIRK,OK,74647,MULTI,OPEN,-999,2024-01-12
10006019,PAYNE COUNTY JAIL,606 S HUSBAND ST,STILLWATER,OK,74074,COUNTY,OPEN,-999,2018-04-16
10006015,PAWNEE COUNTY JAIL,500 HARRISON ST,PAWNEE,OK,74058,COUNTY,OPEN,-999,2018-04-16
10001017,CIMARRON CORRECTIONAL FACILITY,3200 S KINGS HWY,CUSHING,OK,74023,STATE,OPEN,-999,2018-01-02
10006021,LOGAN COUNTY JAIL,216 S BROAD ST,GUTHRIE,OK,73044,COUNTY,OPEN,-999,2016-02-15
10006013,NOBLE COUNTY JAIL / SHERIFF'S OFFICE,721 CEDAR ST,PERRY,OK,73077,COUNTY,OPEN,48,2018-04-13
10006014,NOBLE COUNTY JAIL / COURTHOUSE,"300 COURTHOUSE DR, STE 5",PERRY,OK,73077,MULTI,OPEN,48,2020-05-28
10003578,FTC OKLAHOMA CITY,7410 S MACARTHUR BLVD,OKLAHOMA CITY,OK,73169,FEDERAL,OPEN,-999,2016-02-16
10003577,OKLAHOMA COUNTY DETENTION CENTER,201 N SHARTEL AVE,OKLAHOMA CITY,OK,73102,COUNTY,OPEN,2890,2018-04-16
10006633,CARVER TRANSITIONAL CENTER,400 S MAY AVE,OKLAHOMA CITY,OK,73108,STATE,OPEN,300,2018-01-02
10006636,OKLAHOMA CITY TRANSITIONAL CENTER,5245 I-35 SERVICE ROAD,OKLAHOMA CITY,OK,73129,STATE,CLOSED,-999,2018-01-02
10006635,CATALYST BEHAVIORAL SERVICES - IVANHOE,415 NW 8TH STREET,OKLAHOMA CITY,OK,73102,STATE,CLOSED,139,2015-06-18
10003576,KATE BARNARD CORRECTIONAL CENTER,3300 MARTIN LUTHER KING AVE,OKLAHOMA CITY,OK,73111,STATE,CLOSED,-999,2018-01-02
10002629,CLARA WATERS COMMUNITY CORRECTIONS CENTER,9901 N I-35 SERVICE RD,OKLAHOMA CITY,OK,73131,STATE,OPEN,-999,2018-01-02
10003574,OKLAHOMA CITY COMMUNITY CORRECTIONS CENTER,315 W I-44 SERVICE RD,OKLAHOMA CITY,OK,73118,STATE,CLOSED,-999,2018-01-02
10006839,OKLAHOMA COUNTY JUVENILE DETENTION FACILITY,5905 N CLASSEN COURT,OKLAHOMA CITY,OK,73118,COUNTY,OPEN,80,2018-04-16
10003580,MABEL BASSETT CORRECTIONAL CENTER,29501 KICKAPOO RD,MCLOUD,OK,74851,STATE,OPEN,1241,2018-01-02
10006918,MIDWEST CITY JAIL,100 N MIDWEST BLVD,MIDWEST CITY,OK,73110,LOCAL,OPEN,70,2018-05-21
10006638,OKLAHOMA JUVENILE CENTER FOR GIRLS,310 12TH AVENUE NE,NORMAN,OK,73071,STATE,OPEN,20,2017-08-25
10003583,REX THOMPSON MINIMUM SECURITY UNIT (LARC),15151 HWY 39,LEXINGTON,OK,73051,STATE,OPEN,267,2014-05-12
10001733,LEXINGTON ASSESSMENT AND RECEPTION CENTER,15151 STATE HWY 39,LEXINGTON,OK,73051,STATE,OPEN,1462,2018-01-02
10001732,JOSEPH HARP CORRECTIONAL CENTER,16161 MOFFAT RD,LEXINGTON,OK,73051,STATE,OPEN,1300,2018-01-02
10006991,MCCLAIN COUNTY DETENTION CENTER,121 NORTH SECOND ST,PURCELL,OK,73080,COUNTY,OPEN,56,2020-04-22
10005480,CLEVELAND COUNTY DETENTION CENTER,203 S JONES AVE,NORMAN,OK,73069,COUNTY,CLOSED,139,2016-02-15
10006187,F DEWAYNE BEGGS DETENTION CENTER,2550 WEST FRANKLIN ROAD,NORMAN,OK,73069,COUNTY,OPEN,540,2016-02-15
10005484,GARVIN COUNTY JAIL,201 W GRANT,PAULS VALLEY,OK,73075,COUNTY,OPEN,-999,2018-04-13
10006049,MURRAY COUNTY JAIL,700 W 10TH ST,SULPHUR,OK,73086,COUNTY,OPEN,-999,2018-04-13
10006044,ADA CITY JAIL,231 S TOWNSEND ST,ADA,OK,74820,LOCAL,OPEN,-999,2016-02-15
10006043,PONTOTOC COUNTY CRIMINAL JUSTICE CENTER,1814 N BROADWAY AVE,ADA,OK,74820,COUNTY,OPEN,200,2016-02-15
10003586,EARL A DAVIS COMMUNITY WORK CENTER,3297 N 369 RD,HOLDENVILLE,OK,74848,STATE,CLOSED,-999,2016-08-05
10001734,ALLEN GAMBLE CORRECTIONAL CENTER (FORMERLY DAVIS CORRECTIONAL FACILITY),6888 E 133RD RD,HOLDENVILLE,OK,74848,STATE,OPEN,1723,2018-01-02
10006032,SEMINOLE COUNTY JAIL,211 E 2ND ST,WEWOKA,OK,74884,COUNTY,OPEN,-999,2020-05-28
10002630,CENTRAL OKLAHOMA JUVENILE CENTER,700 S 9TH ST,TECUMSEH,OK,74873,STATE,OPEN,144,2017-08-24
10003581,POTTAWATOMIE COUNTY PUBLIC SAFETY CENTER,14209 US HWY 177,SHAWNEE,OK,74804,COUNTY,OPEN,-999,2018-04-16
10006034,GLENDALE CARTER HALL JUVENILE DETENTION CENTER,14301 US HWY 177,SHAWNEE,OK,74804,COUNTY,OPEN,14,2016-02-15
10006024,LINCOLN COUNTY JAIL,811 MANVEL AVE,CHANDLER,OK,74834,COUNTY,OPEN,-999,2018-04-13
10001729,JOHN H LILLEY CORRECTIONAL CENTER,407971 HWY 62E,BOLEY,OK,74829,STATE,OPEN,800,2018-01-02
10006027,OKFUSKEE COUNTY JAIL,209 N 3RD ST,OKEMAH,OK,74859,COUNTY,OPEN,-999,2016-03-07
10006025,OKMULGEE COUNTY JAIL,315 W 8TH ST,OKMULGEE,OK,74447,COUNTY,OPEN,-999,2018-04-16
10005481,HUGHES COUNTY JAIL,200 N BROADWAY,HOLDENVILLE,OK,74848,COUNTY,OPEN,-999,2018-04-13
10005488,ATOKA COUNTY JAIL,200 E COURT ST,ATOKA,OK,74525,COUNTY,OPEN,76,2018-04-12
10005487,COAL COUNTY JAIL,4 NORTH MAIN ST,COALGATE,OK,74538,COUNTY,OPEN,-999,2014-10-02
10003592,MACK ALFORD CORRECTIONAL CENTER,13001 NORTH HWY 69,ATOKA,OK,74525,STATE,OPEN,800,2018-01-02
10006038,PITTSBURG COUNTY JAIL,1210 N WEST ST,MCALESTER,OK,74501,COUNTY,OPEN,-999,2018-04-16
10006039,PITTSBURG COUNTY JUVENILE DETENTION CENTER,1208 N WEST ST,MCALESTER,OK,74501,COUNTY,OPEN,-999,2016-02-15
10003584,OKLAHOMA STATE PENITENTIARY,1301 N WEST ST,MCALESTER,OK,74502,STATE,OPEN,-999,2018-01-02
10003585,JACKIE BRANNON CORRECTIONAL CENTER,900 N WEST ST,MCALESTER,OK,74502,STATE,OPEN,700,2018-01-02
10006041,LATIMER COUNTY JAIL,109 N CENTRAL AVE,WILBURTON,OK,74578,COUNTY,OPEN,-999,2018-04-13
10005479,HASKELL COUNTY JAIL,1304 E INDUSTRIAL ST,STIGLER,OK,74462,COUNTY,OPEN,300,2020-01-21
10006029,MCINTOSH COUNTY JAIL,1425 INDUTRIAL DRIVE,EUFAULA,OK,74432,COUNTY,OPEN,152,2020-01-21
10003571,DR. EDDIE WARRIOR CORRECTIONAL CENTER,601 N OAK ST,TAFT,OK,74463,STATE,OPEN,900,2018-01-02
10001725,JESS DUNN CORRECTIONAL CENTER,601 S 124TH ST W,TAFT,OK,74463,STATE,OPEN,1100,2018-01-02
10001726,MUSKOGEE COMMUNITY CORRECTIONS CENTER,3031 N 32ND ST (U.S. 69),MUSKOGEE,OK,74401,STATE,CLOSED,-999,2015-11-30
10006026,MUSKOGEE COUNTY / CITY DETENTION FACILITY,122 S 3RD ST,MUSKOGEE,OK,74401,COUNTY,OPEN,282,2016-02-15
10006022,WAGONER COUNTY JAIL,307 E CHEROKEE ST,WAGONER,OK,74467,COUNTY,OPEN,-999,2018-04-16
10006016,MAYES COUNTY JAIL,34 N ADAIR ST,PRYOR,OK,74361,COUNTY,OPEN,-999,2018-04-13
10003570,ROGERS COUNTY JAIL/AMOS G WARD DETENTION FACILITY,201 S CHEROKEE AVE,CLAREMORE,OK,74017,COUNTY,OPEN,-999,2018-04-16
10006018,BROKEN ARROW MUNICIPAL JAIL,2304 S 1ST PLACE,BROKEN ARROW,OK,74012,LOCAL,OPEN,32,2018-05-21
10005472,CREEK COUNTY CRIMINAL JUSTICE CENTER,9175 RIDGEVIEW ST,SAPULPA,OK,74131,COUNTY,OPEN,-999,2018-04-13
10006840,TULSA COUNTY FAMILY CENTER FOR JUVENILE JUSTICE,315 S GILCREASE MUSEUM RD,TULSA,OK,74127,COUNTY,OPEN,-999,2018-04-16
10006917,TULSA MUNICIPAL JAIL,600 CIVIC CENTER,TULSA,OK,74103,LOCAL,OPEN,30,2018-05-21
10006637,TULSA TRANSITIONAL CENTER,302 W ARCHER ST,TULSA,OK,74103,STATE,CLOSED,-999,2018-01-02
10002628,DAVID L MOSS CRIMINAL JUSTICE CENTER,300 N DENVER AVE,TULSA,OK,74103,COUNTY,OPEN,1440,2018-04-16
10006008,WASHINGTON COUNTY CORRECTIONAL FACILITY,611 SW ADAMS BLVD,BARTLESVILLE,OK,74003,COUNTY,OPEN,188,2016-02-15
10003568,DICK CONNER CORRECTIONAL CENTER,129 CONNER RD,HOMINY,OK,74035,STATE,OPEN,1196,2018-01-02
10003567,OSAGE COUNTY JAIL,900 S ST PAUL AVE,PAWHUSKA,OK,74056,COUNTY,OPEN,140,2018-04-16
10004888,CHAUTAUQUA COUNTY JAIL,218 N MONTGOMERY ST,SEDAN,KS,67361,COUNTY,OPEN,-999,2018-03-07
10006007,NOWATA COUNTY JAIL / COURTHOUSE,229 N MAPLE,NOWATA,OK,74048,COUNTY,CLOSED,67,2018-04-13
10005465,CRAIG COUNTY JAIL,210 W DELAWARE AVE,VINITA,OK,74301,COUNTY,OPEN,-999,2016-03-07
10003566,NORTHEAST OKLAHOMA CORRECTIONAL CENTER,442586 E 250 RD,VINITA,OK,74301,STATE,OPEN,500,2018-01-02
10006762,LABETTE COUNTY JAIL,718 5TH STREET,OSWEGO,KS,67356,COUNTY,OPEN,84,2018-03-09
20000240,EL DORADO CORRECTIONAL FACILITY SE MINIMUM UNIT,1022 FORDYCE BLVD,OSWEGO,KS,67356,STATE,OPEN,-999,2024-02-26
10006290,EL DORADO CORRECTIONAL FACILITY SE MEDIUM UNIT,2501 WEST 7TH STREET,OSWEGO,KS,67356,STATE,OPEN,210,2024-02-26
10004885,PARSONS CITY PRISON,217 NORTH CENTRAL AVENUE,PARSONS,KS,67357,LOCAL,OPEN,-999,2018-05-23
10004883,MONTGOMERY COUNTY JAIL,300 EAST MAIN STREET,INDEPENDENCE,KS,67301,COUNTY,OPEN,-999,2018-03-12
10004872,NEOSHO COUNTY JAIL,402 EAST STATE STREET,ERIE,KS,66733,COUNTY,OPEN,-999,2024-08-02
10004850,ANDERSON COUNTY JAIL,135 EAST 5TH AVENUE,GARNETT,KS,66032,COUNTY,OPEN,48,2018-03-07
10004862,ALLEN COUNTY JAIL,1 NORTH WASHINGTON STREET,IOLA,KS,66749,COUNTY,OPEN,79,2018-03-07
10004861,WOODSON COUNTY JAIL,105 WEST RUTLEDGE STREET,YATES CENTER,KS,66783,COUNTY,OPEN,-999,2018-03-09
10004849,COFFEY COUNTY JAIL,605 NEOSHO STREET,BURLINGTON,KS,66839,COUNTY,OPEN,21,2024-08-01
10004837,LYON COUNTY JAIL,425 MECHANIC STREET,EMPORIA,KS,66801,COUNTY,OPEN,163,2024-08-02
10004859,GREENWOOD COUNTY JAIL,311 NORTH MAIN STREET,EUREKA,KS,67045,COUNTY,OPEN,-999,2019-12-11
10004871,WILSON COUNTY JAIL,925 PIERCE STREET,FREDONIA,KS,66736,COUNTY,OPEN,-999,2018-03-13
10004875,ELK COUNTY JAIL,100 NORTH CEDAR STREET,HOWARD,KS,67349,COUNTY,OPEN,-999,2019-12-11
10001050,WINFIELD CORRECTIONAL FACILITY,1806 PINECREST CIRCLE,WINFIELD,KS,67156,STATE,OPEN,874,2024-02-26
10001835,COWLEY COUNTY JAIL,911 FULLER ST,WINFIELD,KS,67156,COUNTY,OPEN,400,2024-08-01
10004876,SUMNER COUNTY DETENTION FACILITY,610 EAST HILLSIDE,WELLINGTON,KS,67152,COUNTY,OPEN,180,2018-03-13
10006768,SEDGWICK COUNTY JUVENILE RESIDENTIAL FACILITY,881 S. MINNESOTA,WICHITA,KS,67211,COUNTY,OPEN,16,2024-08-01
10001049,SEDGWICK COUNTY JUVENILE DETENTION FACILITY,700 SOUTH HYDRAULIC STREET,WICHITA,KS,67211,COUNTY,OPEN,109,2024-08-01
10001046,SEDGWICK COUNTY DETENTION FACILITY,141 W ELM ST,WICHITA,KS,67203,COUNTY,OPEN,1500,2024-08-02
10001048,WICHITA WORK RELEASE FACILITY,401 SOUTH EMPORIA STREET,WICHITA,KS,67202,STATE,OPEN,250,2024-02-26
10001047,SEDGWICK COUNTY JAIL ANNEX,701 W HARRY ST,WICHITA,KS,67213,COUNTY,OPEN,180,2018-03-12
10004858,HARVEY COUNTY JAIL,120 EAST 7TH STREET,NEWTON,KS,67114,COUNTY,OPEN,130,2018-03-09
10004845,MCPHERSON COUNTY JAIL,1177 WEST WOODSIDE STREET,MCPHERSON,KS,67460,COUNTY,OPEN,-999,2024-08-02
10004846,MARION COUNTY JAIL,202 S. 4TH,MARION,KS,66861,COUNTY,OPEN,34,2024-08-02
10002647,BUTLER COUNTY ADULT DETENTION FACILITY,701 S STONE ROAD,EL DORADO,KS,67042,COUNTY,OPEN,230,2018-03-07
10001045,EL DORADO CORRECTIONAL FACILITY,1737 US HIGHWAY 54,EL DORADO,KS,67042,STATE,OPEN,1690,2024-02-26
10004848,CHASE COUNTY JAIL,301 S WALNUT STREET,COTTONWOOD FALLS,KS,66845,MULTI,OPEN,-999,2024-01-12
10006764,MORRIS COUNTY JAIL / SHERIFF,501 W. MAIN STREET,COUNCIL GROVE,KS,66846,COUNTY,OPEN,-999,2024-08-02
10004822,NORTH CENTRAL KANSAS REGIONAL JDC,820 NORTH MONROE STREET,JUNCTION CITY,KS,66441,STATE,OPEN,28,2024-08-19
10004821,GEARY COUNTY JAIL,826 NORTH FRANKLIN STREET,JUNCTION CITY,KS,66441,COUNTY,OPEN,160,2018-03-09
20000722,SALINE COUNTY JAIL,800 E PACIFIC AVE,SALINA,KS,67401,COUNTY,OPEN,392,2024-08-02
10004834,SALINA JUVENILE DETENTION CENTER,229 NORTH 9TH STREET,SALINA,KS,67401,COUNTY,CLOSED,10,2013-05-29
10004835,SALINE COUNTY JAIL (OLD),251 NORTH 10TH STREET,SALINA,KS,67401,COUNTY,CLOSED,192,2024-08-02
10004828,DICKINSON COUNTY JAIL,109 EAST 1ST STREET,ABILENE,KS,67410,COUNTY,OPEN,38,2018-03-09
10004809,CLAY COUNTY JAIL,539 LINCOLN AVENUE,CLAY CENTER,KS,67432,COUNTY,OPEN,-999,2018-03-08
10004820,OTTAWA COUNTY DETENTION CENTER,312 NORTH OTTAWA STREET,MINNEAPOLIS,KS,67467,COUNTY,OPEN,60,2024-08-02
10004803,CLOUD COUNTY JAIL,2090 FT KEARNEY ST,CONCORDIA,KS,66901,COUNTY,OPEN,80,2024-08-01
10004817,RILEY COUNTY JAIL,1001 SOUTH SETH CHILD ROAD,MANHATTAN,KS,66502,COUNTY,OPEN,147,2024-08-02
10004818,POTTAWATOMIE COUNTY JAIL,108 N 1ST STREET,WESTMORELAND,KS,66549,COUNTY,OPEN,-999,2018-03-12
10004804,JACKSON COUNTY JAIL,210 US HIGHWAY 75,HOLTON,KS,66436,COUNTY,OPEN,108,2018-03-12
10004824,WABAUNSEE COUNTY JAIL,215 KANSAS AVENUE,ALMA,KS,66401,COUNTY,OPEN,-999,2018-03-13
10001036,SHAWNEE COUNTY JUVENILE DETENTION CENTER,401 SE 8TH STREET,TOPEKA,KS,66607,COUNTY,OPEN,70,2016-02-15
10006243,SHAWNEE COUNTY ANNEX,818 SE ADAMS,TOPEKA,KS,66607,COUNTY,OPEN,200,2016-02-15
10001037,SHAWNEE COUNTY ADULT DETENTION CENTER,501 SE 8TH AVE,TOPEKA,KS,66607,COUNTY,OPEN,507,2016-02-15
10001034,KANSAS JUVENILE CORRECTIONAL COMPLEX,1430 NORTHWEST 25TH STREET,TOPEKA,KS,66618,STATE,OPEN,235,2024-01-31
10001033,TOPEKA CORRECTIONAL FACILITY,815 SOUTHEAST RICE ROAD,TOPEKA,KS,66607,STATE,OPEN,932,2024-02-26
20000721,OSAGE COUNTY JAIL,131 W 14TH ST,LYNDON,KS,66451,COUNTY,OPEN,-999,2024-08-02
10004836,OSAGE COUNTY JAIL (OLD),702 ASH STREET,LYNDON,KS,66451,COUNTY,OPEN,32,2024-08-02
10004839,FRANKLIN COUNTY JUVENILE DETENTION CENTER,226 SOUTH BEECH ST,OTTAWA,KS,66067,COUNTY,OPEN,-999,2024-08-01
20000703,FRANKLIN COUNTY DETENTION CENTER,220 SOUTH BEECH ST,OTTAWA,KS,66067,COUNTY,OPEN,-999,2024-08-01
10004838,FRANKLIN COUNTY DETENTION CENTER (OLD),305 SOUTH MAIN STREET,OTTAWA,KS,66067,COUNTY,NOT AVAILABLE,-999,2024-08-01
10004831,DOUGLAS COUNTY JAIL,3601 EAST 25TH STREET,LAWRENCE,KS,66046,COUNTY,OPEN,186,2024-07-26
10006447,DOUGLAS COUNTY JUVENILE DETENTION CENTER,330 NORTHEAST INDUSTRIAL LANE,LAWRENCE,KS,66044,COUNTY,OPEN,18,2024-08-01
10004819,JEFFERSON COUNTY JAIL,1360 WALNUT STREET,OSKALOOSA,KS,66066,COUNTY,OPEN,57,2018-03-12
10004805,ATCHISON COUNTY JAIL,518 PARALLEL STREET,ATCHISON,KS,66002,COUNTY,OPEN,74,2018-03-07
10004802,DONIPHAN COUNTY JAIL,219 SOUTH MAIN STREET,TROY,KS,66087,COUNTY,OPEN,-999,2024-08-02
10004044,RIVERBEND TREATMENT CENTER,5910 MITCHELL AVE,SAINT JOSEPH,MO,64507,STATE,OPEN,30,2023-06-30
10001613,BUCHANAN COUNTY JAIL,501 FARAON ST,ST. JOSEPH,MO,64501,COUNTY,OPEN,224,2018-03-26
10001612,"WESTERN RECEPTION, DIAGNOSTIC / CORRECTIONAL CTR",3401 FARAON ST,ST. JOSEPH,MO,64506,STATE,OPEN,-999,2024-03-01
10005389,CLINTON COUNTY JAIL / SHERIFF,207 NORTH MAIN STREET,PLATTSBURG,MO,64477,COUNTY,OPEN,40,2024-08-12
10006811,R. KENNETH ELLIOT CHILDREN'S JUSTICE CENTER,351 EAST KANSAS STREET,LIBERTY,MO,64068,COUNTY,OPEN,-999,2018-03-27
10004046,CLAY COUNTY DETENTION CENTER,14 S WATER ST,LIBERTY,MO,64068,COUNTY,OPEN,-999,2018-03-26
10005848,NORTHWEST REGIONAL YOUTH CENTER,4901 NORTHEAST BARRY ROAD,KANSAS CITY,MO,64156,STATE,OPEN,30,2023-06-30
10001031,LANSING CORRECTIONAL FACILITY - CENTRAL UNIT,301 EAST KANSAS AVE,LANSING,KS,66043,STATE,OPEN,1920,2024-02-26
10001030,LANSING CORRECTIONAL FACILITY - EAST UNIT,240 N HWY 5,LANSING,KS,66043,STATE,OPEN,512,2024-02-26
10001826,LEAVENWORTH DETENTION CENTER,100 HWY TERRACE,LEAVENWORTH,KS,66048,FEDERAL,CLOSED,-999,2024-03-04
10004045,PLATTE COUNTY DETENTION CENTER,415 3RD ST,PLATTE CITY,MO,64079,COUNTY,OPEN,180,2018-03-27
10001032,LEAVENWORTH COUNTY JAIL,601 S 3RD ST,LEAVENWORTH,KS,66048,COUNTY,OPEN,157,2018-03-12
10006446,LEAVENWORTH COUNTY JUVENILE DETENTION CENTER,520 S. 2ND ST,LEAVENWORTH,KS,66048,COUNTY,OPEN,7,2018-03-12
10001029,USP LEAVENWORTH,1300 METROPOLITAN AVENUE,LEAVENWORTH,KS,66048,FEDERAL,OPEN,-999,2016-02-16
10006196,USP LEAVENWORTH CAMP,1300 METROPOLITAN  AVENUE,LEAVENWORTH,KS,66048,FEDERAL,OPEN,-999,2016-02-16
10004833,JOHNSON COUNTY NEW CENTURY ADULT DETENTION CENTER,27745 WEST 159TH STREET,NEW CENTURY,KS,66031,COUNTY,OPEN,1081,2024-08-02
10006761,JOHNSON COUNTY WORK RELEASE,141 MISSION PARKWAY,NEW CENTURY,KS,66031,COUNTY,OPEN,-999,2018-03-12
10004840,MIAMI COUNTY JAIL,209 S. PEARL,PAOLA,KS,66071,COUNTY,OPEN,96,2018-03-12
10001827,JOHNSON COUNTY JUVENILE DETENTION CENTER,915 WEST SPRUCE STREET,OLATHE,KS,66061,COUNTY,OPEN,69,2018-03-12
10004832,JOHNSON COUNTY CENTRAL BOOKING,101 NORTH KANSAS AVENUE,OLATHE,KS,66061,COUNTY,OPEN,-999,2018-03-12
10004052,JACKSON COUNTY DETENTION CENTER,1300 CHERRY ST,KANSAS CITY,MO,64106,COUNTY,OPEN,-999,2018-03-26
10006809,JACKSON COUNTY REGIONAL CORRECTIONAL CENTER,505 E. 13TH STREET,KANSAS CITY,MO,64106,COUNTY,NOT AVAILABLE,-999,2018-03-26
10001616,TRANSITION CENTER OF KANSAS CITY,651 MULBERRY ST,KANSAS CITY,MO,64101,STATE,OPEN,-999,2016-06-27
10006444,WYANDOTTE COUNTY JUVENILE DETENTION CENTER,738 ANN AVE,KANSAS CITY,KS,66101,COUNTY,OPEN,48,2024-08-01
10001038,WYANDOTTE COUNTY ADULT DETENTION CENTER,710 NORTH 7TH STREET,KANSAS CITY,KS,66101,COUNTY,OPEN,327,2018-03-13
10006558,LANGSFORD HOUSE YOUTH CENTER,525 SE 2ND STREET,LEES SUMMIT,MO,64063,STATE,OPEN,12,2023-06-30
20000840,CASS COUNTY JAIL,2501 W MECHANIC ST,HARRISONVILLE,MO,64701,COUNTY,OPEN,265,2024-08-12
10005858,JOHNSON COUNTY JAIL,278 SW 871,CENTERVIEW,MO,64019,COUNTY,OPEN,240,2018-03-26
10005392,RAY COUNTY JAIL / SHERIFF,200 WEST 9TH STREET,HENRIETTA,MO,64036,COUNTY,OPEN,-999,2018-03-27
10004049,LAFAYETTE COUNTY JAIL,107 S 11TH ST,LEXINGTON,MO,64067,COUNTY,OPEN,126,2018-03-26
10005849,WATKINS MILL PARK CAMP,25610 PARK ROAD NORTH,LAWSON,MO,64062,STATE,OPEN,60,2023-06-30
10001608,CROSSROADS CORRECTIONAL CENTER,1115 E PENCE RD,CAMERON,MO,64429,STATE,OPEN,-999,2024-03-01
10001609,WESTERN MISSOURI CORRECTIONAL CENTER,609 E PENCE RD,CAMERON,MO,64429,STATE,OPEN,-999,2024-03-01
10005388,CALDWELL COUNTY DETENTION CENTER,280 WEST MAIN STREET,KINGSTON,MO,64650,COUNTY,OPEN,-999,2018-03-26
10004043,CHILLICOTHE CORRECTIONAL CENTER,3151 LITTON ROAD,CHILLICOTHE,MO,64601,STATE,OPEN,-999,2024-03-01
10005391,CARROLL COUNTY JAIL / SHERIFF,106 SOUTH FOLGER STREET,CARROLLTON,MO,64633,COUNTY,OPEN,-999,2020-01-31
10005844,MACON COUNTY JAIL,101 E WASHINGTON STREET,MACON,MO,63552,COUNTY,OPEN,-999,2018-03-26
10005846,RANDOLPH COUNTY JAIL,372 STATE HIGHWAY JJ,HUNTSVILLE,MO,65259,COUNTY,OPEN,-999,2018-03-27
10005390,CHARITON COUNTY JAIL / SHERIFF,307 SOUTH CHERRY STREET,KEYTESVILLE,MO,65261,COUNTY,OPEN,32,2018-03-26
10005851,HOWARD COUNTY JAIL,100 NORTH MULBERRY STREET,FAYETTE,MO,65248,COUNTY,OPEN,24,2018-03-26
10001622,BOONVILLE CORRECTIONAL CENTER,1216 E MORGAN ST,BOONVILLE,MO,65233,STATE,OPEN,-999,2024-03-01
10004055,COOPER COUNTY DETENTION CENTER,200 MAIN ST,BOONVILLE,MO,65233,COUNTY,OPEN,70,2024-08-12
10001623,MONITEAU COUNTY JAIL,210 E NORTH ST,CALIFORNIA,MO,65018,COUNTY,OPEN,52,2024-08-12
10000942,TIPTON CORRECTIONAL CENTER,619 N OSAGE AVE,TIPTON,MO,65081,STATE,OPEN,-999,2024-03-01
10005393,PETTIS COUNTY JAIL,319 SOUTH LAMINE AVE,SEDALIA,MO,65301,COUNTY,OPEN,208,2018-03-26
10005394,PETTIS COUNTY JUVENILE DETENTION CENTER,403 SOUTH LAMINE AVENUE,SEDALIA,MO,65301,COUNTY,OPEN,-999,2016-02-15
10004047,SALINE COUNTY JAIL,1915 W ARROW ST,MARSHALL,MO,65340,COUNTY,OPEN,64,2018-03-27
10004050,WAVERLY REGIONAL YOUTH CENTER,109 W KELLING AVE,WAVERLY,MO,64096,STATE,OPEN,40,2023-06-30
10006810,JOHNSON COUNTY JUVENILE DETENTION CENTER,101 WEST MARKET,WARRENSBURG,MO,64093,COUNTY,OPEN,10,2018-03-26
10005397,ST. CLAIR COUNTY JAIL,360 CHESTNUT STREET,OSCEOLA,MO,64776,COUNTY,OPEN,127,2018-03-27
10005396,BENTON COUNTY JAIL / SHERIFF (OLD),174 W. WASHINGTON STREET,WARSAW,MO,65355,COUNTY,CLOSED,24,2024-08-12
20000820,BENTON COUNTY JAIL / SHERIFF,1620 E MAIN ST,WARSAW,MO,65355,COUNTY,OPEN,-999,2024-08-12
10005399,HICKORY COUNTY JAIL / SHERIFF,254 E DALLAS STREET,HERMITAGE,MO,65668,COUNTY,OPEN,20,2018-03-26
10005870,MORGAN COUNTY ADULT DETENTION CENTER,211 EAST NEWTON STREET,VERSAILLES,MO,65084,COUNTY,OPEN,-999,2018-03-26
10005873,MILLER COUNTY JAIL,1999 STATE HIGHWAY 52,TUSCUMBIA,MO,65082,COUNTY,OPEN,112,2018-03-26
10001629,CAMDEN COUNTY DETENTION CENTER,1 COURT CIRCLE,CAMDENTON,MO,65020,COUNTY,OPEN,110,2018-03-26
10005402,DALLAS COUNTY JAIL,204 SOUTH POPLAR STREET,BUFFALO,MO,65622,COUNTY,OPEN,34,2018-03-26
10005879,LACLEDE COUNTY JAIL,240 NORTH ADAMS AVENUE,LEBANON,MO,65536,COUNTY,OPEN,-999,2018-03-26
10005410,WEBSTER COUNTY JAIL,221 N CRITTENDEN STREET,MARSHFIELD,MO,65706,COUNTY,OPEN,116,2024-08-12
10005405,POLK COUNTY JAIL,113 EAST JEFFERSON STREET,BOLIVAR,MO,65613,COUNTY,OPEN,38,2018-03-27
10005406,HUMANSVILLE POLICE DEPARTMENT,105 E LEE ST,HUMANSVILLE,MO,65674,LOCAL,NOT AVAILABLE,-999,2021-04-22
10005886,DADE COUNTY JAIL,201 EAST WATER STREET,GREENFIELD,MO,65661,COUNTY,OPEN,14,2020-01-31
10005882,BARTON COUNTY JAIL,1010 CHERRY STREET,LAMAR,MO,64759,COUNTY,OPEN,28,2018-03-23
10005878,VERNON COUNTY JAIL / SHERIFF,2040 EAST HUNTER,NEVADA,MO,64772,COUNTY,OPEN,82,2018-03-27
10005403,CEDAR COUNTY JAIL / SHERIFF,202 SOUTH HIGH STREET,STOCKTON,MO,65785,COUNTY,OPEN,56,2018-03-26
10005395,HENRY COUNTY JAIL / SHERIFF,200 N. MAIN ST.,CLINTON,MO,64735,COUNTY,OPEN,112,2018-03-26
10005872,BATES COUNTY JAIL,6 WEST FORT SCOTT STREET,BUTLER,MO,64730,COUNTY,OPEN,100,2018-03-23
10005871,RICH HILL YOUTH DEVELOPMENT CENTER,501 NORTH 14TH STREET,RICH HILL,MO,64779,STATE,NOT AVAILABLE,24,2023-06-30
10004851,LINN COUNTY JAIL / SHERIFF (OLD),107 SOUTH 4TH STREET,MOUND CITY,KS,66056,COUNTY,CLOSED,-999,2024-08-02
20000720,LINN COUNTY JAIL / SHERIFF,308 MAIN ST,MOUND CITY,KS,66056,COUNTY,OPEN,-999,2024-08-02
20000704,BOURBON COUNTY JAIL,293 E 20TH,FORT SCOTT,KS,66701,COUNTY,OPEN,-999,2024-08-01
10004863,BOURBON COUNTY JAIL (OLD),204 SOUTH NATIONAL AVENUE,FORT SCOTT,KS,66701,COUNTY,CLOSED,-999,2024-08-01
10004874,CRAWFORD COUNTY JAIL,225 NORTH ENTERPRISE DRIVE,GIRARD,KS,66743,COUNTY,OPEN,102,2016-02-15
10006443,SOUTHEAST KANSAS REGIONAL JUVENILE DETENTION,207 N. ENTERPRISE DRIVE,GIRARD,KS,66743,COUNTY,OPEN,25,2024-08-01
10004886,CHEROKEE COUNTY JAIL,915 EAST COUNTRY ROAD,COLUMBUS,KS,66725,COUNTY,OPEN,106,2018-03-08
10006006,OTTAWA COUNTY JAIL,28 B ST SE,MIAMI,OK,74354,COUNTY,CLOSED,-999,2016-02-15
10005889,JASPER COUNTY YOUTH DETENTION CENTER,530 S PEARL AVENUE,JOPLIN,MO,64801,COUNTY,OPEN,-999,2016-02-15
10006915,JOPLIN CITY JAIL,303 E 3RD STREET,JOPLIN,MO,64801,LOCAL,OPEN,60,2018-05-18
10004069,JASPER COUNTY DETENTION CENTER,405 EAST 5TH ST,CARTHAGE,MO,64836,COUNTY,OPEN,165,2018-03-26
10005890,LAWRENCE COUNTY JAIL,240 NORTH MAIN STREET,MOUNT VERNON,MO,65712,COUNTY,OPEN,52,2024-08-12
20000842,LAWRENCE COUNTY JAIL (OLD),240 NORTH MAIN STREET,MOUNT VERNON,MO,65712,COUNTY,CLOSED,32,2024-08-12
10006562,MT. VERNON TREATMENT CENTER,500 STATE DRIVE,MT. VERNON,MO,65712,STATE,OPEN,36,2023-06-30
10005417,BARRY COUNTY JAIL,505 EAST STREET,CASSVILLE,MO,65625,COUNTY,OPEN,80,2018-03-23
10005893,NEWTON COUNTY JAIL,208 WEST COLER STREET,NEOSHO,MO,64850,COUNTY,OPEN,80,2018-03-26
10005905,MCDONALD COUNTY JAIL,300 EAST 7TH STREET,PINEVILLE,MO,64856,COUNTY,OPEN,32,2018-03-26
10003608,BENTON COUNTY JAIL,1300 SOUTHWEST 14TH STREET,BENTONVILLE,AR,72712,COUNTY,OPEN,669,2024-03-18
10006687,BENTON COUNTY JUVENILE DETENTION CENTER,1301 SW MELISSA DR,BENTONVILLE,AR,72712,COUNTY,OPEN,-999,2024-03-18
10006899,SPRINGDALE CITY JAIL,201 SPRING STREET,SPRINGDALE,AR,72764,LOCAL,OPEN,-999,2024-03-18
10000062,NORTHWEST ARKANSAS WORK RELEASE CENTER,600 WEST SUNSET AVENUE,SPRINGDALE,AR,72764,STATE,OPEN,100,2023-10-31
10006529,NORTHWEST ARKANSAS COMMUNITY CORRECTION CENTER,114 N COLLEGE AVE,FAYETTEVILLE,AR,72701,STATE,OPEN,114,2022-12-20
10000064,WASHINGTON COUNTY JUVENILE DETENTION CENTER,885 CLYDESDALE DR,FAYETTEVILLE,AR,72701,COUNTY,OPEN,36,2024-03-21
10000063,WASHINGTON COUNTY DETENTION CENTER,1155 W CLYDESDALE DRIVE,FAYETTEVILLE,AR,72701,COUNTY,OPEN,710,2024-02-29
10005474,CHEROKEE COUNTY DETENTION CENTER,1513 N DOUGLAS AVE,TAHLEQUAH,OK,74464,COUNTY,OPEN,-999,2020-05-28
10005473,ADAIR COUNTY JAIL,600 PAUL MEADE RD,STILWELL,OK,74960,COUNTY,OPEN,-999,2020-01-21
10003612,SEBASTIAN COUNTY DETENTION CENTER (ADULT AND JUVENILE),801 SOUTH A STREET,FORT SMITH,AR,72901,COUNTY,OPEN,356,2024-03-21
10006028,SEQUOYAH COUNTY CRIMINAL JUSTICE AUTHORITY,119 S OAK ST,SALLISAW,OK,74955,COUNTY,OPEN,-999,2020-05-28
10006036,LEFLORE COUNTY JUVENILE DETENTION CENTER,201 VETERAN'S AVE,TALIHINA,OK,74571,COUNTY,OPEN,-999,2018-04-13
10001731,JIM E HAMILTON CORRECTIONAL CENTER,53468 MINERAL SPRINGS RD,HODGEN,OK,74939,STATE,OPEN,700,2018-01-02
10006035,LEFLORE COUNTY DETENTION CENTER,100 S CHURCH ST,POTEAU,OK,74953,COUNTY,OPEN,196,2018-04-13
10000072,MANSFIELD JUVENILE TREATMENT CENTER,36 JOHNNY CAKE RD,MANSFIELD,AR,72944,STATE,OPEN,-999,2024-02-09
10006407,SCOTT COUNTY DETENTION CENTER,100 W 1ST STREET,WALDRON,AR,72958,COUNTY,OPEN,72,2024-03-21
20000400,POLK COUNTY JAIL,507 CHURCH AVE,MENA,AR,71953,COUNTY,OPEN,24,2024-03-21
10006423,CRAWFORD COUNTY DETENTION CENTER,4235 ALMA HIGHWAY,VAN BUREN,AR,72956,COUNTY,OPEN,307,2024-03-18
10006472,FRANKLIN COUNTY JAIL,248 AIRPORT RD,OZARK,AR,72949,COUNTY,OPEN,106,2024-03-18
10006410,POPE COUNTY JAIL,3 EMERGENCY LN,RUSSELLVILLE,AR,72802,COUNTY,OPEN,173,2024-03-21
10006258,JOHNSON COUNTY DETENTION CENTER,301 PORTER INDUSTRIAL ROAD,CLARKSVILLE,AR,72830,COUNTY,OPEN,106,2024-03-19
10006260,LOGAN COUNTY JAIL,201 S LOWDER ST,PARIS,AR,72855,COUNTY,OPEN,100,2024-03-20
10006691,MONTGOMERY COUNTY JAIL,225 FAIRGROUNDS RD,MOUNT IDA,AR,71957,COUNTY,OPEN,12,2024-03-20
10006417,GARLAND COUNTY DETENTION CENTER,3564 ALBERT PIKE ROAD,HOT SPRINGS,AR,71913,COUNTY,OPEN,495,2024-03-18
10006695,YELL COUNTY DETENTION FACILITY,201 E 5TH ST,DANVILLE,AR,72833,COUNTY,OPEN,82,2024-03-21
10003613,YELL COUNTY JUVENILE DETENTION CENTER,203 EAST 4TH STREET,DANVILLE,AR,72833,COUNTY,CLOSED,24,2014-12-24
10006477,PERRY COUNTY DETENTION CENTER,511 APLIN AVENUE,PERRYVILLE,AR,72126,COUNTY,OPEN,28,2024-03-21
10006688,GARLAND COUNTY JUVENILE DETENTION CENTER,222 WOODBINE,HOT SPRINGS,AR,71901,COUNTY,CLOSED,-999,2022-07-02
10000076,BENTON UNIT,6701 US HWY 67,BENTON,AR,72015,STATE,OPEN,325,2023-10-31
10006408,SALINE COUNTY DETENTION CENTER,735 S NEELEY ST,BENTON,AR,72015,COUNTY,OPEN,250,2024-03-21
10000077,ARKANSAS JUVENILE ASSESSMENT / TREATMENT CENTER,1501 WOODY DRIVE,BRYANT,AR,72022,STATE,OPEN,-999,2024-02-09
10006424,CONWAY COUNTY DETENTION FACILITY,30 SOUTHERN VALLEY DRIVE,MORRILTON,AR,72110,COUNTY,OPEN,106,2024-03-18
10006694,SEARCY COUNTY JAIL,208 FACTORY ROAD,MARSHALL,AR,72650,COUNTY,OPEN,30,2024-03-21
10006262,MARION COUNTY JAIL / SHERIFF,221 RANDOLPH RD,YELLVILLE,AR,72687,COUNTY,OPEN,93,2024-03-20
10006428,BOONE COUNTY JAIL,5800 LAW DRIVE,HARRISON,AR,72601,COUNTY,OPEN,149,2024-03-18
10006264,NEWTON COUNTY JAIL,401 NORTH SPRING ST,JASPER,AR,72641,COUNTY,OPEN,30,2024-03-21
10006261,MADISON COUNTY JAIL,201 WEST MAIN STREET,HUNTSVILLE,AR,72740,COUNTY,OPEN,24,2024-03-20
10006426,CARROL COUNTY DETENTION CENTER,205 HAILEY ROAD,BERRYVILLE,AR,72616,COUNTY,OPEN,105,2024-03-18
10005903,TANEY COUNTY JAIL,266 MAIN STREET,FORSYTH,MO,65653,COUNTY,OPEN,-999,2018-03-27
10005902,DELMINA WOODS YOUTH FACILITY,8872 STATE HIGHWAY H,FORSYTH,MO,65653,STATE,NOT AVAILABLE,24,2017-04-20
10005895,STONE COUNTY JAIL,110 SOUTH MAPLE STREET,GALENA,MO,65656,COUNTY,OPEN,-999,2018-03-27
10005891,AURORA CITY JAIL,106 SOUTH ELLIOTT AVENUE,AURORA,MO,65605,LOCAL,OPEN,-999,2020-01-31
20000841,GREENE COUNTY JAIL,5100 WEST DIVISION ST,SPRINGFIELD,MO,65802,COUNTY,OPEN,1242,2024-08-12
10006564,WILSON CREEK,3992 WEST SUNSHINE,SPRINGFIELD,MO,65807,STATE,OPEN,10,2023-06-30
10001635,GREENE COUNTY JUVENILE SERVICES,1111 N ROBBERSON AVE,SPRINGFIELD,MO,65802,COUNTY,OPEN,24,2016-05-05
10001634,GREENE COUNTY JAIL (OLD),1000 N BOONVILLE AVE,SPRINGFIELD,MO,65802,COUNTY,CLOSED,610,2018-03-26
10006560,DATEMA HOUSE,918 SOUTH JEFFERSON,SPRINGFIELD,MO,65806,STATE,OPEN,12,2023-06-30
10001633,MCFP SPRINGFIELD,1900 W SUNSHINE ST,SPRINGFIELD,MO,65807,FEDERAL,OPEN,-999,2016-02-16
10005416,CHRISTIAN COUNTY JAIL / SHERIFF,110 WEST ELM STREET,OZARK,MO,65721,COUNTY,OPEN,96,2018-03-26
10001632,OZARK CORRECTIONAL CENTER,929 HONOR CAMP LANE,FORDLAND,MO,65652,STATE,OPEN,-999,2024-03-01
10006808,DOUGLAS COUNTY JAIL / SHERIFF,900 INDUSTRIAL RD,AVA,MO,65608,COUNTY,OPEN,-999,2018-03-26
10005411,WRIGHT COUNTY JAIL,125 COURT SQUARE,HARTVILLE,MO,65667,COUNTY,OPEN,18,2018-03-27
10005904,OZARK COUNTY JAIL,1818 COUNTY RD 806,GAINESVILLE,MO,65655,COUNTY,OPEN,-999,2016-03-04
10005894,HOWELL COUNTY JAIL,1106 MISSOURI AVENUE,WEST PLAINS,MO,65775,COUNTY,OPEN,-999,2018-03-26
10006557,GENTRY RESIDENTIAL TREATMENT CENTER,2001 DYS DRIVE,CABOOL,MO,65689,STATE,OPEN,24,2023-06-30
10005888,SHANNON COUNTY JAIL,2ND STREET AND MISSOURI AVENUE,EMINENCE,MO,65466,COUNTY,OPEN,-999,2024-03-08
10005898,OREGON COUNTY JAIL,1 COURT ST,ALTON,MO,65606,COUNTY,OPEN,8,2018-03-26
10006418,FULTON COUNTY JAIL,451 N MAIN ST,SALEM,AR,72576,COUNTY,OPEN,30,2024-03-18
10005899,THAYER POLICE DEPARTMENT,102 FRONT STREET,THAYER,MO,65791,LOCAL,OPEN,-999,2018-05-23
10006266,SHARP COUNTY DETENTION CENTER (OLD),30 A COURT STREET,ASH FLAT,AR,72513,COUNTY,CLOSED,-999,2021-01-08
20000420,SHARP COUNTY DETENTION CENTER,84 ARNHART ST,ASH FLAT,AR,72513,COUNTY,OPEN,110,2024-03-21
10000061,IZARD COUNTY DETENTION CENTER,300 CIRCLE DR,MELBOURNE,AR,72556,COUNTY,OPEN,34,2024-03-19
10006268,BAXTER COUNTY JAIL / SHERIFF,904 HWY 62 W,MOUNTAIN HOME,AR,72653,COUNTY,OPEN,165,2024-03-18
10000060,NORTH CENTRAL UNIT,10 PRISON CIRCLE,CALICO ROCK,AR,72519,STATE,OPEN,800,2023-10-31
10006404,VAN BUREN COUNTY DETENTION CENTER,184 DETENTION DR,CLINTON,AR,72031,COUNTY,OPEN,52,2024-03-21
10006405,STONE COUNTY JAIL,1009 SHERIFFS DR,MOUNTAIN VIEW,AR,72560,COUNTY,OPEN,48,2024-03-21
10006425,CLEBURNE COUNTY DETENTION CENTER,914 SOUTH 9TH STREET,HEBER SPRINGS,AR,72543,COUNTY,OPEN,90,2024-03-18
10001905,FAULKNER COUNTY DETENTION CENTER UNIT I,801 LOCUST ST,CONWAY,AR,72032,COUNTY,OPEN,118,2024-03-18
10006471,FAULKNER COUNTY DETENTION FACILITY UNIT II,500 S GERMAN LN,CONWAY,AR,72032,COUNTY,OPEN,306,2024-03-18
10003618,ARKANSAS STATE HOSPITAL,305 SOUTH PALM STREET,LITTLE ROCK,AR,72205,STATE,OPEN,-999,2024-02-09
10001909,CENTRAL ARKANSAS COMMUNITY CORRECTION CENTER,4823 W 7TH ST,LITTLE ROCK,AR,72205,STATE,OPEN,150,2022-12-20
10000073,PULASKI COUNTY JUVENILE DETENTION FACILITY / COURT,3001 W ROOSEVELT RD,LITTLE ROCK,AR,72204,COUNTY,OPEN,32,2024-03-21
10000074,PULASKI COUNTY REGIONAL DETENTION FACILITY,3201 W ROOSEVELT RD,LITTLE ROCK,AR,72204,COUNTY,OPEN,1210,2024-03-21
10001908,J. AARON HAWKINS SR. CENTER,22522 ASHER ROAD,WRIGHTSVILLE,AR,72183,STATE,OPEN,212,2023-10-31
10001907,WRIGHTSVILLE HAWKINS UNIT,22522 ASHER RD,WRIGHTSVILLE,AR,72183,STATE,OPEN,-999,2024-02-09
10001906,WRIGHTSVILLE UNIT,8400 STATE HIGHWAY 386,WRIGHTSVILLE,AR,72183,STATE,OPEN,850,2023-10-31
10006412,LONOKE COUNTY JAIL,440 DEE DEE LN,LONOKE,AR,72086,COUNTY,OPEN,150,2024-03-20
10006263,MONROE COUNTY JAIL,200 SOUTH MAIN STREET,CLARENDON,AR,72029,COUNTY,OPEN,34,2024-03-20
10006693,PRAIRIE COUNTY DETENTION CENTER,"200 COURT HOUSE SQUARE #101",DES ARC,AR,72040,COUNTY,OPEN,64,2024-03-21
10006403,WOODRUFF COUNTY JAIL,500 N 3RD ST,AUGUSTA,AR,72006,COUNTY,OPEN,23,2024-03-21
10001904,WHITE COUNTY DETENTION CENTER,1600 E BOOTH,SEARCY,AR,72143,COUNTY,OPEN,380,2024-03-21
10006413,INDEPENDENCE COUNTY DETENTION FACILITY,569 W MAIN ST,BATESVILLE,AR,72501,COUNTY,OPEN,118,2024-03-19
10003610,WHITE RIVER JUVENILE DETENTION FACILITY,105 COUNTY YARD ROAD,BATESVILLE,AR,72501,COUNTY,CLOSED,-999,2019-05-07
10000069,MCPHERSON UNIT,302 CORRECTIONS DRIVE,NEWPORT,AR,72112,STATE,OPEN,971,2023-10-31
10000070,GRIMES UNIT,300 CORRECTIONS DRIVE,NEWPORT,AR,72112,STATE,OPEN,1012,2023-10-31
10001113,JACKSON COUNTY JAIL,3300 THEATER DR,NEWPORT,AR,72112,COUNTY,OPEN,110,2024-03-19
10000068,CRAIGHEAD COUNTY DETENTION CENTER,901 WILLETT RD,JONESBORO,AR,72401,COUNTY,OPEN,422,2024-03-18
10003611,HARRISBURG JUVENILE TREATMENT CENTER,1800 PINE GROVE LANE,HARRISBURG,AR,72432,STATE,OPEN,-999,2024-02-09
10006265,POINSETT COUNTY DETENTION CENTER,1500 JUSTICE DR,HARRISBURG,AR,72432,COUNTY,OPEN,136,2024-03-21
10006421,CROSS COUNTY JAIL,704 EAST CANAL STREET,WYNNE,AR,72396,COUNTY,OPEN,-999,2024-03-18
10003617,COLT JUVENILE TREATMENT CENTER,1388 SFC 118,COLT,AR,72326,STATE,CLOSED,-999,2019-01-31
20000360,LEE COUNTY JAIL,15 E CHESNUT ST,MARIANNA,AR,72360,COUNTY,OPEN,35,2024-03-19
10006999,PHILLIPS COUNTY DETENTION CENTER,1804 MARTIN LUTHER KING JR DR,HELENA,AR,72342,COUNTY,OPEN,100,2024-03-05
10003615,FCI FORREST CITY MEDIUM,1400 DALE BUMPERS ROAD,FORREST CITY,AR,72335,FEDERAL,OPEN,-999,2016-02-16
10003616,FCI FORREST CITY LOW CAMP,1400 DALE BUMPERS ROAD,FORREST CITY,AR,72335,FEDERAL,OPEN,-999,2016-02-16
10003614,FCI FORREST CITY LOW,1400 DALE BUMPERS ROAD,FORREST CITY,AR,72335,FEDERAL,OPEN,-999,2016-02-16
10006267,SAINT FRANCIS COUNTY DETENTION CENTER,2124 S WASHINGTON ST,FORREST CITY,AR,72336,COUNTY,OPEN,120,2024-03-21
10000075,EAST ARKANSAS REGIONAL UNIT,326 LEE ROAD 602,BRICKEYS,AR,72320,STATE,OPEN,1624,2023-10-31
10005538,TUNICA COUNTY JAIL,5126 OLD MHOON LANDING ROAD,TUNICA,MS,38676,COUNTY,OPEN,-999,2018-03-29
10006422,CRITTENDEN COUNTY DETENTION CENTER,350 AFCO ROAD,WEST MEMPHIS,AR,72301,COUNTY,OPEN,350,2024-03-18
10006528,EAST CENTRAL ARKANSAS COMMUNITY CORRECTION CENTER,200 WEST TYLER AVE,WEST MEMPHIS,AR,72301,STATE,OPEN,350,2022-12-20
10006862,SHELBY COUNTY JUVENILE DETENTION BUREAU,616 ADAMS AVENUE,MEMPHIS,TN,38103,COUNTY,OPEN,135,2018-04-24
10003545,SHELBY COUNTY JAIL,201 POPLAR AVE,MEMPHIS,TN,38103,COUNTY,OPEN,-999,2018-04-24
10005418,DUNKLIN COUNTY JAIL,1175 FLOYD ST,KENNETT,MO,63857,COUNTY,OPEN,52,2016-02-15
10006470,CLAY COUNTY DETENTION CENTER,268 SOUTH 2ND AVE,PIGGOTT,AR,72454,COUNTY,OPEN,69,2024-03-18
10006416,GREENE COUNTY DETENTION CENTER,1809 N ROCKINGCHAIR RD,PARAGOULD,AR,72450,COUNTY,OPEN,440,2024-03-18
10006259,LAWRENCE COUNTY JAIL / SHERIFF,501 W ELM,WALNUT RIDGE,AR,72476,COUNTY,OPEN,-999,2024-03-19
10006409,RANDOLPH COUNTY JAIL,1510 PACE ROAD,POCAHONTAS,AR,72455,COUNTY,OPEN,100,2024-03-21
10005412,WAYNE COUNTY JAIL,100 MAPLE STREET,GREENVILLE,MO,63944,COUNTY,OPEN,-999,2020-01-31
10004070,WENDELL E SEARS YOUTH CENTER,9400 SEARS LN,POPLAR BLUFF,MO,63901,STATE,OPEN,60,2023-06-30
10006563,SIERRA OSAGE TREATMENT CENTER,9200 SEARS LANE,POPLAR BLUFF,MO,63901,STATE,OPEN,24,2023-06-30
10005896,BUTLER COUNTY DETENTION CENTER,200 PHILLIP KEARBY BLVD,POPLAR BLUFF,MO,63901,COUNTY,OPEN,-999,2018-03-26
10005883,MADISON COUNTY JAIL,124 NORTH MAIN STREET,FREDERICKTOWN,MO,63645,COUNTY,OPEN,34,2020-01-31
10006812,ST. FRANCOIS COUNTY JUVENILE DETENTION CENTER,1322 ST. GENEVIEVE AVE,FARMINGTON,MO,63640,COUNTY,OPEN,11,2016-03-31
10001631,FARMINGTON CORRECTIONAL CENTER,1012 W COLUMBIA ST,FARMINGTON,MO,63640,STATE,OPEN,-999,2024-03-01
10004066,ST FRANCOIS COUNTY DETENTION FACILITY,1550 DOUBET RD,FARMINGTON,MO,63640,COUNTY,OPEN,-999,2018-03-27
10004065,EASTERN RECEPTION DIAGNOSTIC / CORRECTIONAL CTR,2727 HWY K,BONNE TERRE,MO,63628,STATE,OPEN,-999,2024-03-01
10004064,STE. GENEVIEVE COUNTY DETENTION CENTER,5 BASLER DR,STE. GENEVIEVE,MO,63670,COUNTY,OPEN,260,2018-03-27
10006736,MONROE COUNTY JAIL,225 EAST THIRD STREET,WATERLOO,IL,62298,COUNTY,OPEN,30,2018-03-02
10006738,ST. CLAIR COUNTY JUVENILE DETENTION CENTER,9006 LEBANON RD,BELLEVILLE,IL,62223,COUNTY,OPEN,-999,2024-07-29
10000685,SOUTHWESTERN ILLINOIS CORRECTIONAL CENTER,950 KINGSHIGHWAY ST,EAST ST LOUIS,IL,62203,STATE,OPEN,733,2023-06-30
10004724,SOUTHWESTERN ILLINOIS WORK CAMP,950 KINGSHIGHWAY ST,EAST ST LOUIS,IL,62203,STATE,OPEN,100,2023-06-30
10004060,TRANSITION CENTER OF ST. LOUIS,1621 NORTH FIRST ST,ST. LOUIS,MO,63102,STATE,OPEN,-999,2016-07-08
10002404,ST. LOUIS CITY JUSTICE CENTER,200 S TUCKER BLVD,ST. LOUIS,MO,63102,LOCAL,OPEN,860,2018-05-18
10005867,HOGAN STREET REGIONAL YOUTH CENTER,1839 HOGAN STREET,SAINT LOUIS,MO,65109,STATE,OPEN,36,2023-06-30
10004058,BUZZ WESTFALL JAIL / JUSTICE CENTER,100 S CENTRAL AVE,CLAYTON,MO,63105,COUNTY,OPEN,1232,2018-03-27
10004063,JEFFERSON COUNTY JAIL,510 1ST ST,HILLSBORO,MO,63050,COUNTY,OPEN,280,2018-03-26
10004062,HILLSBORO TREATMENT CENTER,10434 STATE RD BB,HILLSBORO,MO,63050,STATE,OPEN,24,2023-06-30
10001624,MISSOURI EASTERN CORRECTIONAL CENTER,18701 US HWY 66,PACIFIC,MO,63069,STATE,OPEN,-999,2024-03-01
10001628,FRANKLIN COUNTY DETENTION FACILITY,1 BRUNS DRIVE,UNION,MO,63084,COUNTY,OPEN,130,2018-03-26
10005881,VIBURNUM CITY JAIL,1 MISSOURI AVENUE,VIBURNUM,MO,65566,LOCAL,OPEN,-999,2020-05-28
10005876,WASHINGTON COUNTY JAIL,116 WEST HIGH STREET,POTOSI,MO,63664,COUNTY,OPEN,28,2024-08-12
10001630,POTOSI CORRECTIONAL CENTER,11593 STATE HWY O,MINERAL POINT,MO,63660,STATE,OPEN,-999,2024-03-01
10005880,IRON COUNTY JAIL,220 SOUTH SHEPHERD STREET,IRONTON,MO,63650,COUNTY,OPEN,-999,2018-03-26
10005409,REYNOLDS COUNTY SHERIFF'S DEPARTMENT,2319 GREEN STREET,CENTERVILLE,MO,63633,COUNTY,OPEN,16,2020-01-31
10005408,VALLEY SPRINGS YOUTH RANCH,525 COUNTY ROAD 816,BLACK,MO,63625,LOCAL,OPEN,84,2018-05-23
10005398,CRAWFORD COUNTY JAIL / SHERIFF,212 THIRD ST,STEELVILLE,MO,65565,COUNTY,OPEN,200,2024-08-12
10005407,DENT COUNTY SHERIFF'S DEPARTMENT,112 EAST 5TH STREET,SALEM,MO,65560,COUNTY,OPEN,21,2018-03-26
10005877,PHELPS COUNTY JAIL,500 WEST SECOND STREET,ROLLA,MO,65401,COUNTY,OPEN,-999,2016-02-15
10005884,TEXAS COUNTY JAIL,519 N GRAND AVE,HOUSTON,MO,65483,COUNTY,OPEN,72,2018-03-27
10004068,SOUTH CENTRAL CORRECTIONAL CENTER,255 W HWY 32,LICKING,MO,65542,STATE,OPEN,-999,2024-03-01
20000843,PULASKI COUNTY SHERIFF'S DEPARTMENT,403 SCHOOL ST,WAYNESVILLE,MO,65583,COUNTY,OPEN,-999,2024-08-12
10005400,PULASKI COUNTY SHERIFF'S DEPARTMENT (OLD),301 HISTORIC 66 EAST,WAYNESVILLE,MO,65583,COUNTY,OPEN,28,2024-08-12
10005874,MARIES COUNTY JAIL,211 4TH STREET,VIENNA,MO,65582,COUNTY,OPEN,20,2020-01-31
10004061,COLE COUNTY JAIL,350 E HIGH ST,JEFFERSON CITY,MO,65101,COUNTY,OPEN,207,2018-03-26
10001627,MICHAEL W PRENGER FAMILY CENTER,400 STADIUM BLVD,JEFFERSON CITY,MO,65101,COUNTY,OPEN,20,2018-03-26
10001626,JEFFERSON CITY CORRECTIONAL CENTER,8200 NO MORE VICTIMS RD,JEFFERSON CITY,MO,65101,STATE,OPEN,-999,2024-03-01
10002405,ALGOA CORRECTIONAL CENTER,8501 NO MORE VICTIMS RD,JEFFERSON CITY,MO,65101,STATE,OPEN,-999,2024-03-01
10005869,OSAGE COUNTY JAIL,106 EAST MAIN STREET,LINN,MO,65051,COUNTY,OPEN,-999,2016-02-15
10005854,MONTGOMERY CITY YOUTH CAMP,300 NIEDERGERKE DRIVE,MONTGOMERY CITY,MO,63361,STATE,NOT AVAILABLE,36,2023-06-30
10005855,MONTGOMERY COUNTY JAIL,211 EAST THIRD STREET,MONTGOMERY CITY,MO,63361,COUNTY,OPEN,-999,2018-03-26
10005850,AUDRAIN COUNTY JAIL,1100 LITTLEBY ROAD,MEXICO,MO,65265,COUNTY,OPEN,-999,2018-03-23
10001621,ROSA PARKS CENTER,211 W 12TH ST,FULTON,MO,65251,STATE,NOT AVAILABLE,12,2023-06-30
10006565,FULTON STATE HOSPITAL,600 EAST 5TH STREET,FULTON,MO,65251,STATE,OPEN,-999,2017-12-08
10004054,GUHLEMAN FORENSIC CENTER,600 EAST 5TH ST,FULTON,MO,65251,STATE,CLOSED,91,2019-08-01
10001619,HEARNES FORENSIC CENTER,600 EAST 5TH ST,FULTON,MO,65251,STATE,OPEN,24,2017-12-08
10001620,CALLAWAY COUNTY JAIL,1201 STATE RD O,FULTON,MO,65251,COUNTY,OPEN,104,2018-03-26
10004053,FULTON TREATMENT CENTER,1650 STATE HWY O,FULTON,MO,65251,STATE,OPEN,30,2023-06-30
10001617,FULTON RECEPTION AND DIAGNOSTIC CENTER,1393 STATE ROAD O,FULTON,MO,65251,STATE,OPEN,-999,2024-03-01
10001625,CENTRAL MISSOURI CORRECTIONAL CENTER,2600 STATE HWY 179,JEFFERSON CITY,MO,65109,STATE,CLOSED,1000,2012-06-01
10004051,BOONE COUNTY JAIL,2121 COUNTY DR,COLUMBIA,MO,65202,COUNTY,OPEN,210,2018-03-23
10006807,ROBERT L PERRY JUVENILE JUSTICE CENTER,5665 N. ROGER I. WILSON MEMORIAL DRIVE,COLUMBIA,MO,65202,COUNTY,OPEN,21,2018-03-23
10000941,MOBERLY CORRECTIONAL CENTER,5201 SOUTH MORLEY ST,MOBERLY,MO,65270,STATE,OPEN,-999,2024-03-01
10005387,SHELBY COUNTY SHERIFF'S DEPARTMENT,100 EAST MAIN STREET,SHELBYVILLE,MO,63469,COUNTY,OPEN,-999,2020-01-31
10001615,"WOMEN'S EASTERN RECEPTION, DIAGNOSTIC / CORRECTIONAL CENTER",1101 E HWY 54,VANDALIA,MO,63382,STATE,OPEN,-999,2024-03-01
10001614,NORTHEAST CORRECTIONAL CENTER,13698 AIRPORT RD,BOWLING GREEN,MO,63334,STATE,OPEN,-999,2024-03-01
10005845,MARION COUNTY JAIL,1703 MARION CITY ROAD,PALMYRA,MO,63461,COUNTY,OPEN,-999,2018-03-26
10004699,ADAMS COUNTY JAIL,521 VERMONT STREET,QUINCY,IL,62301,COUNTY,OPEN,192,2024-07-16
10004698,ADAMS COUNTY JUVENILE DETENTION FACILITY,200 NORTH 52ND STREET,QUINCY,IL,62305,COUNTY,OPEN,30,2016-02-15
10000667,WESTERN ILLINOIS CORRECTIONAL CENTER,2500 RT 99 SOUTH,MOUNT STERLING,IL,62353,STATE,OPEN,2123,2023-06-30
10000672,PITTSFIELD WORK CAMP,23540 365TH STREET,PITTSFIELD,IL,62363,STATE,OPEN,408,2023-06-30
10001477,PIKE COUNTY JAIL,204 EAST ADAMS STREET,PITTSFIELD,IL,62363,COUNTY,OPEN,62,2018-03-02
10005847,PIKE COUNTY JAIL,1600 BUS. 54,BOWLING GREEN,MO,63334,COUNTY,OPEN,50,2020-01-31
10006556,CAMP AVERY PARK CAMP,198 AVERY LANE,TROY,MO,63379,STATE,OPEN,36,2023-06-30
10005857,WARREN COUNTY JAIL,104 WEST MAIN STREET,WARRENTON,MO,63383,COUNTY,OPEN,-999,2018-03-27
10005853,LINCOLN COUNTY JAIL,65 BUSINESS PARK DRIVE,TROY,MO,63379,COUNTY,OPEN,-999,2018-03-26
10004710,CALHOUN COUNTY JAIL,301 S COUNTY RD,HARDIN,IL,62047,COUNTY,OPEN,-999,2018-03-01
10001479,GREENE COUNTY JAIL,403 7TH STREET,CARROLLTON,IL,62016,COUNTY,OPEN,21,2024-03-07
10004713,JERSEY COUNTY JAIL,14 NORTH WASHINGTON STREET,JERSEYVILLE,IL,62052,COUNTY,OPEN,58,2018-03-02
10004712,ILLINOIS YOUTH CENTER PERE MARQUETTE,17808 STATE HIGHWAY 100 W,GRAFTON,IL,62037,STATE,OPEN,40,2024-02-26
10004057,ST. CHARLES COUNTY JUVENILE JUSTICE CENTER,1700 S RIVER RD,ST. CHARLES,MO,63303,COUNTY,OPEN,-999,2018-03-27
10004056,ST. CHARLES COUNTY ADULT DETENTION FACILITY,201 N SECOND ST,ST. CHARLES,MO,63301,COUNTY,OPEN,592,2018-03-27
10004718,ALTON CITY JAIL,1700 EAST BROADWAY STREET,ALTON,IL,62002,LOCAL,OPEN,53,2018-05-17
10005864,MISSOURI HILLS CAMPUS - SPANISH LAKE,13312 BELLEFONTAINE ROAD,SAINT LOUIS,MO,63138,STATE,OPEN,20,2023-06-30
10005865,MISSOURI HILLS CAMPUS - TWIN RIVERS,13290 BELLEFONTAINE ROAD,SAINT LOUIS,MO,63138,STATE,OPEN,20,2023-06-30
10005866,MISSOURI HILLS CAMPUS - FORT BELLEFONTAINE,13290 BELLEFONTAINE ROAD,SAINT LOUIS,MO,63138,STATE,OPEN,20,2023-06-30
10005863,MISSOURI HILLS CAMPUS - BISSEL HALL,13298 BELLEFONTAINE ROAD,SAINT LOUIS,MO,63138,STATE,OPEN,20,2023-06-30
10005862,MISSOURI HILLS CAMPUS - LEWIS AND CLARK HALL,13311 BELLEFONTAINE ROAD,SAINT LOUIS,MO,63138,STATE,OPEN,10,2023-06-30
10005861,MISSOURI HILLS CAMPUS - DISCOVERY HALL,13315 BELLEFONTAINE ROAD,SAINT LOUIS,MO,63138,STATE,OPEN,10,2023-06-30
10002403,ST. LOUIS MEDIUM SECURITY INSTITUTION,7600 NORTH HALL ST,ST. LOUIS,MO,63147,LOCAL,OPEN,1138,2018-05-18
10004719,EAST ALTON JAIL,211 NORTH SHAMROCK STREET,EAST ALTON,IL,62024,LOCAL,OPEN,-999,2016-02-15
10000676,GREENE COUNTY WORK CAMP,US HIGHWAY 67 SOUTH,ROODHOUSE,IL,62082,STATE,OPEN,200,2023-06-30
10001476,MORGAN COUNTY JAIL,300 WEST COURT STREET,JACKSONVILLE,IL,62650,COUNTY,OPEN,65,2017-03-06
10000671,JACKSONVILLE CORRECTIONAL CENTER,2268 EAST MORTON AVENUE,JACKSONVILLE,IL,62650,STATE,OPEN,1628,2023-06-30
10004693,MASON COUNTY JAIL,102 WEST MARKET STREET,HAVANA,IL,62644,COUNTY,OPEN,-999,2024-07-26
10000660,ILLINOIS RIVER CORRECTIONAL CENTER,1300 WEST LOCUST STREET,CANTON,IL,61520,STATE,OPEN,2087,2023-06-30
10000661,FULTON COUNTY JAIL,268 WEST WASHINGTON AVENUE,LEWISTOWN,IL,61542,COUNTY,OPEN,-999,2024-07-25
10004695,SCHUYLER COUNTY JAIL,216 WEST LAFAYETTE STREET,RUSHVILLE,IL,62681,COUNTY,OPEN,-999,2018-03-02
10004694,IDHS TREATMENT / DETENTION FACILITY,17019 COUNTY FARM RD,RUSHVILLE,IL,62681,STATE,NOT AVAILABLE,-999,2019-11-18
10002258,CLAYTON WORK CAMP,306 CORRECTIONAL DRIVE,CLAYTON,IL,62324,STATE,OPEN,150,2023-06-30
10004691,HANCOCK COUNTY JAIL,98 BUCHANAN STREET,CARTHAGE,IL,62321,COUNTY,OPEN,54,2024-07-25
10004692,MCDONOUGH COUNTY JAIL,110 SOUTH MCARTHUR STREET,MACOMB,IL,61455,COUNTY,OPEN,53,2018-03-02
10004686,WARREN COUNTY JAIL,121 NORTH A STREET,MONMOUTH,IL,61462,COUNTY,OPEN,42,2024-07-30
10001098,WOODLANDS TREATMENT CENTER,4715 SULLIVAN SLOUGH RD,BURLINGTON,IA,52601,STATE,CLOSED,28,2014-01-24
10001871,BURLINGTON RESIDENTIAL FACILITY,835 VALLEY STREET,BURLINGTON,IA,52601,STATE,OPEN,63,2016-07-01
10001870,DES MOINES COUNTY CORRECTIONAL CENTER,3630 BAUER DRIVE,BURLINGTON,IA,52601,COUNTY,OPEN,68,2024-07-10
10004685,HENDERSON COUNTY JAIL,113 N 4TH STREET,OQUAWKA,IL,61469,COUNTY,OPEN,14,2018-03-02
10004961,LOUISA COUNTY JAIL,12635 COUNTY ROAD G-56,WAPELLO,IA,52653,COUNTY,OPEN,-999,2018-02-28
10004680,MERCER COUNTY JAIL,906 SOUTHWEST 3RD STREET,ALEDO,IL,61231,COUNTY,OPEN,102,2018-03-02
10000653,HILL CORRECTIONAL CENTER,600 SOUTH LINWOOD ROAD,GALESBURG,IL,61401,STATE,OPEN,1812,2023-06-30
10001471,KNOX COUNTY JAIL / SHERIFF,152 SOUTH KELLOGG STREET,GALESBURG,IL,61401,COUNTY,OPEN,-999,2024-07-25
10006737,KNOX COUNTY MARY DAVIS DETENTION HOME,1319 E. 5TH STREET,GALESBURG,IL,61401,COUNTY,OPEN,-999,2018-03-02
10004678,HENRY COUNTY JAIL,311 WEST CENTER STREET,CAMBRIDGE,IL,61238,COUNTY,OPEN,-999,2018-03-02
10000645,ROCK ISLAND COUNTY JAIL,1317 3RD AVENUE,ROCK ISLAND,IL,61201,COUNTY,OPEN,329,2024-07-29
10001095,605 CENTER,605 MAIN STREET,DAVENPORT,IA,52803,STATE,OPEN,120,2016-07-01
10001094,SCOTT COUNTY JAIL,400 WEST 4TH STREET,DAVENPORT,IA,52801,COUNTY,OPEN,394,2015-11-10
10004953,SCOTT COUNTY JUVENILE DETENTION CENTER,500 WEST 4TH STREET,DAVENPORT,IA,52801,COUNTY,OPEN,16,2016-02-15
10004952,"RESIDENTIAL CORRECTIONAL FACILITY, DAVENPORT",1330 WEST 3RD STREET,DAVENPORT,IA,52802,STATE,OPEN,64,2016-07-01
10000644,EAST MOLINE CORRECTIONAL CENTER,100 HILLCREST ROAD,EAST MOLINE,IL,61244,STATE,OPEN,925,2023-06-30
10004295,CLINTON COUNTY JAIL,241 7TH AVENUE NORTH,CLINTON,IA,52732,COUNTY,OPEN,-999,2024-07-10
10006508,FCI THOMSON CAMP,1100 ONE MILE ROAD,THOMSON,IL,61285,FEDERAL,OPEN,-999,2016-02-16
10000633,FCI THOMSON,1100 ONE MILE ROAD,THOMSON,IL,61285,FEDERAL,OPEN,-999,2017-10-03
10004661,JO DAVIESS COUNTY JAIL,330 NORTH BENCH STREET,GALENA,IL,61036,COUNTY,OPEN,27,2024-07-25
10004289,JACKSON COUNTY JAIL,104 SOUTH NIAGARA STREET,MAQUOKETA,IA,52060,COUNTY,OPEN,-999,2018-02-27
10001857,DUBUQUE COUNTY JAIL,770 IOWA STREET,DUBUQUE,IA,52001,COUNTY,OPEN,-999,2018-02-27
10001856,DUBUQUE RESIDENTIAL FACILITY,1494 ELM ST,DUBUQUE,IA,52001,STATE,OPEN,80,2023-06-30
10004296,CEDAR COUNTY JAIL,711 EAST SOUTH STREET,TIPTON,IA,52772,COUNTY,OPEN,-999,2018-02-27
10004954,MUSCATINE COUNTY JAIL,400 WALNUT STREET,MUSCATINE,IA,52761,COUNTY,OPEN,-999,2016-03-15
10004957,WASHINGTON COUNTY JAIL,2185 LEXINGTON BOULEVARD,WASHINGTON,IA,52353,COUNTY,OPEN,-999,2024-07-12
10004303,JOHNSON COUNTY JAIL,511 SOUTH CAPITOL STREET,IOWA CITY,IA,52240,COUNTY,OPEN,92,2018-02-25
10001093,HOPE HOUSE,2501 HOLIDAY RD,CORALVILLE,IA,52240,STATE,OPEN,-999,2023-06-30
10001091,IOWA MEDICAL & CLASSIFICATION CENTER,2700 CORAL RIDGE AVE,CORALVILLE,IA,52241,STATE,OPEN,585,2024-02-23
10004946,LINN COUNTY JUVENILE DETENTION CENTER,800 WALFORD ROAD SW,CEDAR RAPIDS,IA,52404,COUNTY,OPEN,35,2016-02-15
10001083,JONES COUNTY JAIL,500 W MAIN ST,ANAMOSA,IA,52205,COUNTY,OPEN,26,2024-07-10
10001082,ANAMOSA STATE PENITENTIARY,406 N HIGH ST,ANAMOSA,IA,52205,STATE,OPEN,908,2024-02-23
20000621,DELAWARE COUNTY JAIL,1225 W HOWARD STREET,MANCHESTER,IA,52057,COUNTY,OPEN,26,2024-07-10
10004281,DELAWARE COUNTY JAIL (OLD),304 EAST DELAWARE STREET,MANCHESTER,IA,52057,COUNTY,CLOSED,-999,2024-07-10
10001081,LINN COUNTY CORRECTIONAL CENTER,53 3RD AVENUE BRIDGE,CEDAR RAPIDS,IA,52401,MULTI,OPEN,401,2024-01-12
10006542,ANCHOR CENTER,3115 12TH STREET SW,CEDAR RAPIDS,IA,52404,STATE,OPEN,-999,2023-06-30
10001862,GERALD R HINZMAN CENTER (CEDAR RAPIDS RESIDENTIAL),1051 29TH AVENUE SOUTHWEST,CEDAR RAPIDS,IA,52404,STATE,OPEN,-999,2023-06-30
10001861,LARY A NELSON CENTER (CEDAR RAPIDS WORK RELEASE),1001 29TH AVENUE SOUTHWEST,CEDAR RAPIDS,IA,52404,STATE,OPEN,-999,2023-06-30
10004290,BENTON COUNTY JAIL,113 E 3RD STREET,VINTON,IA,52349,COUNTY,OPEN,-999,2024-07-10
10004282,BUCHANAN COUNTY CORRECTIONAL FACILITY,210 5TH AVENUE NORTHEAST,INDEPENDENCE,IA,50644,COUNTY,OPEN,46,2018-02-27
10002656,WATERLOO RESIDENTIAL CORRECTIONAL FACILITY,310-314 E 6TH ST,WATERLOO,IA,50704,STATE,OPEN,150,2023-06-30
10001859,WATERLOO POLICE DEPARTMENT,715 MULBERRY ST,WATERLOO,IA,50703,LOCAL,OPEN,-999,2016-02-15
10005639,WATERLOO WOMEN'S CENTER FOR CHANGE,1515 LAFAYETTE,WATERLOO,IA,50703,STATE,OPEN,45,2023-06-30
10002655,BLACK HAWK COUNTY JAIL,225 EAST 6TH STREET,WATERLOO,IA,50703,COUNTY,OPEN,-999,2024-07-10
10004302,IOWA COUNTY JAIL,960 FRANKLYN AVENUE,MARENGO,IA,52301,COUNTY,OPEN,-999,2018-02-27
10004304,KEOKUK COUNTY JAIL,204 SOUTH STONE STREET,SIGOURNEY,IA,52591,COUNTY,OPEN,-999,2024-07-10
10004962,WAPELLO COUNTY JAIL,330 WEST 2ND STREET,OTTUMWA,IA,52501,COUNTY,OPEN,148,2024-07-12
10001869,OTTUMWA RESIDENTIAL FACILITY,245 OSAGE DR,OTTUMWA,IA,52501,STATE,OPEN,76,2016-07-01
10004309,DAVIS COUNTY JAIL,102 ANDERSON STREET,BLOOMFIELD,IA,52537,COUNTY,OPEN,-999,2016-02-15
10004970,VAN BUREN COUNTY JAIL,907 BROAD STREET,KEOSAUQUA,IA,52565,COUNTY,OPEN,-999,2018-02-28
10004306,JEFFERSON COUNTY LAW CENTER,1200 WEST GRIMES AVENUE,FAIRFIELD,IA,52556,COUNTY,OPEN,32,2016-02-15
10001097,HENRY COUNTY JAIL,800 S GRAND AVE,MOUNT PLEASANT,IA,52641,COUNTY,OPEN,-999,2017-04-12
10001096,MT. PLEASANT CORRECTIONAL FACILITY,1200 EAST WASHINGTON STREET,MOUNT PLEASANT,IA,52641,STATE,OPEN,776,2024-02-23
10001100,IOWA STATE PENITENTIARY,2111 330TH AVENUE,FORT MADISON,IA,52627,STATE,OPEN,612,2024-02-23
10005837,CLARK COUNTY JAIL,518 NORTH LINCOLN STREET,KAHOKA,MO,63445,COUNTY,OPEN,28,2018-03-26
10004974,SOUTH IOWA AREA DETENTION SERVICE AGENCY,2528 255TH STREET,MONTROSE,IA,52639,COUNTY,OPEN,21,2016-02-15
10004975,LEE COUNTY JAIL,2530 255TH STREET,MONTROSE,IA,52639,COUNTY,OPEN,-999,2024-07-10
10005842,LEWIS COUNTY JAIL,107 SOUTH WASHINGTON STREET,MONTICELLO,MO,63457,COUNTY,OPEN,18,2018-03-26
10005838,SCOTLAND COUNTY JAIL,117 SOUTH MARKET STREET,MEMPHIS,MO,63555,COUNTY,OPEN,-999,2020-01-31
10005841,BRUCE NORMILE JUVENILE JUSTICE CENTER,1400 SOUTH BOUNDARY STREET,KIRKSVILLE,MO,63501,STATE,OPEN,-999,2024-03-01
10002402,ADAIR COUNTY JAIL,215 N FRANKLIN ST,KIRKSVILLE,MO,63501,COUNTY,OPEN,64,2016-02-15
10004963,MONROE COUNTY JAIL,114 19TH AVE WEST,ALBIA,IA,52531,COUNTY,OPEN,-999,2024-07-10
20000600,APPANOOSE COUNTY JAIL,22158 DEWEY RD,CENTERVILLE,IA,52544,COUNTY,OPEN,-999,2024-07-10
10004310,APPANOOSE COUNTY JAIL (OLD),1125 WEST VAN BUREN STREET,CENTERVILLE,IA,52544,COUNTY,CLOSED,12,2018-02-27
10004973,WAYNE COUNTY JAIL,207 NORTH LAFAYETTE STREET,CORYDON,IA,50060,COUNTY,OPEN,-999,2024-07-12
10004965,LUCAS COUNTY HOLDING FACILITY,48559 HY-VEE ROAD,CHARITON,IA,50049,COUNTY,OPEN,-999,2018-02-27
10005384,SULLIVAN COUNTY SHERIFF'S OFFICE,109 NORTH MAIN STREET,MILAN,MO,63556,COUNTY,OPEN,-999,2018-03-27
10005385,GRUNDY COUNTY JAIL / SHERIFF,610 MAIN STREET,TRENTON,MO,64683,COUNTY,OPEN,30,2020-01-31
10005382,HARRISON COUNTY JAIL / SHERIFF,1501 CENTRAL STREET,BETHANY,MO,64424,COUNTY,OPEN,46,2024-08-12
10001607,DAVIESS-DEKALB COUNTY REGIONAL JAIL,102 N MEADOWS LN,PATTONSBURG,MO,64670,COUNTY,OPEN,160,2024-08-12
10006806,ANDREW COUNTY JAIL,400 EAST MAIN STREET,SAVANNAH,MO,64485,COUNTY,OPEN,60,2018-03-23
10001606,MARYVILLE TREATMENT CENTER,30227 US HWY 136,MARYVILLE,MO,64468,STATE,OPEN,-999,2024-03-01
10005840,NODAWAY COUNTY JAIL,404 NORTH VINE STREET,MARYVILLE,MO,64468,COUNTY,OPEN,-999,2018-03-26
10004971,TAYLOR COUNTY JAIL,1601 JUSTICE STREET,BEDFORD,IA,50833,COUNTY,OPEN,-999,2024-03-06
10004969,PAGE COUNTY JAIL,323 NORTH 15TH STREET,CLARINDA,IA,51632,COUNTY,OPEN,-999,2024-07-10
10001099,CLARINDA CORRECTIONAL FACILITY,2000 NORTH 16TH STREET,CLARINDA,IA,51632,STATE,OPEN,750,2024-02-23
10006658,CLARINDA ACADEMY,1820 N. 16TH ST,CLARINDA,IA,51632,STATE,OPEN,265,2015-11-14
10006725,ADAMS COUNTY JAIL,901 DAVIS AVE,CORNING,IA,50841,COUNTY,OPEN,-999,2024-07-10
10004968,UNION COUNTY JAIL,302 NORTH PINE STREET,CRESTON,IA,50801,COUNTY,OPEN,-999,2024-07-12
10004972,RINGGOLD COUNTY JAIL,801 WEST SOUTH STREET,MOUNT AYR,IA,50854,COUNTY,OPEN,-999,2018-02-28
10006727,DECATUR COUNTY JAIL,206 NE 2ND STREET,LEON,IA,50144,COUNTY,OPEN,-999,2018-02-27
10004307,CLARKE COUNTY JAIL,220 TOWNLINE ROAD,OSCEOLA,IA,50213,COUNTY,OPEN,-999,2018-02-27
10004956,MADISON COUNTY JAIL,1012 NORTH JOHN WAYNE DRIVE,WINTERSET,IA,50273,COUNTY,OPEN,-999,2024-07-10
10004298,DALLAS COUNTY JAIL (OLD),201 NILE KINNICK DRIVE NORTH,ADEL,IA,50003,COUNTY,CLOSED,-999,2024-07-10
20000620,DALLAS COUNTY JAIL,28985 THIN BLUE LINE LANE,ADEL,IA,50003,COUNTY,OPEN,-999,2024-07-10
10006724,ADAIR COUNTY JAIL,302 EAST IOWA STREET,GREENFIELD,IA,50849,COUNTY,OPEN,-999,2018-02-27
10004305,CASS COUNTY JAIL / SHERIFF,5 WEST 7TH STREET,ATLANTIC,IA,50022,COUNTY,OPEN,-999,2024-07-10
10002874,HARRIS COUNTY IPD - WALLISVILLE JAIL,14350 WALLISVILLE RD,HOUSTON,TX,77049,COUNTY,NOT AVAILABLE,-999,2020-05-28
10004299,AUDUBON COUNTY JAIL,318 LEROY STREET,AUDUBON,IA,50025,COUNTY,OPEN,-999,2018-02-27
10004300,GUTHRIE COUNTY JAIL,200 NORTH 5TH STREET,GUTHRIE CENTER,IA,50115,COUNTY,OPEN,-999,2024-07-10
10004292,CARROLL COUNTY JAIL,114 EAST 6TH STREET,CARROLL,IA,51401,COUNTY,OPEN,-999,2019-12-11
10004945,SAC COUNTY JAIL,100 NORTHWEST STATE STREET,SAC CITY,IA,50583,COUNTY,OPEN,-999,2018-02-28
10001080,NORTH CENTRAL CORRECTIONAL FACILITY,313 LANEDALE,ROCKWELL CITY,IA,50579,STATE,OPEN,245,2024-02-23
10004294,GREENE COUNTY JAIL,204 SOUTH CHESTNUT STREET,JEFFERSON,IA,50129,COUNTY,OPEN,8,2018-02-27
10006663,WOODWARD ACADEMY,1251 334TH STREET,WOODWARD,IA,50276,STATE,OPEN,-999,2015-03-11
10004293,BOONE COUNTY JAIL,1019 WEST MAMIE EISENHOWER AVENUE,BOONE,IA,50036,COUNTY,OPEN,-999,2024-07-10
10004285,HAMILTON COUNTY JAIL,2300 SUPERIOR STREET,WEBSTER CITY,IA,50595,COUNTY,OPEN,44,2018-02-27
10004286,CENTRAL IOWA JUVENILE DETENTION CENTER,2317 RICK COLLINS WAY,ELDORA,IA,50627,STATE,OPEN,-999,2024-02-23
10006543,STATE TRAINING SCHOOL FOR BOYS,3211 WEST EDGINGTON,ELDORA,IA,50627,STATE,OPEN,-999,2024-02-23
10001084,STORY COUNTY JAIL,1315 SOUTH B AVENUE,NEVADA,IA,50201,COUNTY,OPEN,104,2018-02-28
10001866,FRESH START WOMEN'S CENTER (WOMEN'S RESIDENTIAL CORRECTIONAL FACILITY),1917 HICKMAN ROAD,DES MOINES,IA,50314,STATE,OPEN,-999,2023-06-30
10001088,POLK COUNTY JUVENILE DETENTION CENTER,1548 HULL AVENUE,DES MOINES,IA,50316,COUNTY,OPEN,-999,2024-07-10
10001085,POLK COUNTY MAIN JAIL,1985 NE 51ST PL,DES MOINES,IA,50309,MULTI,OPEN,1500,2024-01-12
10001089,FORT DES MOINES COMMUNITY CORRECTIONS COMPLEX,68 THAYER ST,DES MOINES,IA,50315,STATE,OPEN,-999,2023-06-30
10004955,WARREN COUNTY JAIL,115 NORTH HOWARD STREET,INDIANOLA,IA,50125,COUNTY,OPEN,-999,2024-07-12
10001087,IOWA CORRECTIONAL INSTITUTION FOR WOMEN,420 MILL STREET SOUTHWEST,MITCHELLVILLE,IA,50169,STATE,OPEN,774,2024-02-23
10004301,JASPER COUNTY JAIL,2300 LAW CENTER DRIVE,NEWTON,IA,50208,COUNTY,OPEN,-999,2018-02-27
10001090,NEWTON CORRECTIONAL FACILITY,307 SOUTH 60TH AVENUE WEST,NEWTON,IA,50208,STATE,OPEN,1014,2024-02-23
10004959,MARION COUNTY JAIL,211 NORTH GODFREY LANE,KNOXVILLE,IA,50138,COUNTY,OPEN,-999,2018-02-28
10004958,MAHASKA COUNTY JAIL,214 HIGH AVE EAST,OSKALOOSA,IA,52577,COUNTY,OPEN,-999,2016-02-15
10004951,POWESHIEK COUNTY JAIL,4802 BARNES CITY RD,MONTEZUMA,IA,50171,COUNTY,OPEN,-999,2019-12-11
10006273,TAMA COUNTY JAIL,100 N. MAIN ST,TOLEDO,IA,52342,COUNTY,OPEN,-999,2018-02-28
10001863,MARSHALLTOWN RESIDENTIAL CENTER,1401 S 17TH AVE,MARSHALLTOWN,IA,50158,STATE,OPEN,-999,2023-06-30
10001864,MARSHALL COUNTY JAIL,2369 JESSUP AVENUE,MARSHALLTOWN,IA,50158,COUNTY,OPEN,182,2018-02-28
10004287,HARDIN COUNTY JAIL,1116 14TH AVENUE,ELDORA,IA,50627,COUNTY,OPEN,90,2024-07-17
10004288,GRUNDY COUNTY JAIL,705 8TH STREET,GRUNDY CENTER,IA,50638,COUNTY,OPEN,14,2016-02-15
10004279,BREMER COUNTY JAIL,111 4TH STREET NORTHEAST,WAVERLY,IA,50677,COUNTY,OPEN,-999,2018-02-27
10004280,BUTLER COUNTY JAIL,428 6TH STREET,ALLISON,IA,50602,COUNTY,OPEN,-999,2018-02-27
10004274,FLOYD COUNTY JAIL,101 SOUTH MAIN STREET,CHARLES CITY,IA,50616,COUNTY,OPEN,-999,2018-02-27
10002077,MOWER COUNTY JAIL,201 2ND AVE NORTHEAST,AUSTIN,MN,55912,COUNTY,OPEN,88,2018-03-22
10004937,MITCHELL COUNTY JAIL,211 SOUTH 6TH STREET,OSAGE,IA,50461,COUNTY,OPEN,-999,2018-02-28
10001852,BEJE CLARK RESIDENTIAL CENTER(MASON CITY RES),818 15TH ST SW,MASON CITY,IA,50402,STATE,OPEN,-999,2023-06-30
10004270,CERRO GORDO COUNTY JAIL,17262 LARK AVENUE,MASON CITY,IA,50401,COUNTY,OPEN,-999,2024-07-10
10004939,WORTH COUNTY JAIL,1000 CENTRAL AVENUE,NORTHWOOD,IA,50459,COUNTY,OPEN,-999,2018-02-28
10002079,FREEBORN COUNTY DETENTION CENTER,411 BROADWAY S,ALBERT LEA,MN,56007,COUNTY,OPEN,138,2024-01-12
10004938,WINNEBAGO COUNTY JAIL,935 HWY 69 N,FOREST CITY,IA,50436,COUNTY,OPEN,-999,2024-03-06
10004271,HANCOCK COUNTY JAIL,875 STATE STREET,GARNER,IA,50438,COUNTY,OPEN,-999,2018-02-27
10004943,WRIGHT COUNTY JAIL,719 2ND STREET SOUTHWEST,CLARION,IA,50525,COUNTY,OPEN,-999,2018-02-28
10004269,KOSSUTH COUNTY JAIL,121 WEST STATE STREET,ALGONA,IA,50511,COUNTY,OPEN,26,2018-02-27
10004278,HUMBOLDT COUNTY JAIL,430 SUMNER AVENUE,HUMBOLDT,IA,50548,COUNTY,OPEN,-999,2024-07-10
10001858,WEBSTER COUNTY JAIL,702 1ST AVENUE SOUTH,FORT DODGE,IA,50501,COUNTY,OPEN,-999,2024-07-12
10001078,FORT DODGE RESIDENTIAL CENTER,311 1ST AVENUE SOUTH,FORT DODGE,IA,50501,STATE,OPEN,-999,2023-06-30
10001077,FORT DODGE CORRECTIONAL FACILITY,1550 L STREET,FORT DODGE,IA,50501,STATE,OPEN,1162,2024-02-23
10004942,POCAHONTAS COUNTY JAIL,99 COURT SQUARE,POCAHONTAS,IA,50574,COUNTY,OPEN,-999,2024-07-10
10004941,PALO ALTO COUNTY JAIL,2001 11TH STREET,EMMETSBURG,IA,50536,COUNTY,OPEN,-999,2018-02-28
10006728,EMMET COUNTY JAIL,114 NORTH 6TH STREET,ESTHERVILLE,IA,51334,COUNTY,OPEN,-999,2024-07-10
10002078,JACKSON COUNTY JAIL,400 SHERMAN STREET,JACKSON,MN,56143,COUNTY,OPEN,18,2018-03-22
10006661,FOREST RIDGE ACADEMY,200 6TH ST,GRUVER,IA,51334,STATE,OPEN,-999,2018-01-10
10002081,MARTIN COUNTY JAIL,201 LAKE AVENUE,FAIRMONT,MN,56031,COUNTY,OPEN,32,2018-03-22
10002082,FARIBAULT COUNTY JAIL,320 DR H RUSS STREET,BLUE EARTH,MN,56013,COUNTY,OPEN,62,2018-03-22
10002072,NICOLLET COUNTY JAIL,501 S. MINNESOTA AVE,SAINT PETER,MN,56082,COUNTY,OPEN,34,2018-03-22
10006955,LEO A HOFFMANN CENTER,1715 SHEPPARD DR,ST PETER,MN,56082,STATE,OPEN,-999,2020-04-22
10006549,MINNESOTA SEX OFFENDER PROGRAM - ST PETER,100 FREEMAN DRIVE,ST. PETER,MN,56082,STATE,OPEN,260,2024-02-29
10003812,BLUE EARTH COUNTY JAIL,401 CARVER ROAD,MANKATO,MN,56001,COUNTY,OPEN,146,2018-03-22
10003040,WATONWAN COUNTY JAIL,715 3RD AVENUE SOUTH,SAINT JAMES,MN,56081,COUNTY,OPEN,20,2018-03-23
10002070,BROWN COUNTY JAIL,15 SOUTH WASHINGTON STREET,NEW ULM,MN,56073,COUNTY,OPEN,56,2018-03-22
10003808,RENVILLE COUNTY JAIL,104 4TH STREET S,OLIVIA,MN,56277,COUNTY,OPEN,72,2018-03-23
10002060,MCLEOD COUNTY JAIL,801 EAST 10TH STREET,GLENCOE,MN,55336,COUNTY,OPEN,59,2024-08-09
10003036,SIBLEY COUNTY JAIL,419 HARRISON STREET,GAYLORD,MN,55334,COUNTY,OPEN,20,2018-03-23
10003035,SCOTT COUNTY JUVENILE ALTERNATIVE FACILITY,17681 VALLEY VIEW DRIVE,JORDAN,MN,55352,COUNTY,OPEN,16,2018-03-23
10002062,CARVER COUNTY JAIL,606 EAST 4TH STREET,CHASKA,MN,55318,COUNTY,OPEN,115,2018-03-22
10001333,MCF - SHAKOPEE,1010 WEST 6TH AVENUE,SHAKOPEE,MN,55379,STATE,OPEN,656,2023-07-31
10001334,SCOTT COUNTY JAIL,301 FULLER STREET SOUTH,SHAKOPEE,MN,55379,COUNTY,OPEN,264,2018-03-23
10006289,HENNEPIN COUNTY HOME SCHOOL,14300 COUNTY ROAD 62,MINNETONKA,MN,55345,COUNTY,CLOSED,64,2021-09-29
10006914,VOLUNTEERS OF AMERICA - MINNEAPOLIS RESIDENTIAL RE-ENTRY CENTER,2825 EAST LAKE STREET,MINNEAPOLIS,MN,55406,LOCAL,OPEN,-999,2018-05-18
10002059,RAMSEY COUNTY JUVENILE DETENTION CENTER,25 WEST 7TH STREET,SAINT PAUL,MN,55102,COUNTY,OPEN,44,2018-03-23
10002069,LE SUEUR COUNTY JAIL,435 EAST DERRYNANE STREET,LE CENTER,MN,56057,COUNTY,OPEN,80,2024-08-09
10000263,FCI WASECA,1000 UNIVERSITY DRIVE SOUTHWEST,WASECA,MN,56093,FEDERAL,OPEN,-999,2016-02-16
10001336,WASECA COUNTY JAIL,122 3RD AVENUE NORTHWEST,WASECA,MN,56093,COUNTY,OPEN,25,2018-03-23
10003038,STEELE COUNTY DETENTION CENTER,2500 ALEXANDER STREET,OWATONNA,MN,55060,COUNTY,OPEN,154,2018-03-23
10006805,RICE COUNTY JAIL ANNEX,2119 WEST HWY 60,FARIBAULT,MN,55021,COUNTY,OPEN,-999,2018-03-23
10003810,RICE COUNTY JAIL,118 3RD STREET NW,FARIBAULT,MN,55021,COUNTY,OPEN,-999,2018-03-23
10000262,MCF - FARIBAULT,1101 LINDEN LN,FARIBAULT,MN,55021,STATE,OPEN,2026,2023-07-31
10001338,OLMSTED COUNTY WORK RELEASE FACILITY,104 4TH ST SE,ROCHESTER,MN,55904,COUNTY,OPEN,90,2018-03-23
10002074,OLMSTED COUNTY ADULT DETENTION CENTER,101 4TH STREET SOUTHEAST,ROCHESTER,MN,55904,COUNTY,OPEN,202,2018-03-23
10002066,MCF - RED WING ADULT AND RED WING JUVENILE,1079 HIGHWAY 292,RED WING,MN,55066,STATE,OPEN,133,2023-07-31
10002065,GOODHUE COUNTY ADULT DETENTION CENTER,430 WEST 6TH STREET,RED WING,MN,55066,COUNTY,OPEN,90,2024-08-09
10002064,DAKOTA COUNTY LAW ENFORCEMENT CENTER,1580 STATE HIGHWAY 55,HASTINGS,MN,55033,COUNTY,OPEN,263,2018-03-22
10002063,DAKOTA COUNTY JUVENILE SERVICES CENTER,1600 STATE HIGHWAY 55,HASTINGS,MN,55033,COUNTY,OPEN,40,2018-03-22
10002056,RAMSEY COUNTY JAIL,425 GROVE STREET,SAINT PAUL,MN,55101,COUNTY,OPEN,500,2018-03-23
10002057,RAMSEY COUNTY CORRECTIONAL FACILITY,297 SOUTH CENTURY AVENUE,SAINT PAUL,MN,55119,COUNTY,OPEN,556,2018-03-23
10002546,PIERCE COUNTY JAIL,414 W MAIN ST,ELLSWORTH,WI,54011,COUNTY,OPEN,-999,2018-05-05
10006390,PEPIN COUNTY JAIL,740 7TH AVE WEST,DURAND,WI,54736,COUNTY,OPEN,-999,2018-04-23
10002540,DUNN COUNTY JAIL,615 STOKKE PKWY,MENOMONIE,WI,54751,COUNTY,OPEN,-999,2018-05-08
10002538,CHIPPEWA COUNTY JAIL,50 E SPRUCE ST,CHIPPEWA FALLS,WI,54729,COUNTY,OPEN,201,2018-05-08
10000990,CHIPPEWA VALLEY CORRECTIONAL TREATMENT FACILITY,2909 E PARK AVE,CHIPPEWA FALLS,WI,54729,STATE,OPEN,300,2018-01-12
10002547,NORTHWEST REGIONAL JUVENILE DETENTION CENTER,721 OXFORD AVE,EAU CLAIRE,WI,54703,COUNTY,OPEN,-999,2018-05-08
10002548,EAU CLAIRE COUNTY SECURE JAIL / HUBER CENTER,710 SECOND AVE,EAU CLAIRE,WI,54703,COUNTY,OPEN,-999,2018-05-08
10002555,TREMPEALEAU COUNTY JAIL / SHERIFF,36245 MAIN ST,WHITEHALL,WI,54773,COUNTY,OPEN,-999,2018-05-09
10002574,LA CROSSE COUNTY JAIL,333 VINE ST,LA CROSSE,WI,54601,COUNTY,OPEN,323,2018-05-09
10002575,LA CROSSE COUNTY JUVENILE DETENTION FACILITY,300 4TH ST N,LA CROSSE,WI,54601,COUNTY,OPEN,-999,2018-05-09
10003039,WINONA COUNTY JAIL,203 WEST 3RD STREET,WINONA,MN,55987,COUNTY,OPEN,80,2024-08-09
10002559,BUFFALO COUNTY JAIL,407 S 2ND ST,ALMA,WI,54610,COUNTY,OPEN,-999,2018-05-08
10003037,WABASHA COUNTY JAIL,848 17TH STREET EAST,WABASHA,MN,55981,COUNTY,OPEN,43,2018-03-23
10001337,FMC ROCHESTER,2110 E CENTER ST,ROCHESTER,MN,55904,FEDERAL,OPEN,-999,2016-02-16
10002080,FILLMORE COUNTY JAIL,901 HOUSTON STREET NORTHWEST,PRESTON,MN,55965,COUNTY,OPEN,24,2016-08-15
10004268,HOWARD COUNTY JAIL,124 SOUTH PARK PLACE,CRESCO,IA,52136,COUNTY,OPEN,-999,2024-07-10
10004273,CHICKASAW COUNTY JAIL,116 NORTH CHESTNUT AVENUE,NEW HAMPTON,IA,50659,COUNTY,OPEN,-999,2024-07-10
10004283,NORTH IOWA JUVENILE DETENTION SERVICES,1440 WEST DUNKERTON ROAD,WATERLOO,IA,50703,NOT AVAILABLE,OPEN,-999,2018-05-15
10001853,WEST UNION RESIDENTIAL FACILITY,500 S PINE ST,WEST UNION,IA,52175,STATE,OPEN,48,2023-06-30
10001854,FAYETTE COUNTY JAIL,220 N INDUSTRIAL PKWY,WEST UNION,IA,52175,COUNTY,OPEN,44,2018-02-27
10004275,CLAYTON COUNTY JAIL,22680 230TH STREET,SAINT OLAF,IA,52072,COUNTY,OPEN,-999,2024-07-10
10004934,WINNESHIEK COUNTY JAIL,400 CLAIBORNE DRIVE,DECORAH,IA,52101,COUNTY,OPEN,40,2018-02-28
10003813,HOUSTON COUNTY JAIL,306 SOUTH MARSHALL STREET,CALEDONIA,MN,55921,COUNTY,OPEN,30,2018-03-22
10002581,VERNON COUNTY JAIL / SHERIFF,1320 BAD AXE COURT,VIROQUA,WI,54665,COUNTY,OPEN,-999,2018-05-09
10001002,PRAIRIE DU CHIEN CORRECTIONAL INSTITUTION,500 E PARRISH ST,PRAIRIE DU CHIEN,WI,53821,STATE,OPEN,424,2018-01-12
10002587,CRAWFORD COUNTY JAIL,224 N BEAUMONT RD,PRAIRIE DU CHIEN,WI,53821,COUNTY,OPEN,-999,2018-05-08
10001698,GRANT COUNTY JAIL,1000 N ADAMS ST,LANCASTER,WI,53813,COUNTY,OPEN,-999,2018-05-08
10002591,WISCONSIN SECURE PROGRAM FACILITY,1101 MORRISON DR,BOSCOBEL,WI,53805,STATE,OPEN,-999,2018-01-12
10002611,LAFAYETTE COUNTY JAIL,138 W CATHERINE ST,DARLINGTON,WI,53530,COUNTY,OPEN,-999,2020-03-02
10002592,IOWA COUNTY JAIL,1205 N BEQUETTE ST,DODGEVILLE,WI,53533,COUNTY,OPEN,-999,2018-05-08
10002584,RICHLAND COUNTY JAIL,181 W SEMINARY ST,RICHLAND CENTER,WI,53581,COUNTY,OPEN,-999,2018-05-09
10000993,NEW LISBON CORRECTIONAL INSTITUTION,2000 PROGRESS RD,NEW LISBON,WI,53950,STATE,OPEN,-999,2018-01-12
10002563,JUNEAU COUNTY JAIL,200 OAK ST,MAUSTON,WI,53948,COUNTY,OPEN,157,2020-03-02
10002564,SAND RIDGE SECURE TREATMENT CENTER,1111 NORTH RD,MAUSTON,WI,53948,STATE,OPEN,-999,2017-05-08
10002573,MONROE COUNTY JAIL,112 S COURT STREET,SPARTA,WI,54656,COUNTY,OPEN,-999,2020-03-02
10002558,JACKSON CORRECTIONAL INSTITUTION,N 6500 HAIPEK RD,BLACK RIVER FALLS,WI,54615,STATE,OPEN,-999,2018-01-12
10002557,JACKSON COUNTY JAIL,30 N 3RD ST,BLACK RIVER FALLS,WI,54615,COUNTY,OPEN,-999,2018-04-05
10002556,BLACK RIVER CORRECTIONAL CENTER,W6898 E STAFFON RD,BLACK RIVER FALLS,WI,54615,STATE,OPEN,118,2018-01-12
10002537,STANLEY CORRECTIONAL INSTITUTION,100 CORRECTIONS DR,STANLEY,WI,54768,STATE,OPEN,1500,2018-01-12
10002544,CLARK COUNTY JAIL / SHERIFF,517 COURT ST,NEILLSVILLE,WI,54456,COUNTY,OPEN,126,2018-05-08
10002541,MARATHON COUNTY JUVENILE FACILITY,7015 PACKER DR,WAUSAU,WI,54401,COUNTY,OPEN,20,2018-05-09
10002542,MARATHON COUNTY JAIL / SHERIFF,500 FOREST ST,WAUSAU,WI,54403,COUNTY,OPEN,279,2018-05-09
10002549,PORTAGE COUNTY JAIL / JUVENILE DETENTION CENTER,1500 STRONGS AVE,STEVENS POINT,WI,54481,COUNTY,OPEN,113,2018-05-09
10002550,WOOD COUNTY JAIL,400 MARKET ST,WISCONSIN RAPIDS,WI,54495,COUNTY,OPEN,132,2018-05-09
10002566,ADAMS COUNTY JAIL / SHERIFF,301 ADAMS ST,FRIENDSHIP,WI,53934,COUNTY,OPEN,-999,2018-05-08
10000994,FCI OXFORD,COUNTY RD G & ELK AVE,OXFORD,WI,53952,FEDERAL,OPEN,-999,2024-03-04
10002565,FCI OXFORD CAMP,COUNTY RD G & ELK AVE,OXFORD,WI,53952,FEDERAL,NOT AVAILABLE,-999,2024-03-04
10001693,WORK RELEASE CENTER (HUBER CENTER),213 W PARK ST,WAUTOMA,WI,54982,COUNTY,OPEN,-999,2018-05-09
10002567,WAUSHARA COUNTY JAIL,430 E DIVISION ST,WAUTOMA,WI,54982,COUNTY,OPEN,125,2018-05-09
10002577,MARQUETTE COUNTY JAIL,67 W PARK ST,MONTELLO,WI,53949,COUNTY,OPEN,-999,2018-05-09
10000995,REDGRANITE CORRECTIONAL INSTITUTION,1006 COUNTY RD EE,REDGRANITE,WI,54970,STATE,OPEN,-999,2018-01-12
10002576,GREEN LAKE COUNTY JUSTICE CENTER,571 COUNTY ROAD A,GREEN LAKE,WI,54941,COUNTY,OPEN,108,2018-05-08
10002551,WAUPACA COUNTY JAIL,1402 E ROYALTON ST,WAUPACA,WI,54981,COUNTY,OPEN,320,2018-05-09
10002543,MENOMINEE TRIBAL JAIL,W3269 COURTHOUSE RD,KESHENA,WI,54135,LOCAL,OPEN,45,2016-03-01
10002545,SHAWANO COUNTY JAIL,405 N MAIN ST,SHAWANO,WI,54166,COUNTY,OPEN,299,2018-05-09
10006891,SHAWANO COUNTY WORK RELEASE CENTER,1240 ENGEL DR,SHAWANO,WI,54166,COUNTY,OPEN,-999,2018-05-09
10002560,SANGER B. POWERS CORRECTIONAL CENTER,N8375 COUNTY LINE RD,ONEIDA,WI,54155,STATE,OPEN,120,2018-01-12
10002536,OCONTO COUNTY JAIL,301 WASHINGTON ST,OCONTO,WI,54153,COUNTY,OPEN,56,2016-03-01
10002552,BROWN COUNTY JAIL,3030 CURRY LANE,GREEN BAY,WI,54311,COUNTY,OPEN,-999,2018-05-08
10002553,BROWN COUNTY WORK RELEASE CENTER,125 S ADAMS ST,GREEN BAY,WI,54301,COUNTY,OPEN,-999,2016-03-01
10000992,GREEN BAY CORRECTIONAL INSTITUTION,2833 RIVERSIDE DR,GREEN BAY,WI,54307,STATE,OPEN,1000,2018-01-12
10002562,MANITOWOC COUNTY JAIL / JUVENILE DETENTION CENTER,1025 S 9TH ST,MANITOWOC,WI,54220,COUNTY,OPEN,-999,2018-05-09
10002579,TAYCHEEDAH CORRECTIONAL INSTITUTION,751 COUNTY RD K,FOND DU LAC,WI,54936,STATE,OPEN,-999,2018-01-12
10002572,CALUMET COUNTY JAIL / SHERIFF,206 COURT ST,CHILTON,WI,53014,COUNTY,OPEN,54,2018-05-08
10002561,OUTAGAMIE COUNTY JAIL,320 S WALNUT ST,APPLETON,WI,54911,COUNTY,OPEN,556,2018-05-09
10002571,OSHKOSH CORRECTIONAL INSTITUTION,1730 W SNELL RD,OSHKOSH,WI,54903,STATE,OPEN,-999,2018-01-12
10000996,WINNEBAGO COUNTY WORK RELEASE CENTER,90 W COUNTY RD Y,OSHKOSH,WI,54901,COUNTY,CLOSED,210,2018-05-09
10000997,WINNEBAGO COUNTY JAIL,4311 JACKSON ST,OSHKOSH,WI,54901,COUNTY,OPEN,355,2018-05-09
10002569,WINNEBAGO CORRECTIONAL CENTER,4300 SHERMAN RD,WINNEBAGO,WI,54985,STATE,OPEN,266,2018-01-12
10002570,DRUG ABUSE CORRECTIONAL CENTER,4280 N SHERMAN RD,WINNEBAGO,WI,54985,STATE,OPEN,294,2018-01-12
10002568,WISCONSIN RESOURCE CENTER,1505 NORTH DR,WINNEBAGO,WI,54985,STATE,OPEN,-999,2018-01-12
10001696,JOHN C BURKE CORRECTIONAL CENTER,900 S MADISON ST,WAUPUN,WI,53963,STATE,OPEN,250,2018-01-12
10001000,WAUPUN CORRECTIONAL INSTITUTION,200 S MADISON ST,WAUPUN,WI,53963,STATE,OPEN,-999,2018-01-12
10001697,DODGE CORRECTIONAL INSTITUTION,1 W LINCOLN ST,WAUPUN,WI,53963,STATE,OPEN,-999,2018-01-12
10002583,DODGE COUNTY DETENTION FACILITY,216 W CENTER ST,JUNEAU,WI,53039,MULTI,OPEN,-999,2024-01-12
10002585,WASHINGTON COUNTY JAIL / JUVENILE DETENTION,500 N SCHMIDT RD,WEST BEND,WI,53095,COUNTY,OPEN,-999,2018-05-09
10002578,FOND DU LAC COUNTY SECURE DETENTION FACILITY,180 S MACY STREET,FOND DU LAC,WI,54935,COUNTY,OPEN,27,2018-05-08
10006450,FOND DU LAC COUNTY JAIL,63 WESTERN AVE,FOND DU LAC,WI,54935,COUNTY,OPEN,-999,2018-05-08
10000998,KETTLE MORAINE CORRECTIONAL INSTITUTION,W9071 FOREST DR,PLYMOUTH,WI,53023,STATE,OPEN,-999,2018-01-12
10002580,SHEBOYGAN COUNTY ADULT DETENTION CENTER,2923 S 31ST ST,SHEBOYGAN,WI,53081,COUNTY,OPEN,295,2018-05-09
10001694,SHEBOYGAN COUNTY JUVENILE DETENTION CENTER,525 N 6TH ST,SHEBOYGAN,WI,53081,COUNTY,OPEN,27,2018-05-09
10002586,OZAUKEE COUNTY JAIL,1201 S SPRING ST,PORT WASHINGTON,WI,53074,COUNTY,OPEN,-999,2018-05-09
10001010,VEL R. PHILLIPS CHILDREN'S COURT CENTER,10201 W WATERTOWN PLANK RD,WAUWATOSA,WI,53226,COUNTY,OPEN,-999,2016-03-01
10002597,MILWAUKEE COUNTY HOUSE OF CORRECTION,8885 S 68TH ST,FRANKLIN,WI,53132,COUNTY,OPEN,-999,2018-05-09
10001007,MILWAUKEE SECURE DETENTION FACILITY,1015 N 10TH ST,MILWAUKEE,WI,53205,STATE,OPEN,1040,2018-01-12
10002598,MILWAUKEE COUNTY CORRECTIONAL FACILITY,949 N 9TH ST,MILWAUKEE,WI,53233,COUNTY,OPEN,520,2018-05-09
10001009,MARSHALL E. SHERRER CORRECTIONAL CENTER,1318 N 14TH ST,MILWAUKEE,WI,53205,STATE,OPEN,60,2018-01-12
10001008,FELMERS O. CHANEY CORRECTIONAL CENTER,2825 N 30TH ST,MILWAUKEE,WI,53210,STATE,OPEN,100,2018-01-12
10002600,MILWAUKEE WOMEN'S CORRECTIONAL CENTER,615 W KEEFE AVE,MILWAUKEE,WI,53212,STATE,OPEN,109,2018-01-12
10002609,RACINE COUNTY SECURE JUVENILE DETENTION CENTER,1717 TAYLOR AVE,RACINE,WI,53403,COUNTY,OPEN,121,2018-05-09
10002604,RACINE COUNTY JAIL,717 WISCONSIN AVE,RACINE,WI,53403,COUNTY,OPEN,876,2018-05-09
10002606,RACINE YOUTHFUL OFFENDER CORRECTIONAL FACILITY,1501 ALBERT ST,RACINE,WI,53404,STATE,OPEN,450,2018-01-12
10002613,KENOSHA CORRECTIONAL CENTER,6353 14TH AVE,KENOSHA,WI,53143,STATE,OPEN,115,2018-01-12
10002614,KENOSHA COUNTY DOWNTOWN PRE-TRIAL FACILITY,927 54TH ST,KENOSHA,WI,53140,COUNTY,OPEN,-999,2018-05-09
10002612,KENOSHA COUNTY DETENTION CENTER,4777 88TH AVE,KENOSHA,WI,53144,COUNTY,OPEN,1200,2018-05-09
10002608,RACINE CORRECTIONAL INSTITUTION,2019 WISCONSIN ST,STURTEVANT,WI,53177,STATE,OPEN,-999,2018-01-12
10002607,STURTEVANT TRANSITIONAL FACILITY,9351 RAYNE RD,STURTEVANT,WI,53177,STATE,OPEN,304,2018-01-12
10001011,SOUTHERN OAKS GIRLS SCHOOL,21425 SPRING ST,UNION GROVE,WI,53182,STATE,CLOSED,-999,2011-03-03
10002605,ROBERT E ELLSWORTH CORRECTIONAL CENTER,21425-A SPRING ST,UNION GROVE,WI,53182,STATE,OPEN,-999,2018-01-12
10002596,WAUKESHA COUNTY JAIL / JUVENILE DETENTION CENTER,515 WEST MORELAND BLVD,WAUKESHA,WI,53188,COUNTY,OPEN,469,2018-05-09
10002594,WAUKESHA COUNTY HUBER FACILITY,1400 NORTHVIEW ROAD,WAUKESHA,WI,53188,COUNTY,OPEN,-999,2018-05-09
10002595,ETHAN ALLEN SCHOOL,W323S 1050 BOYS SCHOOL RD,WALES,WI,53183,STATE,CLOSED,-999,2011-03-03
10002610,WALWORTH COUNTY JAIL,1770 COUNTY RD NN,ELKHORN,WI,53121,COUNTY,OPEN,512,2018-05-09
10002602,ROCK COUNTY JAIL / SHERIFF,200 E US HWY 14,JANESVILLE,WI,53545,COUNTY,OPEN,477,2018-05-09
10002603,ROCK COUNTY JUVENILE DETENTION CENTER,210 E US HWY 14,JANESVILLE,WI,53545,COUNTY,OPEN,-999,2018-05-09
10001004,OREGON CORRECTIONAL CENTER,5140 HIGHWAY M,OREGON,WI,53575,STATE,OPEN,112,2018-01-12
10006384,THE GROW ACADEMY,4986 COUNTY HIGHWAY M,OREGON,WI,53575,STATE,OPEN,12,2018-01-12
10001003,OAKHILL CORRECTIONAL INSTITUTION,5212 COUNTY HWY M,OREGON,WI,53575,STATE,OPEN,-999,2018-01-12
10002588,WILLIAM H FERRIS CENTER,2120 RIMROCK RD,MADISON,WI,53713,COUNTY,OPEN,144,2018-05-08
10001006,CITY-COUNTY BUILDING JAIL,210 MARTIN LUTHER KING JR BLVD,MADISON,WI,53703,COUNTY,OPEN,365,2018-05-08
10002590,DANE COUNTY PUBLIC SAFETY BLDG JAIL,115 W DOTY ST,MADISON,WI,53703,COUNTY,OPEN,492,2018-05-08
10001005,THOMPSON CORRECTIONAL CENTER,434 STATE FARM RD,DEERFIELD,WI,53531,STATE,OPEN,125,2018-01-12
10002593,JEFFERSON COUNTY JAIL,411 S CENTER AVE,JEFFERSON,WI,53549,COUNTY,OPEN,229,2018-05-09
10001001,FOX LAKE CORRECTIONAL INSTITUTION,W 10237 LAKE EMILY RD,FOX LAKE,WI,53933,STATE,OPEN,-999,2018-01-12
10001695,COLUMBIA COUNTY JAIL,403 JACKSON ST,PORTAGE,WI,53901,COUNTY,OPEN,357,2018-05-08
10000999,COLUMBIA CORRECTIONAL INSTITUTION,2925 COLUMBIA DR,PORTAGE,WI,53901,STATE,OPEN,650,2018-01-12
10002582,SAUK COUNTY JAIL,1300 LANGE COURT,BARABOO,WI,53913,COUNTY,OPEN,463,2018-05-09
10002589,MENDOTA JUVENILE TREATMENT CENTER,301 TROY DR,MADISON,WI,53704,STATE,OPEN,93,2018-01-12
10002601,GREEN COUNTY JAIL,2827 6TH ST,MONROE,WI,53566,COUNTY,OPEN,70,2018-05-08
10006731,CARROLL COUNTY CORRECTIONAL FACILITY,301 N MAIN STREET,MT CARROLL,IL,61053,COUNTY,OPEN,-999,2024-07-16
10004662,STEPHENSON COUNTY JAIL,1680 EAST SINGER DRIVE,FREEPORT,IL,61032,COUNTY,OPEN,216,2024-07-29
10002253,WINNEBAGO COUNTY JAIL,650 WEST STATE STREET,ROCKFORD,IL,61102,COUNTY,OPEN,1324,2024-07-30
10004665,BOONE COUNTY JAIL,615 NORTH MAIN STREET,BELVIDERE,IL,61008,COUNTY,OPEN,-999,2024-07-16
10004663,WINNEBAGO COUNTY JUVENILE DETENTION CENTER,5350 NORTHROCK DRIVE,ROCKFORD,IL,61103,COUNTY,OPEN,48,2018-03-05
10004666,OGLE COUNTY JAIL,601 W WASHINGTON STREET,OREGON,IL,61061,COUNTY,OPEN,-999,2024-07-29
10000651,LASALLE COUNTY JAIL,707 EAST ETNA ROAD,OTTAWA,IL,61350,COUNTY,OPEN,305,2024-07-25
10004676,BUREAU COUNTY JAIL,22 PARK AVENUE WEST,PRINCETON,IL,61356,COUNTY,OPEN,36,2024-07-16
20000660,LEE COUNTY JAIL,240 EAST PROGRESS DR,DIXON,IL,61021,COUNTY,OPEN,-999,2018-03-01
10000643,LEE COUNTY JAIL (OLD),122 WEST 3RD STREET,DIXON,IL,61021,COUNTY,OPEN,44,2018-03-01
10000642,DIXON CORRECTIONAL CENTER,2600 NORTH BRINTON AVENUE,DIXON,IL,61021,STATE,OPEN,1975,2023-06-30
10006742,WHITESIDE COUNTY JAIL,400 N. CHERRY ST,MORRISON,IL,61270,COUNTY,OPEN,129,2024-07-30
10004677,KEWANEE LIFE SKILLS RE-ENTRY CENTER,2021 KENTVILLE ROAD,KEWANEE,IL,61443,STATE,OPEN,682,2023-06-30
10006739,STARK COUNTY JAIL,130 W. JEFFERSON,TOULON,IL,61483,COUNTY,OPEN,13,2024-07-29
10004684,MARSHALL COUNTY JAIL,520 6TH STREET,LACON,IL,61540,COUNTY,OPEN,16,2018-03-02
10000657,PEORIA ATC,607-613 NORTH MAIN,PEORIA,IL,61602,STATE,OPEN,248,2023-06-30
10001473,PEORIA COUNTY JAIL,301 NORTH MAXWELL ROAD,PEORIA,IL,61604,COUNTY,OPEN,524,2017-12-21
10001472,PEORIA COUNTY JUVENILE DETENTION CENTER,223 NORTH MAXWELL ROAD,PEORIA,IL,61604,COUNTY,OPEN,63,2016-06-16
10004700,MENARD COUNTY JAIL,315 SOUTH 6TH STREET,PETERSBURG,IL,62675,COUNTY,OPEN,25,2018-03-02
10000659,FCI PEKIN CAMP,2600 SOUTH 2ND STREET,PEKIN,IL,61554,FEDERAL,OPEN,-999,2016-02-16
10000658,FCI PEKIN,2600 SOUTH 2ND STREET,PEKIN,IL,61554,FEDERAL,OPEN,-999,2016-02-16
10001474,TAZEWELL COUNTY JAIL,101 SOUTH CAPITOL STREET,PEKIN,IL,61554,COUNTY,OPEN,226,2018-03-05
10000666,LOGAN COUNTY JAIL,911 PEKIN STREET,LINCOLN,IL,62656,COUNTY,OPEN,53,2024-07-26
10000664,LINCOLN CORRECTIONAL CENTER,1098 1350TH STREET,LINCOLN,IL,62656,STATE,OPEN,919,2023-06-30
10000665,LOGAN CORRECTIONAL CENTER,1096 1350TH STREET,LINCOLN,IL,62656,STATE,OPEN,1397,2023-06-30
10004696,DEWITT COUNTY JAIL,101 WEST WASHINGTON STREET,CLINTON,IL,61727,COUNTY,OPEN,90,2018-03-01
10004689,MCLEAN COUNTY JUVENILE DETENTION CENTER,903 NORTH MAIN STREET,NORMAL,IL,61761,COUNTY,OPEN,26,2024-07-26
10004690,MCLEAN COUNTY JAIL,104 WEST FRONT STREET,BLOOMINGTON,IL,61702,COUNTY,OPEN,225,2018-03-02
10004688,WOODFORD COUNTY CORRECTIONAL FACILITY,111 EAST COURT STREET,EUREKA,IL,61530,COUNTY,OPEN,86,2024-07-30
10004681,PUTNAM COUNTY JAIL,120 NORTH 4TH STREET,HENNEPIN,IL,61327,COUNTY,OPEN,-999,2024-07-29
10000654,DWIGHT CORRECTIONAL CENTER,23813 EAST 3200 NORTH ROAD,DWIGHT,IL,60420,STATE,CLOSED,-999,2013-04-04
10006210,PONTIAC MEDIUM SECURITY UNIT,700 WEST LINCOLN STREET,PONTIAC,IL,61764,STATE,OPEN,431,2023-06-30
10000655,PONTIAC CORRECTIONAL CENTER,700 WEST LINCOLN STREET,PONTIAC,IL,61764,STATE,OPEN,1612,2023-06-30
10000656,LIVINGSTON COUNTY JAIL,844 WEST LINCOLN STREET,PONTIAC,IL,61764,COUNTY,OPEN,-999,2016-08-18
10004697,PIATT COUNTY JAIL,1216 RAYMOND ROAD,MONTICELLO,IL,61856,COUNTY,OPEN,76,2024-07-29
10006732,CHAMPAIGN COUNTY DOWNTOWN JAIL,204 E MAIN STREET,URBANA,IL,61801,COUNTY,OPEN,-999,2024-07-16
10002257,CHAMPAIGN COUNTY SATELLITE JAIL,502 SOUTH LIERMAN AVENUE,URBANA,IL,61802,COUNTY,OPEN,-999,2024-07-16
10001475,CHAMPAIGN COUNTY JUVENILE DETENTION CENTER,400 SOUTH ART BARTELL ROAD,URBANA,IL,61802,COUNTY,OPEN,-999,2018-01-31
10006733,FORD COUNTY JAIL,235 N. AMERICAN,PAXTON,IL,60957,COUNTY,OPEN,61,2018-03-01
10006740,VERMILION COUNTY JUVENILE DETENTION CENTER,150 E. SAGER,DANVILLE,IL,61832,COUNTY,OPEN,-999,2018-03-05
10000663,VERMILION COUNTY JAIL,2 EAST SOUTH STREET,DANVILLE,IL,61832,COUNTY,OPEN,420,2024-07-29
10004687,IROQUOIS COUNTY JAIL,550 SOUTH 10TH STREET,WATSEKA,IL,60970,COUNTY,OPEN,30,2018-03-02
10006237,KANKAKEE COUNTY DETENTION CENTER,3000 S JUSTICE WAY,KANKAKEE,IL,60901,COUNTY,OPEN,244,2018-03-02
10004682,JEROME COMBS DETENTION CENTER,3050 S JUSTICE WAY,KANKAKEE,IL,60901,COUNTY,OPEN,456,2018-03-02
10001470,MCC CHICAGO,71 WEST VAN BUREN STREET,CHICAGO,IL,60605,FEDERAL,OPEN,-999,2016-02-16
10004667,ILLINOIS YOUTH CENTER CHICAGO,136 NORTH WESTERN AVENUE,CHICAGO,IL,60612,STATE,OPEN,130,2024-02-26
10000637,WESTSIDE ATC,121 NORTH CAMPBELL AVENUE,CHICAGO,IL,60612,STATE,CLOSED,-999,2015-07-01
10004668,COOK COUNTY JUVENILE TEMPORARY DETENTION CENTER,1100 SOUTH HAMILTON AVENUE,CHICAGO,IL,60612,COUNTY,OPEN,-999,2018-03-01
10000634,COOK COUNTY JAILS,2700 SOUTH CALIFORNIA AVENUE,CHICAGO,IL,60608,COUNTY,OPEN,10000,2018-03-01
10000635,CROSSROADS ATC,3210 WEST ARTHINGTON STREET,CHICAGO,IL,60624,STATE,OPEN,429,2023-06-30
10000636,NORTH LAWNDALE ATC,2839 WEST FILLMORE STREET,CHICAGO,IL,60612,STATE,OPEN,208,2023-06-30
10004671,DUPAGE COUNTY JAIL,501 NORTH COUNTY FARM ROAD,WHEATON,IL,60187,COUNTY,OPEN,825,2024-07-25
10006352,STATEVILLE MINIMUM SECURITY UNIT,16830 SOUTH BROADWAY STREET,JOLIET,IL,60434,STATE,OPEN,192,2023-06-30
10000647,STATEVILLE CORRECTIONAL CENTER,16830 SOUTH BROADWAY STREET,JOLIET,IL,60434,STATE,OPEN,3020,2023-06-30
10006351,NORTHERN RECEPTION AND CLASSIFICATION CENTER,16830 SOUTH BROADWAY STREET,JOLIET,IL,60434,STATE,OPEN,1800,2023-06-30
10004674,RIVER VALLEY JUVENILE DETENTION CENTER,3200 MCDONOUGH STREET,JOLIET,IL,60436,COUNTY,OPEN,102,2016-02-15
10000646,JOLIET INPATIENT TREATMENT CENTER,2848 WEST MCDONOUGH,JOLIET,IL,60436,STATE,OPEN,214,2023-06-30
20000220,JOLIET TREATMENT CENTER,2848 WEST MCDONOUGH,JOLIET,IL,60436,STATE,OPEN,334,2023-06-30
10000649,WILL COUNTY ADULT DETENTION FACILITY,95 SOUTH CHICAGO STREET,JOLIET,IL,60436,COUNTY,OPEN,1035,2018-03-05
10004679,GRUNDY COUNTY JAIL,111 EAST WASHINGTON STREET,MORRIS,IL,60450,COUNTY,OPEN,65,2024-07-25
10000652,SHERIDAN CORRECTIONAL CENTER,4017 EAST 2603 ROAD,SHERIDAN,IL,60551,STATE,OPEN,2107,2023-06-30
10000639,ILLINOIS YOUTH CENTER (PEACE) ST. CHARLES,3825 CAMPTON HILLS RD,SAINT CHARLES,IL,60175,STATE,OPEN,-999,2024-02-26
10006734,KANE COUNTY JUVENILE JUSTICE CENTER,37W655 IL. RT. 38,ST. CHARLES,IL,60175,COUNTY,OPEN,-999,2018-03-02
10000640,KANE COUNTY JAIL,37W755 IL RTE. 38,ST CHARLES,IL,60175,COUNTY,OPEN,640,2018-03-02
10004675,KENDALL COUNTY JAIL,1102 CORNELL LANE,YORKVILLE,IL,60560,COUNTY,OPEN,203,2016-10-26
10000641,ILLINOIS YOUTH CENTER WARRENVILLE,30 WEST 200 FERRY ROAD,WARRENVILLE,IL,60555,STATE,OPEN,70,2024-02-26
10000638,FOX VALLEY ATC,1329 N LAKE ST,AURORA,IL,60506,STATE,OPEN,130,2023-06-30
10006910,AURORA DETENTION CENTER,1200 E INDIAN TRAIL,AURORA,IL,60507,LOCAL,OPEN,-999,2018-05-17
10004669,DEKALB COUNTY JAIL,150 NORTH MAIN STREET,SYCAMORE,IL,60178,COUNTY,OPEN,140,2024-07-25
10002256,MCHENRY COUNTY JAIL,2200 NORTH SEMINARY AVENUE,WOODSTOCK,IL,60098,COUNTY,OPEN,650,2018-03-02
10004664,HULSE JUVENILE DETENTION CENTER,24647 NORTH MILWAUKEE AVENUE,VERNON HILLS,IL,60061,COUNTY,OPEN,-999,2018-03-02
10002254,LAKE COUNTY ADULT CORRECTIONAL CENTER,20 S MARTIN LUTHER KING JR AVENUE,WAUKEGAN,IL,60085,COUNTY,OPEN,740,2024-07-25
10002255,LAKE COUNTY COMMUNITY BASED CORRECTIONS,15 S MARTIN LUTHER KING JR AVE,WAUKEGAN,IL,60085,COUNTY,OPEN,175,2018-03-02
10003851,BERRIEN COUNTY JAIL,919 PORT ST,ST. JOSEPH,MI,49085,COUNTY,OPEN,341,2018-03-20
10003850,BERRIEN COUNTY JUVENILE CENTER,6414 DEANS HILL RD,ST. JOSEPH,MI,49102,COUNTY,OPEN,42,2018-03-20
10006751,LAPORTE COUNTY DOROTHY S. CROWLEY JUVENILE SERVICE CENTER,364 SOUTH ZIGLER RD,LAPORTE,IN,46305,COUNTY,OPEN,12,2018-03-06
10001052,LAPORTE JUVENILE CORRECTIONAL FACILITY,2407 N 500 W,LA PORTE,IN,46350,STATE,OPEN,62,2023-06-30
10001053,LAPORTE COUNTY JAIL,809 STATE ST,LA PORTE,IN,46350,COUNTY,OPEN,368,2024-07-31
10001054,SOUTH BEND COMMUNITY RE ENTRY CENTER,4650 OLD CLEVELAND RD,SOUTH BEND,IN,46628,STATE,OPEN,183,2023-11-30
10006753,MARSHALL COUNTY JAIL,1400 PIONEER DRIVE,PLYMOUTH,IN,46563,COUNTY,OPEN,-999,2018-03-06
10006438,STARKE COUNTY JUSTICE CENTER,5435 E STATE ROAD 8,KNOX,IN,46534,COUNTY,OPEN,-999,2018-03-06
10004889,PORTER COUNTY JUVENILE SERVICE CENTER,1660 S STATE ROAD 2,VALPARAISO,IN,46385,COUNTY,OPEN,24,2018-03-06
10002648,PORTER COUNTY JAIL,2755 STATE RD 49,VALPARAISO,IN,46383,COUNTY,OPEN,449,2018-03-06
10001051,WESTVILLE CORRECTIONAL FACILITY,5501 S 1100 W,WESTVILLE,IN,46391,STATE,OPEN,2646,2023-11-30
10005599,INDIANA STATE PRISON,1 PARK ROW,MICHIGAN CITY,IN,46360,STATE,OPEN,2353,2023-11-30
10006911,HAMMOND JAIL,509 DOUGLAS ST,HAMMOND,IN,46320,LOCAL,OPEN,-999,2018-05-17
10004890,LAKE COUNTY JUVENILE JUSTICE COMPLEX,3000 W 93RD AVE,CROWN POINT,IN,46307,COUNTY,OPEN,144,2018-03-06
10004891,LAKE COUNTY JAIL,2293 N MAIN ST,CROWN POINT,IN,46307,COUNTY,OPEN,1085,2016-02-15
10005601,LAKE COUNTY COMMUNITY CORRECTIONS,2600 WEST 93RD AVENUE,CROWN POINT,IN,46307,COUNTY,OPEN,-999,2024-07-31
10005606,JASPER COUNTY DETENTION CENTER,2171 NORTH MCKINLEY AVENUE,RENSSELAER,IN,47978,COUNTY,OPEN,120,2018-03-05
10005607,JASPER COUNTY COMMUNITY CORRECTIONS,2420 WEST CLARK STREET,RENSSELAER,IN,47978,COUNTY,OPEN,-999,2018-03-05
10005613,BENTON COUNTY JAIL,105 SOUTH LINCOLN AVE,FOWLER,IN,47944,COUNTY,OPEN,43,2024-07-30
10005608,NEWTON COUNTY JAIL,304 EAST SEYMOUR STREET,KENTLAND,IN,47951,COUNTY,OPEN,-999,2024-07-31
10005618,WARREN COUNTY JAIL,29 EAST 2ND STREET,WILLIAMSPORT,IN,47993,COUNTY,OPEN,-999,2018-03-06
10006138,FOUNTAIN COUNTY JAIL (OLD),216 UNION STREET,COVINGTON,IN,47932,COUNTY,CLOSED,-999,2018-03-05
10000662,DANVILLE CORRECTIONAL CENTER,3820 EAST MAIN STREET,DANVILLE,IL,61834,STATE,OPEN,1836,2023-06-30
20000680,FOUNTAIN COUNTY JAIL,439 E 50 S,VEEDERSBURG,IN,47987,COUNTY,OPEN,-999,2024-07-31
10004905,TIPPECANOE COUNTY JAIL,2640 DUNCAN RD,LAFAYETTE,IN,47904,COUNTY,OPEN,-999,2018-03-06
10006755,TIPPECANOE COUNTY WORK RELEASE,2800 N. 9TH STREET,LAFAYETTE,IN,47904,COUNTY,OPEN,-999,2018-03-06
10005612,CARROLL COUNTY JAIL,310 WEST MAIN ST,DELPHI,IN,46923,COUNTY,OPEN,-999,2016-02-15
10004910,MONTGOMERY COUNTY JAIL,600 MEMORIAL DR,CRAWFORDSVILLE,IN,47933,COUNTY,OPEN,224,2018-03-06
10004911,BOONE COUNTY JAIL,1905 INDIANAPOLIS AVE,LEBANON,IN,46052,COUNTY,OPEN,221,2024-07-30
10005619,CLINTON COUNTY JAIL,301 EAST WALNUT ST,FRANKFORT,IN,46041,COUNTY,OPEN,-999,2018-03-05
10006745,CASS/PULASKI COMMUNITY CORRECTIONS,520 HIGH STREET,LOGANSPORT,IN,46947,COUNTY,OPEN,-999,2024-07-30
10006744,CASS COUNTY JAIL,100 COURT PARK,LOGANSPORT,IN,46947,COUNTY,OPEN,-999,2024-07-30
10004903,LOGANSPORT JUVENILE CORRECTIONAL FACILITY,1118 S STATE RD 25,LOGANSPORT,IN,46947,STATE,OPEN,178,2023-06-30
10004902,WHITE COUNTY JAIL,915 W HANAWALT RD,MONTICELLO,IN,47960,COUNTY,OPEN,132,2018-03-06
10005610,PULASKI COUNTY JAIL,110 EAST MERIDIAN STREET,WINAMAC,IN,46996,COUNTY,OPEN,127,2018-03-06
10005609,FULTON COUNTY JAIL (OLD),815 MADISON ST,ROCHESTER,IN,46975,COUNTY,CLOSED,35,2018-03-05
20000681,FULTON COUNTY JAIL,2006 SWEETGUM RD,ROCHESTER,IN,46975,COUNTY,OPEN,-999,2024-07-31
10006134,WABASH COUNTY JAIL,79 WEST MAIN STREET,WABASH,IN,46992,COUNTY,OPEN,-999,2018-03-06
10005615,GRANT COUNTY JAIL,214 EAST 4TH ST,MARION,IN,46952,COUNTY,OPEN,-999,2024-07-31
10005614,GRANT COUNTY JUVENILE DETENTION CENTER,501 SOUTH ADAMS ST,MARION,IN,46952,COUNTY,OPEN,46,2018-03-05
10004901,MIAMI COUNTY JAIL,1104 W 200 N,PERU,IN,46970,COUNTY,OPEN,244,2018-03-06
10001059,MIAMI CORRECTIONAL FACILITY,3038 W 850 S,BUNKER HILL,IN,46914,STATE,OPEN,1602,2023-11-30
10006748,ROBERT J KINSEY YOUTH CENTER,701 S BERKLEY ROAD,KOKOMO,IN,46901,COUNTY,OPEN,28,2018-03-05
10004904,HOWARD COUNTY CRIMINAL JUSTICE CENTER,1800 W MARKLAND AVE,KOKOMO,IN,46901,COUNTY,OPEN,-999,2024-07-31
10006136,TIPTON COUNTY JAIL (OLD),121 WEST MADISON STREET,TIPTON,IN,46072,COUNTY,CLOSED,-999,2018-03-06
20000701,TIPTON COUNTY JAIL,2300 W OLD SR 28,TIPTON,IN,46072,COUNTY,OPEN,84,2024-08-01
10004908,HAMILTON COUNTY JAIL,18102 CUMBERLAND RD,NOBLESVILLE,IN,46060,COUNTY,OPEN,440,2024-07-30
10004909,HAMILTON COUNTY JUVENILE DETENTION CENTER,18106 CUMBERLAND RD,NOBLESVILLE,IN,46060,COUNTY,OPEN,86,2024-07-30
10006746,HAMILTON COUNTY COMMUNITY CORRECTIONS,18104 CUMBERLAND ROAD,NOBLESVILLE,IN,46060,COUNTY,OPEN,-999,2024-07-30
10001062,PENDLETON JUVENILE CORRECTIONAL FACILITY,9310 S STATE RD 67,PENDLETON,IN,46064,STATE,OPEN,409,2023-06-30
10001060,CORRECTIONAL INDUSTRIAL FACILITY,5124 W REFORMATORY RD,PENDLETON,IN,46064,STATE,OPEN,1109,2023-11-30
10001061,PENDLETON CORRECTIONAL FACILITY,4490 W REFORMATORY RD,PENDLETON,IN,46064,STATE,OPEN,1577,2023-11-30
10004906,MADISON COUNTY YOUTH CENTER,3420 MOUNDS RD,ANDERSON,IN,46017,COUNTY,OPEN,32,2018-03-06
10001837,MADISON COUNTY JAIL,720 CENTRAL AVE,ANDERSON,IN,46016,COUNTY,OPEN,207,2018-03-06
10005617,BLACKFORD COUNTY JAIL,64 N 500 E,HARTFORD CITY,IN,47348,COUNTY,OPEN,-999,2018-03-05
10004913,NEW CASTLE CORRECTIONAL FACILITY,1000 VAN NUYS RD,NEW CASTLE,IN,47362,STATE,OPEN,3095,2023-11-30
10004912,HENRY COUNTY JAIL,1033 RON LAMPE WAY,NEW CASTLE,IN,47362,COUNTY,OPEN,130,2024-03-07
10004907,DELAWARE COUNTY JUVENILE DETENTION CENTER,3412 W KILGORE AVE,MUNCIE,IN,47304,COUNTY,OPEN,42,2018-03-05
10002650,DELAWARE COUNTY JAIL,100 W WASHINGTON ST,MUNCIE,IN,47305,COUNTY,OPEN,221,2018-03-05
10006276,RANDOLPH COUNTY JAIL / SHERIFF,155 EAST SOUTH STREET,WINCHESTER,IN,47394,COUNTY,OPEN,106,2024-08-01
10005616,JAY COUNTY JAIL,224 WEST WATER STREET,PORTLAND,IN,47371,COUNTY,OPEN,144,2018-03-05
10005611,WELLS COUNTY JAIL,1615 WEST WESTERN AVENUE,BLUFFTON,IN,46714,COUNTY,OPEN,98,2024-08-01
10004900,HUNTINGTON COUNTY JAIL,332 E STATE ST,HUNTINGTON,IN,46750,COUNTY,OPEN,99,2024-07-31
10006759,WHITLEY COUNTY WORK RELEASE,351 W. PLAZA DRIVE,COLUMBIA CITY,IN,46725,COUNTY,OPEN,-999,2018-03-06
10005605,WHITLEY COUNTY JAIL,101 WEST MARKET STREET,COLUMBIA CITY,IN,46725,COUNTY,OPEN,-999,2018-03-06
10004899,ALLEN COUNTY JUVENILE CENTER,2929 WELLS ST,FORT WAYNE,IN,46808,COUNTY,OPEN,140,2018-03-05
10001836,ALLEN COUNTY JAIL,417 S CALHOUN ST,FT WAYNE,IN,46802,COUNTY,OPEN,-999,2024-07-30
10005604,DEKALB COUNTY JAIL,215 EAST 8TH STREET,AUBURN,IN,46706,COUNTY,OPEN,-999,2024-07-31
10004894,STEUBEN COUNTY JAIL,206 E GALE ST,ANGOLA,IN,46703,COUNTY,OPEN,178,2024-08-01
10006750,LAGRANGE COUNTY JAIL,0875 S SR 9,LAGRANGE,IN,46761,COUNTY,OPEN,-999,2024-07-31
10001058,NOBLE COUNTY JAIL,210 S 7TH ST,ALBION,IN,46701,COUNTY,OPEN,270,2018-03-06
10004895,CHAIN O'LAKES CORRECTIONAL FACILITY,3516 E 75 SOUTH,ALBION,IN,46701,STATE,OPEN,88,2023-11-30
10006749,PIERCETON WOODS ACADEMY DETENTION CENTER,27 PEQUIGNOT DR,PIERCETON,IN,46562,STATE,OPEN,9,2015-02-17
10004896,KOSCIUSKO COUNTY JAIL,221 W MAIN ST,WARSAW,IN,46580,COUNTY,OPEN,-999,2024-07-31
10004892,ELKHART COUNTY CORRECTIONS CENTER,26861 C.R. 26,ELKHART,IN,46517,COUNTY,OPEN,936,2024-07-31
10001056,ST JOSEPH COUNTY JUVENILE JUSTICE CENTER,1000 S MICHIGAN ST,SOUTH BEND,IN,46601,COUNTY,OPEN,90,2018-03-06
10001057,ST JOSEPH COUNTY JAIL,401 W SAMPLE ST,SOUTH BEND,IN,46601,COUNTY,OPEN,831,2024-08-01
10006940,ELKHART COUNTY WORK RELEASE,201 N COTTAGE AVE,GOSHEN,IN,46528,COUNTY,OPEN,-999,2020-04-22
10005181,CASS COUNTY JAIL,321 N M62,CASSOPOLIS,MI,49031,COUNTY,OPEN,103,2016-02-15
10002092,VAN BUREN COUNTY JAIL,205 S KALAMAZOO ST,PAW PAW,MI,49079,COUNTY,OPEN,158,2016-02-15
10003848,KALAMAZOO COUNTY JAIL,1500 LAMONT AVE,KALAMAZOO,MI,49048,COUNTY,OPEN,400,2018-03-21
10006792,KALAMAZOO COUNTY JUVENILE HOME,1424 GULL ROAD,KALAMAZOO,MI,49048,COUNTY,OPEN,40,2018-03-21
10005182,SAINT JOSEPH COUNTY JAIL,650 E MAIN STREET,CENTREVILLE,MI,49032,COUNTY,OPEN,167,2024-08-08
10002093,BRANCH COUNTY JAIL,379 KEITH WILHELM DR,COLDWATER,MI,49036,COUNTY,OPEN,142,2016-02-15
10001389,LAKELAND CORRECTIONAL FACILITY,141 FIRST ST,COLDWATER,MI,49036,STATE,OPEN,-999,2024-02-29
10000280,FLORENCE CRANE CORRECTIONAL FACILITY,38 FOURTH ST,COLDWATER,MI,49036,STATE,CLOSED,1063,2024-02-29
10000279,CAMP BRANCH,19 FOURTH ST,COLDWATER,MI,49036,STATE,CLOSED,-999,2021-11-27
10002091,CALHOUN COUNTY JAIL,161 E MICHIGAN AVE,BATTLE CREEK,MI,49014,MULTI,OPEN,630,2024-01-12
10003839,BARRY COUNTY JAIL,1212 W STATE ST,HASTINGS,MI,49058,COUNTY,OPEN,97,2018-03-20
10000273,RICHARD A HANDLON CORRECTIONAL FACILITY,1728 BLUEWATER HWY,IONIA,MI,48846,STATE,OPEN,-999,2024-02-29
10003834,MICHIGAN REFORMATORY,1342 W MAIN ST,IONIA,MI,48846,STATE,CLOSED,1337,2022-11-13
10001364,BELLAMY CREEK CORRECTIONAL FACILITY,1727 W BLUEWATER HWY,IONIA,MI,48846,STATE,OPEN,-999,2024-02-29
10000272,IONIA CORRECTIONAL FACILITY,1576 W BLUEWATER HWY,IONIA,MI,48846,STATE,OPEN,-999,2024-02-29
10001365,IONIA COUNTY JAIL,133 ADAMS ST,IONIA,MI,48846,COUNTY,OPEN,132,2016-02-15
10003827,MONTCALM COUNTY JAIL,649 N STATE ST,STANTON,MI,48888,COUNTY,OPEN,205,2024-08-07
10005175,MECOSTA COUNTY JAIL,225 SOUTH STEWART,BIG RAPIDS,MI,49307,COUNTY,OPEN,97,2016-02-15
10003822,NEWAYGO COUNTY JAIL,1035 E JAMES ST,WHITE CLOUD,MI,49349,COUNTY,OPEN,258,2018-03-21
10003826,EARNEST C. BROOKS CORRECTIONAL FACILITY,2500 S SHERIDAN DR,MUSKEGON HEIGHTS,MI,49444,STATE,OPEN,1246,2024-02-29
10003824,MUSKEGON CORRECTIONAL FACILITY,2400 S SHERIDAN DR,MUSKEGON,MI,49442,STATE,OPEN,607,2024-02-29
10001359,MUSKEGON COUNTY JAIL,990 TERRACE ST,MUSKEGON,MI,49440,COUNTY,OPEN,542,2024-08-07
10006797,MUSKEGON COUNTY JUVENILE TRANSITION CENTER,205 E APPLE AVENUE,MUSKEGON,MI,49442,COUNTY,OPEN,32,2018-03-21
10005178,OTTAWA COUNTY JAIL,12130 FILLMORE ST,WEST OLIVE,MI,49460,COUNTY,OPEN,462,2018-03-21
10003832,OTTAWA COUNTY JUVENILE DETENTION CENTER,12110 FILLMORE STREET,WEST OLIVE,MI,49460,COUNTY,OPEN,40,2018-03-21
10003829,KENT COUNTY JUVENILE DETENTION CENTER,1501 CEDAR ST NE,GRAND RAPIDS,MI,49503,COUNTY,OPEN,69,2018-03-21
10003831,KENT COUNTY CORRECTIONAL FACILITY,703 BALL AVE NE,GRAND RAPIDS,MI,49503,COUNTY,OPEN,1500,2024-08-07
10006787,ALLEGAN COUNTY CORRECTIONS CENTER,640 RIVER ST,ALLEGAN,MI,49010,COUNTY,OPEN,225,2018-03-20
10006788,ALLEGAN COUNTY JUVENILE DETENTION CENTER,2243 33RD ST,ALLEGAN,MI,49010,COUNTY,OPEN,22,2024-08-06
10005174,OCEANA COUNTY JAIL,216 LINCOLN STREET,HART,MI,49420,COUNTY,OPEN,66,2024-08-08
10005167,MASON COUNTY JAIL,306 NORTH DELIA STREET,LUDINGTON,MI,49431,COUNTY,OPEN,104,2016-02-15
10000267,OAKS CORRECTIONAL FACILITY,1500 CABERFAE HWY,MANISTEE,MI,49660,STATE,OPEN,-999,2024-02-29
10001354,MANISTEE COUNTY JAIL,1525 E PARKDALE AVE,MANISTEE,MI,49660,COUNTY,OPEN,52,2019-12-20
10002554,KEWAUNEE COUNTY JAIL,620 JUNEAU ST,KEWAUNEE,WI,54216,COUNTY,OPEN,22,2016-03-01
10002534,DOOR COUNTY JAIL,1203 S DULUTH AVE,STURGEON BAY,WI,54235,COUNTY,OPEN,-999,2018-05-08
10001351,GRAND TRAVERSE COUNTY CORRECTIONAL FACILITY,320 WASHINGTON ST,TRAVERSE CITY,MI,49684,COUNTY,OPEN,194,2016-02-15
10005160,BENZIE COUNTY JAIL,505 SOUTH MICHIGAN AVENUE,BEULAH,MI,49617,COUNTY,OPEN,47,2016-02-15
10006319,NORTH LAKE CORRECTIONAL FACILITY,1805 WEST 32ND STREET,BALDWIN,MI,49304,MULTI,CLOSED,-999,2017-04-25
10005170,LAKE COUNTY JAIL,1153 MICHIGAN AVENUE,BALDWIN,MI,49304,COUNTY,OPEN,48,2018-03-21
10005162,WEXFORD COUNTY JAIL,1015 LINCOLN STREET,CADILLAC,MI,49601,COUNTY,OPEN,-999,2024-08-08
10005171,OSCEOLA COUNTY JAIL,325 WEST UPTON,REED CITY,MI,49677,COUNTY,OPEN,77,2019-12-20
10005163,MISSAUKEE COUNTY JAIL,110 SOUTH PINE STREET,LAKE CITY,MI,49651,COUNTY,OPEN,34,2016-02-15
10005159,KALKASKA COUNTY JAIL,605 NORTH BIRCH STREET,KALKASKA,MI,49646,COUNTY,OPEN,62,2016-02-15
10001353,CRAWFORD COUNTY JAIL,200 W MICHIGAN AVE,GRAYLING,MI,49738,COUNTY,OPEN,53,2024-08-07
10003818,SHAWONO CENTER,10 N HOWES LAKE RD,GRAYLING,MI,49738,STATE,OPEN,40,2024-02-29
10005164,ROSCOMMON COUNTY JAIL,111 SOUTH SECOND STREET,ROSCOMMON,MI,48653,COUNTY,OPEN,96,2019-12-20
10005165,ROSCOMMON COUNTY JUVENILE DETENTION CENTER,112 SOUTH FOURTH ST,ROSCOMMON,MI,48653,COUNTY,CLOSED,-999,2022-09-21
10005166,OGEMAW COUNTY CORRECTIONAL FACILITY,912 WEST HOUGHTON AVENUE,WEST BRANCH,MI,48661,COUNTY,OPEN,144,2024-08-08
10001355,STANDISH MAXIMUM CORRECTIONAL FACILITY,4713 W STATE HWY 61,STANDISH,MI,48658,STATE,CLOSED,604,2014-05-11
10005169,ARENAC COUNTY JAIL,126 GROVE STREET,STANDISH,MI,48658,COUNTY,OPEN,46,2018-03-20
10005173,GLADWIN COUNTY JAIL,501 WEST CEDAR AVENUE,GLADWIN,MI,48624,COUNTY,OPEN,84,2018-03-20
10005172,CLARE COUNTY CORRECTIONAL FACILITY,255 WEST MAIN STREET,HARRISON,MI,48625,COUNTY,OPEN,176,2019-12-20
10003823,ISABELLA COUNTY JAIL,207 COURT ST,MT. PLEASANT,MI,48858,COUNTY,OPEN,196,2016-02-15
10001361,ST. LOUIS CORRECTIONAL FACILITY,8585 N CROSWELL RD,ST LOUIS,MI,48880,STATE,OPEN,-999,2024-02-29
10001362,CENTRAL MICHIGAN CORRECTIONAL FACILITY,320 HUBBARD,ST LOUIS,MI,48880,STATE,OPEN,2560,2024-02-29
10003828,GRATIOT COUNTY JAIL,226 E CENTER ST,ITHACA,MI,48847,COUNTY,OPEN,70,2016-02-15
10002088,CARSON CITY CORRECTIONAL FACILITY,10274 BOYER RD,CARSON CITY,MI,48811,STATE,OPEN,2256,2024-02-29
10003840,EATON COUNTY JAIL,1025 INDEPENDENCE BLVD,CHARLOTTE,MI,48813,COUNTY,OPEN,374,2016-02-15
10006789,EATON COUNTY YOUTH FACILITY,822 COURTHOUSE DRIVE,CHARLOTTE,MI,48813,COUNTY,OPEN,-999,2018-03-20
10005775,INGHAM COUNTY YOUTH CENTER,700 EAST JOLLY ROAD,LANSING,MI,48910,COUNTY,OPEN,24,2018-03-20
10005180,LANSING POLICE DEPARTMENT JAIL,120 WEST MICHIGAN AVE,LANSING,MI,48933,LOCAL,OPEN,-999,2018-05-18
10003838,INGHAM COUNTY JAIL (OLD),640 N CEDAR ST,MASON,MI,48854,COUNTY,CLOSED,601,2016-02-15
20000800,INGHAM COUNTY JAIL,640 N CEDAR ST,MASON,MI,48854,COUNTY,OPEN,-999,2024-08-07
10003835,CLINTON COUNTY JAIL,1347 E TOWNSEND RD,ST. JOHNS,MI,48879,COUNTY,OPEN,236,2018-03-20
10006976,CLINTON COUNTY GREENHAVEN YOUTH HOME,1004 SWEGLES ST,ST. JOHNS,MI,48879,COUNTY,OPEN,10,2020-04-22
10006253,SHIAWASSEE COUNTY JAIL,201 EAST MCARTHUR ST,CORUNNA,MI,48817,COUNTY,OPEN,165,2024-08-08
10001373,LIVINGSTON COUNTY JAIL,150 S HIGHLANDER WAY,HOWELL,MI,48843,COUNTY,OPEN,411,2016-02-15
10000274,WOODLAND CENTER CORRECTIONAL FACILITY,9036 EAST M-36,WHITMORE LAKE,MI,48189,STATE,OPEN,-999,2024-02-29
10002089,GENESEE COUNTY JAIL,1002 S SAGINAW ST,FLINT,MI,48502,COUNTY,OPEN,580,2018-03-20
10006790,GENESEE VALLEY REGIONAL CENTER,4287 WEST PASADENA AVENUE,FLINT,MI,48504,COUNTY,OPEN,-999,2024-08-07
10001358,SAGINAW COUNTY JAIL,311 S HARRISON ST,SAGINAW,MI,48602,COUNTY,OPEN,-999,2024-08-08
10006799,SAGINAW COUNTY JUVENILE DETENTION CENTER,3360 HOSPITAL ROAD,SAGINAW,MI,48603,COUNTY,OPEN,56,2018-03-21
10001357,SAGINAW CORRECTIONAL FACILITY,9625 PIERCE RD,FREELAND,MI,48623,STATE,OPEN,-999,2024-02-29
10006795,MIDLAND COUNTY JUVENILE CARE CENTER,3712 E ASHMAN ST,MIDLAND,MI,48640,COUNTY,OPEN,20,2024-08-07
10003821,MIDLAND COUNTY JAIL,101 FAST ICE DR,MIDLAND,MI,48642,COUNTY,OPEN,274,2024-08-07
10000268,BAY COUNTY LAW ENFORCEMENT CENTER,503 3RD ST,BAY CITY,MI,48708,COUNTY,OPEN,220,2016-02-15
10003819,BAY COUNTY JUVENILE HOME,520 WEST HAMPTON RD,ESSEXVILLE,MI,48732,COUNTY,OPEN,29,2018-03-20
10003820,TUSCOLA RESIDENTIAL RE-ENTRY CENTER,2420 CHAMBERS RD,CARO,MI,48723,STATE,CLOSED,160,2019-12-20
10001356,TUSCOLA COUNTY JAIL,420 COURT ST,CARO,MI,48723,COUNTY,OPEN,80,2019-12-20
10000269,THUMB CORRECTIONAL FACILITY,3225 JOHN CONLEY DR,LAPEER,MI,48446,STATE,OPEN,-999,2024-02-29
10001363,LAPEER COUNTY JAIL,3231 JOHN CONLEY DR,LAPEER,MI,48446,COUNTY,OPEN,123,2018-03-21
10006798,OAKLAND COUNTY CHILDREN'S VILLAGE,1200 N TELEGRAPH ROAD,PONTIAC,MI,48341,COUNTY,OPEN,-999,2018-03-21
10001370,OAKLAND COUNTY MAIN JAIL,1201 N TELEGRAPH RD,PONTIAC,MI,48341,COUNTY,OPEN,549,2024-08-07
10003837,OAKLAND COUNTY EAST ANNEX,1201 N TELEGRAPH RD,PONTIAC,MI,48341,COUNTY,OPEN,487,2024-08-07
10001369,SOUTHFIELD DETENTION FACILITY,26000 EVERGREEN RD,SOUTHFIELD,MI,48076,LOCAL,NOT AVAILABLE,-999,2020-05-28
10001375,DETROIT DETENTION CENTER,17601 MOUND RD,DETROIT,MI,48212,STATE,OPEN,-999,2024-02-29
10001376,DETROIT RE-ENTRY CENTER,17600 RYAN RD,DETROIT,MI,48212,STATE,CLOSED,1044,2021-01-09
10001381,WILLIAM DICKERSON DETENTION FACILITY-DIVISION III,3501 HAMTRAMCK DR,DETROIT,MI,48211,COUNTY,OPEN,896,2018-03-21
10001366,MACOMB CORRECTIONAL FACILITY,34625 26 MILE RD,LENOX TOWNSHIP,MI,48048,STATE,OPEN,-999,2024-02-29
10001367,MACOMB COUNTY JAIL,43565 ELIZABETH RD,MOUNT CLEMENS,MI,48043,COUNTY,OPEN,1238,2018-03-21
10003836,MACOMB COUNTY JUVENILE JUSTICE CENTER,400 NORTH ROSE,MOUNT CLEMENS,MI,48043,COUNTY,OPEN,140,2018-03-21
10005774,ST. CLAIR COUNTY JAIL,1170 MICHIGAN RD,PORT HURON,MI,48060,MULTI,OPEN,-999,2024-01-12
10005176,SANILAC COUNTY JAIL / SHERIFF,65 NORTH ELK STREET,SANDUSKY,MI,48471,COUNTY,OPEN,119,2019-12-20
10005168,HURON COUNTY JAIL,120 SOUTH HEISTERMAN STREET,BAD AXE,MI,48413,COUNTY,OPEN,70,2019-12-20
10005161,IOSCO COUNTY JAIL,428 W LAKE STREET,TAWAS CITY,MI,48763,COUNTY,OPEN,63,2019-12-20
10005158,ALCONA COUNTY JAIL,214 WEST MAIN STREET,HARRISVILLE,MI,48740,COUNTY,OPEN,31,2019-12-20
10000759,LAKEVIEW SHOCK INCARCERATION CORRECTIONAL FACILITY,9300 LAKE AVE,BROCTON,NY,14716,STATE,OPEN,-999,2015-11-13
10000760,LAKEVIEW SHOCK INCARCERATION CF - ANNEX,9300 LAKE AVE,BROCTON,NY,14716,STATE,OPEN,160,2015-11-13
10002288,CHAUTAUQUA COUNTY JAIL,15 E CHAUTAUQUA ST,MAYVILLE,NY,14757,COUNTY,OPEN,-999,2018-04-09
10003044,ERIE COUNTY PRE-RELEASE CENTER,450 E 16TH ST,ERIE,PA,16503,COUNTY,OPEN,208,2020-05-28
10003043,ERIE COUNTY PRISON,1618 ASH ST,ERIE,PA,16503,COUNTY,OPEN,902,2018-04-17
10006376,ERIE CCC,137 WEST 2ND STREET,ERIE,PA,16507,STATE,OPEN,-999,2017-10-10
10005942,WESTLAKE CITY JAIL,27300 HILLIARD BLVD,WESTLAKE,OH,44145,LOCAL,OPEN,13,2018-05-21
10005943,NORTH OLMSTED CITY JAIL,27243 LORAIN RD,NORTH OLMSTED,OH,44070,LOCAL,OPEN,-999,2018-05-21
10001667,ELYRIA CITY JAIL,18 WEST AVE,ELYRIA,OH,44035,LOCAL,CLOSED,-999,2018-05-21
10003353,LORAIN COUNTY YOUTH DETENTION HOMES-BOYS & GIRLS,9967 S MURRAY RIDGE RD,ELYRIA,OH,44035,COUNTY,OPEN,56,2020-02-20
10003355,LORAIN COUNTY JAIL,9896 MURRAY RIDGE RD,ELYRIA,OH,44035,COUNTY,OPEN,422,2018-04-12
10003354,LORAIN / MEDINA COMMUNITY BASED CORRECTIONAL FACILITY,9892 MURRAY RIDGE RD,ELYRIA,OH,44035,STATE,OPEN,130,2017-12-22
10005953,MEDINA COUNTY JUVENILE DETENTION CENTER,655 INDEPENDENCE DR,MEDINA,OH,44256,COUNTY,OPEN,30,2018-04-12
10003368,MEDINA COUNTY JAIL,555 INDEPENDENCE DR,MEDINA,OH,44256,COUNTY,OPEN,256,2018-04-12
10003356,GRAFTON REINTEGRATION CENTER,2000 AVON-BELDEN RD,GRAFTON,OH,44044,STATE,OPEN,-999,2017-12-04
10003357,GRAFTON CORRECTIONAL INSTITUTION,2500 AVON BELDEN RD,GRAFTON,OH,44044,STATE,OPEN,-999,2017-12-04
10000976,LORAIN CORRECTIONAL INSTITUTION,2075 S AVON-BELDEN RD,GRAFTON,OH,44044,STATE,OPEN,-999,2017-04-14
10002425,SUMMIT COUNTY COMMUNITY BASED CORRECTIONAL FACILITY,264 E CROSIER ST,AKRON,OH,44309,STATE,OPEN,-999,2017-12-22
10002424,SUMMIT COUNTY JAIL - CROSIER STREET FACILITY,205 E CROSIER ST,AKRON,OH,44311,COUNTY,OPEN,671,2018-04-12
10002423,CLEVELAND HOUSE OF CORRECTION,4041 NORTHFIELD RD,CLEVELAND,OH,44122,COUNTY,CLOSED,-999,2017-06-06
10005940,WARRENSVILLE HEIGHTS CITY JAIL,4301 WARRENSVILLE CENTER RD,WARRENSVILLE HEIGHTS,OH,44128,LOCAL,NOT AVAILABLE,-999,2016-02-15
10005945,MAPLE HEIGHTS CITY JAIL,5373 LEE RD,MAPLE HEIGHTS,OH,44137,LOCAL,OPEN,-999,2018-05-21
10006916,PARMA DETENTION CENTER,5555 POWERS BLVD,PARMA,OH,44129,LOCAL,OPEN,-999,2018-05-21
10005944,NORTH ROYALTON CITY JAIL,14000 BENNETT RD,NORTH ROYALTON,OH,44133,LOCAL,OPEN,-999,2018-05-21
10003346,CLEVELAND CITY JAIL - THE JUSTICE CENTER,1300 ONTARIO ST,CLEVELAND,OH,44113,COUNTY,CLOSED,-999,2017-06-06
10003345,CUYAHOGA COUNTY CORRECTIONS CENTER,1215 WEST 3RD ST,CLEVELAND,OH,44113,COUNTY,OPEN,1749,2018-04-11
10006961,FANNIE M LEWIS COMMUNITY CORRECTIONS AND TREATMENT CENTER,1829 EAST 55TH STREET,CLEVELAND,OH,44103,LOCAL,NOT AVAILABLE,218,2020-04-22
10006186,NANCY MCDONNELL COMMUNITY CORRECTIONAL FACILITY,3540 CROTON AVE,CLEVELAND,OH,44115,STATE,OPEN,220,2017-03-21
10003348,NORTHEAST REINTEGRATION CENTER,2675 E 30TH ST,CLEVELAND,OH,44115,STATE,OPEN,-999,2017-05-19
10003347,CUYAHOGA COUNTY JUVENILE DETENTION CENTER,9300 QUINCY AVE,CLEVELAND,OH,44106,COUNTY,OPEN,-999,2018-04-11
10005939,EAST CLEVELAND CITY JAIL,14340 EUCLID AVE,EAST CLEVELAND,OH,44112,LOCAL,OPEN,-999,2018-05-21
10005941,UNIVERSITY HEIGHTS CITY JAIL,2304 WARRENSVILLE CENTER RD,UNIVERSITY HEIGHTS,OH,44118,LOCAL,OPEN,-999,2018-05-21
10005938,EUCLID CITY JAIL,545 EAST 222ND ST,EUCLID,OH,44123,COUNTY,OPEN,-999,2018-05-21
10003358,GEAUGA COUNTY SAFETY CENTER,12450 MERRITT RD,CHARDON,OH,44024,MULTI,OPEN,182,2024-01-12
10005946,SOLON CITY DETENTION CENTER,33000 SOLON RD,SOLON,OH,44139,LOCAL,OPEN,26,2018-05-21
10003349,CUYAHOGA HILLS JUVENILE CORRECTIONAL FACILITY,4321 GREEN RD,HIGHLAND HILLS,OH,44128,STATE,OPEN,-999,2016-02-09
10006963,BEDFORD HEIGHTS CITY JAIL,5661 PERKINS RD,BEDFORD HEIGHTS,OH,44146,LOCAL,OPEN,-999,2020-04-22
10002426,SUMMIT COUNTY GLENWOOD JAIL / CASC,40 E GLENWOOD AVE,AKRON,OH,44304,COUNTY,OPEN,150,2018-04-12
10003366,SUMMIT COUNTY JUVENILE JUSTICE CENTER,650 DAN ST,AKRON,OH,44310,COUNTY,OPEN,100,2018-04-12
10003367,CLIFF SKEEN COMMUNITY BASED CORRECTIONAL FACILITY FOR WOMEN,941 SHERMAN ST,AKRON,OH,44311,STATE,OPEN,-999,2020-02-20
10005423,PORTAGE-GEAUGA JUVENILE DETENTION CENTER,8000 INFIRMARY ROAD,RAVENNA,OH,44266,COUNTY,OPEN,46,2018-04-11
10005422,PORTAGE COUNTY JAIL,8240 INFIRMARY ROAD,RAVENNA,OH,44266,COUNTY,OPEN,241,2018-04-12
10003362,TRUMBULL CORRECTIONAL INSTITUTION,5701 BURNETT RD,LEAVITTSBURG,OH,44430,STATE,OPEN,-999,2016-05-27
10003363,TRUMBULL CORRECTIONAL INSTITUTION CAMP,5701 BURNETT RD,LEAVITTSBURG,OH,44430,STATE,OPEN,-999,2016-05-27
10003364,TRUMBULL COUNTY JUVENILE DETENTION CENTER,220 S MAIN AVE,WARREN,OH,44482,COUNTY,OPEN,-999,2018-04-12
10003365,NORTHEAST OHIO COMMUNITY ALTERNATIVE PROGRAM - MALE,411 PINE AVE SE,WARREN,OH,44483,STATE,OPEN,125,2017-07-19
10001669,TRUMBULL COUNTY ADULT JUSTICE CENTER / JAIL,150 HIGH ST NW,WARREN,OH,44481,COUNTY,OPEN,-999,2018-04-12
10003344,LAKE COUNTY ADULT DETENTION FACILITY,104 E ERIE ST,PAINESVILLE,OH,44077,COUNTY,OPEN,400,2018-04-11
10005937,LAKE COUNTY YOUTH DETENTION CENTER,53 E ERIE ST,PAINESVILLE,OH,44077,COUNTY,OPEN,-999,2018-04-11
10003343,NORTHEAST OHIO COMMUNITY ALTERNATIVE PROGRAM - FEMALE,2025 BLASE NEMETH RD,PAINESVILLE,OH,44077,COUNTY,OPEN,-999,2016-04-08
10003342,LAKE ERIE CORRECTIONAL INSTITUTION,501 THOMPSON RD,CONNEAUT,OH,44030,STATE,OPEN,-999,2016-06-01
10005936,ASHTABULA COUNTY YOUTH DETENTION CENTER,3816 DONAHOE DR,ASHTABULA,OH,44004,COUNTY,OPEN,12,2016-02-15
10003341,ASHTABULA COUNTY JAIL,25 W JEFFERSON ST,JEFFERSON,OH,44047,COUNTY,OPEN,152,2018-04-11
10002264,CRAWFORD COUNTY CORRECTIONAL FACILITY,2100 INDEPENDENCE DR,SAEGERTOWN,PA,16433,COUNTY,OPEN,282,2018-04-17
10000709,SCI ALBION,10745 ROUTE 18,ALBION,PA,16475,STATE,OPEN,2191,2017-11-30
10003042,EDMUND L. THOMAS ADOLESCENT CENTER,4728 LAKE PLEASANT RD,ERIE,PA,16504,COUNTY,OPEN,28,2017-06-02
10003048,SCI CAMBRIDGE SPRINGS,451 FULLERTON AVE,CAMBRIDGE SPRINGS,PA,16403,STATE,OPEN,1160,2017-11-30
10006848,WESTERN PA CHILD CARE,12 DAKOTA DRIVE,EMLENTON,PA,16373,NOT AVAILABLE,OPEN,99,2018-04-18
10003053,VENANGO COUNTY PRISON,1186 ELK ST,FRANKLIN,PA,16323,COUNTY,OPEN,174,2018-04-18
10003058,CLARION COUNTY PRISON,309 AMSLER AVENUE,SHIPPENVILLE,PA,16254,COUNTY,OPEN,126,2018-04-17
10003065,ARMSTRONG COUNTY JAIL,171 STALEY'S COURT RD,KITTANNING,PA,16201,COUNTY,OPEN,158,2018-04-17
10006850,SUMMIT ACADEMY,839 HERMAN ROAD,BUTLER,PA,16002,NOT AVAILABLE,OPEN,353,2015-09-15
10003981,BUTLER COUNTY PRISON,202 SOUTH WASHINGTON STREET,BUTLER,PA,16001,COUNTY,OPEN,564,2018-04-17
10001490,LAWRENCE COUNTY JAIL,111 S MILTON ST,NEW CASTLE,PA,16101,COUNTY,OPEN,282,2018-04-18
10003071,NEW CASTLE YOUTH DEVELOPMENT CENTER,"1745 FREW MILL RD, RR 6, BOX 21A",NEW CASTLE,PA,16101,STATE,CLOSED,-999,2013-01-16
10003056,SCI MERCER,801 BUTLER PIKE,MERCER,PA,16137,STATE,OPEN,1132,2017-11-30
10003057,MERCER COUNTY JAIL,55 THOMPSON RD,MERCER,PA,16137,COUNTY,OPEN,310,2018-04-18
10006349,MAHONING FACILITY,1507 MARKET STREET,YOUNGSTOWN,OH,44507,STATE,OPEN,70,2017-12-22
10001670,MAHONING COUNTY JUVENILE DETENTION CENTER,300 E SCOTT ST,YOUNGSTOWN,OH,44505,COUNTY,OPEN,40,2018-04-12
10005956,MAHONING COUNTY MINIMUM SECURITY JAIL,360 W COMMERCE ST,YOUNGSTOWN,OH,44503,COUNTY,CLOSED,96,2017-06-27
10003371,MAHONING COUNTY JAIL / JUSTICE CENTER,110 5TH AVE,YOUNGSTOWN,OH,44503,COUNTY,OPEN,466,2018-04-12
10006624,OHIO STATE PENITENTIARY CAMP,878 COITSVILLE-HUBBARD RD,YOUNGSTOWN,OH,44505,STATE,OPEN,-999,2016-04-29
10003372,OHIO STATE PENITENTIARY,878 COITSVILLE-HUBBARD RD,YOUNGSTOWN,OH,44505,STATE,OPEN,-999,2017-12-04
10000978,NORTHEAST OHIO CORRECTIONAL CENTER,2240 HUBBARD RD,YOUNGSTOWN,OH,44505,MULTI,OPEN,2016,2017-10-09
10003387,EASTERN OHIO CORRECTION CENTER - FEMALE CENTER,227 N MARKET ST,LISBON,OH,44432,STATE,OPEN,35,2017-07-21
10003385,FCI ELKTON,8730 SCROGGS RD,LISBON,OH,44432,FEDERAL,OPEN,-999,2016-02-16
10003386,FSL ELKTON,8730 SCROGGS RD,LISBON,OH,44432,FEDERAL,OPEN,-999,2016-02-16
10006185,EASTERN OHIO CORRECTION CENTER - MALE CENTER,470 STATE ROUTE 43,WINTERSVILLE,OH,43953,STATE,OPEN,86,2024-06-03
10005429,JEFFERSON COUNTY JUVENILE DETENTION CENTER,16001 STATE ROUTE 7,STEUBENVILLE,OH,43952,COUNTY,OPEN,-999,2018-04-11
10005430,JEFFERSON COUNTY JAIL,16001 STATE ROUTE 7,STEUBENVILLE,OH,43952,COUNTY,OPEN,-999,2018-04-11
10001872,BROOKE COUNTY SHERIFF DEPARTMENT,632 MAIN ST,WELLSBURG,WV,26070,COUNTY,OPEN,-999,2016-03-01
10000001,HANCOCK COUNTY SHERIFF DEPARTMENT,102 N COURT ST,NEW CUMBERLAND,WV,26047,COUNTY,OPEN,-999,2016-03-01
10002268,BEAVER COUNTY JAIL,6000 WOODLAWN BLVD,ALIQUIPPA,PA,15001,COUNTY,OPEN,402,2018-04-17
10005230,WESTMORELAND COUNTY REGIONAL YOUTH SERVICES CENTER,2771 S GRANDE BLVD,GREENSBURG,PA,15601,COUNTY,OPEN,24,2016-08-23
10003089,SCI GREENSBURG,165 SCI LANE,GREENSBURG,PA,15601,STATE,CLOSED,-999,2015-10-31
10003088,WESTMORELAND COUNTY PRISON,3000 S GRANDE BLVD,GREENSBURG,PA,15601,COUNTY,OPEN,704,2018-04-18
10003090,SHUMAN JUVENILE DETENTION CENTER,7150 HIGHLAND DRIVE,PITTSBURGH,PA,15206,COUNTY,OPEN,120,2017-06-13
10006846,WEST HOMESTEAD CENTER,225 WEST SEVENTH AVENUE,WEST HOMESTEAD,PA,15120,COUNTY,OPEN,56,2018-04-17
10003092,NEW OUTLOOK ACADEMY,900 AGNEW RD,PITTSBURGH,PA,15227,NOT AVAILABLE,OPEN,120,2017-04-10
10005231,RENEWAL INCORPORATED - MALE OFFENDERS,339 BOULEVARD OF THE ALLIES,PITTSBURGH,PA,15222,MULTI,OPEN,-999,2016-05-16
10006849,RENEWAL INCORPORATED,704 SECOND AVE,PITTSBURGH,PA,15219,MULTI,OPEN,-999,2016-05-16
10003093,ALLEGHENY COUNTY JAIL,950 2ND AVE,PITTSBURGH,PA,15219,COUNTY,OPEN,3164,2018-04-17
10005233,ALLEGHENY COUNTY TREATMENT ALTERNATIVES (ACTA),2410 FIFTH AVENUE,PITTSBURGH,PA,15213,COUNTY,OPEN,50,2018-04-17
10006378,PITTSBURGH CCC,535 SOUTH AIKEN AVENUE,PITTSBURGH,PA,15232,STATE,OPEN,-999,2017-10-10
10006380,RIVERSIDE CCC,3001 BEAVER AVENUE,PITTSBURGH,PA,15233,STATE,OPEN,-999,2017-01-26
10003091,SCI PITTSBURGH,3001 BEAVER AVE,PITTSBURGH,PA,15233,STATE,CLOSED,-999,2018-01-04
10003109,SCI FAYETTE,50 OVERLOOK DR,LABELLE,PA,15450,STATE,OPEN,2163,2017-11-30
10000738,FAYETTE COUNTY PRISON,12 COURT ST,UNIONTOWN,PA,15401,COUNTY,OPEN,262,2018-04-17
10000006,USP HAZELTON,1640 SKY VIEW DR.,BRUCETON MILLS,WV,26525,FEDERAL,OPEN,-999,2016-02-16
10006200,USP HAZELTON CAMP,1640 SKY VIEW DR.,BRUCETON MILLS,WV,26525,FEDERAL,OPEN,-999,2016-02-16
10006201,FCI HAZELTON,1640 SKY VIEW DR.,BRUCETON MILLS,WV,26525,FEDERAL,OPEN,-999,2016-02-16
10006199,FCI HAZELTON  SFF,1640 SKY VIEW DR.,BRUCETON MILLS,WV,26525,FEDERAL,OPEN,-999,2016-02-16
10000005,MONONGALIA COUNTY SHERIFF'S DEPARTMENT,116 WALNUT ST,MORGANTOWN,WV,26505,COUNTY,OPEN,-999,2016-03-01
10000004,FCI MORGANTOWN,446 GREENBAG ROAD,MORGANTOWN,WV,26501,FEDERAL,OPEN,-999,2016-02-16
10003120,GREENE COUNTY PRISON,855 ROLLING MEADOWS RD,WAYNESBURG,PA,15370,COUNTY,OPEN,196,2018-04-18
10003121,SCI GREENE,169 PROGRESS DR,WAYNESBURG,PA,15370,STATE,OPEN,1926,2017-11-30
10006379,PROGRESS CCC,179 PROGRESS AVENUE,WAYNESBURG,PA,15370,STATE,OPEN,-999,2017-10-10
10003100,WASHINGTON COUNTY CORRECTIONAL FACILITY,100 W CHERRY AVE,WASHINGTON,PA,15301,COUNTY,OPEN,407,2018-04-18
10000002,RONALD MULHOLLAND JUVENILE CENTER,1000 CHAPLINE STREET,WHEELING,WV,26003,STATE,OPEN,26,2018-01-22
10001873,OHIO COUNTY CORRECTIONAL CENTER,1501 EOFF ST,WHEELING,WV,26003,STATE,OPEN,67,2020-03-03
10001874,NORTHERN REGIONAL JAIL / CORRECTIONAL FACILITY,112 N REGIONAL CORRECTIONAL DR,MOUNDSVILLE,WV,26041,COUNTY,OPEN,-999,2018-01-22
10000003,WETZEL COUNTY SHERIFF,200 MAIN STREET,NEW MARTINSVILLE,WV,26155,COUNTY,OPEN,-999,2016-03-04
10005439,"MONROE COUNTY SHERIFF""S OFFICE AND CORRECTIONAL FACILITY",47129 MOORE RIDGE ROAD,WOODSFIELD,OH,43793,COUNTY,OPEN,-999,2018-04-12
10005974,NOBLE COUNTY JAIL,420 OLIVE ST,CALDWELL,OH,43724,COUNTY,OPEN,36,2018-04-12
10005967,HARRISON COUNTY JAIL,114 COURT ST,CADIZ,OH,43907,COUNTY,OPEN,8,2018-04-11
10003405,BELMONT CAMP,68518 BANNOCK RD,ST. CLAIRSVILLE,OH,43950,STATE,OPEN,-999,2017-12-04
10002428,BELMONT CORRECTIONAL INSTITUTION,68518 BANNOCK RD,ST. CLAIRSVILLE,OH,43950,STATE,OPEN,-999,2017-12-04
10003406,BELMONT COUNTY JAIL,68137 HAMMOND RD,ST. CLAIRSVILLE,OH,43950,COUNTY,OPEN,144,2016-02-15
10005970,SARGUS JUVENILE DETENTION CENTER,210 FOX SHANNON PLACE,ST. CLAIRSVILLE,OH,43950,COUNTY,OPEN,17,2018-04-11
10006631,OAKVIEW JUVENILE RESIDENTIAL CENTER,67701 OAKVIEW RD,ST. CLAIRSVILLE,OH,43950,COUNTY,OPEN,24,2016-06-13
10005426,CARROLL COUNTY JAIL,43 2ND STREET SOUTHEAST,CARROLLTON,OH,44615,COUNTY,OPEN,41,2018-04-11
10003384,COLUMBIANA COUNTY JAIL,8473 COUNTY HOME RD,LISBON,OH,44432,COUNTY,OPEN,200,2018-04-11
10001671,LOUIS TOBIN ATTENTION CENTER,8363 COUNTY HOME RD,LISBON,OH,44432,COUNTY,OPEN,20,2018-01-02
10003383,STARK REGIONAL COMMUNITY CORRECTION CENTER,4433 LESH ST,LOUISVILLE,OH,44641,STATE,OPEN,124,2017-12-22
10003382,STARK COUNTY JAIL,4500 ATLANTIC BLVD NE,CANTON,OH,44705,COUNTY,OPEN,501,2018-04-12
10005963,STARK ATTENTION CENTER,815 FAIRCREST ST SW,CANTON,OH,44710,COUNTY,OPEN,30,2018-01-02
10005964,STARK ATTENTION CENTER / MCJAS,815 FAIRCREST ST SW,CANTON,OH,44710,COUNTY,OPEN,24,2016-06-14
10006960,NEW PHILADELPHIA GIRLS GROUP HOME,135 SECOND STREET NE,NEW PHILADELPHIA,OH,44663,STATE,OPEN,10,2020-04-22
10003394,TUSCARAWAS COUNTY JAIL,2295 REISER AVE SE,NEW PHILADELPHIA,OH,44663,COUNTY,OPEN,100,2018-04-12
10006632,TUSCARAWAS ATTENTION CENTER,2299 REISER AVENUE SE,NEW PHILADELPHIA,OH,44663,COUNTY,OPEN,24,2016-12-31
10003395,TUSCARAWAS ATTENTION CENTER - OLD,241 UNIVERSITY DR NE,NEW PHILADELPHIA,OH,44663,COUNTY,CLOSED,20,2018-04-12
10003381,INDIAN RIVER JUVENILE CORRECTIONAL FACILITY,2775 INDIAN RIVER RD SW,MASSILLON,OH,44646,STATE,OPEN,-999,2017-07-28
10005962,LINDA MARTIN ATTENTION CENTER,6807 NONPARIEL RD ROUTE 4,WOOSTER,OH,44691,COUNTY,OPEN,20,2016-12-31
10003379,WAYNE COUNTY JAIL,201 W NORTH ST,WOOSTER,OH,44691,COUNTY,OPEN,-999,2018-04-12
10005428,HOLMES COUNTY JAIL,8105 TOWNSHIP ROAD 574,HOLMESVILLE,OH,44633,COUNTY,OPEN,60,2018-04-11
10005432,COSHOCTON COUNTY JAIL,328 CHESTNUT STREET,COSHOCTON,OH,43812,COUNTY,OPEN,57,2018-04-11
10005434,GUERNSEY COUNTY JAIL,601 SOUTHGATE PARKWAY,CAMBRIDGE,OH,43725,COUNTY,OPEN,66,2018-04-11
10003415,NOBLE CORRECTIONAL INSTITUTION,15708 MCCONNELSVILLE RD,CALDWELL,OH,43724,STATE,OPEN,-999,2015-03-12
10005972,MUSKINGUM COUNTY JAIL,28 N 4TH ST,ZANESVILLE,OH,43701,COUNTY,OPEN,-999,2018-04-12
10005971,ZANESVILLE CITY JAIL,332 SOUTH ST,ZANESVILLE,OH,43701,LOCAL,OPEN,-999,2018-05-23
10003407,MUSKINGUM COUNTY JUVENILE DETENTION CENTER,1860 EAST PIKE,ZANESVILLE,OH,43701,COUNTY,OPEN,-999,2018-04-12
10003402,LICKING / MUSKINGUM COMMUNITY CORRECTION CENTER,119 E MAIN ST,NEWARK,OH,43055,STATE,CLOSED,57,2020-02-20
10003401,LICKING COUNTY JUSTICE CENTER,155 E MAIN ST,NEWARK,OH,43055,COUNTY,OPEN,329,2018-04-11
10003411,FRANKLIN MEDICAL CENTER (ZONE B),1800 HARMON AVE,COLUMBUS,OH,43223,STATE,OPEN,-999,2020-02-20
10003412,FRANKLIN MEDICAL CENTER (ZONE A),1990 HARMON AVE,COLUMBUS,OH,43223,STATE,OPEN,-999,2017-12-04
10003410,FRANKLIN COUNTY CORRECTION CENTER II,2460 JACKSON PIKE,COLUMBUS,OH,43223,COUNTY,OPEN,1675,2018-04-11
10003413,FRANKLIN COUNTY COMMUNITY CORRECTIONAL FACILITY,1745 ALUM CREEK DR,COLUMBUS,OH,43207,STATE,OPEN,-999,2017-09-14
10003408,FRANKLIN COUNTY JUVENILE DETENTION FACILITY,399 S FRONT ST,COLUMBUS,OH,43215,COUNTY,OPEN,132,2018-04-11
10003409,FRANKLIN COUNTY CORRECTION CENTER I,370 S FRONT ST,COLUMBUS,OH,43215,COUNTY,OPEN,643,2018-04-11
10003424,CORRECTIONAL RECEPTION CENTER,11271 STATE ROUTE 762,ORIENT,OH,43146,STATE,OPEN,-999,2017-12-04
10003425,PICKAWAY CORRECTIONAL INSTITUTION,11781 STATE ROUTE 762,ORIENT,OH,43146,STATE,OPEN,-999,2017-04-21
10000982,MADISON CORRECTIONAL INSTITUTION,1851 STATE ROUTE 56,LONDON,OH,43140,STATE,OPEN,-999,2015-03-27
10003414,LONDON CORRECTIONAL INSTITUTION,1580 STATE ROUTE 56 SW,LONDON,OH,43140,STATE,OPEN,-999,2016-06-17
10003403,TRI-COUNTY REGIONAL JAIL,4099 STATE ROUTE 559,MECHANICSBURG,OH,43044,COUNTY,OPEN,-999,2018-04-12
10003398,WEST CENTRAL COMMUNITY CORRECTIONAL FACILITY,18200 STATE ROUTE 4 N,MARYSVILLE,OH,43040,STATE,OPEN,144,2017-12-22
10001674,CENTRAL OHIO YOUTH CENTER,18100 STATE ROUTE 4,MARYSVILLE,OH,43040,COUNTY,OPEN,38,2017-06-14
10003397,OHIO REFORMATORY FOR WOMEN,1479 COLLINS AVE,MARYSVILLE,OH,43040,STATE,OPEN,-999,2016-05-13
10002427,DELAWARE COUNTY JAIL,844 US STATE HWY 42 N,DELAWARE,OH,43015,COUNTY,OPEN,286,2018-04-11
10001673,MARION HARDIN MULTI-COUNTY CORRECTIONAL CENTER,1514 VICTORY RD,MARION,OH,43302,COUNTY,OPEN,-999,2018-04-12
10003392,MARION CORRECTIONAL INSTITUTION,940 MARION-WILLIAMSPORT RD E,MARION,OH,43302,STATE,OPEN,-999,2015-06-19
10000980,NORTH CENTRAL CORRECTIONAL COMPLEX,670 MARION-WILLIAMSPORT RD,MARION,OH,43302,STATE,OPEN,-999,2015-09-22
10000981,NORTH CENTRAL CORRECTIONAL COMPLEX CAMP,332 MARION-WILLIAMSPORT RD E,MARION,OH,43302,STATE,OPEN,-999,2015-09-22
10003391,MARION COUNTY JUVENILE DETENTION CENTER,1440 MT. VERNON AVE,MARION,OH,43302,COUNTY,CLOSED,22,2018-04-12
10006630,NORTH CENTRAL OHIO REHABILITATION CENTER,1440 MT. VERNON AVE,MARION,OH,43302,COUNTY,OPEN,20,2017-06-13
10005960,WYANDOT COUNTY JAIL,125 E WYANDOT AVE,UPPER SANDUSKY,OH,43351,COUNTY,OPEN,-999,2018-04-12
10006432,CRAWFORD COUNTY JAIL,3613 STETZER ROAD,BUCYRUS,OH,44820,COUNTY,OPEN,121,2018-04-11
10000979,ABRAXAS OHIO,2775 STATE ROUTE 39,SHELBY,OH,44875,STATE,OPEN,-999,2017-10-13
10006302,MORROW COUNTY CORRECTIONAL FACILITY,101 HOME ROAD,MT. GILEAD,OH,43338,COUNTY,OPEN,126,2018-04-12
10005431,KNOX COUNTY JAIL,11540 UPPER GILCHRIST ROAD,MOUNT VERNON,OH,43050,COUNTY,OPEN,100,2018-04-11
10003374,MOHICAN YOUTH ACADEMY,1012 ODNR MOHICAN 51,PERRYSVILLE,OH,44864,STATE,OPEN,-999,2018-01-02
10005958,ASHLAND COUNTY JUVENILE DETENTION CENTER,1260 CENTER ST,ASHLAND,OH,44805,COUNTY,CLOSED,-999,2018-04-11
10005959,RICHLAND COUNTY ATTENTION CENTER,411 S DIAMOND ST,MANSFIELD,OH,44902,COUNTY,OPEN,-999,2018-04-12
10003376,MANSFIELD CORRECTIONAL INSTITUTION,1150 N MAIN ST,MANSFIELD,OH,44903,STATE,OPEN,-999,2017-12-04
10003378,RICHLAND CORRECTIONAL INSTITUTION,1001 OLIVESBURG RD,MANSFIELD,OH,44901,STATE,OPEN,-999,2017-03-23
10003377,MANSFIELD CORRECTIONAL INSTITUTION PRISON CAMP,1150 N MAIN ST,MANSFIELD,OH,44903,STATE,OPEN,-999,2017-12-04
10003375,RICHLAND COUNTY JAIL,73 E 2ND ST,MANSFIELD,OH,44902,COUNTY,OPEN,266,2018-04-12
10005957,ASSOCIATED CHARITIES,240 CLEVELAND AVE,ASHLAND,OH,44805,COUNTY,OPEN,-999,2018-04-11
10003373,ASHLAND COUNTY JAIL,1205 E MAIN ST,ASHLAND,OH,44805,COUNTY,OPEN,127,2018-04-11
10005952,HURON COUNTY JAIL,255 SHADY LANE DR,NORWALK,OH,44857,COUNTY,OPEN,-999,2018-04-11
10003359,ERIE COUNTY JUVENILE DETENTION CENTER,1338 TIFFIN AVE,SANDUSKY,OH,44870,COUNTY,OPEN,-999,2018-04-11
10006627,NORTHERN OHIO JUVENILE COMMUNITY CORRECTIONS FACILITY,1338 TIFFIN AVE,SANDUSKY,OH,44870,COUNTY,OPEN,30,2016-06-15
10003360,ERIE COUNTY JAIL,2800 COLUMBUS AVE,SANDUSKY,OH,44870,COUNTY,OPEN,-999,2018-04-11
10006959,LAKE ERIE COMMUNITY CORRECTIONS CENTER,1845 SUPERIOR STREET,SANDUSKY,OH,44870,LOCAL,OPEN,44,2020-04-22
10001380,WAYNE COUNTY JUVENILE DETENTION FACILITY,1326 ST ANTOINE ST,DETROIT,MI,48226,COUNTY,OPEN,194,2018-03-21
10001378,THE OLD WAYNE COUNTY JAIL-DIVISION II,525 CLINTON ST,DETROIT,MI,48226,COUNTY,OPEN,770,2018-03-21
10001379,THE ANDREW C. BAIRD DETENTION FACILITY-DIVISION I,570 CLINTON ST,DETROIT,MI,48226,COUNTY,OPEN,-999,2018-03-21
10006796,MONROE COUNTY YOUTH CENTER,3600 S CUSTER ROAD,MONROE,MI,48161,COUNTY,OPEN,45,2018-03-21
10003853,MONROE COUNTY JAIL,100 E 2ND ST,MONROE,MI,48161,COUNTY,OPEN,183,2016-02-15
10003852,MONROE COUNTY INMATE DORMITORY FACILITY,7000 E DUNBAR RD,MONROE,MI,48161,MULTI,OPEN,400,2024-01-12
10003350,TOLEDO CORRECTIONAL INSTITUTION,2001 E CENTRAL AVE,TOLEDO,OH,43608,STATE,OPEN,-999,2017-06-08
10001665,LUCAS COUNTY CORRECTIONS CENTER,1622 SPIELBUSCH AVE,TOLEDO,OH,43604,COUNTY,OPEN,397,2018-04-12
10001666,LUCAS COUNTY JUVENILE JUSTICE CENTER,1801 SPIELBUSCH AVE,TOLEDO,OH,43604,COUNTY,OPEN,-999,2018-04-12
10003352,LUCAS COUNTY CORRECTIONAL TREATMENT FACILITY,1100 JEFFERSON AVE,TOLEDO,OH,43624,STATE,OPEN,140,2017-12-22
10003351,LUCAS COUNTY YOUTH TREATMENT CENTER,225 11TH ST,TOLEDO,OH,43604,COUNTY,OPEN,44,2017-06-12
10005947,OTTAWA COUNTY MINIMUM SECURITY JAIL,1862 PERRY ST,PORT CLINTON,OH,43452,COUNTY,OPEN,48,2018-04-12
10005419,OTTAWA COUNTY JAIL,315 MADISON ST,PORT CLINTON,OH,43452,COUNTY,OPEN,41,2018-04-12
10005421,SANDUSKY COUNTY JAIL,2323 COUNTRYSIDE DRIVE,FREMONT,OH,43420,COUNTY,OPEN,-999,2018-04-12
10005420,SANDUSKY COUNTY JUVENILE DETENTION CENTER,2351 COUNTRYSIDE DRIVE,FREMONT,OH,43420,COUNTY,OPEN,36,2018-04-12
10003370,CROSSWAEH COMMUNITY BASED CORRECTIONAL FACILITY F,3091 S STATE ROUTE 100,TIFFIN,OH,44883,STATE,OPEN,36,2017-12-22
10005955,SENECA COUNTY YOUTH CENTER,3120 S RT. 100,TIFFIN,OH,44883,COUNTY,OPEN,24,2018-04-12
10003369,CROSSWAEH COMMUNITY BASED CORRECTIONAL FACILITY M,3055 S STATE ROUTE 100,TIFFIN,OH,44883,STATE,OPEN,58,2017-12-22
10005954,SENECA COUNTY JAIL,3040 S STATE ROUTE 100,TIFFIN,OH,44883,MULTI,OPEN,162,2024-01-12
10005950,JUVENILE RESIDENTIAL CENTER OF NW OHIO,1012 S DUNBRIDGE RD,BOWLING GREEN,OH,43402,COUNTY,OPEN,42,2015-08-04
10005951,WOOD COUNTY JUVENILE DETENTION CENTER,1032 SOUTH DUNBRIDGE RD,BOWLING GREEN,OH,43402,COUNTY,OPEN,48,2018-04-12
10003361,WOOD COUNTY JUSTICE CENTER,1960 E GYPSY LANE RD,BOWLING GREEN,OH,43402,COUNTY,OPEN,224,2018-04-12
10005949,NORTHWEST COMMUNITY CORRECTIONS CENTER,1740 E GYPSY LANE RD,BOWLING GREEN,OH,43402,STATE,OPEN,64,2017-03-21
10006512,FCI MILAN AND DETENTION CENTER,4004 E ARKONA RD,MILAN,MI,48160,FEDERAL,OPEN,-999,2016-02-16
10001382,WOMEN'S HURON VALLEY CORRECTIONAL FACILITY,3201 BEMIS RD,YPSILANTI,MI,48197,STATE,OPEN,-999,2024-02-29
10001383,CENTER FOR FORENSIC PSYCHIATRY,8303 PLATT RD,SALINE,MI,48176,STATE,OPEN,-999,2024-02-29
10003842,WASHTENAW COUNTY JAIL,2201 HOGBACK RD,ANN ARBOR,MI,48105,COUNTY,OPEN,412,2016-02-15
10003843,WASHTENAW COUNTY YOUTH CENTER,4125 WASHTENAW AVE,ANN ARBOR,MI,48108,COUNTY,OPEN,40,2016-02-15
10001384,SPECIAL ALTERNATIVE INCARCERATION FACILITY,18901 WATERLOO RD,CHELSEA,MI,48118,STATE,OPEN,-999,2024-02-29
10006793,MAURICE SPEAR CAMPUS,2910 AIRPORT ROAD,ADRIAN,MI,49221,COUNTY,OPEN,66,2018-03-21
10001388,LENAWEE COUNTY JAIL,549 N WINTER ST,ADRIAN,MI,49221,COUNTY,OPEN,287,2016-02-15
10001387,GUS HARRISON CORRECTIONAL FACILITY,2727 E BEECHER ST,ADRIAN,MI,49221,STATE,OPEN,-999,2024-02-29
10003845,JACKSON COUNTY JAIL-WESLEY STREET,212 W WESLEY ST,JACKSON,MI,49201,COUNTY,OPEN,200,2018-03-20
10003846,CHARLES EGELER RECEPTION & GUIDANCE CENTER,3855 COOPER ST,JACKSON,MI,49201,STATE,OPEN,-999,2024-02-29
10001386,PARNALL CORRECTIONAL FACILITY,1780 E PARNALL RD,JACKSON,MI,49201,STATE,OPEN,-999,2024-02-29
10001385,SOUTHERN MICHIGAN CORRECTIONAL FACILITY,4002 COOPER ST,JACKSON,MI,49201,STATE,CLOSED,1400,2007-10-16
10000277,G ROBERT COTTON CORRECTIONAL FACILITY,3500 N ELM RD,JACKSON,MI,49201,STATE,OPEN,-999,2024-02-29
10000276,JACKSON COUNTY JAIL-CHANTER ROAD,1995 CHANTER RD,JACKSON,MI,49201,COUNTY,OPEN,240,2018-03-20
10006791,JACKSON COUNTY YOUTH CENTER,930 FLEMING AVENUE,JACKSON,MI,49202,COUNTY,OPEN,50,2018-03-20
10000278,COOPER STREET CORRECTIONAL FACILITY,3100 COOPER ST,JACKSON,MI,49201,STATE,OPEN,1752,2024-02-29
10003847,CALHOUN COUNTY JUVENILE HOME,14555 18 1/2 MILE RD,MARSHALL,MI,49068,COUNTY,OPEN,52,2024-08-06
10003855,HILLSDALE COUNTY JAIL,165 W FAYETTE ST,HILLSDALE,MI,49242,COUNTY,OPEN,67,2018-03-20
10005948,NORTHWEST OHIO JUVENILE DETENTION CENTER,3389 COUNTY RD 24.25,STRYKER,OH,43557,COUNTY,OPEN,32,2016-05-23
10000977,CORRECTIONS CENTER OF NORTHWEST OHIO,3151 COUNTY RD 2425,STRYKER,OH,43557,COUNTY,OPEN,658,2018-04-11
10006135,ADAMS COUNTY JAIL,911 W PEACEKEEPERS WAY,DECATUR,IN,46733,COUNTY,OPEN,-999,2018-03-05
10005427,MERCER COUNTY DETENTION FACILITY,4835 STATE ROUTE 29,CELINA,OH,45822,COUNTY,OPEN,-999,2018-04-12
10003380,VAN WERT COUNTY CORRECTIONAL FACILITY,204 N WASHINGTON ST,VAN WERT,OH,45891,COUNTY,OPEN,78,2018-04-12
10006279,PAULDING COUNTY JAIL,500 EAST PERRY STREET,PAULDING,OH,45879,COUNTY,OPEN,-999,2018-04-12
10005425,PUTNAM COUNTY JAIL,1035 HERITAGE TRAIL,OTTAWA,OH,45875,COUNTY,OPEN,-999,2018-04-12
10005424,HANCOCK COUNTY JAIL,200 WEST CRAWFORD STREET,FINDLAY,OH,45840,COUNTY,OPEN,98,2018-04-11
10003389,ALLEN OAKWOOD CORRECTIONAL INSTITUTION,2338 NORTH WEST ST,LIMA,OH,45801,STATE,OPEN,-999,2017-12-04
10005965,ALLEN COUNTY JUVENILE DETENTION CENTER,1000 WARDHILL AVE,LIMA,OH,45805,COUNTY,OPEN,33,2018-04-11
10001672,ALLEN COUNTY JAIL,333 N MAIN ST,LIMA,OH,45801,COUNTY,OPEN,210,2018-04-11
10003390,WESTERN OHIO REGIONAL TREATMENT & REHABILITATION CENTER / WORTH CENTER,243 E BLUELICK RD,LIMA,OH,45801,STATE,OPEN,-999,2017-08-15
10003393,AUGLAIZE COUNTY CORRECTIONAL CENTER,1051 DEARBAUGH AVE,WAPAKONETA,OH,45895,COUNTY,OPEN,72,2016-02-15
10003399,SHELBY COUNTY CORRECTIONAL FACILITY,555 GEARHART RD,SIDNEY,OH,45365,COUNTY,OPEN,188,2018-04-12
10003396,LOGAN COUNTY JAIL,284 CO. RD. 32 S,BELLEFONTAINE,OH,43311,COUNTY,OPEN,140,2018-04-12
10005966,LOGAN COUNTY JUVENILE DETENTION CENTER,104 S MADRIVER ST,BELLEFONTAINE,OH,43311,COUNTY,OPEN,36,2018-04-12
10005435,CLARK COUNTY SHERIFF'S OFFICE,120 NORTH FOUNTAIN AVENUE,SPRINGFIELD,OH,45502,COUNTY,OPEN,-999,2018-04-11
10005436,CLARK JUVENILE DETENTION CENTER,101 EAST COLUMBIA STREET,SPRINGFIELD,OH,45503,COUNTY,OPEN,48,2018-04-11
10005969,WEST CENTRAL JUVENILE REHABILITATION CENTER,2044 N COUNTY RD 25A,TROY,OH,45373,COUNTY,OPEN,36,2015-06-16
10003404,MIAMI COUNTY INCARCERATION FACILITY,2042 N. CR 25A,TROY,OH,45373,COUNTY,OPEN,240,2016-02-15
10005968,MIAMI COUNTY JAIL,201 W MAIN ST,TROY,OH,45373,COUNTY,OPEN,48,2016-02-15
10005433,DARKE COUNTY JAIL,5185 COUNTY HOME ROAD,GREENVILLE,OH,45331,COUNTY,OPEN,36,2018-04-11
10004914,WAYNE COUNTY CORRECTIONAL CENTER,200 E MAIN ST,RICHMOND,IN,47374,COUNTY,OPEN,-999,2024-08-01
10005622,WERNLE YOUTH AND FAMILY TREATMENT CENTER,2000 WERNLE ROAD,RICHMOND,IN,47374,NOT AVAILABLE,OPEN,-999,2019-12-11
10005438,PREBLE COUNTY JAIL,1139 PREBLE DRIVE,EATON,OH,45320,COUNTY,OPEN,70,2018-04-12
10005623,UNION COUNTY JAIL,106 EAST UNION STREET,LIBERTY,IN,47353,COUNTY,OPEN,-999,2018-03-06
10003428,BUTLER COUNTY CORRECTIONAL COMPLEX,705 HANOVER ST,HAMILTON,OH,45011,COUNTY,OPEN,848,2018-04-11
10003429,BUTLER COUNTY RESOLUTIONS JAIL,442 S 2ND ST,HAMILTON,OH,45011,COUNTY,OPEN,241,2016-02-15
10003430,BUTLER COUNTY COURT STREET MAIN JAIL,123 COURT ST,HAMILTON,OH,45011,COUNTY,CLOSED,-999,2016-02-15
10003431,BUTLER COUNTY JUVENILE DETENTION / REHABILITATION CENTER,280 N FAIR AVE,HAMILTON,OH,45011,COUNTY,OPEN,96,2018-04-11
10003434,COMMUNITY CORRECTIONAL CENTER,5234 STATE ROUTE 63,LEBANON,OH,45036,STATE,OPEN,110,2017-12-22
10003432,WARREN CORRECTIONAL INSTITUTION,5787 STATE ROUTE 63,LEBANON,OH,45036,STATE,OPEN,-999,2017-12-04
10006623,LEBANON CORRECTIONAL INSTITUTION CAMP,3791 STATE ROUTE 63,LEBANON,OH,45036,STATE,OPEN,-999,2017-05-05
10003433,LEBANON CORRECTIONAL INSTITUTION,3791 STATE ROUTE 63,LEBANON,OH,45036,STATE,OPEN,-999,2017-12-04
10005977,MIDDLETOWN CITY JAIL,1 DONHAM PLAZA,MIDDLETOWN,OH,45042,LOCAL,OPEN,-999,2018-05-21
10006625,MONTGOMERY COUNTY CENTER FOR ADOLESCENT SERVICES,333 ACCESS ROAD,NEW LEBANON,OH,45345,COUNTY,OPEN,50,2015-07-14
10003418,MONTGOMERY COUNTY JAIL,330 W 2ND ST,DAYTON,OH,45422,COUNTY,OPEN,900,2018-04-12
10005976,MONTGOMERY COUNTY JUVENILE JUSTICE CENTER,380 W 2ND ST,DAYTON,OH,45422,COUNTY,OPEN,144,2018-04-12
10003420,MONTGOMERY EDUCATION AND PRE-RELEASE CENTER,1901 S GETTYSBURG AVE,DAYTON,OH,45418,STATE,CLOSED,-999,2012-02-16
10000984,DAYTON CORRECTIONAL INSTITUTION,4104 GERMANTOWN ST,DAYTON,OH,45417,STATE,OPEN,-999,2017-12-04
10003419,MONDAY COMMUNITY CORRECTIONAL INSTITUTION,1951 S GETTYSBURG AVE,DAYTON,OH,45408,STATE,OPEN,298,2017-05-16
10006628,GREENE COUNTY JUVENILE DETENTION CENTER,2100 GREENEWAY BLVD,XENIA,OH,45385,COUNTY,OPEN,32,2018-01-02
10006629,MIAMI VALLEY JUVENILE REHABILITATION CENTER,2100 GREENE WAY BLVD,XENIA,OH,45385,COUNTY,OPEN,30,2016-08-15
10003421,GREENE COUNTY ADULT DETENTION CENTER,2295 GREENEWAY BLVD,XENIA,OH,45385,COUNTY,OPEN,236,2018-04-11
10003422,GREENE COUNTY JAIL,77 E MARKET ST,XENIA,OH,45385,COUNTY,OPEN,130,2018-04-11
10005441,CLINTON COUNTY JAIL,1645 DAVIDS DRIVE,WILMINGTON,OH,45177,COUNTY,OPEN,88,2018-04-11
10005442,HIGHLAND COUNTY JAIL,130 HOMESTEAD AVENUE,HILLSBORO,OH,45133,COUNTY,OPEN,-999,2018-04-11
10003436,WARREN COUNTY JUVENILE DETENTION CENTER,900 MEMORIAL DR,LEBANON,OH,45036,COUNTY,OPEN,26,2018-04-12
10003435,WARREN COUNTY JAIL,550 JUSTICE DR,LEBANON,OH,45036,COUNTY,OPEN,280,2018-04-12
10003443,CLERMONT COUNTY JAIL,4700 E FILAGER RD,BATAVIA,OH,45103,COUNTY,OPEN,334,2018-04-11
10003442,CLERMONT COUNTY JUVENILE DETENTION CENTER,2340 CLERMONT CENTER DR,BATAVIA,OH,45103,COUNTY,OPEN,36,2018-04-11
10005443,BROWN COUNTY JAIL,750 MOUNT ORAB PIKE,GEORGETOWN,OH,45121,COUNTY,OPEN,-999,2018-04-11
10003642,MASON COUNTY DETENTION CENTER,702 US HWY 68,MAYSVILLE,KY,41056,COUNTY,OPEN,131,2024-07-03
10003641,GRANT COUNTY DETENTION CENTER,212 BARNES RD,WILLIAMSTOWN,KY,41097,COUNTY,OPEN,348,2024-07-03
10003639,NORTHERN KENTUCKY YOUTH DEVELOPMENT CENTER,15600 TURNER ROAD,CRITTENDEN,KY,40130,STATE,OPEN,40,2016-05-15
10002433,HAMILTON COUNTY JUSTICE CENTER,1000 SYCAMORE ST,CINCINNATI,OH,45202,COUNTY,OPEN,1240,2018-04-11
10003637,CAMPBELL COUNTY DETENTION CENTER,601 CENTRAL AVE,NEWPORT,KY,41071,COUNTY,OPEN,561,2024-07-03
10003638,CAMPBELL REGIONAL JUVENILE DETENTION CENTER,590 COLUMBIA ST,NEWPORT,KY,41071,STATE,OPEN,-999,2024-02-27
10006246,CAMPBELL COUNTY RESTRICTED CUSTODY CENTER,601 CENTRAL AVE,NEWPORT,KY,41071,COUNTY,OPEN,124,2024-07-03
10003438,HAMILTON COUNTY WOODBURN AVENUE FACILITY / TURNING POINT,2605 WOODBURN AVE,CINCINNATI,OH,45206,COUNTY,OPEN,60,2018-04-11
10002435,HAMILTON COUNTY READING ROAD FACILITY / TALBERT HOUSE,1617 READING RD,CINCINNATI,OH,45202,COUNTY,OPEN,172,2018-04-11
10003439,HAMILTON COUNTY JUVENILE COURT YOUTH CENTER,2020 AUBURN AVE,CINCINNATI,OH,45219,COUNTY,OPEN,160,2018-04-11
10002436,RIVER CITY CORRECTIONAL CENTER,3220 COLERAIN AVE,CINCINNATI,OH,45225,STATE,OPEN,220,2017-06-24
10002434,HAMILTON COUNTY QUEENSGATE CORRECTIONAL FACILITY,516 LINN ST,CINCINNATI,OH,45203,COUNTY,CLOSED,822,2018-04-11
10003640,KENTON COUNTY DETENTION CENTER,3000 DECKER CRANE LANE,COVINGTON,KY,41017,COUNTY,OPEN,602,2024-07-03
10006245,BOONE COUNTY WORK CAMP,5359 BULLITSVILLE ROAD,BURLINGTON,KY,41005,COUNTY,OPEN,-999,2024-02-07
10003636,BOONE COUNTY JAIL,3020 CONRAD LANE,BURLINGTON,KY,41005,MULTI,OPEN,424,2024-07-03
10004925,DEARBORN COUNTY JUVENILE DETENTION CENTER,219 W HIGH ST,LAWRENCEBURG,IN,47025,COUNTY,OPEN,20,2018-03-05
10004926,DEARBORN COUNTY LAW ENFORCEMENT CENTER,301 W HIGH ST,LAWRENCEBURG,IN,47025,COUNTY,OPEN,200,2018-03-05
10004311,SCOTT COUNTY DETENTION CENTER,130 N COURT ST,GEORGETOWN,KY,40324,COUNTY,OPEN,86,2024-07-03
10003650,BLACKBURN CORRECTIONAL COMPLEX,3111 SPURR RD,LEXINGTON,KY,40511,STATE,OPEN,-999,2024-02-27
10003651,FAYETTE REGIONAL JUVENILE DETENTION CENTER,3475 SPURR RD,LEXINGTON,KY,40511,STATE,OPEN,-999,2024-02-27
10000108,LEXINGTON DIVISION OF COMMUNITY CORRECTIONS,600 OLD FRANKFORT PIKE,LEXINGTON,KY,40510,COUNTY,OPEN,1266,2024-07-03
10003652,FMC LEXINGTON CAMP,3301 LEESTOWN RD,LEXINGTON,KY,40511,FEDERAL,OPEN,-999,2016-02-16
10000109,FMC LEXINGTON,3301 LEESTOWN RD,LEXINGTON,KY,40511,FEDERAL,OPEN,-999,2016-02-16
10003659,JESSAMINE COUNTY DETENTION CENTER / RESTRICTED CUSTODY CENTER,229 E MAPLE ST,NICHOLASVILLE,KY,40356,COUNTY,OPEN,137,2024-07-03
10005038,WOODFORD COUNTY DETENTION CENTER,204 BEASLEY DRIVE,VERSAILLES,KY,40383,COUNTY,OPEN,95,2024-07-03
10000105,FRANKLIN COUNTY REGIONAL JAIL / RESTRICTED CUSTODY CENTER,400 COFFEE TREE RD,FRANKFORT,KY,40604,COUNTY,OPEN,316,2024-07-03
10000116,NORTHPOINT TRAINING CENTER,710 WALTER REED RD,BURGIN,KY,40310,STATE,OPEN,1256,2024-02-27
10003669,LINCOLN COUNTY REGIONAL JAIL,100 LANCASTER ST,STANFORD,KY,40484,COUNTY,CLOSED,-999,2024-07-03
10003668,BOYLE COUNTY DETENTION CENTER,1860 SOUTH DANVILLE BY-PASS,DANVILLE,KY,40422,COUNTY,OPEN,140,2024-07-03
10005045,ROCKCASTLE COUNTY DETENTION CENTER,205 EAST MAIN STREET,MOUNT VERNON,KY,40456,COUNTY,OPEN,73,2024-07-03
10003664,MADISON COUNTY DETENTION CENTER,107 W IRVINE ST,RICHMOND,KY,40475,COUNTY,OPEN,184,2024-07-03
10005685,JACKSON COUNTY DETENTION CENTER,1893 MCCAMMON RIDGE ROAD,MCKEE,KY,40447,COUNTY,OPEN,79,2024-07-03
10000119,FCI MANCHESTER CAMP,805 FOX HOLLOW RD,MANCHESTER,KY,40962,FEDERAL,OPEN,-999,2016-02-16
10000118,FCI MANCHESTER,805 FOX HOLLOW RD,MANCHESTER,KY,40962,FEDERAL,OPEN,-999,2016-02-16
10003674,CLAY COUNTY DETENTION CENTER,67 SHAMROCK RD,MANCHESTER,KY,40962,COUNTY,OPEN,234,2024-07-03
10000115,LEE ADJUSTMENT CENTER,168 LEE ADJUSTMENT CENTER DRIVE,BEATTYVILLE,KY,41311,STATE,OPEN,866,2024-02-27
10003667,THREE FORKS REGIONAL DETENTION CENTER,2221 FAIRGROUND RIDGE ROAD,BEATTYVILLE,KY,41311,COUNTY,OPEN,182,2024-07-03
10004317,POWELL COUNTY DETENTION CENTER / RESTRICTED CUSTODY CENTER,755 BRECKENRIDGE ST,STANTON,KY,40380,COUNTY,OPEN,213,2024-07-03
10003654,CLARK COUNTY DETENTION CENTER,30 WALL ST,WINCHESTER,KY,40391,COUNTY,OPEN,156,2024-07-03
10004315,MONTGOMERY COUNTY REGIONAL JAIL,751 CHENAULT LANE,MT. STERLING,KY,40353,COUNTY,OPEN,134,2024-07-03
10005683,GATEWAY CHILDREN'S SERVICES,37 NORTH MAYSVILLE STREET,MOUNT STERLING,KY,40353,LOCAL,OPEN,28,2018-05-23
10003649,BOURBON COUNTY REGIONAL DETENTION CENTER,101 LEGION DR,PARIS,KY,40361,COUNTY,OPEN,197,2024-07-03
10005681,FLEMINGSBURG SHERIFF'S DEPARTMENT,201 COURT SQUARE,FLEMINGSBURG,KY,41041,COUNTY,OPEN,-999,2018-05-23
10004312,MOREHEAD YOUTH DEVELOPMENT CENTER,495 FOREST HILLS DR,MOREHEAD,KY,40351,STATE,OPEN,40,2016-06-17
10004313,ROWAN COUNTY DETENTION CENTER,1075 S. TOLLIVER RD,MOREHEAD,KY,40351,COUNTY,OPEN,275,2024-07-03
10003646,CARTER COUNTY DETENTION CENTER,13 CROSSBAR RD,GRAYSON,KY,41143,COUNTY,OPEN,144,2024-07-03
10000107,LITTLE SANDY CORRECTIONAL COMPLEX,505 PRISON CONNECTOR,SANDY HOOK,KY,41171,STATE,OPEN,-999,2024-02-27
10000111,WOODSBEND YOUTH DEVELOPMENT CENTER,163 WOODSBEND BOYS CAMP RD,WEST LIBERTY,KY,41472,STATE,OPEN,40,2015-11-12
10000110,EASTERN KENTUCKY CORRECTIONAL COMPLEX,200 ROAD TO JUSTICE,WEST LIBERTY,KY,41472,STATE,OPEN,-999,2024-02-27
10005044,CADET LEADERSHIP & EDUCATION PROGRAM,2665 KENTUCKY HIGHWAY 30 WEST,JACKSON,KY,41339,STATE,NOT AVAILABLE,40,2017-03-31
10005043,BREATHITT REGIONAL JUVENILE DETENTION CENTER,2725 STATE HIGHWAY 30 WEST,JACKSON,KY,41339,STATE,OPEN,-999,2024-02-27
10003676,LESLIE COUNTY DETENTION CENTER,2125 STATE HWY 118,HYDEN,KY,41749,COUNTY,OPEN,141,2024-07-03
10004322,KENTUCKY RIVER REGIONAL JAIL,200 JUSTICE DR,HAZARD,KY,41701,COUNTY,OPEN,135,2024-07-03
10003665,FLOYD COUNTY JAIL,151 S CENTRAL AVE,PRESTONSBURG,KY,41653,COUNTY,OPEN,112,2024-07-03
10005050,LETCHER COUNTY JAIL,156 MAIN STREET,WHITESBURG,KY,41848,COUNTY,OPEN,54,2024-07-03
10000112,SOUTHEAST STATE CORRECTIONAL COMPLEX,327 CORRECTIONAL DR,WHEELWRIGHT,KY,41669,STATE,OPEN,621,2024-02-27
10003307,RED ONION STATE PRISON,10800 H JACK ROSE HWY,POUND,VA,24279,STATE,OPEN,-999,2015-09-22
10003300,SOUTHWEST VIRGINIA REGIONAL JAIL - HAYSI,1550 KIWANIS PARK,HAYSI,VA,24256,COUNTY,OPEN,340,2016-09-18
10004318,PIKE COUNTY DETENTION CENTER,172 DIVISION ST,PIKEVILLE,KY,41501,COUNTY,OPEN,346,2024-07-03
10000046,MINGO COUNTY SHERIFF,75 E 2ND AVE,WILLIAMSON,WV,25661,COUNTY,OPEN,-999,2016-03-04
10003662,USP BIG SANDY CAMP,1197 AIRPORT RD,INEZ,KY,41224,FEDERAL,OPEN,-999,2016-02-16
10001170,USP BIG SANDY,1197 AIRPORT RD,INEZ,KY,41224,FEDERAL,OPEN,-999,2016-02-16
10003660,BIG SANDY REGIONAL DETENTION CENTER,904 3RD ST,PAINTSVILLE,KY,41240,COUNTY,OPEN,150,2024-07-03
10001168,BOYD COUNTY DETENTION CENTER,209 28TH ST,CATLETTSBURG,KY,41129,COUNTY,OPEN,206,2024-07-03
10000039,WAYNE COUNTY SHERIFF'S OFFICE,700 HENDRICKS ST,WAYNE,WV,25570,COUNTY,NOT AVAILABLE,-999,2016-03-01
10000037,ROBERT L. SHELL JUVENILE CENTER,2 O'HANLON PLACE,BARBOURSVILLE,WV,25504,STATE,OPEN,23,2018-01-22
10000035,WESTERN REGIONAL JAIL,1 O'HANLON PLACE,BARBOURSVILLE,WV,25504,COUNTY,OPEN,400,2020-03-03
10000036,HUNTINGTON WORK RELEASE CENTER,1236 5TH AVE.,HUNTINGTON,WV,25701,STATE,CLOSED,66,2017-11-30
10001878,CABELL COUNTY JAIL / COURTHOUSE,750 5TH AVE,HUNTINGTON,WV,25701,COUNTY,CLOSED,-999,2015-03-16
10005982,JACKSON COUNTY JAIL,372 PORTSMOUTH ST,JACKSON,OH,45640,COUNTY,OPEN,-999,2018-04-11
10003445,OHIO RIVER VALLEY JUVENILE CORRECTIONAL FACILITY / STAR CJC,4696 GALLIA PIKE,FRANKLIN FURNACE,OH,45629,STATE,OPEN,-999,2016-03-28
10005985,STAR COMMUNITY JUSTICE CENTER,4696 GALLIA PIKE,FRANKLIN FURNACE,OH,45629,STATE,OPEN,360,2017-06-15
10005986,LAWRENCE COUNTY JAIL,115 S 5TH ST,IRONTON,OH,45638,COUNTY,OPEN,-999,2018-04-11
10003645,BOYD REGIONAL JUVENILE DETENTION CENTER,2420 ROBERTS DR,ASHLAND,KY,41102,STATE,OPEN,-999,2024-02-27
10001940,FCI ASHLAND CAMP,STATE ROUTE 716,ASHLAND,KY,41105,FEDERAL,OPEN,-999,2016-02-16
10001941,FCI ASHLAND,STATE ROUTE 716,ASHLAND,KY,41105,FEDERAL,OPEN,-999,2016-02-16
10003644,GREENUP COUNTY DETENTION CENTER,100 LAUREL ST,GREENUP,KY,41144,COUNTY,OPEN,98,2024-07-03
10001675,SCIOTO COUNTY JAIL,1025 16TH ST,PORTSMOUTH,OH,45662,COUNTY,OPEN,-999,2018-04-12
10005984,SCIOTO COUNTY SECOND CHANCE CENTER / THE COUNSELING CENTER,411 COURT ST,PORTSMOUTH,OH,45662,COUNTY,OPEN,40,2018-04-12
10005037,LEWIS COUNTY JAIL,26 RAILROAD STREET,VANCEBURG,KY,41179,COUNTY,NOT AVAILABLE,-999,2024-07-03
10005444,ADAMS COUNTY JAIL,110 WEST MAIN STREET,WEST UNION,OH,45693,COUNTY,OPEN,-999,2018-04-11
10003444,SOUTHERN OHIO CORRECTIONAL FACILITY,1724 STATE ROUTE 728,LUCASVILLE,OH,45699,STATE,OPEN,-999,2015-04-17
10006280,PIKE COUNTY JAIL / SHERIFF,14050 US 23,WAVERLY,OH,45690,COUNTY,OPEN,-999,2018-04-12
10006993,PIKE COUNTY SHERRIF/JAIL,116 S. MARKET ST.,WAVERLY,OH,45690,COUNTY,OPEN,-999,2020-04-22
10005981,ROSS COUNTY JAIL / LAW ENFORCEMENT COMPLEX,28 N PAINT ST,CHILLICOTHE,OH,45601,COUNTY,OPEN,-999,2018-04-12
10002432,CHILLICOTHE CORRECTIONAL INSTITUTION / RTU,15802 STATE ROUTE N 104,CHILLICOTHE,OH,45601,STATE,OPEN,-999,2017-12-04
10002431,ROSS CORRECTIONAL INSTITUTION,16149 STATE ROUTE 104,CHILLICOTHE,OH,45601,STATE,OPEN,-999,2015-04-02
10002430,ROSS CORRECTIONAL CAMP,16149 STATE ROUTE 104,CHILLICOTHE,OH,45601,STATE,CLOSED,-999,2020-02-20
10005979,ROWETON YOUTH CENTER,102 CATTAIL RD,CHILLICOTHE,OH,45601,COUNTY,OPEN,-999,2018-04-12
10005980,SOUTH CENTRAL OHIO REG JUVENILE DETENTION CENTER / ROSS COUNTY JUVENILE DETENTION,184 CATTAIL RD,CHILLICOTHE,OH,45601,COUNTY,OPEN,-999,2018-04-12
10000986,LIGHTHOUSE YOUTH CENTER - PAINT CREEK,1071 TONG HOLLOW RD,BAINBRIDGE,OH,45612,STATE,OPEN,-999,2017-07-26
10005440,FAYETTE COUNTY JAIL,113 EAST MARKET STREET,WASHINGTON COURT HOUSE,OH,43160,COUNTY,OPEN,-999,2018-04-11
10003423,CIRCLEVILLE JUVENILE CORRECTIONAL FACILITY,640 ISLAND ROAD,CIRCLEVILLE,OH,43113,STATE,OPEN,-999,2016-08-17
10002429,PICKAWAY COUNTY JAIL,600 ISLAND RD,CIRCLEVILLE,OH,43113,COUNTY,OPEN,110,2018-04-12
10003417,MULTI-COUNTY JUVENILE DETENTION CENTER,923 LIBERTY DR,LANCASTER,OH,43130,COUNTY,OPEN,48,2018-04-12
10005975,FAIRFIELD COUNTY JAIL,345 LINCOLN AVE,LANCASTER,OH,43130,COUNTY,OPEN,84,2017-05-30
10003416,FAIRFIELD COUNTY MAIN JAIL,221 E MAIN ST,LANCASTER,OH,43130,COUNTY,CLOSED,27,2017-05-30
10000983,SOUTHEASTERN CORRECTIONAL COMPLEX - LANCASTER,5900 BIS ROAD SW,LANCASTER,OH,43130,STATE,OPEN,-999,2016-03-18
10005978,STAR - ATHENS CAMPUS,7 W TWENTY-NINE DR,NELSONVILLE,OH,45764,STATE,OPEN,112,2017-06-15
10003437,SOUTHEASTERN OHIO REGIONAL JAIL,16677 RIVERSIDE DR,NELSONVILLE,OH,45764,COUNTY,OPEN,-999,2016-02-15
10006626,HOCKING VALLEY COMMUNITY RESIDENTIAL CENTER,111 WEST 29 DRIVE,NELSONVILLE,OH,45764,COUNTY,OPEN,25,2017-07-25
10003426,SOUTHEASTERN CORRECTIONAL COMPLEX - HOCKING UNIT,16759 SNAKE HOLLOW RD,NELSONVILLE,OH,45764,STATE,CLOSED,499,2016-03-18
10005437,PERRY MULTI COUNTY JUVENILE FACILITY,1625 COMMERCE DRIVE,NEW LEXINGTON,OH,43764,COUNTY,OPEN,20,2018-01-02
10000017,LORRIE YEAGER JR. JUVENILE CENTER,907 MISSION DR.,PARKERSBURG,WV,26101,STATE,OPEN,24,2018-01-22
10000016,WOOD COUNTY HOLDING CENTER,401 2ND STREET,PARKERSBURG,WV,26101,COUNTY,OPEN,-999,2018-05-10
10000985,ATHENS COUNTY JAIL,13 W WASHINGTON ST,ATHENS,OH,45701,COUNTY,OPEN,-999,2016-02-15
10000025,LAKIN CORRECTIONAL CENTER,11264 OHIO RIVER ROAD,WEST COLUMBIA,WV,25287,STATE,OPEN,543,2020-03-03
10005983,MEIGS COUNTY JAIL,104 E 2ND ST,POMEROY,OH,45769,COUNTY,OPEN,-999,2018-04-12
10005445,GALLIA COUNTY JAIL,18 LOCUST STREET,GALLIPOLIS,OH,45631,COUNTY,OPEN,22,2018-04-11
10000031,PUTNAM COUNTY SHERIFF'S OFFICE,"236 COURTHOUSE DR #8",WINFIELD,WV,25213,COUNTY,OPEN,-999,2016-03-01
10000032,SAINT ALBANS POLICE DEPARTMENT,51 6TH AVENUE,SAINT ALBANS,WV,25177,LOCAL,OPEN,-999,2016-03-01
10000033,TIGER MORTON JUVENILE CENTER,60 MANFRED HOLLAND WAY,DUNBAR,WV,25064,STATE,OPEN,23,2018-01-22
10000034,SOUTH CHARLESTON POLICE DEPARTMENT,235 4TH AVENUE,SOUTH CHARLESTON,WV,25303,LOCAL,OPEN,-999,2018-05-22
10000024,JACKSON COUNTY SHERIFF,100 MAPLE ST.,RIPLEY,WV,25271,COUNTY,OPEN,-999,2016-03-04
10000027,ROANE COUNTY SHERIFF DEPARTMENT,200 MAIN ST,SPENCER,WV,25276,COUNTY,OPEN,-999,2016-03-04
10001104,CALHOUN COUNTY SHERIFF DEPARTMENT,363 MAIN ST,GRANTSVILLE,WV,26147,COUNTY,OPEN,-999,2020-03-03
10000015,NORTH CENTRAL REGIONAL JAIL,1 LOIS LANE,GREENWOOD,WV,26415,COUNTY,OPEN,400,2020-03-03
10000018,RITCHIE COUNTY SHERIFF'S DEPARTMENT,109 WEST NORTH STREET,HARRISVILLE,WV,26362,COUNTY,OPEN,-999,2018-05-10
10000020,WIRT COUNTY SHERIFF DEPARTMENT,1 COURT STREET,ELIZABETH,WV,26143,COUNTY,NOT AVAILABLE,-999,2016-03-01
10006191,PARKERSBURG CORRECTIONAL CENTER,225 HOLIDAY HILLS DRIVE,PARKERSBURG,WV,26104,STATE,OPEN,130,2018-01-22
10000013,ST MARY'S CORRECTIONAL CENTER,2880 N. PLEASANTS HIGHWAY,ST. MARYS,WV,26170,STATE,OPEN,610,2018-01-22
10006838,WASHINGTON COUNTY JUVENILE CENTER,1699 COLEGATE DRIVE,MARIETTA,OH,45750,COUNTY,OPEN,25,2018-04-12
10003427,WASHINGTON COUNTY JAIL,101 WESTVIEW AVE,MARIETTA,OH,45750,COUNTY,OPEN,124,2018-04-12
10000011,TYLER COUNTY JAIL / SHERIFF,121 COURT ST,MIDDLEBOURNE,WV,26149,COUNTY,NOT AVAILABLE,-999,2016-03-04
10006146,SALEM CORRECTIONAL CENTER,7 INDUSTRIAL BOULEVARD,INDUSTRIAL,WV,26426,STATE,OPEN,-999,2018-01-22
10000021,LEWIS COUNTY SHERIFF,110 CENTER AVE,WESTON,WV,26452,COUNTY,NOT AVAILABLE,-999,2016-03-04
10001101,MARION COUNTY JAIL,217 ADAMS ST,FAIRMONT,WV,26554,COUNTY,OPEN,-999,2017-03-20
10000014,PRUNTYTOWN CORRECTIONAL CENTER,2006 TRAP SPRINGS RD,GRAFTON,WV,26354,STATE,OPEN,369,2018-01-22
10000007,PRESTON COUNTY SHERIFF'S DEPARTMENT,103 WEST MAIN ST,KINGWOOD,WV,54077,COUNTY,OPEN,-999,2016-03-01
10004743,GARRETT COUNTY DETENTION CENTER,311 EAST ALDER STREET,OAKLAND,MD,21550,COUNTY,OPEN,72,2024-08-19
10000019,DAVIS CENTER,BLACKWATER FALLS RD.,DAVIS,WV,26260,STATE,CLOSED,-999,2015-02-03
10006192,KENNETH HONEY RUBENSTEIN JUVENILE CENTER,141 FORESTRY CAMP RD,DAVIS,WV,26260,STATE,OPEN,84,2018-01-22
10000022,RANDOLPH COUNTY SHERIFF'S DEPARTMENT,25 HIGH STREET,ELKINS,WV,26241,COUNTY,NOT AVAILABLE,-999,2018-05-10
10001103,BARBOUR COUNTY JAIL / COURTHOUSE,8 N MAIN ST,PHILIPPI,WV,26416,COUNTY,OPEN,-999,2020-03-03
10003597,TYGART VALLEY REGIONAL JAIL,400 ABBEY ROAD,BELINGTON,WV,26250,COUNTY,OPEN,300,2020-03-03
10001875,HUTTONSVILLE CORRECTIONAL CENTER,109 HCC BLVD,HUTTONSVILLE,WV,26273,STATE,OPEN,-999,2020-03-03
10006674,HUTTONSVILLE WORK CAMP,"US HWY 250 S, P.O. BOX 1",HUTTONSVILLE,WV,26273,STATE,OPEN,48,2018-01-22
10000030,WEBSTER COUNTY SHERIFF DEPARTMENT,2 COURT SQUARE,WEBSTER SPRINGS,WV,26288,COUNTY,NOT AVAILABLE,-999,2016-03-04
10000023,FCI GILMER,201 FCI LANE,GLENVILLE,WV,26351,FEDERAL,OPEN,-999,2016-02-16
10003598,FCI GILMER CAMP,201 FCI LANE,GLENVILLE,WV,26351,FEDERAL,OPEN,-999,2016-02-16
10001876,CENTRAL REGIONAL JAIL,1255 DYER HILL RD,SUTTON,WV,26601,COUNTY,OPEN,200,2018-01-22
10006152,FPC ALDERSON,GLEN RAY RD,ALDERSON,WV,24910,FEDERAL,OPEN,-999,2016-02-16
10001106,ANTHONY CORRECTIONAL CENTER,313 ANTHONY CENTER DRIVE,WHITE SULPHUR SPRINGS,WV,24986,STATE,OPEN,-999,2018-01-22
10000028,DENMAR CORRECTIONAL CENTER,4319 DENMAR ROAD,HILLSBORO,WV,24946,STATE,OPEN,232,2018-01-22
10000029,POCAHONTAS COUNTY SHERIFF,900 1/2 10TH AVE.,MARLINGTON,WV,24954,COUNTY,OPEN,-999,2016-03-04
10006392,BATH COUNTY JAIL / SHERIFF,85 COURTHOUSE HILL ROAD,WARM SPRINGS,VA,22484,COUNTY,OPEN,-999,2020-02-24
10003265,ROCKBRIDGE COUNTY REGIONAL JAIL,258 GREENHOUSE RD,LEXINGTON,VA,24450,COUNTY,OPEN,-999,2020-02-24
10003264,NATURAL BRIDGE JUVENILE CORRECTIONAL CENTER,1425 ARNOLDS VALLEY RD,NATURAL BRIDGE STATION,VA,24579,STATE,CLOSED,71,2009-09-16
10003270,ALLEGHANY REGIONAL JAIL,268 W MAIN ST,COVINGTON,VA,24426,COUNTY,OPEN,-999,2018-05-03
10003297,ROANOKE COUNTY / SALEM JAIL,401 E MAIN ST,SALEM,VA,24153,COUNTY,OPEN,108,2017-10-31
10003296,ROANOKE CITY JAIL,324 CAMPBELL AVE,ROANOKE,VA,24016,LOCAL,OPEN,-999,2018-05-22
10003272,ROANOKE VALLEY JUVENILE DETENTION CENTER,498 COYNER SPRINGS RD,ROANOKE,VA,24012,COUNTY,OPEN,81,2018-05-04
10003271,BOTETOURT-CRAIG REGIONAL JAIL,205 N ROANOKE ST,FINCASTLE,VA,24090,COUNTY,OPEN,214,2018-05-03
10003293,BEDFORD ADULT DETENTION CENTER,1000 BROAD ST,BEDFORD,VA,24523,LOCAL,OPEN,55,2018-05-03
10005376,PITTSYLVANIA COUNTY JAIL,21 N MAIN STREET,CHATHAM,VA,24531,COUNTY,OPEN,-999,2018-05-04
10003305,FRANKLIN COUNTY JAIL,70 E COURT ST,ROCKY MOUNT,VA,24151,COUNTY,OPEN,-999,2018-05-04
10003311,NEW RIVER VALLEY JUVENILE DETENTION HOME,650 WADES LANE,CHRISTIANSBURG,VA,24073,COUNTY,OPEN,24,2018-05-04
10003312,MONTGOMERY COUNTY JAIL,1 EAST MAIN ST,CHRISTIANSBURG,VA,24073,COUNTY,OPEN,-999,2018-05-04
10006992,WESTERN VIRGINIA REGIONAL JAIL,5885 W RIVER RD,SALEM,VA,24153,STATE,OPEN,1021,2020-04-22
10000049,MONROE COUNTY SHERIFF'S DEPARTMENT,216 MAIN ST,UNION,WV,24983,COUNTY,OPEN,-999,2016-03-04
10003302,PULASKI CORRECTIONAL CENTER,6698 OLD US HWY 11,DUBLIN,VA,24084,STATE,CLOSED,-999,2009-01-01
10003303,NEW RIVER VALLEY REGIONAL JAIL,108 BAKER RD,DUBLIN,VA,24084,COUNTY,OPEN,1183,2018-05-03
10001588,BLAND CORRECTIONAL CENTER,256 BLAND FARM RD,BLAND,VA,24315,STATE,OPEN,-999,2017-09-21
10003294,"TAZEWELL CORRECTIONAL UNIT #31",1245 CLEARFORK RD,TAZEWELL,VA,24651,STATE,CLOSED,-999,2009-01-01
10005834,POCAHONTAS STATE CORRECTIONAL CENTER,317 OLD MOUNTAIN ROAD,POCAHONTAS,VA,24635,STATE,OPEN,-999,2017-05-11
10001882,BLUEFIELD CITY JAIL,200 SOUTH MERCER ST,BLUEFIELD,WV,24701,LOCAL,OPEN,22,2016-03-01
10000050,SAM PERDUE JUVENILE CENTER,843 SHELTER RD,PRINCETON,WV,24739,STATE,OPEN,-999,2015-01-20
10000051,SOUTHERN REGIONAL JUVENILE DETENTION CENTER,110 GOTT ROAD,PRINCETON,WV,24740,STATE,CLOSED,-999,2016-03-07
10000047,SUMMERS COUNTY SHERIFF'S DEPARTMENT,123 TEMPLE STREET,HINTON,WV,25951,COUNTY,OPEN,-999,2016-03-04
10000044,FCI BECKLEY CAMP,1600 INDUSTRIAL ROAD,BEAVER,WV,25813,FEDERAL,OPEN,-999,2016-02-16
10000045,SOUTHERN REGIONAL JAIL,1200 AIRPORT RD,BEAVER,WV,25813,COUNTY,OPEN,350,2020-03-03
10000043,FCI BECKLEY,1600 INDUSTRIAL ROAD,BEAVER,WV,25813,FEDERAL,OPEN,-999,2016-02-16
10000038,NICHOLAS COUNTY SHERIFF'S DEPARTMENT,700 MAIN ST,SUMMERSVILLE,WV,26651,COUNTY,OPEN,-999,2018-05-10
10001107,FAYETTE COUNTY SHERIFF DEPARTMENT,100 CHURCH ST,FAYETTEVILLE,WV,25840,COUNTY,OPEN,-999,2018-05-10
10001879,MT. OLIVE CORRECTIONAL COMPLEX,1 MOUNTAINSIDE WAY,MT. OLIVE,WV,25185,STATE,OPEN,1030,2020-03-03
10000041,GENE SPADARO JUVENILE CENTER,106 MARTIN DR.,MOUNT HOPE,WV,25880,STATE,OPEN,23,2018-01-22
10001108,BECKLEY CORRECTIONAL CENTER,111 S EISENHOWER DRIVE,BECKLEY,WV,25801,STATE,OPEN,137,2018-01-22
10006673,CHARLESTON CORRECTIONAL CENTER,1356 HANSFORD STREET,CHARLESTON,WV,25301,STATE,OPEN,128,2018-01-22
10001105,CHARLESTON WORK RELEASE CENTER,607 BROOKS ST,CHARLESTON,WV,25301,STATE,CLOSED,66,2018-01-23
10001877,SOUTH CENTRAL REGIONAL JAIL,1001 CENTRE WAY,CHARLESTON,WV,25309,COUNTY,OPEN,372,2020-03-03
10000042,DONALD R. KUHN JUVENILE CENTER,1 LORY PLACE,JULIAN,WV,25529,STATE,OPEN,48,2018-01-22
10001880,BOONE COUNTY SHERIFF DEPARTMENT,206 COURT STREET,MADISON,WV,25130,COUNTY,OPEN,-999,2016-03-01
10000040,LINCOLN COUNTY SHERIFF DEPARTMENT,8000 COURT AVE,HAMLIN,WV,25523,COUNTY,OPEN,-999,2016-03-01
10001881,SOUTHWESTERN REGIONAL JAIL,1300 GASTON CAPERTON DR,HOLDEN,WV,25625,COUNTY,OPEN,500,2020-03-03
10000048,WYOMING COUNTY JAIL,P O BOX 529,PINEVILLE,WV,24874,COUNTY,NOT AVAILABLE,-999,2016-03-04
10006178,FCI MCDOWELL CAMP,101 FEDERAL DRIVE,WELCH,WV,24801,FEDERAL,OPEN,-999,2016-02-16
10006177,FCI MCDOWELL,101 FEDERAL DRIVE,WELCH,WV,24801,FEDERAL,OPEN,-999,2016-02-16
10001109,MCDOWELL COUNTY CORRECTIONS - STEVENS FACILITY,795 VIRGINIA AVE,WELCH,WV,24801,COUNTY,OPEN,322,2018-05-10
10000052,MCDOWELL COUNTY CORRECTIONS - WELCH FACILITY,50 COURT STREET,WELCH,WV,24801,COUNTY,OPEN,108,2018-05-10
10003295,SOUTHWEST VIRGINIA REGIONAL JAIL - TAZEWELL,115 COURT ST,TAZEWELL,VA,24651,COUNTY,OPEN,80,2017-06-29
10001583,KEEN MOUNTAIN CORRECTIONAL CENTER,3402 KENNEL GAP ROAD,OAKWOOD,VA,24631,STATE,OPEN,-999,2014-11-18
10003309,LEBANON COMMUNITY CORRECTIONAL CENTER,168 ROGERS ST,LEBANON,VA,24266,COUNTY,OPEN,-999,2016-03-07
10003326,SOUTHWEST VIRGINIA REGIONAL JAIL,15205 JOE DERTING RD,ABINGDON,VA,24210,COUNTY,OPEN,620,2017-10-18
10006672,APPALACHIAN DETENTION AND DIVERSION CENTER,924 CLIFTON FARM ROAD,HONAKER,VA,24260,STATE,OPEN,-999,2017-06-06
10005450,JOHNSON COUNTY JAIL,999 HONEYSUCKLE STREET,MOUNTAIN CITY,TN,37683,COUNTY,OPEN,114,2018-03-31
10003492,NORTHEAST CORRECTIONAL COMPLEX-MAIN,5249 HWY 67 W,MOUNTAIN CITY,TN,37683,STATE,OPEN,1395,2017-11-30
10003336,BRISTOL VIRGINIA JAIL,417 CUMBERLAND ST,BRISTOL,VA,24201,LOCAL,OPEN,-999,2018-05-22
10003337,HIGHLANDS JUVENILE DETENTION CENTER,2105 SHAKESVILLE RD,BRISTOL,VA,24203,COUNTY,OPEN,36,2018-05-04
10005452,CARTER COUNTY JAIL,900 EAST ELK AVENUE,ELIZABETHTON,TN,37643,COUNTY,OPEN,293,2018-03-31
10001703,NORTHEAST CORRECTIONAL COMPLEX - ANNEX,188 OLD RAILROAD GRADE RD,ROAN MOUNTAIN,TN,37687,STATE,CLOSED,-999,2018-01-10
10005505,AVERY COUNTY JAIL / SHERIFF,300 SCHULTZ CIRCLE,NEWLAND,NC,28657,COUNTY,OPEN,-999,2018-04-02
10004180,MCDOWELL COUNTY JAIL,593 SPAULDING RD,MARION,NC,28752,COUNTY,OPEN,-999,2018-04-03
10004181,MARION MINIMUM SECURITY UNIT,4019 STATE HWY 226 S,MARION,NC,28752,STATE,OPEN,116,2017-12-13
10006147,AVERY-MITCHELL CORRECTIONAL INSTITUTION,600 AMITY PARK RD,SPRUCE PINE,NC,28777,STATE,OPEN,816,2017-10-31
10001754,MOUNTAIN VIEW CORRECTIONAL INSTITUTION,545 AMITY PARK RD,SPRUCE PINE,NC,28777,STATE,OPEN,884,2017-10-31
10002636,BURKE COUNTY JAIL (DOWNTOWN JAIL),201 S GREEN ST,MORGANTON,NC,28655,COUNTY,OPEN,-999,2018-04-02
10002637,BURKE-CATAWBA DISTRICT CONFINEMENT FACILITY,130 GOVERNMENT DR,MORGANTON,NC,28655,COUNTY,OPEN,-999,2018-04-02
10001769,FOOTHILLS CORRECTIONAL INSTITUTION,5150 WESTERN AVE,MORGANTON,NC,28655,STATE,OPEN,858,2017-10-31
10004179,WESTERN YOUTH INSTITUTION,5155 WESTERN AVE,MORGANTON,NC,28655,STATE,CLOSED,785,2015-11-13
10006348,BURKE CRV CENTER,5161 WESTERN AVE,MORGANTON,NC,28655,STATE,OPEN,248,2017-10-31
10004170,CALDWELL CORRECTIONAL CENTER,480 PLEASANT HILL RD,LENOIR,NC,28645,STATE,OPEN,238,2017-10-31
10002635,CALDWELL COUNTY DETENTION CENTER,2351 MORGANTON BLVD SW,LENOIR,NC,28645,COUNTY,OPEN,-999,2018-03-22
10005501,WATAUGA COUNTY DETENTION CENTER,184 HODGES GAP ROAD,BOONE,NC,28607,COUNTY,OPEN,-999,2018-04-03
10004187,CATAWBA COUNTY DETENTION FACILITY / JUSTICE CENTER,100 GOVERNMENT DRIVE,NEWTON,NC,28658,COUNTY,OPEN,579,2018-04-02
10002638,CATAWBA CORRECTIONAL CENTER,1347 PRISON CAMP RD,NEWTON,NC,28658,STATE,OPEN,246,2017-10-31
10001023,ALEXANDER CORRECTIONAL INSTITUTION,633 OLD LANDFILL RD,TAYLORSVILLE,NC,28681,STATE,OPEN,1180,2017-10-31
10006433,ALEXANDER COUNTY LAW ENFORCEMENT CENTER,91 COMMERCIAL PARK AVE,TAYLORSVILLE,NC,28681,COUNTY,OPEN,164,2018-04-02
10004176,ALEXANDER REGIONAL JUVENILE DETENTION CENTER,928 NC HWY 16 S,TAYLORSVILLE,NC,28681,STATE,OPEN,24,2017-12-12
10004175,IREDELL COUNTY DETENTION CENTER,204 CONSTITUTION LANE,STATESVILLE,NC,28687,COUNTY,OPEN,501,2018-04-02
10006820,WILKES COUNTY JAIL,502 COURT HOUSE DRIVE,WILKESBORO,NC,28697,COUNTY,OPEN,-999,2018-04-03
10004153,WILKES CORRECTIONAL CENTER,404 STATESVILLE RD,NORTH WILKESBORO,NC,28659,STATE,OPEN,268,2017-10-31
10004154,WILKES COUNTY FEMALE DETENTION CENTER,701 BOSTON AVE,NORTH WILKESBORO,NC,28659,COUNTY,CLOSED,-999,2014-12-17
10006218,RIVER NORTH CORRECTIONAL CENTER,329 DELL BROOK LANE,INDEPENDENCE,VA,24348,STATE,OPEN,-999,2016-03-16
10005497,ALLEGHANY LAW ENFORCEMENT CENTER,40 ALLEGHANY STREET,SPARTA,NC,28675,COUNTY,OPEN,-999,2018-04-02
10005496,ASHE COUNTY JAIL,140 GOVERNMENT CIRCLE,JEFFERSON,NC,28640,COUNTY,OPEN,160,2018-04-02
10003321,KEYSTONE MARION YOUTH CENTER,225 STATE ST,MARION,VA,24354,STATE,CLOSED,-999,2012-03-29
10003320,MARION CORRECTIONAL TREATMENT CENTER,110 WRIGHT ST,MARION,VA,24354,STATE,OPEN,-999,2017-05-17
10004142,SURRY COUNTY DETENTION CENTER,218 N MAIN ST,DOBSON,NC,27017,COUNTY,NOT AVAILABLE,-999,2018-04-03
10006119,STOKES COUNTY JAIL,1013 MAIN ST,DANBURY,NC,27016,COUNTY,OPEN,-999,2018-04-03
10006394,PATRICK COUNTY JAIL,742 COMMERCE ST,STUART,VA,24171,COUNTY,OPEN,-999,2018-05-04
10003333,PATRICK HENRY CORRECTIONAL UNIT,18155 A L PHILPOTT HWY,RIDGEWAY,VA,24148,STATE,OPEN,-999,2015-09-21
10003335,MARTINSVILLE CITY JAIL,55 W CHURCH ST,MARTINSVILLE,VA,24112,LOCAL,OPEN,-999,2018-05-23
10003334,HENRY COUNTY JAIL,3250 KINGS MOUNTAIN RD,MARTINSVILLE,VA,24112,COUNTY,OPEN,120,2018-05-04
10002387,CHATHAM DIVERSION CENTER,1541 CONCORD RD,CHATHAM,VA,24531,STATE,CLOSED,-999,2015-11-20
10003310,GREEN ROCK CORRECTIONAL CENTER,475 GREEN ROCK LANE,CHATHAM,VA,24531,STATE,OPEN,-999,2014-12-01
10003338,DANVILLE CITY JAIL,401 PATTON ST,DANVILLE,VA,24541,LOCAL,OPEN,213,2018-05-23
10003340,"W W MOORE, JR. JUVENILE DETENTION HOME",603 COLQUHOUN ST,DANVILLE,VA,24541,COUNTY,OPEN,60,2018-05-04
10004149,ROCKINGHAM COUNTY DETENTION CENTER,130 JUSTICE CENTER DRIVE,REIDSVILLE,NC,27320,COUNTY,OPEN,232,2018-04-03
10001758,GUILFORD COUNTY JUVENILE DETENTION CENTER,15 LOCKHEED COURT,GREENSBORO,NC,27409,COUNTY,OPEN,-999,2018-04-02
10004161,HIGH POINT DETENTION CENTER,507 E GREEN DR,HIGH POINT,NC,27260,COUNTY,OPEN,274,2016-02-15
10001757,GREENSBORO DETENTION CENTER,201 S EDGEWORTH ST,GREENSBORO,NC,27401,COUNTY,OPEN,1032,2018-04-02
10001756,GUILFORD CORRECTIONAL CENTER,4250 CAMP BURTON RD,MCLEANSVILLE,NC,27301,STATE,CLOSED,-999,2015-11-13
10004162,GUILFORD COUNTY SHERIFF'S PRISON FARM,7315 HOWERTON RD,ELON,NC,27244,COUNTY,CLOSED,-999,2018-04-02
10005506,ALAMANCE COUNTY DETENTION CENTER,109 SOUTH MAPLE STREET,GRAHAM,NC,27253,MULTI,OPEN,476,2024-01-12
10006216,CHATHAM YOUTH DEVELOPMENT CENTER,560 PROGRESS BLVD,SILER CITY,NC,27344,STATE,OPEN,24,2017-10-01
10001771,RANDOLPH CORRECTIONAL CENTER,2760 US HWY 220 BUSINESS,ASHEBORO,NC,27203,STATE,OPEN,226,2017-10-31
10004182,RANDOLPH COUNTY JAIL,790 NEW CENTURY DR,ASHEBORO,NC,27205,COUNTY,OPEN,-999,2018-04-01
10005512,DAVIDSON COUNTY DETENTION FACILITY,110 WEST CENTER STREET,LEXINGTON,NC,27292,COUNTY,OPEN,-999,2018-04-02
10004178,NORTH PIEDMONT CORRECTIONAL CENTER FOR WOMEN,1420 RALEIGH RD,LEXINGTON,NC,27292,STATE,CLOSED,136,2015-11-13
10004177,DAVIDSON CORRECTIONAL CENTER,1400 THOMASON ST,LEXINGTON,NC,27292,STATE,OPEN,258,2017-10-31
10004159,FORSYTH CORRECTIONAL CENTER,307 CRAFT DR,WINSTON-SALEM,NC,27105,STATE,OPEN,248,2017-10-31
10004160,FORSYTH COUNTY LAW ENFORCEMENT DETENTION CENTER,201 N CHURCH ST,WINSTON-SALEM,NC,27101,COUNTY,OPEN,1016,2018-04-02
10004158,BRIDGES JUVENILE CRISIS & ASSESSMENT CENTER,5550 STURMER PARK CIRCLE,WINSTON-SALEM,NC,27105,COUNTY,OPEN,16,2015-06-04
10005504,YADKIN COUNTY JAIL,205 EAST CHERRY ST,YADKINVILLE,NC,27055,COUNTY,OPEN,101,2018-04-03
10005510,DAVIE COUNTY DETENTION CENTER,135 GREEN STREET,MOCKSVILLE,NC,27028,COUNTY,OPEN,-999,2018-04-02
10001772,ROWAN COUNTY DETENTION CENTER,115 W LIBERTY ST,SALISBURY,NC,28144,COUNTY,OPEN,210,2018-04-03
10004184,PIEDMONT CORRECTIONAL INSTITUTION - MINIMUM SECURITY UNIT,4750 S MAIN ST,SALISBURY,NC,28147,STATE,OPEN,276,2017-12-12
10006819,ROWAN COUNTY DETENTION ANNEX,400 GRACE CHURCH ROAD,SALISBURY,NC,28145,COUNTY,OPEN,160,2018-04-03
10004183,PIEDMONT CORRECTIONAL INSTITUTION,1245 CAMP RD,SALISBURY,NC,28147,STATE,OPEN,952,2017-10-31
10001785,CABARRUS COUNTY JAIL,30 CORBAN AVE SE,CONCORD,NC,28025,COUNTY,OPEN,-999,2018-04-02
10004204,STONEWALL JACKSON YOUTH DEVELOPMENT CENTER,850 HOLSHOUSER ROAD,CONCORD,NC,28027,STATE,OPEN,96,2017-10-01
10006583,CABARRUS REGIONAL JUVENILE DETENTION CENTER,822 MCWHORTER ROAD,CONCORD,NC,28027,STATE,OPEN,62,2017-12-12
10001792,UNION CORRECTIONAL CENTER,200 S SUTHERLAND AVE,MONROE,NC,28112,STATE,CLOSED,82,2015-11-13
10004217,UNION COUNTY JAIL,3344 PRESSON RD,MONROE,NC,28112,COUNTY,OPEN,-999,2018-04-03
10001790,ANSON CI - FEMALE,552 PRISON CAMP RD,POLKTON,NC,28135,STATE,OPEN,1850,2017-10-31
10004205,CABARRUS CORRECTIONAL CENTER,130 DUTCH RD,MOUNT PLEASANT,NC,28124,STATE,CLOSED,-999,2015-11-13
10004206,STANLEY COUNTY DETENTION CENTER,223 SOUTH SECOND STREET,ALBEMARLE,NC,28001,COUNTY,OPEN,133,2018-04-03
10001786,ALBEMARLE CORRECTIONAL INSTITUTION,44150 AIRPORT RD,NEW LONDON,NC,28127,STATE,OPEN,624,2017-10-31
10006582,SOUTHERN CORRECTIONAL INSTITUTION - MINIMUM CUSTODY UNIT,272 GLEN RD,TROY,NC,27371,STATE,OPEN,200,2017-12-12
10005521,MONTGOMERY COUNTY DETENTION CENTER,206 GLEN ROAD,TROY,NC,27371,COUNTY,OPEN,106,2018-04-03
10001784,SOUTHERN CORRECTIONAL INSTITUTION,272 GLEN RD,TROY,NC,27371,STATE,OPEN,664,2017-10-31
10004198,MOORE COUNTY JAIL,302 SOUTH MCNEILL STREET,CARTHAGE,NC,28327,COUNTY,OPEN,-999,2018-04-03
10005520,SAMARKAND YOUTH DEVELOPMENT CENTER,3600 SAMARKAND ROAD,EAGLE SPRINGS,NC,27242,STATE,CLOSED,70,2015-11-13
10004219,RICHMOND CORRECTIONAL INSTITUTION,1573 MCDONALD CHURCH RD,HOFFMAN,NC,28347,STATE,OPEN,801,2017-10-31
10004221,SCOTLAND COUNTY JAIL,212 BIGGS ST,LAURINBURG,NC,28352,COUNTY,OPEN,109,2018-04-03
10006130,RICHMOND COUNTY JAIL,1 COURT STREET,ROCKINGHAM,NC,28379,COUNTY,OPEN,-999,2018-04-03
10004220,RICHMOND JUVENILE DETENTION CENTER,269 CARTLEDGE CREEK RD,ROCKINGHAM,NC,28379,STATE,CLOSED,30,2015-11-13
10001791,ANSON COUNTY JAIL,119 N WASHINGTON ST,WADESBORO,NC,28170,COUNTY,OPEN,60,2018-04-02
10005008,CHESTERFIELD COUNTY DETENTION CENTER,319 GOODALE RD,CHESTERFIELD,SC,29709,COUNTY,OPEN,-999,2018-04-19
10005009,CHESTERFIELD COUNTY WORK CAMP,317 GOODALE RD,CHESTERFIELD,SC,29709,COUNTY,OPEN,-999,2018-04-19
10001134,FCI BENNETTSVILLE,696 MUCKERMAN RD,BENNETTSVILLE,SC,29512,FEDERAL,OPEN,-999,2016-02-16
10001133,EVANS CORRECTIONAL INSTITUTION,610 HWY 9 W,BENNETTSVILLE,SC,29512,STATE,OPEN,-999,2018-01-08
10001135,FCI BENNETTSVILLE CAMP,696 MUCKERMAN RD,BENNETTSVILLE,SC,29512,FEDERAL,OPEN,-999,2016-02-16
10001136,MARLBORO COUNTY DETENTION CENTER,253 THROOP ST,BENNETTSVILLE,SC,29512,COUNTY,OPEN,-999,2018-04-19
10005011,DILLON COUNTY DETENTION CENTER,1033 OLD LATTA HWY,DILLON,SC,29536,COUNTY,OPEN,-999,2020-02-07
10002685,PALMER PRE-RELEASE CENTER,2012 PISGAH RD,FLORENCE,SC,29501,STATE,OPEN,-999,2018-01-08
10002683,DARLINGTON COUNTY PRISON FARM,200 CAMP RD,DARLINGTON,SC,29532,COUNTY,OPEN,51,2018-04-19
10002682,DARLINGTON COUNTY DETENTION CENTER,2349 ROGERS RD,DARLINGTON,SC,29532,COUNTY,OPEN,288,2018-04-19
10001138,LEE CORRECTIONAL INSTITUTION,990 WISACKY HWY,BISHOPVILLE,SC,29010,STATE,OPEN,-999,2018-01-08
10001132,KERSHAW CORRECTIONAL INSTITUTION,4848 GOLDMINE HWY,KERSHAW,SC,29067,STATE,OPEN,-999,2018-01-08
10002675,LANCASTER COUNTY DETENTION CENTER,1941 PAGELAND HWY,LANCASTER,SC,29720,COUNTY,OPEN,-999,2018-04-19
10005012,KERSHAW COUNTY DETENTION CENTER,101 BRAMBLEWOOD PLANTATION RD,CAMDEN,SC,29020,COUNTY,OPEN,-999,2018-04-19
10005013,FAIRFIELD COUNTY DETENTION CENTER,10 FAITH LANE,WINNSBORO,SC,29180,COUNTY,OPEN,-999,2016-03-01
10005006,CHESTER COUNTY DETENTION CENTER,2740 DAWSON DR,CHESTER,SC,29706,COUNTY,OPEN,-999,2018-04-19
10001131,CATAWBA PRE-RELEASE CENTER,1030 MILLING RD,ROCK HILL,SC,29730,STATE,CLOSED,-999,2018-01-08
10004203,CHARLOTTE CORRECTIONAL CENTER,4100 MEADOW OAK DR,CHARLOTTE,NC,28208,STATE,CLOSED,252,2015-11-13
10004202,MECKLENBURG COUNTY WORK RELEASE / RESTITUTION CTR,901 ELIZABETH AVE,CHARLOTTE,NC,28204,COUNTY,CLOSED,160,2015-06-02
10004201,MECKLENBURG COUNTY JAIL CENTRAL,801 E 4TH ST,CHARLOTTE,NC,28202,COUNTY,OPEN,1900,2018-04-03
10004200,MECKLENBURG COUNTY JAIL NORTH,5235 SPECTOR DR,CHARLOTTE,NC,28269,COUNTY,OPEN,-999,2018-04-03
10006448,MECKLENBURG COUNTY JAIL NORTH - ANNEX,5235 SPECTOR DR,CHARLOTTE,NC,28269,COUNTY,NOT AVAILABLE,-999,2018-04-03
10004211,GASTON COUNTY JAIL,425 DR. MARTIN LUTHER KING JR WAY,GASTONIA,NC,28052,COUNTY,OPEN,600,2018-04-02
10004210,GASTON CORRECTIONAL CENTER,520 JUSTICE COURT,DALLAS,NC,28034,STATE,OPEN,242,2017-10-31
10004209,GASTON REG JUVENILE DETENTION CENTER,135 CAMP SERTOMA RD,DALLAS,NC,28034,STATE,CLOSED,24,2015-09-09
10004197,LINCOLN CORRECTIONAL CENTER,464 ROPER DR,LINCOLNTON,NC,28092,STATE,OPEN,202,2017-10-31
10001783,LINCOLN COUNTY DETENTION CENTER,700 JOHN HOWELL MEMORIAL DR,LINCOLNTON,NC,28092,COUNTY,OPEN,-999,2018-04-03
10001024,CLEVELAND CORRECTIONAL CENTER,260 KEMPER RD,SHELBY,NC,28152,STATE,CLOSED,142,2015-11-13
10005003,YORK COUNTY PRISON CAMP,778 JUSTICE BLVD,YORK,SC,29745,COUNTY,OPEN,256,2018-04-20
10002673,YORK COUNTY DETENTION CENTER,1675-2A YORK HWY,YORK,SC,29745,COUNTY,OPEN,565,2018-04-20
10002672,CHEROKEE COUNTY DETENTION CENTER,315 EAST DR. LM ROSEMOND BLVD,GAFFNEY,SC,29340,COUNTY,OPEN,155,2018-04-19
10002642,CLEVELAND COUNTY LAW ENFORCEMENT DETENTION CENTER,100 JUSTICE PL,SHELBY,NC,28150,COUNTY,OPEN,-999,2018-04-02
10002643,CLEVELAND COUNTY DETENTION CENTER,407 MCBRAYER ST,SHELBY,NC,28150,COUNTY,OPEN,-999,2018-04-02
10001778,RUTHERFORD CORRECTIONAL CENTER,549 LEDBETTER RD,SPINDALE,NC,28160,STATE,OPEN,236,2017-10-31
10001779,RUTHERFORD COUNTY DETENTION CENTER,198 N WASHINGTON ST,RUTHERFORDTON,NC,28139,COUNTY,OPEN,208,2018-04-03
10001770,MARION CORRECTIONAL INSTITUTION,355 OLD GLENWOOD DR,MARION,NC,28752,STATE,OPEN,793,2017-10-31
10005524,POLK COUNTY JAIL,164 GOVERNMENT COMPLEX DRIVE,COLUMBUS,NC,28722,COUNTY,OPEN,60,2018-04-03
10001130,SPARTANBURG COUNTY JAIL ANNEX I,180 MAGNOLIA ST,SPARTANBURG,SC,29306,COUNTY,OPEN,76,2018-04-19
10005002,SPARTANBURG COUNTY JAIL ANNEX II,180 NORTH DANIEL MORGAN AVE,SPARTANBURG,SC,29306,COUNTY,OPEN,131,2018-04-19
10002671,LIVESAY CORRECTIONAL INSTITUTION-B CAMP,504 BROADCAST DR,SPARTANBURG,SC,29303,STATE,OPEN,-999,2015-12-08
10002670,LIVESAY CORRECTIONAL INSTITUTION-A CAMP,104 BROADCAST DR,SPARTANBURG,SC,29303,STATE,OPEN,-999,2015-12-08
10002669,SPARTANBURG COUNTY MAIN JAIL,950 CALIFORNIA AVE,SPARTANBURG,SC,29303,COUNTY,OPEN,436,2018-04-19
10002676,UPSTATE REGIONAL EVALUATION CENTER,1585 JONESVILLE HWY,UNION,SC,29379,STATE,OPEN,-999,2018-01-08
10005005,UNION COUNTY DETENTION CENTER,1657 JONESVILLE HWY,UNION,SC,29379,COUNTY,OPEN,64,2018-04-20
10002677,UNION COUNTY JAIL,1663 JONESVILLE HWY,UNION,SC,29379,COUNTY,OPEN,-999,2018-04-20
10002668,TYGER RIVER CORRECTIONAL INSTITUTION,200 PRISON RD,ENOREE,SC,29335,STATE,OPEN,-999,2018-01-08
10005014,NEWBERRY COUNTY DETENTION CENTER,3239 LOUIS RICH DRIVE,NEWBERRY,SC,29108,COUNTY,OPEN,-999,2018-04-19
10002679,JOHNSON DETENTION CENTER,154 TEMPLETON RD,LAURENS,SC,29360,COUNTY,OPEN,200,2018-04-19
10005010,LAURENS CITY JAIL,250 W LAURENS ST,LAURENS,SC,29360,LOCAL,OPEN,-999,2016-03-01
10001129,PERRY CORRECTIONAL INSTITUTION,430 OAKLAWN RD,PELZER,SC,29669,STATE,OPEN,-999,2018-01-08
10002667,GREENVILLE COUNTY DETENTION CENTER,20 MCGEE ST,GREENVILLE,SC,29601,COUNTY,OPEN,1277,2018-04-19
10002681,PICKENS COUNTY DETENTION CENTER,216 C DAVID STONE RD,PICKENS,SC,29671,COUNTY,OPEN,91,2018-04-19
10002680,PICKENS COUNTY PRISON,182 PRISON CAMP RD,PICKENS,SC,29671,COUNTY,OPEN,-999,2018-04-19
10005007,CITY OF ANDERSON DETENTION CENTER,401 S MAIN ST,ANDERSON,SC,29624,LOCAL,OPEN,-999,2018-05-21
10002678,ANDERSON COUNTY DETENTION CENTER,1009 DAVID LEE COFFEE PLACE,ANDERSON,SC,29625,COUNTY,OPEN,257,2017-03-08
10004453,WHITWORTH WOMEN'S FACILITY,414 VALLEY HART ROAD,HARTWELL,GA,30643,STATE,OPEN,442,2024-02-01
10004455,HART COUNTY JAIL,115 NORTH CAROLINA STREET,HARTWELL,GA,30643,COUNTY,OPEN,-999,2024-07-02
10004454,HARTWELL CITY JAIL,500 EAST HOWELL STREET,HARTWELL,GA,30643,LOCAL,OPEN,-999,2019-11-05
10003896,FRANKLIN COUNTY JAIL,1 JAMES LITTLE STREET,CARNESVILLE,GA,30521,COUNTY,OPEN,-999,2024-07-02
10003885,HABERSHAM COUNTY DETENTION CENTER,1000 DETENTION DRIVE,CLARKESVILLE,GA,30523,COUNTY,OPEN,-999,2018-02-23
10003888,STEPHENS COUNTY JAIL,1677 SCENIC DRIVE,TOCCOA,GA,30577,COUNTY,OPEN,-999,2024-07-09
10003873,RABUN COUNTY DETENTION CENTER,175 BOEN CREEK ROAD,TIGER,GA,30576,COUNTY,OPEN,-999,2018-02-26
10005004,OCONEE COUNTY DETENTION CENTER,300 S CHURCH ST,WALHALLA,SC,29691,COUNTY,OPEN,122,2018-04-19
10005525,MACON COUNTY DETENTION CENTER,1820 LAKESIDE DRIVE,FRANKLIN,NC,28734,COUNTY,OPEN,-999,2018-04-03
10006125,SWAIN COUNTY JAIL / SHERIFF,95 BRENDLE STREET,BRYSON CITY,NC,28713,COUNTY,OPEN,-999,2018-04-03
10005519,JACKSON COUNTY JAIL,399 GRINDSTAFF COVE ROAD,SYLVA,NC,28779,COUNTY,OPEN,72,2018-04-02
10004192,HAYWOOD COUNTY DETENTION CENTER,1620 BROWN AVE,WAYNESVILLE,NC,28786,COUNTY,OPEN,150,2018-04-02
10001774,HAYWOOD CORRECTIONAL CENTER,141 HEMLOCK ST,WAYNESVILLE,NC,28786,STATE,CLOSED,128,2015-11-13
10002639,BUNCOMBE CORRECTIONAL CENTER,HWY 251 N,ASHEVILLE,NC,28814,STATE,CLOSED,182,2015-11-13
10002640,CRAGGY CORRECTIONAL CENTER,2992 RIVERSIDE DRIVE,ASHEVILLE,NC,28804,STATE,OPEN,598,2017-10-31
10004188,WESTERN AREA MULTIPURPOSE JUVENILE CRISIS AND ASSESMENT CENTER,20 LEES CREEK RD,ASHEVILLE,NC,28806,STATE,OPEN,4,2016-08-22
10006126,TRANSYLVANIA COUNTY DETENTION CENTER,153 PUBLIC SAFETY WAY,BREVARD,NC,28712,COUNTY,OPEN,-999,2018-04-03
10004207,HENDERSON COUNTY DETENTION CENTER,375 FIRST AVE E,HENDERSONVILLE,NC,28792,COUNTY,OPEN,222,2018-04-02
10002641,BUNCOMBE COUNTY DETENTION CENTER,20 DAVIDSON DR,ASHEVILLE,NC,28801,COUNTY,OPEN,604,2018-04-02
10006217,WESTERN CORRECTIONAL CENTER FOR WOMEN,55 LAKE EDEN ROAD,BLACK MOUNTAIN,NC,28711,STATE,OPEN,366,2017-10-31
10006122,YANCEY COUNTY DETENTION CENTER,4 E MAIN ST,BURNSVILLE,NC,28714,COUNTY,OPEN,-999,2018-04-03
10006123,MADISON COUNTY JAIL / SHERIFF / JUVENILE DETENTION CENTER,348 MEDICAL PARK DRIVE,MARSHALL,NC,28753,COUNTY,OPEN,-999,2018-04-03
10003498,GREENE COUNTY DETENTION CENTER,116 E DEPOT ST,GREENEVILLE,TN,37743,COUNTY,OPEN,167,2018-03-31
10002620,WASHINGTON COUNTY DETENTION CENTER,114 W JACKSON BLVD,JONESBOROUGH,TN,37659,COUNTY,OPEN,620,2018-03-31
10004772,UNICOI COUNTY JAIL,102 NORTH MAIN AVENUE,ERWIN,TN,37650,COUNTY,OPEN,100,2018-03-31
10005996,UPPER EAST TN REGIONAL JUVENILE DETENTION,307 WESLEY STREET,JOHNSON CITY,TN,37601,LOCAL,OPEN,11,2016-03-01
10006920,JOHNSON CITY DETENTION FACILITY,601 EAST MAIN STREET,JOHNSON CITY,TN,37601,LOCAL,OPEN,88,2016-07-29
10003491,SULLIVAN COUNTY JAIL,140 BLOUNTVILLE BYPASS,BLOUNTVILLE,TN,37617,COUNTY,OPEN,623,2018-03-31
10003308,WISE CORRECTIONAL UNIT,3602 BEAR LANE,COEBURN,VA,24230,STATE,OPEN,-999,2015-04-23
10001591,WALLENS RIDGE STATE PRISON,272 DOGWOOD DR,BIG STONE GAP,VA,24219,STATE,OPEN,-999,2016-04-28
10006876,SOUTHWEST VIRGINIA REGIONAL JAIL - DUFFIELD,1037 BOONE TRAIL ROAD,DUFFIELD,VA,24244,COUNTY,OPEN,422,2016-02-01
10005993,KINGSPORT JAIL,200 SHELBY STREET,KINGSPORT,TN,37660,LOCAL,OPEN,20,2016-03-01
10004759,HAWKINS COUNTY JAIL,117 JUSTICE CENTER DRIVE,ROGERSVILLE,TN,37857,COUNTY,OPEN,266,2018-03-31
10004758,HANCOCK COUNTY JAIL,265 NEW JAIL STREET,SNEEDVILLE,TN,37869,COUNTY,OPEN,82,2018-03-31
10003330,USP LEE CAMP,LEE COUNTY INDUSTRIAL PARK & HICKORY FLATS RD,PENNINGTON GAP,VA,24277,FEDERAL,OPEN,-999,2016-02-16
10003329,USP LEE,LEE COUNTY INDUSTRIAL PARK & HICKORY FLATS RD,PENNINGTON GAP,VA,24277,FEDERAL,OPEN,-999,2016-02-16
10003685,HARLAN COUNTY DETENTION CENTER,6000 HWY 38,EVARTS,KY,40828,COUNTY,OPEN,227,2024-07-03
10005451,CLAIBORNE CO TEMP JUVENILE HOLDING FACILITY,1742 MAIN STREET,TAZEWELL,TN,37879,COUNTY,OPEN,-999,2020-05-28
10003494,CLAIBORNE COUNTY JAIL,415 STRAIGHT CREEK RD,NEW TAZEWELL,TN,37825,COUNTY,OPEN,210,2018-03-31
10004768,GRAINGER COUNTY JAIL,270 JUSTICE CENTER DRIVE,RUTLEDGE,TN,37861,COUNTY,OPEN,100,2018-03-31
10005453,HAMBLEN COUNTY JAIL,510 ALLISON ST,MORRISTOWN,TN,37814,COUNTY,OPEN,255,2018-03-31
10005454,HAMBLEN COUNTY JUVENILE TEMPORARY HOLDING FACILITY,510 ALLISON ST,MORRISTOWN,TN,37814,COUNTY,OPEN,-999,2018-04-23
10003519,COCKE COUNTY JAIL,358 EAST MAIN ST,NEWPORT,TN,37821,COUNTY,OPEN,120,2018-03-31
10003515,MOUNTAIN VIEW YOUTH DEVELOPMENT CENTER,809 PEARL LANE,DANDRIDGE,TN,37725,STATE,OPEN,188,2017-05-26
10006858,JEFFERSON COUNTY WORK RELEASE CENTER,INDUSTRIAL PARK ROAD,DANDRIDGE,TN,37725,COUNTY,OPEN,49,2018-03-31
10003517,JEFFERSON COUNTY JUSTICE CENTER,765 JUSTICE CENTER DRIVE,DANDRIDGE,TN,37725,COUNTY,OPEN,188,2018-03-31
10003526,SEVIER COUNTY JAIL ANNEX,896 OLD KNOXVILLE HWY,SEVIERVILLE,TN,37862,COUNTY,OPEN,356,2018-03-31
10006000,SEVIER COUNTY JUVENILE FACILITY,157 WEST MAIN STREET,SEVIERVILLE,TN,37862,COUNTY,OPEN,34,2018-04-24
10003525,SEVIER COUNTY JAIL,137 COMMERCE ST,SEVIERVILLE,TN,37862,COUNTY,OPEN,214,2018-03-31
10003518,KNOX COUNTY DETENTION FACILITY,5001 MALONEYVILLE RD,KNOXVILLE,TN,37918,COUNTY,OPEN,1036,2018-03-31
10006859,KNOX COUNTY WORK RELEASE CENTER,4910 MALONEYVILLE RD,KNOXVILLE,TN,37918,COUNTY,OPEN,120,2018-03-31
10005455,KNOX COUNTY JAIL,400 MAIN ST,KNOXVILLE,TN,37902,COUNTY,OPEN,215,2018-03-31
10001710,RICHARD L BEAN JUVENILE SERVICE CENTER,3321 DIVISION ST,KNOXVILLE,TN,37919,COUNTY,OPEN,-999,2018-04-24
10003510,ANDERSON COUNTY DETENTION FACILITY,308 PUBLIC SAFELY LANE,CLINTON,TN,37716,COUNTY,OPEN,565,2018-04-23
10003495,CAMPBELL COUNTY JAIL,195 KENTUCKY ST,JACKSBORO,TN,37757,COUNTY,OPEN,322,2018-03-31
10004766,UNION COUNTY JAIL,901 MAIN STREET,MAYNARDVILLE,TN,37807,COUNTY,OPEN,76,2018-03-31
10000122,BELL COUNTY FORESTRY CAMP,560 CORRECTIONAL DR,PINEVILLE,KY,40977,STATE,OPEN,300,2024-02-27
10003686,BELL COUNTY DETENTION CENTER,214 W VIRGINIA AVE,PINEVILLE,KY,40977,COUNTY,OPEN,59,2024-07-03
10005052,KNOX COUNTY DETENTION CENTER,570 KY-225,BARBOURVILLE,KY,40906,COUNTY,OPEN,294,2024-07-03
10003675,LAUREL COUNTY WOMENS FACILITY (OLD JAIL),204 WEST FOURTH STREET,LONDON,KY,40741,COUNTY,OPEN,251,2024-07-03
20000740,LAUREL COUNTY MENS FACILITY,440 HAMMOCK RD,LONDON,KY,40744,COUNTY,OPEN,664,2024-07-03
10004329,WHITLEY COUNTY JAIL,1439 W HWY 92,WILLIAMSBURG,KY,40769,COUNTY,OPEN,184,2024-07-03
10004331,USP MCCREARY CAMP,330 FEDERAL WAY,PINE KNOT,KY,42635,FEDERAL,OPEN,-999,2016-02-16
10004330,USP MCCREARY,330 FEDERAL WAY,PINE KNOT,KY,42635,FEDERAL,OPEN,-999,2016-02-16
10004324,PULASKI COUNTY DETENTION CENTER,300 HAIL KNOB RD,SOMERSET,KY,42503,COUNTY,OPEN,216,2024-07-03
10004328,WAYNE COUNTY DETENTION CENTER,217 JIM HILL SERVICE RD,MONTICELLO,KY,42633,COUNTY,OPEN,180,2024-07-03
10004760,FENTRESS COUNTY JAIL - SMITH STREET,100 SOUTH SMITH STREET,JAMESTOWN,TN,38556,COUNTY,OPEN,20,2015-07-01
10006856,FENTRESS COUNTY JAIL,140 JUSTICE CENTER DRIVE,JAMESTOWN,TN,38556,COUNTY,OPEN,166,2018-03-31
10003493,SCOTT COUNTY JUSTICE CENTER,575 SCOTT HIGH DRIVE,HUNTSVILLE,TN,37756,COUNTY,OPEN,140,2018-03-31
10005994,SCOTT COUNTY JUVENILE DETENTION CENTER,195 FIRE HALL DRIVE,HUNTSVILLE,TN,37756,COUNTY,OPEN,-999,2016-03-07
10005997,MORGAN COUNTY JAIL,414 MAIN STREET,WARTBURG,TN,37887,COUNTY,OPEN,46,2018-03-31
10003507,MORGAN COUNTY CORRECTIONAL COMPLEX,541 WAYNE COTTON MORGAN DR,WARTBURG,TN,37887,STATE,OPEN,2128,2017-11-30
10001013,BRUSHY MOUNTAIN CORRECTIONAL COMPLEX,9182 PETROS HWY,PETROS,TN,37845,STATE,CLOSED,584,2009-06-08
10004776,ROANE COUNTY JAIL,230 NORTH THIRD STREET,KINGSTON,TN,37763,COUNTY,OPEN,170,2018-03-31
10004782,MEIGS COUNTY JAIL,410 RIVER ROAD,DECATUR,TN,37322,COUNTY,OPEN,60,2018-04-24
10002627,BRADLEY COUNTY JAIL / JUSTICE CENTER,2290 BLYTHE AVE,CLEVELAND,TN,37311,COUNTY,OPEN,506,2018-04-23
10003550,BRADLEY COUNTY JUVENILE DETENTION CENTER,1620 JOHNSON BLVD SE,CLEVELAND,TN,37311,COUNTY,OPEN,-999,2017-11-16
10004794,POLK COUNTY DETENTION FACILITY,164 INDUSTRIAL ACCESS CIRCLE,BENTON,TN,37307,COUNTY,OPEN,154,2018-03-31
10003536,MCMINN COUNTY JUSTICE CENTER,1319 S WHITE,ATHENS,TN,37303,COUNTY,OPEN,348,2018-03-31
10004784,MONROE COUNTY JAIL,319 HICKORY STREET,MADISONVILLE,TN,37354,COUNTY,OPEN,138,2018-03-31
10006295,LOUDON COUNTY JUVENILE CENTER,12665 EAST LEE HIGHWAY,LENOIR CITY,TN,37771,COUNTY,OPEN,-999,2018-04-24
10004786,LOUDON COUNTY JUSTICE CENTER,12680 HIGHWAY 11 WEST,LENOIR CITY,TN,37771,COUNTY,OPEN,91,2018-03-31
10003529,BLOUNT COUNTY JUVENILE DETENTION CENTER,329 COURT ST,MARYVILLE,TN,37804,COUNTY,OPEN,33,2018-04-23
10002621,BLOUNT COUNTY DETENTION FACILITY,940 E LAMAR ALEXANDER PKWY,MARYVILLE,TN,37804,COUNTY,OPEN,350,2018-03-31
10005522,GRAHAM COUNTY JAIL,11 COURT STREET,ROBBINSVILLE,NC,28771,COUNTY,OPEN,-999,2018-04-02
10005526,CHEROKEE COUNTY JAIL,577 REGAL STREET,MURPHY,NC,28906,COUNTY,OPEN,150,2018-04-02
10003881,UNION COUNTY JAIL / SHERIFF,378 BEASLEY STREET,BLAIRSVILLE,GA,30512,COUNTY,OPEN,57,2018-02-26
10003880,COLWELL PROBATION DETENTION CENTER,189 BEASLEY STREET,BLAIRSVILLE,GA,30512,STATE,OPEN,-999,2024-02-21
10003874,TOWNS COUNTY DETENTION CENTER,4070 A STATE HIGHWAY 339,YOUNG HARRIS,GA,30582,COUNTY,OPEN,-999,2024-07-09
10006131,CLAY COUNTY JAIL,281 COURTHOUSE DR,HAYESVILLE,NC,28904,COUNTY,OPEN,-999,2018-04-02
10003886,WHITE COUNTY DETENTION CENTER,1210 HULSEY ROAD,CLEVELAND,GA,30528,COUNTY,OPEN,176,2024-07-09
10002102,LEE ARRENDALE STATE PRISON,2023 GAINESVILLE HWY,ALTO,GA,30510,STATE,OPEN,1476,2024-02-01
10003887,LUMPKIN COUNTY DETENTION CENTER,385 EAST MAIN ST.,DAHLONEGA,GA,30533,COUNTY,OPEN,-999,2018-02-23
10003890,DAWSON COUNTY DETENTION CENTER,19 TUCKER AVE,DAWSONVILLE,GA,30534,COUNTY,OPEN,192,2018-02-23
10003895,PICKENS COUNTY ADULT DETENTION CENTER,2985 CAMP ROAD,JASPER,GA,30143,COUNTY,OPEN,-999,2018-02-26
10003884,GILMER COUNTY DETENTION CENTER,106 BRETT DICKEY MEMORIAL DRIVE,ELIJAY,GA,30536,COUNTY,OPEN,-999,2024-07-02
10003875,FANNIN COUNTY JAIL / SHERIFF,645 WEST 1ST STREET,BLUE RIDGE,GA,30513,COUNTY,OPEN,84,2024-07-02
10003876,MURRAY COUNTY JAIL,810 1/2 GI MADDOX PARKWAY,CHATSWORTH,GA,30705,COUNTY,OPEN,-999,2018-02-26
10003878,ELBERT SHAW REGIONAL YOUTH DETENTION CENTER,2735 UNDERWOOD ROAD NE,DALTON,GA,30721,STATE,OPEN,-999,2024-02-20
10003889,GORDON COUNTY JAIL,2700 US 41 NORTH,CALHOUN,GA,30701,COUNTY,OPEN,376,2024-07-02
10001409,CHATTOOGA COUNTY JAIL / SHERIFF,35 W WASHINGTON ST,SUMMERVILLE,GA,30747,COUNTY,OPEN,-999,2018-02-22
10000284,HAYS STATE PRISON,777 UNDERWOOD DRIVE,TRION,GA,30753,STATE,OPEN,1101,2024-02-01
10003882,WALKER COUNTY JAIL / SHERIFF,105 SOUTH DUKE STREET,LAFAYETTE,GA,30728,COUNTY,OPEN,-999,2018-02-26
10003883,DADE COUNTY JAIL,75 CASE AVE.,TRENTON,GA,30752,COUNTY,OPEN,-999,2017-03-13
10003540,HAMILTON COUNTY JUVENILE DETENTION CENTER,1600 E 3RD ST,CHATTANOOGA,TN,37404,COUNTY,OPEN,-999,2016-03-01
10002623,HAMILTON COUNTY JAIL,601 WALNUT ST,CHATTANOOGA,TN,37402,COUNTY,OPEN,505,2018-03-31
10002624,HAMILTON - SILVERDALE DETENTION FACILITIES,7609 STANDIFER GAP RD,CHATTANOOGA,TN,37422,COUNTY,OPEN,1084,2018-03-31
10000283,WALKER STATE PRISON,97 KEVIN LANE,ROCK SPRING,GA,30739,STATE,OPEN,444,2024-02-01
10003879,CATOOSA COUNTY JAIL,5842 US HWY 41,RINGGOLD,GA,30736,COUNTY,OPEN,248,2018-02-22
10003877,WHITFIELD COUNTY DETENTION CENTER,805 PROFESSIONAL BOULEVARD,DALTON,GA,30720,COUNTY,OPEN,552,2018-02-26
10006002,RHEA COUNTY JUVENILE DETENTION CENTER,1169 MARKET STREET,DAYTON,TN,37321,COUNTY,NOT AVAILABLE,-999,2018-04-24
10003531,RHEA COUNTY JAIL,444 2ND AVE,DAYTON,TN,37321,COUNTY,OPEN,87,2018-04-24
10001714,TAFT YOUTH DEVELOPMENT CENTER,900 STATE ROUTE 301,PIKEVILLE,TN,37367,STATE,CLOSED,-999,2012-04-27
10001713,BLEDSOE COUNTY CORRECTIONAL COMPLEX,1045 HORSEHEAD RD,PIKEVILLE,TN,37367,STATE,OPEN,2539,2017-11-30
10006852,BLEDSOE COUNTY JAIL,235 ALLEN P. DEAKINS ROAD,PIKEVILLE,TN,37367,COUNTY,OPEN,96,2018-03-31
10005456,BLEDSOE COUNTY JAIL - FRAZIER STREET,130 FRAZIER STREET,PIKEVILLE,TN,37367,COUNTY,CLOSED,96,2011-03-23
10004780,VAN BUREN COUNTY JAIL,17 VETERN SQUARE,SPENCER,TN,38585,COUNTY,CLOSED,13,2018-03-31
10004789,SEQUATCHIE COUNTY JAIL,351 FREDONIA ROAD,DUNLAP,TN,37327,COUNTY,OPEN,96,2018-03-31
10004790,GRUNDY COUNTY JAIL,62 SPRING STREET,ALTAMONT,TN,37301,COUNTY,CLOSED,34,2016-11-23
10006857,GRUNDY COUNTY DETENTION CENTER,227 MAPLE STREET,ALTAMONT,TN,37301,COUNTY,OPEN,114,2018-03-31
10004777,WARREN COUNTY JAIL,108 SECURITY CIRCLE,MCMINNVILLE,TN,37110,COUNTY,OPEN,251,2018-03-31
10003528,CANNON COUNTY JAIL,110 ALEXANDER DR,WOODBURY,TN,37190,COUNTY,OPEN,42,2018-03-31
10004783,COFFEE COUNTY JAIL - HILLSBORO BLVD,300 HILLSBORO BOULEVARD,MANCHESTER,TN,37355,COUNTY,NOT AVAILABLE,-999,2015-02-22
10006853,COFFEE COUNTY JAIL,76 COUNTY JAIL LANE,MANCHESTER,TN,37355,COUNTY,OPEN,400,2018-03-31
10003549,FRANKLIN COUNTY JAIL,494 GEORGE FRALEY PARKWAY,WINCHESTER,TN,37398,COUNTY,OPEN,114,2018-03-31
10004793,MARION COUNTY JAIL / SHERIFF,103 OAK AVENUE,JASPER,TN,37347,COUNTY,OPEN,118,2018-03-31
10006398,JACKSON COUNTY JAIL,545 PARKS AVE,SCOTTSBORO,AL,35768,COUNTY,OPEN,208,2024-03-14
10003548,LINCOLN COUNTY JAIL,4151 THORNTON TAYLOR PKWY,FAYETTEVILLE,TN,37334,COUNTY,OPEN,276,2018-03-31
10000129,LIMESTONE CORRECTIONAL FACILITY,28779 NICK DAVIS RD,HARVEST,AL,35749,STATE,OPEN,2459,2023-11-30
10006685,MADISON COUNTY JUVENILE DETENTION - NEAVES-DAVIS CENTER FOR CHILDREN,817 COOK AVENUE,HUNTSVILLE,AL,35801,COUNTY,OPEN,48,2024-03-14
10001193,MADISON COUNTY DETENTION FACILITY,815 WHEELER AVE,HUNTSVILLE,AL,35801,COUNTY,OPEN,-999,2024-03-13
10003698,NORTH ALABAMA COMMUNITY BASED FACILITY / COMMUNITY WORK CENTER,1401 STATE HIGHWAY 20 WEST,DECATUR,AL,35601,STATE,OPEN,703,2023-11-30
10006257,MORGAN COUNTY JAIL,119 LEE STREET,DECATUR,AL,35601,COUNTY,OPEN,994,2024-03-14
10000130,LIMESTONE COUNTY JAIL,101 W ELM ST,ATHENS,AL,35611,COUNTY,OPEN,-999,2024-03-13
10003696,LAWRENCE COUNTY JAIL,242 PARKER ROAD,MOULTON,AL,35650,COUNTY,OPEN,-999,2024-03-14
10005458,GILES CO TEMP JUVENILE HOLDING FACILITY,205 SOUTH 1ST STREET,PULASKI,TN,38478,COUNTY,OPEN,-999,2014-11-14
10003541,GILES COUNTY JAIL,200 THOMAS GATLIN DR,PULASKI,TN,38478,COUNTY,OPEN,126,2018-03-31
10002625,LAWRENCE COUNTY JAIL,240 W GAINES ST,LAWRENCEBURG,TN,38464,COUNTY,OPEN,262,2018-03-31
10003527,HICKMAN COUNTY LAW ENFORCEMENT CENTER,108 COLLEGE AVE,CENTERVILLE,TN,37033,COUNTY,OPEN,110,2018-03-31
10003530,MAURY COUNTY JAIL,1300 LAWSON WHITE DR,COLUMBIA,TN,38401,COUNTY,OPEN,386,2018-03-31
10006001,MIDDLE TENNESSEE JUVENILE DETENTION CENTER,1272 LAWSON WHITE DRIVE,COLUMBIA,TN,38401,LOCAL,OPEN,-999,2018-05-21
10003535,MARSHALL COUNTY JAIL,209 1ST AVE N,LEWISBURG,TN,37091,COUNTY,OPEN,283,2018-03-31
10005457,BEDFORD COUNTY JUVENILE DETENTION CENTER,101 LANE PKWY,SHELBYVILLE,TN,37160,COUNTY,OPEN,13,2018-04-23
10002622,BEDFORD COUNTY JAIL,210 N SPRING ST,SHELBYVILLE,TN,37160,COUNTY,OPEN,110,2018-03-31
10004792,MOORE COUNTY JAIL,58 SOUTH ELM STREET,LYNCHBURG,TN,37352,COUNTY,OPEN,29,2018-03-31
10007020,BEDFORD COUNTY JUSTICE COMPLEX,108 NORTHCREEK DRIVE,SHELBYVILLE,TN,37160,COUNTY,OPEN,-999,2024-01-05
10003522,RUTHERFORD COUNTY ADULT DETENTION CENTER,940 NEW SALEM HWY,MURFREESBORO,TN,37129,COUNTY,OPEN,956,2018-03-31
10006861,RUTHERFORD COUNTY CORRECTIONAL WORK CENTER,1720 SOUTH CHURCH STREET,MURFREESBORO,TN,37130,COUNTY,OPEN,320,2018-03-31
10003523,RUTHERFORD COUNTY JUVENILE DETENTION CENTER,1710 S CHURCH ST,MURFREESBORO,TN,37130,COUNTY,OPEN,64,2018-03-31
10003509,WILSON COUNTY JAIL,105 E HIGH ST,LEBANON,TN,37087,COUNTY,OPEN,462,2018-03-31
10004754,SUMNER COUNTY JAIL,117 WEST SMITH STREET,GALLATIN,TN,37066,COUNTY,OPEN,832,2018-03-31
10003490,ROBERTSON COUNTY DETENTION FACILITY,311 5TH AVE E,SPRINGFIELD,TN,37172,COUNTY,OPEN,584,2018-03-31
10001709,RIVERBEND MAXIMUM SECURITY INSTITUTION,7475 COCKRILL BEND BLVD,NASHVILLE,TN,37243,STATE,OPEN,786,2017-11-30
10001707,CHARLES B BASS CORRECTIONAL COMPLEX ANNEX,7466 CENTENNIAL  BLVD,NASHVILLE,TN,37243,STATE,CLOSED,90,2011-11-27
10001706,WOODLAND HILLS YOUTH DEVELOPMENT CENTER,3965 STEWARTS LANE,NASHVILLE,TN,37243,STATE,OPEN,144,2016-05-18
10003505,GATEWAY TO INDEPENDENCE,3981 STEWART LANE,NASHVILLE,TN,37218,STATE,OPEN,-999,2016-05-18
10001705,DEBRA K. JOHNSON REHABILITATION CENTER,3881 STEWARTS LANE,NASHVILLE,TN,37243,STATE,OPEN,817,2017-11-30
10003506,CHARLES B BASS CORRECTIONAL COMPLEX,7177 COCKRILL BEND BLVD,NASHVILLE,TN,37243,STATE,CLOSED,-999,2016-10-25
10003502,DAVIDSON COUNTY JUVENILE DETENTION CENTER,100 WOODLAND ST,NASHVILLE,TN,37213,COUNTY,OPEN,86,2018-04-23
10003503,HILL DETENTION CENTER,506 SECOND AVE N,NASHVILLE,TN,37201,COUNTY,OPEN,356,2018-03-31
10003504,CRIMINAL JUSTICE CENTER,448 SECOND AVE N,NASHVILLE,TN,37201,COUNTY,OPEN,3111,2018-04-23
10003501,OFFENDER RE-ENTRY CENTER,5131 HARDING PLACE,NASHVILLE,TN,37211,COUNTY,OPEN,288,2018-03-31
10003500,METRO-DAVIDSON COUNTY DETENTION FACILITY,5115 HARDING PLACE,NASHVILLE,TN,37211,COUNTY,OPEN,1368,2018-03-31
10003499,CORRECTIONAL DEVELOPMENT CENTER,5113 HARDING PLACE,NASHVILLE,TN,37211,COUNTY,OPEN,768,2018-03-31
10006855,MAXIMUM CORRECTIONAL CENTER,5113 HARDING PLACE,NASHVILLE,TN,37211,COUNTY,OPEN,508,2018-03-31
10003524,WILLIAMSON COUNTY JAIL,408 CENTURY COURT,FRANKLIN,TN,37064,COUNTY,OPEN,454,2018-03-31
10005999,WILLIAMSON COUNTY JUVENILE DETENTION CENTER,408 CENTURY COURT,FRANKLIN,TN,37064,COUNTY,OPEN,-999,2018-04-25
10001708,LOIS M DEBERRY SPECIAL NEEDS FACILITY,7575 COCKRILL BEND BLVD,NASHVILLE,TN,37209,STATE,OPEN,854,2017-11-30
10003511,DICKSON COUNTY WOMEN'S JAIL,146 COUNTY JAIL DR,CHARLOTTE,TN,37036,COUNTY,OPEN,48,2018-04-23
10003512,DICKSON COUNTY JAIL,140 COUNTY JAIL DRIVE,CHARLOTTE,TN,37036,COUNTY,OPEN,399,2018-03-31
10002618,MONTGOMERY COUNTY JAIL,116 COMMERCE ST,CLARKSVILLE,TN,37040,COUNTY,OPEN,880,2018-03-31
10002619,CHEATHAM COUNTY JAIL,200 PUBLIC SQUARE,ASHLAND CITY,TN,37015,COUNTY,OPEN,116,2018-03-31
10004326,TODD COUNTY DETENTION CENTER,201 E MCREYNOLDS ST,ELKTON,KY,42220,COUNTY,OPEN,137,2024-07-03
10003682,CHRISTIAN COUNTY JAIL / RESTRICTED CUSTODY CENTER,410 W 7TH ST,HOPKINSVILLE,KY,42240,COUNTY,OPEN,690,2024-07-03
10004323,MUHLENBERG COUNTY JAIL / RESTRICTED CUSTODY CENTER,108 COURT ROW,GREENVILLE,KY,42345,COUNTY,OPEN,281,2024-07-03
10005048,BUTLER COUNTY JAIL,112 N MAIN STREET,MORGANTOWN,KY,42261,COUNTY,OPEN,36,2024-07-03
10003683,LOGAN COUNTY DETENTION CENTER,304 W 3RD ST,RUSSELLVILLE,KY,42276,COUNTY,OPEN,162,2024-07-03
10004332,SIMPSON COUNTY DETENTION CENTER,217 E KENTUCKY ST,FRANKLIN,KY,42134,COUNTY,OPEN,231,2024-07-03
10001943,WARREN COUNTY REGIONAL JAIL,920 KENTUCKY ST,BOWLING GREEN,KY,42101,COUNTY,OPEN,562,2024-07-03
10001944,WARREN REGIONAL JUVENILE DETENTION CENTER,1020 KENTUCKY ST,BOWLING GREEN,KY,42101,STATE,OPEN,-999,2024-02-27
10003681,BARREN COUNTY DETENTION CENTER,201 SAMSON STREET,GLASGOW,KY,42141,COUNTY,OPEN,178,2024-07-03
10003687,ALLEN COUNTY DETENTION CENTER,196 WOOD ST,SCOTTSVILLE,KY,42164,COUNTY,OPEN,72,2024-07-03
10004765,TROUSDALE COUNTY JAIL,315 EAST MAIN STREET,HARTSVILLE,TN,37074,COUNTY,OPEN,44,2018-03-31
10004755,MACON COUNTY JAIL,902 STATE HIGHWAY 52 BYPASS EAST,LAFAYETTE,TN,37083,COUNTY,OPEN,125,2018-03-31
10006664,TROUSDALE TURNER CORRECTIONAL CENTER,140 MACON WAY,HARTSVILLE,TN,37074,STATE,OPEN,-999,2017-11-30
10004767,SMITH COUNTY JAIL,322 JUSTICE LANE,CARTHAGE,TN,37030,COUNTY,OPEN,128,2018-03-31
10004775,DEKALB COUNTY JAIL,100 PUBLIC SQUARE,SMITHVILLE,TN,37166,COUNTY,OPEN,104,2018-04-23
10004762,JACKSON COUNTY JAIL,620 HOSPITAL DRIVE,GAINESBORO,TN,38562,COUNTY,OPEN,112,2018-03-31
10004761,OVERTON COUNTY JAIL,1010 JOHN T POINDEXTER DRIVE,LIVINGSTON,TN,38570,COUNTY,OPEN,143,2018-03-31
10004770,PUTNAM COUNTY JAIL,421 EAST SPRING STREET,COOKEVILLE,TN,38501,COUNTY,OPEN,252,2018-03-31
10004771,PUTNAM COUNTY JUVENILE DETENTION CENTER,25 NORTH WASHINGTON AVENUE,COOKEVILLE,TN,38501,COUNTY,OPEN,-999,2018-03-31
10004781,WHITE COUNTY JAIL,111 DEPOT STREET,SPARTA,TN,38583,COUNTY,OPEN,165,2018-03-31
10006294,CUMBERLAND COUNTY JUVENILE DETENTION FACILITY,337 THURMAN AVENUE,CROSSVILLE,TN,38555,COUNTY,OPEN,-999,2018-04-23
10003520,CUMBERLAND COUNTY JAIL,90 JUSTICE CENTER DR,CROSSVILLE,TN,38555,COUNTY,OPEN,-999,2018-03-31
10004756,PICKETT COUNTY JAIL,1 COURTHOUSE SQUARE,BYRDSTOWN,TN,38549,COUNTY,OPEN,6,2018-03-31
10004757,CLAY COUNTY JAIL,400 WEST LAKE AVENUE,CELINA,TN,38551,COUNTY,OPEN,14,2018-03-31
10003678,ADAIR REGIONAL DETENTION CENTER,401 APPLEBY DRIVE,COLUMBIA,KY,42728,STATE,OPEN,-999,2024-02-27
10006244,ADAIR COUNTY RESTRICTED CUSTODY CENTER,204 GREENSBURG ST,COLUMBIA,KY,42728,COUNTY,OPEN,31,2024-07-03
10003677,ADAIR COUNTY REGIONAL JAIL,204 GREENSBURG ST,COLUMBIA,KY,42728,COUNTY,OPEN,51,2024-07-03
10004327,LAKE CUMBERLAND YOUTH DEVELOPMENT CENTER,9000 HIGHWAY 1546,MONTICELLO,KY,42633,STATE,OPEN,40,2017-06-16
10005051,RUSSELL COUNTY JAIL,228 BRIAN WALTERS DR,RUSSELL SPRINGS,KY,42629,COUNTY,OPEN,82,2024-07-03
10003672,CASEY COUNTY DETENTION CENTER,169 COURTHOUSE SQUARE,LIBERTY,KY,42539,COUNTY,OPEN,271,2024-07-03
10000113,MARION COUNTY DETENTION CENTER,201 WAREHOUSE RD,LEBANON,KY,40033,COUNTY,OPEN,297,2024-07-03
10000114,MARION ADJUSTMENT CENTER,95 RAYWICK RD,ST. MARY,KY,40063,STATE,NOT AVAILABLE,826,2013-07-03
10004316,NELSON COUNTY JAIL,810 W STEPHEN FOSTER AVE,BARDSTOWN,KY,40004,COUNTY,OPEN,102,2024-07-03
10004321,TAYLOR COUNTY DETENTION CENTER,120 S CENTRAL AVE,CAMPBELLSVILLE,KY,42718,COUNTY,OPEN,204,2024-07-03
10005046,HART COUNTY JAIL,520 AA WHITMAN LANE,MUNFORDVILLE,KY,42765,COUNTY,OPEN,180,2024-07-03
10003656,HARDIN COUNTY DETENTION CENTER,100 LAWSON BLVD,ELIZABETHTOWN,KY,42701,COUNTY,OPEN,646,2024-07-03
10003666,LARUE COUNTY DETENTION CENTER,209 W HIGH ST,HODGENVILLE,KY,42748,COUNTY,OPEN,152,2024-07-03
10003653,BULLITT COUNTY DETENTION CENTER,1671 S PRESTON HWY,SHEPHERDSVILLE,KY,40165,COUNTY,OPEN,323,2024-07-03
10004314,MEADE COUNTY JAIL,516 HILLCREST DRIVE,BRANDENBURG,KY,40108,COUNTY,OPEN,173,2024-07-03
10005636,HARRISON COUNTY JAIL,1445 GARDNER LANE,CORYDON,IN,47112,COUNTY,OPEN,213,2024-07-31
10004932,FLOYD COUNTY JAIL,311 HAUSS SQUARE,NEW ALBANY,IN,47150,COUNTY,OPEN,234,2024-07-31
10001942,LOUISVILLE METRO DEPARTMENT OF CORRECTIONS,400 S 6TH ST,LOUISVILLE,KY,40202,LOCAL,OPEN,-999,2024-07-03
10006912,LOUISVILLE METRO YOUTH DETENTION CENTER,720 WEST JEFFERSON ST,LOUISVILLE,KY,40202,LOCAL,OPEN,-999,2024-07-03
10003648,JEFFERSON COUNTY COMMUNITY CORRECTIONAL CENTER,316 E CHESTNUT ST,LOUISVILLE,KY,40202,COUNTY,OPEN,1791,2024-07-03
10004930,MICHAEL L. BECHER ADULT CORRECTIONAL COMPLEX,501 E COURT AVE,JEFFERSONVILLE,IN,47130,COUNTY,OPEN,700,2024-07-30
10001850,CLEMENTINE B. BARTHOLD JUVENILE DETENTION CENTER,609 MEIGS AVE,JEFFERSONVILLE,IN,47130,COUNTY,OPEN,14,2018-03-05
10000103,KENTUCKY STATE REFORMATORY,3001 W HWY 146,LAGRANGE,KY,40032,STATE,OPEN,1051,2024-02-27
10000101,LUTHER LUCKETT CORRECTIONAL COMPLEX,1612 DAWKINS RD,LAGRANGE,KY,40031,STATE,OPEN,1200,2024-02-27
10000102,ROEDERER CORRECTIONAL COMPLEX,4000 MORGAN RD,LAGRANGE,KY,40031,STATE,OPEN,1238,2024-02-27
10001167,OLDHAM COUNTY JAIL,3405 KY-146,LAGRANGE,KY,40031,COUNTY,OPEN,330,2024-07-03
10000106,KENTUCKY CORRECTIONAL INSTITUTION FOR WOMEN,3000 ASH AVE,PEWEE VALLEY,KY,40056,STATE,OPEN,-999,2024-02-27
10003647,JEFFERSON REGIONAL JUVENILE DETENTION CENTER,8711 LAGRANGE RD,LOUISVILLE,KY,40242,STATE,OPEN,-999,2024-02-27
10001169,SHELBY COUNTY JAIL,1000 BOBBY WAITS LANE,SHELBYVILLE,KY,40065,COUNTY,OPEN,316,2024-07-03
10006142,SWITZERLAND COUNTY JAIL,405 LIBERTY STREET,VEVAY,IN,47043,COUNTY,OPEN,-999,2018-03-06
10003643,CARROLL COUNTY DETENTION CENTER,800 CLAY ST,CARROLLTON,KY,41008,COUNTY,OPEN,88,2024-07-03
20000684,JEFFERSON COUNTY JAIL,1150 JA BERRY LANE,MADISON,IN,47350,COUNTY,OPEN,300,2024-07-31
10001073,MADISON CORRECTIONAL FACILITY,800 MSH BUS STOP DR,MADISON,IN,47250,STATE,OPEN,700,2023-11-30
10006545,MADISON JUVENILE CORRECTIONAL FACILITY,1130 MSH 4TH STREET,MADISON,IN,47250,STATE,CLOSED,-999,2018-03-18
10005630,JEFFERSON COUNTY JAIL (OLD),317 SOUTH WALNUT STREET,MADISON,IN,47350,COUNTY,CLOSED,109,2018-03-05
10006277,RIPLEY COUNTY JAIL / SHERIFF,210 N MONROE ST,VERSAILLES,IN,47042,COUNTY,OPEN,-999,2018-03-06
10006141,FRANKLIN COUNTY JAIL / SHERIFF,371 MAIN STREET,BROOKVILLE,IN,47012,COUNTY,OPEN,-999,2018-03-05
10006139,FAYETTE COUNTY JAIL,123 WEST FOURTH STREET,CONNERSVILLE,IN,47331,COUNTY,OPEN,-999,2024-07-31
10005625,DECATUR COUNTY JAIL,601 S IRELAND ST,GREENSBURG,IN,47240,COUNTY,OPEN,-999,2018-03-05
10002651,SHELBY COUNTY JAIL,107 W TAYLOR ST,SHELBYVILLE,IN,46176,COUNTY,OPEN,200,2024-08-01
20000682,HANCOCK COUNTY JAIL,398 MALCOLM GRASS WAY,GREENFIELD,IN,46140,COUNTY,OPEN,446,2024-07-31
10004915,HANCOCK COUNTY COMMUNITY CORRECTIONS,123 E MAIN ST,GREENFIELD,IN,46140,COUNTY,OPEN,-999,2024-07-31
10006383,DUVALL CENTER,1848 LUDLOW AVENUE,INDIANAPOLIS,IN,46201,STATE,OPEN,350,2017-10-01
10001843,MARION COUNTY COMMUNITY CORRECTIONS CENTER,200 E WASHINGTON ST,INDIANAPOLIS,IN,46204,COUNTY,OPEN,-999,2018-03-06
10004917,MARION COUNTY JAIL,40 S ALABAMA ST,INDIANAPOLIS,IN,46204,COUNTY,OPEN,1135,2018-03-06
10006752,MARION COUNTY JUVENILE DETENTION CENTER,2451 N. KEYSTONE AVE,INDIANAPOLIS,IN,46218,COUNTY,OPEN,96,2018-03-06
10006382,CRAINE HOUSE,6130 N. MICHIGAN ROAD,INDIANAPOLIS,IN,46228,STATE,OPEN,40,2017-10-01
10001846,JOHNSON COUNTY JAIL / LAW ENFORCEMENT CENTER,1091 HOSPITAL RD,FRANKLIN,IN,46131,COUNTY,OPEN,292,2018-03-06
10001844,JOHNSON COUNTY JUVENILE DETENTION CENTER,1121 HOSPITAL RD,FRANKLIN,IN,46131,COUNTY,OPEN,48,2018-03-06
10001845,JOHNSON COUNTY COMMUNITY CORRECTIONS,1071 HOSPITAL RD,FRANKLIN,IN,46131,COUNTY,OPEN,-999,2018-03-06
10004920,EDINBURGH CORRECTIONAL FACILITY,703 23RD ST,EDINBURGH,IN,46124,STATE,OPEN,303,2023-11-30
10006274,BROWN COUNTY JAIL,55 E STATE RD 46,NASHVILLE,IN,47448,COUNTY,OPEN,-999,2024-07-30
10006743,BARTHOLOMEW COUNTY JUVENILE DETENTION FACILITY,2350 ILLINOIS ST,COLUMBUS,IN,47201,COUNTY,OPEN,38,2018-03-05
10001848,BARTHOLOMEW COUNTY JAIL,543 2ND ST,COLUMBUS,IN,47201,COUNTY,OPEN,-999,2018-03-05
10005626,JENNINGS COUNTY JAIL,925 SOUTH STATE STREET,NORTH VERNON,IN,47265,COUNTY,OPEN,-999,2018-03-06
10005632,SCOTT COUNTY JAIL,111 SOUTH FIRST STREET,SCOTTSBURG,IN,47170,COUNTY,OPEN,200,2024-08-01
10005633,WASHINGTON COUNTY DETENTION CENTER,801 JACKSON STREET,SALEM,IN,47167,COUNTY,OPEN,-999,2018-03-06
10005628,JACKSON COUNTY JUVENILE DETENTION CENTER,150 EAST STATE ROAD 250,BROWNSTOWN,IN,47220,COUNTY,OPEN,28,2024-07-31
10005629,JACKSON COUNTY JAIL / SHERIFF,150 EAST STATE ROAD 250,BROWNSTOWN,IN,47220,COUNTY,OPEN,-999,2018-03-05
10004927,LAWRENCE COUNTY SECURITY CENTER / JAIL,1420 I ST,BEDFORD,IN,47421,COUNTY,OPEN,168,2018-03-06
10006754,MARTIN COUNTY SECURITY CENTER,318 CAPITAL AVE,SHOALS,IN,47581,COUNTY,OPEN,-999,2024-07-31
10004924,MONROE COUNTY CORRECTIONAL CENTER,301 N COLLEGE AVE,BLOOMINGTON,IN,47404,COUNTY,OPEN,-999,2024-07-31
10002652,MORGAN COUNTY JAIL,160 N PARK AVE,MARTINSVILLE,IN,46151,COUNTY,OPEN,-999,2024-07-31
10001067,RECEPTION DIAGNOSTIC CENTER,737 MOON RD,PLAINFIELD,IN,46168,STATE,OPEN,834,2023-11-30
10001068,PLAINFIELD CORRECTIONAL FACILITY,727 MOON RD,PLAINFIELD,IN,46168,STATE,OPEN,1536,2023-11-30
10006309,HERITAGE TRAIL CORRECTIONAL FACILITY,501 WEST MAIN STREET,PLAINFIELD,IN,46168,STATE,OPEN,913,2023-11-30
10001065,INDIANA WOMEN'S PRISON,2596 GIRLS SCHOOL ROAD,INDIANAPOLIS,IN,46214,STATE,OPEN,663,2023-11-30
20000683,HENDRICKS COUNTY JAIL,189 E CAMPUS BLVD,DANVILLE,IN,46122,COUNTY,OPEN,-999,2024-07-31
10006747,HENDRICKS COUNTY WORK RELEASE FACILITY,200 E CAMPUS BLVD,DANVILLE,IN,46122,COUNTY,OPEN,-999,2018-03-05
10004919,HENDRICKS COUNTY JAIL (OLD),925 E MAIN ST,DANVILLE,IN,46122,COUNTY,CLOSED,-999,2018-03-05
10001070,PUTNAM COUNTY JAIL,13 KEIGHTLY RD,GREENCASTLE,IN,46135,COUNTY,OPEN,145,2024-08-01
10001071,PUTNAMVILLE CORRECTIONAL FACILITY,1946 W US HWY 40,GREENCASTLE,IN,46135,STATE,OPEN,1764,2023-11-30
10005624,OWEN COUNTY JAIL,291 VANDALIA AVENUE,SPENCER,IN,47460,COUNTY,OPEN,-999,2024-08-01
10006140,CLAY COUNTY JAIL,611 EAST JACKSON STREET,BRAZIL,IN,47834,MULTI,OPEN,-999,2024-01-12
10001063,ROCKVILLE CORRECTIONAL FACILITY,811 W 50 N,ROCKVILLE,IN,47872,STATE,OPEN,1107,2023-11-30
10001838,PARKE COUNTY JAIL,458 W STRAWBERRY RD,ROCKVILLE,IN,47872,COUNTY,OPEN,-999,2018-03-06
10005620,VERMILLION COUNTY JAIL / SHERIFF,1888 SOUTH STATE ROAD 63,NEWPORT,IN,47966,COUNTY,OPEN,88,2016-02-15
10006758,VIGO COUNTY WORK RELEASE,104 S. FIRST STREET,TERRA HAUTE,IN,47807,COUNTY,OPEN,-999,2018-03-06
10006757,VIGO COUNTY JUVENILE CENTER,202 CRAWFORD ST,TERRA HAUTE,IN,47807,COUNTY,OPEN,19,2018-03-06
10001847,VIGO COUNTY JAIL (OLD),201 CHERRY ST,TERRE HAUTE,IN,47807,COUNTY,CLOSED,-999,2018-03-06
20000702,VIGO COUNTY JAIL,600 WEST HONEY CREEK DR,TERRE HAUTE,IN,47802,COUNTY,OPEN,400,2024-08-01
10004921,FCI TERRE HAUTE,4200 BUREAU RD N,TERRE HAUTE,IN,47808,FEDERAL,OPEN,-999,2016-02-16
10004923,USP TERRE HAUTE,4700 BUREAU RD S,TERRE HAUTE,IN,47802,FEDERAL,OPEN,-999,2016-02-16
10004922,FCI TERRE HAUTE CAMP,4200 BUREAU RD N,TERRE HAUTE,IN,47808,FEDERAL,OPEN,-999,2016-02-16
20000700,SULLIVAN COUNTY JAIL,77 E JUSTICE DR,SULLIVAN,IN,47882,COUNTY,OPEN,-999,2024-08-01
10001072,WABASH VALLEY CORRECTIONAL FACILITY,6908 S OLD US HWY 41,CARLISLE,IN,47838,STATE,OPEN,2075,2023-11-30
10001849,SULLIVAN COUNTY JAIL (OLD),24 S STATE ST,SULLIVAN,IN,47882,COUNTY,CLOSED,-999,2018-03-06
10005627,GREENE COUNTY JAIL,204 COUNTY ROAD 70 EAST,BLOOMFIELD,IN,47424,COUNTY,OPEN,-999,2018-03-05
10004929,DAVIESS COUNTY SECURITY CENTER,101 NE 4TH ST,WASHINGTON,IN,47501,COUNTY,OPEN,260,2024-07-31
10004928,SOUTHWEST INDIANA REGIONAL YOUTH VILLAGE,2290 SOUTH THEOBALD LANE,VINCENNES,IN,47591,COUNTY,OPEN,80,2019-12-11
10005631,KNOX COUNTY SHERIFF'S DEPARTMENT,2375 S OLD DECKER ROAD,VINCENNES,IN,47591,COUNTY,OPEN,-999,2024-07-31
10006275,PIKE COUNTY JAIL / SHERIFF,100 SOUTH 4TH STREET,PETERSBURG,IN,47567,COUNTY,OPEN,-999,2016-02-15
10004933,WARRICK COUNTY SECURITY CENTER,100 W STATE RD 62,BOONVILLE,IN,47601,COUNTY,OPEN,124,2018-03-06
10005635,DUBOIS COUNTY JAIL,255 BRUCKE STRASSE,JASPER,IN,47546,COUNTY,OPEN,98,2018-03-05
10005634,ORANGE COUNTY JAIL,205 EAST MAIN STREET,PAOLI,IN,47454,COUNTY,OPEN,80,2018-03-06
10006143,CRAWFORD COUNTY JAIL,715 JUDICIAL PLAZA DRIVE,ENGLISH,IN,47118,COUNTY,OPEN,-999,2024-07-30
10001075,BRANCHVILLE CORRECTIONAL FACILITY,21390 OLD STATE RD 37,BRANCHVILLE,IN,47514,STATE,OPEN,1480,2023-11-30
10006144,PERRY COUNTY DETENTION CENTER,2211 HERRMAN STREET,TELL CITY,IN,47586,COUNTY,OPEN,136,2018-03-06
10003655,BRECKINRIDGE COUNTY JAIL,500 GLENN NASH RD,HARDINSBURG,KY,40143,COUNTY,OPEN,191,2024-07-03
10006248,GRAYSON COUNTY FEMALE FACILITY,125 EAST WHITE OAK STREET,LEITCHFIELD,KY,42754,COUNTY,OPEN,999,2024-07-03
10006770,GRAYSON COUNTY ANNEX FACILITY,203 SOUTH HEYSER DRIVE,LEITCHFIELD,KY,42754,COUNTY,OPEN,-999,2024-07-03
10003670,GRAYSON COUNTY DETENTION FACILITY,320 SHAW STATION RD,LEITCHFIELD,KY,42754,COUNTY,OPEN,717,2024-07-03
10005047,GREEN RIVER YOUTH DEVELOPMENT CENTER,363 BOY CAMP ROAD,CROMWELL,KY,42333,STATE,NOT AVAILABLE,40,2015-04-21
10000117,GREEN RIVER CORRECTIONAL COMPLEX,1200 RIVER RD,CENTRAL CITY,KY,42330,STATE,OPEN,982,2024-02-27
10005042,OHIO COUNTY DETENTION CENTER,108 EAST WASHINGTON STREET,HARTFORD,KY,42347,COUNTY,OPEN,-999,2024-07-03
10005638,SPENCER COUNTY JAIL,120 NORTH 2ND STREET,ROCKPORT,IN,47635,COUNTY,OPEN,-999,2018-03-06
10003663,DAVIESS COUNTY DETENTION CENTER,3337 HWY 144,OWENSBORO,KY,42303,COUNTY,OPEN,699,2024-07-03
10005684,OWENSBORO TREATMENT CENTER,3001 LEITCHFIELD ROAD,OWENSBORO,KY,42303,STATE,CLOSED,30,2015-05-23
10003671,HOPKINS COUNTY JAIL,2250 LAFFOON TRAIL,MADISONVILLE,KY,42431,COUNTY,OPEN,416,2024-07-03
10004319,WEBSTER COUNTY RESTRICTED CUSTODY CENTER,101 S COLLEGE ST,DIXON,KY,42409,COUNTY,OPEN,72,2024-07-03
10004320,WEBSTER COUNTY JAIL,141 STEGAL ST,DIXON,KY,42409,COUNTY,OPEN,194,2024-07-03
10003661,HENDERSON COUNTY DETENTION CENTER,380 BORAX DR,HENDERSON,KY,42419,COUNTY,OPEN,566,2024-07-03
10005039,UNION COUNTY JAIL,120 SOUTH COURT STREET,MORGANFIELD,KY,42437,COUNTY,NOT AVAILABLE,-999,2024-07-03
10005637,POSEY COUNTY JAIL / SHERIFF,1201 ODONNELL RD,MOUNT VERNON,IN,47620,COUNTY,OPEN,-999,2024-08-01
10000697,HARDIN COUNTY WORK CAMP,STATE HIGHWAY 1,CAVE IN ROCK,IL,62919,STATE,CLOSED,-999,2016-01-10
10003673,CRITTENDEN COUNTY DETENTION CENTER,208 W CARLISLE ST,MARION,KY,42064,COUNTY,OPEN,172,2024-07-03
10004736,HARDIN COUNTY JAIL,104 E MARKET ST,ELIZABETHTOWN,IL,62931,COUNTY,OPEN,6,2024-07-25
10004735,POPE COUNTY JAIL,216 EAST DECATUR STREET,GOLCONDA,IL,62938,COUNTY,OPEN,-999,2019-11-18
10004734,VIENNA CORRECTIONAL CENTER,6695 STATE ROUTE 146 EAST,VIENNA,IL,62995,STATE,OPEN,1072,2023-06-30
10000695,SHAWNEE CORRECTIONAL CENTER,6665 STATE ROUTE 146 EAST,VIENNA,IL,62995,STATE,OPEN,1848,2023-06-30
10006350,DIXON SPRINGS IMPACT INCARCERATION PROGRAM (IIP),979 STATE HWY 146 W,GOLCONDA,IL,62938,STATE,OPEN,285,2023-06-30
10004731,SALINE COUNTY JAIL,1 NORTH MAIN STREET,HARRISBURG,IL,62946,COUNTY,OPEN,110,2018-03-02
10000693,ILLINOIS YOUTH CENTER HARRISBURG,1201 WEST POPLAR STREET,HARRISBURG,IL,62946,STATE,OPEN,332,2024-02-26
10006741,WAYNE COUNTY JAIL,305 EAST COURT STREET,FAIRFIELD,IL,62837,COUNTY,OPEN,30,2024-07-30
10004725,EDWARDS COUNTY JAIL,50 EAST MAIN STREET,ALBION,IL,62806,COUNTY,OPEN,1,2018-03-01
10004728,WHITE COUNTY JAIL,108 NORTH MAIN CROSS STREET,CARMI,IL,62821,COUNTY,OPEN,76,2018-03-05
10006756,YOUTH CARE CENTER,727 CHESTNUT,EVANSVILLE,IN,47713,COUNTY,OPEN,40,2018-03-06
10006939,HOPE HALL,811 E FRANKLIN ST,EVANSVILLE,IN,47711,STATE,OPEN,100,2020-04-22
10002653,VANDERBURGH COUNTY DETENTION FACILITY,3500 N HARLAN AVE,EVANSVILLE,IN,47711,COUNTY,OPEN,600,2018-03-06
10004931,GIBSON COUNTY JAIL,112 E EMERSON ST,PRINCETON,IN,47670,COUNTY,OPEN,100,2024-07-31
10004726,WABASH COUNTY JAIL,110 EAST 4TH STREET,MOUNT CARMEL,IL,62863,COUNTY,OPEN,17,2018-03-05
10000681,LAWRENCE COUNTY JAIL,1306 LEXINGTON AVENUE,LAWRENCEVILLE,IL,62439,COUNTY,OPEN,20,2018-03-02
10000682,LAWRENCE CORRECTIONAL CENTER,10940 LAWRENCE ROAD,SUMNER,IL,62466,STATE,OPEN,1241,2023-06-30
10004722,RICHLAND COUNTY JAIL,211 WEST MARKET STREET,OLNEY,IL,62450,COUNTY,OPEN,60,2024-07-29
10004717,JASPER COUNTY JAIL,106 EAST MORGAN STREET,NEWTON,IL,62448,COUNTY,OPEN,-999,2018-03-02
10004716,CRAWFORD COUNTY JAIL,203 SOUTH JEFFERSON STREET,ROBINSON,IL,62454,COUNTY,OPEN,46,2024-07-25
10000678,ROBINSON CORRECTIONAL CENTER,13423 EAST 1150TH AVENUE,ROBINSON,IL,62454,STATE,OPEN,1202,2023-06-30
10004709,CLARK COUNTY JAIL,207 NORTH 5TH STREET,MARSHALL,IL,62441,COUNTY,OPEN,-999,2016-03-04
10004703,EDGAR COUNTY JAIL,228 NORTH CENTRAL AVENUE,PARIS,IL,61944,COUNTY,OPEN,28,2018-03-01
10004706,COLES COUNTY JAIL,701 SEVENTH STREET,CHARLESTON,IL,61920,COUNTY,OPEN,-999,2024-07-25
10004704,DOUGLAS COUNTY JAIL,920 SOUTH WASHINGTON STREET,TUSCOLA,IL,61953,COUNTY,OPEN,36,2018-03-01
10004705,MOULTRIE COUNTY JAIL,1505 WEST HAGERMAN ST,SULLIVAN,IL,61951,COUNTY,OPEN,56,2024-07-29
10004715,EFFINGHAM COUNTY JAIL,101 NORTH 4TH STREET,EFFINGHAM,IL,62401,COUNTY,OPEN,-999,2024-07-25
10004711,CUMBERLAND COUNTY JAIL,166 COURT HOUSE SQUARE,TOLEDO,IL,62468,COUNTY,OPEN,33,2024-07-25
10004721,CLAY COUNTY JAIL,300 BROADWAY ST,LOUISVILLE,IL,62858,COUNTY,OPEN,-999,2018-03-01
10001480,FAYETTE COUNTY JAIL,221 SOUTH 7TH STREET,VANDALIA,IL,62471,COUNTY,OPEN,70,2018-03-01
10000677,VANDALIA CORRECTIONAL CENTER,ROUTE 51 NORTH,VANDALIA,IL,62471,STATE,OPEN,1003,2023-06-30
10004714,VANDALIA WORK CAMP,UNITED STATES HIGHWAY 51 NORTH,VANDALIA,IL,62471,STATE,NOT AVAILABLE,-999,2023-06-30
10004707,SHELBY COUNTY JAIL,151 NORTH MORGAN STREET,SHELBYVILLE,IL,62565,COUNTY,OPEN,27,2018-03-02
10000669,DECATUR CORRECTIONAL CENTER,2310 EAST MOUND ROAD,DECATUR,IL,62524,STATE,OPEN,707,2023-06-30
10000670,DECATUR ATC,2175 EAST PERSHING ROAD,DECATUR,IL,62526,STATE,CLOSED,110,2013-01-03
10000668,MACON COUNTY JAIL,333 SOUTH FRANKLIN STREET,DECATUR,IL,62523,COUNTY,OPEN,425,2017-10-13
10001478,CHRISTIAN COUNTY CORRECTIONAL CENTER,301 W FRANKLIN ST,TAYLORVILLE,IL,62568,COUNTY,OPEN,-999,2024-07-16
10000673,TAYLORVILLE CORRECTIONAL CENTER,1144 ILLINOIS ROUTE 29,TAYLORVILLE,IL,62568,STATE,OPEN,1201,2023-06-30
10004701,SANGAMON COUNTY JAIL,1 SHERIFFS PLAZA,SPRINGFIELD,IL,62701,COUNTY,OPEN,314,2024-07-29
10004702,SANGAMON COUNTY JUVENILE DETENTION CENTER,2201 SOUTH DIRKSEN PARKWAY,SPRINGFIELD,IL,62703,COUNTY,OPEN,48,2018-03-02
10004708,MACOUPIN COUNTY JAIL,215 SOUTH EAST STREET,CARLINVILLE,IL,62626,COUNTY,OPEN,-999,2024-07-26
10000675,MONTGOMERY COUNTY JAIL,140 NORTH MAIN STREET,HILLSBORO,IL,62049,COUNTY,OPEN,-999,2024-07-29
10000674,GRAHAM CORRECTIONAL CENTER,12078 ILLINOIS ROUTE 185,HILLSBORO,IL,62049,STATE,OPEN,2027,2023-06-30
10000680,FCI GREENVILLE CAMP,100 UNITED STATES HIGHWAY 40,GREENVILLE,IL,62246,FEDERAL,OPEN,-999,2016-02-16
10000679,FCI GREENVILLE,100 UNITED STATES HIGHWAY 40,GREENVILLE,IL,62246,FEDERAL,OPEN,-999,2016-02-16
10006735,MADISON COUNTY JUVENILE DETENTION CENTER,100 W. 5TH AVENUE,EDWARDSVILLE,IL,62025,COUNTY,OPEN,49,2018-03-02
10004720,MADISON COUNTY JAIL,405 RANDLE STREET,EDWARDSVILLE,IL,62025,COUNTY,OPEN,-999,2018-03-02
10000684,ST CLAIR COUNTY JAIL,700 NORTH 5TH STREET,BELLEVILLE,IL,62220,COUNTY,OPEN,434,2018-03-02
10004723,CLINTON COUNTY JAIL,810 FRANKLIN STREET,CARLYLE,IL,62231,COUNTY,OPEN,52,2018-03-01
10004727,WASHINGTON COUNTY JAIL,245 NORTH KASKASKIA STREET,NASHVILLE,IL,62263,COUNTY,OPEN,25,2018-03-05
10000683,CENTRALIA CORRECTIONAL CENTER,9330 SHATTUC ROAD,CENTRALIA,IL,62801,STATE,OPEN,1520,2023-06-30
10001481,MARION COUNTY JAIL,204 NORTH WASHINGTON STREET,SALEM,IL,62881,COUNTY,OPEN,135,2016-10-28
10000686,JEFFERSON COUNTY JAIL,911 CASEY AVE,MOUNT VERNON,IL,62864,COUNTY,OPEN,249,2018-03-02
10002259,BIG MUDDY RIVER CORRECTIONAL CENTER,251 NORTH ILLINOIS HIGHWAY 37,INA,IL,62846,STATE,OPEN,1961,2023-06-30
10004729,FRANKLIN COUNTY JAIL,403 EAST MAIN STREET,BENTON,IL,62812,COUNTY,OPEN,101,2018-03-01
10004730,FRANKLIN COUNTY JUVENILE DETENTION CENTER,409 EAST WASHINGTON STREET,BENTON,IL,62812,COUNTY,CLOSED,38,2023-12-23
10000689,DU QUOIN STRUCTURED IMPACT PROGRAM (DQSIP),275 AGRILAND ACRES DR,DU QUOIN,IL,62832,STATE,OPEN,200,2023-06-30
10000690,PERRY COUNTY JAIL,12 EAST WATER STREET,PINCKNEYVILLE,IL,62274,COUNTY,OPEN,56,2018-03-02
10000688,PINCKNEYVILLE CORRECTIONAL CENTER,5835 STATE ROUTE 154,PINCKNEYVILLE,IL,62274,STATE,OPEN,2827,2023-06-30
10000692,JACKSON COUNTY JAIL,1001 MULBERRY STREET,MURPHYSBORO,IL,62966,COUNTY,OPEN,-999,2024-07-25
10000691,MURPHYSBORO LIFE SKILLS REENTRY CENTER,636 ELZA BRANTLEY DRIVE,MURPHYSBORO,IL,62966,STATE,OPEN,240,2023-06-30
10004733,WILLIAMSON COUNTY JAIL,404 N. VAN BUREN,MARION,IL,62959,COUNTY,OPEN,244,2018-03-05
10004732,USP MARION CAMP,4500 PRISON ROAD,MARION,IL,62959,FEDERAL,OPEN,-999,2016-02-16
10000694,USP MARION,4500 PRISON ROAD,MARION,IL,62959,FEDERAL,OPEN,-999,2016-02-16
10006561,GIRARDOT CENTER FOR YOUTH AND FAMILIES,609 NORTH MIDDLE STREET,CAPE GIRARDEAU,MO,63701,STATE,OPEN,24,2023-06-30
10006932,CAPE GIRARDEAU MUNICIPAL JAIL,2530 MARIA LOUISE LANE,CAPE GIRARDEAU,MO,63701,LOCAL,OPEN,20,2018-05-25
10004067,CAPE GIRARDEAU COUNTY JAIL,216 N. MISSOURI ST,JACKSON,MO,63755,COUNTY,OPEN,152,2018-03-26
10006209,MENARD MEDIUM SECURITY UNIT,711 KASKASKIA STREET,MENARD,IL,62259,STATE,OPEN,442,2023-06-30
10001482,RANDOLPH COUNTY JAIL,200 WEST BUENA VISTA STREET,CHESTER,IL,62233,COUNTY,OPEN,-999,2024-07-29
10000687,MENARD CORRECTIONAL CENTER,711 KASKASKIA STREET,MENARD,IL,62259,STATE,OPEN,2389,2023-06-30
10005401,PERRY COUNTY JAIL / SHERIFF,710 SOUTH KINGSHIGHWAY,PERRYVILLE,MO,63775,COUNTY,OPEN,-999,2018-03-26
20000821,BOLLINGER COUNTY JAIL,202 HIGH STREET,MARBLE HILL,MO,63764,COUNTY,OPEN,-999,2018-03-23
10005413,SCOTT COUNTY JAIL,211 SOUTH NEW MADRID STREET,BENTON,MO,63736,COUNTY,OPEN,-999,2018-03-27
10005415,STODDARD COUNTY SHERIFF'S DEPARTMENT/JAIL,207 SOUTH PRAIRIE STREET,BLOOMFIELD,MO,63825,COUNTY,NOT AVAILABLE,-999,2024-03-07
10004071,PEMISCOT COUNTY DETENTION CENTER,800 WARD AVE,CARUTHERSVILLE,MO,63830,COUNTY,OPEN,128,2020-01-31
10004774,MCDOWELL CENTER FOR CHILDREN,711 UNITED STATES HIGHWAY 51 BYPASS SOUTH,DYERSBURG,TN,38024,LOCAL,OPEN,28,2018-05-23
10003496,NORTHWEST CORRECTIONAL COMPLEX,960 STATE ROUTE 212,TIPTONVILLE,TN,38079,STATE,OPEN,1776,2017-11-30
10005995,LAKE COUNTY JAIL,109 SOUTH COURT STREET,TIPTONVILLE,TN,38029,COUNTY,OPEN,40,2018-03-31
10005901,NEW MADRID BEND YOUTH CENTER,7960 UNITED STATES HIGHWAY 61,NEW MADRID,MO,63869,STATE,NOT AVAILABLE,20,2023-06-30
10005900,NEW MADRID COUNTY JAIL,2 COURTHOUSE SQUARE,NEW MADRID,MO,63869,COUNTY,OPEN,-999,2020-01-31
10003689,FULTON COUNTY DETENTION CENTER,2010 S 7TH ST,HICKMAN,KY,42050,COUNTY,OPEN,525,2024-07-03
10004773,DYER COUNTY JAIL,401 EAST CEDAR STREET,DYERSBURG,TN,38024,COUNTY,OPEN,184,2018-03-31
10003514,GIBSON COUNTY CORRECTIONAL COMPLEX,401 NORTH COLLEGE ST,TRENTON,TN,38382,COUNTY,OPEN,332,2018-03-31
10004763,OBION COUNTY JAIL,1 LAW LANE,UNION CITY,TN,38261,COUNTY,OPEN,159,2018-03-31
10001636,SOUTHEAST CORRECTIONAL CENTER,300 E PEDRO SIMMONS DR,CHARLESTON,MO,63834,STATE,OPEN,-999,2024-03-01
10005892,MISSISSIPPI COUNTY DETENTION CENTER,200 WEST COMMERCIAL STREET,CHARLESTON,MO,63834,COUNTY,OPEN,-999,2018-03-26
10004738,TAMMS WORK CAMP,200 EAST SUPERMAX ROAD,TAMMS,IL,62988,STATE,CLOSED,-999,2015-05-17
10000698,TAMMS CORRECTIONAL CENTER,200 EAST SUPERMAX ROAD,TAMMS,IL,62988,STATE,CLOSED,-999,2015-05-27
10004739,PULASKI COUNTY DETENTION CENTER,20 JUSTICE DRIVE,ULLIN,IL,62992,MULTI,OPEN,240,2024-07-29
10003679,BALLARD COUNTY JAIL,132 MAYOLA AVE,WICKLIFFE,KY,42087,COUNTY,OPEN,78,2024-07-03
10004737,MASSAC COUNTY JAIL,515 MARKET STREET,METROPOLIS,IL,62960,COUNTY,OPEN,42,2018-03-02
10004325,MCCRACKEN COUNTY JAIL,400 CLARENCE GAINES ST,PADUCAH,KY,42003,COUNTY,OPEN,471,2024-07-03
10003680,MCCRACKEN REGIONAL JUVENILE DETENTION CENTER,500 COUNTRY PARK RD,PADUCAH,KY,42001,STATE,OPEN,-999,2024-02-27
10005054,MAYFIELD YOUTH DEVELOPMENT CENTER,3179 STATE ROAD 45 SOUTH,MAYFIELD,KY,42066,STATE,OPEN,30,2016-02-22
10005053,GRAVES COUNTY JAIL,103 EAST SOUTH STREET,MAYFIELD,KY,42066,COUNTY,CLOSED,-999,2024-07-03
10006247,GRAVES COUNTY RESTRICTED CUSTODY CENTER,150 JENKINS STREET,MAYFIELD,KY,42066,COUNTY,OPEN,80,2024-07-03
10003684,MARSHALL COUNTY DETENTION CENTER / RESTRICTED CUSTODY CENTER,54 JUDICIAL DR,BENTON,KY,42025,COUNTY,OPEN,204,2024-07-03
10003688,CALLOWAY COUNTY JAIL / RESTRICTED CUSTODY CENTER,310 N 4TH ST,MURRAY,KY,42071,COUNTY,OPEN,163,2024-07-03
10000121,WESTERN KENTUCKY CORRECTIONAL COMPLEX,374 NEW BETHEL CHURCH RD,FREDONIA,KY,42411,STATE,OPEN,693,2024-02-27
10000120,KENTUCKY STATE PENITENTIARY,266 WATER ST,EDDYVILLE,KY,42038,STATE,OPEN,-999,2024-02-27
10005049,CALDWELL COUNTY JAIL,100 EAST MARKET STREET,PRINCETON,KY,42445,COUNTY,OPEN,-999,2024-07-03
10004753,STEWART COUNTY JAIL,314 CEDAR ST,DOVER,TN,37058,COUNTY,OPEN,132,2018-03-31
10004769,HOUSTON COUNTY JAIL,3330 STATE HIGHWAY 149,ERIN,TN,37061,COUNTY,OPEN,35,2018-03-31
10003513,HUMPHREYS COUNTY JAIL,112 THOMPSON ST,WAVERLY,TN,37185,COUNTY,OPEN,68,2018-03-31
10003508,BENTON COUNTY JAIL,116 ROSEMARY AVE,CAMDEN,TN,38320,COUNTY,OPEN,140,2018-03-31
10003521,CARROLL COUNTY JAIL,200 NORANDAL DR,HUNTINGDON,TN,38344,COUNTY,OPEN,170,2018-03-31
10003497,HENRY COUNTY CORRECTIONAL FACILITY,210 FORREST HEIGHTS RD,PARIS,TN,38242,COUNTY,OPEN,204,2018-04-23
10004764,WEAKLEY COUNTY JAIL,7951 STATE HIGHWAY 22,DRESDEN,TN,38225,COUNTY,OPEN,129,2018-03-31
10004788,CHESTER COUNTY JAIL,333 ERIC BELL DRIVE,HENDERSON,TN,38340,COUNTY,OPEN,82,2018-03-31
10004791,HARDIN COUNTY JAIL,525 WATER STREET,SAVANNAH,TN,38372,COUNTY,OPEN,162,2018-03-31
10003532,HENDERSON COUNTY JAIL,170 JUSTICE CENTER DR,LEXINGTON,TN,38351,COUNTY,OPEN,216,2018-03-31
10004778,DECATUR COUNTY JAIL,138 NORTH EAST STREET,DECATURVILLE,TN,38329,COUNTY,OPEN,59,2018-03-31
10006662,NATCHEZ TRACE YOUTH ACADEMY,415 SEVEN HAWKS LANE,WAVERLY,TN,37185,STATE,OPEN,115,2018-01-10
10001014,TURNEY CENTER INDUSTRIAL COMPLEX,1499 R.W. MOORE MEMORIAL HWY,ONLY,TN,37140,STATE,OPEN,1574,2015-09-25
10004785,LEWIS COUNTY JAIL,437 SWAN AVENUE,HOHENWALD,TN,38462,COUNTY,OPEN,47,2018-03-31
10004779,PERRY COUNTY JAIL,582 BETHEL ROAD,LINDEN,TN,37096,COUNTY,OPEN,59,2018-03-31
10006004,WAYNE COUNTY JAIL,1016 ANDREW JACKSON DR,WAYNESBORO,TN,38485,COUNTY,OPEN,128,2018-03-31
10003538,SOUTH CENTRAL CORRECTIONAL CENTER,555 FOREST AVE,CLIFTON,TN,38425,STATE,OPEN,-999,2017-11-30
10001015,TURNEY CENTER INDUSTRIAL COMPLEX - ANNEX,245 CARROLL RD,CLIFTON,TN,38425,STATE,OPEN,-999,2015-09-25
10001195,COLBERT COUNTY JAIL,107 W 4TH ST,TUSCUMBIA,AL,35674,COUNTY,OPEN,62,2024-03-13
10006677,TUSCUMBIA CITY JAIL,218 S DICKSON STREET,TUSCUMBIA,AL,35674,LOCAL,OPEN,-999,2024-03-14
10005693,LAUDERDALE COUNTY DETENTION CENTER,653 SOUTH SEMINARY STREET,FLORENCE,AL,35630,COUNTY,NOT AVAILABLE,-999,2024-03-13
10006686,TENNESSEE VALLEY JUVENILE DETENTION CENTER,2216 MISSOURI STREET,TUSCUMBIA,AL,35674,COUNTY,OPEN,25,2024-03-14
10003705,RUSSELLVILLE CITY JAIL,400 N JACKSON AVENUE,RUSSELLVILLE,AL,35653,LOCAL,OPEN,-999,2016-03-04
10005536,TISHOMINGO COUNTY JAIL,1208 BETTYDALE DRIVE,IUKA,MS,38852,COUNTY,OPEN,80,2018-03-29
10005532,ALCORN COUNTY REGIONAL CORRECTIONAL FACILITY,2839 SOUTH HARPER RD,CORINTH,MS,38834,COUNTY,OPEN,300,2024-07-31
10005531,ALCORN COUNTY JUVENILE DETENTION,2861 SOUTH HARPER ROAD,CORINTH,MS,38834,COUNTY,OPEN,16,2016-02-15
10002626,MCNAIRY COUNTY JAIL,300 INDUSTRIAL PARK DRIVE,SELMER,TN,38375,COUNTY,OPEN,94,2018-03-31
10004230,PRENTISS COUNTY JAIL,1901B EAST CHAMBERS DRIVE,BOONEVILLE,MS,38829,COUNTY,OPEN,70,2018-03-28
10005534,TIPPAH COUNTY JAIL,205 WEST SPRING STREET,RIPLEY,MS,38663,COUNTY,OPEN,-999,2018-03-28
20000881,BENTON COUNTY JAIL,16670 BOUNDARY DR,ASHLAND,MS,38603,COUNTY,OPEN,-999,2024-08-13
10006133,BENTON COUNTY JAIL (OLD),368 RIPLEY AVENUE,ASHLAND,MS,38603,COUNTY,CLOSED,-999,2024-08-13
10005459,HARDEMAN COUNTY JAIL,505 SOUTH MAIN STREET,BOLIVAR,TN,38008,COUNTY,OPEN,179,2018-03-31
10006003,MADISON COUNTY JUVENILE DETENTION CENTER,224 LEXINGTON AVENUE,JACKSON,TN,38301,COUNTY,OPEN,7,2018-04-24
10003534,MADISON COUNTY CRIMINAL JUSTICE COMPLEX,515 S LIBERTY ST,JACKSON,TN,38301,COUNTY,OPEN,304,2018-03-31
10006860,MADISON COUNTY JAIL ANNEX,100 E. MAIN STREET,JACKSON,TN,38301,COUNTY,OPEN,64,2018-03-31
10003533,MADISON COUNTY PENAL FARM,1524 WESTOVER RD,JACKSON,TN,38301,COUNTY,OPEN,86,2018-03-31
10006431,HAYWOOD COUNTY JAIL,100 S. DUPREE,BROWNSVILLE,TN,38012,COUNTY,OPEN,194,2018-03-31
10006854,CROCKETT COUNTY JAIL,899 SOUTH CAVALIER DR,ALAMO,TN,38001,COUNTY,OPEN,64,2018-03-31
10001717,WHITEVILLE CORRECTIONAL FACILITY,1440 UNION SPRINGS ROAD,WHITEVILLE,TN,38075,STATE,OPEN,-999,2017-11-30
10001716,HARDEMAN COUNTY CORRECTIONAL FACILITY,2520 UNION SPRINGS RD,WHITEVILLE,TN,38075,STATE,OPEN,1976,2017-11-30
10003546,JOHN S. WILDER YOUTH DEVELOPMENT CENTER,13870 HIGHWAY 59,SOMERVILLE,TN,38068,STATE,OPEN,120,2015-06-10
10003547,FAYETTE COUNTY JAIL,705 JUSTICE DR,SOMERVILLE,TN,38068,COUNTY,OPEN,189,2018-03-31
10006005,TIPTON COUNTY JAIL,1801 SOUTH COLLEGE STREET,COVINGTON,TN,38019,COUNTY,OPEN,201,2018-03-31
10003539,WEST TENNESSEE DETENTION FACILITY,6299 FINDE NAIFEH JR DR,MASON,TN,38049,MULTI,OPEN,600,2017-10-13
10001712,LAUDERDALE COUNTY JAIL,675 US HWY 51 S,RIPLEY,TN,38063,COUNTY,OPEN,144,2018-03-31
10001711,WEST TENNESSEE STATE PENITENTIARY,480 GREEN CHAPEL RD,HENNING,TN,38041,STATE,OPEN,2480,2017-11-30
10000067,MISSISSIPPI COUNTY DETENTION CENTER,685 N COUNTY RD 599,LUXORA,AR,72358,COUNTY,OPEN,250,2024-03-20
10000066,MISSISSIPPI COUNTY WORK RELEASE CENTER,727 NORTH COUNTY ROAD 599,LUXORA,AR,72358,STATE,OPEN,121,2023-10-31
10000065,NORTHEAST ARKANSAS COMMUNITY CORRECTION CENTER,1351 RICHARD E PREWITT DR,OSCEOLA,AR,72370,STATE,OPEN,240,2022-12-20
10003542,FCI MEMPHIS CAMP,6696 NAVY RD,MILLINGTON,TN,38053,FEDERAL,OPEN,-999,2016-02-16
10006921,BARTLETT CITY JAIL,3730 APPLING ROAD,BARTLETT,TN,38133,LOCAL,OPEN,-999,2018-05-22
10003544,SHELBY COUNTY JAIL WOMEN'S FACILITY,6201 HALEY RD,MEMPHIS,TN,38134,COUNTY,OPEN,-999,2018-04-24
10001719,SHELBY COUNTY CORRECTIONAL CENTER,1045 MULLINS STATION RD,MEMPHIS,TN,38134,COUNTY,OPEN,3706,2018-03-31
10003543,SHELBY ADULT OFFENDER CENTER,961 SYCAMORE VIEW RD,MEMPHIS,TN,38134,COUNTY,OPEN,768,2016-03-01
10001720,MARK H LUTTRELL TRANSITION CENTER,6000 STATE RD,MEMPHIS,TN,38134,STATE,OPEN,288,2017-11-30
10001718,FCI MEMPHIS,1101 JOHN A DENIE RD,MEMPHIS,TN,38134,FEDERAL,OPEN,-999,2016-02-16
10005460,SHELBY TRAINING CENTER,3420 OLD GETWELL ROAD,MEMPHIS,TN,38118,COUNTY,OPEN,200,2018-04-24
10005537,MARSHALL COUNTY JAIL,819 WEST STREET,HOLLY SPRINGS,MS,38635,COUNTY,OPEN,8,2018-03-28
10001804,MARSHALL COUNTY CORRECTIONAL FACILITY,833 WEST ST,HOLLY SPRINGS,MS,38635,STATE,OPEN,925,2024-02-25
10005535,DE SOTO COUNTY JUVENILE DETENTION FACILITY,311 W SOUTH ST,HERNANDO,MS,38632,COUNTY,OPEN,40,2018-03-28
10004229,DE SOTO COUNTY ADULT DETENTION FACILITY,3425 INDUSTRIAL DR. WEST,HERNANDO,MS,38632,COUNTY,OPEN,568,2018-03-28
10005539,TATE COUNTY JAIL,1 JUSTICE DRIVE,SENATOBIA,MS,38668,COUNTY,OPEN,44,2018-03-28
10005542,PANOLA COUNTY JAIL,300 JAMES RUDD RD,BATESVILLE,MS,38606,COUNTY,OPEN,-999,2018-03-28
10005546,YALOBUSHA COUNTY JAIL,11803 HWY 32,WATER VALLEY,MS,38965,COUNTY,OPEN,24,2018-03-29
10005541,LAFAYETTE COUNTY JAIL,711 JACKSON AVENUE,OXFORD,MS,38655,COUNTY,OPEN,10,2018-03-28
10005540,UNION COUNTY JAIL,300 CARTER AVE,NEW ALBANY,MS,38652,COUNTY,OPEN,24,2018-03-29
10005545,PONTOTOC COUNTY JAIL,490 HIGHWAY 6 W,PONTOTOC,MS,38863,COUNTY,OPEN,42,2018-03-28
10005550,CHICKASAW COUNTY REGIONAL CORRECTIONAL FACILITY,120 LANCASTER CIRCLE,HOUSTON,MS,38851,COUNTY,OPEN,300,2024-07-31
10006435,CALHOUN COUNTY JAIL,178 SOUTH MURPHREE STREET,PITTSBORO,MS,38951,COUNTY,OPEN,-999,2020-01-07
10005557,WEBSTER COUNTY JAIL,87 GOVERNMENT AVE,EUPORA,MS,39744,COUNTY,OPEN,-999,2018-03-29
10004237,OKTIBBEHA COUNTY JAIL,111 DR. D.L. CONNER DR,STARKVILLE,MS,39759,COUNTY,OPEN,82,2018-03-28
10004240,WINSTON-CHOCTAW COUNTY REGIONAL CORRECTIONAL FACILITY,22062 MS HWY 25 N,LOUISVILLE,MS,39339,COUNTY,OPEN,280,2024-07-31
10006814,CHOCTAW COUNTY JAIL,122 JAILHOUSE RD,ACKERMAN,MS,39735,COUNTY,OPEN,-999,2018-03-28
10005552,GRENADA COUNTY JAIL,37 DOAK STREET,GRENADA,MS,38901,COUNTY,OPEN,210,2018-03-28
10001809,CARROLL COUNTY REGIONAL CORRECTIONAL FACILITY,33714 MS HWY 35,VAIDEN,MS,39176,COUNTY,OPEN,300,2024-07-31
20000880,ATTALA COUNTY JAIL,102 RIDGEWOOD CIRCLE,KOSCIUSKO,MS,39090,COUNTY,OPEN,-999,2024-08-13
10005564,ATTALA COUNTY JAIL (OLD),112 WEST ADAMS STREET,KOSCIUSKO,MS,39090,COUNTY,CLOSED,-999,2024-08-13
10001814,LEAKE COUNTY REGIONAL CORRECTIONAL FACILITY,399 C O BROOKS ST,CARTHAGE,MS,39051,COUNTY,OPEN,300,2024-07-31
10004244,WALNUT GROVE CORRECTIONAL FACILITY,1650 HWY 492,WALNUT GROVE,MS,39189,STATE,OPEN,1244,2024-02-25
10005567,SCOTT COUNTY JUVENILE HOLDING FACILITY,531 AIRPORT ROAD,FOREST,MS,39074,COUNTY,OPEN,16,2020-01-07
10004247,RANKIN COUNTY JAIL,221 N TIMBER ST,BRANDON,MS,39042,COUNTY,OPEN,-999,2018-03-28
10005570,RANKIN COUNTY JUVENILE JUSTICE CENTER,100 COURT COVE,PELAHATCHIE,MS,39145,COUNTY,OPEN,-999,2024-08-15
10005579,SIMPSON COUNTY ADULT DETENTION CENTER,120 CEMETERY ST,MENDENHALL,MS,39114,COUNTY,OPEN,185,2018-03-28
10004251,SIMPSON COUNTY TECHNICAL VIOLATION CENTER,714 WOOD RD,MAGEE,MS,39111,STATE,NOT AVAILABLE,-999,2024-02-25
10005580,COVINGTON COUNTY JAIL,1107 MAIN ST,COLLINS,MS,39428,COUNTY,OPEN,-999,2014-03-20
10005577,SMITH COUNTY JAIL,150 COURT HOUSE SQUARE,RALEIGH,MS,39153,COUNTY,OPEN,-999,2024-08-15
10005566,SCOTT COUNTY JAIL,531 AIRPORT ROAD,FOREST,MS,39074,COUNTY,OPEN,150,2018-03-28
10005576,JASPER COUNTY JAIL / SHERIFF,29 WEST 8TH AVENUE,BAY SPRINGS,MS,39422,COUNTY,OPEN,-999,2018-03-28
10004254,JONES COUNTY JUVENILE DETENTION CENTER,5178 STATE HWY 11 N,ELLISVILLE,MS,39437,COUNTY,OPEN,36,2018-03-28
10004253,JONES COUNTY ADULT DETENTION CENTER,5178 STATE HWY 11 N,ELLISVILLE,MS,39437,COUNTY,OPEN,-999,2018-03-28
10001816,EAST MISSISSIPPI CORRECTIONAL FACILITY,10641 HWY 80 W,MERIDIAN,MS,39307,STATE,OPEN,1500,2024-04-03
10005572,NEWTON COUNTY JAIL,300 ACCESS ROAD,DECATUR,MS,39327,COUNTY,OPEN,-999,2018-03-28
10004243,NESHOBA COUNTY LAW ENFORCEMENT CENTER,920 CHESTNUT ST,PHILADELPHIA,MS,39350,COUNTY,OPEN,64,2018-03-28
10002646,KEMPER-NESHOBA COUNTY REGIONAL CORRECTIONAL FACILITY,374 STENNIS INDUSTRIAL PARK RD,DEKALB,MS,39328,COUNTY,OPEN,355,2024-07-31
10003724,SUMTER COUNTY JAIL,118 HOSPITAL DRIVE,LIVINGSTON,AL,35470,COUNTY,OPEN,-999,2020-05-28
10004249,LAUDERDALE COUNTY DETENTION FACILITY,2001 5TH ST,MERIDIAN,MS,39301,COUNTY,OPEN,40,2018-03-28
10005571,LAUDERDALE COUNTY JUVENILE DETENTION CENTER,5400 20TH ST EXTENSION,MERIDIAN,MS,39307,COUNTY,OPEN,30,2018-03-28
10005574,CLARKE COUNTY JAIL,444 WEST DONALD STREET,QUITMAN,MS,39355,COUNTY,OPEN,-999,2018-03-28
10004252,WAYNE COUNTY ADULT DETENTION FACILITY,613 COURT ST,WAYNESBORO,MS,39367,COUNTY,OPEN,118,2018-03-29
10003742,CLARKE COUNTY JAIL,149 CLARKE STREET,GROVE HILL,AL,36451,COUNTY,OPEN,-999,2024-03-13
10003734,MARENGO COUNTY DETENTION CENTER,101 DUNN STREET,LINDEN,AL,36748,COUNTY,OPEN,-999,2024-03-14
10005695,GREENE COUNTY JAIL,951 FINCHES FERRY ROAD,EUTAW,AL,35462,COUNTY,OPEN,-999,2024-03-14
10001213,HALE COUNTY JAIL,70 CORRECTION DR,GREENSBORO,AL,36744,COUNTY,OPEN,91,2024-03-13
10001953,TUSCALOOSA COUNTY JAIL,1600 26TH AVE,TUSCALOOSA,AL,35401,COUNTY,OPEN,-999,2024-03-14
10006256,FAYETTE COUNTY JAIL,113 1ST AVE NW,FAYETTE,AL,35555,COUNTY,OPEN,-999,2024-03-14
10006462,LAMAR COUNTY JAIL,1118 COUNTY ROAD,VERNON,AL,35592,COUNTY,OPEN,-999,2018-05-25
10006396,PICKENS COUNTY JAIL,188 CEMETERY ST,CARROLLTON,AL,35447,COUNTY,OPEN,-999,2024-03-14
10006174,FCI ALICEVILLE CAMP,11070 HIGHWAY 14,ALICEVILLE,AL,35442,FEDERAL,OPEN,-999,2016-02-16
10006173,FCI ALICEVILLE,11070 HIGHWAY 14,ALICEVILLE,AL,35442,FEDERAL,OPEN,-999,2016-02-16
10004239,NOXUBEE COUNTY COMMUNITY WORK CENTER,212 INDUSTRIAL PARK ROAD,MACON,MS,39341,STATE,OPEN,54,2024-02-25
10005563,NOXUBEE COUNTY JAIL,103 INDUSTRIAL PARK ROAD,MACON,MS,39341,COUNTY,OPEN,-999,2014-03-20
10004235,CLAY COUNTY JAIL,330 W BROAD ST,WEST POINT,MS,39773,COUNTY,OPEN,160,2018-03-28
10005556,LOWNDES COUNTY ADULT DETENTION CENTER,527 MARTIN LUTHER KING JUNIOR DRIVE,COLUMBUS,MS,39701,COUNTY,OPEN,288,2024-08-15
10005555,LOWNDES COUNTY JUVENILE DETENTION CENTER,1602 COLLEGE STREET,COLUMBUS,MS,39701,COUNTY,OPEN,25,2024-08-15
10005549,MONROE COUNTY DETENTION CENTER,700 NORTH MERIDIAN STREET,ABERDEEN,MS,39730,COUNTY,OPEN,74,2018-03-28
10004233,LEE COUNTY-TUPELO JUVENILE DETENTION CENTER,510 N COMMERCE ST,TUPELO,MS,38804,COUNTY,OPEN,22,2018-03-28
10004232,LEE COUNTY - TUPELO ADULT JAIL,510 N COMMERCE ST,TUPELO,MS,38804,COUNTY,OPEN,200,2018-03-28
10005544,ITAWAMBA COUNTY JAIL,102 JOE STAUB RD,FULTON,MS,38843,COUNTY,OPEN,-999,2018-03-28
10003703,RED BAY CITY JAIL,112 5TH AVENUE SOUTHEAST,RED BAY,AL,35582,LOCAL,OPEN,-999,2024-03-13
10001199,HAMILTON COMMUNITY BASED FACILITY / COMMUNITY WORK CENTER,1826 BEXAR AVE E,HAMILTON,AL,35570,STATE,OPEN,278,2023-11-30
10001198,MARION COUNTY JAIL,280 WINCHESTER DR,HAMILTON,AL,35570,COUNTY,OPEN,-999,2024-03-14
10001197,HAMILTON AGED / INFIRMED,223 SASSER DR,HAMILTON,AL,35570,STATE,OPEN,295,2023-11-30
10003704,FRANKLIN COUNTY DETENTION CENTER,748 WALNUT GATE ROAD,RUSSELLVILLE,AL,35654,COUNTY,OPEN,220,2024-03-14
10003706,WINSTON COUNTY JAIL,11 BLAKE DRIVE,DOUBLE SPRINGS,AL,35553,COUNTY,OPEN,-999,2024-03-14
10001952,WALKER COUNTY JAIL,2001 2ND AVE,JASPER,AL,35501,COUNTY,OPEN,250,2024-03-14
10003708,PARRISH CITY JAIL,6484 STATE HIGHWAY 269 SOUTH,PARRISH,AL,35580,LOCAL,NOT AVAILABLE,-999,2020-05-28
10001210,TAYLOR HARDIN SECURE MEDICAL FACILITY,1301 JACK WARNER PARKWAY NE,TUSCALOOSA,AL,35404,STATE,OPEN,-999,2024-02-08
10001211,TUSCALOOSA COUNTY JUVENILE DETENTION CENTER,5941 12TH AVE E,TUSCALOOSA,AL,35405,COUNTY,OPEN,56,2024-08-19
10003715,JEFFERSON COUNTY SHERIFF'S OFFICE - BESSEMER JAIL,1822 2ND AVENUE NORTH,BESSEMER,AL,35020,COUNTY,OPEN,-999,2024-03-13
10000132,WILLIAM E DONALDSON CORRECTIONAL FACILITY,100 WARRIOR LN,BESSEMER,AL,35023,STATE,OPEN,1558,2023-11-30
10003709,SUMITON CITY JAIL,416 STATE STREET,SUMITON,AL,35148,LOCAL,OPEN,-999,2016-02-15
10001203,TARRANT CITY JAIL,2593 COMMERCE CIRCLE,TARRANT,AL,35217,LOCAL,OPEN,-999,2018-05-15
10006467,TRUSSVILLE CITY JAIL,131 MAIN STREET,TRUSSVILLE,AL,35173,LOCAL,OPEN,32,2024-03-13
10000135,DEPARTMENT OF YOUTH SERVICES-VACCA CAMPUS,8950 ROEBUCK BLVD,BIRMINGHAM,AL,35206,STATE,OPEN,-999,2024-02-08
10001205,JEFFERSON COUNTY SHERIFF'S OFFICE - BIRMINGHAM JAIL,809 RICHARD ARRINGTON JR BLVD N,BIRMINGHAM,AL,35203,COUNTY,OPEN,-999,2024-03-13
10001204,BIRMINGHAM COMMUNITY BASED FACILITY / COMMUNITY WORK CENTER,1216 25TH ST N,BIRMINGHAM,AL,35234,STATE,OPEN,268,2023-11-30
10001207,BIRMINGHAM CITY JAIL,425 6TH AVENUE SOUTH,BIRMINGHAM,AL,35205,LOCAL,OPEN,-999,2024-03-13
10001206,JEFFERSON COUNTY YOUTH DETENTION CENTER,140 2ND COURT N,BIRMINGHAM,AL,35204,COUNTY,OPEN,-999,2024-03-14
10006461,HOOVER CITY JAIL,2020 VALLEYDALE ROAD,HOOVER,AL,35244,LOCAL,OPEN,-999,2024-03-14
10006898,ALABASTER CITY JAIL,100 11TH AVE SW,ALABASTER,AL,35007,LOCAL,OPEN,-999,2018-05-14
10003718,HELENA CITY JAIL,816 STATE HIGHWAY 52 EAST,HELENA,AL,35080,LOCAL,OPEN,-999,2024-03-13
10006524,ALABAMA THERAPEUTIC EDUCATION FACILITY,102 INDUSTRIAL PARKWAY,COLUMBIANA,AL,35051,STATE,OPEN,-999,2023-11-30
10003717,SHELBY COUNTY CORRECTIONAL FACILITY,380 MCDOW ROAD,COLUMBIANA,AL,35051,COUNTY,OPEN,500,2024-03-14
10003716,SHELBY COUNTY JUVENILE DETENTION CENTER,222 MCDOW ROAD,COLUMBIANA,AL,35051,COUNTY,OPEN,34,2024-03-14
10001209,CHILDERSBURG COMMUNITY BASED FACILITY / COMMUNITY WORK CENTER,13501 PLANT RD,CHILDERSBURG,AL,35044,STATE,OPEN,410,2023-11-30
10001201,ST. CLAIR COUNTY - PELL CITY JAIL,100 18TH ST N,PELL CITY,AL,35125,COUNTY,OPEN,400,2024-03-13
10003710,SAINT CLAIR CORRECTIONAL FACILITY,1000 SAINT CLAIR ROAD,SPRINGVILLE,AL,35146,STATE,OPEN,1195,2023-11-30
10001951,BLOUNT COUNTY CORRECTIONAL FACILITY,225 INDUSTRIAL PARK RD,ONEONTA,AL,35121,COUNTY,OPEN,-999,2016-02-15
10003714,KIMBERLY CITY JAIL,9256 STOUTS ROAD,KIMBERLY,AL,35091,LOCAL,OPEN,-999,2024-03-13
10001200,CULLMAN COUNTY DETENTION CENTER,1900 BEECH AVE SE,CULLMAN,AL,35055,COUNTY,OPEN,553,2024-03-13
10003701,ARAB CITY JAIL,740 NORTH MAIN STREET,ARAB,AL,35016,LOCAL,OPEN,-999,2024-03-13
10003700,MARSHALL COUNTY JAIL,423 BLOUNT AVENUE,GUNTERSVILLE,AL,35976,COUNTY,OPEN,-999,2024-03-14
10003699,BOAZ POLICE DEPARTMENT JAIL,101 LINE AVENUE,BOAZ,AL,35957,LOCAL,OPEN,-999,2024-03-13
10006454,ALBERTVILLE CITY JAIL,201 SOUTH BROAD STREET,ALBERTVILLE,AL,35950,LOCAL,OPEN,-999,2024-03-13
10003702,MARSHALL COUNTY CORRECTIONS,1190 SAND MOUNTAIN DR.,ALBERTVILLE,AL,35950,COUNTY,OPEN,-999,2016-02-15
10006465,ST. CLAIR COUNTY - ASHVILLE JAIL,162 6TH AVE,ASHVILLE,AL,35953,COUNTY,OPEN,-999,2024-03-13
10000131,ETOWAH COUNTY DETENTION CENTER,827 FORREST AVE,GADSDEN,AL,35901,COUNTY,OPEN,-999,2024-03-13
10003711,JACKSONVILLE POLICE DEPARTMENT JAIL,911 PUBLIC SAFETY DRIVE SW,JACKSONVILLE,AL,36265,LOCAL,OPEN,-999,2024-03-13
10006255,CHEROKEE COUNTY DETENTION CENTER,110 CEDAR BLUFF RD,CENTRE,AL,35960,COUNTY,OPEN,-999,2024-03-14
10003695,DEKALB COUNTY JAIL,2801 JORDAN ROAD SOUTHWEST,FORT PAYNE,AL,35968,COUNTY,OPEN,-999,2024-03-14
10003891,BOB RICHARDS REGIONAL YOUTH DETENTION CENTER,200 MARABLE WAY,ROME,GA,30165,STATE,OPEN,-999,2024-02-20
10003894,FLOYD COUNTY JAIL,2526 NEW CALHOUN HIGHWAY,ROME,GA,30161,COUNTY,OPEN,714,2024-07-02
10003893,FLOYD COUNTY PRISON,329 BLACKS BLUFF ROAD,ROME,GA,30161,COUNTY,OPEN,498,2024-07-02
10003910,POLK COUNTY JAIL / SHERIFF,1676 ROCKMART HIGHWAY,CEDARTOWN,GA,30125,COUNTY,OPEN,-999,2024-07-08
10000296,HARALSON COUNTY SHERIFF'S OFFICE,137 HAYES-GLASS DR,BREMEN,GA,30110,COUNTY,OPEN,-999,2024-07-02
10001416,HARALSON COUNTY DETENTION FACILITY,224 HOLLY ST,BUCHANAN,GA,30113,COUNTY,OPEN,-999,2018-02-23
10003909,NORTHWEST PROBATION DETENTION CENTER,1030 WEST GIRARD AVENUE,CEDARTOWN,GA,30125,NOT AVAILABLE,CLOSED,-999,2010-04-14
10006401,CLEBURNE COUNTY JAIL,140 LAMBERT DR,HEFLIN,AL,36264,COUNTY,OPEN,-999,2024-03-14
10003919,BOWDON CITY JAIL,136 CITY HALL AVENUE,BOWDON,GA,30108,LOCAL,OPEN,-999,2015-03-10
10003920,CARROLL COUNTY CORRECTIONAL INSTITUTION,96 HORSLEY MILL ROAD,CARROLLTON,GA,30117,COUNTY,OPEN,246,2018-02-01
10003921,CARROLL COUNTY JAIL,1000 NEWNAN ROAD,CARROLLTON,GA,30116,COUNTY,OPEN,645,2018-02-22
10003927,HEARD COUNTY JAIL / SHERIFF,11820 HIGHWAY 100 NORTH,FRANKLIN,GA,30217,COUNTY,OPEN,-999,2018-02-23
10003928,CHARLES D. HUDSON TRANSITIONAL CENTER,100 JIM HESTER ROAD,LAGRANGE,GA,30241,STATE,OPEN,155,2024-02-01
10002128,TROUP COUNTY JAIL,130 SAM WALKER DR,LAGRANGE,GA,30240,COUNTY,OPEN,-999,2024-07-09
10002127,TROUP COUNTY CORRECTIONAL INSTITUTION,2508 HAMILTON RD,LAGRANGE,GA,30241,COUNTY,OPEN,372,2016-04-19
10006395,RANDOLPH COUNTY JAIL,340 PROBUILT DR,WEDOWEE,AL,36278,COUNTY,OPEN,110,2024-03-13
10003719,CLAY COUNTY DETENTION CENTER,41771 STATE HIGHWAY 77,ASHLAND,AL,36251,COUNTY,OPEN,-999,2024-03-14
10006679,COOSA VALLEY YOUTH SERVICES - ATTENTION HOME,4621 MCCLELLAN BLVD,ANNISTON,AL,36204,STATE,OPEN,14,2024-02-08
10003712,COOSA VALLEY YOUTH SERVICES - JUVENILE DETENTION CENTER,4625 MCCLELLAN BLVD,ANNISTON,AL,36204,STATE,OPEN,48,2024-02-08
10006678,COOSA VALLEY YOUTH SERVICES - ROBERT E. LEWIS RESIDENTIAL TREATMENT ACADEMY,4629 MCCLELLAN BLVD,ANNISTON,AL,36204,STATE,OPEN,-999,2024-02-08
10001202,CALHOUN COUNTY JAIL,400 W 8TH ST,ANNISTON,AL,36201,COUNTY,OPEN,-999,2024-03-13
10003713,OXFORD POLICE DEPARTMENT,600 STANLEY MERRILL DRIVE,OXFORD,AL,36203,LOCAL,OPEN,-999,2024-03-13
10005694,FCI TALLADEGA CAMP,565 EAST RENFROE ROAD,TALLADEGA,AL,35160,FEDERAL,OPEN,-999,2016-02-16
10001208,TALLADEGA COUNTY JAIL,150 E RENFROE RD,TALLADEGA,AL,35160,COUNTY,OPEN,485,2018-01-25
10000136,FCI TALLADEGA,565 EAST RENFROE ROAD,TALLADEGA,AL,35160,FEDERAL,OPEN,-999,2016-02-16
10003722,COOSA COUNTY JAIL,296 SCHOOL STREET,ROCKFORD,AL,35136,COUNTY,OPEN,-999,2024-03-13
10003721,ALEX CITY COMMUNITY BASED FACILITY / COMMUNITY WORK CENTER,HIGHWAY 22 WEST,ALEX CITY,AL,35011,STATE,OPEN,244,2023-11-30
10001216,JULIA TUTWILER PRISON FOR WOMEN,8966 US HWY 231 N,WETUMPKA,AL,36092,STATE,OPEN,734,2023-11-30
10006241,JULIA TUTWILER PRISON FOR WOMEN ANNEX,8966 US HWY 231 N,WETUMPKA,AL,36092,STATE,OPEN,250,2023-11-30
10001215,ELMORE COUNTY JAIL,8955 US HWY 231,WETUMPKA,AL,36092,COUNTY,OPEN,-999,2024-03-14
10001218,RED EAGLE COMMUNITY WORK CENTER,1290 RED EAGLE RD,MONTGOMERY,AL,36110,STATE,OPEN,312,2023-11-30
10001222,MONTGOMERY WOMEN'S FACILITY,12085 WARES FERRY RD,MONTGOMERY,AL,36117,STATE,OPEN,288,2023-11-30
10001221,KILBY CORRECTIONAL FACILITY,12201 WARES FERRY RD,MONTGOMERY,AL,36117,STATE,OPEN,1461,2023-11-30
10006523,J WALTER WOOD JR RESIDENTIAL TREATMENT FACILITY,851 SPROTT DR,MONTGOMERY,AL,36117,STATE,OPEN,24,2024-02-08
10003736,ALABAMA DEPARTMENT OF YOUTH SERVICES - MT. MEIGS,1000 INDUSTRIAL SCHOOL ROAD,MONTGOMERY,AL,36057,STATE,OPEN,-999,2024-02-08
10006466,TALLASSEE POLICE DEPARTMENT,214 BARNETT BLVD,TALLASSEE,AL,36078,LOCAL,OPEN,-999,2024-03-08
10006522,BRIGHTER PATH TUSKEGEE,4280 US HIGHWAY 29 SOUTH,TUSKEGEE,AL,36083,STATE,OPEN,16,2024-02-08
10003733,MACON COUNTY DETENTION FACILITY,246 COUNTY ROAD 10,TUSKEGEE,AL,36083,COUNTY,OPEN,-999,2018-01-24
10005696,TALLAPOOSA COUNTY JAIL,316 INDUSTRIAL PARK DRIVE,DADEVILLE,AL,36853,COUNTY,OPEN,-999,2024-03-14
10006520,LEE COUNTY YOUTH DEVELOPMENT CENTER,1109 SPRING DRIVE,OPELIKA,AL,36801,STATE,OPEN,8,2024-02-08
10003720,CHAMBERS COUNTY DETENTION FACILITY,105 ALABAMA AVENUE WEST,LAFAYETTE,AL,36862,COUNTY,OPEN,-999,2024-03-14
10000306,MUSCOGEE COUNTY JAIL,700 E 10TH STREET,COLUMBUS,GA,31901,COUNTY,OPEN,-999,2018-02-26
10003735,RUSSELL COUNTY JAIL,307 PRENTISS DRIVE,PHENIX CITY,AL,36869,COUNTY,OPEN,-999,2024-03-14
10003729,LEE COUNTY DETENTION CENTER,1900 FREDERICK ROAD,OPELIKA,AL,36801,COUNTY,OPEN,424,2024-03-14
10003738,EUFAULA CITY JAIL,545 EAST BARBOUR STREET,EUFAULA,AL,36027,LOCAL,OPEN,21,2018-05-23
10006972,CLAY COUNTY JAIL,124 THOMAS STREET,FORT GAINES,GA,39851,COUNTY,OPEN,-999,2020-04-22
10003744,HENRY COUNTY JAIL,106 E WILLIAMS ST,ABBEVILLE,AL,30310,COUNTY,OPEN,-999,2024-03-14
10000143,VENTRESS CORRECTIONAL FACILITY,379 ALABAMA HWY 239 N,CLAYTON,AL,36016,STATE,OPEN,1323,2023-11-30
10001225,BARBOUR COUNTY JAIL,24 ROBERTSON AIRPORT DR,CLAYTON,AL,36016,COUNTY,OPEN,-999,2024-03-13
10000144,EASTERLING CORRECTIONAL FACILITY,200 WALLACE DR,CLIO,AL,36017,STATE,OPEN,1318,2023-11-30
10001223,BULLOCK CORRECTIONAL FACILITY,HIGHWAY 82 EAST,UNION SPRINGS,AL,36089,STATE,OPEN,1582,2023-11-30
10003737,UNION SPRINGS POLICE DEPARTMENT,305 N PRAIRIE STREET,UNION SPRINGS,AL,36089,LOCAL,OPEN,-999,2024-03-13
10006402,BULLOCK COUNTY RED WILLIAMS DETENTION CENTER,110 HARDAWAY AVE W,UNION SPRINGS,AL,36089,COUNTY,OPEN,-999,2024-03-06
10003739,PIKE COUNTY JAIL,1322 N THREE NOTCH ST,TROY,AL,36081,COUNTY,OPEN,-999,2024-03-14
10003740,TROY CITY JAIL,300 E ELM STREET,TROY,AL,36081,LOCAL,OPEN,18,2024-03-13
10003743,BUTLER COUNTY DETENTION CENTER,800 WALNUT ST,GREENVILLE,AL,36037,COUNTY,OPEN,-999,2024-03-13
10006397,LOWNDES COUNTY DETENTION FACILITY,653 AL-21 S,HAYNEVILLE,AL,36040,COUNTY,OPEN,100,2024-03-14
10001217,MONTGOMERY COUNTY JAIL - MAC SIM BUTLER DETENTION FACILITY,225 S MCDONOUGH ST,MONTGOMERY,AL,36104,COUNTY,OPEN,1290,2024-03-14
10001220,MONTGOMERY MUNICIPAL JAIL,320 N RIPLEY ST,MONTGOMERY,AL,36104,LOCAL,OPEN,-999,2024-03-13
10000141,FPC MONTGOMERY,MAXWELL AIR FORCE BASE,MONTGOMERY,AL,36112,FEDERAL,OPEN,-999,2016-02-16
10006684,MONTGOMERY COUNTY YOUTH FACILITY,1111 AIR BASE BLVD,MONTGOMERY,AL,36108,COUNTY,OPEN,52,2018-01-25
10003731,AUTAUGA COUNTY METRO JAIL,136 NORTH COURT STREET,PRATTVILLE,AL,36067,COUNTY,OPEN,-999,2024-03-14
10003732,ALABAMA DEPARTMENT OF YOUTH SERVICES - AUTAUGA,1601 COUNTY ROAD 57,PRATTVILLE,AL,36067,STATE,OPEN,-999,2024-02-08
10003728,FRANK LEE COMMUNITY BASED FACILITY / COMMUNITY WORK CENTER,5305 INGRAM RD.,DEATSVILLE,AL,36022,STATE,OPEN,300,2023-11-30
10001214,ELMORE CORRECTIONAL FACILITY,3520 MARION SPILLWAY ROAD,ELMORE,AL,36025,STATE,OPEN,1180,2023-11-30
10000140,STATON CORRECTIONAL FACILITY,2690 MARION SPILLWAY RD,ELMORE,AL,36025,STATE,OPEN,1400,2023-11-30
10000139,DRAPER CORRECTIONAL FACILITY,3520 MARION SPILLWAY RD,ELMORE,AL,36025,STATE,OPEN,1180,2023-11-30
10003723,CHILTON COUNTY JAIL,301 CITY STREET,CLANTON,AL,35045,COUNTY,OPEN,232,2024-03-14
10003730,DALLAS COUNTY JAIL,988 SELFIELD ROAD,SELMA,AL,36703,COUNTY,OPEN,-999,2018-01-24
10001212,BIBB COUNTY JAIL,94 BIBB LANE,BRENT,AL,35034,COUNTY,OPEN,-999,2016-02-15
10001954,BIBB CORRECTIONAL FACILITY,565 BIBB LANE,BRENT,AL,35034,STATE,OPEN,1825,2023-11-30
10003726,MARION CITY JAIL,401 PICKENS STREET,MARION,AL,36756,LOCAL,OPEN,-999,2024-03-13
10003725,PERRY COUNTY JAIL,202 PICKENS STREET,MARION,AL,36756,COUNTY,OPEN,-999,2024-03-14
10003727,PERRY COUNTY CORRECTIONAL CENTER,RT. 2 BOX 176 HWY 80,UNIONTOWN,AL,36786,COUNTY,NOT AVAILABLE,726,2019-11-05
10000142,CAMDEN COMMUNITY BASED FACILITY / COMMUNITY WORK CENTER,1780 ALABAMA HWY 221,CAMDEN,AL,36726,STATE,OPEN,74,2023-11-30
10001224,WILCOX COUNTY PRINCE ARNOLD DETENTION CENTER,240 HWY 265 S,CAMDEN,AL,36726,COUNTY,OPEN,64,2024-03-13
10006683,MONROE COUNTY DETENTION CENTER,160 WILCOX ST,MONROEVILLE,AL,36460,COUNTY,OPEN,-999,2018-01-25
10003745,CONECUH COUNTY DETENTION CENTER,104 LIBERTY STREET,EVERGREEN,AL,36401,COUNTY,OPEN,-999,2024-03-13
10001228,ESCAMBIA COUNTY JAIL,316 COURT ST,BREWTON,AL,36426,COUNTY,OPEN,-999,2024-03-13
10002153,CENTURY CORRECTIONAL INSTITUTION,400 TEDDER RD,CENTURY,FL,32535,STATE,OPEN,1345,2024-02-14
10002152,CENTURY WORK CAMP,400 TEDDER RD,CENTURY,FL,32535,STATE,OPEN,-999,2024-02-14
10000149,HOLMAN CORRECTIONAL FACILITY,866 ROSS RD,ATMORE,AL,36503,STATE,OPEN,230,2023-11-30
10001957,FOUNTAIN CORRECTIONAL FACILITY,9677 AL HWY 21 N,ATMORE,AL,36503,STATE,OPEN,1290,2023-11-30
10000147,ATMORE COMMUNITY WORK CENTER,9947 STATE HWY 21 N,ATMORE,AL,36503,STATE,CLOSED,-999,2016-11-09
10003751,ATMORE CITY JAIL,201 EAST LOUISVILLE AVENUE,ATMORE,AL,36502,LOCAL,OPEN,-999,2024-03-13
10000348,ESCAMBIA COUNTY WORK ANNEX,601 HIGHWAY 297-A,CANTONMENT,FL,32533,COUNTY,OPEN,-999,2024-04-05
10000350,ESCAMBIA BOYS BASE,640 ROBERTS AVE,PENSACOLA,FL,32511,STATE,OPEN,28,2024-02-19
10001435,FPC PENSACOLA,110 RABY AVE,PENSACOLA,FL,32509,FEDERAL,OPEN,-999,2016-02-16
10006720,ESCAMBIA COUNTY WORK RELEASE FACILITY,1211 W FAIRFIELD DR,PENSACOLA,FL,32501,COUNTY,OPEN,-999,2024-04-05
10000345,PENSACOLA COMMUNITY RELEASE CENTER,3050 NORTH L ST,PENSACOLA,FL,32501,STATE,CLOSED,-999,2022-07-01
10000347,ESCAMBIA REGIONAL JUVENILE DETENTION CENTER,1800 ST. MARY AVE,PENSACOLA,FL,32501,STATE,OPEN,50,2024-02-16
10000346,ESCAMBIA COUNTY MAIN JAIL,2935 N L ST,PENSACOLA,FL,32501,COUNTY,OPEN,-999,2024-04-05
10006205,BLACKWATER RIVER CORRECTIONAL FACILITY,5914 JEFF ATES ROAD,MILTON,FL,32583,STATE,OPEN,2000,2024-02-14
10000340,SANTA ROSA COUNTY JAIL,5755 E MILTON RD,MILTON,FL,32572,COUNTY,OPEN,-999,2023-12-31
10004556,SANTA ROSA WORK CAMP,5850 EAST MILTON ROAD,MILTON,FL,32583,STATE,OPEN,-999,2024-02-15
10004555,SANTA ROSA CORRECTIONAL INSTITUTION ANNEX,5850 EAST MILTON ROAD,MILTON,FL,32583,STATE,OPEN,1188,2024-02-15
10000339,SANTA ROSA CORRECTIONAL INSTITUTION,5850 EAST MILTON ROAD,MILTON,FL,32583,STATE,OPEN,1614,2024-02-15
10000355,GULF COAST YOUTH ACADEMY,1015 MAR WALT DR,FT. WALTON BEACH,FL,32547,STATE,OPEN,104,2017-11-09
10004557,OKALOOSA CORRECTIONAL INSTITUTION,3189 COLONEL GREG MALLOY RD,CRESTVIEW,FL,32539,STATE,OPEN,894,2024-02-14
10004558,OKALOOSA WORK CAMP,3189 COLONEL GREG MALLOY RD,CRESTVIEW,FL,32539,STATE,OPEN,-999,2024-02-14
10000351,OKALOOSA REGIONAL JUVENILE DETENTION CENTER,4448 STRAIGHT LINE RD,CRESTVIEW,FL,32539,STATE,OPEN,35,2024-02-16
10000353,OKALOOSA YOUTH ACADEMY AND OKALOOSA SEX OFFENDER PROGRAM,4455 STRAIGHTLINE RD,CRESTVIEW,FL,32539,STATE,OPEN,72,2024-02-16
10000352,"CRESTVIEW YOUTH ACADEMY (SUBSTANCE ABUSE SECURE PROGRAM, BDD/DD NONSECURE PROGRAM)",4449 STRIGHT LINE RD,CRESTVIEW,FL,32539,STATE,OPEN,56,2024-02-16
10000354,OKALOOSA COUNTY JAIL,1200 E JAMES LEE BLVD,CRESTVIEW,FL,32539,COUNTY,OPEN,-999,2024-02-29
10006400,COVINGTON COUNTY JAIL,290 HILLCREST DRIVE,ANDALUSIA,AL,36420,COUNTY,OPEN,-999,2024-03-14
10001226,ELBA COMMUNITY BASED FACILITY / COMMUNITY WORK CENTER,1620 BOSWELL ST,ELBA,AL,36323,STATE,OPEN,254,2023-11-30
10003752,GENEVA COUNTY JAIL,200 NORTH COMMERCE STREET,GENEVA,AL,36340,COUNTY,OPEN,-999,2018-01-24
10003747,DALEVILLE JAIL,730 SOUTH DALEVILLE AVENUE,DALEVILLE,AL,36322,LOCAL,OPEN,-999,2018-05-23
10001227,COFFEE COUNTY JAIL,1133 E MCKINNON ST,NEW BROCKTON,AL,36351,COUNTY,OPEN,-999,2016-02-15
10006399,DALE COUNTY JAIL,124 ADAMS ST,OZARK,AL,36360,COUNTY,OPEN,116,2024-03-14
10001956,DOTHAN CITY JAIL,210 N ST. ANDREWS ST,DOTHAN,AL,36303,LOCAL,OPEN,-999,2024-03-13
10003750,HOUSTON COUNTY JAIL,901 EAST MAIN STREET,DOTHAN,AL,36301,COUNTY,OPEN,-999,2024-03-14
10000334,JACKSON CORRECTIONAL INSTITUTION,5563 10TH ST,MALONE,FL,32445,STATE,OPEN,1346,2024-02-14
10000335,JACKSON WORK CAMP,5607 10TH ST,MALONE,FL,32445,STATE,CLOSED,-999,2024-02-14
10000330,FCI MARIANNA,3625 FCI RD,MARIANNA,FL,32446,FEDERAL,OPEN,-999,2016-02-16
10000338,FCI MARIANNA CAMP,3625 FCI RD,MARIANNA,FL,32446,FEDERAL,OPEN,-999,2016-02-16
10000333,GRACEVILLE CORRECTIONAL FACILITY,5168 EZELL RD,GRACEVILLE,FL,32440,STATE,OPEN,1884,2024-02-14
10000332,GRACEVILLE WORK CAMP,5230 EZELL RD,GRACEVILLE,FL,32440,STATE,OPEN,-999,2024-02-14
10004554,DOVE ACADEMY,5270 EZELL ROAD,GRACEVILLE,FL,32440,STATE,OPEN,40,2024-02-19
10001436,WASHINGTON COUNTY JAIL,1100 BRICKYARD RD,CHIPLEY,FL,32428,COUNTY,OPEN,-999,2024-02-29
10000331,JACKSON COUNTY JAIL,2737 PENN AVE,MARIANNA,FL,32448,COUNTY,OPEN,300,2024-02-29
10001441,LIBERTY COUNTY JAIL,12499 NW POGO ST,BRISTOL,FL,32321,COUNTY,OPEN,80,2024-02-28
10002154,CALHOUN COUNTY JAIL,20776 CENTRAL AVENUE EAST,BLOUNTSTOWN,FL,32424,COUNTY,OPEN,-999,2024-02-29
10000388,CALHOUN CORRECTIONAL INSTITUTION,19562 SE INSTITUTION DR,BLOUNTSTOWN,FL,32424,STATE,OPEN,1221,2024-02-14
10000387,CALHOUN WORK CAMP,19564 SE INSTITUTION DR,BLOUNTSTOWN,FL,32424,STATE,CLOSED,-999,2024-02-14
10000390,JUVENILE UNIT FOR SPECIALIZED TREATMENT/TWIN OAKS ACADEMY II,29841 LIBERTY WILDERNESS RD,SUMATRA,FL,32335,STATE,OPEN,44,2024-02-19
10000412,GULF CORRECTIONAL INSTITUTION,500 IKE STEELE ROAD,WEWAHITCHKA,FL,32465,STATE,OPEN,1572,2024-02-14
10000411,GULF CORRECTIONAL INSTITUTION ANNEX,699 IKE STEELE ROAD,WEWAHITCHKA,FL,32465,STATE,CLOSED,1398,2024-02-14
10003947,BAY COUNTY JAIL,5700 STAR LANE,PANAMA CITY,FL,32404,COUNTY,OPEN,-999,2023-09-23
10001445,BAY CORRECTIONAL FACILITY,5400 BAYLINE DR,PANAMA CITY,FL,32404,STATE,OPEN,985,2024-02-14
10003948,BAY REGIONAL JUVENILE DETENTION CENTER,450 EAST 11TH STREET,PANAMA CITY,FL,32401,STATE,OPEN,30,2024-02-16
10003950,PANAMA CITY COMMUNITY RELEASE CENTER,3609 HIGHWAY 390,PANAMA CITY,FL,32405,STATE,OPEN,71,2024-02-15
10000365,NORTHWEST FLORIDA RECEPTION CENTER,4455 SAM MITCHELL DR,CHIPLEY,FL,32428,STATE,OPEN,1303,2024-02-14
10000368,NORTHWEST FLORIDA RECEPTION CENTER ANNEX,4455 SAM MITCHELL DR,CHIPLEY,FL,32428,STATE,OPEN,1415,2024-02-14
10000356,HOLMES CORRECTIONAL INSTITUTION,3142 THOMAS DR,BONIFAY,FL,32425,STATE,OPEN,1185,2024-02-14
10000358,HOLMES COUNTY JAIL,3207 LONNY LINDSEY RD,BONIFAY,FL,32425,COUNTY,OPEN,-999,2018-01-31
10000357,HOLMES WORK CAMP,3182 THOMAS DR,BONIFAY,FL,32425,STATE,OPEN,-999,2024-02-14
10000363,WALTON ACADEMY FOR GROWTH AND CHANGE,286 GENE HURLEY RD,DEFUNIAK SPRINGS,FL,32433,STATE,OPEN,42,2024-02-19
10000361,WALTON WORK CAMP,301 INSTITUTION RD,DEFUNIAK SPRINGS,FL,32433,STATE,OPEN,-999,2024-02-14
10000360,WALTON CORRECTIONAL INSTITUTION,691 INSTITUTION RD,DEFUNIAK SPRINGS,FL,32433,STATE,OPEN,1201,2024-02-14
10004560,WALTON COUNTY JAIL,796 TRIPLE G ROAD,DEFUNIAK SPRINGS,FL,32433,COUNTY,OPEN,596,2024-02-29
10001447,GULF COUNTY JAIL,1000 CECIL G COSTIN SR BLVD,PORT SAINT JOE,FL,32456,COUNTY,OPEN,-999,2024-02-28
10000413,GULF FORESTRY CAMP,3222 DOC WHITFIELD RD,WHITE CITY,FL,32465,STATE,OPEN,-999,2024-02-14
10006456,DAPHNE CORRECTIONS CENTER,1502 US HWY 98,DAPHNE,AL,36526,LOCAL,OPEN,74,2018-05-11
10001230,MOBILE COUNTY METRO JAIL,450 ST EMMANUEL ST,MOBILE,AL,36603,COUNTY,OPEN,1500,2018-01-25
10003753,CHICKASAW JAIL,224 NORTH CRAFT HWY.,CHICKASAW,AL,36611,LOCAL,OPEN,-999,2024-03-13
10006681,JAMES T. STRICKLAND YOUTH CENTER,2315 COSTARIDES STREET,MOBILE,AL,36617,COUNTY,OPEN,-999,2024-03-14
10000150,MOBILE COMMUNITY BASED FACILITY / COMMUNITY WORK CENTER,2423 N BELTLINE HWY,PRITCHARD,AL,36610,STATE,OPEN,221,2023-11-30
10003748,BALDWIN COUNTY REGIONAL JUVENILE DETENTION CENTER,43405 NICHOLSVILLE ROAD,BAY MINETTE,AL,36507,COUNTY,OPEN,-999,2024-03-13
10006464,ROBERTSDALE POLICE DEPARTMENT,23335 E CHICAGO STREET,ROBERTSDALE,AL,36567,LOCAL,NOT AVAILABLE,-999,2018-05-25
10000146,LOXLEY COMMUNITY BASED FACILITY / COMMUNITY WORK CENTER,14880 COUNTY RD 64,LOXLEY,AL,36551,STATE,OPEN,386,2023-11-30
10003749,BALDWIN COUNTY CORRECTIONS CENTER,200 HAND AVE,BAY MINETTE,AL,36507,COUNTY,OPEN,-999,2024-03-14
10006682,PATHWAY OF BALDWIN COUNTY,LOTTIE ROAD & EWING FARM RD,PERDIDO,AL,36502,COUNTY,OPEN,48,2018-01-25
10003746,WASHINGTON COUNTY SHERIFFS DEPARTMENT/JAIL,45 COURT ST,CHATOM,AL,36518,COUNTY,OPEN,-999,2024-03-14
10004255,SOUTH MISSISSIPPI CORRECTIONAL INSTITUTION,22689 STATE HWY 63 N,LEAKESVILLE,MS,39451,STATE,OPEN,2882,2024-02-25
10005587,GREENE COUNTY JAIL,300 LAFAYETTE AVENUE,LEAKESVILLE,MS,39451,COUNTY,OPEN,-999,2024-08-14
10001822,GEORGE-GREENE COUNTY REGIONAL CORRECTIONAL FACILITY,154 INDUSTRIAL PARK RD,LUCEDALE,MS,39452,COUNTY,OPEN,352,2024-07-31
10001823,GEORGE COUNTY COMMUNITY WORK CENTER,156 INDUSTRIAL PARK RD,LUCEDALE,MS,39452,STATE,CLOSED,-999,2024-03-01
10004265,JACKSON COUNTY ADULT DETENTION CENTER,65 BRUCE EVANS DR.,PASCAGOULA,MS,39567,COUNTY,OPEN,-999,2018-03-28
10004264,PASCAGOULA RESTITUTION CENTER,1721 E KENNETH AVE,PASCAGOULA,MS,39567,STATE,OPEN,-999,2024-02-25
10004262,JACKSON COUNTY YOUTH DETENTION CENTER,4903 TELEPHONE RD,PASCAGOULA,MS,39567,COUNTY,OPEN,48,2018-05-18
10005597,HARRISON COUNTY JUVENILE DETENTION CENTER,765 MCELROY STREET,BILOXI,MS,39530,COUNTY,OPEN,48,2016-02-15
10004266,HARRISON COUNTY ADULT DETENTION CENTER,10451 LARKIN SMITH DR,GULFORT,MS,39503,COUNTY,OPEN,760,2018-03-28
10006212,HARRISON COUNTY COMMUNITY WORK CENTER,3820 8TH AVENUE,GULFPORT,MS,39501,STATE,CLOSED,-999,2024-02-25
10004261,STONE COUNTY REGIONAL CORRECTIONAL FACILITY,1420 INDUSTRIAL PARK RD,WIGGINS,MS,39577,COUNTY,OPEN,280,2024-07-31
10005590,PERRY COUNTY JAIL / SHERIFF,103 1ST STREET WEST,NEW AUGUSTA,MS,39462,COUNTY,OPEN,-999,2018-03-28
10005588,FORREST COUNTY JUVENILE DETENTION CENTER,110 ALCORN AVENUE,HATTIESBURG,MS,39401,COUNTY,OPEN,25,2024-08-14
10004256,FORREST COUNTY COMMUNITY WORK CENTER,112 ALCORN AVE,HATTIESBURG,MS,39401,STATE,OPEN,28,2024-02-25
10004257,BILLY MCGEE LAW ENFORCEMENT COMPLEX,55 ARENA DR,HATTIESBURG,MS,39401,COUNTY,OPEN,604,2024-08-14
10005589,LAMAR COUNTY JAIL,205 MAIN STREET,PURVIS,MS,39475,COUNTY,OPEN,-999,2018-03-28
10005581,JEFFERSON DAVIS COUNTY JAIL,2330 COLUMBIA AVENUE,PRENTISS,MS,39474,COUNTY,OPEN,-999,2014-03-20
10004258,MARION-WALTHALL COUNTY REGIONAL CORRECTIONAL FACILITY,503 S MAIN ST,COLUMBIA,MS,39429,COUNTY,OPEN,402,2024-07-31
10002416,B B RAYBURN CORRECTIONAL CENTER,27268 STATE HWY 21 N,ANGIE,LA,70426,STATE,OPEN,-999,2023-12-31
10005596,PEARL RIVER COUNTY JAIL,171 SAVANNAH MILLARD ROAD,POPLARVILLE,MS,39740,COUNTY,OPEN,150,2018-03-28
10006815,HANCOCK COUNTY ADULT DETENTION CENTER,8450 HIGHWAY 90 BAY,ST. LOUIS,MS,39520,COUNTY,OPEN,303,2018-03-28
10004112,ST. BERNARD PARISH PRISON,1900 PARIS RD,CHALMETTE,LA,70043,COUNTY,OPEN,250,2017-09-29
10004115,BELLE CHASSE LOCKUP,104 AVENUE G,BELLE CHASSE,LA,70037,COUNTY,NOT AVAILABLE,80,2018-03-16
10006250,PLAQUEMINES PARISH DETENTION CENTER,16801 HWY 15,DAVANT,LA,70046,COUNTY,OPEN,872,2017-09-29
10004612,TTH OF TARPON SPRINGS,566 BRADY ROAD,TARPON SPRINGS,FL,34689,STATE,OPEN,-999,2024-02-15
10000468,PASCO COUNTY SHERIFF'S OFFICE,8700 CITIZEN DR,NEW PORT RICHEY,FL,34654,COUNTY,NOT AVAILABLE,163,2018-02-22
10000470,PASCO COUNTY DETENTION CENTER,20101 CENTRAL BLVD,LAND O'LAKES,FL,34637,COUNTY,OPEN,-999,2024-02-29
10004600,BROOKSVILLE ACADEMY,201 CULBREATH ROAD,BROOKSVILLE,FL,34602,STATE,OPEN,60,2019-12-12
10000471,PASCO JUVENILE DETENTION CENTER,28534 STATE ROAD 52,SAN ANTONIO,FL,33576,STATE,OPEN,36,2024-02-16
10000472,CENTRAL PASCO GIRLS ACADEMY,2953 WILSON RD,LAND O LAKES,FL,34639,STATE,OPEN,32,2019-12-12
10000485,LES PETERS ACADEMY,3930 W MARTIN LUTHER KING JR BLVD,TAMPA,FL,33614,STATE,OPEN,24,2024-02-19
10000481,"HILLSBOROUGH JUVENILE DETENTION CENTER, WEST",3948 W MARTIN LUTHER KING JR BLVD,TAMPA,FL,33614,STATE,OPEN,80,2024-02-16
10004616,HILLSBOROUGH GIRLS ACADEMY,9506 EAST COLUMBUS DR,TAMPA,FL,33619,STATE,OPEN,22,2024-02-19
10004614,TAMPA RESIDENTIAL FACILITY,9508 EAST COLUMBUS DR,TAMPA,FL,33619,STATE,OPEN,72,2024-02-19
10006534,LAKE ACADEMY,9504 EAST COLUMBUS DR,TAMPA,FL,33619,STATE,OPEN,45,2024-02-19
10004615,COLUMBUS YOUTH ACADEMY,9502 EAST COLUMBUS DR,TAMPA,FL,33619,STATE,OPEN,50,2024-02-16
10000483,"HILLSBOROUGH COUNTY JAIL, FALKENBURG ROAD",520 N FALKENBURG RD,TAMPA,FL,33619,COUNTY,OPEN,3300,2024-02-28
10000487,HILLSBOROUGH COUNTY WORK RELEASE CENTER,1800 ORIENT RD,TAMPA,FL,33619,COUNTY,CLOSED,-999,2016-02-15
10000488,"HILLSBOROUGH COUNTY JAIL, ORIENT ROAD",1201 ORIENT RD,TAMPA,FL,33619,COUNTY,OPEN,1647,2024-02-28
10000480,ST. PETERSBURG COMMUNITY RELEASE CENTER,4237 8TH AVE S,ST PETERSBURG,FL,33711,STATE,OPEN,-999,2024-02-15
10001457,CHARLES BRITT ACADEMY,3001 26TH AVE S,ST PETERSBURG,FL,33712,STATE,OPEN,28,2019-12-12
10000478,PINELLAS JUVENILE DETENTION CENTER,5255 140TH AVE N,CLEARWATER,FL,33760,STATE,OPEN,95,2024-02-16
10000479,LARGO ROAD PRISON,5201 ULMERTON RD,CLEARWATER,FL,33760,STATE,NOT AVAILABLE,-999,2024-02-15
10000477,PINELLAS COUNTY JAIL,14400 49TH ST N,CLEARWATER,FL,33762,COUNTY,OPEN,-999,2024-02-29
10004611,SUNCOAST (TAMPA BAY) COMMUNITY RELEASE CENTER,10596 GANDY BOULEVARD,SAINT PETERSBURG,FL,33702,STATE,OPEN,-999,2024-02-15
10004619,MANATEE REGIONAL JUVENILE DETENTION CENTER,1803 5TH STREET WEST,BRADENTON,FL,34205,STATE,OPEN,60,2024-02-16
10002183,MANATEE COUNTY CENTRAL JAIL,14470 HARLEE RD,PALMETTO,FL,34221,COUNTY,OPEN,1468,2024-02-28
10002184,PALMETTO YOUTH ACADEMY,14494 HARLEE RD,PALMETTO,FL,34221,STATE,OPEN,48,2019-12-12
10002185,MANATEE COUNTY STOCKADE COMPLEX,14494 HARLEE RD,PALMETTO,FL,34221,COUNTY,NOT AVAILABLE,420,2020-05-28
10004618,WIMAUMA ACADEMY,4337 SAFFOLD ROAD,WIMAUMA,FL,33598,STATE,OPEN,32,2024-02-19
10004622,BRADENTON BRIDGE,2104 63RD AVENUE EAST,BRADENTON,FL,34203,STATE,OPEN,120,2024-02-15
10004631,SARASOTA COUNTY JAIL,2020 MAIN STREET,SARASOTA,FL,34237,COUNTY,OPEN,1026,2024-02-29
10006235,MONROE COUNTY MARATHON DETENTION FACILITY,3981 OCEAN TERRACE,MARATHON,FL,33050,COUNTY,OPEN,52,2024-02-29
10006721,MONROE COUNTY MAIN DETENTION CENTER,5501 COLLEGE ROAD,KEY WEST,FL,33040,COUNTY,OPEN,596,2024-02-29
10004657,MONROE JUVENILE DETENTION CENTER,5503 COLLEGE ROAD,KEY WEST,FL,33040,STATE,OPEN,10,2024-02-16
10006234,MONROE COUNTY PLANTATION KEY DETENTION FACILITY,88770 OCERSEAS HWY,TAVERNIER,FL,33070,COUNTY,OPEN,47,2024-02-29
10001460,PALM BEACH JUVENILE DETENTION CENTER,1100 45TH ST,WEST PALM BEACH,FL,33407,STATE,OPEN,60,2024-02-16
10000520,PALM BEACH COUNTY MAIN DETENTION CENTER,3228 GUN CLUB RD,WEST PALM BEACH,FL,33406,COUNTY,OPEN,2166,2024-03-06
10002189,BROWARD COUNTY MAIN JAIL,555 SE 1ST AVE,FT. LAUDERDALE,FL,33301,COUNTY,OPEN,1538,2024-02-29
10002190,BROWARD JUVENILE DETENTION CENTER,222 NW 22ND AVE,FT. LAUDERDALE,FL,33311,STATE,OPEN,95,2024-02-16
10004639,TURNING POINT WORK RELEASE,400 SW 2ND STREET,POMPANO BEACH,FL,33060,STATE,OPEN,99,2024-02-15
10006297,POMPANO YOUTH TREATMENT CENTER,3090 N POWERLINE ROAD,POMPANO BEACH,FL,33069,STATE,OPEN,24,2017-11-07
10000537,PAUL REIN DETENTION FACILITY,2421 NW 16TH ST,POMPANO BEACH,FL,33069,COUNTY,OPEN,1020,2024-02-29
10000539,THE JOSEPH V. CONTE FACILITY,1351 NW 27TH AVE,POMPANO BEACH,FL,33069,COUNTY,OPEN,1328,2024-02-29
10000538,NORTH BROWARD BUREAU,1550 NW 30TH AVE,POMPANO BEACH,FL,33069,COUNTY,OPEN,1200,2024-02-29
10000540,BROWARD TRANSITIONAL CENTER,3900 N POWERLINE RD,POMPANO BEACH,FL,33073,FEDERAL,OPEN,700,2024-01-12
10001459,WEST PALM BEACH COMMUNITY RELEASE CENTER,261 WEST FAIRGROUNDS RD,WEST PALM BEACH,FL,33411,STATE,OPEN,-999,2024-02-15
10000519,ATLANTIC COMMUNITY RELEASE CENTER,263 FAIRGROUNDS RD,WEST PALM BEACH,FL,33411,STATE,OPEN,-999,2024-02-15
10000518,LOXAHATCHEE ROAD PRISON,230 SUNSHINE RD,WEST PALM BEACH,FL,33411,STATE,OPEN,-999,2024-02-15
10000514,PALM BEACH COUNTY CENTRAL DETENTION CENTER,673 FAIRGROUNDS RD,WEST PALM BEACH,FL,33411,COUNTY,CLOSED,-999,2018-02-21
10000515,PALM BEACH YOUTH ACADEMY/SUBTANCE ABUSE,9680 WEISMAN WAY,WEST PALM BEACH,FL,33411,STATE,OPEN,78,2024-02-19
10000516,PALM BEACH COUNTY WEST DETENTION CENTER,38811 JAMES WHEELER WAY,BELLE GLADE,FL,33430,COUNTY,OPEN,998,2024-03-06
10006168,SAGO PALM RE-ENTRY CENTER,500 BAY BOTTOM ROAD,PAHOKEE,FL,33476,STATE,OPEN,384,2024-02-15
10000512,SOUTH BAY CORRECTIONAL FACILITY,600 US HWY 27 S,SOUTH BAY,FL,33493,STATE,OPEN,1948,2024-02-15
10004645,KROME NORTH SERVICE PROCESSING CENTER,18201 SOUTHWEST 12TH STREET,MIAMI,FL,33194,FEDERAL,OPEN,-999,2024-01-12
10006328,EVERGLADES RE-ENTRY CENTER,1601 SW 187TH AVENUE,MIAMI,FL,33194,STATE,OPEN,432,2024-02-15
10004646,EVERGLADES CORRECTIONAL INSTITUTION,1599 SW 187TH AVE,MIAMI,FL,33194,STATE,OPEN,1663,2024-02-15
10000533,HOLLYWOOD WORK RELEASE CENTER,8501 W CYPRESS DR,PEMBROKE PINES,FL,33025,STATE,OPEN,-999,2024-02-15
10006336,BROWARD YOUTH TREATMENT CENTER,8301 SOUTH PALM DRIVE,PEMBROKE PINES,FL,33025,STATE,OPEN,40,2024-02-13
10004647,FDC MIAMI,33 NE 4TH STREET,MIAMI,FL,33132,FEDERAL,OPEN,-999,2016-02-16
10001461,WOMEN'S DETENTION CENTER,1401 NW 7TH AVE,MIAMI,FL,33136,COUNTY,CLOSED,203,2020-05-14
10000543,PRE-TRIAL DETENTION CENTER,1321 NW 13TH ST,MIAMI,FL,33125,COUNTY,OPEN,-999,2024-03-04
20000180,SOUTH FLORIDA YOUTH ACADEMY,3300 NW 27TH AVE,MIAMI,FL,33142,STATE,OPEN,30,2024-02-16
10000544,MIAMI DADE REGIONAL JUVENILE DETENTION CENTER,3300 NW 27TH AVE,MIAMI,FL,33142,STATE,OPEN,98,2024-02-16
10004649,MIAMI NORTH COMMUNITY RELEASE CENTER,7090 NORTHWEST 41ST ST,MIAMI,FL,33166,STATE,OPEN,100,2024-02-15
10000552,TURNER GUILFORD KNIGHT CORRECTIONAL CENTER,7000 NW 41ST ST,MIAMI,FL,33166,COUNTY,OPEN,-999,2024-03-04
10006233,MIAMI DADE COUNTY BOOT CAMP,6950 NW 41ST ST,MIAMI,FL,33166,COUNTY,OPEN,-999,2024-03-04
10004650,OPA LOCKA COMMUNITY RELEASE CENTER,5400 NORTHWEST 135TH STREET,OPA LOCKA,FL,33054,STATE,OPEN,-999,2024-02-15
10000548,"SOUTH FLORIDA RECEPTION CENTER, SOUTH UNIT",13910 NW 41ST ST,DORAL,FL,33178,STATE,OPEN,889,2024-02-15
10000547,SOUTH FLORIDA RECEPTION CENTER,14000 NW 41ST ST,DORAL,FL,33178,STATE,OPEN,1315,2024-02-15
10000549,MIAMI-DADE COUNTY METRO WEST DETENTION CENTER,13850 NW 41ST ST,MIAMI,FL,33178,COUNTY,OPEN,-999,2024-03-04
10004651,MIAMI YOUTH ACADEMY,10855 SW 84TH STREET,MIAMI,FL,33173,STATE,OPEN,28,2024-02-19
10000542,FCI MIAMI,15801 SW 137TH AVE,MIAMI,FL,33177,FEDERAL,OPEN,-999,2016-02-16
10000550,FCI MIAMI CAMP,15801 SW 137TH AVE,MIAMI,FL,33177,FEDERAL,OPEN,-999,2016-02-16
10004656,W.I.N.G.S. FOR LIFE,11000 SOUTHWEST 220TH STREET,MIAMI,FL,33170,STATE,OPEN,20,2015-11-02
10004655,DADE JUVENILE RESIDENTIAL FACILITY,18500 SOUTHWEST 424TH STREET,FLORIDA CITY,FL,33034,STATE,OPEN,56,2019-12-12
10000546,DADE CORRECTIONAL INSTITUTION,19000 SW 377TH ST,FLORIDA CITY,FL,33034,STATE,OPEN,1521,2024-02-15
10006536,SOUTH FLORIDA EVALUATION & TREATMENT CENTER,18680 SW 376TH ST,FLORIDA CITY,FL,33034,STATE,OPEN,249,2017-11-10
10000545,HOMESTEAD CORRECTIONAL INSTITUTION,19000 SW 377TH ST,FLORIDA CITY,FL,33034,STATE,OPEN,668,2024-02-15
10004654,DADE GROUP TREATMENT HOME,25345 SOUTHWEST 197TH AVENUE,HOMESTEAD,FL,33031,STATE,NOT AVAILABLE,10,2015-10-31
10000531,COLLIER JUVENILE DETENTION CENTER,3351 E TAMIAMI TRAIL,NAPLES,FL,34112,STATE,OPEN,40,2024-02-16
10000529,COLLIER COUNTY NAPLES JAIL,3347 TAMIAMI TRAIL E,NAPLES,FL,34112,COUNTY,OPEN,-999,2024-02-29
10000524,LEE COUNTY JAIL,2115 DR MARTIN LUTHER KING JR BLVD,FORT MYERS,FL,33901,COUNTY,OPEN,457,2024-02-28
10002188,CHARLOTTE COUNTY JAIL,26601 AIRPORT RD,PUNTA GORDA,FL,33982,COUNTY,OPEN,1074,2024-02-29
10002187,CHARLOTTE CORRECTIONAL INSTITUTION,33123 OIL WELL RD,PUNTA GORDA,FL,33955,STATE,OPEN,1382,2024-02-15
10000528,SW FLORIDA REGIONAL JUVENILE DETENTION CENTER,2525 ORTIZ AVE,FORT MYERS,FL,33905,STATE,OPEN,50,2024-02-16
10000527,FORT MYERS YOUTH ACADEMY,2515 ORTIZ AVE,FORT MYERS,FL,33905,STATE,OPEN,28,2024-02-19
10000526,LEE COUNTY CORE FACILITY,2501 ORTIZ AVE,FORT MYERS,FL,33905,COUNTY,OPEN,1216,2024-02-28
10000525,FORT MYERS WORK CAMP,2575 ORTIZ AVE,FORT MYERS,FL,33994,STATE,NOT AVAILABLE,-999,2017-09-30
10000523,HENDRY COUNTY JAIL,101 S BRIDGE ST,LABELLE,FL,33935,COUNTY,OPEN,-999,2024-02-28
10004637,COLLIER COUNTY IMMOKALEE JAIL,302 STOCKADE RD,IMMOKALEE,FL,34142,COUNTY,OPEN,-999,2024-02-29
20000520,GLADES COUNTY JAIL,598 AVE J,MOORE HAVEN,FL,33471,COUNTY,OPEN,-999,2024-02-28
10000510,MOORE HAVEN CORRECTIONAL FACILITY,1282 EAST STATE ROAD 78,MOORE HAVEN,FL,33471,STATE,OPEN,985,2024-02-15
10001458,GLADES COUNTY DETENTION CENTER,1297 EAST STATE ROAD 78,MOORE HAVEN,FL,33471,FEDERAL,OPEN,-999,2024-04-05
10000497,OKEECHOBEE COUNTY JAIL,504 NW 4TH ST,OKEECHOBEE,FL,34972,COUNTY,OPEN,232,2024-02-29
10004625,OKEECHOBEE GIRLS ACADEMY,1117 NE 39TH BOULEVARD,OKEECHOBEE,FL,34972,STATE,OPEN,32,2015-10-31
10006535,OKEECHOBEE YOUTH DEVELOPMENT CENTER / CORRECTIONAL CENTER AND YOUTH TREATMENT CENTER,7200 HIGHWAY 441 NORTH,OKEECHOBEE,FL,34972,STATE,OPEN,130,2019-12-12
10000498,OKEECHOBEE INTENSIVE HALFWAY HOUSE,800 NORTH EAST 72ND CIRCLE,OKEECHOBEE,FL,34972,STATE,OPEN,30,2019-12-12
10000491,HIGHLANDS COUNTY DETENTION FACILITY,338 S ORANGE ST,SEBRING,FL,33870,COUNTY,OPEN,-999,2024-02-28
10000502,DESOTO CORRECTIONAL INSTITUTION,13617 SE HWY 70,ARCADIA,FL,34266,STATE,NOT AVAILABLE,-999,2024-02-15
10000504,DESOTO ANNEX,13617 SE HWY 70,ARCADIA,FL,34266,STATE,OPEN,1453,2024-02-15
10000503,DESOTO WORK CAMP,13617 SE HWY 70,ARCADIA,FL,34266,STATE,OPEN,-999,2024-02-15
10006537,FLORIDA CIVIL COMMITMENT CENTER,13619 SE HIGHWAY 70,ARCADIA,FL,34266,STATE,OPEN,720,2024-04-01
10000500,DESOTO COUNTY JAIL,208 E CYPRESS ST,ARCADIA,FL,34266,COUNTY,OPEN,-999,2024-02-28
10004632,SPRING LAKE YOUTH ACADEMY,8806 START CENTER STREET SW,ARCADIA,FL,34266,STATE,OPEN,30,2019-12-12
10000494,HARDEE CORRECTIONAL INSTITUTION,6901 STATE ROAD 62,BOWLING GREEN,FL,33834,STATE,OPEN,1541,2024-02-15
10000492,HARDEE WORK CAMP,6899 STATE ROAD 62,BOWLING GREEN,FL,33834,STATE,OPEN,-999,2024-02-15
10000493,HARDEE COUNTY DETENTION FACILITY,900 E SUMMIT ST,WAUCHULA,FL,33873,COUNTY,OPEN,-999,2024-02-28
10000476,SOUTH COUNTY JAIL,1103 US HWY 98 W,FROSTPROOF,FL,33843,COUNTY,OPEN,1776,2024-02-29
20000540,POLK COUNTY PROCESSING CENTER,7101 DE CASTRO RD,WINTER HAVEN,FL,33830,COUNTY,OPEN,-999,2024-02-29
10002178,TTH OF BARTOW,550 N RESTWOOD AVE,BARTOW,FL,33830,STATE,OPEN,-999,2024-02-15
10002179,CENTRAL COUNTY JAIL,2390 BOB PHILLIPS RD,BARTOW,FL,33830,COUNTY,OPEN,800,2024-02-29
10006334,BARTOW YOUTH ACADEMY,2415 BOB PHILLIPS ROAD,BARTOW,FL,33830,STATE,OPEN,28,2019-12-12
10002182,POLK HALFWAY HOUSE,2145 BOB PHILLIPS RD,BARTOW,FL,33830,STATE,OPEN,24,2024-02-19
10000467,ZEPHYRHILLS CORRECTIONAL INSTITUTION,2739 GALL BLVD,ZEPHYRHILLS,FL,33541,STATE,OPEN,753,2024-02-15
10000475,DEMILLY CORRECTIONAL INSTITUTION,10980 DEMILLEY RD,POLK CITY,FL,33868,STATE,CLOSED,-999,2012-01-13
10000474,POLK WORK CAMP,10800 EVANS RD,POLK CITY,FL,33868,STATE,OPEN,-999,2024-02-15
10000473,POLK CORRECTIONAL INSTITUTION,10800 EVANS RD,POLK CITY,FL,33868,STATE,OPEN,1208,2024-02-15
10006324,TTH OF KISSIMMEE,900 EAST VINE STREET,KISSIMMEE,FL,34744,STATE,OPEN,-999,2024-02-15
10004609,OSCEOLA COUNTY CORRECTIONAL FACILITY,402 SIMPSON RD,KISSIMMEE,FL,34744,COUNTY,OPEN,919,2024-02-29
10004608,KISSIMMEE YOUTH ACADEMY AND BDD/DD,2330 NEW BEGINNINGS RD,KISSIMMEE,FL,34744,STATE,OPEN,95,2024-02-19
10004606,KISSIMMEE COMMUNITY RELEASE CENTER,2925 MICHIGAN AVE,KISSIMMEE,FL,34744,STATE,OPEN,-999,2024-02-15
10002177,AVON PARK CORRECTIONAL INSTITUTION,8100 HIGHWAY 64 EAST,AVON PARK,FL,33825,STATE,OPEN,956,2024-02-15
10002176,AVON PARK WORK CAMP,8100 HIGHWAY 64 EAST,AVON PARK,FL,33825,STATE,OPEN,-999,2024-02-15
10000459,MELBOURNE CENTER FOR PERSONAL GROWTH,1000 INSPIRATION LN,MELBOURNE,FL,32934,STATE,OPEN,32,2019-12-12
10000490,INDIAN RIVER COUNTY JAIL,4055 41ST AVE,VERO BEACH,FL,32960,COUNTY,OPEN,-999,2024-02-28
10000496,EVERGLADES YOUTH ACADEMY AND SEX OFFENDER PROGRAM,5050 NE 168TH ST,OKEECHOBEE,FL,34972,STATE,OPEN,96,2024-02-19
10000495,OKEECHOBEE CORRECTIONAL INSTITUTION,3420 NE 168TH ST,OKEECHOBEE,FL,34972,STATE,OPEN,1632,2024-02-15
10006332,OKEECHOBEE WORK CAMP,4099 NE 168TH ST,OKEECHOBEE,FL,34972,STATE,CLOSED,-999,2024-02-15
10000508,MARTIN CORRECTIONAL INSTITUTION,1150 SW ALLAPATTAH ROAD,INDIANTOWN,FL,34956,STATE,OPEN,1509,2024-02-15
10000509,MARTIN WORK CAMP,100 SW ALLAPATTAH ROAD,INDIANTOWN,FL,34956,STATE,OPEN,-999,2024-02-15
10006170,TREASURE COAST FORENSIC TREATMENT CENTER,96 SW ALLAPATTAH ROAD,INDIANTOWN,FL,34956,STATE,OPEN,224,2017-11-09
10004634,MARTIN COUNTY JAIL,800 SE MONTEREY RD,STUART,FL,34994,COUNTY,OPEN,696,2024-02-29
10004633,MARTIN GIRLS ACADEMY,800 SE MONTEREY BOULEVARD,STUART,FL,34994,STATE,OPEN,30,2019-12-12
10004628,ST. LUCIE REGIONAL JUVENILE DETENTION CENTER,1301 BELL AVENUE,FORT PIERCE,FL,34982,STATE,OPEN,50,2024-02-16
10004627,FORT PIERCE COMMUNITY RELEASE CENTER,1203 BELL AVENUE,FORT PIERCE,FL,34982,STATE,OPEN,-999,2024-02-15
10002186,ST. LUCIE COUNTY JAIL,900 N ROCK RD,FORT PIERCE,FL,34945,COUNTY,OPEN,-999,2024-02-29
10002165,BREVARD JUVENILE DETENTION CENTER,5225 DEWITT AVE,COCOA,FL,32927,STATE,OPEN,40,2024-02-16
10002166,BREVARD COUNTY JAIL COMPLEX,860 CAMP RD,COCOA,FL,32927,COUNTY,OPEN,1849,2024-02-29
10001454,BRIDGES OF COCOA,585 CAMP RD,COCOA,FL,32927,STATE,OPEN,84,2024-02-15
10002157,SAINT JOHN'S YOUTH ACADEMY,4500 AVENUE D,ST. AUGUSTINE,FL,32085,STATE,OPEN,70,2019-12-12
10002158,ST. JOHNS COUNTY DETENTION CENTER,4015 LEWIS SPEEDWAY,ST. AUGUSTINE,FL,32084,COUNTY,OPEN,664,2024-02-29
10004542,GLYNN COUNTY DETENTION CENTER,100 SULPHUR SPRINGS RD,BRUNSWICK,GA,31520,COUNTY,OPEN,-999,2024-07-02
10004552,CAMDEN COUNTY DETENTION FACILITY,209 EAST 4TH STREET,WOODBINE,GA,31569,COUNTY,OPEN,-999,2018-02-22
10004545,BRANTLEY COUNTY JAIL,95 JOHN WILSON STREET,NAHUNTA,GA,31553,COUNTY,OPEN,-999,2018-02-22
10006511,FOLKSTON ICE PROCESSING CENTER MAIN,3026 HWY 252 E,FOLKSTON,GA,31537,FEDERAL,OPEN,1118,2024-01-12
10011326,D RAY JAMES CORRECTIONAL FACILITY,3262 HIGHWAY 252,FOLKSTON,GA,31537,FEDERAL,OPEN,2067,2019-10-23
10000327,FOLKSTON ICE PROCESSING CENTER ANNEX,3224 HIGHWAY 252,FOLKSTON,GA,31537,FEDERAL,OPEN,-999,2024-01-12
10002150,CHARLTON COUNTY JAIL,100 SOUTH THIRD STREET,FOLKSTON,GA,31537,COUNTY,OPEN,-999,2018-02-22
10002156,BAKER COUNTY DETENTION CENTER,1 SHERIFF'S OFFICE DRIVE,MACCLENNY,FL,32063,MULTI,OPEN,-999,2024-01-12
10000400,TTH OF DINSMORE,13200 OLD KINGS RD,JACKSONVILLE,FL,32219,STATE,OPEN,-999,2024-02-15
10000398,MONTGOMERY CORRECTIONAL CENTER,4727 LANNIE RD,JACKSONVILLE,FL,32218,COUNTY,OPEN,-999,2018-02-20
10000399,JACKSONVILLE YOUTH ACADEMY,4501 LANNIE RD,JACKSONVILLE,FL,32218,STATE,OPEN,24,2024-02-19
10004563,NASSAU COUNTY JAIL AND DETENTION CENTER,76212 NICHOLAS CUTINHA ROAD,YULEE,FL,32097,COUNTY,OPEN,-999,2024-02-29
10004571,DUVAL REGIONAL JUVENILE DETENTION CENTER,1241 EAST 8TH STREET,JACKSONVILLE,FL,32206,STATE,OPEN,95,2024-02-16
10000401,JOHN E GOODE PRETRIAL DETENTION FACILITY,500 E ADAMS ST,JACKSONVILLE,FL,32202,COUNTY,OPEN,-999,2018-02-20
10001442,COMMUNITY TRANSITION CENTER,451 CATHERINE ST,JACKSONVILLE,FL,32202,LOCAL,OPEN,300,2018-02-20
10004569,BRIDGES OF JACKSONVILLE,601 AGMAC AVE,JACKSONVILLE,FL,32254,STATE,OPEN,140,2024-02-15
10006337,DUVAL ACADEMY,7500 RICKER ROAD,JACKSONVILLE,FL,32244,STATE,OPEN,28,2024-02-19
10004578,CLAY COUNTY JAIL / SHERIFF,901 NORTH ORANGE AVENUE,GREEN COVE SPRINGS,FL,32043,COUNTY,OPEN,490,2024-02-29
10006208,NEW RIVER CORRECTIONAL WORK CAMP,25636 NE SR-16,RAIFORD,FL,32083,STATE,OPEN,-999,2024-02-14
10000417,UNION CORRECTIONAL INSTITUTION,25636 NE SR-16,RAIFORD,FL,32083,STATE,OPEN,1486,2024-02-14
10004579,FLORIDA STATE PRISON - WEST UNIT,23916 NW 83RD AVE,RAIFORD,FL,32026,STATE,CLOSED,802,2024-02-14
10004580,FLORIDA STATE PRISON,23916 NW 83RD AVE,RAIFORD,FL,32026,STATE,OPEN,1460,2024-02-14
10000415,"NEW RIVER ""O"" UNIT",7819 NW 228TH ST,RAIFORD,FL,32026,STATE,CLOSED,-999,2012-01-12
10000416,NEW RIVER CORRECTIONAL INSTITUTION,8000 NW 80TH PLACE,RAIFORD,FL,32083,STATE,CLOSED,1050,2024-02-14
10000414,LAWTEY CORRECTIONAL INSTITUTION,22298 NE COUNTY ROAD 200B,LAWTEY,FL,32058,STATE,OPEN,832,2024-02-15
10002159,BRADFORD COUNTY JAIL / SHERIFF,945-A NORTH TEMPLE AVE,STARKE,FL,32091,COUNTY,OPEN,-999,2024-02-29
10000439,OCALA YOUTH ACADEMY/CENTER FOR SUCCESS AND INDEPENDENCE,4055 NW 105TH ST,OCALA,FL,34482,STATE,OPEN,72,2024-02-14
10000441,MARION WORK CAMP,3269 NW 105TH ST,OCALA,FL,34475,STATE,OPEN,-999,2024-02-15
10000440,MARION CORRECTIONAL INSTITUTION,3269 NW 105TH ST,OCALA,FL,34475,STATE,OPEN,1324,2024-02-15
10006167,FLORIDA WOMEN'S RECEPTION CENTER,3700 NW 111TH PLACE,OCALA,FL,34482,STATE,OPEN,1235,2024-02-15
10004585,LOWELL WORK CAMP,11120 NW GAINESVILLE RD,OCALA,FL,34482,STATE,OPEN,-999,2024-02-15
10000437,LOWELL CORRECTIONAL INSTITUTION,11120 NW GAINESVILLE RD,OCALA,FL,34482,STATE,OPEN,984,2024-02-15
10000438,LOWELL ANNEX,11120 NW GAINESVILLE RD,OCALA,FL,34482,STATE,OPEN,1419,2024-02-15
10000442,MARION YOUTH ACADEMY,10420 NW GAINESVILLE RD,OCALA,FL,34482,STATE,OPEN,48,2019-12-12
10000436,MARION COUNTY JAIL,3290 NW 10TH ST,OCALA,FL,34475,COUNTY,OPEN,1924,2024-02-29
10000435,MARION REGIONAL JUVENILE DETENTION CENTER,3040 NW 10TH ST,OCALA,FL,34475,STATE,OPEN,60,2024-02-16
10004586,RE-ENTRY CENTER OF OCALA,2006 NORTHEAST 8TH RD,OCALA,FL,34470,STATE,OPEN,-999,2024-02-15
10000430,PUTNAM CORRECTIONAL INSTITUTION,128 YELVINGTON RD,EAST PALATKA,FL,32131,STATE,OPEN,457,2024-02-14
10000431,PUTNAM COUNTY JAIL,130 ORIE GRIFFIN BLVD,PALATKA,FL,32177,COUNTY,OPEN,-999,2024-02-29
10004577,DEEP CREEK YOUTH ACADEMY/COMPREHENSIVE MENTAL HEALTH TREATMENT PROGRAM,765 EAST SAINT JOHNS AVENUE,HASTINGS,FL,32145,STATE,OPEN,81,2024-02-16
10000450,TOMOKA CRC,3601 US HWY 92 WEST,DAYTONA BEACH,FL,32124,STATE,OPEN,-999,2024-02-15
10000445,TOMOKA WORK CAMP,3950 TIGER BAY RD,DAYTONA BEACH,FL,32124,STATE,OPEN,-999,2024-02-14
10000444,TOMOKA CORRECTIONAL INSTITUTION,3950 TIGER BAY RD,DAYTONA BEACH,FL,32124,STATE,OPEN,1192,2024-02-14
10006329,TOMOKA CRC 285,1341 INDIAN LAKE ROAD,DAYTONA BEACH,FL,32124,STATE,OPEN,-999,2024-02-15
10000449,DAYTONA JUVENILE RESIDENTIAL FACILITY,1386 INDIAN LAKE ROAD,DAYTONA BEACH,FL,32124,STATE,OPEN,33,2024-02-16
10000447,VOLUSIA COUNTY CORRECTIONAL FACILITY,1354 INDIAN LAKE RD,DAYTONA BEACH,FL,32124,COUNTY,OPEN,595,2024-02-29
10000446,VOLUSIA COUNTY BRANCH JAIL,1300 RED JOHN DR,DAYTONA BEACH,FL,32124,COUNTY,OPEN,899,2024-02-29
10000448,VOLUSIA REGIONAL JUVENILE DETENTION CENTER,3840 OLD DELAND RD,DAYTONA BEACH,FL,32124,STATE,OPEN,50,2024-02-16
10004583,FLAGLER COUNTY DETENTION FACILITY,1002 JUSTICE LANE,BUNNELL,FL,32110,COUNTY,OPEN,400,2024-02-28
10002174,"CENTRAL FLORIDA RECEPTION CENTER, EAST",7000 H C KELLEY RD,ORLANDO,FL,32831,STATE,OPEN,1407,2024-02-15
10002175,"CENTRAL FLORIDA RECEPTION CENTER, MAIN",7000 H C KELLEY RD,ORLANDO,FL,32831,STATE,OPEN,1659,2024-02-15
10000460,"CENTRAL FLORIDA RECEPTION CENTER, SOUTH",7000 H C KELLEY RD,ORLANDO,FL,32831,STATE,OPEN,150,2024-02-15
10002160,JOHN E POLK CORRECTIONAL FACILITY,211 ESLINGER WAY,SANFORD,FL,32773,COUNTY,OPEN,1396,2023-12-31
10002161,SEMINOLE COUNTY JUVENILE DETENTION CENTER,200 ESLINGER WAY,SANFORD,FL,32773,COUNTY,OPEN,56,2024-02-14
10000461,ORLANDO COMMUNITY RELEASE CENTER,7300 LAUREL HILL DRIVE,ORLANDO,FL,32818,STATE,OPEN,-999,2024-02-15
10004598,BRIDGES OF ORLANDO,2001 MERCY DRIVE,ORLANDO,FL,32808,STATE,OPEN,136,2024-02-15
10000462,ORANGE COUNTY WORK RELEASE CENTER,130 W KALEY ST,ORLANDO,FL,32806,COUNTY,OPEN,308,2018-02-21
10000464,ORANGE REGIONAL JUVENILE DETENTION CENTER,2800 S BUMBY AVE,ORLANDO,FL,32806,STATE,OPEN,95,2024-02-16
10002168,ORANGE COUNTY FEMALE DETENTION CENTER,3723 VISION BLVD,ORLANDO,FL,32839,COUNTY,OPEN,652,2024-02-28
10002170,"ORANGE COUNTY DETENTION CENTER, HORIZON FACILITY",3723 VISION BLVD,ORLANDO,FL,32839,COUNTY,OPEN,768,2024-02-28
10002173,"ORANGE COUNTY JAIL, WHITCOMB FACILITY",3855 S JOHN YOUNG PKWY,ORLANDO,FL,32839,COUNTY,OPEN,224,2024-02-28
10002172,BOOKING / RELEASE CENTER,3855 S JOHN YOUNG PKWY,ORLANDO,FL,32839,COUNTY,OPEN,592,2024-02-28
10002167,"ORANGE COUNTY DETENTION CENTER, PHOENIX FACILITY",3723 VISION BLVD,ORLANDO,FL,32839,COUNTY,OPEN,288,2024-02-28
10002169,"ORANGE COUNTY DETENTION CENTER, GENESIS FACILITY",3723 VISION BLVD,ORLANDO,FL,32839,COUNTY,OPEN,220,2024-02-28
10002171,"ORANGE COUNTY DETENTION CENTER, MAIN FACILITY",3723 VISION BLVD,ORLANDO,FL,32839,COUNTY,OPEN,1053,2024-02-28
10000463,ORANGE YOUTH ACADEMY/ORLANDO INTENSIVE YOUTH ACADEMY,3150 39TH ST,ORLANDO,FL,32839,STATE,OPEN,56,2024-02-19
10000453,LAKE CORRECTIONAL INSTITUTION,19225 US HWY 27,CLERMONT,FL,34715,STATE,OPEN,570,2024-02-15
10000454,LAKE COUNTY DETENTION CENTER,551 W MAIN ST,TAVARES,FL,32778,COUNTY,OPEN,-999,2024-02-28
10001453,SUMTER COUNTY DETENTION CENTER,219 E ANDERSON AVE,BUSHNELL,FL,33513,COUNTY,OPEN,521,2024-02-29
10004592,USP COLEMAN I,846 NE 54TH TERRACE,SUMTERVILLE,FL,33521,FEDERAL,OPEN,-999,2016-02-16
10004595,USP COLEMAN II,846 NE 54TH TERRACE,SUMTERVILLE,FL,33521,FEDERAL,OPEN,-999,2016-02-16
10004594,FCI COLEMAN MEDIUM,846 NE 54TH TERRACE,SUMTERVILLE,FL,33521,FEDERAL,OPEN,-999,2016-02-16
10004593,FCI COLEMAN LOW,846 NE 54TH TERRACE,SUMTERVILLE,FL,33521,FEDERAL,OPEN,-999,2016-02-16
10000456,FCI COLEMAN LOW CAMP,846 NE 54TH TERRACE,SUMTERVILLE,FL,33521,FEDERAL,OPEN,-999,2016-02-16
10000455,SUMTER CORRECTIONAL INSTITUTION AND BASIC TRAINING UNIT,9544 COUNTY RD 476B,BUSHNELL,FL,33513,STATE,OPEN,1551,2024-02-15
10000457,SUMTER WORK CAMP,9858 COUNTY RD 476B,BUSHNELL,FL,33513,STATE,OPEN,-999,2024-02-15
10000466,HERNANDO COUNTY DETENTION CENTER,16425 SPRING HILL DR,BROOKSVILLE,FL,34604,COUNTY,OPEN,812,2024-02-28
10000465,HERNANDO CORRECTIONAL INSTITUTION,16415 SPRING HILL DR,BROOKSVILLE,FL,34604,STATE,OPEN,467,2024-02-15
10004591,CYPRESS CREEK JUVENILE OFFENDER CORRECTIONAL/TREATMENT CENTERS,2855 WEST WOODLAND RIDGE DRIVE,LECANTO,FL,34461,STATE,OPEN,96,2024-02-16
10004589,CITRUS COUNTY DETENTION FACILITY,2604 WEST WOODLAND RIDGE DRIVE,LECANTO,FL,34461,MULTI,OPEN,-999,2023-12-31
10001448,BRIDGES OF SANTA FE,2901 NE 39TH AVE,GAINESVILLE,FL,32602,STATE,OPEN,156,2024-02-15
10000427,ALACHUA COUNTY JAIL,3333 NE 39TH AVE,GAINESVILLE,FL,32609,COUNTY,OPEN,1148,2024-02-29
10001450,ALACHUA REGIONAL JUVENILE DETENTION CENTER,3440 NE 39TH AVE,GAINESVILLE,FL,32609,STATE,OPEN,45,2024-02-16
10000424,NORTH FLORIDA EVALUATION & TREATMENT CENTER,1200 NE 55TH BLVD,GAINESVILLE,FL,32641,STATE,OPEN,193,2017-11-09
10000426,GAINESVILLE WORK CAMP,700 NE 55TH BLVD,GAINESVILLE,FL,32641,STATE,CLOSED,-999,2024-02-14
10006333,ALACHUA ACADEMY,3430 NE 39TH AVENUE,GAINESVILLE,FL,32609,STATE,OPEN,28,2024-02-16
10001451,GILCHRIST COUNTY JAIL,9239 S US HWY 129,TRENTON,FL,32693,COUNTY,OPEN,-999,2024-02-28
10000428,LANCASTER CORRECTIONAL INSTITUTION,3449 SW STATE RD 26,TRENTON,FL,32693,STATE,OPEN,544,2024-02-14
10000429,LANCASTER WORK CAMP,3449 SW STATE RD 26,TRENTON,FL,32693,STATE,OPEN,-999,2024-02-14
10004584,LEVY COUNTY JAIL,9150 NORTHEAST 80TH AVENUE,BRONSON,FL,32621,COUNTY,OPEN,304,2024-02-28
10006331,CROSS CITY EAST UNIT,568 NE 255TH ST,CROSS CITY,FL,32628,STATE,OPEN,432,2024-02-14
10000432,CROSS CITY CORRECTIONAL INSTITUTION,568 NE 255TH ST,CROSS CITY,FL,32628,STATE,OPEN,1022,2024-02-14
10000433,CROSS CITY WORK CAMP,568 NE 255TH ST,CROSS CITY,FL,32628,STATE,OPEN,-999,2024-02-14
10000434,DIXIE COUNTY DETENTION FACILITY,386 NE 255 STREET,CROSS CITY,FL,32628,COUNTY,OPEN,-999,2024-02-28
10000421,FRANKLIN COUNTY JAIL,270 STATE RD 65,EASTPOINT,FL,32328,COUNTY,OPEN,-999,2024-02-28
10005212,FRANKLIN WORK CAMP,1760 HWY 67 NORTH,CARRABELLE,FL,32322,STATE,CLOSED,-999,2024-02-14
10000422,FRANKLIN CORRECTIONAL INSTITUTION,1760 HWY 67 NORTH,CARRABELLE,FL,32322,STATE,OPEN,1346,2024-02-14
10004573,TAYLOR CORRECTIONAL INSTITUTION ANNEX,8501 HAMPTON SPRINGS ROAD,PERRY,FL,32348,STATE,CLOSED,1409,2024-02-14
10004574,TAYLOR CORRECTIONAL INSTITUTION,8501 HAMPTON SPRINGS ROAD,PERRY,FL,32348,STATE,OPEN,1301,2024-02-14
10004572,TAYLOR WORK CAMP,8501 HAMPTON SPRINGS ROAD,PERRY,FL,32348,STATE,CLOSED,-999,2024-02-14
10004564,JOANN BRIDGES ACADEMY,950 SOUTHWEST GREENVILLE HILLS RD,GREENVILLE,FL,32331,STATE,OPEN,28,2024-02-19
10000380,RAM-C PROGRAM,742 SW GREENVILLE HILLS RD,GREENVILLE,FL,32331,STATE,OPEN,40,2017-11-07
10000379,JEFFERSON COUNTY JAIL,171 INDUSTRIAL PARK,MONTICELLO,FL,32344,COUNTY,OPEN,-999,2024-02-28
10000378,JEFFERSON CORRECTIONAL INSTITUTION,1050 BIG JOE RD,MONTICELLO,FL,32344,STATE,OPEN,1111,2024-02-14
10000375,FCI TALLAHASSEE AND DETENTION CENTER,501 CAPITAL CIRCLE NE,TALLAHASSEE,FL,32301,FEDERAL,OPEN,-999,2016-02-16
10004576,WAKULLA CORRECTIONAL INSTITUTION ANNEX,110 MELALEUCA DRIVE,CRAWFORDVILLE,FL,32327,STATE,OPEN,1165,2024-02-14
10004575,WAKULLA CORRECTIONAL INSTITUTION,110 MELALEUCA DRIVE,CRAWFORDVILLE,FL,32327,STATE,OPEN,1399,2024-02-14
10000407,WAKULLA WORK CAMP,110 MELALEUCA DR,CRAWFORDVILLE,FL,32327,STATE,CLOSED,-999,2024-02-14
10000408,WAKULLA COUNTY DETENTION FACILITY,15 OAK ST,CRAWFORDVILLE,FL,32327,COUNTY,OPEN,350,2024-02-29
10000369,GADSDEN CORRECTIONAL FACILITY,6044 GREENSBORO HWY,QUINCY,FL,32351,STATE,OPEN,1250,2024-02-14
10000391,"LIBERTY WORK CAMP, SOUTH UNIT",11064 NW DEMPSEY BARRON RD,BRISTOL,FL,32321,STATE,CLOSED,-999,2024-02-14
10000392,LIBERTY CORRECTIONAL INSTITUTION,11064 NW DEMPSEY BARRON RD,BRISTOL,FL,32321,STATE,OPEN,1330,2024-02-14
10000337,"APALACHEE CORRECTIONAL INSTITUTION, EAST UNIT",35 APALACHEE DR,SNEADS,FL,32460,STATE,OPEN,1169,2024-02-14
10000336,"APALACHEE CORRECTIONAL INSTITUTION, WEST UNIT",52 WEST UNIT DR,SNEADS,FL,32460,STATE,OPEN,680,2024-02-14
10000372,RIVER JUNCTION WORK CAMP,300 PECAN LANE,CHATTAHOOCHEE,FL,32324,STATE,CLOSED,-999,2012-01-12
10006538,FLORIDA STATE HOSPITAL-FORENSIC SERVICE,HIGHWAY 90,CHATTAHOOCHEE,FL,32324,STATE,OPEN,469,2017-11-10
10000371,GADSDEN COUNTY CORRECTIONAL FACILITY,2135 PAT THOMAS PKWY,QUINCY,FL,32351,COUNTY,OPEN,157,2024-02-28
10000370,QUINCY ANNEX,2225 PAT THOMAS PKWY,QUINCY,FL,32351,STATE,OPEN,408,2024-02-14
10006326,GADSDEN RE-ENTRY CENTER,630 OPPORTUNITY LANE,HAVANA,FL,32333,STATE,OPEN,432,2024-02-15
10000376,LEON COUNTY DETENTION CENTER,535 APPLEYARD DR,TALLAHASSEE,FL,32304,COUNTY,OPEN,-999,2024-02-28
10000377,LEON REGIONAL JUVENILE DETENTION CENTER,2303 RONELLIS DR,TALLAHASSEE,FL,32310,STATE,OPEN,45,2024-02-16
10000374,TALLAHASSEE COMMUNITY RELEASE CENTER,2616A SPRINGHILL RD,TALLAHASSEE,FL,32305,STATE,OPEN,-999,2024-02-15
10001437,SHISA HOUSE - WEST,418 W VIRGINIA ST,TALLAHASSE,FL,32301,STATE,OPEN,34,2024-02-15
10003939,DECATUR COUNTY JAIL,912 SPRING CREEK ROAD,BAINBRIDGE,GA,39817,COUNTY,OPEN,-999,2018-02-23
10003940,DECATUR COUNTY CORRECTIONAL INSTITUTION,1153 AIRPORT ROAD,BAINBRIDGE,GA,39817,COUNTY,OPEN,-999,2016-04-22
10003945,SEMINOLE COUNTY JAIL / SHERIFF,208 COURT STREET,DONALSONVILLE,GA,39845,COUNTY,OPEN,-999,2019-11-05
10006339,BAINBRIDGE SUBSTANCE ABUSE CENTER,235 STATE HOSPITAL ROAD,BAINBRIDGE,GA,39817,STATE,OPEN,316,2024-02-21
10003937,MILLER COUNTY JAIL / SHERIFF,300 WEST PINE STREET,COLQUITT,GA,39837,COUNTY,OPEN,-999,2018-02-26
10006340,EARLY COUNTY JAIL,18610 EAST SOUTH BOULEVARD,BLAKELY,GA,39823,COUNTY,OPEN,-999,2018-02-23
10004541,BAKER COUNTY SHERIFFS OFFICE,STATE HIGHWAY 200,NEWTON,GA,39870,COUNTY,NOT AVAILABLE,-999,2016-02-15
10000325,AUTRY STATE PRISON,3178 MOUNT ZION CHURCH RD,PELHAM,GA,31779,STATE,OPEN,1698,2024-02-01
10002149,MITCHELL COUNTY CORRECTIONAL INSTITUTE,4838 STATE HWY 37 E,CAMILLA,GA,31730,COUNTY,OPEN,159,2018-02-01
10002148,MITCHELL COUNTY JUSTICE CENTER,4815 STATE HWY 37 E,CAMILLA,GA,31730,COUNTY,OPEN,-999,2018-02-26
10003941,GRADY COUNTY JAIL / SHERIFF,115 16TH AVENUE NORTHEAST,CAIRO,GA,39828,COUNTY,OPEN,-999,2019-11-05
10003943,JUDGE THOMAS JEFFERSON LOFTISS II RYDC,101 OAKWOOD TRACE,THOMASVILLE,GA,31792,STATE,OPEN,-999,2024-02-20
10003942,THOMAS COUNTY DETENTION CENTER,921 SMITH AVENUE,THOMASVILLE,GA,31792,COUNTY,OPEN,270,2018-02-26
10004547,COLQUITT COUNTY JAIL,200 VETERANS PARKWAY NORTH,MOULTRIE,GA,31776,COUNTY,OPEN,-999,2018-02-22
10004548,COLQUITT COUNTY CORRECTIONAL INSTITUTION,200 SOUTH VANDENBERG DRIVE,MOULTRIE,GA,31768,COUNTY,OPEN,-999,2018-02-01
10004539,TIFT COUNTY JAIL / SHERIFF,500 MORGAN DRIVE,TIFTON,GA,31793,COUNTY,OPEN,260,2018-02-26
10004546,COOK COUNTY JAIL / SHERIFF,1000 COUNTY FARM ROAD,ADEL,GA,31620,COUNTY,OPEN,-999,2018-02-22
10004540,BERRIEN COUNTY JAIL,500 COUNTY FARM ROAD,NASHVILLE,GA,31639,COUNTY,OPEN,-999,2018-02-22
10004551,ROBERT L. PATTEN PROBATION DETENTION CENTER,1009 NORTH 10TH AVENUE,LAKELAND,GA,31635,STATE,OPEN,-999,2024-02-21
10001433,LOWNDES COUNTY JAIL,120 PRISON FARM RD,VALDOSTA,GA,31601,COUNTY,OPEN,-999,2018-02-23
10001432,VALDOSTA TRANSITIONAL CENTER,263 GILL HARBIN INDUSTRIAL BLVD.,VALDOSTA,GA,31601,STATE,OPEN,164,2024-02-01
10000328,VALDOSTA STATE PRISON,3259 VALTECH RD,VALDOSTA,GA,31601,STATE,OPEN,801,2024-02-01
10000329,VALDOSTA STATE PRISON ANNEX,3131 VAL TECH RD,VALDOSTA,GA,31601,STATE,OPEN,554,2024-02-21
10003946,BROOKS COUNTY JAIL,1003 HOLLOWAY DRIVE,QUITMAN,GA,31643,COUNTY,OPEN,-999,2018-02-22
10000381,MADISON CORRECTIONAL INSTITUTION,382 SW MCI WAY,MADISON,FL,32340,STATE,OPEN,1054,2024-02-14
10000382,MADISON WORK CAMP,382 SW MCI WAY,MADISON,FL,32340,STATE,OPEN,-999,2024-02-14
10000383,MADISON COUNTY JAIL,823 SW PINCKNEY ST,MADISON,FL,32340,COUNTY,OPEN,-999,2024-08-19
10000406,TAYLOR COUNTY JAIL,589 US HWY 27 E,PERRY,FL,32347,COUNTY,OPEN,-999,2024-02-29
10000409,MAYO CORRECTIONAL INSTITUTION ANNEX,8784 US HWY 27 W,MAYO,FL,32066,STATE,OPEN,1345,2024-02-14
10006323,MAYO CORRECTIONAL INSTITUTION,8784 US HWY 27 W,MAYO,FL,32066,STATE,CLOSED,-999,2024-02-14
10000410,MAYO WORK CAMP,8784 US HWY 27 W,MAYO,FL,32066,STATE,CLOSED,-999,2024-02-14
10001446,LAFAYETTE COUNTY JAIL,178 NW CRAWFORD ST,MAYO,FL,32066,COUNTY,OPEN,-999,2024-02-28
10000404,SUWANNEE COUNTY JAIL,305 PINE AVE,LIVE OAK,FL,32064,COUNTY,OPEN,235,2024-02-29
10000386,HAMILTON WORK CAMP,10650 SW 46TH ST,JASPER,FL,32052,STATE,CLOSED,-999,2024-02-14
10000385,HAMILTON CORRECTIONAL INSTITUTION,10650 SW 46TH ST,JASPER,FL,32052,STATE,OPEN,1109,2024-02-14
10000384,HAMILTON CORRECTIONAL INSTITUTION ANNEX,10650 SW 46TH ST,JASPER,FL,32052,STATE,OPEN,1138,2024-02-14
10004566,HAMILTON COUNTY JAIL,3995 COUNTY ROUTE 51 NORTH,JASPER,FL,32052,COUNTY,OPEN,-999,2024-02-28
10004565,OAK GROVE ACADEMY,11180 NE 38TH STREET,JASPER,FL,32052,STATE,OPEN,40,2024-02-19
10006207,SUWANNEE CORRECTIONAL INSTITUTION ANNEX,5964 US HWY 90,LIVE OAK,FL,32060,STATE,OPEN,1346,2024-02-14
10006206,SUWANNEE CORRECTIONAL INSTITUTION,5964 US HWY 90,LIVE OAK,FL,32060,STATE,OPEN,1418,2024-02-14
10000405,SUWANNEE WORK CAMP,5964 US HWY 90,LIVE OAK,FL,32060,STATE,CLOSED,-999,2024-02-14
10004568,COLUMBIA COUNTY JAIL,389 NORTHWEST QUINTEN STREET,LAKE CITY,FL,32055,COUNTY,OPEN,256,2024-02-29
10004567,BRIDGES OF LAKE CITY,1099 NW DOT GLEN,LAKE CITY,FL,32055,STATE,OPEN,151,2024-02-15
10000396,COLUMBIA CORRECTIONAL INSTITUTION ANNEX,216 SE CORRECTIONS WAY,LAKE CITY,FL,32025,STATE,OPEN,1566,2024-02-14
10000394,LAKE CITY CORRECTIONAL FACILITY,7906 EAST HIGHWAY 90,LAKE CITY,FL,32055,STATE,OPEN,894,2024-02-14
10000395,COLUMBIA CORRECTIONAL INSTITUTION,216 SE CORRECTIONS WAY,LAKE CITY,FL,32025,STATE,OPEN,1427,2024-02-14
10000393,COLUMBIA WORK CAMP,216 SE CORRECTIONS WAY,LAKE CITY,FL,32025,STATE,CLOSED,-999,2024-02-14
10000420,RMC WORK CAMP,7765 S COUNTY RD 231,LAKE BUTLER,FL,32054,STATE,OPEN,-999,2024-02-14
10000418,RECEPTION AND MEDICAL CENTER (RMC),7765 S COUNTY RD 231,LAKE BUTLER,FL,32054,STATE,OPEN,1503,2024-02-14
10000419,"RECEPTION AND MEDICAL CENTER, WEST UNIT",8183 SW 152ND LOOP,LAKE BUTLER,FL,32054,STATE,OPEN,891,2024-02-14
10004581,UNION COUNTY JAIL,50 NW 1ST STREET,LAKE BUTLER,FL,32054,COUNTY,OPEN,36,2024-02-29
10000403,BAKER WORK CAMP,20706 US HIGHWAY 90 WEST,SANDERSON,FL,32087,STATE,OPEN,-999,2024-02-14
10000402,BAKER CORRECTIONAL INSTITUTION,20706 US HIGHWAY 90 W,SANDERSON,FL,32087,STATE,CLOSED,1165,2024-02-14
10006327,BAKER RE-ENTRY CENTER,17128 US HIGHWAY 90 WEST,SANDERSON,FL,32087,STATE,OPEN,432,2024-02-14
10004550,CLINCH COUNTY JAIL,115 COURT SQUARE,HOMERVILLE,GA,31634,COUNTY,OPEN,-999,2018-02-22
10004544,ATKINSON COUNTY JAIL,20 SMITH AVE W,PEARSON,GA,31642,COUNTY,OPEN,-999,2018-02-22
10005207,WARE COUNTY JAIL,3487 HARRIS ROAD,WAYCROSS,GA,31503,COUNTY,OPEN,-999,2018-02-26
10002147,WARE STATE PRISON,3620 HARRIS ROAD,WAYCROSS,GA,31503,STATE,OPEN,1546,2024-02-01
10005208,WAYCROSS REGIONAL YOUTH DETENTION CENTER,3275 HARRIS ROAD,WAYCROSS,GA,31503,STATE,OPEN,-999,2024-02-20
10005205,PIERCE COUNTY JAIL,300 PIERCE INDUSTRIAL BOULEVARD,BLACKSHEAR,GA,31516,COUNTY,OPEN,-999,2024-07-08
10004534,BACON TRANSITIONAL CENTER,165 EAST EASTSIDE INDUSTRIAL BOULEVARD,ALMA,GA,31510,STATE,OPEN,-999,2024-02-01
10004535,BACON COUNTY JAIL,307 SOUTH DIXON STREET,ALMA,GA,31510,COUNTY,OPEN,-999,2018-02-22
10002144,COFFEE CORRECTIONAL FACILITY,1153 NORTH LIBERTY STREET,NICHOLLS,GA,31554,STATE,OPEN,2628,2024-02-01
10004532,COFFEE COUNTY JAIL,825 THOMPSON DRIVE,DOUGLAS,GA,31535,COUNTY,OPEN,-999,2016-02-15
10004523,JEFF DAVIS COUNTY DETENTION CENTER,4 SOUTH WILLIAM STREET,HAZLEHURST,GA,31539,COUNTY,OPEN,-999,2018-02-23
10005196,LUMBER CITY JAIL,39 MAIN STREET,LUMBER CITY,GA,31549,LOCAL,OPEN,-999,2014-01-10
10000315,MCRAE CORRECTIONAL FACILITY,112 JIM HAMMOCK DRIVE,MCRAE,GA,31055,FEDERAL,CLOSED,-999,2022-10-22
10001429,TELFAIR COUNTY JAIL,11 EAST OAK STREET,MCRAE,GA,31055,COUNTY,OPEN,-999,2024-07-09
10002142,WHEELER CORRECTIONAL FACILITY,195 NORTH BROAD STREET,ALAMO,GA,30411,STATE,OPEN,2874,2024-02-01
10005195,WHEELER COUNTY JAIL,21 WEST FOREST AVENUE,ALAMO,GA,30411,COUNTY,OPEN,-999,2024-07-09
10004527,APPLING INTEGRATED TREATMENT FACILITY,252 WEST PARK DRIVE,BAXLEY,GA,31513,STATE,OPEN,206,2024-02-21
10006236,APPLING COUNTY JAIL,560 BARNES STREET,BAXLEY,GA,31513,COUNTY,OPEN,84,2018-02-22
10005194,CHARLES DURST DETENTION CENTER,357 NORTHWEST BROAD STREET,LYONS,GA,30436,COUNTY,OPEN,220,2018-02-26
10004498,EMANUEL COUNTY JAIL,769 KITE ROAD,SWAINSBORO,GA,30401,COUNTY,OPEN,-999,2024-07-02
10004496,EMANUEL WOMEN'S FACILITY,714 GUMLOG ROAD,SWAINSBORO,GA,30401,STATE,OPEN,415,2024-02-01
10000303,JOHNSON STATE PRISON,290 DONOVAN-HARRISON ROAD,WRIGHTSVILLE,GA,31096,STATE,OPEN,1612,2024-02-01
10004499,JOHNSON COUNTY JAIL,230 DONOVAN HARRISON ROAD,WRIGHTSVILLE,GA,31096,COUNTY,OPEN,-999,2024-07-08
10005191,TREUTLEN PROBATION DETENTION CENTER,401 CASCADE CIRCLE,SOPERTON,GA,30457,STATE,OPEN,295,2024-02-01
10005192,TREUTLEN COUNTY JAIL,530 CASCADE CIR,SOPERTON,GA,30457,COUNTY,OPEN,-999,2024-07-09
10001427,MONTGOMERY COUNTY JAIL,208 BROAD ST,MT VERNON,GA,30445,COUNTY,OPEN,-999,2024-07-08
10000308,MONTGOMERY STATE PRISON,650 MOUNT VERNON ALSTON ROAD,MOUNT VERNON,GA,30445,STATE,OPEN,900,2024-02-01
10005188,CADWELL REGIONAL YOUTH DETENTION CENTER,2839 RAILROAD STREET,CADWELL,GA,31009,STATE,OPEN,-999,2024-02-20
10002139,EASTMAN YOUTH DEVELOPMENT CAMPUS,176 FREAMON GRAHAM BOULEVARD,EASTMAN,GA,31023,STATE,OPEN,-999,2024-02-20
10004509,DODGE COUNTY JAIL,85 INDUSTRIAL BLVD,EASTMAN,GA,31021,COUNTY,OPEN,-999,2018-02-23
10002140,EASTMAN REGIONAL YOUTH DETENTION CENTER,181 INDUSTRIAL BLVD,EASTMAN,GA,31023,STATE,CLOSED,-999,2024-04-01
10002138,DODGE STATE PRISON,2971 OLD BETHEL CHURCH ROAD,CHESTER,GA,31012,STATE,OPEN,1236,2024-02-01
10005189,LAURENS COUNTY JAIL,511 SOUTHERN PINES ROAD,DUBLIN,GA,31021,COUNTY,OPEN,285,2024-07-08
10005187,WILKINSON COUNTY JAIL,108 BACON STREET,IRWINTON,GA,31042,COUNTY,OPEN,-999,2024-07-09
10006343,TWIGGS COUNTY JAIL,37 NORTH ASH STREET,JEFFERSONVILLE,GA,31044,COUNTY,OPEN,-999,2024-07-09
10000302,MACON YOUTH DEVELOPMENT CAMPUS,4160 RIGGINS MILL RD,MACON,GA,31217,STATE,OPEN,-999,2024-02-20
10001424,MACON REGIONAL YOUTH DETENTION CENTER,4164 RIGGINS MILL RD,MACON,GA,31217,STATE,OPEN,-999,2024-02-20
10004506,BLECKLEY COUNTY JAIL,345 STATE HIGHWAY 87 BYPASS NORTH,COCHRAN,GA,31014,COUNTY,OPEN,-999,2019-11-05
10004505,BLECKELY PROBATION DETENTION CENTER,179 JAC ARTS ROAD,COCHRAN,GA,31014,STATE,OPEN,238,2024-02-01
10000307,PULASKI STATE PRISON,373 UPPER RIVER ROAD,HAWKINSVILLE,GA,31036,STATE,OPEN,1223,2024-02-01
10005193,PULASKI COUNTY JAIL,34 BADGE BOULEVARD,HAWKINSVILLE,GA,31036,COUNTY,OPEN,-999,2024-07-08
10005197,ROCHELLE CITY JAIL,410 STEPHENS STREET,ROCHELLE,GA,31079,LOCAL,OPEN,-999,2020-05-28
10001430,WILCOX COUNTY JAIL,123 EAST MAIN STREET,ABBEVILLE,GA,31001,COUNTY,OPEN,-999,2018-02-26
10000318,WILCOX STATE PRISON,470 SOUTH BROAD STREET,ABBEVILLE,GA,31001,STATE,OPEN,1827,2024-02-01
10000316,TELFAIR STATE PRISON,210 LONGBRIDGE ROAD,HELENA,GA,31037,STATE,OPEN,1400,2024-02-01
10000317,TELFAIR COUNTY JAIL (OLD),26 PICKERTON STREET,MILAN,GA,31060,STATE,CLOSED,150,2024-02-21
10004533,IRWIN COUNTY DETENTION CENTER,132 COTTON DRIVE,OCILLA,GA,31774,COUNTY,OPEN,-999,2018-02-23
10004530,BEN HILL COUNTY JAIL,255 APPOMATTOX ROAD,FITZGERALD,GA,31750,COUNTY,OPEN,-999,2018-02-22
10004531,WORTH COUNTY JAIL,201 NORTH MAIN STREET,SYLVESTER,GA,31791,COUNTY,OPEN,-999,2018-02-26
10005202,TURNER COUNTY JAIL,1301 INDUSTRIAL DRIVE,ASHBURN,GA,31714,COUNTY,OPEN,-999,2018-02-26
10005201,TURNER PRSAT,514 SOUTH RAILROAD AVE,SYCAMORE,GA,31790,STATE,OPEN,232,2024-02-21
10004513,DOOLY COUNTY JAIL,576 PINEHURST HAWKINSVILLE ROAD,PINEHURST,GA,31070,COUNTY,OPEN,-999,2019-11-05
10004522,CRISP REGIONAL YOUTH DETENTION CENTER,130 HARALSON ROAD,CORDELE,GA,31015,STATE,OPEN,-999,2024-02-20
10004521,CRISP COUNTY DETENTION CENTER,196 GA HWY 300 SOUTH,CORDELE,GA,31015,COUNTY,OPEN,-999,2016-02-15
10000323,LEE STATE PRISON,153 PINEWOOD DRIVE,LEESBURG,GA,31763,STATE,OPEN,762,2024-02-01
10001431,LEE COUNTYJAIL,119 PINEWOOD RD,LEESBURG,GA,31763,COUNTY,OPEN,109,2016-02-15
10000324,DOUGHERTY COUNTY JAIL,1302 EVELYN AVE,ALBANY,GA,31701,COUNTY,OPEN,1230,2018-02-23
10004525,TERRELL REGIONAL YOUTH DETENTION CENTER,1666 ALBANY HIGHWAY,DAWSON,GA,39842,STATE,OPEN,-999,2024-02-20
10004524,TERRELL COUNTY CORRECTIONAL INSTITUTION,3110 ALBANY HIGHWAY,DAWSON,GA,39842,COUNTY,OPEN,140,2024-07-09
10004526,TERRELL COUNTY JAIL,3108 ALBANY HIGHWAY,DAWSON,GA,39842,COUNTY,OPEN,-999,2018-02-26
10003935,CALHOUN COUNTY JAIL,28959 NORTH BERMUDA STREET,MORGAN,GA,39866,COUNTY,OPEN,-999,2018-02-22
10002146,CALHOUN STATE PRISON,27823 MAIN ST,MORGAN,GA,39866,STATE,OPEN,1677,2024-02-01
10005200,RANDOLPH COUNTY JAIL,216 RECREATION CAMP RD,CUTHBERT,GA,39840,COUNTY,OPEN,118,2018-02-26
10003934,STEWART DETENTION CENTER,146 CCA ROAD,LUMPKIN,GA,31815,FEDERAL,OPEN,1752,2024-01-12
10004520,SUMTER COUNTY JAIL,352 MCMATH MILL ROAD,AMERICUS,GA,31709,COUNTY,OPEN,-999,2024-07-09
20000580,SUMTER COUNTY CORRECTIONAL INSTITUTION,346 MCMATH MILL ROAD,AMERICUS,GA,31709,COUNTY,OPEN,350,2024-07-09
10004519,SUMTER YOUTH DEVELOPMENT CAMPUS,300 MCMATH MILL RD.,AMERICUS,GA,31714,STATE,CLOSED,-999,2024-04-01
10004510,SCHLEY COUNTY DETENTION FACILITY,48 PECAN STREET,ELLAVILLE,GA,31806,COUNTY,OPEN,-999,2018-02-26
10003932,MARION COUNTY JAIL,388 GEORGIA HIGHWAY 41,BUENA VISTA,GA,31803,COUNTY,OPEN,-999,2018-02-23
10003933,CHATTAHOOCHEE COUNTY JAIL,379 BROAD ST.,CUSSETA,GA,31805,COUNTY,OPEN,-999,2018-02-22
10001426,COLUMBUS TRANSITIONAL CENTER,3900 SCHATULGA ROAD,COLUMBUS,GA,31907,STATE,OPEN,182,2024-02-01
10000304,RUTLEDGE STATE PRISON,7175 MANOR ROAD,COLUMBUS,GA,31907,STATE,OPEN,640,2024-02-01
10000305,MUSCOGEE COUNTY PRISON,7175 SACERDOTE LANE,COLUMBUS,GA,31907,COUNTY,OPEN,576,2024-07-08
10002135,AARON COHN REGIONAL YOUTH DETENTION CENTER,7700 CHATSWORTH ROAD,MIDLAND,GA,31820,STATE,OPEN,-999,2024-02-20
10002136,MUSCOGEE YOUTH DEVELOPMENT CENTER,7700 CHATTSWORTH ROAD,MIDLAND,GA,31820,STATE,OPEN,-999,2024-02-20
10003930,HARRIS COUNTY JAIL / SHERIFF,9825 STATE HIGHWAY 116,HAMILTON,GA,31811,COUNTY,OPEN,-999,2018-02-23
10003931,HARRIS COUNTY CORRECTIONAL INSTITUTION,9982 HIGHWAY 116,HAMILTON,GA,31811,COUNTY,OPEN,160,2024-07-02
10003929,TALBOT COUNTY JAIL (OLD),44 NORTH WASHINGTON AVENUE,TALBOTTON,GA,31827,COUNTY,CLOSED,-999,2024-07-09
20000581,TALBOT COUNTY JAIL,188 JACKSON AVENUE,TALBOTTON,GA,31827,COUNTY,OPEN,-999,2024-07-09
10004493,UPSON COUNTY JAIL,235 AVIATION DRIVE,THOMASTON,GA,30286,COUNTY,OPEN,-999,2024-07-09
10004495,CRAWFORD COUNTY JAIL / SHERIFF,21 HORTMAN MILL ROAD,KNOXVILLE,GA,31050,COUNTY,OPEN,-999,2018-02-22
10004511,TAYLOR COUNTY JAIL,5 N IVY STREET,BUTLER,GA,31006,COUNTY,OPEN,-999,2018-02-26
10004508,MACON COUNTY JAIL,117 CRESCENT STREET,OGLETHORPE,GA,31068,COUNTY,OPEN,-999,2018-02-23
10002137,MACON STATE PRISON,2728 HWY 49 SOUTH,OGLETHORPE,GA,31068,STATE,OPEN,1762,2024-02-01
10005190,PEACH COUNTY JAIL,1007 SPRUCE STREET EXTENSION,FORT VALLEY,GA,31030,COUNTY,OPEN,116,2024-07-08
10006154,DOOLY STATE PRISON,1412 PLUNKETT ROAD,UNADILLA,GA,31091,STATE,OPEN,1702,2024-02-01
10001425,HOUSTON COUNTY DETENTION CENTER,203 PERRY PARKWAY,WARNER ROBINS,GA,31088,COUNTY,OPEN,655,2024-07-02
10004500,MCEVER PROBATION DETENTION CENTER,2100 KINGS CHAPEL ROAD,PERRY,GA,31069,STATE,OPEN,-999,2024-02-21
10002134,CENTRAL STATE PRISON,4600 FULTON MILL RD,MACON,GA,31208,STATE,OPEN,1153,2024-02-01
10001423,MACON TRANSITIONAL CENTER,200 HENRY ST,MACON,GA,31206,STATE,OPEN,156,2024-02-01
10006722,BIBB COUNTY DETENTION CENTER,645 HAZEL STREET,MACON,GA,31204,COUNTY,OPEN,192,2018-02-22
10002133,BIBB COUNTY JAIL,668 OGLETHORPE ST,MACON,GA,31204,COUNTY,OPEN,966,2018-02-22
10003924,JASPER COUNTY JAIL,1551 STATE HIGHWAY 212 WEST,MONTICELLO,GA,31064,COUNTY,OPEN,-999,2016-02-15
10003923,NEWTON COUNTY LAW ENFORCEMENT CENTER,15151 ALCOVY ROAD NE,COVINGTON,GA,30014,COUNTY,OPEN,-999,2018-02-26
10001420,BUTTS COUNTY JAIL,835 ERNEST BILES DR,JACKSON,GA,30233,COUNTY,OPEN,-999,2018-02-22
10004473,HENRY COUNTY JAIL ANNEX,505 HAMPTON ROAD,MCDONOUGH,GA,30253,COUNTY,OPEN,84,2024-07-02
10004472,HENRY COUNTY JAIL,120 HENRY PARKWAY,MCDONOUGH,GA,30253,COUNTY,OPEN,816,2024-07-02
20000200,GA DIAGNOSTIC & CLASSIFICATION STATE PRISON,2978 STATE HWY 36 W,JACKSON,GA,30233,STATE,OPEN,2487,2024-02-01
20000201,SPECIAL MANAGEMENT UNIT,2978 STATE HWY 36 W,JACKSON,GA,30233,STATE,OPEN,192,2024-02-01
10001422,MONROE COUNTY JAIL,145 L CARY BITTICK DR,FORSYTH,GA,31029,COUNTY,OPEN,168,2018-02-26
10001421,BURRUSS CORRECTIONAL TRAINING CENTER,1000 INDIAN SPRINGS DR,FORSYTH,GA,31029,STATE,OPEN,806,2024-02-01
10004489,LAMAR PRE-RELEASE CENTER,700 GORDON ROAD,BARNESVILLE,GA,30204,STATE,CLOSED,196,2011-03-30
10004490,LAMAR COUNTY JAIL,121 ROBERTA DRIVE,BARNESVILLE,GA,30204,COUNTY,OPEN,152,2018-02-23
10004487,WEST CENTRAL CENTER,1070 COUNTY FARM ROAD,ZEBULON,GA,30295,STATE,OPEN,194,2024-02-21
10004488,PIKE COUNTY JAIL / SHERIFF,89 JACKSON STREET,ZEBULON,GA,30295,COUNTY,OPEN,-999,2018-02-26
10002125,SPALDING COUNTY CORRECTIONAL INSTITUTION,295 JUSTICE BLVD,GRIFFIN,GA,30223,COUNTY,OPEN,384,2024-07-09
10002124,SPALDING COUNTY JAIL,401 JUSTICE BOULEVARD,GRIFFIN,GA,30224,COUNTY,OPEN,-999,2018-02-26
10004486,MERIWETHER COUNTY JAIL,17400 ROOSEVELT HIGHWAY,GREENVILLE,GA,30222,COUNTY,OPEN,-999,2018-02-26
10004479,COWETA COUNTY JAIL / SHERIFF,560 GREISON TRAIL,NEWNAN,GA,30263,COUNTY,OPEN,-999,2018-02-22
10004478,COWETA COUNTY PRISON,101 SELT ROAD,NEWNAN,GA,30263,COUNTY,OPEN,216,2018-02-01
10006344,ATLANTA YOUTH DEVELOPMENT CAMPUS,5651 STONEWALL TELL ROAD,COLLEGE PARK,GA,30349,STATE,OPEN,-999,2024-02-20
10004458,COLLEGE PARK POLICE DEPARTMENT,3717 COLLEGE STREET,COLLEGE PARK,GA,30337,LOCAL,OPEN,-999,2016-02-15
10001412,SOUTH FULTON MUNICIPAL REGIONAL JAIL,6500 WATSON ST,UNION CITY,GA,30291,LOCAL,OPEN,325,2016-02-15
10004474,FAYETTE COUNTY JAIL,145 JOHNSON AVENUE,FAYETTEVILLE,GA,30214,COUNTY,OPEN,554,2024-07-02
10002117,ROBERT A DEYTON DETENTION FACILITY,11866 HASTINGS BRIDGE RD,LOVEJOY,GA,30250,FEDERAL,OPEN,768,2017-10-02
10002118,MARTHA K GLAZE REG YOUTH DETENTION CENTER,11850 HASTINGS BRIDGE RD,HAMPTON,GA,30228,STATE,OPEN,-999,2024-02-20
10002119,CLAYTON COUNTY PRISON,11420 SLR BLVD,LOVEJOY,GA,30250,COUNTY,OPEN,258,2018-02-01
10004470,CLAYTON COUNTY JAIL,9157 TARA BOULEVARD,JONESBORO,GA,30236,COUNTY,OPEN,-999,2018-02-22
10002121,CLAYTON TRANSITIONAL CENTER,242 FALCON DR,FOREST PARK,GA,30297,STATE,OPEN,351,2024-02-01
10000295,DEKALB REGIONAL YOUTH DETENTION CENTER,2946 CLIFTON SPRINGS ROAD,DECATUR,GA,30034,STATE,OPEN,-999,2024-02-20
10000293,METRO REGIONAL YOUTH DETENTION CENTER,1300 CONSTITUTION ROAD SE\,ATLANTA,GA,30316,STATE,OPEN,-999,2024-02-20
10001414,METRO TRANSITIONAL CENTER,1303 CONSTITUTION ROAD,ATLANTA,GA,30316,STATE,OPEN,235,2024-02-01
10001415,HELMS FACILITY,1275 CONSTITUTION ROAD SE,ATLANTA,GA,30316,STATE,OPEN,64,2024-02-01
10000292,METRO REENTRY FACILITY,1301 CONSTITUTION ROAD SE,ATLANTA,GA,30316,STATE,OPEN,355,2024-02-01
10006239,USP ATLANTA CAMP,601 MCDONOUGH BLVD SE,ATLANTA,GA,30315,FEDERAL,NOT AVAILABLE,-999,2024-03-04
10000285,USP ATLANTA,601 MCDONOUGH BLVD SE,ATLANTA,GA,30315,FEDERAL,OPEN,-999,2016-02-16
10000286,GRADY DETENTION CENTER,80 JESSE HILL JR DR SE,ATLANTA,GA,30303,LOCAL,OPEN,-999,2019-10-23
10002104,ATLANTA CITY DETENTION CENTER,254 PEACHTREE ST SW,ATLANTA,GA,30303,COUNTY,OPEN,-999,2024-07-02
10001411,ATLANTA TRANSITIONAL CENTER,332 PONCE DE LEON AVE NE,ATLANTA,GA,30308,STATE,OPEN,257,2024-02-01
10000288,FULTON COUNTY JAIL,901 RICE ST,ATLANTA,GA,30318,COUNTY,OPEN,-999,2024-07-02
10004464,CHAMBLEE CITY JAIL,3518 BROAD STREET,CHAMBLEE,GA,30341,LOCAL,OPEN,26,2018-05-17
10004465,DORAVILLE CITY JAIL,3750 PARK AVENUE,DORAVILLE,GA,30340,LOCAL,OPEN,52,2018-05-17
10003913,SMYRNA JAIL,2646 ATLANTA RD,SMYRNA,GA,30080,LOCAL,OPEN,64,2024-07-09
10003911,MARIETTA REGIONAL YOUTH DETENTION CENTER,1575 COUNTY SERVICES PARKWAY,MARIETTA,GA,30008,STATE,OPEN,-999,2024-02-20
10002111,COBB COUNTY WORK RELEASE CENTER,1825 COUNTY SERVICES PKWY,MARIETTA,GA,30080,COUNTY,OPEN,-999,2018-02-22
10002109,COBB COUNTY DETENTION CENTER,1825 COUNTY SERVICES PKWY,MARIETTA,GA,30008,COUNTY,OPEN,3077,2018-02-22
10006442,DOUGLAS COUNTY JAIL,8470 EARL D LEE BLVD,DOUGLASVILLE,GA,30134,COUNTY,OPEN,-999,2018-02-23
10005781,VILLA RICA CITY JAIL,101 MAIN STREET,VILLA RICA,GA,30180,LOCAL,OPEN,-999,2019-10-23
10002108,PAULDING PROBATION DETENTION CENTER,1295 N INDUSTRIAL BLVD,DALLAS,GA,30132,STATE,OPEN,260,2024-02-21
10006272,PAULDING COUNTY DETENTION CENTER (OLD),25 INDUSTRIAL WAY NORTH,DALLAS,GA,30132,COUNTY,CLOSED,-999,2018-02-26
10002107,PAULDING REGIONAL YOUTH DETENTION CENTER,538 INDUSTRIAL BLVD N,DALLAS,GA,30132,STATE,CLOSED,-999,2014-09-01
20000560,PAULDING COUNTY DETENTION CENTER,190 CONSTITUTION BOULEVARD,DALLAS,GA,30132,COUNTY,OPEN,631,2024-07-08
10003912,KENNESAW POLICE DEPARTMENT,2539 J O STEPHENSON AVE.,KENNESAW,GA,30144,LOCAL,OPEN,-999,2018-05-17
10002112,ACWORTH DETENTION CENTER,4400 ACWORTH INDUSTRIAL DR NW,ACWORTH,GA,30101,LOCAL,OPEN,41,2018-05-17
10003903,BARTOW COUNTY JAIL,104 ZENA DRIVE,CARTERSVILLE,GA,30121,COUNTY,OPEN,-999,2018-02-22
10003904,CHEROKEE COUNTY ADULT DETENTION CENTER,498 CHATTIN DRIVE,CANTON,GA,30115,COUNTY,OPEN,-999,2018-02-22
10001413,FULTON COUNTY NORTH ANNEX JAIL,2565 OLD MILTON PKWY,ALPHARETTA,GA,30004,COUNTY,OPEN,-999,2024-07-02
10003905,CUMMING CITY JAIL,301 VETERANS MEMORIAL BLVD.,CUMMING,GA,30040,LOCAL,OPEN,-999,2018-05-17
10002103,FORSYTH COUNTY JAIL,202 VETERANS MEMORIAL BLVD,CUMMING,GA,30040,COUNTY,OPEN,-999,2024-07-02
10000294,DEKALB COUNTY JAIL,4425 MEMORIAL DRIVE,DECATUR,GA,30032,COUNTY,OPEN,-999,2019-10-23
10002116,ROCKDALE COUNTY JAIL,2385 SIGMAN INDUSTRIAL COURT,CONYERS,GA,30012,COUNTY,OPEN,720,2018-02-26
10002115,ROCKDALE REGIONAL YOUTH DETENTION CENTER,2165 CHAMBERS DRIVE NW,CONYERS,GA,30012,STATE,OPEN,-999,2024-02-20
10000289,GWINNETT COUNTY COMPREHENSIVE CORRECTIONAL COMPLEX,750 HI HOPE ROAD,LAWRENCEVILLE,GA,30043,COUNTY,OPEN,800,2024-07-02
10000290,GWINNETT COUNTY DETENTION CENTER,2900 UNIVERSITY PARKWAY NE,LAWRENCEVILLE,GA,30043,COUNTY,OPEN,-999,2018-02-23
10002113,WALTON COUNTY JAIL,1425 S MADISON AVE,MONROE,GA,30655,COUNTY,OPEN,-999,2018-02-26
10002114,ALCOVY DIVERSION CENTER,1417 S MADISON AVE,MONROE,GA,30655,COUNTY,NOT AVAILABLE,-999,2008-05-21
10003908,BARROW COUNTY DETENTION CENTER,652 BARROW PARK DRIVE,WINDER,GA,30680,COUNTY,OPEN,372,2018-02-22
10002105,PHILLIPS TRANSITIONAL CENTER,2989 W ROCK QUARRY ROAD,BUFORD,GA,30519,STATE,OPEN,204,2024-02-01
10002106,PHILLIPS STATE PRISON,2989 WEST ROCK QUARRY ROAD,BUFORD,GA,30519,STATE,OPEN,918,2024-02-01
10006723,HALL COUNTY CORRECTIONAL INSTITUTION,1694 BARBER ROAD,GAINESVILLE,GA,30507,COUNTY,OPEN,200,2024-07-02
10003898,HALL COUNTY JAIL,1700 BARBER ROAD,GAINESVILLE,GA,30507,COUNTY,OPEN,1174,2024-07-02
10003900,GAINESVILLE REGIONAL YOUTH DETENTION CENTER,450 CRESCENT DRIVE,GAINESVILLE,GA,30501,STATE,OPEN,-999,2024-02-20
10003902,BANKS COUNTY JAIL / SHERIFF,160 WINDMILL FARM ROAD,HOMER,GA,30547,COUNTY,OPEN,-999,2018-02-22
10001410,JACKSON COUNTY JAIL / SHERIFF,555 STAN EVANS DR,JEFFERSON,GA,30549,COUNTY,OPEN,-999,2018-02-23
10003907,JACKSON COUNTY CORRECTIONAL INSTITUTION,265 I.W. DAVIS ROAD,JEFFERSON,GA,30549,COUNTY,OPEN,-999,2016-02-03
10004457,MADISON COUNTY DETENTION CENTER,1436 STATE HIGHWAY 98 WEST,DANIELSVILLE,GA,30633,COUNTY,OPEN,-999,2018-02-23
10003897,ROYSTON CITY JAIL,830 CHURCH STREET,ROYSTON,GA,30662,LOCAL,OPEN,-999,2018-05-23
10004459,OGLETHORPE COUNTY LAW ENFORCEMENT CENTER,115 BUDDY FAUST ROAD,CRAWFORD,GA,30630,COUNTY,OPEN,-999,2024-07-08
10003914,CLARKE COUNTY CORRECTIONAL INSTITUTION,2825 COUNTY FARM ROAD,ATHENS,GA,30601,COUNTY,OPEN,-999,2016-06-22
10003915,CLARKE COUNTY JAIL,3015 LEXINGTON ROAD,ATHENS,GA,30605,COUNTY,OPEN,-999,2018-02-22
10003917,OCONEE COUNTY JAIL / SHERIFF,1110 EXPERIMENT STATION ROAD,WATKINSVILLE,GA,30677,COUNTY,OPEN,-999,2024-07-08
10003918,MORGAN COUNTY PUBLIC SAFETY COMPLEX,1380 MONTICELLO RD.,MADISON,GA,30650,COUNTY,OPEN,192,2018-02-26
10003925,PUTNAM COUNTY JAIL,111 RIDLEY DRIVE,EATONTON,GA,31024,COUNTY,OPEN,120,2018-02-26
10004492,JONES COUNTY JAIL,123 HOLMES HAWKINS DRIVE,GRAY,GA,31032,COUNTY,OPEN,-999,2016-02-15
10004491,MILLEDGEVILLE YOUTH DEVELOPMENT CAMPUS,800 NORTH GLYNN STREET,MILLEDGEVILLE,GA,31061,STATE,OPEN,-999,2024-02-20
10000300,BALDWIN COUNTY JAIL,119 OLD MONTICELLO ROAD NW,MILLEDGEVILLE,GA,31061,COUNTY,OPEN,-999,2018-02-22
10006322,RIVERBEND CORRECTIONAL FACILITY,196 LAYING FARM ROAD,MILLEDGEVILLE,GA,31061,STATE,OPEN,1588,2024-02-01
10002129,BALDWIN STATE PRISON,140 LAYING FARM RD,HARDWICK,GA,31034,STATE,OPEN,925,2024-02-01
10000297,HANCOCK STATE PRISON,701 PRISON BLVD,SPARTA,GA,31087,STATE,OPEN,1191,2024-02-01
10003926,HANCOCK COUNTY JAIL,67 SPRING STREET,SPARTA,GA,31087,COUNTY,OPEN,-999,2024-07-02
10003922,GREENE COUNTY JAIL / SHERIFF,1201 KEVIN ROBERTS WAY,GREENSBORO,GA,30642,COUNTY,OPEN,-999,2018-02-23
10006342,TALIAFERRO COUNTY JAIL,758 WARRENTON ROAD SOUTHEAST,CRAWFORDVILLE,GA,30631,COUNTY,OPEN,-999,2024-03-06
10006346,WARREN COUNTY JAIL,169 NORTH HIGHWAY 80,WARRENTON,GA,30828,COUNTY,OPEN,-999,2018-02-26
10004485,WASHINGTON COUNTY JAIL,733 KAOLIN ROAD,SANDERSVILLE,GA,31082,COUNTY,OPEN,-999,2014-10-13
10004484,SANDERSVILLE REGIONAL YOUTH DETENTION CENTER,423 INDUSTRIAL DRIVE,SANDERSVILLE,GA,31082,STATE,CLOSED,-999,2021-01-01
10002126,WASHINGTON STATE PRISON,13262 HWY 24 E,DAVISBORO,GA,31018,STATE,OPEN,1548,2024-02-01
10004482,JEFFERSON COUNTY CORRECTIONAL INSTITUTION,1159 CLARKS MILL ROAD,LOUISVILLE,GA,30434,COUNTY,OPEN,200,2018-02-01
10004481,JEFFERSON COUNTY JAIL,911 CLARKS MILL ROAD,LOUISVILLE,GA,30434,COUNTY,OPEN,126,2018-02-23
10004469,MCDUFFIE COUNTY JAIL / SHERIFF,751 PUBLIC SAFETY DRIVE,THOMSON,GA,30824,COUNTY,OPEN,-999,2018-02-23
10004466,COLUMBIA COUNTY JAIL,2273 COUNTY CAMP ROAD,APPLING,GA,30802,COUNTY,OPEN,358,2018-02-22
10004467,HARLEM DEPARTMENT OF PUBLIC SAFETY / JAIL,180 NORTH LOUISVILLE STREET,HARLEM,GA,30814,LOCAL,OPEN,-999,2018-05-17
10004463,LINCOLN COUNTY JAIL,145 SCHOOL STREET,LINCOLNTON,GA,30817,COUNTY,OPEN,-999,2016-02-15
10004462,WILKES COUNTY JAIL / SHERIFF,225 ANDREW DRIVE,WASHINGTON,GA,30673,COUNTY,OPEN,-999,2024-07-09
10004461,WILKES REGIONAL YOUTH DETENTION CENTER,1430 INDUSTRIAL PARK ROAD,WASHINGTON,GA,30673,STATE,OPEN,-999,2024-02-20
10004456,ELBERT COUNTY DETENTION,26 WEST CHURCH STREET,ELBERTON,GA,30635,COUNTY,OPEN,117,2024-07-02
10002684,ABBEVILLE COUNTY DETENTION CENTER,21 OLD CALHOUN FALLS RD,ABBEVILLE,SC,29620,COUNTY,OPEN,105,2016-03-01
10005018,MCCORMICK COUNTY DETENTION CENTER,141 CECIL WALL CIRCLE,MCCORMICK,SC,29835,COUNTY,OPEN,-999,2020-02-07
10001145,MCCORMICK CORRECTIONAL INSTITUTION,386 REDEMPTION WAY,MCCORMICK,SC,29899,STATE,OPEN,-999,2018-01-08
10001137,LEATH CORRECTIONAL INSTITUTION,2809 AIRPORT RD,GREENWOOD,SC,29649,STATE,OPEN,-999,2018-01-08
10005015,GREENWOOD COUNTY DETENTION CENTER,528 EDGEFIELD ST,GREENWOOD,SC,29646,COUNTY,OPEN,-999,2018-04-19
10006171,FCI EDGEFIELD CAMP,501 GARY HILL RD,EDGEFIELD,SC,29824,FEDERAL,OPEN,-999,2016-02-16
10001146,FCI EDGEFIELD,501 GARY HILL RD,EDGEFIELD,SC,29824,FEDERAL,OPEN,-999,2016-02-16
10002690,EDGEFIELD COUNTY DETENTION CENTER,200 RAILROAD ST,EDGEFIELD,SC,29824,COUNTY,OPEN,-999,2018-04-19
10002689,TRENTON CORRECTIONAL INSTITUTION,84 GREENHOUSE RD,TRENTON,SC,29847,STATE,OPEN,-999,2018-01-08
10002694,AIKEN COUNTY DETENTION CENTER,435 WIRE RD,AIKEN,SC,29801,COUNTY,OPEN,450,2018-04-19
10005017,SALUDA COUNTY DETENTION CENTER,205 E CHURCH ST,SALUDA,SC,29138,COUNTY,OPEN,45,2017-01-25
10001929,LEXINGTON COUNTY JAIL,521 GIBSON RD,LEXINGTON,SC,29072,COUNTY,OPEN,720,2018-04-19
10001926,JOHN G RICHARDS INSTITUTION,4900 BROAD RIVER RD,COLUMBIA,SC,29212,STATE,OPEN,120,2015-12-08
10001922,MIDLANDS REGIONAL EVALUATION CENTER,1721 SHIVERS RD,COLUMBIA,SC,29210,STATE,OPEN,-999,2018-01-08
10001921,JUVENILE DETENTION CENTER,1725 SHIVERS RD,COLUMBIA,SC,29212,STATE,OPEN,-999,2018-01-08
10000097,WATKINS PRE-RELEASE CENTER,1700 ST. ANDREWS TERRACE RD,COLUMBIA,SC,29210,STATE,CLOSED,-999,2015-12-08
10001923,WALDEN CORRECTIONAL INSTITUTION,4340 BROAD RIVER RD,COLUMBIA,SC,29210,STATE,CLOSED,693,2018-01-08
10001924,CAMPBELL PRE-RELEASE CENTER,4530 BROAD RIVER RD,COLUMBIA,SC,29210,STATE,CLOSED,-999,2018-01-08
10001927,WILLOW LANE PROGRAM FOR GIRLS,4900 BROAD RIVER RD,COLUMBIA,SC,29212,STATE,OPEN,20,2015-12-08
10000096,WALDEN CORRECTIONAL INSTITUTION - STEVENSON CAMP,4546 BROAD RIVER RD,COLUMBIA,SC,29210,STATE,CLOSED,333,2018-01-08
10001142,KIRKLAND CORRECTIONAL INSTITUTION,4344 BROAD RIVER RD,COLUMBIA,SC,29210,STATE,OPEN,-999,2018-01-08
10001141,BROAD RIVER CORRECTIONAL INSTITUTION,4460 BROAD RIVER RD,COLUMBIA,SC,29210,STATE,OPEN,-999,2018-01-08
10001928,GRAHAM (CAMILLE GRIFFIN) CORRECTIONAL INSTITUTION,4450 BROAD RIVER RD,COLUMBIA,SC,29210,STATE,OPEN,-999,2024-04-10
10001925,GOODMAN CORRECTIONAL INSTITUTION,4556 BROAD RIVER RD,COLUMBIA,SC,29210,STATE,OPEN,-999,2018-01-08
10001143,BIRCHWOOD INSTITUTION,4900 BROAD RIVER RD,COLUMBIA,SC,29212,STATE,OPEN,140,2015-12-08
10002687,MANNING REENTRY / WORK RELEASE CENTER,502 BECKMAN RD,COLUMBIA,SC,29203,STATE,OPEN,-999,2018-01-08
10006648,G. WERBER BRYAN PSYCHIATRIC HOSPITAL,220 FAISON DRIVE,COLUMBIA,SC,29203,STATE,OPEN,185,2018-01-09
10001140,ALVIN S GLENN DETENTION CENTER,201 JOHN MARK DIAL DR,COLUMBIA,SC,29209,COUNTY,OPEN,-999,2018-04-19
10005020,ORANGEBURG-CALHOUN REGIONAL DETENTION CENTER,1520 ELLIS AVE,ORANGEBURG,SC,29118,COUNTY,OPEN,-999,2016-03-01
10005022,BARNWELL COUNTY DETENTION CENTER,318 CALHOUN ST,BARNWELL,SC,29812,COUNTY,OPEN,-999,2018-04-19
10005023,BAMBERG COUNTY DETENTION CENTER,444 SECOND ST,BAMBERG,SC,29003,COUNTY,OPEN,-999,2018-04-19
10001149,HAMPTON COUNTY JAIL,409 CEMETERY RD,VARNVILLE,SC,29944,COUNTY,OPEN,-999,2018-04-19
10001148,ALLENDALE COUNTY JAIL,170 LAW ENFORCEMENT COURT,ALLENDALE,SC,29827,COUNTY,OPEN,-999,2014-10-02
10000098,ALLENDALE CORRECTIONAL INSTITUTION,1057 REVOLUTIONARY TRAIL,FAIRFAX,SC,29827,STATE,OPEN,-999,2018-01-08
10004475,AUGUSTA TRANSITIONAL CENTER,601 TAYLOR STREET,AUGUSTA,GA,30906,STATE,OPEN,205,2024-02-01
10004476,AUGUSTA REGIONAL YOUTH DETENTION CENTER,3485 MIKE PADGET HIGHWAY,AUGUSTA,GA,30906,STATE,OPEN,-999,2024-02-20
10006345,AUGUSTA YOUTH DEVELOPMENT CAMPUS,3481 MIKE PADGET HIGHWAY,AUGUSTA,GA,30906,STATE,OPEN,-999,2024-02-20
10001418,RICHMOND COUNTY CHARLES B WEBSTER DETENTION CENTER,1941 PHINIZY RD,AUGUSTA,GA,30906,COUNTY,OPEN,1050,2018-02-26
10001419,RICHMOND COUNTY CORRECTIONAL INSTITUTION,2314 TOBACCO RD,AUGUSTA,GA,30906,COUNTY,OPEN,-999,2019-10-23
10006153,AUGUSTA STATE MEDICAL PRISON,3001 GORDON HWY,GROVETOWN,GA,30813,STATE,OPEN,1326,2024-02-01
10004468,GROVETOWN CITY JAIL,306 EAST ROBINSON AVENUE,GROVETOWN,GA,30813,LOCAL,OPEN,36,2018-05-17
10004483,BURKE COUNTY JAIL,225 STATE HIGHWAY 24 SOUTH,WAYNESBORO,GA,30830,COUNTY,OPEN,-999,2018-02-22
10004497,EMANUEL PROBATION DETENTION CENTER,121 CASA DRIVE,TWIN CITY,GA,30471,STATE,OPEN,369,2024-02-21
10004494,JENKINS COUNTY JAIL,112 SOUTH MASONIC AVENUE,MILLEN,GA,30442,COUNTY,OPEN,-999,2018-02-23
10006453,JENKINS CORRECTIONAL FACILITY,3404 KENT FARM DRIVE,MILLEN,GA,30442,STATE,OPEN,1186,2024-02-01
10005184,SCREVEN COUNTY CORRECTIONAL INSTITUTION,859 ROCKYFORD ROAD,SYLVANIA,GA,30467,COUNTY,OPEN,-999,2018-02-01
10005185,SCREVEN COUNTY JAIL,202 ROCKY FORD ROAD,SYLVANIA,GA,30467,COUNTY,OPEN,-999,2018-02-26
10004501,BULLOCH COUNTY CORRECTIONAL INSTITUTE,17301 UNITED STATES HIGHWAY 301 NORTH,STATESBORO,GA,30458,COUNTY,OPEN,-999,2018-02-01
10004502,BULLOCH COUNTY JAIL,17257 UNITED STATES HIGHWAY 301 NORTH,STATESBORO,GA,30458,COUNTY,OPEN,-999,2018-02-22
10004518,BRYAN COUNTY JAIL,95 SGT. ROBERT W. CRAPSE DR,PEMBROKE,GA,31321,COUNTY,OPEN,-999,2018-02-22
10004514,WOMEN'S DETENTION CENTER,8662 US HWY 301 NORTH,CLAXTON,GA,30417,STATE,OPEN,236,2024-02-01
10004515,SMITH TRANSITIONAL CENTER,8631 UNITED STATES HIGHWAY 301 NORTH,CLAXTON,GA,30417,STATE,OPEN,213,2024-02-01
10004516,CLAXTON CITY JAIL,204 WEST RAILROAD AVENUE,CLAXTON,GA,30417,LOCAL,OPEN,-999,2014-01-08
10004517,CLAXTON REGIONAL YOUTH DETENTION CENTER,3609 BILL HODGES ROAD,CLAXTON,GA,30417,STATE,OPEN,-999,2024-02-20
10004507,CANDLER COUNTY DETENTION CENTER,1015 EAST HIAWATHA STREET,METTER,GA,30439,COUNTY,OPEN,-999,2018-02-22
10000310,ROGERS STATE PRISON,1978 GEORGIA HIGHWAY 147,REIDSVILLE,GA,30453,STATE,OPEN,1391,2024-02-01
10002141,GEORGIA STATE PRISON,300 1ST AVENUE SOUTH,REIDSVILLE,GA,30453,STATE,CLOSED,-999,2022-01-26
10000311,TATTNALL COUNTY JAIL,108 BRAZELL ST,REIDSVILLE,GA,30453,COUNTY,OPEN,150,2018-02-26
10000309,SMITH STATE PRISON & PROBATION CENTER,9676 HWY 301 NORTH,GLENNVILLE,GA,30427,STATE,OPEN,1526,2024-02-01
10000319,FSL JESUP,2600 HIGHWAY 301 SOUTH,JESUP,GA,31599,FEDERAL,OPEN,-999,2016-02-16
10000320,FCI JESUP,2600 HIGHWAY 301 SOUTH,JESUP,GA,31599,FEDERAL,OPEN,-999,2019-10-23
10006195,FCI JESUP CAMP,2600 HIGHWAY 301 SOUTH,JESUP,GA,31599,FEDERAL,OPEN,-999,2019-10-23
10000322,WAYNE COUNTY JAIL,1892 S MACON ST,JESUP,GA,31545,COUNTY,OPEN,-999,2018-02-26
10005199,LONG UNIT,1434 US HWY 84 EAST,LUDOWICI,GA,31316,STATE,OPEN,212,2024-02-01
10005198,LIBERTY COUNTY JAIL,180 PAUL SIKES DRIVE,HINESVILLE,GA,31313,COUNTY,OPEN,-999,2018-02-23
10005204,MCINTOSH COUNTY DETENTION CENTER,12317 GEORGIA HIGHWAY 251,DARIEN,GA,31305,COUNTY,OPEN,-999,2018-02-23
10000312,SAVANNAH REGIONAL YOUTH DETENTION CENTER,191 CARL GRIFFIN DR,SAVANNAH,GA,31405,STATE,OPEN,-999,2024-02-20
10002143,CHATHAM COUNTY JAIL,1050 CARL GRIFFIN DR,SAVANNAH,GA,31405,COUNTY,OPEN,1992,2018-02-22
10000314,COASTAL STATE PRISON,200 GULF STREAM RD,GARDEN CITY,GA,31418,STATE,OPEN,1836,2024-02-01
10004503,EFFINGHAM COUNTY PRISON,321 HIGHWAY 119 S,SPRINGFIELD,GA,31329,COUNTY,OPEN,192,2018-02-01
10004504,EFFINGHAM COUNTY JAIL,130 W 1ST STREET EXTENSION,SPRINGFIELD,GA,31329,COUNTY,OPEN,-999,2018-02-23
10000099,FCI ESTILL,100 PRISON RD,ESTILL,SC,29918,FEDERAL,OPEN,-999,2016-02-16
10002701,FCI ESTILL CAMP,100 PRISON RD,ESTILL,SC,29918,FEDERAL,OPEN,-999,2016-02-16
10002702,JASPER COUNTY DETENTION CENTER,12008 N JACOB SMART BLVD,RIDGELAND,SC,29936,COUNTY,OPEN,-999,2018-04-19
10001150,RIDGELAND CORRECTIONAL INSTITUTION,5 CORRECTIONAL RD,RIDGELAND,SC,29936,STATE,OPEN,-999,2018-01-08
10002703,BEAUFORT COUNTY DETENTION CENTER,100 RIBAUT RD,BEAUFORT,SC,29902,COUNTY,OPEN,255,2018-04-19
10005021,BERKELEY COUNTY DETENTION CENTER,300 CALIFORNIA AVE,MONCKS CORNER,SC,29461,COUNTY,OPEN,-999,2018-04-19
10002700,CHARLESTON COUNTY JUVENILE DETENTION CENTER,4350 HEADQUARTERS RD,CHARLESTON,SC,29405,COUNTY,OPEN,26,2018-04-19
10002699,COASTAL PRE-RELEASE CENTER,3765 LEEDS AVE,NORTH CHARLESTON,SC,29405,STATE,CLOSED,-999,2018-01-08
10002698,SHERIFF AL CANNON DETENTION CENTER,3841 LEEDS AVE,NORTH CHARLESTON,SC,29405,COUNTY,OPEN,1917,2018-04-19
10005024,DORCHESTER COUNTY JAIL ANNEX,212 DEMING WAY,SUMMERVILLE,SC,29483,COUNTY,CLOSED,-999,2016-08-11
10005026,COLLETON COUNTY DETENTION CENTER,22 KLEIN ST,WALTERBORO,SC,29488,COUNTY,OPEN,-999,2018-04-19
10005025,DORCHESTER COUNTY DETENTION CENTER - ST GEORGE,101 RIDGE ST,ST GEORGE,SC,29477,COUNTY,CLOSED,-999,2016-08-11
10001147,LIEBER CORRECTIONAL INSTITUTION,136 WILBORN AVE,RIDGEVILLE,SC,29472,STATE,OPEN,-999,2018-01-08
10002697,COASTAL REGIONAL EVALUATION CENTER,331 CAMPBELL THICKETT RD,RIDGEVILLE,SC,29472,STATE,OPEN,-999,2018-01-08
10001931,MACDOUGALL CORRECTIONAL INSTITUTION,1516 OLD GILLIARD RD,RIDGEVILLE,SC,29472,STATE,OPEN,-999,2018-01-08
10006851,DORCHESTER COUNTY DETENTION CENTER,220 HODGE ROAD,SUMMERVILLE,SC,29483,COUNTY,OPEN,360,2016-08-11
10001930,CLARENDON COUNTY DETENTION CENTER,320 E BOYCE ST,MANNING,SC,29102,COUNTY,OPEN,152,2018-04-19
10002688,WATEREE RIVER CORRECTIONAL INSTITUTION,HIGHWAY 261,REMBERT,SC,29128,STATE,OPEN,-999,2018-01-08
10001144,SUMTER LEE REGIONAL DETENTION CENTER,1250 WINKLES RD,SUMTER,SC,29153,COUNTY,OPEN,-999,2018-04-19
10002691,TURBEVILLE CORRECTIONAL INSTITUTION,1578 CLARENCE COKER HWY,TURBEVILLE,SC,29162,STATE,OPEN,1472,2018-01-08
10002693,FCI WILLIAMSBURG CAMP,8301 HWY 521,SALTERS,SC,29590,FEDERAL,OPEN,-999,2016-02-16
10002692,FCI WILLIAMSBURG,8301 HWY 521,SALTERS,SC,29590,FEDERAL,OPEN,-999,2016-02-16
10005019,WILLIAMSBURG COUNTY DETENTION CENTER,207 SOUTH JACKSON ST,KINGSTREE,SC,29556,COUNTY,OPEN,-999,2018-04-20
10001139,FLORENCE COUNTY DETENTION CENTER,6719 FRIENDFIELD RD,EFFINGHAM,SC,29541,COUNTY,OPEN,520,2016-03-01
10002686,J. REUBEN LONG DETENTION CENTER,4150 J REUBEN LONG AVE,CONWAY,SC,29526,COUNTY,OPEN,1002,2015-08-26
10002696,GEORGETOWN COUNTY DETENTION CENTER,2394 BROWNS FERRY RD,GEORGETOWN,SC,29440,COUNTY,OPEN,212,2018-04-19
10004163,DARE COUNTY JAIL,1044 DRIFTWOOD DR,MANTEO,NC,27954,COUNTY,OPEN,-999,2018-04-02
10005498,CURRITUCK COUNTY JAIL,407 MAPLE ROAD,MAPLE,NC,27956,COUNTY,OPEN,62,2018-04-02
10001752,PASQUOTANK CORRECTIONAL INSTITUTION,527 COMMERCE DR,ELIZABETH CITY,NC,27906,STATE,OPEN,896,2017-10-31
10006121,ALBEMARLE DISTRICT JAIL,210 EXECUTIVE DRIVE SOUTH,ELIZABETH CITY,NC,27909,COUNTY,OPEN,248,2018-04-02
10001753,PASQUOTANK C.I. MINIMUM SECURITY UNIT,527 COMMERCE DR,ELIZABETH CITY,NC,27906,STATE,OPEN,256,2017-12-12
10004156,PERQUIMANS JUVENILE DETENTION CENTER,125 JESSUP ST,HERTFORD,NC,27944,STATE,CLOSED,24,2015-11-13
10001021,TYRRELL PRISON WORK FARM,620 SNELL RD,COLUMBIA,NC,27925,STATE,OPEN,620,2017-10-31
10004193,HYDE CORRECTIONAL INSTITUTION,620 PRISON RD,FAIRFIELD,NC,27826,STATE,OPEN,648,2017-10-31
10005516,HYDE COUNTY SHERIFF'S OFFICE,1223 MAIN STREET,SWAN QUARTER,NC,27885,COUNTY,OPEN,-999,2018-04-02
10001789,CARTERET COUNTY DETENTION FACILITY,306 CRAVEN ST,BEAUFORT,NC,28516,COUNTY,OPEN,117,2018-04-02
10001788,PAMLICO CORRECTIONAL INSTITUTION,601 N THIRD ST,BAYBORO,NC,28515,STATE,OPEN,550,2017-10-31
10006129,PAMLICO COUNTY JAIL,200 MAIN STREET,BAYBORO,NC,28515,COUNTY,OPEN,-999,2018-04-03
10006128,CRAVEN COUNTY JAIL,1100 CLARKS ROAD,NEW BERN,NC,28562,COUNTY,OPEN,-999,2018-04-02
10004216,CARTERET CORRECTIONAL CENTER,1084 ORANGE ST,NEWPORT,NC,28570,STATE,OPEN,300,2017-10-31
10004222,ONSLOW COUNTY DETENTION CENTER,717 COURT ST,JACKSONVILLE,NC,28540,COUNTY,OPEN,-999,2018-04-03
10005527,JONES COUNTY JAIL,101 SOUTH MARKET STREET,TRENTON,NC,28585,COUNTY,OPEN,21,2018-04-03
10005523,LENOIR COUNTY JAIL / SHERIFF,130 SOUTH QUEEN STREET,KINSTON,NC,28501,COUNTY,OPEN,285,2018-04-03
10006132,PENDER COUNTY JAIL,104 NORTH WALKER STREET,BURGAW,NC,28425,COUNTY,OPEN,92,2018-04-03
10001803,NEW HANOVER COUNTY DETENTION CENTER,3950 JUVENILE CENTER RD,CASTLE HAYNE,NC,28429,COUNTY,OPEN,-999,2018-04-03
10001802,NEW HANOVER REGIONAL JUVENILE DETENTION CENTER,3830 JUVENILE CENTER RD,CASTLE HAYNE,NC,28429,STATE,OPEN,18,2017-12-12
10001801,NEW HANOVER CORRECTIONAL CENTER,330 DIVISION DR,WILMINGTON,NC,28401,STATE,OPEN,402,2017-10-31
10004227,WILMINGTON RESIDENTIAL FACILITY FOR WOMEN,76 DARLINGTON AVE,WILMINGTON,NC,28403,STATE,CLOSED,36,2015-11-13
10004228,BRUNSWICK COUNTY DETENTION CENTER,70 STAMP ACT DR,BOLIVIA,NC,28422,COUNTY,OPEN,444,2018-04-02
10004226,PENDER CORRECTIONAL INSTITUTION,906 PENDERLEA HWY,BURGAW,NC,28425,STATE,OPEN,768,2017-10-31
10001795,BLADEN CORRECTIONAL CENTER,5853 US HWY 701 N,ELIZABETHTOWN,NC,28337,STATE,CLOSED,172,2015-11-13
10001796,BLADEN COUNTY JAIL,299 SMITH CIR,ELIZABETHTOWN,NC,28337,COUNTY,OPEN,-999,2018-04-02
10001800,COLUMBUS COUNTY JAIL,805 WASHINGTON ST,WHITEVILLE,NC,28472,COUNTY,OPEN,-999,2018-03-28
10001798,COLUMBUS CORRECTIONAL INSTITUTION,1255 PRISON CAMP RD,WHITEVILLE,NC,28472,STATE,OPEN,698,2017-10-31
10001799,TABOR CORRECTIONAL INSTITUTION,4600 SWAMP FOX HWY W,TABOR CITY,NC,28463,STATE,OPEN,1752,2017-10-31
10005016,MARION COUNTY DETENTION CENTER,2715 E HWY 76,MULLINS,SC,29574,COUNTY,OPEN,-999,2018-04-19
10001794,ROBESON CRV CENTER,803 NC HWY 711,LUMBERTON,NC,28360,STATE,OPEN,192,2017-10-31
10001027,LUMBERTON CORRECTIONAL INSTITUTION,75 LEGEND RD,LUMBERTON,NC,28359,STATE,OPEN,768,2017-10-31
10004224,ROBESON COUNTY JAIL,122 LEGEND RD,LUMBERTON,NC,28358,COUNTY,OPEN,412,2018-04-03
10004214,CUMBERLAND COUNTY DETENTION CENTER,204 GILLESPIE ST,FAYETTEVILLE,NC,28301,COUNTY,OPEN,-999,2018-04-02
10004215,CUMBERLAND REGIONAL JUVENILE DETENTION CENTER,1911 COLISEUM DR,FAYETTEVILLE,NC,28306,STATE,OPEN,18,2017-12-12
10004223,EVERGREEN REHABILITATION CENTER,20513 US HWY 301N,ST. PAULÂ€™S,NC,28384,STATE,CLOSED,-999,2011-08-09
10001793,SCOTLAND CORRECTIONAL INSTITUTION,22385 MCGIRT'S BRIDGE RD,LAURINBURG,NC,28353,STATE,OPEN,1652,2017-10-31
10005529,HOKE COUNTY DETENTION CENTER,125 EAST EDINBOROUGH AVENUE,RAEFORD,NC,28376,COUNTY,OPEN,-999,2018-04-02
10001797,HOKE CORRECTIONAL INSTITUTION,243 OLD HWY 211,RAEFORD,NC,28376,STATE,CLOSED,-999,2017-10-31
10004225,MCCAIN CORRECTIONAL HOSPITAL,855 OLD HWY 211,RAEFORD,NC,28376,STATE,CLOSED,411,2015-11-13
10001025,HARNETT CORRECTIONAL INSTITUTION,1210 E MCNEILL ST,LILLINGTON,NC,27546,STATE,OPEN,988,2017-10-31
10004213,SAMPSON CORRECTIONAL INSTITUTION,700 NORTHWEST BLVD HWY 421N,CLINTON,NC,28328,STATE,OPEN,442,2017-10-31
10004212,SAMPSON COUNTY DETENTION CENTER,112 FONTANA ST,CLINTON,NC,28328,COUNTY,OPEN,-999,2018-04-03
10004218,DUPLIN CORRECTIONAL CENTER,364 HWY 11 S & 903,KENANSVILLE,NC,28349,STATE,CLOSED,328,2015-11-13
10005528,DUPLIN COUNTY JAIL,208 DUPLIN STREET,KENANSVILLE,NC,28349,COUNTY,OPEN,-999,2018-04-02
10004195,WAYNE COUNTY DETENTION CENTER,207 E CHESTNUT ST,GOLDSBORO,NC,27530,COUNTY,OPEN,200,2018-04-03
10001781,WAYNE CORRECTIONAL CENTER,700 STEVENS MILL RD,GOLDSBORO,NC,27530,STATE,CLOSED,428,2015-11-13
10001782,NEUSE CORRECTIONAL INSTITUTION,701 STEVENS MILL RD,GOLDSBORO,NC,27533,STATE,OPEN,788,2017-10-31
10005507,NASH COUNTY DETENTION FACILITY,222 WEST WASHINGTON STREET,NASHVILLE,NC,27856,COUNTY,OPEN,296,2018-04-03
10001763,NASH CORRECTIONAL INSTITUTION,2869 US 64 ALT,NASHVILLE,NC,27856,STATE,OPEN,654,2017-10-31
10004157,FRANKLIN CORRECTIONAL CENTER,5918 HWY 39 S,BUNN,NC,27508,STATE,OPEN,452,2017-10-31
10001768,WAKE REGIONAL JUVENILE DETENTION CENTER,700 BEACON LAKE DR,RALEIGH,NC,27610,STATE,OPEN,24,2017-12-13
10004174,WAKE CORRECTIONAL CENTER,1000 ROCK QUARRY RD,RALEIGH,NC,27610,STATE,OPEN,414,2017-10-31
10001767,JOHN H BAKER JR. PUBLIC SAFETY CENTER,330 S SALISBURY ST,RALEIGH,NC,27602,COUNTY,OPEN,-999,2018-04-03
10001766,CENTRAL PRISON,1300 WESTERN BLVD,RALEIGH,NC,27606,STATE,OPEN,1104,2017-10-31
10001022,NORTH CAROLINA CORRECTIONAL INSTITUTION FOR WOMEN - MINIMUM,1201 S STATE ST,RALEIGH,NC,27610,STATE,OPEN,1776,2017-12-13
10004173,NORTH CAROLINA CORRECTIONAL INSTITUTION FOR WOMEN,1034 BRAGG ST,RALEIGH,NC,27610,STATE,OPEN,1776,2017-10-31
10004171,WAKE COUNTY DETENTION ANNEX,3400 HAMMOND RD,RALEIGH,NC,27603,COUNTY,OPEN,-999,2018-04-03
10004172,WAKE COUNTY DETENTION CENTER,3301 HAMMOND RD,RALEIGH,NC,27603,COUNTY,OPEN,-999,2018-04-03
10004190,JOHNSTON CORRECTIONAL INSTITUTION,2465 US 70 W,SMITHFIELD,NC,27577,STATE,OPEN,640,2017-10-31
10004191,JOHNSTON COUNTY DETENTION CENTER,127 S 2ND ST,SMITHFIELD,NC,27577,COUNTY,OPEN,-999,2018-04-02
10004196,HARNETT COUNTY JAIL,175 BAIN STREET,LILLINGTON,NC,27546,COUNTY,OPEN,324,2018-04-02
10001777,SANFORD CORRECTIONAL CENTER,417 ADVANCEMENT CENTER RD,SANFORD,NC,27330,STATE,OPEN,298,2017-10-31
10005518,LEE COUNTY SHERIFF'S DEPARTMENT,1401 ELM STREET,SANFORD,NC,27331,COUNTY,OPEN,-999,2018-04-03
10005513,CHATHAM COUNTY DETENTION CENTER,627 RENAISSANCE DRIVE,PITTSBORO,NC,27312,COUNTY,OPEN,110,2018-04-02
10004164,ORANGE COUNTY DETENTION CENTER,1200 US HIGHWAY 70 WEST,HILLSBOROUGH,NC,27278,COUNTY,OPEN,144,2018-04-03
10004165,ORANGE CORRECTIONAL CENTER,2110 CLARENCE WALTERS RD,HILLSBOROUGH,NC,27278,STATE,OPEN,200,2017-10-31
10004167,DURHAM CORRECTIONAL CENTER,3900 GUESS RD,DURHAM,NC,27705,STATE,CLOSED,216,2015-11-13
10004166,DURHAM COUNTY YOUTH HOME,2432 BROAD ST,DURHAM,NC,27704,COUNTY,OPEN,-999,2018-04-02
10001762,DURHAM COUNTY DETENTION FACILITY,219 S MANGUM ST,DURHAM,NC,27701,COUNTY,OPEN,736,2018-04-02
10001748,FCI BUTNER LOW,OLD NC HWY 75,BUTNER,NC,27509,FEDERAL,OPEN,-999,2016-02-16
10006148,FCI BUTNER MEDIUM I,OLD NC HWY 75,BUTNER,NC,27509,FEDERAL,OPEN,-999,2016-02-16
10001761,FCI BUTNER MEDIUM II,OLD NC HWY 75,BUTNER,NC,27509,FEDERAL,OPEN,-999,2016-02-16
10001760,FMC BUTNER,OLD NC HWY 75,BUTNER,NC,27509,FEDERAL,OPEN,-999,2016-02-16
10004168,FCI BUTNER MEDIUM I CAMP,OLD NC HWY 75,BUTNER,NC,27509,FEDERAL,OPEN,-999,2016-02-16
10006586,CENTRAL REGIONAL HOSPITAL,300 VEAZEY ROAD,BUTNER,NC,27509,STATE,OPEN,-999,2017-12-13
10004150,DILLON REGIONAL JUVENILE DETENTION CENTER,100 DILLON DR,BUTNER,NC,27509,STATE,CLOSED,90,2016-04-14
10001747,GRANVILLE CORRECTIONAL INSTITUTION,1001 VEAZEY RD,BUTNER,NC,27509,STATE,OPEN,904,2017-10-31
10001020,UMSTEAD CORRECTIONAL CENTER,WEST D ST,BUTNER,NC,27509,STATE,CLOSED,114,2015-11-13
10004151,PERSON COUNTY JAIL,120 COURT ST,ROXBORO,NC,27573,COUNTY,OPEN,-999,2018-04-03
10005500,CASWELL COUNTY DETENTION CENTER,231 COUNTY PARK RD,YANCEYVILLE,NC,27379,COUNTY,OPEN,108,2018-04-02
10001750,DAN RIVER PRISON WORK FARM,981 MURRAY RD,BLANCH,NC,27212,STATE,OPEN,640,2017-10-31
10001749,CASWELL CORRECTIONAL CENTER,444 COUNTY HOME RD,BLANCH,NC,27212,STATE,OPEN,460,2017-10-31
10003339,DANVILLE ADULT DETENTION CENTER,1000 SOUTH BOSTON RD,DANVILLE,VA,24543,LOCAL,OPEN,160,2018-05-23
10003316,HALIFAX CORRECTIONAL UNIT,1200 FARM RD,HALIFAX,VA,24558,STATE,OPEN,-999,2015-03-24
10001595,HALIFAX COUNTY ADULT DETENTION CENTER,1010 BLUE RIDGE LANE,HALIFAX,VA,24558,COUNTY,OPEN,107,2018-05-04
10005836,MECKLENBURG COUNTY JAIL / SHERIFF,911 MADISON STREET,BOYDTON,VA,23917,COUNTY,OPEN,-999,2018-05-04
10006878,MEHERRIN RIVER REGIONAL SATELLITE JAIL,600 PRISON ROAD,BOYDTON,VA,23917,COUNTY,OPEN,80,2018-05-03
10005499,GRANVILLE COUNTY DETENTION CENTER,525 NEW COMMERCE DRIVE,OXFORD,NC,27565,COUNTY,OPEN,-999,2024-07-18
10001755,FRANKLIN COUNTY DETENTION CENTER,285 T KEMP RD,LOUISBURG,NC,27549,COUNTY,OPEN,176,2018-04-02
10004147,VANCE COUNTY JAIL,516 BRECKENRIDGE ST,HENDERSON,NC,27536,COUNTY,OPEN,-999,2018-04-03
10001746,WARREN COUNTY DETENTION FACILITY,128 RAFTERS LN,WARRENTON,NC,27589,COUNTY,OPEN,-999,2018-04-03
10004146,WARREN CORRECTIONAL INSTITUTION,379 COLLINS RD,MANSON,NC,27553,STATE,OPEN,809,2017-10-31
10004152,HALIFAX COUNTY JAIL,355 FERRELL LN,HALIFAX,NC,27839,COUNTY,OPEN,-999,2018-04-02
10002633,ROANOKE RIVER CORRECTIONAL INSTITUTION,2787 CALEDONIA DR,TILLERY,NC,27882,STATE,OPEN,1038,2017-10-31
10004143,ODOM CORRECTIONAL INSTITUTION,485 ODOM RD,JACKSON,NC,27845,STATE,CLOSED,-999,2017-10-31
10006120,NORTHAMPTON COUNTY DETENTION CENTER,105 W.JEFFERSON STREET,JACKSON,NC,27845,COUNTY,OPEN,-999,2018-04-03
10001751,ROANOKE RIVER CORRECTIONAL INSTITUTION - MINIMUM,"1984 CALEDONIA DR, STATE RD 1141",TILLERY,NC,27882,STATE,OPEN,1038,2017-12-13
10006585,EDGECOMBE YOUTH DEVELOPMENT CENTER,78 POSITIVE WAY,ROCKY MOUNT,NC,27801,STATE,OPEN,44,2017-10-01
10001765,FOUNTAIN CORRECTIONAL CENTER FOR WOMEN,300 FOUNTAIN SCHOOL RD,ROCKY MOUNT,NC,27804,STATE,CLOSED,510,2015-11-13
10004169,EDGECOMBE COUNTY DETENTION CENTER,3005 ANACONDA RD,TARBORO,NC,27886,COUNTY,OPEN,255,2018-04-02
10005514,WILSON COUNTY DETENTION CENTER,100 EAST GREEN STREET,WILSON,NC,27894,COUNTY,OPEN,296,2018-04-03
10004208,DOBBS YOUTH DEVELOPMENT CENTER,3060 DOBBS FARM RD,KINSTON,NC,28504,STATE,CLOSED,43,2017-10-01
10006584,LENOIR YOUTH DEVELOPMENT CENTER,3055 DOBBS FARM ROAD,KINSTON,NC,28504,STATE,OPEN,22,2017-10-01
10001776,MAURY CORRECTIONAL INSTITUTION,2568 MOORE ROUSE RD,HOOKERTON,NC,28538,STATE,OPEN,1504,2017-10-31
10001775,GREENE CORRECTIONAL INSTITUTION,2699 HWY 903,MAURY,NC,28554,STATE,OPEN,616,2017-10-31
10004194,EASTERN CORRECTIONAL INSTITUTION,2821 HWY 903,MAURY,NC,28554,STATE,OPEN,480,2024-02-29
10005517,GREENE COUNTY SHERIFF'S DEPARTMENT,301 NORTH GREENE STREET,SNOW HILL,NC,28580,COUNTY,OPEN,96,2018-04-02
10004185,PITT REGIONAL JUVENILE DETENTION CENTER,451 BELVOIR RD,GREENVILLE,NC,27834,STATE,OPEN,18,2017-12-12
10004186,PITT COUNTY DETENTION CENTER,124 NEW HOPE RD,GREENVILLE,NC,27834,COUNTY,OPEN,-999,2018-04-03
10001764,EDGECOMBE COUNTY DETENTION CENTER ANNEX,301 ST. ANDREWS ST,TARBORO,NC,27886,COUNTY,OPEN,93,2018-04-02
10005509,MARTIN COUNTY DETENTION CENTER,305 EAST MAIN STREET,WILLIAMSTON,NC,27892,COUNTY,NOT AVAILABLE,-999,2018-04-03
10005515,BEAUFORT COUNTY DETENTION CENTER,210 N MARKET STREET,WASHINGTON,NC,27889,COUNTY,OPEN,85,2018-04-02
10001787,CRAVEN CORRECTIONAL INSTITUTION,600 ALLIGATOR RD,VANCEBORO,NC,28586,STATE,OPEN,850,2017-10-31
10005511,WASHINGTON COUNTY JAIL,120 ADAMS ST,PLYMOUTH,NC,27962,COUNTY,OPEN,-999,2018-04-03
10005503,CHOWAN COUNTY JAIL,100 COURT STREET,EDENTON,NC,27932,COUNTY,OPEN,-999,2018-04-02
10005502,CHOWAN LAW ENFORCEMENT CENTER,305 WEST FREEMASON STREET,EDENTON,NC,27932,COUNTY,OPEN,-999,2020-02-13
10001759,BERTIE CORRECTIONAL INSTITUTION,218 COOPER HILL RD,WINDSOR,NC,27983,STATE,OPEN,1504,2017-10-31
10002634,BERTIE MARTIN REGIONAL JAIL,230 COUNTY FARM RD,WINDSOR,NC,27983,COUNTY,OPEN,90,2018-04-02
10004144,HERTFORD COUNTY DETENTION CENTER,701 N TAYLOR ST,WINTON,NC,27986,COUNTY,OPEN,92,2018-04-02
10001745,RIVERS CORRECTIONAL FACILITY,145 PARKER'S FISHERY RD,WINTON,NC,27986,FEDERAL,OPEN,1450,2017-10-05
10002392,WESTERN TIDEWATER REGIONAL JAIL,2402 GODWIN BLVD,SUFFOLK,VA,23434,COUNTY,OPEN,1070,2018-05-04
10006971,SOUTHAMPTON MEMORIAL HOSPITAL PRISON WARD,100 FAIRVIEW DRIVE,FRANKLIN,VA,23851,STATE,OPEN,-999,2020-04-22
10003322,SOUTHAMPTON COUNTY JAIL,22336 MAIN ST,COURTLAND,VA,23837,COUNTY,OPEN,57,2018-05-04
10002386,NEWPORT NEWS CITY PRISON FARM,100 CITY FARM RD,NEWPORT NEWS,VA,23602,LOCAL,CLOSED,262,2015-04-14
10002383,VIRGINIA PENINSULA REGIONAL JAIL,9320 MERRIMAC TRAIL,WILLIAMSBURG,VA,23185,COUNTY,OPEN,612,2018-05-04
10002384,MERRIMAC JUVENILE DETENTION CENTER,9300 MERRIMAC TRAIL,WILLIAMSBURG,VA,23185,COUNTY,OPEN,48,2018-05-04
10006283,GLOUCESTER COUNTY JAIL,7502 JUSTICE DR,GLOUCESTER,VA,23061,COUNTY,OPEN,-999,2018-05-04
10003273,MIDDLE PENINSULA REGIONAL JAIL,170 OAKES LANDING RD,SALUDA,VA,23149,COUNTY,OPEN,121,2016-10-21
10003269,LANCASTER COUNTY JAIL,8293 MARY BALL RD,LANCASTER,VA,22503,COUNTY,OPEN,-999,2018-05-04
10003277,HENRICO COUNTY REGIONAL JAIL EAST,17320 NEW KENT HWY,BARHAMSVILLE,VA,23011,COUNTY,OPEN,526,2018-05-04
10001584,FCI PETERSBURG LOW,1100 RIVER RD,HOPEWELL,VA,23860,FEDERAL,OPEN,-999,2016-02-16
10001585,FCI PETERSBURG LOW CAMP,1100 RIVER RD,HOPEWELL,VA,23860,FEDERAL,OPEN,-999,2016-02-16
10001586,FCI PETERSBURG MEDIUM,1060 RIVER RD,HOPEWELL,VA,23860,FEDERAL,OPEN,-999,2016-02-16
10003299,RIVERSIDE REGIONAL JAIL,500 FOLAR TRAIL,NORTH PRINCE GEORGE,VA,23860,COUNTY,OPEN,1372,2017-05-10
10003284,CHESTERFIELD WOMEN'S DETENTION AND DIVERSION CENTER,7000 COURTHOUSE RD,CHESTERFIELD,VA,23832,STATE,OPEN,-999,2014-12-03
10003283,CHESTERFIELD JUVENILE DETENTION CENTER,9600 KRAUSE RD,CHESTERFIELD,VA,23832,COUNTY,OPEN,90,2018-05-03
10002381,CHESTERFIELD COUNTY JAIL,6900 MIMMS DR,CHESTERFIELD,VA,23832,COUNTY,OPEN,477,2016-12-12
10003280,RICHMOND CITY JAIL,1701 FAIRFIELD WAY,RICHMOND,VA,23223,LOCAL,OPEN,1032,2018-05-04
10003278,MEDICAL COLLEGE OF VIRGINIA SECURITY WARD,401 N 12TH ST,RICHMOND,VA,23219,STATE,OPEN,-999,2018-01-19
10003279,RICHMOND JUVENILE DETENTION CENTER,1700 OLIVER HILL WAY,RICHMOND,VA,23219,LOCAL,OPEN,60,2018-05-22
10003274,HENRICO COUNTY JAIL WEST,4301 E PARHAM RD,HENRICO,VA,23228,COUNTY,OPEN,521,2018-05-04
10003275,HENRICO COUNTY JUVENILE DETENTION HOME,4201 E PARHAM RD,HENRICO,VA,23228,COUNTY,OPEN,20,2016-08-04
10003267,HANOVER JUVENILE CORRECTIONAL CENTER,7093 BROAD NECK RD,HANOVER,VA,23069,STATE,CLOSED,144,2012-12-17
10003266,PAMUNKEY REGIONAL JAIL,7240 COURTLAND FARM RD,HANOVER,VA,23069,COUNTY,OPEN,519,2018-05-04
10002377,"CAROLINE CORRECTIONAL UNIT #2",31285 CAMP RD,HANOVER,VA,23069,STATE,OPEN,-999,2017-05-02
10002379,BEAUMONT JUVENILE CORRECTIONAL CENTER,3500 BEAUMONT RD,BEAUMONT,VA,23014,STATE,CLOSED,-999,2017-06-22
10003276,JAMES RIVER REGIONAL JUVENILE DETENTION CENTER,3650 BEAUMONT RD,POWHATAN,VA,23139,COUNTY,OPEN,60,2018-05-07
10001575,VIRGINIA CORRECTIONAL CENTER FOR WOMEN,2841 RIVER RD,GOOCHLAND,VA,23063,STATE,OPEN,-999,2018-01-19
10001579,STATE FARM CORRECTIONAL CENTER,3500 WOODS WAY,STATE FARM,VA,23160,STATE,OPEN,-999,2017-04-20
10001580,POWHATAN CORRECTIONAL CENTER,3600 WOODS WAY,STATE FARM,VA,23160,STATE,CLOSED,-999,2014-10-15
10001581,POWHATAN RECEPTION CENTER,3600 WOODS WAY,STATE FARM,VA,23160,STATE,OPEN,518,2016-07-26
20000080,STATE FARM ENTERPRISE UNIT,3600 WOODS WAY,STATE FARM,VA,23160,STATE,NOT AVAILABLE,-999,2024-05-01
10001574,JAMES RIVER WORK CENTER,1954 STATE FARM RD,STATE FARM,VA,23160,STATE,OPEN,-999,2017-04-20
10001576,JAMES RIVER CORRECTIONAL CENTER,1954 STATE FARM RD,STATE FARM,VA,23160,STATE,CLOSED,450,2015-11-20
10003282,CENTRAL ADMISSION AND PLACEMENT UNIT,1601 OLD BON AIR RD,NORTH CHESTERFIELD,VA,23235,STATE,OPEN,-999,2018-01-22
10002380,BON AIR JUVENILE CORRECTIONAL CENTER,1900 CHATSWORTH AVE,RICHMOND,VA,23235,STATE,OPEN,272,2015-11-20
10003281,OAK RIDGE JUVENILE CORRECTIONAL CENTER,1801 OLD BON AIR RD,BON AIR,VA,23235,STATE,CLOSED,-999,2015-11-20
10001582,"CENTRAL VIRGINIA CORRECTIONAL UNIT #13",6900 COURTHOUSE RD,CHESTERFIELD,VA,23832,STATE,OPEN,-999,2015-11-05
10005835,DINWIDDIE COUNTY JAIL / SHERIFF,14230 SYCAMORE DRIVE,DINWIDDIE,VA,23841,COUNTY,CLOSED,-999,2018-05-03
10003301,"DINWIDDIE CORRECTIONAL UNIT #27",13510 COX RD,CHURCH ROAD,VA,23833,STATE,CLOSED,-999,2011-05-30
10003304,PETERSBURG CITY JAIL,8 COURTHOUSE AVE,PETERSBURG,VA,23803,LOCAL,CLOSED,-999,2016-01-07
10001587,PETERSBURG JAIL ANNEX,6104 COUNTY DR,DISPUTANTA,VA,23842,LOCAL,CLOSED,-999,2016-01-07
10003298,CRATER YOUTH CARE COMMISSION,6102 COUNTY DR,DISPUTANTA,VA,23842,COUNTY,OPEN,22,2018-05-04
10001594,SUSSEX II STATE PRISON,24427 MUSSELWHITE DR,WAVERLY,VA,23891,STATE,OPEN,-999,2015-11-03
10001593,SUSSEX I STATE PRISON,24414 MUSSELWHITE DR,WAVERLY,VA,23891,STATE,OPEN,-999,2017-05-23
10003315,SUSSEX COUNTY JAIL,20212 THORNTON SQUARE,SUSSEX,VA,23884,COUNTY,OPEN,-999,2018-05-04
10003323,SOUTHAMPTON COUNTY JAIL FARM,19458 CAMP TWENTY DR,CAPRON,VA,23829,COUNTY,OPEN,100,2018-05-04
10001600,SOUTHAMPTON MEN'S DETENTION CENTER,14380 TERRAPIN DR,CAPRON,VA,23829,STATE,CLOSED,-999,2016-08-09
10001598,DEERFIELD WORK CENTER FOR MEN,15172 OLD BELFIELD RD,CAPRON,VA,23829,STATE,OPEN,-999,2017-06-15
10001601,DEERFIELD WORK CENTER 2,15080 OLD BELFIELD RD,CAPRON,VA,23829,STATE,OPEN,-999,2017-06-16
10003324,DEERFIELD CORRECTIONAL CENTER,21360 DEERFIELD DRIVE,CAPRON,VA,23829,STATE,OPEN,-999,2017-04-27
10001599,SOUTHAMPTON CORRECTIONAL CENTER,14545 OLD BELFIELD RD,CAPRON,VA,23829,STATE,CLOSED,-999,2009-01-29
10001602,SOUTHAMPTON DIVERSION CENTER FOR WOMEN,14516 OLD BELFIELD RD,CAPRON,VA,23829,STATE,CLOSED,-999,2015-11-20
10003328,SOUTHSIDE REGIONAL JAIL,244 URIAH BRANCH WAY,EMPORIA,VA,23847,COUNTY,OPEN,100,2018-05-04
10003327,GREENSVILLE CORRECTIONAL CENTER,901 CORRECTIONS WAY,JARRATT,VA,23870,STATE,OPEN,-999,2024-05-01
10001603,GREENSVILLE WORK CENTER,901 CORRECTIONS WAY,JARRATT,VA,23870,STATE,OPEN,-999,2018-01-19
10006877,MEHERRIN RIVER REGIONAL JAIL,9000 BOYDTON PLANK ROAD,ALBERTA,VA,23821,COUNTY,OPEN,697,2018-05-03
10001596,LAWRENCEVILLE CORRECTIONAL CENTER,1607 PLANTERS RD,LAWRENCEVILLE,VA,23868,STATE,OPEN,-999,2018-01-19
10001597,BRUNSWICK WORK CENTER,1147 PLANTERS RD,LAWRENCEVILLE,VA,23868,STATE,OPEN,-999,2017-06-14
10002390,BRUNSWICK CORRECTIONAL CENTER,1147 PLANTERS RD,LAWRENCEVILLE,VA,23868,STATE,CLOSED,-999,2015-11-20
10003319,BRUNSWICK COUNTY JAIL,120 E HICKS ST,LAWRENCEVILLE,VA,23868,COUNTY,OPEN,60,2020-02-24
10001592,LUNENBURG CORRECTIONAL CENTER,690 FALLS RD,VICTORIA,VA,23974,STATE,OPEN,-999,2017-03-09
10001590,NOTTOWAY WORK CENTER,2892 SCHUTT RD,BURKEVILLE,VA,23922,STATE,OPEN,-999,2017-06-02
10001589,NOTTOWAY CORRECTIONAL CENTER,2892 SCHUTT RD,BURKEVILLE,VA,23922,STATE,OPEN,-999,2017-06-02
10006303,FARMVILLE DETENTION CENTER,508 WATERWORKS RD,FARMVILLE,VA,23901,FEDERAL,OPEN,-999,2024-04-02
10003291,PIEDMONT REGIONAL JAIL,801 INDUSTRIAL PARK RD,FARMVILLE,VA,23901,COUNTY,OPEN,600,2018-05-03
10003292,PIEDMONT REGIONAL JUVENILE DETENTION CENTER,701 INDUSTRIAL PARK RD,FARMVILLE,VA,23901,COUNTY,OPEN,-999,2020-02-24
10006393,CHARLOTTE COUNTY JAIL,222 LAW LANE,CHARLOTTE COURT HOUSE,VA,23923,COUNTY,OPEN,65,2018-05-03
10003331,BASKERVILLE CORRECTIONAL CENTER,4150 HAYES MILL RD,BASKERVILLE,VA,23915,STATE,OPEN,-999,2024-05-01
10003289,RUSTBURG CORRECTIONAL UNIT,479 CAMP NINE RD,RUSTBURG,VA,24588,STATE,OPEN,-999,2017-07-06
10003290,CAMPBELL COUNTY ADULT DETENTION CENTER,90 COURTHOUSE LANE,RUSTBURG,VA,24588,COUNTY,OPEN,77,2018-05-03
10003288,LYNCHBURG REGIONAL JUVENILE DETENTION CENTER,1400 FLORIDA AVE,LYNCHBURG,VA,24501,COUNTY,OPEN,48,2018-05-03
10003287,LYNCHBURG ADULT DETENTION CENTER,510 9TH ST,LYNCHBURG,VA,24504,COUNTY,OPEN,429,2018-05-07
10006391,AMERST COUNTY ADULT DETENTION CENTER,219 RIVERVIEW RD,MADISON HEIGHTS,VA,24572,COUNTY,OPEN,380,2018-05-03
10002382,APPOMATTOX COUNTY JAIL,179 MORTON LANE,APPOMATTOX,VA,24522,COUNTY,OPEN,-999,2018-05-03
10006282,AMHERST COUNTY JAIL / SHERIFF,115 TAYLOR ST,AMHERST,VA,24521,COUNTY,OPEN,-999,2016-03-01
10001573,AUGUSTA CORRECTIONAL CENTER,1821 ESTALINE VALLEY RD,CRAIGSVILLE,VA,24430,STATE,OPEN,-999,2017-06-08
10003255,"COLD SPRINGS CORRECTIONAL UNIT #10",221 SPITLER CIRCLE,GREENVILLE,VA,24440,STATE,OPEN,-999,2015-11-20
10003256,COLD SPRINGS DETENTION AND DIVERSION CENTER,192 SPITLER CIRCLE,GREENVILLE,VA,24440,STATE,OPEN,-999,2018-01-22
10002375,BLUE RIDGE JUVENILE DETENTION CENTER,195 PEREGORY LANE,CHARLOTTESVILLE,VA,22902,COUNTY,OPEN,40,2018-05-03
10002376,ALBEMARLE-CHARLOTTESVILLE REGIONAL JAIL,160 PEREGORY LANE,CHARLOTTESVILLE,VA,22902,COUNTY,OPEN,329,2016-06-13
10000923,DILLWYN CORRECTIONAL CENTER,1522 PRISON RD,DILLWYN,VA,23936,STATE,OPEN,-999,2017-09-19
10001578,BUCKINGHAM CORRECTIONAL CENTER,1349 CORRECTIONAL CENTER ROAD,DILLWYN,VA,23936,STATE,OPEN,-999,2017-10-19
10003268,FLUVANNA CORRECTIONAL CENTER FOR WOMEN,144 PRISON LANE,TROY,VA,22974,STATE,OPEN,-999,2017-09-27
10003259,CENTRAL VIRGINIA REGIONAL JAIL,13021 JAMES MADISON HWY,ORANGE,VA,22960,COUNTY,OPEN,247,2020-02-24
10000922,CULPEPER JUVENILE CORRECTIONAL CENTER,12240 COFFEEWOOD DR,MITCHELLS,VA,22729,STATE,CLOSED,-999,2017-07-12
10001572,COFFEEWOOD CORRECTIONAL CENTER,12352 COFFEEWOOD DR,MITCHELLS,VA,22729,STATE,OPEN,-999,2015-09-29
10003250,CULPEPER COUNTY JAIL,131 W CAMERON ST,CULPEPER,VA,22701,COUNTY,OPEN,-999,2018-05-03
10005833,RAPPAHANNOCK COUNTY SHERIFF'S OFFICE,383 PORTER STREET,WASHINGTON,VA,22747,COUNTY,OPEN,-999,2016-03-01
10003248,PAGE COUNTY JAIL,108 SOUTH COURT ST,LURAY,VA,22835,COUNTY,OPEN,26,2018-05-04
10003254,ROCKINGHAM-HARRISONBURG REGIONAL JAIL,25 S LIBERTY ST,HARRISONBURG,VA,22801,COUNTY,OPEN,312,2016-06-03
10003258,SHENANDOAH VALLEY JUVENILE CENTER,300 TECHNOLOGY DR,STAUNTON,VA,24401,COUNTY,OPEN,58,2016-02-02
10003257,MIDDLE RIVER REGIONAL JAIL,350 TECHNOLOGY DR,STAUNTON,VA,24402,COUNTY,OPEN,902,2018-05-03
10000026,PENDLETON COUNTY SHERIFF'S DEPARTMENT,100 SOUTH MAIN STREET,FRANKLIN,WV,26807,COUNTY,OPEN,-999,2016-03-04
10003247,HARRISONBURG DETENTION AND DIVERSION CENTER,6624 BEARD WOODS LANE,HARRISONBURG,VA,22802,STATE,OPEN,-999,2016-04-06
10004740,BACKBONE MOUNTAIN YOUTH CENTER,124 CAMP 4 ROAD,SWANTON,MD,21561,STATE,OPEN,-999,2024-02-29
10000008,MINERAL COUNTY HOLDING FACILITY,100 EAST STREET,KEYSER,WV,26726,COUNTY,OPEN,-999,2016-03-01
10001102,"J M ""CHICK"" BUCKBEE JUVENILE CENTER",144 JERRY LANE,AUGUSTA,WV,26704,STATE,OPEN,24,2018-01-22
10000012,POTOMAC HIGHLANDS REGIONAL JAIL,355 DOLAN DR,AUGUSTA,WV,26704,COUNTY,OPEN,-999,2018-01-22
10003243,SHENANDOAH COUNTY JAIL,109 W COURT ST,WOODSTOCK,VA,22664,COUNTY,CLOSED,-999,2018-05-04
10006879,RSW REGIONAL JAIL,6601 WINCHESTER ROAD,FRONT ROYAL,VA,22630,COUNTY,OPEN,375,2018-05-04
10003244,WARREN COUNTY JAIL,200 SKYLINE VISTA DR,FRONT ROYAL,VA,22630,COUNTY,CLOSED,375,2018-05-04
10003242,WHITE POST MENS DETENTION CENTER,201 RAY OF HOPE LANE,WHITE POST,VA,22663,STATE,CLOSED,-999,2014-10-16
10003239,NORTHWESTERN VA REGIONAL ADULT DETENTION CENTER,141 FORT COLLIER RD,WINCHESTER,VA,22603,COUNTY,OPEN,540,2018-05-03
10003240,NORTHWESTERN REGIONAL JUVENILE DETENTION CENTER,145 FORT COLLIER RD,WINCHESTER,VA,22603,COUNTY,OPEN,32,2018-05-03
10003596,JEFFERSON COUNTY MAGISTRATE COURT,110 NORTH GEORGE STREET,CHARLES TOWN,WV,25414,COUNTY,OPEN,-999,2016-03-01
10002368,MONTGOMERY COUNTY CORRECTIONAL FACILITY,22880 WHELAN LANE,BOYDS,MD,20841,COUNTY,OPEN,1028,2016-08-30
10002367,ALFRED D NOYES CHILDREN'S CENTER,9925 BLACKWELL RD,ROCKVILLE,MD,20850,STATE,CLOSED,-999,2024-02-29
10003241,LOUDOUN COUNTY ADULT DETENTION CENTER,42035 LOUDOUN CENTER PLACE,LEESBURG,VA,20177,COUNTY,OPEN,460,2016-06-03
10002371,LOUDOUN COUNTY JUVENILE DETENTION CENTER,42020 LOUDOUN CENTER PLACE,LEESBURG,VA,20175,COUNTY,OPEN,-999,2018-05-04
10002370,LOUDOUN COUNTY WORK RELEASE FACILITY,16550 COURAGE CT,LEESBURG,VA,20175,COUNTY,OPEN,80,2016-03-01
10000921,FAIRFAX COUNTY ADULT DETENTION CENTER,10520 JUDICIAL DR,FAIRFAX,VA,22030,COUNTY,OPEN,1260,2018-05-04
10002372,FAIRFAX COUNTY JUVENILE DETENTION CENTER,10650 PAGE AVE,FAIRFAX,VA,22030,COUNTY,OPEN,121,2018-05-04
10006155,PRINCE WILLIAM-MANASSAS MODULAR JAIL,9320 LEE AVE,MANASSAS,VA,20110,COUNTY,OPEN,200,2016-03-01
10006156,PRINCE WILLIAM-MANASSAS ADULT DETENTION CENTER,9320 LEE AVE,MANASSAS,VA,20110,COUNTY,OPEN,202,2016-03-01
10006158,PRINCE WILLIAM-MANASSAS CENTRAL FACILITY,9320 LEE AVE,MANASSAS,VA,20110,COUNTY,OPEN,667,2016-03-01
10003245,FAUQUIER COUNTY ADULT DETENTION CENTER,50 WEST LEE ST,WARRENTON,VA,20186,COUNTY,OPEN,-999,2018-05-04
10003260,CAROLINE DETENTION FACILITY,11093 SW LEWIS MEMORIAL DR,BOWLING GREEN,VA,22427,FEDERAL,OPEN,336,2024-01-12
10003253,STAFFORD DETENTION AND DIVERSION CENTER,384 ESKIMO HILL RD,STAFFORD,VA,22554,STATE,OPEN,-999,2017-06-20
10003252,RAPPAHANNOCK JUVENILE CENTER,275 WYCHE RD,STAFFORD,VA,22555,COUNTY,OPEN,80,2016-04-26
10003251,RAPPAHANNOCK REGIONAL JAIL,1745 JEFFERSON DAVIS HWY,STAFFORD,VA,22555,COUNTY,OPEN,2000,2018-05-04
10003249,PRINCE WILLIAM JUVENILE DETENTION CENTER,14873 DUMFRIES RD,MANASSAS,VA,20112,COUNTY,OPEN,-999,2018-05-04
10000920,CHARLES COUNTY DETENTION CENTER / ANNEX,6905 CRAIN HWY,LA PLATA,MD,20646,COUNTY,OPEN,490,2016-08-30
10003261,NORTHERN NECK REGIONAL JAIL,3908 RICHMOND RD,WARSAW,VA,22572,COUNTY,OPEN,460,2018-05-07
10003262,HAYNESVILLE CORRECTIONAL CENTER,421 BARNFIELD RD,HAYNESVILLE,VA,22472,STATE,OPEN,-999,2015-10-22
10003263,"HAYNESVILLE CORRECTIONAL UNIT #17",363 CAMP SEVENTEEN RD,HAYNESVILLE,VA,22472,STATE,CLOSED,-999,2015-10-21
10004041,ST. MARY'S COUNTY DETENTION CENTER,41880 BALDRIDGE ST,LEONARDTOWN,MD,20650,COUNTY,OPEN,245,2016-08-30
10001567,SOUTHERN MARYLAND PRE-RELEASE UNIT,14320 OAKS RD,CHARLOTTE HALL,MD,20622,STATE,NOT AVAILABLE,165,2016-06-30
10004039,CALVERT COUNTY DETENTION CENTER,325 STAFFORD RD,PRINCE FREDERICK,MD,20678,COUNTY,OPEN,228,2016-08-30
10001565,PRINCE GEORGE'S COUNTY CORRECTIONAL CENTER,13400 DILLE DR,UPPER MARLBORO,MD,20772,COUNTY,OPEN,1524,2016-08-30
10002374,ALEXANDRIA CITY DETENTION CENTER,2001 MILL RD,ALEXANDRIA,VA,22314,LOCAL,OPEN,423,2018-05-07
10002373,NORTHERN VIRGINIA JUVENILE DETENTION HOME,200 S WHITING ST,ALEXANDRIA,VA,22304,LOCAL,OPEN,70,2018-05-22
10003246,ARLINGTON COUNTY DETENTION FACILITY,1435 N COURTHOUSE RD,ARLINGTON,VA,22201,COUNTY,OPEN,719,2017-08-10
10007004,CENTRAL CELL BLOCK (CCB),300 INDIANA AVE NW,WASHINGTON,DC,20001,LOCAL,OPEN,-999,2020-04-22
10002397,YOUTH SERVICES CENTER,1000 MOUNT OLIVET ROAD NE,WASHINGTON,DC,20002,STATE,OPEN,98,2024-02-12
10002395,CENTRAL DETENTION FACILITY,1901 D ST SE,WASHINGTON,DC,20003,STATE,OPEN,2164,2023-12-31
10002396,CORRECTIONAL TREATMENT FACILITY,1901 E ST SE,WASHINGTON,DC,20003,STATE,OPEN,1500,2023-12-31
10001566,CHELTENHAM YOUTH DETENTION CENTER,11003 FRANK TIPPETT RD,CHELTENHAM,MD,20623,STATE,OPEN,-999,2024-02-29
10002366,MONTGOMERY COUNTY PRE-RELEASE AND REENTRY SERVICES,11651 NEBEL ST,ROCKVILLE,MD,20852,COUNTY,OPEN,-999,2016-08-30
10002365,MONTGOMERY COUNTY DETENTION CENTER / CPU,1307 SEVEN LOCKS RD,ROCKVILLE,MD,20854,COUNTY,OPEN,200,2016-08-30
10002363,HOWARD COUNTY DETENTION CENTER,7301 WATERLOO RD,JESSUP,MD,20794,COUNTY,OPEN,361,2016-08-30
10002364,PATUXENT INSTITUTION,7555 WATERLOO RD,JESSUP,MD,20794,STATE,OPEN,-999,2024-02-28
10000919,JESSUP CORRECTIONAL INSTITUTION,7805 HOUSE OF CORRECTION RD,JESSUP,MD,20794,STATE,OPEN,-999,2024-02-28
10001560,MARYLAND CORRECTIONAL INSTITUTION - JESSUP,7803 HOUSE OF CORRECTION RD,JESSUP,MD,20794,STATE,OPEN,-999,2024-02-28
10001561,HERMAN L TOULSON CORRECTIONAL FACILITY,2001 TOULSON RD,JESSUP,MD,20794,STATE,CLOSED,384,2024-02-27
10006353,DORSEY RUN CORRECTIONAL FACILITY,2020 TOULSON ROAD,JESSUP,MD,20794,STATE,OPEN,-999,2024-02-28
10001557,JESSUP PRE-RELEASE UNIT,2000 TOULSON RD,JESSUP,MD,20794,STATE,OPEN,596,2014-04-01
10001558,BROCKBRIDGE CORRECTIONAL FACILITY,7930 BROCK BRIDGE RD,JESSUP,MD,20794,STATE,CLOSED,-999,2020-01-16
10001559,MARYLAND CORRECTIONAL INSTITUTION FOR WOMEN,7943 BROCK BRIDGE RD,JESSUP,MD,20794,STATE,OPEN,-999,2024-02-28
10001564,THOMAS J. S. WAXTER CHILDREN'S CENTER,375 RED CLAY RD,LAUREL,MD,20724,STATE,CLOSED,-999,2024-02-29
10005832,NEW BEGINNINGS YOUTH DEVELOPMENT CENTER,8400 RIVER ROAD,LAUREL,MD,20724,STATE,OPEN,60,2024-02-29
10001562,JENNIFER ROAD DETENTION CENTER,131 JENNIFER RD,ANNAPOLIS,MD,21401,COUNTY,OPEN,635,2024-04-03
10004037,ORDNANCE ROAD CORRECTIONAL CENTER,600 E ORDNANCE RD,GLEN BURNIE,MD,21060,COUNTY,OPEN,540,2024-04-03
10004038,TALBOT COUNTY DETENTION CENTER,115 W DOVER ST,EASTON,MD,21601,COUNTY,OPEN,148,2016-08-30
10002369,DORCHESTER COUNTY DETENTION CENTER,829 FIELDCREST RD,CAMBRIDGE,MD,21613,COUNTY,OPEN,285,2016-08-30
10004744,CAROLINE COUNTY DETENTION CENTER,101 GAY STREET,DENTON,MD,21629,COUNTY,OPEN,125,2016-08-30
10004036,QUEEN ANNE'S COUNTY DETENTION CENTER,500 LITTLE HUT DR,CENTREVILLE,MD,21617,COUNTY,OPEN,148,2016-08-30
10001556,EASTERN PRE-RELEASE UNIT,700 FLAT IRON SQUARE RD,CHURCH HILL,MD,21623,STATE,OPEN,165,2016-06-30
10000705,STEVENSON HOUSE DETENTION CENTER,750 N DUPONT BOULEVARD,MILFORD,DE,19963,STATE,OPEN,55,2024-02-13
10000706,SUSSEX COMMUNITY CORRECTIONS CENTER,23207 DUPONT BLVD,GEORGETOWN,DE,19947,STATE,OPEN,-999,2024-02-01
10000707,SUSSEX CORRECTIONAL INSTITUTION,23203 DUPONT BLVD,GEORGETOWN,DE,19947,STATE,OPEN,1206,2024-02-01
10000708,SUSSEX VIOLATION OF PROBATION CENTER,23207 DUPONT BLVD,GEORGETOWN,DE,19947,STATE,OPEN,250,2024-02-01
10001568,WICOMICO COUNTY DETENTION CENTER,411 NAYLOR MILL RD,SALISBURY,MD,21801,COUNTY,OPEN,530,2016-08-30
10006354,LOWER EASTERN SHORE CHILDREN'S CENTER,405 NAYLOR MILL ROAD,SALISBURY,MD,21801,STATE,OPEN,-999,2024-02-29
10001571,SOMERSET COUNTY DETENTION CENTER,30474 REVELLS NECK RD,WESTOVER,MD,21871,COUNTY,OPEN,120,2016-08-30
10001569,EASTERN CORRECTIONAL INSTITUTION,30420 REVELLS NECK RD,WESTOVER,MD,21890,STATE,OPEN,-999,2024-02-28
10004042,WORCESTER COUNTY JAIL,5022 JOYNER RD,SNOW HILL,MD,21863,COUNTY,OPEN,480,2016-08-30
10004040,POPLAR HILL PRE-RELEASE UNIT,24090 NANTICOKE RD,QUANTICO,MD,21856,STATE,OPEN,192,2016-06-30
10003285,EASTERN SHORE REGIONAL JAIL,5245 THE HORNES,EASTVILLE,VA,23347,COUNTY,OPEN,248,2020-02-24
10003286,MATHEWS COUNTY JAIL / SHERIFF,10622 BUCKLEY HALL RD,MATHEWS,VA,23109,COUNTY,OPEN,-999,2018-05-04
10003314,HAMPTON COUNTY CORRECTIONAL FACILITY,135 HIGH COURT LANE,HAMPTON,VA,23669,LOCAL,OPEN,168,2018-05-22
10003317,THE NORFOLK JUVENILE DETENTION CENTER,1260 SECURITY LANE,NORFOLK,VA,23510,LOCAL,OPEN,80,2016-03-01
10002388,NORFOLK CITY JAIL,811 E CITY HALL AVE,NORFOLK,VA,23510,LOCAL,OPEN,-999,2018-05-22
10003313,HAMPTON COMMUNITY CORRECTIONS CENTER,1928 W PEMBROKE AVE,HAMPTON,VA,23661,LOCAL,OPEN,300,2018-05-22
10003306,NEWPORT NEWS JUVENILE SERVICES SECURE DETENTION,350 25TH ST,NEWPORT NEWS,VA,23607,LOCAL,OPEN,110,2018-05-22
10002385,NEWPORT NEWS CITY JAIL,224 26TH ST,NEWPORT NEWS,VA,23607,LOCAL,OPEN,300,2014-07-25
10006927,NEWPORT NEWS CITY JAIL ANNEX,228 25TH STREET,NEWPORT NEWS,VA,23607,LOCAL,OPEN,110,2014-07-25
10002391,HAMPTON ROADS REGIONAL JAIL,2690 ELMHURST LANE,PORTSMOUTH,VA,23701,LOCAL,OPEN,1300,2018-05-22
10003325,PORTSMOUTH CITY JAIL,701 CRAWFORD ST,PORTSMOUTH,VA,23704,LOCAL,OPEN,-999,2018-05-22
10000925,ST. BRIDES CORRECTIONAL CENTER,701 SANDERSON RD,CHESAPEAKE,VA,23328,STATE,OPEN,-999,2014-11-18
10000924,INDIAN CREEK CORRECTIONAL CENTER,801 SANDERSON RD,CHESAPEAKE,VA,23328,STATE,OPEN,-999,2015-06-23
10002393,CHESAPEAKE CORRECTIONAL CENTER,400 ALBEMARLE DR,CHESAPEAKE,VA,23322,LOCAL,OPEN,991,2018-05-07
10002394,CHESAPEAKE JUVENILE DETENTION SERVICES,420 ALBEMARLE DR,CHESAPEAKE,VA,23322,LOCAL,OPEN,100,2018-05-07
10003318,VIRGINIA BEACH JUVENILE DETENTION CENTER,2533 GEORGE MASON DR,VIRGINIA BEACH,VA,23456,LOCAL,OPEN,90,2018-05-22
10002389,VIRGINIA BEACH CORRECTIONAL CENTER,2501 JAMES MADISON BLVD,VIRGINIA BEACH,VA,23456,LOCAL,OPEN,800,2017-08-04
10002378,ACCOMACK COUNTY JAIL,23323 WISE COURT,ACCOMAC,VA,23301,COUNTY,OPEN,-999,2018-05-03
10004021,CAPE MAY COUNTY CORRECTIONAL CENTER,125 CERST HAVEN ROAD,CAPE MAY COURT HOUSE,NJ,08210,COUNTY,OPEN,300,2016-12-07
10004017,SOUTHERN STATE CORRECTIONAL FACILITY,4295 N DELSEA DR,DELMONT,NJ,08314,STATE,OPEN,1352,2020-02-04
10001518,BAYSIDE STATE PRISON FARM,4293 STATE ROUTE 47,LEESBURG,NJ,08327,STATE,OPEN,-999,2020-02-04
10004018,BAYSIDE STATE PRISON,4293 RTE 47,LEESBURG,NJ,08327,STATE,OPEN,-999,2020-02-04
10004014,ATLANTIC COUNTY GERARD L GORMLEY JUSTICE FACILITY,5060 ATLANTIC AVE,MAYS LANDING,NJ,08330,COUNTY,OPEN,650,2018-04-06
10004015,ATLANTIC YOUTH CENTER - HARBORFIELDS,BUFFALO AVE & DUERER ST (800 BUFFALO AVE),EGG HARBOR CITY,NJ,08215,STATE,OPEN,27,2020-02-04
10006606,SOUTHERN TRANSITIONAL,800A BUFFALO AVENUE,EGG HARBOR,NJ,08215,STATE,OPEN,32,2016-03-10
10006605,PINELANDS RESIDENTIAL COMMUNITY HOME,3016 ROUTE 563,CHATSWORTH,NJ,08019,STATE,OPEN,18,2017-03-17
10006599,ANCORA PSYCHIATRIC HOSPITAL - HOLLY HALL,301 SPRING GARDEN ROAD,HAMMONTON,NJ,08037,STATE,OPEN,111,2017-12-18
10002305,BAYSIDE STATE PRISON - ANCORA,301 SPRING GARDEN RD,HAMMONDTON,NJ,08037,STATE,OPEN,250,2020-02-04
10006601,COSTELLO PREPARATORY ACADEMY,800 CARRANZA ROAD,TABERNACLE,NJ,08088,STATE,OPEN,32,2017-03-16
10004009,BURLINGTON COUNTY JUVENILE DETENTION CENTER,620 PEMBERTON-BROWNS MILLS RD,PEMBERTON,NJ,08068,COUNTY,CLOSED,-999,2018-04-06
10000770,FCI FORT DIX,5756 HARTFORD & POINTVILE RD,JOINT BASE MDL,NJ,08640,FEDERAL,OPEN,-999,2016-02-16
10004008,FCI FORT DIX CAMP,5756 HARTFORD & POINTVILE RD,JOINT BASE MDL,NJ,08640,FEDERAL,OPEN,-999,2016-02-16
10002304,BURLINGTON COUNTY DETENTION CENTER,54 GRANT ST,MOUNT HOLLY,NJ,08060,COUNTY,OPEN,-999,2018-04-06
10004002,CRAF JONES FARM,721 BEAR TAVERN RD,TRENTON,NJ,08628,STATE,OPEN,-999,2020-02-04
10006598,ANN KLEIN FORENSIC CENTER,STUYVESANT AVENUE,WEST TRENTON,NJ,08628,STATE,OPEN,200,2020-02-04
10002300,TRENTON PSYCHIATRIC HOSPITAL,100 SULLIVAN WAY,WEST TRENTON,NJ,08628,STATE,OPEN,400,2020-02-04
10002301,CENTRAL RECEPTION AND ASSIGNMENT FACILITY,2401 STUYVESANT AVENUE,TRENTON,NJ,08628,STATE,OPEN,691,2020-02-04
10002302,MERCER COUNTY JUVENILE DETENTION CENTER,1440 PARKSIDE AVE,TRENTON,NJ,08638,COUNTY,CLOSED,-999,2016-02-15
10004003,NEW JERSEY STATE PRISON,600 CASS ST,TRENTON,NJ,08608,STATE,OPEN,1819,2020-02-04
10004006,JOHNSTONE JUVENILE MEDIUM SECURITY FACILITY,"BURLINGTON ST, P.O. BOX 307",BORDENTOWN,NJ,08505,STATE,OPEN,262,2020-02-04
10004007,JOHNSTONE JUVENILE FEMALE SECURE CARE AND INTAKE FACILITY,"BURLINGTON ST, P.O. BOX 367",BORDENTOWN,NJ,08505,STATE,OPEN,48,2020-02-04
10006600,ALBERT ELIAS RESIDENTIAL COMMUNITY HOME,479 WEST BURLINGTON STREET,BORDENTOWN,NJ,08505,STATE,OPEN,25,2017-03-14
10004004,GARDEN STATE YOUTH CORRECTIONAL FACILITY,55 HOGBACK RD,CROSSWICKS,NJ,08515,STATE,OPEN,1168,2020-02-04
10004005,ALBERT C WAGNER YOUTH CORRECTIONAL FACILITY,500 WARD AVE,CHESTERFIELD,NJ,08515,STATE,OPEN,1032,2020-02-04
10001516,MID-STATE CORRECTIONAL FACILITY,866 RANGE RD,WRIGHTSTOWN,NJ,08562,STATE,OPEN,696,2020-02-04
10004010,OCEAN COUNTY JUVENILE DETENTION CENTER,165 SUNSET AVE,TOMS RIVER,NJ,08754,COUNTY,OPEN,-999,2016-02-15
10004011,OCEAN COUNTY JAIL,114 HOOPER AVE,TOMS RIVER,NJ,08754,COUNTY,OPEN,700,2016-02-15
10006604,OCEAN RESIDENTIAL COMMUNITY HOME,1 GAME FARM ROAD,FORKED RIVER,NJ,08731,STATE,OPEN,18,2015-03-31
10001509,STATEN ISLAND RESIDENTIAL CENTER,1133 FOREST HILL RD,STATEN ISLAND,NY,10314,LOCAL,OPEN,25,2018-05-18
10001514,GEORGE W HERLICH JUVENILE DETENTION CENTER,7 ELIZABETHTOWN PLAZA,ELIZABETH,NJ,07202,COUNTY,NOT AVAILABLE,-999,2016-02-15
10001513,UNION COUNTY JAIL,15 ELIZABETHTOWN PLAZA,ELIZABETH,NJ,07207,COUNTY,OPEN,1048,2018-04-06
10002297,HUDSON COUNTY CORRECTIONAL CENTER,30 HACKENSACK AVE,KEARNY,NJ,07032,COUNTY,OPEN,2080,2016-02-15
10003995,ELIZABETH DETENTION CENTER,625 EVANS ST,ELIZABETH,NJ,07201,FEDERAL,OPEN,-999,2024-01-12
10003990,NORTHERN STATE PRISON,168 FRONTAGE RD,NEWARK,NJ,07114,STATE,OPEN,1530,2020-02-04
10003988,ESSEX COUNTY-DELANEY HALL DETENTION FACILITY,451 DOREMUS AVE,NEWARK,NJ,07105,COUNTY,OPEN,-999,2018-04-06
10003989,ESSEX COUNTY CORRECTIONAL FACILITY,354 DOREMUS AVE,NEWARK,NJ,07105,COUNTY,OPEN,2434,2018-04-06
10001511,ESSEX COUNTY YOUTH DETENTION CENTER,80 DURYEA ST,NEWARK,NJ,07103,COUNTY,OPEN,-999,2016-02-15
10003991,HUDSON COUNTY JUVENILE DETENTION CENTER,635 COUNTY AVENUE,SECAUCUS,NJ,07094,COUNTY,CLOSED,-999,2015-03-27
10003237,BELLEVUE HOSPITAL PRISON WARD,1ST AVE & 27TH ST,NEW YORK,NY,10016,LOCAL,CLOSED,-999,2016-02-15
10003234,BAYVIEW CORRECTIONAL FACILITY,550 W 20TH ST,NEW YORK,NY,10011,STATE,CLOSED,323,2015-11-10
10003235,MCC NEW YORK,150 PARK ROW,NEW YORK,NY,10007,FEDERAL,CLOSED,-999,2016-02-16
10003232,MANHATTAN DETENTION COMPLEX,125 WHITE ST,NEW YORK,NY,10013,LOCAL,OPEN,881,2016-02-15
10002295,BROOKLYN DETENTION COMPLEX,275 ATLANTIC AVE,BROOKLYN,NY,11201,LOCAL,OPEN,815,2016-02-15
10003229,MDC BROOKLYN,80 29TH ST,BROOKLYN,NY,11232,FEDERAL,OPEN,-999,2016-02-16
10005821,CATHOLIC GUARDIAN SOCIETY,3402 CLARENDON ROAD,BROOKLYN,NY,11203,LOCAL,OPEN,-999,2018-05-21
10005820,OFFICE OF CHILDREN & FAMILY SERVICES BROOKLYN,160 LENOX ROAD,BROOKLYN,NY,11226,LOCAL,CLOSED,-999,2016-02-15
10005818,FATHER FLANAGAN BOYS HOME - DEAN STREET,525 DEAN STREET,BROOKLYN,NY,11217,LOCAL,CLOSED,-999,2017-07-03
10005819,FATHER FLANAGAN GIRLS AND BOYSTOWN - BERGEN STREET,535 BERGEN STREET,BROOKLYN,NY,11217,LOCAL,CLOSED,-999,2017-07-03
10003228,BROOKLYN CORRECTIONAL FACILITY,136 FLUSHING AVE,BROOKLYN,NY,11205,LOCAL,CLOSED,1350,2016-02-15
10002294,BROOKLYN COMMUNITY CORRECTIONAL CENTER,988 MYRTLE AVE,BROOKLYN,NY,11206,STATE,OPEN,-999,2015-11-13
10006620,ELLA MCQUEEN RECEPTION CENTER FOR BOYS AND GIRLS,41 HOWARD AVENUE,BROOKLYN,NY,11221,STATE,OPEN,33,2016-07-12
10003230,CROSSROADS JUVENILE CENTER,17 BRISTOL ST,BROOKLYN,NY,11212,LOCAL,OPEN,-999,2015-11-13
10003227,QUEENSBORO CORRECTIONAL FACILITY,47-04 VAN DAM ST,LONG ISLAND CITY,NY,11101,STATE,OPEN,-999,2017-03-17
10007015,ELMHURST HOSPITAL PRISON WARD,79-01 BROADWAY,QUEENS,NY,11373,STATE,OPEN,-999,2020-04-22
10005817,SAINT GERMAIN'S GOOD SHEPHERD NSD CENTER,51-02 103RD STREET,CORONA,NY,11368,LOCAL,NOT AVAILABLE,11,2018-05-21
10005815,QUEENS OUTREACH HAVEN,4353 ROBINSON STREET,FLUSHING,NY,11355,LOCAL,NOT AVAILABLE,-999,2018-05-21
10005814,QUEENS DETENTION COMPLEX,126-02 82ND AVENUE,KEW GARDENS,NY,11415,LOCAL,OPEN,886,2024-02-05
10001508,QUEENS COUNTY JAIL,14406 94TH AVE,JAMAICA,NY,11435,COUNTY,CLOSED,-999,2020-05-28
10005816,SAINT JOHNS - RICHMOND HILL DETENTION CENTER,130-20 107TH AVENUE,RICHMOND HILL,NY,11419,LOCAL,OPEN,12,2018-05-21
10005808,LEADERSHIP TRAINING INSTITUTE - PROJECT 350,350 GREENWICH STREET,HEMPSTEAD,NY,11550,LOCAL,OPEN,8,2018-05-21
10005807,LEADERSHIP TRAINING INSTITUTE - PROJECT 29,29 RICHARDSON PLACE,HEMPSTEAD,NY,11550,LOCAL,OPEN,12,2018-05-21
10003214,NASSAU COUNTY CORRECTIONAL CENTER,100 CARMAN AVE,EAST MEADOW,NY,11554,COUNTY,OPEN,-999,2018-04-10
10003215,NASSAU COUNTY JUVENILE DETENTION CENTER,61 CARMAN AVE,WESTBURY,NY,11590,COUNTY,OPEN,32,2018-04-10
10003213,NASSAU COUNTY MERCYFIRST-WHISTON HALL NSD,525 CONVENT RD,SYOSSET,NY,11791,STATE,OPEN,-999,2015-11-13
10005813,LAKESIDE NON-SECURE DETENTION,3620 MAROLLA PLACE,BRONX,NY,10466,LOCAL,NOT AVAILABLE,-999,2018-05-21
10005812,FATHER FLANAGAN GIRLS AND BOYSTOWN,3675 MAROLLA PLACE,BRONX,NY,10466,LOCAL,CLOSED,-999,2017-07-03
10003210,WOODFIELD SECURE COTTAGE,20 HAMMOND HOUSE RD,VALHALLA,NY,10595,STATE,OPEN,24,2015-11-13
10000766,WESTCHESTER COUNTY DEPARTMENT OF CORRECTION,10 WOOD RD,VALHALLA,NY,10595,COUNTY,OPEN,1821,2016-08-11
10003208,TACONIC CORRECTIONAL FACILITY,250 HARRIS RD,BEDFORD HILLS,NY,10507,STATE,OPEN,359,2024-03-18
10002290,BEDFORD HILLS CORRECTIONAL FACILITY,247 HARRIS RD,BEDFORD HILLS,NY,10507,STATE,OPEN,-999,2015-11-13
10003209,SING SING CORRECTIONAL FACILITY,354 HUNTER ST,OSSINING,NY,10562,STATE,OPEN,1747,2016-03-24
10003211,ROCKLAND COUNTY CORRECTIONAL CENTER,51 NEW HEMPSTEAD RD,NEW CITY,NY,10956,COUNTY,OPEN,-999,2018-04-10
10005805,SPRING VALLEY NON-SECURE DETENTION,2 EAST FUNSTON AVENUE,SPRING VALLEY,NY,10977,LOCAL,NOT AVAILABLE,5,2018-05-21
10005804,CLEARVIEW NSD / SCHOLES NSD,1 ECHO HILL,DOBBS FERRY,NY,10522,COUNTY,OPEN,-999,2016-02-15
10006162,CATHOLIC GUARDIAN SOCIETY,743 EAST 243RD STREET,BRONX,NY,10470,LOCAL,NOT AVAILABLE,10,2018-05-21
10005809,EPISCOPAL NEW BRIDGES NON SECURE DETENTION CENTER,2604 DAVIDSON AVENUE,BRONX,NY,10468,LOCAL,NOT AVAILABLE,12,2018-05-21
10000767,FULTON CORRECTIONAL FACILITY,1511 FULTON AVE,BRONX,NY,10457,STATE,CLOSED,-999,2016-12-14
10005811,GOOD SHEPHERD NELSON MANDELA HOUSE,2207 UNIVERSITY AVENUE,BRONX,NY,10453,LOCAL,NOT AVAILABLE,12,2018-05-21
10005810,BEACH AVENUE BOYS INTAKE CENTER,1101-1103 BEACH AVENUE,BRONX,NY,10472,LOCAL,NOT AVAILABLE,16,2018-05-21
10003218,VERNON C BAIN CENTER [BARGE],1 HALLECK ST,BRONX,NY,10474,LOCAL,OPEN,800,2016-02-15
10000768,GEORGE R VIERNO CENTER,09-09 HAZEN ST,EAST ELMHURST,NY,11370,LOCAL,OPEN,1350,2016-02-15
10001506,ROSE M SINGER CENTER,19-19 HAZEN ST,EAST ELMHURST,NY,11370,LOCAL,OPEN,1700,2016-02-15
10003225,GEORGE MOTCHAN DETENTION CENTER,15-15 HAZEN ST,EAST ELMHURST,NY,11370,LOCAL,OPEN,2098,2016-02-15
10003223,JAMES A THOMAS CENTER,14-14 HAZEN ST,EAST ELMHURST,NY,11370,LOCAL,CLOSED,1194,2018-05-21
10003224,NORTH INFIRMARY COMMAND,15-00 HAZEN ST,EAST ELMHURST,NY,11370,LOCAL,OPEN,400,2016-02-15
10003222,ANNA M KROSS CENTER,18-18 HAZEN ST,EAST ELMHURST,NY,11370,LOCAL,OPEN,2400,2016-02-15
10003219,ERIC M TAYLOR CENTER,10-10 HAZEN ST,EAST ELMHURST,NY,11370,LOCAL,OPEN,1851,2016-02-15
10003226,ROBERT N DAVOREN COMPLEX,11-11 HAZEN ST,EAST ELMHURST,NY,11370,LOCAL,OPEN,2238,2016-02-15
10003220,WEST FACILITY,16-06 HAZEN ST,EAST ELMHURST,NY,11370,LOCAL,OPEN,1900,2016-02-15
10003221,OTIS BANTUM CORRECTIONAL CENTER,16-00 HAZEN ST,EAST ELMHURST,NY,11370,LOCAL,OPEN,2000,2016-02-15
10003217,BRIDGES JUVENILE CENTER / INTAKE AND ADMISSIONS,1221 SPOFFORD AVE,BRONX,NY,10474,STATE,CLOSED,-999,2011-03-31
10003216,HORIZON JUVENILE CENTER,560 BROOK AVE,BRONX,NY,10455,LOCAL,OPEN,124,2015-11-13
10000769,BRONX HOUSE OF DETENTION FOR MEN,653 RIVER AVE,BRONX,NY,10451,LOCAL,CLOSED,469,2016-02-15
10003231,LINCOLN CORRECTIONAL FACILITY,31-33 W 110TH ST,NEW YORK,NY,10026,STATE,CLOSED,-999,2016-10-04
10005822,SALVATION ARMY - LENOX HOUSE,131 WEST 132ND STREET,NEW YORK,NY,10027,LOCAL,NOT AVAILABLE,12,2018-05-21
10005823,145TH STREET DEPARTMENT OF JUVENILE JUSTICE,419 WEST 145TH STREET,NEW YORK,NY,10031,LOCAL,CLOSED,-999,2016-02-15
10003233,EDGECOMBE RESIDENTIAL TREATMENT FACILITY,611 EDGECOMBE AVE,NEW YORK,NY,10032,STATE,OPEN,-999,2015-11-13
10006832,BERGEN COUNTY JUVENILE DETENTION CENTER,200 NORTH STREET,TETERBORO,NJ,07608,COUNTY,OPEN,-999,2018-04-06
10001510,BERGEN COUNTY JAIL,160 S RIVER ST,HACKENSACK,NJ,07601,COUNTY,OPEN,1150,2018-04-06
10003984,PASSAIC COUNTY JAIL,11 MARSHALL ST,PATERSON,NJ,07501,COUNTY,OPEN,-999,2016-01-31
10006603,GREEN RESIDENTIAL COMMUNITY HOME,1311 SLOATSBURG RD,RINGWOOD,NJ,07456,STATE,OPEN,28,2017-12-18
10003206,MID-ORANGE CORRECTIONAL FACILITY,900 KINGS HWY,WARWICK,NY,10990,STATE,CLOSED,-999,2016-01-01
10003205,ORANGE COUNTY JAIL,110 WELLS FARM RD,GOSHEN,NY,10924,MULTI,OPEN,-999,2024-01-12
10000765,GOSHEN SECURE CENTER,97 CROSS RD,GOSHEN,NY,10924,STATE,OPEN,85,2016-06-07
10005803,ASTOR HOME FOR CHILDREN - ORCHARD STREET,7 ORCHARD STREET,MIDDLETOWN,NY,10940,LOCAL,NOT AVAILABLE,10,2018-05-21
10005802,ASTOR HOME FOR CHILDREN - HANFORD STREET,28 HANFORD STREET,MIDDLETOWN,NY,10940,LOCAL,NOT AVAILABLE,12,2018-05-21
10003204,OTISVILLE CORRECTIONAL FACILITY,57 SANITORIUM ROAD,OTISVILLE,NY,10963,STATE,OPEN,-999,2017-10-20
10003202,FCI OTISVILLE,TWO MILE DR,OTISVILLE,NY,10963,FEDERAL,OPEN,-999,2016-02-16
10003203,FCI OTISVILLE CAMP,TWO MILE DR,OTISVILLE,NY,10963,FEDERAL,OPEN,-999,2016-02-16
10005824,SUSSEX COUNTY JUVENILE DETENTION CENTER,135 MORRIS TURNPIKE,NEWTON,NJ,07860,COUNTY,CLOSED,-999,2016-02-15
10003983,KEOGH DWYER CORRECTIONAL FACILITY,41 HIGH ST,NEWTON,NJ,07860,COUNTY,OPEN,-999,2018-04-06
10005825,WARREN ACRES JUVENILE DETENTION CENTER,660 OXFORD ROAD,OXFORD,NJ,07863,COUNTY,CLOSED,-999,2018-04-06
10003993,EDNA MAHAN CORRECTIONAL FACILITY FOR WOMEN,"30 COUNTY RD 513, P.O. BOX 4004",CLINTON,NJ,08809,STATE,OPEN,648,2020-02-04
10006608,VOORHEES RESIDENTIAL COMMUNITY HOME,201 ROUTE 513,GLEN GARDNER,NJ,08826,STATE,OPEN,27,2015-04-01
10001512,MOUNTAINVIEW YOUTH CORRECTIONAL FACILITY,31 PETTICOAT LN,ANNANDALE,NJ,08801,STATE,OPEN,710,2020-02-04
10003994,SOMERSET COUNTY JAIL,40 GROVE ST,SOMERVILLE,NJ,08876,COUNTY,OPEN,440,2016-02-15
10005826,MORRIS COUNTY JUVENILE DETENTION CENTER,460 WEST HANOVER AVE,MORRISTOWN,NJ,07960,COUNTY,OPEN,42,2016-02-23
10002296,MORRIS COUNTY CORRECTIONAL FACILITY,43 JOHN ST,MORRISTOWN,NJ,07960,COUNTY,OPEN,524,2018-04-06
10006833,UNION COUNTY JUVENILE DETENTION CENTER,1075 EDWARD STREET,LINDEN,NJ,07036,COUNTY,OPEN,-999,2018-04-06
10002298,ADULT DIAGNOSTIC AND TREATMENT CENTER,"8 PRODUCTION WAY, P.O. BOX 190",WOODBRIDGE,NJ,07095,STATE,OPEN,512,2020-02-04
10003996,EAST JERSEY STATE PRISON,1100 WOODBRIDGE RD,RAHWAY,NJ,07065,STATE,OPEN,1227,2020-02-04
10003238,ARTHUR KILL CORRECTIONAL FACILITY,2911 ARTHUR KILL RD,STATEN ISLAND,NY,10309,STATE,CLOSED,-999,2012-01-03
10003998,MIDDLESEX COUNTY ADULT CORRECTION CENTER,ROUTE 130 AND APPLE ORCHARD LANE,NORTH BRUNSWICK,NJ,08902,COUNTY,OPEN,-999,2016-02-15
10003997,MIDDLESEX COUNTY JUVENILE DETENTION CENTER,APPLE ORCHARD LANE,NORTH BRUNSWICK,NJ,08902,COUNTY,OPEN,-999,2016-02-15
10001515,NEW JERSEY TRAINING SCHOOL,"GRACE HILL ROAD, P.O. BOX 500",MONROE TOWNSHIP,NJ,08831,STATE,OPEN,200,2020-02-04
10002299,MONMOUTH COUNTY CORRECTIONAL INSTITUTION,1 WATERWORKS RD,FREEHOLD,NJ,07728,COUNTY,OPEN,1328,2018-04-06
10003999,MONMOUTH COUNTY YOUTH DETENTION CENTER,119 DUTCH LANE RD,FREEHOLD,NJ,07728,COUNTY,CLOSED,-999,2010-01-28
10006602,D.O.V.E.S. RESIDENTIAL COMMUNITY HOME,188 LINDBERGH ROAD,HOPEWELL,NJ,08525,STATE,OPEN,16,2017-03-13
10003992,HUNTERDON COUNTY CORRECTIONAL FACILITY,71 PARK AVE,FLEMINGTON,NJ,08822,COUNTY,CLOSED,-999,2016-07-07
10004000,MERCER COUNTY CORRECTIONAL CENTER,1750 RIVER ROAD,LAMBERTVILLE,NJ,08530,COUNTY,OPEN,871,2018-04-06
10003079,LEHIGH COUNTY JUVENILE DETENTION CENTER,370 S CEARBROOK RD,ALLENTOWN,PA,18104,COUNTY,CLOSED,48,2018-04-18
10003080,LEHIGH COUNTY PRISON,38 N 4TH ST,ALLENTOWN,PA,18102,COUNTY,OPEN,1270,2018-04-18
10000727,WOMEN'S COMMUNITY CORRECTION CENTER,324 NORTH 6TH STREET,ALLENTOWN,PA,18102,COUNTY,NOT AVAILABLE,-999,2020-05-28
10006366,ALLENTOWN CCC,608-610 HAMILTON MALL,ALLENTOWN,PA,18101,STATE,CLOSED,-999,2016-09-28
10003081,LEHIGH COUNTY COMMUNITY CORRECTIONS CENTER,1600 RIVERSIDE DR,BETHLEHEM,PA,18016,COUNTY,OPEN,400,2017-03-30
10000724,"YOUTH FORESTRY CAMP #2",STATE HIGHWAY 534,WHITE HAVEN,PA,18661,STATE,CLOSED,-999,2014-09-24
10003063,MONROE COUNTY CORRECTIONAL FACILITY,4250 MANOR DR,STROUDSBURG,PA,18360,COUNTY,OPEN,409,2018-04-18
10003072,NORTHAMPTON COUNTY JUVENILE JUSTICE CENTER,650 FERRY ST,EASTON,PA,18042,COUNTY,OPEN,84,2018-04-18
10006609,WARREN RESIDENTIAL COMMUNITY HOME,509 BRASS CASTLE ROAD,OXFORD,NJ,07863,STATE,OPEN,30,2015-04-02
10003987,WARREN COUNTY CORRECTIONAL CENTER,175 COUNTY ROUTE 519 S,BELVIDERE,NJ,07823,COUNTY,OPEN,176,2018-04-06
10001486,PIKE COUNTY CORRECTIONAL FACILITY,175 PIKE COUNTY BLVD,LORDS VALLEY,PA,18428,MULTI,OPEN,375,2024-01-12
10005221,WAYNE COUNTY CORRECTIONAL FACILITY,44 MID-WAYNE DR,HONESDALE,PA,18431,COUNTY,OPEN,201,2018-04-18
10003047,SCI WAYMART,11 FAIRVIEW DR,WAYMART,PA,18472,STATE,OPEN,727,2017-11-30
10000712,USP CANAAN,3057 ERIC J. WILLIAMS MEMORIAL DRIVE,WAYMART,PA,18472,FEDERAL,OPEN,-999,2016-02-16
10000713,USP CANAAN CAMP,3057 ERIC J. WILLIAMS MEMORIAL DRIVE,WAYMART,PA,18472,FEDERAL,OPEN,-999,2016-02-16
10003049,LACKAWANNA COUNTY PRISON,1371 N WASHINGTON AVE,SCRANTON,PA,18509,COUNTY,OPEN,1183,2018-04-18
10005222,SCRANTON COMMUNITY CORRECTIONS CENTER,240 ADAMS AVE,SCRANTON,PA,18503,STATE,OPEN,36,2017-10-10
10005223,MINSEC OF SCRANTON,539 LINDEN ST,SCRANTON,PA,18503,LOCAL,OPEN,30,2020-05-28
10003050,LACKAWANNA COUNTY JUVENILE DETENTION UNIT,415 N WASHINGTON AVE,SCRANTON,PA,18503,COUNTY,OPEN,10,2018-04-18
10000715,LACKAWANNA COUNTY COMMUNITY CORRECTIONS CENTER,614 SPRUCE ST,SCRANTON,PA,18503,COUNTY,OPEN,-999,2018-04-18
10000719,SCI RETREAT,660 STATE ROUTE 11,HUNLOCK CREEK,PA,18621,STATE,OPEN,-999,2017-11-30
10000718,SCI DALLAS,1000 FOLLIES RD,DALLAS,PA,18612,STATE,OPEN,1921,2017-11-30
10003060,LUZERNE COUNTY CORRECTIONAL FACILITY,99 WATER ST,WILKES-BARRE,PA,18702,COUNTY,OPEN,778,2018-04-18
10003059,PA CHILD CARE,701 SATHERS DR,PITTSTON TOWNSHIP,PA,18640,NOT AVAILABLE,OPEN,60,2018-04-18
10000714,WYOMING COUNTY CORRECTIONAL FACILITY,10 STARK ST,TUNKHANNOCK,PA,18657,COUNTY,OPEN,78,2018-04-18
10001488,COLUMBIA COUNTY PRISON,721 IRON ST,BLOOMSBURG,PA,17815,COUNTY,OPEN,247,2018-04-17
10003074,SCI FRACKVILLE,1111 ALTAMONT BLVD,FRACKVILLE,PA,17931,STATE,OPEN,1118,2017-11-30
10003073,SCI MAHANOY,301 GRAY LINE DRIVE,FRACKVILLE,PA,17931,STATE,OPEN,2160,2017-11-30
10002267,CARBON COUNTY CORRECTIONAL FACILITY,331 BROAD ST,NESQUEHONING,PA,18240,COUNTY,OPEN,223,2018-04-17
10000725,SCHUYLKILL COUNTY PRISON,230 SANDERSON ST,POTTSVILLE,PA,17901,COUNTY,OPEN,277,2018-04-18
10003076,FCI SCHUYLKILL CAMP,INTERSTATE 81 & 901 W,MINERSVILLE,PA,17954,FEDERAL,OPEN,-999,2016-02-16
10003075,FCI SCHUYLKILL,INTERSTATE 81 & 901 W,MINERSVILLE,PA,17954,FEDERAL,OPEN,-999,2016-02-16
10003099,LEBANON COUNTY CORRECTIONAL FACILITY,730 E WALNUT ST,LEBANON,PA,17042,COUNTY,OPEN,645,2018-04-18
10000734,LANCASTER COUNTY PRISON,625 EAST KING ST,LANCASTER,PA,17602,COUNTY,OPEN,1102,2018-04-18
10005235,LANCASTER COUNTY YOUTH INTERVENTION CENTER,235 CIRCLE AVE,LANCASTER,PA,17602,COUNTY,OPEN,96,2016-10-25
10006642,ABRAXAS ACADEMY,1000 ACADEMY DRIVE,MORGANTOWN,PA,19543,STATE,OPEN,156,2016-08-17
10006847,BERKS COUNTY RESIDENTIAL CENTER,1040 BERKS ROAD,LEESPORT,PA,19533,COUNTY,OPEN,-999,2018-04-17
10002271,BERKS COUNTY COMMUNITY REENTRY CENTER,1261 COUNTY WELFARE RD,LEESPORT,PA,19533,COUNTY,OPEN,-999,2018-04-17
10002270,BERKS COUNTY JAIL SYSTEM,1287 COUNTY WELFARE RD,LEESPORT,PA,19533,COUNTY,OPEN,1546,2018-04-17
10003103,MONTGOMERY COUNTY YOUTH CENTER,540 PORT INDIAN RD,NORRISTOWN,PA,19403,COUNTY,OPEN,48,2018-04-18
10003102,MONTGOMERY COUNTY CORRECTIONAL FACILITY,60 EAGLEVILLE RD,EAGLEVILLE,PA,19403,COUNTY,OPEN,2080,2018-04-18
10003101,SCI GRATERFORD,P.O. BOX 244,GRATERFORD,PA,19426,STATE,CLOSED,-999,2017-11-30
10005234,BUCKS COUNTY YOUTH CENTER,1750 EASTON RD,DOYLESTOWN,PA,18901,COUNTY,OPEN,54,2018-04-17
10003098,BUCKS COUNTY CORRECTIONAL FACILITY,1730 S EASTON RD,DOYLESTOWN,PA,18901,COUNTY,OPEN,764,2018-04-17
10002273,BUCKS COUNTY MEN'S COMMUNITY CORRECTIONS,1730 S EASTON RD,DOYLESTOWN,PA,18901,COUNTY,OPEN,270,2018-04-17
10002274,BUCKS COUNTY WOMENS COMMUNITY CORRECTIONS CENTER,1730 S EASTON RD,DOYLESTOWN,PA,18901,COUNTY,OPEN,50,2018-04-17
10003110,CURRAN- FROMHOLD CORRECTIONAL FACILITY (CFCF),7901 STATE RD,PHILADELPHIA,PA,19136,LOCAL,OPEN,2560,2018-04-17
10003111,PHILADELPHIA HOUSE OF CORRECTION,8001 STATE ROAD,PHILADELPHIA,PA,19136,LOCAL,CLOSED,1694,2018-04-17
10003112,RIVERSIDE CORRECTIONAL FACILITY,8151 STATE ROAD,PHILADELPHIA,PA,19136,LOCAL,OPEN,824,2018-04-17
10003113,ALTERNATIVE & SPECIAL DETENTION CENTER(ASD),8101 STATE RD,PHILADELPHIA,PA,19136,LOCAL,OPEN,860,2018-04-18
10003114,PHILADELPHIA DETENTION CENTER,8201 STATE RD,PHILADELPHIA,PA,19136,LOCAL,OPEN,1677,2018-04-17
10000740,PA PRISONS TRAINING ACADEMY,8215 TORRESDALE AVE,PHILADELPHIA,PA,19136,COUNTY,CLOSED,1200,2018-04-18
10003115,PHILADELPHIA INDUSTRIAL CORRECTIONAL CENTER,8301 STATE RD,PHILADELPHIA,PA,19136,LOCAL,OPEN,1230,2018-04-17
10006372,CEC - COLEMAN HALL,3950 D STREET,PHILADELPHIA,PA,19124,STATE,CLOSED,350,2017-10-10
10006370,CEC - WALKER HALL,600 EAST LUZERNE STREET,PHILADELPHIA,PA,19124,STATE,CLOSED,100,2017-10-10
10006369,CEC - ROTH HALL,600 EAST LUZERNE STREET,PHILADELPHIA,PA,19124,STATE,CLOSED,88,2017-10-10
10006373,DIAGNOSTIC AND REHABILITATION CENTER,3200 HENRY AVENUE,PHILADELPHIA,PA,19129,STATE,OPEN,-999,2017-10-10
10006188,PHILADELPHIA JUVENILE JUSTICE SERVICES CENTER,91 N 48TH ST,PHILADELPHIA,PA,19139,COUNTY,OPEN,150,2012-12-20
10006371,CEC - OXFORD STREET,1917-23 WEST OXFORD STREET,PHILADELPHIA,PA,19121,STATE,CLOSED,78,2017-10-10
10000739,EASTERN STATE PENITENTIARY,22ND & FAIRMONT AVENUES,PHILADELPHIA,PA,19130,STATE,CLOSED,-999,2015-10-31
10000741,PHILADELPHIA COUNTY YOUTH STUDY CENTER,2020 PENNSYLVANIA AVENUE,PHILADELPHIA,PA,19130,COUNTY,CLOSED,105,2012-12-20
10006365,"PHILADELPHIA CCC #4",1628-1630 NORTH 15TH STREET,PHILADELPHIA,PA,19121,STATE,OPEN,-999,2017-10-10
10006364,"PHILADELPHIA CCC #2",407 NORTH 8TH STREET,PHILADELPHIA,PA,19123,STATE,OPEN,-999,2017-10-10
10003116,FDC PHILADELPHIA,700 ARCH ST,PHILADELPHIA,PA,19106,FEDERAL,OPEN,-999,2016-02-16
10002306,CAMDEN COUNTY CORRECTIONAL FACILITY,330 FEDERAL ST,CAMDEN,NJ,08101,COUNTY,OPEN,-999,2018-04-06
10004012,RIVERFRONT STATE PRISON,P.O. BOX 9104,CAMDEN,NJ,08101,STATE,CLOSED,-999,2009-10-30
10004013,GLOUCESTER COUNTY JAIL,70 HUNTER ST,WOODBURY,NJ,08096,COUNTY,CLOSED,-999,2016-02-15
10002307,CAMDEN COUNTY YOUTH CENTER,8 S WOODBURY TURNERSVILLE RD,BLACKWOOD,NJ,08012,COUNTY,OPEN,-999,2015-12-22
10006368,CEC - CHESTER (GH/MH),201 EAST 12TH STREET,CHESTER,PA,19013,STATE,CLOSED,116,2017-10-10
10003117,SCI CHESTER,500 EAST FOURTH ST,CHESTER,PA,19013,STATE,OPEN,1178,2017-11-30
10003119,DELAWARE COUNTY JUVENILE DETENTION CENTER,370 NORTH MIDDLETOWN RD,LIMA,PA,19037,COUNTY,OPEN,66,2016-03-01
10000742,GLEN MILLS SCHOOL,185 GLEN MILLS RD.,GLEN MILLS,PA,19342,LOCAL,OPEN,900,2016-03-01
10003118,GEORGE W HILL CORRECTIONAL FACILITY,500 CHEYNEY RD,THORNTON,PA,19373,COUNTY,OPEN,1863,2018-04-17
10005238,CHESTER COUNTY JUSTICE CENTER-SHERIFF'S OFFICE,201 W MARKET ST,WEST CHESTER,PA,19382,COUNTY,NOT AVAILABLE,-999,2016-03-01
10001495,CHESTER COUNTY PRISON,501 S WAWASET RD,WEST CHESTER,PA,19382,COUNTY,OPEN,1137,2018-04-17
10002277,CHESTER COUNTY YOUTH CENTER,505 S WAWASET RD,WEST CHESTER,PA,19832,COUNTY,OPEN,60,2016-09-20
10000701,PLUMMER COMMUNITY CORRECTIONS CENTER,38 TODDS LN,WILMINGTON,DE,19802,STATE,OPEN,-999,2024-02-01
10000699,HOWARD R YOUNG CORRECTIONAL INSTITUTION,1301 E 12TH ST,WILMINGTON,DE,19802,STATE,OPEN,1180,2024-02-01
10000702,DIVISION OF YOUTH REHABILITATIVE SERVICES RESIDENTIAL COTTAGES,1825 FAULKLAND RD,WILMINGTON,DE,19805,STATE,OPEN,29,2024-02-13
10000703,FERRIS SCHOOL FOR BOYS,959 CENTRE RD,WILMINGTON,DE,19805,STATE,OPEN,72,2024-02-13
10005219,NEW CASTLE COUNTY DETENTION CENTER,963 CENTRE RD,WILMINGTON,DE,19805,STATE,OPEN,64,2024-02-13
10006387,HAZEL D. PLANT WOMENS TREATMENT FACILITY,620 BAYLOR BLVD,NEW CASTLE,DE,19720,STATE,OPEN,-999,2024-02-01
10002260,BAYLOR WOMEN'S CORRECTIONAL INSTITUTION,660 BAYLOR BLVD,NEW CASTLE,DE,19720,STATE,OPEN,-999,2024-02-01
10002308,SALEM COUNTY CORRECTIONAL FACILITY,125 CEMETERY RD,WOODSTOWN,NJ,08098,COUNTY,OPEN,464,2016-02-15
10006607,VINELAND PREPARATORY ACADEMY,2000 MAPLE AVENUE,VINELAND,NJ,08361,STATE,OPEN,60,2016-03-10
10004019,FCI FAIRTON CAMP,655 FAIRTON MILLVILLE RD,FAIRTON,NJ,08320,FEDERAL,OPEN,-999,2016-02-16
10001520,FCI FAIRTON,655 FAIRTON MILLVILLE RD,FAIRTON,NJ,08320,FEDERAL,OPEN,-999,2016-02-16
10001519,SOUTH WOODS STATE PRISON,215 S BURLINGTON RD,BRIDGETON,NJ,08302,STATE,OPEN,3188,2020-02-04
10004016,CUMBERLAND COUNTY JAIL,54 W BROAD ST,BRIDGETON,NJ,08302,COUNTY,OPEN,-999,2016-02-15
10004020,CUMBERLAND COUNTY JUVENILE DETENTION CENTER,135 SUNNYSLOPE DR,BRIDGETON,NJ,08302,COUNTY,OPEN,-999,2016-02-15
10000704,MORRIS COMMUNITY CORRECTIONS CENTER,300 WATER ST,DOVER,DE,19904,STATE,CLOSED,-999,2024-02-01
10002261,COMMUNITY CORRECTIONS TREATMENT CENTER,875 SMYRNA LANDING RD,SMYRNA,DE,19977,STATE,OPEN,250,2024-02-01
10002262,JAMES T VAUGHN CORRECTIONAL CENTER,1181 PADDOCK RD,SMYRNA,DE,19977,STATE,OPEN,2601,2024-02-01
10004025,CECIL COUNTY DETENTION CENTER,500 LANDING LANE,ELKTON,MD,21921,COUNTY,OPEN,200,2016-08-30
10004026,HARFORD COUNTY DETENTION CENTER,1030 ROCK SPRING RD,BEL AIR,MD,21014,COUNTY,OPEN,762,2016-08-30
10004030,KENT COUNTY DETENTION CENTER,104 VICKERS DR,CHESTERTOWN,MD,21620,COUNTY,OPEN,83,2016-08-30
10001555,VOLUNTEERS OF AMERICA-CHESAPEAKE RESIDENTIAL RE-ENTRY CENTER,5000 EAST MONUMENT ST,BALTIMORE,MD,21205,STATE,OPEN,148,2017-12-05
10001552,BALTIMORE CITY CORRECTIONAL CENTER,901 GREENMOUNT AVE,BALTIMORE,MD,21202,STATE,OPEN,-999,2024-02-28
10000918,"MD RECEPTION, DIAGNOSTIC AND CLASSIFICATION CENTER",550 E MADISON ST,BALTIMORE,MD,21202,STATE,OPEN,-999,2024-02-29
10004035,METROPOLITAN TRANSITION CENTER,954 FORREST ST,BALTIMORE,MD,21202,STATE,OPEN,-999,2024-02-29
10000917,CHESAPEAKE DETENTION FACILITY,401 E MADISON ST,BALTIMORE,MD,21202,STATE,OPEN,-999,2024-02-29
10006546,BALTIMORE PRETRIAL COMPLEX,531 EAST MADISON STREET,BALTIMORE,MD,21202,STATE,OPEN,-999,2024-04-03
10001550,BALTIMORE PRE-RELEASE UNIT,926 GREENMOUNT AVE,BALTIMORE,MD,21202,STATE,OPEN,-999,2014-04-01
10004034,BALTIMORE CENTRAL BOOKING AND INTAKE CENTER,300 E MADISON ST,BALTIMORE,MD,21202,STATE,OPEN,-999,2024-02-29
20000280,YOUTH DETENTION CENTER,926 GREENMOUNT AVE,BALTIMORE,MD,21202,STATE,OPEN,-999,2024-02-29
10002361,BALTIMORE CITY JUVENILE JUSTICE CENTER,300 N GAY ST,BALTIMORE,MD,21202,STATE,OPEN,-999,2024-02-29
10004032,WILLIAM DONALD SCHAFFER HOUSE,907 DRUID PARK LAKE DR,BALTIMORE,MD,21217,STATE,OPEN,20,2019-12-16
10004027,"CHARLES H HICKEY, JR. SCHOOL",9700 OLD HARFORD ROAD,PARKVILLE,MD,21234,STATE,OPEN,-999,2024-02-29
10000916,BALTIMORE COUNTY DEPARTMENT OF CORRECTIONS,720 BOSLEY AVE,TOWSON,MD,21204,COUNTY,OPEN,1513,2016-08-30
20000300,MD YOUTH RESIDENCE CENTER AND STATEWIDE COMMUNITY DETENTION,530 NORTH HILTON ST,BALTIMORE,MD,21229,STATE,OPEN,-999,2024-02-29
10002362,BALTIMORE PRE-RELEASE UNIT FOR WOMEN,301 N CALVERTON RD,BALTIMORE,MD,21223,STATE,OPEN,144,2017-12-05
10002359,CENTRAL MARYLAND CORRECTIONAL FACILITY,7301 BUTTERCUP RD,SYKESVILLE,MD,21784,STATE,OPEN,-999,2024-02-28
10002358,CARROLL COUNTY DETENTION CENTER,100 N COURT ST,WESTMINSTER,MD,21157,COUNTY,OPEN,185,2016-08-30
10002276,ADAMS COUNTY ADULT CORRECTIONAL COMPLEX,45 MAJOR BELL LANE,GETTYSBURG,PA,17325,COUNTY,OPEN,449,2018-04-17
10006375,YORK CCC,317 WEST MARKET STREET,YORK,PA,17401,STATE,OPEN,-999,2017-10-10
10005236,YORK COUNTY YOUTH DEVELOPMENT CENTER,3564 HEINDEL RD,YORK,PA,17402,COUNTY,OPEN,24,2016-03-01
10001494,YORK COUNTY PRISON,3400 CONCORD RD,YORK,PA,17402,COUNTY,OPEN,2676,2018-04-18
10003094,DAUPHIN COUNTY PRISON,501 MALL RD,HARRISBURG,PA,17111,COUNTY,OPEN,1322,2018-04-17
10003095,DAUPHIN COUNTY WORK RELEASE CENTER,919 GIBSON BLVD,STEELTON,PA,17113,COUNTY,OPEN,-999,2018-04-17
10003096,HERBERT SCHAFFNER YOUTH CENTER,911 GIBSON BLVD,STEELTON,PA,17113,COUNTY,OPEN,24,2018-04-18
10006374,HARRISBURG CCC,27 NORTH CAMERON STREET,HARRISBURG,PA,17101,STATE,OPEN,-999,2017-10-10
10000733,SCI CAMP HILL,2500 LISBURN ROAD,CAMP HILL,PA,17011,STATE,OPEN,2748,2017-11-30
10003097,PERRY COUNTY PRISON,300 S CARLISLE ST,NEW BLOOMFIELD,PA,17068,COUNTY,OPEN,135,2018-04-18
10003104,CUMBERLAND COUNTY PRISON,1101 CLAREMONT RD,CARLISLE,PA,17015,COUNTY,OPEN,720,2018-04-17
10001492,LOYSVILLE YOUTH DEVELOPMENT CENTER,10 OPPORTUNITY DR,LOYSVILLE,PA,17047,STATE,OPEN,54,2015-07-08
10000730,JUNIATA COUNTY PRISON,3RD AND BRIDGE STREET,MIFFLINTOWN,PA,17059,COUNTY,CLOSED,48,2020-01-29
10000726,MIFFLIN COUNTY CORRECTIONAL FACILITY,103 W MARKET ST,LEWISTON,PA,17044,COUNTY,OPEN,198,2018-04-18
10003105,FRANKLIN COUNTY JAIL,1804 OPPORTUNITY AVE,CHAMBERSBURG,PA,17201,COUNTY,OPEN,468,2018-04-18
10001493,OLD FRANKLIN COUNTY JAIL,625 FRANKLIN FARM LN,CHAMBERSBURG,PA,17201,COUNTY,CLOSED,-999,2020-05-28
10006644,ABRAXAS LEADERSHIP DEVELOPMENT PROGRAM,10058 SOUTH MOUNTAIN ROAD,SOUTH MOUNTAIN,PA,17261,STATE,OPEN,128,2016-04-22
10006641,SOUTH MOUNTAIN SECURE TREATMENT UNIT,10056 SOUTH MOUNTAIN ROAD,SOUTH MOUNTAIN,PA,17261,STATE,OPEN,36,2016-08-09
10003106,ABRAXAS YOUTH CENTER,10058 SOUTH MOUNTAIN RD,SOUTH MOUNTAIN,PA,17261,STATE,OPEN,72,2016-02-12
10006548,SILVER OAK ACADEMY,999 CROUSE MILL ROAD,KEYMAR,MD,21757,STATE,OPEN,-999,2017-12-05
10004028,VICTOR CULLEN CENTER,6000 CULLEN DR,SABILLASVILLE,MD,21780,STATE,OPEN,-999,2024-02-29
10002360,FREDERICK COUNTY ADULT DETENTION CENTER,7300 MARCIE'S CHOICE LN,FREDERICK,MD,21704,COUNTY,OPEN,405,2016-08-30
10006785,FREDERICK COUNTY WORK RELEASE FACILITY,7300 MARCIE'S CHOICE LN,FREDERICK,MD,21704,COUNTY,NOT AVAILABLE,128,2024-08-06
10000915,WESTERN MARYLAND CHILDREN'S CENTER,18420 ROXBURY RD,HAGERSTOWN,MD,21740,STATE,OPEN,-999,2024-02-29
10001548,MARYLAND CORRECTIONAL INSTITUTION - HAGERSTOWN,18601 ROXBURY RD,HAGERSTOWN,MD,21746,STATE,OPEN,-999,2024-02-28
10001547,ROXBURY CORRECTIONAL INSTITUTION,18701 ROXBURY RD,HAGERSTOWN,MD,21746,STATE,OPEN,-999,2024-02-28
10001546,MARYLAND CORRECTIONAL TRAINING CENTER,18800 ROXBURY RD,HAGERSTOWN,MD,21746,STATE,OPEN,-999,2024-02-28
10001545,WASHINGTON COUNTY DETENTION CENTER,500 WESTERN MARYLAND PKWY,HAGERSTOWN,MD,21740,COUNTY,OPEN,393,2016-08-30
10000009,EASTERN REGIONAL JAIL,94 GRAPEVINE ROAD,MARTINSBURG,WV,25405,COUNTY,OPEN,500,2020-03-03
10003595,MARTINSBURG CORRECTIONAL CENTER,38 GRAPEVINE ROAD,MARTINSBURG,WV,25401,STATE,OPEN,120,2020-03-03
10000010,VICKI DOUGLAS JUVENILE CENTER,900 EMMETT ROUSCH DR,MARTINSBURG,WV,25401,STATE,OPEN,23,2018-01-22
10002275,BEDFORD COUNTY CORRECTIONAL FACILITY,425 IMLERTOWN RD,BEDFORD,PA,15522,COUNTY,OPEN,181,2018-04-17
10001544,GREEN RIDGE YOUTH CENTER,10700 15 MILE CREEK RD,FLINTSTONE,MD,21530,STATE,OPEN,-999,2024-02-29
10004022,ALLEGANY COUNTY DETENTION CENTER,14300 MCMULLEN HWY,CUMBERLAND,MD,21502,COUNTY,OPEN,234,2016-08-30
10001543,NORTH BRANCH CORRECTIONAL INSTITUTION,14100 MCMULLEN HWY SW,CUMBERLAND,MD,21502,STATE,OPEN,-999,2024-02-28
10004024,FCI CUMBERLAND,14601 BURBRIDGE RD SE,CUMBERLAND,MD,21502,FEDERAL,OPEN,-999,2016-02-16
10004023,FCI CUMBERLAND CAMP,14601 BURBRIDGE RD SE,CUMBERLAND,MD,21502,FEDERAL,OPEN,-999,2016-02-16
10001542,WESTERN CORRECTIONAL INSTITUTION,13800 MCMULLEN HWY SW,CUMBERLAND,MD,21502,STATE,OPEN,-999,2024-02-28
10004742,GARRETT CHILDREN'S CENTER,164 FREEDOM LANE,LONACONING,MD,21539,STATE,CLOSED,-999,2024-02-29
10004741,MEADOW MOUNTAIN YOUTH CENTER,234 RECOVERY ROAD,GRANTSVILLE,MD,21535,STATE,CLOSED,-999,2020-05-29
10003108,SOMERSET COUNTY PRISON,127 E FAIRVIEW ST,SOMERSET,PA,15501,COUNTY,OPEN,142,2018-04-18
10000737,SCI SOMERSET,1590 WALTERS MILL RD,SOMERSET,PA,15510,STATE,OPEN,2032,2017-11-30
10003107,SCI LAUREL HIGHLANDS,5706 GLADES PIKE,SOMERSET,PA,15501,STATE,OPEN,1174,2017-11-30
10006377,JOHNSTOWN CCC,301 WASHINGTON STREET,JOHNSTOWN,PA,15901,STATE,OPEN,-999,2017-10-10
10003087,SEXUAL RESPONSIBILITY AND TREATMENT PROGRAM,121 LONGVIEW DR,TORRANCE,PA,15779,STATE,OPEN,64,2020-01-31
10005228,INDIANA COUNTY JAIL,665 HOOD SCHOOL RD,INDIANA,PA,15701,COUNTY,OPEN,256,2018-04-18
10003077,SCI PINE GROVE,189 FYOCK RD,INDIANA,PA,15701,STATE,OPEN,1047,2017-11-30
10002269,CAMBRIA COUNTY PRISON,425 MANOR DRIVE,EBENSBURG,PA,15931,COUNTY,OPEN,495,2018-04-17
10005229,ADELPHOI VILLAGE-EBENSBURG,557 MANOR DR,EBENSBURG,PA,15931,COUNTY,OPEN,12,2018-04-17
10003982,BLAIR COUNTY PRISON,419 MARKET SQUARE ALLEY,HOLLIDAYSBURG,PA,16648,COUNTY,OPEN,350,2018-04-17
10003085,CRESSON SECURE TREATMENT FACILITY,251 CORRECTIONS RD,CRESSON,PA,16630,STATE,CLOSED,-999,2015-08-17
10003086,SCI CRESSON,301 CORRECTION ROAD,CRESSON,PA,16699,STATE,CLOSED,-999,2015-10-31
10003084,FCI LORETTO CAMP,772 SAINT JOSEPH ST,LORETTO,PA,15940,FEDERAL,OPEN,-999,2016-02-16
10003083,FCI LORETTO,772 SAINT JOSEPH ST,LORETTO,PA,15940,FEDERAL,OPEN,-999,2016-02-16
10000729,"YOUTH FORESTRY CAMP #3",4534 TARKILN ROAD,JAMES CREEK,PA,16657,STATE,OPEN,50,2015-08-12
10005786,HUNTINGDON COUNTY PRISON,300 CHURCH STREET,HUNTINGDON,PA,16652,COUNTY,OPEN,48,2018-04-18
10000728,SCI HUNTINGDON,1100 PIKE ST,HUNTINGDON,PA,16654,STATE,OPEN,2078,2017-11-30
10003082,SCI SMITHFIELD,1120 PIKE ST,HUNTINGDON,PA,16652,STATE,OPEN,1243,2017-11-30
10000720,MOSHANNON VALLEY PROCESSING CENTER,555 GEO DRIVE,PHILIPSBURG,PA,16866,FEDERAL,OPEN,1876,2024-01-12
10001489,QUEHANNA BOOT CAMP,4395 QUEHANNA HWY,KARTHAUS,PA,16845,STATE,OPEN,565,2017-11-30
10002265,CLEARFIELD COUNTY JAIL,115 21ST STREET,CLEARFIELD,PA,16830,COUNTY,OPEN,139,2018-04-17
10000721,SCI HOUTZDALE,209 INSTITUTION DR,HOUTZDALE,PA,16698,STATE,OPEN,2255,2017-11-30
10003061,JEFFERSON COUNTY JAIL,578 SERVICE CENTER RD,BROOKVILLE,PA,15825,COUNTY,OPEN,158,2018-04-18
10003051,ELK COUNTY PRISON,225 CENTER ST,RIDGWAY,PA,15853,COUNTY,OPEN,79,2018-04-17
10003052,SCI FOREST,286 WOODLAND DR,MARIENVILLE,PA,16239,STATE,OPEN,2340,2017-11-30
10006643,ABRAXAS I,165 ABRAXAS ROAD,MARIENVILLE,PA,16239,STATE,OPEN,204,2018-01-05
10003046,WARREN COUNTY PRISON,407 MARKET ST,WARREN,PA,16365,COUNTY,OPEN,139,2018-04-18
10006172,FCI MCKEAN CAMP,6975 ROUTE 59,LEWIS RUN,PA,16738,FEDERAL,OPEN,-999,2016-02-16
10001484,FCI MCKEAN,6975 ROUTE 59,LEWIS RUN,PA,16738,FEDERAL,OPEN,-999,2016-02-16
10000711,MCKEAN COUNTY PRISON,17013 RT. 6,SMETHPORT,PA,16749,COUNTY,OPEN,111,2018-04-18
10000710,POTTER COUNTY JAIL,102 E 2ND ST,COUDERSPORT,PA,16915,COUNTY,OPEN,73,2018-04-18
10003045,TIOGA COUNTY PRISON,1768 SHUMWAY HILL RD,WELLSBORO,PA,16901,COUNTY,OPEN,141,2018-04-18
10002266,CENTRE COUNTY CORRECTIONAL FACILITY,700 RISHEL HILL RD,BELLEFONTE,PA,16823,COUNTY,OPEN,397,2018-04-17
10005225,CENTRAL COUNTIES YOUTH CENTER,148 PARADISE RD,BELLEFONTE,PA,16823,COUNTY,OPEN,14,2016-03-01
10006363,SCI BENNER TOWNSHIP,301 INSTITUTION DRIVE,BELLEFONTE,PA,16823,STATE,OPEN,2146,2017-11-30
10003062,SCI ROCKVIEW,1 ROCKVIEW PLACE,BELLEFONTE,PA,16823,STATE,OPEN,2215,2017-11-30
10001487,CLINTON COUNTY CORRECTIONAL FACILITY,58 PINE MOUNTAIN RD,MCELHATTAN,PA,17748,MULTI,OPEN,-999,2024-02-07
10003068,FCI ALLENWOOD MEDIUM,"RT. 15, 2 MILES N OF ALLENWOOD",WHITE DEER,PA,17810,FEDERAL,OPEN,-999,2016-02-16
10003067,FCI ALLENWOOD LOW,"RT. 15, 2 MILES N OF ALLENWOOD",ALLENWOOD,PA,17810,FEDERAL,OPEN,-999,2016-02-16
10003066,USP ALLENWOOD,"RT. 15, 2 MILES N OF ALLENWOOD",ALLENWOOD,PA,17810,FEDERAL,OPEN,-999,2016-02-16
10003070,USP LEWISBURG CAMP,2400 ROBERT F. MILLER DR,LEWISBURG,PA,17837,FEDERAL,OPEN,-999,2016-02-16
10003069,USP LEWISBURG,2400 ROBERT F. MILLER DR,LEWISBURG,PA,17837,FEDERAL,OPEN,-999,2016-02-16
10000723,UNION COUNTY JAIL,103 SOUTH 2ND ST,LEWISBURG,PA,17837,COUNTY,OPEN,37,2018-04-18
10003078,SNYDER COUNTY PRISON,600 OLD COLONY RD,SELINSGROVE,PA,17870,COUNTY,OPEN,138,2018-04-18
10003064,SCI COAL TOWNSHIP,1 KELLEY DR,COAL TOWNSHIP,PA,17866,STATE,OPEN,1916,2017-11-30
10005227,NORTH CENTRAL SECURE TREATMENT UNIT,36 KIRKBRIDE DRIVE,DANVILLE,PA,17821,STATE,OPEN,112,2016-07-20
10005226,MONTOUR COUNTY PRISON,117 CHURCH ST,DANVILLE,PA,17821,COUNTY,OPEN,46,2018-04-18
10000722,NORTHUMBERLAND COUNTY PRISON,39 N 2ND ST,SUNBURY,PA,17801,COUNTY,CLOSED,234,2017-11-20
10003054,SCI MUNCY,6454 ROUTE405,MUNCY,PA,17756,STATE,OPEN,1518,2017-11-30
10000717,LYCOMING COUNTY PRE-RELEASE CENTER,546 COUNTY FARM RD,MONTOURSVILLE,PA,17754,COUNTY,OPEN,137,2018-04-18
10003055,LYCOMING COUNTY PRISON,277 W 3RD ST,WILLIAMSPORT,PA,17701,COUNTY,OPEN,393,2018-04-18
10002263,BRADFORD COUNTY CORRECTIONAL FACILITY,15927 ROUTE 6,TROY,PA,16947,COUNTY,OPEN,207,2018-04-17
10001503,CHEMUNG COUNTY CORRECTIONAL FACILITY,211 WILLIAM ST,ELMIRA,NY,14901,COUNTY,OPEN,262,2018-04-09
10003193,SOUTHPORT CORRECTIONAL FACILITY,236 BOB MASIA DR,PINE CITY,NY,14871,STATE,CLOSED,-999,2017-09-29
10003192,ELMIRA CORRECTIONAL FACILITY,1879 DAVIS ST,ELMIRA,NY,14901,STATE,OPEN,-999,2015-11-13
10003184,MONTEREY SHOCK INCARCERATION CORRECTIONAL FACILITY,2150 EVERGREEN HILL RD,BEAVER DAMS,NY,14812,STATE,CLOSED,300,2013-07-26
10005798,SCHUYLER COUNTY SHERIFF'S DEPARTMENT,106 10TH STREET,WATKINS GLEN,NY,14891,COUNTY,OPEN,30,2018-04-10
10005244,TOMPKINS COUNTY CORRECTIONAL FACILITY,779 WARREN ROAD,ITHACA,NY,14850,COUNTY,OPEN,-999,2018-04-10
10006615,FINGER LAKES RESIDENTIAL CENTER,250 AUBURN ROAD,LANSING,NY,14882,STATE,OPEN,150,2015-06-17
10002282,CAYUGA COUNTY JAIL,7445 COUNTY HOUSE RD,AUBURN,NY,13021,COUNTY,OPEN,214,2018-04-09
10005242,HILLSIDE BIRCHVIEW JUVENILE DETENTION FACILITY,7432 COUNTY HOUSE ROAD,AUBURN,NY,13021,STATE,OPEN,40,2020-02-13
10000746,HARRIET TUBMAN RESIDENTIAL CENTER,6706 PINE RIDGE RD,AUBURN,NY,13021,STATE,OPEN,25,2017-09-27
10001497,AUBURN RESIDENTIAL CENTER,6734 PINE RIDGE RD,AUBURN,NY,13021,STATE,CLOSED,-999,2008-12-29
10000745,AUBURN CORRECTIONAL FACILITY,135 STATE ST,AUBURN,NY,13024,STATE,OPEN,-999,2020-02-13
10003169,SENECA COUNTY CORRECTIONAL FACILITY,6150 STATE ROUTE 96,ROMULUS,NY,14541,COUNTY,OPEN,120,2018-04-10
10000753,SENECA COUNTY JAIL,44 W WILLIAM ST,WATERLOO,NY,13165,COUNTY,CLOSED,120,2018-04-10
10003181,YATES COUNTY JAIL,227 MAIN ST,PENN YAN,NY,14527,COUNTY,OPEN,65,2018-04-10
10000754,FIVE POINTS CORRECTIONAL FACILITY,6600 STATE ROUTE 96,ROMULUS,NY,14541,STATE,OPEN,-999,2016-04-08
10003170,WILLARD DRUG TREATMENT CAMPUS,7116 COUNTY ROUTE 132,WILLARD,NY,14588,STATE,CLOSED,-999,2016-04-06
10003168,ONTARIO COUNTY JAIL,3045 COUNTY COMPLEX DR,CANANDAIGUA,NY,14424,COUNTY,OPEN,276,2018-04-10
10005795,HILLSIDE - ONTARIO COUNTY - HOPEWELL,3093 COUNTY COMPLEX DRIVE,CANANDAIGUA,NY,14424,COUNTY,OPEN,10,2018-04-11
10005792,HILLSIDE - LOVEJOY NON-SECURE DETENTION,2310 LEHIGH STATION ROAD,PITTSFORD,NY,14534,COUNTY,CLOSED,8,2020-05-28
10002285,MONROE COUNTY CORRECTIONAL FACILITY,750 E HENRIETTA RD,ROCHESTER,NY,14623,COUNTY,OPEN,475,2018-04-10
10002284,MONROE COUNTY CHILDREN'S DETENTION CENTER - WESTFALL RD,355 WESTFALL RD,ROCHESTER,NY,14620,COUNTY,CLOSED,45,2014-01-31
10003147,INDUSTRY SECURE CENTER,101 RYDER HILL RD,RUSH,NY,14543,STATE,OPEN,-999,2015-11-13
10006836,MONROE COUNTY CHILDREN'S CENTER - RUSH,400 RUSH SCOTTSVILLE RD,RUSH,NY,14543,COUNTY,OPEN,20,2018-04-10
10003146,INDUSTRY RESIDENTIAL CENTER,375 RUSH SCOTTSVILLE RD,RUSH,NY,14543,STATE,OPEN,50,2017-08-29
10000756,GROVELAND CORRECTIONAL FACILITY,7000 SONYEA RD,SONYEA,NY,14556,STATE,OPEN,-999,2016-10-20
10000755,LIVINGSTON CORRECTIONAL FACILITY,7005 SONYEA RD,SONYEA,NY,14556,STATE,CLOSED,-999,2017-10-06
10003171,LIVINGSTON COUNTY JAIL,4 COURT ST,GENESEO,NY,14454,COUNTY,OPEN,194,2018-04-10
10000757,GROVELAND ANNEX,7000 SONYEA RD,SONYEA,NY,14556,STATE,OPEN,-999,2015-11-13
10003183,STEUBEN COUNTY JAIL,7007 RUMSEY ST EXTENSION,BATH,NY,14810,COUNTY,OPEN,262,2018-04-10
10005245,ALLEGANY COUNTY JAIL,4884 STATE ROUTE 19S,BELMONT,NY,14813,COUNTY,OPEN,-999,2018-04-09
10003185,CATTARAUGUS COUNTY JAIL,301 COURT ST,LITTLE VALLEY,NY,14755,COUNTY,OPEN,148,2018-04-09
10003167,GOWANDA CORRECTIONAL FACILITY,"P O BOX 350, SOUTH RD",GOWANDA,NY,14070,STATE,CLOSED,-999,2016-11-16
10003166,COLLINS CORRECTIONAL FACILITY,"P.O. BOX 490, MIDDLE RD",COLLINS,NY,14034,STATE,OPEN,-999,2016-11-18
10003162,ERIE COUNTY JUVENILE DETENTION CENTER,810 E FERRY ST,BUFFALO,NY,14211,COUNTY,OPEN,64,2016-02-15
10001501,ERIE COUNTY HOLDING CENTER,40 DELAWARE AVE,BUFFALO,NY,14202,COUNTY,OPEN,638,2018-04-10
10005794,HOPEVALE INCORPORATED,3780 HOWARD ROAD,HAMBURG,NY,14075,LOCAL,CLOSED,94,2011-04-04
10002283,NIAGARA COUNTY JAIL,5526 NIAGARA ST,LOCKPORT,NY,14094,COUNTY,OPEN,453,2018-04-10
10003164,BUFFALO CORRECTIONAL FACILITY,3052 WENDE RD,ALDEN,NY,14004,STATE,CLOSED,-999,2015-11-13
10003163,ERIE COUNTY CORRECTIONAL FACILITY,11581 WALDEN AVE,ALDEN,NY,14004,COUNTY,OPEN,884,2018-04-10
10003165,WENDE CORRECTIONAL FACILITY,3040 WENDE RD,ALDEN,NY,14004,STATE,OPEN,919,2016-11-04
10003175,WYOMING CORRECTIONAL FACILITY,3203 DUNBAR RD,ATTICA,NY,14011,STATE,OPEN,1714,2017-04-14
10002287,ATTICA CORRECTIONAL FACILITY,639 EXCHANGE ST,ATTICA,NY,14011,STATE,OPEN,-999,2017-02-17
10005797,WYOMING COUNTY JAIL / SHERIFF,151 NORTH MAIN STREET,WARSAW,NY,14569,COUNTY,OPEN,81,2018-04-10
10003160,BUFFALO FEDERAL DETENTION FACILITY,4250 FEDERAL DR,BATAVIA,NY,14020,FEDERAL,OPEN,-999,2024-01-12
10003161,GENESEE COUNTY JAIL,14 W MAIN ST,BATAVIA,NY,14021,COUNTY,OPEN,87,2018-04-10
10001498,ORLEANS COUNTY JAIL,26 PLATT ST,ALBION,NY,14411,COUNTY,OPEN,82,2018-04-10
10003144,ORLEANS CORRECTIONAL FACILITY,3531 GAINES BASIN RD,ALBION,NY,14411,STATE,OPEN,-999,2015-11-13
10003145,ALBION CORRECTIONAL FACILITY,3595 STATE SCHOOL RD,ALBION,NY,14411,STATE,OPEN,-999,2017-04-12
10003148,ROCHESTER CORRECTIONAL FACILITY,470 FORD ST,ROCHESTER,NY,14608,STATE,CLOSED,-999,2016-10-18
10002286,MONROE COUNTY JAIL,130 PLYMOUTH AVE S,ROCHESTER,NY,14614,COUNTY,OPEN,1000,2018-04-10
10005791,HILLSIDE - NORTHAVEN TERRACE,160 NORTHAVEN TERRACE,ROCHESTER,NY,14621,COUNTY,OPEN,19,2016-02-15
10000749,WAYNE COUNTY JAIL,7376 ROUTE 31,LYONS,NY,14489,COUNTY,OPEN,-999,2018-04-10
10000748,BUTLER CORRECTIONAL FACILITY,14001 WESTBURY CUTOFF RD,RED CREEK,NY,13143,STATE,CLOSED,240,2014-08-03
10000747,BUTLER MINIMUM SECURITY CORRECTIONAL FACILITY,14001 WESTBURY CUTOFF RD,RED CREEK,NY,13143,STATE,CLOSED,-999,2014-08-03
10003143,OSWEGO COUNTY JAIL,39 CHURCHHILL RD,OSWEGO,NY,13126,COUNTY,OPEN,-999,2018-04-10
10005789,CHILDREN'S HOME OF JEFFERSON COUNTY,1704 STATE STREET,WATERTOWN,NY,13601,COUNTY,OPEN,-999,2018-04-10
10003138,WATERTOWN CORRECTIONAL FACILITY,23147 SWAN RD,WATERTOWN,NY,13601,STATE,CLOSED,-999,2014-09-23
10003137,JEFFERSON COUNTY CORRECTIONAL FACILITY,753 WATERMAN DR,WATERTOWN,NY,13601,COUNTY,OPEN,196,2018-04-10
10005239,LEWIS COUNTY JAIL,5252 OUTER STOWE STREET,LOWVILLE,NY,13367,COUNTY,OPEN,-999,2018-04-10
10000752,TABERG RESIDENTIAL CENTER FOR GIRLS,10011 TABERG FLORENCE RD,TABERG,NY,13471,STATE,OPEN,24,2016-07-20
10003149,MOHAWK CORRECTIONAL FACILITY,6514 ROUTE 26,ROME,NY,13442,STATE,OPEN,-999,2016-02-12
10003150,ONEIDA CORRECTIONAL FACILITY,6100 SCHOOL RD,ROME,NY,13340,STATE,CLOSED,-999,2012-04-27
10003151,ONEIDA COUNTY CORRECTIONAL FACILITY,6075 JUDD RD,ORISKANY,NY,13424,COUNTY,OPEN,634,2018-04-10
10000751,MARCY CORRECTIONAL FACILITY,9000 OLD RIVER RD,MARCY,NY,13403,STATE,OPEN,-999,2016-03-02
10000750,CENTRAL NEW YORK PSYCHIATRIC CENTER,"9005 OLD RIVER RD, PO BOX 300",MARCY,NY,13403,STATE,OPEN,220,2017-12-21
10003152,MID-STATE CORRECTIONAL FACILITY,9005 OLD RIVER RD,MARCY,NY,13403,STATE,OPEN,-999,2016-03-04
10005241,HERKIMER COUNTY JAIL,320 NORTH MAIN STREET,HERKIMER,NY,13350,COUNTY,OPEN,-999,2018-04-10
10001500,MADISON COUNTY JAIL / SHERIFF,138 N COURT ST,WAMPSVILLE,NY,13163,COUNTY,OPEN,127,2018-04-10
10001499,ONONDAGA COUNTY DEPARTMENT OF CORRECTION,6660 E SENECA TURNPIKE,JAMESVILLE,NY,13078,COUNTY,OPEN,516,2018-04-10
10003158,ONONDAGA COUNTY JUSTICE CENTER,555 S STATE ST,SYRACUSE,NY,13202,COUNTY,OPEN,-999,2018-04-10
10003159,HILLBROOK JUVENILE DETENTION CENTER,4949 VELASKO RD,SYRACUSE,NY,13215,COUNTY,OPEN,32,2016-02-15
10002281,CAYUGA CORRECTIONAL FACILITY,2202 STATE ROUTE 38A,MORAVIA,NY,13118,STATE,OPEN,-999,2017-10-04
10005793,SKEELE VALLEY NON-SECURE DETENTION,6912 JONES ROAD,TULLY,NY,13159,COUNTY,OPEN,12,2018-04-11
10006145,CAMP GEORGETOWN,3191 CRUMB HILL RD,GEORGETOWN,NY,13072,STATE,CLOSED,-999,2013-05-09
10000758,CAMP PHARSALIA,496 CENTER RD,SOUTH PLYMOUTH,NY,13844,STATE,CLOSED,-999,2009-05-01
10003180,CORTLAND COUNTY CORRECTIONAL FACILITY,54 GREENBUSH ST,CORTLAND,NY,13045,COUNTY,OPEN,90,2018-04-10
10006622,MACCORMICK SECURE CENTER,300 SOUTH ROAD,BROOKTONDALE,NY,14817,STATE,OPEN,39,2017-06-06
10003191,TIOGA COUNTY JAIL,103 CORPORATE DR,OWEGO,NY,13827,COUNTY,OPEN,104,2018-04-10
10001485,SUSQUEHANNA COUNTY CORRECTIONAL FACILITY,137 ELLSWORTH DR,MONTROSE,PA,18801,COUNTY,OPEN,111,2018-04-18
10003190,BROOME COUNTY CORRECTIONAL FACILITY,155 LT. VANWINKLE DRIVE,BINGHAMTON,NY,13905,COUNTY,OPEN,536,2018-04-09
10005800,CHILDREN'S HOME - BROOME COUNTY NSD,1182 CHENANGO STREET,BINGHAMTON,NY,13901,COUNTY,OPEN,-999,2018-04-10
10003182,CHENANGO COUNTY JAIL,279 COUNTY ROAD 46,NORWICH,NY,13815,COUNTY,OPEN,133,2018-04-09
10003174,OTSEGO COUNTY JAIL,172 COUNTY HWY 33 W,COOPERSTOWN,NY,13326,COUNTY,OPEN,100,2018-04-10
10003176,SCHOHARIE COUNTY JAIL,157 DEPOT LANE,SCHOHARIE,NY,12157,COUNTY,CLOSED,89,2017-03-03
10003177,SUMMIT SHOCK INCARCERATION CORRECTIONAL FACILITY,137 EAGLE HEIGHTS RD,SUMMIT,NY,12175,STATE,CLOSED,-999,2012-04-27
10006617,SGT. HENRY JOHNSON YOUTH LEADERSHIP ACADEMY,57081 STATE HIGHWAY 10,SOUTH KORTRIGHT,NY,13842,STATE,OPEN,26,2017-12-20
10003186,DELAWARE COUNTY CORRECTIONAL FACILITY,280 PHOEBE LANE,DELHI,NY,13753,COUNTY,OPEN,121,2018-04-10
10001505,SULLIVAN COUNTY JAIL,2 BUSHNELL AVE,MONTICELLO,NY,12701,COUNTY,OPEN,-999,2018-04-10
10003201,WOODBOURNE CORRECTIONAL FACILITY,99 PRISON RD,WOODBOURNE,NY,12788,STATE,OPEN,853,2017-03-01
10003200,SULLIVAN CORRECTIONAL FACILITY,325 RIVERSIDE DR,FALLSBURG,NY,12733,STATE,OPEN,566,2017-03-03
10003196,ULSTER CORRECTIONAL FACILITY,750 BERME RD,NAPANOCH,NY,12458,STATE,OPEN,882,2017-03-15
10003195,EASTERN NY CORRECTIONAL FACILITY,30 INSTITUTION RD,NAPANOCH,NY,12458,STATE,OPEN,-999,2016-10-07
10003194,ULSTER COUNTY LAW ENFORCEMENT CENTER,380 BOULEVARD,KINGSTON,NY,12401,COUNTY,OPEN,502,2018-04-10
10006616,HIGHLAND RESIDENTIAL CENTER,629 NORTH CHODIKEE LAKE ROAD,HIGHLAND,NY,12528,STATE,OPEN,50,2017-06-13
10003197,WALLKILL CORRECTIONAL FACILITY,50 MCKENDRICK RD,WALLKILL,NY,12589,STATE,OPEN,608,2017-10-18
10000763,SHAWANGUNK CORRECTIONAL FACILITY,200 QUICK RD,WALLKILL,NY,12589,STATE,OPEN,-999,2015-11-13
10000764,BEACON CORRECTIONAL FACILITY,50 CAMP BEACON RD,BEACON,NY,12508,STATE,CLOSED,257,2017-07-07
10003199,DOWNSTATE CORRECTIONAL FACILITY,121 RED SCHOOLHOUSE ROAD,FISHKILL,NY,12524,STATE,CLOSED,-999,2015-11-13
10003198,FISHKILL CORRECTIONAL FACILITY,18 STRACK DRIVE,BEACON,NY,12508,STATE,OPEN,-999,2016-04-14
10002289,DUTCHESS COUNTY JAIL,150 N HAMILTON ST,POUGHKEEPSIE,NY,12601,COUNTY,OPEN,257,2018-04-10
10005801,ASTOR HOME FOR CHILDREN,39 LENT STREET,POUGHKEEPSIE,NY,12601,LOCAL,NOT AVAILABLE,8,2018-05-21
10001504,GREEN HAVEN CORRECTIONAL FACILITY,594 STATE ROUTE 216,STORMVILLE,NY,12582,STATE,OPEN,-999,2015-11-13
10003207,PUTNAM COUNTY JAIL,3 COUNTY CENTER,CARMEL,NY,10512,COUNTY,OPEN,-999,2018-04-10
10000935,FCI DANBURY,33 1/2 PEMBROKE STATION ROUTE 37,DANBURY,CT,06811,FEDERAL,OPEN,-999,2016-02-16
10005378,FCI DANBURY CAMP,33 1/2 PEMBROKE STATION ROUTE 37,DANBURY,CT,06811,FEDERAL,OPEN,-999,2016-02-16
10006619,RED HOOK RESIDENTIAL CENTER,531 TURKEY HILL ROAD,RED HOOK,NY,12571,STATE,CLOSED,-999,2015-07-28
10003187,COLUMBIA COUNTY JAIL,85 INDUSTRIAL TRACT,HUDSON,NY,12534,COUNTY,OPEN,135,2018-04-09
10000761,HUDSON CORRECTIONAL FACILITY / WORK RELEASE,50 EAST COURT ST,HUDSON,NY,12534,STATE,OPEN,-999,2017-04-05
10000762,BROOKWOOD SECURE CENTER,419 SPOOK ROCK RD,CLAVERACK,NY,12513,STATE,OPEN,125,2015-06-10
10006621,COLUMBIA GIRLS SECURE CENTER,419 SPOOK ROCK RD,CLAVERACK,NY,12513,STATE,OPEN,16,2017-06-14
10001502,GREENE COUNTY JAIL,45 HAVERLY MEMORIAL DRIVE,COXSACKIE,NY,12414,COUNTY,OPEN,56,2018-04-10
10003188,COXSACKIE CORRECTIONAL FACILITY,11260 ROUTE 9 WEST,COXSACKIE,NY,12051,STATE,OPEN,-999,2016-03-16
10003189,GREENE CORRECTIONAL FACILITY,165 PLANK RD,COXSACKIE,NY,12051,STATE,OPEN,-999,2017-04-07
10005796,RENSSELAER COUNTY DETENTION CENTER,586 COOPER HILL ROAD,WYNANTSKILL,NY,12198,COUNTY,CLOSED,-999,2018-04-10
10003178,ALBANY COUNTY CORRECTIONAL FACILITY,840 ALBANY SHAKER RD,ALBANY,NY,12211,COUNTY,OPEN,943,2018-04-09
10003179,CAPITAL DISTRICT SECURE JUVENILE  DETENTION CENTER,838 ALBANY SHAKER RD,ALBANY,NY,12211,COUNTY,OPEN,24,2018-04-11
10003172,RENSSELAER COUNTY JAIL,4000 MAIN ST,TROY,NY,12180,COUNTY,OPEN,473,2018-04-10
10003153,MT. MCGREGOR CORRECTIONAL FACILITY,1000 MT. MCGREGOR RD,WILTON,NY,12831,STATE,CLOSED,544,2013-07-26
10003154,SARATOGA COUNTY CORRECTIONAL FACILITY,6010 COUNTY FARM RD,BALLSTON SPA,NY,12020,COUNTY,OPEN,255,2018-04-10
10003173,SCHENECTADY COUNTY CORRECTIONAL FACILITY,320 VEEDER AVE,SCHENECTADY,NY,12307,COUNTY,OPEN,378,2018-04-10
10005243,MONTGOMERY COUNTY JAIL,200 CLARK DRIVE,FULTONVILLE,NY,12072,COUNTY,OPEN,-999,2018-04-10
10003155,FULTON COUNTY CORRECTIONAL CENTER,2710 STATE HWY 29,JOHNSTOWN,NY,12095,COUNTY,OPEN,-999,2018-04-10
10003156,HALE CREEK ASACTC,279 MALONEY RD,JOHNSTOWN,NY,12095,STATE,OPEN,-999,2016-03-15
10003157,TRYON RESIDENTIAL CENTER & SECURE CTR-GIRLS,881 COUNTY  HWY 107,JOHNSTOWN,NY,12095,STATE,CLOSED,-999,2010-10-21
10005240,HAMILTON COUNTY JAIL,102 COUNTY VIEW DRIVE,LAKE PLEASANT,NY,12108,COUNTY,OPEN,-999,2018-04-10
10005790,WARREN NON-SECURE DETENTION CENTER,46 GURNEY LANE,QUEENSBURY,NY,12804,LOCAL,CLOSED,6,2018-05-18
10003142,WARREN COUNTY CORRECTIONAL FACILITY,1400 STATE ROUTE 9,LAKE GEORGE,NY,12845,COUNTY,OPEN,186,2018-04-10
10003139,WASHINGTON COUNTY CORRECTIONAL FACILITY,399 BROADWAY,FORT EDWARD,NY,12828,COUNTY,OPEN,179,2018-04-10
10000095,MARBLE VALLEY REGIONAL CORRECTIONAL FACILITY,167 STATE ST,RUTLAND,VT,05701,STATE,OPEN,-999,2016-12-30
10006666,HOWARD CENTER - PARK STREET PROGRAM,77 PARK STREET,RUTLAND,VT,05701,STATE,OPEN,-999,2015-06-10
10003141,GREAT MEADOW CORRECTIONAL FACILITY,11739 STATE ROUTE 22,COMSTOCK,NY,12821,STATE,OPEN,-999,2015-11-13
10003140,WASHINGTON CORRECTIONAL FACILITY,72 LOCK 11 LANE,COMSTOCK,NY,12821,STATE,OPEN,924,2015-11-13
10006667,204 DEPOT STREET PROGRAM,204 DEPOT STREET,BENNINGTON,VT,05201,STATE,OPEN,8,2017-06-09
10003857,FRANKLIN COUNTY JAIL AND HOUSE OF CORRECTION,160 ELM STREET,GREENFIELD,MA,01301,COUNTY,OPEN,329,2024-08-06
10006060,CHESHIRE COUNTY DEPARTMENT OF CORRECTIONS,825 MARLBORO RD,KEENE,NH,03431,COUNTY,OPEN,-999,2018-04-05
10006059,SULLIVAN COUNTY DEPARTMENT OF CORRECTIONS,103 COUNTY FARM ROAD,UNITY,NH,03743,COUNTY,OPEN,-999,2016-10-20
10000094,SOUTHERN STATE CORRECTIONAL FACILITY,700 CHARLESTOWN RD,SPRINGFIELD,VT,05156,STATE,OPEN,370,2016-12-30
10000093,SOUTHEAST STATE CORRECTIONAL FACILITY - WINDSOR,546 STATE FARM RD,WINDSOR,VT,05089,STATE,CLOSED,-999,2017-11-01
10004119,MERRIMACK COUNTY HOUSE OF CORRECTIONS,314 DANIEL WEBSTER HWY,BOSCAWEN,NH,03303,COUNTY,OPEN,-999,2016-02-15
10001737,SHEA FARM TRANSITIONAL HOUSING UNIT,60 IRON WORKS RD,CONCORD,NH,03302,STATE,OPEN,40,2017-07-01
10001019,HILLSBOROUGH COUNTY CORRECTIONS CENTER,445 WILLOW ST,MANCHESTER,NH,03103,COUNTY,OPEN,-999,2016-02-15
10006389,CALUMET TRANSITIONAL HOUSING UNIT,126 LOWELL STREET,MANCHESTER,NH,03104,STATE,OPEN,64,2017-07-01
10004122,JOHN H. SUNUNU YOUTH SERVICES CENTER,1056 RIVER RD,MANCHESTER,NH,03104,STATE,OPEN,-999,2020-02-03
20000020,NH CORRECTIONAL FACILITY FOR WOMEN,42 PERIMETER RD,CONCORD,NH,03301,STATE,OPEN,224,2024-03-11
10004118,NH STATE PRISON FOR MEN,281 NORTH STATE ST,CONCORD,NH,03301,STATE,OPEN,1408,2017-07-01
10006596,NORTH END TRANSITIONAL HOUSING UNIT / WORK CENTER,1 PERIMETER ROAD,CONCORD,NH,03301,STATE,OPEN,48,2017-07-01
10006597,CONCORD TRANSITIONAL WORK CENTER,275 NORTH STATE STREET,CONCORD,NH,03302,STATE,OPEN,160,2017-07-01
10004120,STRAFFORD COUNTY CORRECTIONAL CENTER,266 COUNTY FARM RD,DOVER,NH,03820,MULTI,OPEN,-999,2024-01-12
10004440,ESSEX COUNTY WOMEN IN TRANSITION CENTER,197 ELM STREET,SALISBURY,MA,01952,COUNTY,OPEN,23,2024-08-06
10002631,ROCKINGHAM COUNTY JAIL / HOUSE OF CORRECTIONS,99 NORTH RD,BRENTWOOD,NH,03833,COUNTY,OPEN,-999,2016-02-15
10004441,ESSEX COUNTY PRE-RELEASE AND RE-ENTRY CENTER,165 MARSTON STREET,LAWRENCE,MA,01841,COUNTY,OPEN,340,2024-08-06
10001391,DEPARTMENT OF YOUTH SERVICES - NORTHEAST,33 GREGORY ST,MIDDLETON,MA,01949,STATE,OPEN,-999,2024-02-28
10001390,ESSEX COUNTY CORRECTIONAL FACILITY,20 MANNING AVE,MIDDLETON,MA,01949,COUNTY,OPEN,1291,2024-08-06
10001400,SUFFOLK COUNTY JAIL AT NASHUA STREET,200 NASHUA ST,BOSTON,MA,02114,COUNTY,OPEN,700,2024-08-06
10002096,JUDGE JOHN CONNELLY YOUTH CENTER,450 CANTERBURY ST,ROSLINDALE,MA,02131,STATE,OPEN,-999,2023-04-12
10002095,BOSTON PRE-RELEASE CENTER,430 CANTERBURY ST,ROSLINDALE,MA,02131,STATE,OPEN,-999,2024-02-26
10001401,LEMUEL SHATTUCK HOSPITAL CORRECTIONAL UNIT,180 MORTON ST,JAMAICA PLAIN,MA,02130,STATE,OPEN,-999,2024-02-26
10002094,BOSTON POLICE DEPARTMENT HEADQUARTERS,1 SCHROEDER PLAZA,BOSTON,MA,02120,LOCAL,OPEN,-999,2016-02-15
10001403,SOUTH BAY HOUSE OF CORRECTION,20 BRADSTON ST,BOSTON,MA,02118,COUNTY,OPEN,1892,2024-08-06
10003861,DEPARTMENT OF YOUTH SERVICES - METRO,425 HARVARD STREET,DORCHESTER,MA,02124,STATE,OPEN,-999,2024-02-28
10001407,NORFOLK COUNTY JAIL AND HOUSE OF CORRECTION,200 WEST ST,DEDHAM,MA,02026,COUNTY,OPEN,620,2024-08-06
10004443,SOUTH MIDDLESEX CORRECTIONAL CENTER,135 WESTERN AVENUE,FRAMINGHAM,MA,01701,STATE,CLOSED,-999,2021-01-08
10004444,MCI - FRAMINGHAM,99 LORING DRIVE,FRAMINGHAM,MA,01701,STATE,OPEN,-999,2024-02-26
10000281,MCI - CONCORD,965 ELM ST,CONCORD,MA,01742,STATE,OPEN,-999,2024-02-26
10001392,NORTHEASTERN CORRECTIONAL INSTITUTION,976 BARRETTS MILL RD,WEST CONCORD,MA,01742,STATE,OPEN,-999,2024-02-26
10005183,MIDDLESEX COUNTY JAIL AND HOUSE OF CORRECTION,269 TREBLE COVE RD,BILLERICA,MA,01862,COUNTY,OPEN,1501,2024-08-06
10004449,NORTH CENTRAL CORRECTIONAL INSTITUTION,500 COLONY ROAD,GARDNER,MA,01440,STATE,OPEN,-999,2024-02-26
10004446,FMC DEVENS,42 PATTON ROAD,DEVENS,MA,01434,FEDERAL,OPEN,-999,2016-02-16
10004447,FMC DEVENS CAMP,42 PATTON ROAD,DEVENS,MA,01434,FEDERAL,OPEN,-999,2016-02-16
10001393,MCI - SHIRLEY,104 HARVARD RD,SHIRLEY,MA,01464,STATE,OPEN,-999,2024-02-26
10001396,SOUZA-BARANOWSKI CORRECTIONAL CENTER,1671 SHIRLEY RD,LANCASTER,MA,01523,STATE,OPEN,-999,2024-02-26
10001398,WESTBORO RECEPTION UNIT / SECURE TREATMENT CENTER,288 LYMAN ST,WESTBOROUGH,MA,01581,STATE,NOT AVAILABLE,-999,2016-03-07
20000263,DEPARTMENT OF YOUTH SERVICES - CENTRAL,288 LYMAN ST,WESTBOROUGH,MA,01581,STATE,OPEN,-999,2024-02-28
10001397,WORCESTER COUNTY HOUSE OF CORRECTION / JAIL,5 PAUL X TIVNAN DR,WEST BOYLSTON,MA,01583,COUNTY,OPEN,1000,2024-08-06
10003551,DONALD W. WYATT DETENTION FACILITY,950 HIGH ST,CENTRAL FALLS,RI,02863,MULTI,OPEN,770,2024-01-12
10003563,KENT COUNTY JAIL,222 QUAKER LANE,WARWICK,RI,02886,COUNTY,NOT AVAILABLE,-999,2020-05-28
10003555,DONALD PRICE FACILITY,20 GODDARD RD,CRANSTON,RI,02920,STATE,CLOSED,-999,2014-10-02
10003556,JOHN J MORAN MEDIUM SECURITY FACILITY,51 WEST RD,CRANSTON,RI,02920,STATE,OPEN,1126,2018-01-08
10001721,ANTHONY P. TRAVISONO INTAKE SERVICE CENTER,18 SLATE HILL RD,CRANSTON,RI,02920,STATE,OPEN,1148,2018-01-08
10003561,HIGH SECURITY CENTER,54 POWER RD,CRANSTON,RI,02920,STATE,OPEN,166,2018-01-08
10003558,GLORIA MCDONALD AWAITING TRIAL / MEDIUM SEC FAC,20 FLEMING RD,CRANSTON,RI,02920,STATE,OPEN,187,2018-01-08
10003562,ROOSEVELT BENTON YOUTH ASSESSMENT CENTER,45 CHERRYDALE COURT,CRANSTON,RI,02920,STATE,CLOSED,56,2017-02-28
10003557,MINIMUM SECURITY FACILITY,16 HOWARD AVE,CRANSTON,RI,02920,STATE,OPEN,710,2018-01-08
10003559,BERNADETTE BUILDING,15 FLEMING ROAD,CRANSTON,RI,02920,STATE,CLOSED,100,2018-01-08
10003554,MAXIMUM SECURITY FACILITY,1375 PONTIAC AVE,CRANSTON,RI,02920,STATE,OPEN,466,2018-01-08
10003553,RI TRAINING SCHOOL / YOUTH DEVELOPMENT CENTER,57 POWER RD,CRANSTON,RI,02920,STATE,OPEN,-999,2017-10-06
10001408,MCI - CEDAR JUNCTION,2405 MAIN ST,SOUTH WALPOLE,MA,02071,STATE,CLOSED,-999,2022-04-07
10000282,PONDVILLE CORRECTIONAL CENTER,1 INDUSTRIES DR,NORFOLK,MA,02056,STATE,OPEN,-999,2024-02-26
10002100,BAY STATE CORRECTIONAL CENTER,28 CLARK ST,NORFOLK,MA,02056,STATE,CLOSED,266,2015-03-25
10002101,MCI - NORFOLK,2 CLARK ST,NORFOLK,MA,02056,STATE,OPEN,-999,2024-02-26
10001406,GIRLS SECURE DETENTION UNIT - BROCKTON,320 MAIN ST,BROCKTON,MA,02301,COUNTY,OPEN,20,2018-03-19
20000264,DEPARTMENT OF YOUTH SERVICES - SOUTHEAST,60 HODGES AVE,TAUNTON,MA,02780,STATE,OPEN,-999,2024-02-28
10002099,MASSACHUSETTS ALCOHOL AND SUBSTANCE ABUSE CENTER,2 ADMINISTRATION RD,BRIDGEWATER,MA,02324,STATE,CLOSED,236,2017-05-04
10004451,OLD COLONY CORRECTIONAL CENTER,1 ADMINISTRATION ROAD,BRIDGEWATER,MA,02324,STATE,OPEN,-999,2024-02-26
10002098,MASSACHUSETTS TREATMENT CENTER,30 ADMINISTRATION RD,BRIDGEWATER,MA,02324,STATE,OPEN,-999,2024-02-26
10002097,BRIDGEWATER STATE HOSPITAL,20 ADMINISTRATION RD,BRIDGEWATER,MA,02324,STATE,OPEN,-999,2024-02-26
10007017,SPECTRUM MEN'S FACILITY,861 MAIN ST,WEYMOUTH,MA,02190,LOCAL,OPEN,-999,2020-04-22
10001404,MASSACHUSETTS ALCOHOL AND SUBSTANCE ABUSE CENTER - PLYMOUTH,1 BUMP POND RD,PLYMOUTH,MA,02360,STATE,OPEN,-999,2024-02-26
10001405,PLYMOUTH COUNTY CORRECTIONAL FACILITY,26 LONG POND RD,PLYMOUTH,MA,02360,MULTI,OPEN,-999,2024-01-12
10003866,BARNSTABLE COUNTY CORRECTIONAL FACILITY,6000 SHERIFFS PLACE,BOURNE,MA,02532,COUNTY,OPEN,588,2024-08-06
10003868,BRISTOL COUNTY ASH STREET JAIL AND REGIONAL LOCK-UP,226 ASH STREET,NEW BEDFORD,MA,02740,COUNTY,OPEN,206,2024-08-06
10003871,BRISTOL COUNTY SHERIFF'S OFFICE JUVENILE LOCK UP,323 MILL STREET,NEW BEDFORD,MA,02740,COUNTY,NOT AVAILABLE,12,2016-02-15
10003869,BRISTOL COUNTY SHERIFF'S OFFICE WOMEN'S CENTER,400 FAUNCE CORNER ROAD,NORTH DARTMOUTH,MA,02747,COUNTY,OPEN,106,2024-08-06
10003870,BRISTOL COUNTY HOUSE OF CORRECTION AND JAIL,400 FAUNCE CORNER ROAD,NORTH DARTMOUTH,MA,02747,COUNTY,OPEN,1100,2024-08-06
10006782,C. CARLOS CARREIRO IMMIGRATION DETENTION CENTER,400 FAUNCE CORNER ROAD,NORTH DARTMOUTH,MA,02747,COUNTY,NOT AVAILABLE,-999,2024-08-06
10003872,DUKES COUNTY HOUSE OF CORRECTION AND JAIL,149 MAIN STREET,EDGARTOWN,MA,02539,COUNTY,OPEN,40,2024-08-06
10003564,WASHINGTON COUNTY JAIL,4800 TOWER HILL RD,WAKEFIELD,RI,02879,COUNTY,NOT AVAILABLE,-999,2020-05-28
10005377,PLAINFIELD POLICE DEPARTMENT,210 NORWICH ROAD,PLAINFIELD,CT,06374,LOCAL,OPEN,-999,2016-02-15
10000932,GATES CORRECTIONAL INSTITUTION,131 N BRIDEBROOK RD,NIANTIC,CT,06357,STATE,CLOSED,-999,2024-02-12
10000933,YORK CORRECTIONAL INSTITUTION,201 W MAIN ST,NIANTIC,CT,06357,STATE,OPEN,-999,2024-02-01
10000936,CONNECTICUT JUVENILE TRAINING SCHOOL,1225 SILVER ST,MIDDLETOWN,CT,06457,STATE,CLOSED,-999,2018-04-12
10002398,HARTFORD JUVENILE DETENTION CENTER,920 BROAD ST,HARTFORD,CT,06106,STATE,OPEN,-999,2023-12-31
10000926,HARTFORD CORRECTIONAL CENTER,177 WESTON ST,HARTFORD,CT,06120,STATE,OPEN,-999,2024-02-01
20000141,CORRIGAN CORRECTIONAL CENTER,986 NORWICH-NEW LONDON TURNPIKE,UNCASVILLE,CT,06382,STATE,OPEN,-999,2024-02-01
10000931,RADGOWSKI CORRECTIONAL CENTER,986 NORWICH-NEW LONDON TURNPIKE,UNCASVILLE,CT,06382,STATE,CLOSED,-999,2024-02-01
10002399,BROOKLYN CORRECTIONAL INSTITUTION,59 HARTFORD RD,BROOKLYN,CT,06234,STATE,OPEN,-999,2024-02-01
10006784,HAMPDEN COUNTY PRE-RELEASE CENTER,325 ALABAMA STREET,LUDLOW,MA,01056,COUNTY,NOT AVAILABLE,-999,2024-08-06
10003865,HAMPDEN COUNTY CORRECTIONAL CENTER,627 RANDALL ROAD,LUDLOW,MA,01056,COUNTY,OPEN,1178,2024-08-06
10003860,HAMPSHIRE COUNTY JAIL AND HOUSE OF CORRECTION,205 ROCKY HILL ROAD,NORTHAMPTON,MA,01060,COUNTY,OPEN,287,2024-08-06
10006296,WESTERN MASSACHUSETTS RECOVERY AND WELLNESS CENTER,155 MILL STREET,SPRINGFIELD,MA,01108,COUNTY,OPEN,148,2024-08-06
10006783,WESTERN MASSACHUSETTS REGIONAL WOMEN'S CORRECTIONAL CENTER,701 CENTER STREET,CHICOPEE,MA,01013,COUNTY,OPEN,306,2024-08-06
10003864,DEPARTMENT OF YOUTH SERVICES - WESTERN,280 TINKHAM ROAD,SPRINGFIELD,MA,01129,STATE,OPEN,-999,2024-02-28
10000929,NORTHERN CORRECTIONAL INSTITUTION,287 BILTON RD,SOMERS,CT,06071,STATE,CLOSED,-999,2024-02-12
20000142,CYBULSKI COMMUNITY REINTEGRATION CENTER,264 BILTON RD,SOMERS,CT,06071,STATE,OPEN,-999,2024-02-01
10000928,OSBORN CORRECTIONAL INSTITUTION,335 BILTON RD,SOMERS,CT,06071,STATE,OPEN,-999,2024-02-01
10006149,WILLARD CORRECTIONAL INSTITUTION,391 SHAKER RD,ENFIELD,CT,06082,STATE,CLOSED,-999,2024-02-01
10001604,ENFIELD CORRECTIONAL INSTITUTION,289 SHAKER RD,ENFIELD,CT,06082,STATE,CLOSED,-999,2024-02-12
10001605,ROBINSON CORRECTIONAL INSTITUTION,285 SHAKER RD,ENFIELD,CT,06082,STATE,OPEN,-999,2024-02-01
10000927,MACDOUGALL-WALKER CORRECTIONAL INSTITUTION,1153 EAST ST S,SUFFIELD,CT,06080,STATE,OPEN,-999,2024-02-01
10003856,BERKSHIRE COUNTY JAIL AND HOUSE OF CORRECTION,467 CHESHIRE ROAD,PITTSFIELD,MA,01201,COUNTY,OPEN,500,2024-08-06
10005799,BURNHAM YOUTH SAFE CENTER,13640 ROUTE 22,CANAAN,NY,12029,COUNTY,OPEN,-999,2018-04-11
10000937,CHESHIRE CORRECTIONAL INSTITUTION,900 HIGHLAND AVE,CHESHIRE,CT,06410,STATE,OPEN,-999,2024-02-01
10000939,MANSON YOUTH INSTITUTION,42 JARVIS ST,CHESHIRE,CT,06410,STATE,OPEN,-999,2024-02-01
10005379,NEW HAVEN JUVENILE DETENTION CENTER,239 WHALLEY AVE,NEW HAVEN,CT,06511,STATE,CLOSED,-999,2017-10-30
10005380,NEW HAVEN CORRECTIONAL CENTER,245 WHALLEY AVE,NEW HAVEN,CT,06511,STATE,OPEN,-999,2024-02-01
10000934,GARNER CORRECTIONAL INSTITUTION,50 NUNNAWAUK RD,NEWTOWN,CT,06470,STATE,OPEN,-999,2024-02-01
10002400,BRIDGEPORT CORRECTIONAL CENTER,1106 NORTH AVE,BRIDGEPORT,CT,06604,STATE,OPEN,-999,2024-02-01
10002401,BRIDGEPORT JUVENILE DETENTION CENTER,60 HOUSATONIC AVENUE,BRIDGEPORT,CT,06604,STATE,OPEN,-999,2023-12-31
10006618,BRENTWOOD RESIDENTIAL CENTER,1230 COMMACK ROAD,DIX HILLS,NY,11746,STATE,OPEN,25,2016-07-14
10002293,YAPHANK RESIDENTIAL JUVENILE DETENTION CENTER,335 YAPHANK AVE,YAPHANK,NY,11980,COUNTY,NOT AVAILABLE,32,2018-04-11
10002291,SUFFOLK COUNTY DWI ALTERNATIVE  FACILITY,YAPHANK AVE,YAPHANK,NY,11980,COUNTY,OPEN,54,2018-04-10
10002292,SUFFOLK COUNTY JAIL - YAPHANK,GLOVER DRIVE,YAPHANK,NY,11980,COUNTY,OPEN,504,2018-04-10
10003212,SUFFOLK COUNTY JAIL - RIVERHEAD,100 CENTER DR SOUTH,RIVERHEAD,NY,11901,COUNTY,OPEN,769,2018-04-10
10006837,HOPE FOR YOUTH NON SECURE DETENTION CENTER,201 DIXON AVENUE,AMITYVILLE,NY,11701,STATE,OPEN,12,2018-04-11
10003867,HOMEWARD BOUND PROGRAM - YOUTH SERVICES DEPARTMENT,456 FLAX POND ROAD,BREWSTER,MA,02631,STATE,CLOSED,-999,2007-06-07
10004347,CENTRO DE DETENCIÓN DEL OESTE,CARR. 105 BO LIMÓN KM 0.9,MAYAGUEZ,PR,00681,STATE,OPEN,546,2018-01-05
10001965,CAMP LIMÓN,CARR. 105 BO LIMON KM 0.9,MAYAGUEZ,PR,00681,STATE,NOT AVAILABLE,152,2018-01-08
10001961,INSTITUCIÓN CORRECCIONAL GUERRERO,CARR. 2 INT. 466 BO GUERRERO,AGUADILLA,PR,00603,STATE,OPEN,1000,2018-01-05
10004346,PROGRAMA AGRICOLA DE LA MONTANA,CARR 140 KM 2.2 BO LA PICA,JAYUYA,PR,00664,STATE,OPEN,50,2018-01-05
10006645,INSTITUCIÓN CORRECCIONAL SABANA HOYOS (728),BO MANANTIALES SECTOR JOBALES CARR 628 KM 3.9,ARECIBO,PR,00612,STATE,OPEN,728,2018-01-05
10001963,ANNEX SABANA HOYOS (384),BO MANANTIALES SECTOR JOBALES CARR. 628 KM 3.9,ARECIBO,PR,00612,STATE,OPEN,384,2018-01-05
10001962,INSTITUCIÓN CORRECCIONAL SABANA HOYOS (216),CARR 628 KM 3 BO JOVALES SECTOR SABANA HOYOS,ARECIBO,PR,00612,STATE,OPEN,216,2018-01-05
10001964,CENTRO DE TRATAMIENTO RESIDENCIAL DE ARECIBO,BO SAN LUIS AVE DE DIEGO CARR 2 405,ARECIBO,PR,00612,STATE,OPEN,75,2018-01-05
10005089,ESCUELA INDUSTRIAL PARA MUJERES VEGA ALTA,CARR. 1 KM. 25 BO ESPINOSA,VEGA ALTA,PR,00692,STATE,NOT AVAILABLE,-999,2020-05-27
10005101,CENTRO DE TRATAMIENTO SOCIAL DE VILLALBA,CARR. 149 K 58.8 BO. TIERRA SANTA,VILLALBA,PR,00766,STATE,OPEN,-999,2020-05-27
10004350,CAMPAMENTO GUAVATE DE CAYEY,CARRETERA 184,CAYEY,PR,00736,NOT AVAILABLE,CLOSED,-999,2016-03-07
10004341,ZONA TRUISTICA AREA CAROLINA,CALLE RODRIGUEZ,CAROLINA,PR,00979,NOT AVAILABLE,NOT AVAILABLE,-999,2020-05-28
10005091,RÍO PIEDRAS STATE PENITENTIARY,CARRETERA 21 BARRIO MONACILLOS,SAN JUAN,PR,00929,STATE,CLOSED,500,2014-05-17
10005093,HOSPITAL PSIQUIATRICO CORRECCIONAL,NOT AVAILABLE,SAN JUAN,PR,00936,NOT AVAILABLE,NOT AVAILABLE,-999,2012-06-19
10005722,INSTITUCION ANEXO 448-RIO PIEDRAS,"CARRETERA 21, BARRIO MONACILLO",SAN JUAN,PR,00929,NOT AVAILABLE,CLOSED,-999,2016-03-04
10005090,INSTITUCION CORRECTIONAL-SAN JUAN,"AVENIDA JOSE DE DIEGO FINAL 504, BARRIO MONACILLOS",RIO PIEDRAS,PR,00927,NOT AVAILABLE,CLOSED,-999,2014-10-02
10004343,MDC GUAYNABO,652 CARRETERA 28,GUAYNABO,PR,00965,FEDERAL,OPEN,-999,2016-02-16
10004342,POLICIA DE MUNICIPAL CATANO,AVENIDA LAS NEREIDAS,CATANO,PR,00962,NOT AVAILABLE,NOT AVAILABLE,-999,2020-05-28
10006646,CENTRO DE DETENCIÓN Y TRATAMIENTO SOCIAL DE BAYAMÓN,CARR. 28 K. 1.5 BO JUAN SANCHEZ,BAYAMÓN,PR,00960,STATE,OPEN,-999,2020-05-27
10006159,CENTRO DE INGRESOS METROPOLITANO BAYAMÓN (705),CARR 5 AVE. CENTRAL JUANITA FINAL,BAYAMÓN,PR,00960,STATE,OPEN,705,2018-01-05
10005726,INSTITUCIÓN CORRECCIONAL BAYAMÓN (308/448),CARR 5 AVE. CENTRAL JUANITA FINAL,BAYAMÓN,PR,00960,STATE,OPEN,563,2018-01-05
10005725,ANEXO SEGURIDAD MÁXIMA BAYAMÓN (292),CARR 5 AVE. CENTRAL JUANITA FINAL,BAYAMÓN,PR,00960,STATE,OPEN,292,2018-01-05
10005724,CENTRO DETENCIÓN BAYAMÓN (1072),CARR 5 AVE. CENTRAL JUANITA FINAL,BAYAMÓN,PR,00960,STATE,OPEN,1428,2018-01-05
10006160,INSTITUCIÓN CORRECCIONAL BAYAMÓN (501),CARR 5 AVE. CENTRAL JUANITA FINAL,BAYAMÓN,PR,00960,STATE,OPEN,516,2018-01-05
10005721,HOGAR INTERMEDIO PARA MUJERES SAN JUAN,AVE. FERNANDEZ JUNCOS ESQ. RAMÓN POWER PUERTA DE TIERRA,SAN JUAN,PR,00901,STATE,OPEN,38,2018-01-05
10005099,HOGAR DE ADAPTACIÓN SOCIAL DE FAJARDO,CALLE IGUALDAD FINAL 395,FAJARDO,PR,00738,STATE,OPEN,36,2018-01-05
10005097,INSTITUCIÓN CORRECCIONAL ZARZAL,CARR. 3 KM. 32.9 BO. TRES T,RIO GRANDE,PR,00745,STATE,OPEN,450,2018-01-05
10005096,CAMPAMENTO ZARZAL,CARR. 3 KM 32.9 BO. TRES T,RIO GRANDE,PR,00745,STATE,OPEN,500,2018-01-05
10004348,CENTRO DE TRATAMIENTO SOCIAL DE HUMACAO,CARR 924 K 4.5 CO. MAMBICHE BLANCO,HUMACAO,PR,00791,STATE,OPEN,-999,2020-05-27
10005100,CENTRO DE TRATAMIENTO RES. HUMACAO,CALLE ANTONIO LÓPEZ 116,HUMACAO,PR,00791,STATE,NOT AVAILABLE,68,2016-03-07
10006163,GOLDEN GROVE ADULT CORRECTIONAL FACILITY,EAST AIRPORT ROAD,CHRISTIANSTED,VI,00820,NOT AVAILABLE,OPEN,-999,2018-01-17
10006166,YOUTH REHABILITATION CENTER,6179 ANNAS HOPE,CHRISTIANSTED,VI,00820,NOT AVAILABLE,OPEN,-999,2018-01-17
10004352,INSTITUCIÓN CORRECCIONAL GUAYAMA (945),CARR. 3 KM 142.6,GUAYAMA,PR,00785,STATE,OPEN,320,2018-01-05
10004354,INSTITUCIÓN CORRECCIONAL GUAYAMA (500),CARR. 3 KM 142.6,GUAYAMA,PR,00785,STATE,OPEN,516,2018-01-05
10004351,ANEXO GUAYAMA (296),CARR. 3 KM 142.6,GUAYAMA,PR,00785,STATE,OPEN,296,2018-01-05
10004353,INSTITUCIÓN CORRECIONAL MAXIMA SEGURIDAD GUAYAMA (1000),CARR. 3 KM 142.6,GUAYAMA,PR,00785,STATE,OPEN,529,2018-01-05
10005110,PROYECTO MODELO DE REHAB - JUANA DIAZ,BARRIO CAPITANEJO CARRETERA 1 KM 15.2,JUANA DIAZ,PR,00795,STATE,NOT AVAILABLE,-999,2016-03-07
10006647,CENTRO DE TRATAMIENTO SOCIAL DE PONCE AVE. TITO CASTRO,1047 CARR. 14,PONCE,PR,00716,STATE,OPEN,-999,2020-05-27
10005727,VIVIENDA ALTERNA ANEXO 246 PONCE,BO EL TUQUE SECTOR LAS CUCHARAS CARR 2,PONCE,PR,00731,STATE,OPEN,246,2018-01-05
10005106,INSTITUCIÓN CORRECCIONAL JÓVENES ADULTOS PONCE (304),BO EL TUQUE SECTOR LAS CUCHARAS CARR 2,PONCE,PR,00731,STATE,OPEN,304,2018-01-05
10005103,INSTITUCIÓN MÁXIMA SEGURIDAD PONCE,BO EL TUQUE SECTOR LAS CUCHARAS CARR 2,PONCE,PR,00731,STATE,OPEN,420,2018-01-05
10005104,ANEXO CUSTODIA MÍNIMA PONCE,BO EL TUQUE SECTOR LAS CUCHARAS CARR 2,PONCE,PR,00731,STATE,OPEN,192,2018-01-05
10005105,CENTRO DE INGRESOS DEL SUR PONCE (676),BO EL TUQUE SECTOR LAS CUCHARAS CARR 2,PONCE,PR,00731,STATE,OPEN,676,2018-01-05
10005102,INSTITUCIÓN ADULTOS PONCE (1000),BO EL TUQUE SECTOR LAS CUCHARAS CARR 2,PONCE,PR,00731,STATE,OPEN,831,2018-01-05
10004349,CENTRO DE CLASIFICACIÓN FASE III,BO EL TUQUE SECTOR LAS CUCHARAS CARR 2,PONCE,PR,00731,STATE,OPEN,280,2020-05-27
10005108,FACILIDAD MEDICA CORRECCIONAL PONCE (500),BO EL TUQUE SECTOR LAS CUCHARAS CARR 2,PONCE,PR,00731,STATE,OPEN,486,2018-01-05
10005107,INSTITUCIÓN CORRECCIONAL PONCE PRINCIPAL,BO EL TUQUE SECTOR LAS CUCHARAS CARR 2,PONCE,PR,00731,STATE,OPEN,534,2020-05-27
