state,name,prisoners,type,address,city,zip,county,survey_date
AK,Anchorage Correctional Complex East,492,State,1400 East 4Th Avenue,Anchorage,99501,Anchorage,6/30/2012
AK,Anchorage Correctional Complex/West,400,State,1300 East 4Th Avenue,Anchorage,99501,Anchorage,6/30/2012
AK,Anvil Mountain Correctional Center,122,State,1810 Center Creek Road,Nome,99762,Nome,6/30/2012
AK,Barrow City Jail,10,Local,,,,,12/31/2013
AK,Bristol Bay Borough Jail,5,Local,,,,,12/31/2013
AK,Cordova Center,179,Private,130 Cordova Street,Anchorage,99501,Anchorage,6/30/2012
AK,Cordova City Jail,2,Local,,,,,12/31/2013
AK,Craig City Jail,3,Local,,,,,12/31/2013
AK,Dillingham City Jail,6,Local,,,,,12/31/2013
AK,Fairbanks Correctional Center,307,State,1931 Egan Avenue,Fairbanks,99701,Fairbanks North Star,6/30/2012
AK,Glacier Manor,66,Private,5597 Aisek Street,Juneau,99801,Juneau,6/30/2012
AK,Glenwood Center,73,Private,835 D Street,Anchorage,99501,Anchorage,6/30/2012
AK,Haines City Jail,2,Local,,,,,12/31/2013
AK,Hiland Mountain Correctional Center,424,State,9101 Hesterberg Road,Eagle River,99577,Anchorage,6/30/2012
AK,Homer City Jail,3,Local,,,,,12/31/2013
AK,Ketchikan Correctional Center,65,State,1201 Schoenbar Road,Ketchikan,99901,Ketchikan Gateway,6/30/2012
AK,Kodiak City Jail,19,Local,,,,,12/31/2013
AK,Kotzebue Regional Jail,15,Local,,,,,12/31/2013
AK,Lemon Creek Correctional Center,231,State,2000 Lemon Creek Road,Juneau,99801,Juneau,6/30/2012
AK,Mat-Su Pretrial,98,State,339 East Dogwood Avenue,Palmer,99645,Matanuska-Susitna,6/30/2012
AK,Metlakatla Police Department And Adult Detention Center,3,Indian Country,,,,,6/30/2016
AK,Midtown Center,28,Private,2508 Margies Place,Anchorage,99503,Anchorage,6/30/2012
AK,Northstar Center,132,Private,3022 George Park Highway,Fairbanks,99709,Fairbanks North Star,6/30/2012
AK,Palmer Correctional Center,508,State,"Mile 58, Glenn Hwy",Sutton,99674,Matanuska-Susitna,6/30/2012
AK,Parkview Center,105,Private,831 B Street,Anchorage,99501,Anchorage,6/30/2012
AK,Petersburg City Jail,2,Local,,,,,12/31/2013
AK,Point Mackenzie Correctional Center,85,State,13690 S. Guersey Road,Wasilla,99687,Matanuska-Susitna,6/30/2012
AK,Seaside Center,42,Private,237 Front Street,Nome,99762,Nome,6/30/2012
AK,Seward Community Jail,2,Local,,,,,12/31/2013
AK,Sitka City Jail,1,Local,,,,,12/31/2013
AK,Spring Creek Correctional Center,529,State,Mile 5 Nash Road,Seward,99664,Kenai Peninsula,6/30/2012
AK,Tundra Center,70,Private,680 Ridgecrest Drive,Bethel,99559,Bethel,6/30/2012
AK,Unalaska City Jail,3,Local,,,,,12/31/2013
AK,Valdez City Jail,4,Local,,,,,12/31/2013
AK,Wildwood Correctional Complex,449,State,10 Chugach Avenue,Kenai,99611,Kenai Peninsula,6/30/2012
AK,Wildwood Pre-Trial Facility,106,State,10 Chugach Avenue,Kenai,99611,Kenai Peninsula,6/30/2012
AK,Wrangell City Jail,5,Local,,,,,12/31/2013
AK,Yukon Kuskokwim Correctional Center,155,State,1000 Chief Eddie Hoffman Hwy,Bethel,99559,Bethel,6/30/2012
AL,Adamsville City Jail,14,Local,,,,,12/31/2013
AL,Alabaster City Jail,3,Local,,,,,12/31/2013
AL,Albertville City Jail,31,Local,,,,,12/31/2013
AL,Alex City Community Based Facility,316,State,Highway 22 W,Alex City,35011,,6/30/2012
AL,Alexander City Jail,4,Local,,,,,12/31/2013
AL,Aliceville FCI,"1,237",Federal,11070 Highway 14,Aliceville,35442,,4/2/2020
AL,Aliceville-Camp,254,Federal,11070 Highway 14,Aliceville,35442,,4/2/2020
AL,Anniston City Jail,35,Local,,,,,12/31/2013
AL,Arab City Jail,11,Local,,,,,12/31/2013
AL,Atmore Community Work Center,249,State,9947 Highway 21 North,Atmore,36503,Escambia,6/30/2012
AL,Attalla City Jail,7,Local,,,,,12/31/2013
AL,Autauga Metro Jail,165,Local,,,,,12/31/2013
AL,Baldwin Co. Corr. Ctr.,654,Local,,,,,12/31/2013
AL,Barbour Co. Jail,111,Local,,,,,12/31/2013
AL,Bayou La Batre City Jail,7,Local,,,,,12/31/2013
AL,Bessemer City Jail,65,Local,,,,,12/31/2013
AL,Bibb Co. Jail,70,Local,,,,,12/31/2013
AL,Bibb Correctional Facility,"1,942",State,565 Bibb Lane,Brent,35034,Bibb,6/30/2012
AL,Birmingham CCC,47,Private,1609 7Th Street North,Birmingham,35204,Jefferson,6/30/2012
AL,Birmingham City Jail,182,Local,,,,,12/31/2013
AL,Birmingham Community Based Facility,289,State,1216 North 25Th Street,Birmingham,35234,Jefferson,6/30/2012
AL,Blount Co. Corr. Fac.,134,Local,,,,,12/31/2013
AL,Boaz City Jail,26,Local,,,,,12/31/2013
AL,Bullock Co. Jail,32,Local,,,,,12/31/2013
AL,Bullock Correctional Facility,"1,331",State,"104 Bullock Dr., Hwy 82 E",Union Springs,36089,,6/30/2012
AL,Bullock Mental Health Facility,264,State,"104 Bullock Dr., Hwy 82 E",Union Springs,36089,,6/30/2012
AL,Butler County Jail,77,Local,,,,,12/31/2013
AL,Camden Community Based Facility,156,State,1780 Al Hwy 221,Camden,36726,Wilcox,6/30/2012
AL,Carbon Hill City Jail,4,Local,,,,,12/31/2013
AL,Cherokee Co. Det. Ctr.,121,Local,,,,,12/31/2013
AL,Chickasaw City Jail,3,Local,,,,,12/31/2013
AL,Childersburg Community Based Facility,551,State,13501 Plant Road,Childersburg,35044,Talladega,6/30/2012
AL,Choctaw Co. Jail,27,Local,,,,,12/31/2013
AL,CItronelle City Jail,12,Local,,,,,12/31/2013
AL,City Jail,1,Local,,,,,12/31/2013
AL,Clarke Co. Jail,188,Local,,,,,12/31/2013
AL,Clay Co. Jail,95,Local,,,,,12/31/2013
AL,Cleburne Co. Jail,73,Local,,,,,12/31/2013
AL,Coffee Co. Jail,136,Local,,,,,12/31/2013
AL,Colbert Co. Jail,92,Local,,,,,12/31/2013
AL,Collinsville City Jail,2,Local,,,,,12/31/2013
AL,Conecuh Co. Jail,36,Local,,,,,12/31/2013
AL,Coosa Co. Jail,40,Local,,,,,12/31/2013
AL,Crenshaw Co. Jail,45,Local,,,,,12/31/2013
AL,Cullman Co. Det. Ctr.,353,Local,,,,,12/31/2013
AL,Dale Co. Jail,60,Local,,,,,12/31/2013
AL,Dallas Co. Jail,187,Local,,,,,12/31/2013
AL,Daphne City Jail,32,Local,,,,,12/31/2013
AL,Decatur City Jail,101,Local,,,,,12/31/2013
AL,Decatur Community Based Facility,680,State,1401 Highway 20 West,Decatur,35601,Morgan,6/30/2012
AL,Dekalb County Detention Center,215,Local,,,,,12/31/2013
AL,Donaldson Correctional Facility,"1,539",State,100 Warrior Lane,Bessemer,35023,Jefferson,6/30/2012
AL,Dothan City Jail,82,Local,,,,,12/31/2013
AL,Draper Correctional Facility,"1,257",State,2828 Alabama Highway 143,Elmore,36025,Elmore,6/30/2012
AL,Easterling Correctional Facility,"1,525",State,200 Wallace Drive,Clio,36017,Barbour,6/30/2012
AL,Elba Community Based Facility,243,State,1620 Boswell Street,Elba,36323,Coffee,6/30/2012
AL,Elmore Co. Jail,167,Local,,,,,12/31/2013
AL,Elmore Correctional Facility,"1,182",State,3520 Marion Spillway Road,Elmore,36025,Elmore,6/30/2012
AL,Escambia Co. Det. Ctr.,206,Local,,,,,12/31/2013
AL,Etowah Co. Det. Ctr.,742,Local,,,,,12/31/2013
AL,Fairfield City Jail,4,Local,,,,,12/31/2013
AL,Fairhope City Jail,10,Local,,,,,12/31/2013
AL,Farquhar Cattle Ranch,62,State,1132 County Road 73,Greensboro,36744,Hale,6/30/2012
AL,Fayette Co. Jail,70,Local,,,,,12/31/2013
AL,Foley City Jail,45,Local,,,,,12/31/2013
AL,Fort Payne City Jail,14,Local,,,,,12/31/2013
AL,Fountain Correctional Facility,"1,256",State,9677 Highway 21 North,Atmore,36503,Escambia,6/30/2012
AL,Frank Lee Work Release,298,State,5305 Ingram Rd,Deatsville,36022,,6/30/2012
AL,Franklin Co. Jail,65,Local,,,,,12/31/2013
AL,Fultondale City Jail,4,Local,,,,,12/31/2013
AL,Gardendale City Jail,12,Local,,,,,12/31/2013
AL,Geneva Co. Jail,69,Local,,,,,12/31/2013
AL,Goodwater City Jail,8,Local,,,,,12/31/2013
AL,Greene Co. Jail,6,Local,,,,,12/31/2013
AL,Guntersville City Jail,26,Local,,,,,12/31/2013
AL,Hale Co. Jail,37,Local,,,,,12/31/2013
AL,Hamilton Aged & Infirmed,296,State,223 Sasser Drive,Hamilton,35570,Marion,6/30/2012
AL,Hamilton Community Based Facility,254,State,1826 Beyar Avenue East,Hamilton,35570,Marion,6/30/2012
AL,Hanceville City Jail,7,Local,,,,,12/31/2013
AL,Hartselle City Jail,3,Local,,,,,12/31/2013
AL,Helena City Jail,1,Local,,,,,12/31/2013
AL,Holman Correctional Facility,997,State,866 Ross Road,Atmore,36503,Escambia,6/30/2012
AL,Homewood City Jail,24,Local,,,,,12/31/2013
AL,Hoover City Jail,60,Local,,,,,12/31/2013
AL,Hueytown City Jail,7,Local,,,,,12/31/2013
AL,Irondale City Jail,4,Local,,,,,12/31/2013
AL,J. O. Davis Correctional Facility,399,State,9681 Highway 21 North,Atmore,36503,Escambia,6/30/2012
AL,Jackson Co. Jail,165,Local,,,,,12/31/2013
AL,Jacksonville City Jail,4,Local,,,,,12/31/2013
AL,James Hood Detention Facility,13,Local,,,,,12/31/2013
AL,Jefferson County Bessemer Jail,105,Local,,,,,12/31/2013
AL,Jefferson County Birmingham Jail,"1,177",Local,,,,,12/31/2013
AL,Kilby Correctional Facility,"1,436",State,12201 Wares Ferry Rd,Montgomery,36117,Montgomery,6/30/2012
AL,Lamar Co. Jail,68,Local,,,,,12/31/2013
AL,Lauderdale County Jail,190,Local,,,,,12/31/2013
AL,Lauderdale County Work Release,43,Local,,,,,12/31/2013
AL,Lawrence Co. Jail,105,Local,,,,,12/31/2013
AL,Limestone Co. Jail,220,Local,,,,,12/31/2013
AL,Limestone Correctional Facility,"2,153",State,28779 Nick Davis Road,Harvest,35749,,6/30/2012
AL,Lipscomb Municipal Jail,2,Local,,,,,12/31/2013
AL,Lowndes Co. Jail,62,Local,,,,,12/31/2013
AL,Loxley Community Work Center,456,State,14880 County Road 64,Loxley,36551,Baldwin,6/30/2012
AL,Mac Sim Butler Montgomery County Detention Facility,608,Local,,,,,12/31/2013
AL,Macon County Law Enforcement Center,10,Local,,,,,12/31/2013
AL,Madison County Detention Facility,984,Local,,,,,12/31/2013
AL,Marengo Co. Det. Ctr.,61,Local,,,,,12/31/2013
AL,Marion Co. Jail,99,Local,,,,,12/31/2013
AL,Midfield City Jail,4,Local,,,,,12/31/2013
AL,"Mobile Community Service Center - Keeton Corrections, Inc.",76,Private,4901 Battleship Parkway,Old Spanish Fort,36104,Montgomery,6/30/2012
AL,Mobile Community Work Center,253,State,2423 N Beltline Hwy,Eight Mile,36610,Mobile,6/30/2012
AL,Mobile County Metro Jail,59,Local,,,,,12/31/2013
AL,Monroe Co. Jail,68,Local,,,,,12/31/2013
AL,Montgomery FPC,895,Federal,Maxwell Air Force Base Bldg. 1251,Montgomery,36112,Montgomery,6/30/2012
AL,Montgomery FPC,662,Federal,Maxwell Air Force Base,Montgomery,36112,Montgomery,4/2/2020
AL,Montgomery Municipal Jail,255,Local,,,,,12/31/2013
AL,Montgomery Women's Facility,300,State,12085 Wares Ferry Road,Montgomery,36117,Montgomery,6/30/2012
AL,Morgan Co. Corr. Fac.,485,Local,,,,,12/31/2013
AL,Mountain Brook City Jail,3,Local,,,,,12/31/2013
AL,Mt. Vernon City Jail,3,Local,,,,,12/31/2013
AL,Opp City Jail,6,Local,,,,,12/31/2013
AL,Orange Beach City Jail,20,Local,,,,,12/31/2013
AL,Oxford City Jail,3,Local,,,,,12/31/2013
AL,Pickens Co. Jail,190,Local,,,,,12/31/2013
AL,Piedmont City Jail,12,Local,,,,,12/31/2013
AL,Pike Co. Jail,74,Local,,,,,12/31/2013
AL,Pleasant Grove City Jail,2,Local,,,,,12/31/2013
AL,Randolph Co. Jail,75,Local,,,,,12/31/2013
AL,Red Eagle Work Center,338,State,1290 Red Eagle Road,Montgomery,36110,Montgomery,6/30/2012
AL,Roanoke City Jail,8,Local,,,,,12/31/2013
AL,Russell Co. Jail,359,Local,,,,,12/31/2013
AL,Russellville City Jail,3,Local,,,,,12/31/2013
AL,Saraland City Jail,10,Local,,,,,12/31/2013
AL,Satsuma City Jail,2,Local,,,,,12/31/2013
AL,Scottsboro City Jail,5,Local,,,,,12/31/2013
AL,Sheffield City Jail,16,Local,,,,,12/31/2013
AL,Shelby Co. Jail,373,Local,,,,,12/31/2013
AL,Sheriff James C. Morgan Det. Fac.,149,Local,,,,,12/31/2013
AL,St. Clair Co. Jail - Ashville,90,Local,,,,,12/31/2013
AL,St. Clair Co. Jail - Pell City,135,Local,,,,,12/31/2013
AL,St. Clair Correctional Facility,"1,332",State,1000 St. Clair Road,Springville,35146,,6/30/2012
AL,Staton Correctional Facility,"1,398",State,2690 Marion Spillway Road,Elmore,36025,Elmore,6/30/2012
AL,Stevenson City Jail,3,Local,,,,,12/31/2013
AL,Sumiton City Jail,9,Local,,,,,12/31/2013
AL,Sumter Co. Jail,33,Local,,,,,12/31/2013
AL,Talladega - Camp,282,Federal,565 East Renfroe Road,Talladega,35160,Talladega,6/30/2012
AL,Talladega Co. Jail,325,Local,,,,,12/31/2013
AL,Talladega FCI,"1,042",Federal,565 East Renfroe Road,Talladega,35160,Talladega,6/30/2012
AL,Talladega FCI,808,Federal,565 East Renfroe Road,Talladega,35160,Talladega,4/2/2020
AL,Talladega-Camp,152,Federal,565 East Renfroe Road,Talladega,35160,Talladega,4/2/2020
AL,Tallapoosa Co. Jail,170,Local,,,,,12/31/2013
AL,Tallassee City Jail,113,Local,,,,,12/31/2013
AL,Tarrant City Jail,11,Local,,,,,12/31/2013
AL,Troy City Jail,9,Local,,,,,12/31/2013
AL,Trussville City Jail,25,Local,,,,,12/31/2013
AL,Tuscaloosa Co. Jail,640,Local,,,,,12/31/2013
AL,Tutwiler Annex,249,State,8950 U S Highway 231 North,Wetumpka,36092,Elmore,6/30/2012
AL,Tutwiler Prison For Women,737,State,8966 Us Highway 231 North,Wetumpka,36092,Elmore,6/30/2012
AL,Ventress Correctional Facility,"1,667",State,379 Alabama Highway 239 North,Clayton,36016,Barbour,6/30/2012
AL,W.S. Buck Jones Detention Center,404,Local,,,,,12/31/2013
AL,Warrior City Jail,4,Local,,,,,12/31/2013
AL,Winston Co. Jail,90,Local,,,,,12/31/2013
AR,Arkansas Co. Det. Ctr.,85,Local,,,,,12/31/2013
AR,Ashley Co. Jail,100,Local,,,,,12/31/2013
AR,Baxter Co. Jail,100,Local,,,,,12/31/2013
AR,Benton Co. Det. Fac.,413,Local,,,,,12/31/2013
AR,Benton Unit,318,State,6701 Highway 67,Benton,72015,Saline,6/30/2012
AR,Boone Co. Law Enf. Ctr.,93,Local,,,,,12/31/2013
AR,Brinkley City Jail,8,Local,,,,,12/31/2013
AR,Cabot City Jail,2,Local,,,,,12/31/2013
AR,Calhoun County Detention Center,20,Local,,,,,12/31/2013
AR,Carroll County Det. Ctr.,64,Local,,,,,12/31/2013
AR,Central Arkansas Community Correction Center,150,State,4823 West 7Th St,Little Rock,72205,Pulaski,6/30/2012
AR,City of Faith Residential Re-Entry Center,80,Private,1401 S Garfield Drive,Little Rock,72204,Pulaski,6/30/2012
AR,Clark Co. Jail,51,Local,,,,,12/31/2013
AR,Clay Co. Jail,72,Local,,,,,12/31/2013
AR,Cleburne Co. Jail,80,Local,,,,,12/31/2013
AR,Cleveland Co. Jail,4,Local,,,,,12/31/2013
AR,Columbia Co. Jail,74,Local,,,,,12/31/2013
AR,Conway Co. Det. Ctr.,54,Local,,,,,12/31/2013
AR,Craighead Co. Det. Ctr.,253,Local,,,,,12/31/2013
AR,Crawford County Jail,88,Local,,,,,12/31/2013
AR,Cross County Jail And Detention Center,58,Local,,,,,12/31/2013
AR,Crossett City Jail,12,Local,,,,,12/31/2013
AR,Cummins Unit,"1,867",State,2540 St. Highway 388,Gould,71643,Lincoln,6/30/2012
AR,Dallas Co. Jail,110,Local,,,,,12/31/2013
AR,Delta Regional Unit,553,State,880 East Gaines Street,Dermott,71638,,6/30/2012
AR,Drew Co. Det. Fac.,24,Local,,,,,12/31/2013
AR,Dumas City Jail,24,Local,,,,,12/31/2013
AR,East Arkansas Regional Unit,"1,639",State,326 Lee 601,Brickeys,72320,Lee,6/30/2012
AR,Forrest City FCI,"1,934",Federal,1400 Dale Bumpers Road,Forrest City,72335,St Francis,6/30/2012
AR,Forrest City FCI,"1,853",Federal,1400 Dale Bumpers Road,Forrest City,72335,St Francis,4/2/2020
AR,Forrest City FCI - Camp,294,Federal,1400 Dale Bumpers Road,Forrest City,72335,St Francis,6/30/2012
AR,Forrest City FCI-Camp,256,Federal,1400 Dale Bumpers Road,Forrest City,72335,St Francis,4/2/2020
AR,Forrest City Med FCI,"1,648",Federal,1400 Dale Bumpers Road,Forrest City,72335,St Francis,6/30/2012
AR,Forrest City Med FCI,"1,146",Federal,1400 Dale Bumpers Road,Forrest City,72335,St Francis,4/2/2020
AR,Franklin Co. Jail,37,Local,,,,,12/31/2013
AR,Fulton Co. Jail,14,Local,,,,,12/31/2013
AR,Garland County Crimal Detention Facilty,205,Local,,,,,12/31/2013
AR,Greene Co. Jail,162,Local,,,,,12/31/2013
AR,Grimes Unit,"1,018",State,300 Corrections Drive,Newport,72112,Jackson,6/30/2012
AR,Hempstead Co. Jail,105,Local,,,,,12/31/2013
AR,Howard Co. Detention Facility,49,Local,,,,,12/31/2013
AR,Izard Co. Jail,45,Local,,,,,12/31/2013
AR,J. Aaron Hawkins Center,407,State,22522 Asher Road,Little Rock,72206,,6/30/2012
AR,Jackson Co. Det. Ctr.,68,Local,,,,,12/31/2013
AR,Lafayette Co. Jail,25,Local,,,,,12/31/2013
AR,Lake Village City Jail,9,Local,,,,,12/31/2013
AR,Little River County Jail,25,Local,,,,,12/31/2013
AR,Lonoke Co. Det. Ctr.,123,Local,,,,,12/31/2013
AR,Madison Co. Jail,12,Local,,,,,12/31/2013
AR,Marianna City Jail,14,Local,,,,,12/31/2013
AR,Marion Co. Law Enf. Ctr.,3,Local,,,,,12/31/2013
AR,Maximum Security Unit,562,State,2501 State Farm Road,Tucker,72168,Jefferson,6/30/2012
AR,Mcpherson Unit,772,State,302 Corrections Drive,Newport,72112,Jackson,6/30/2012
AR,Miller Co. Jail,230,Local,,,,,12/31/2013
AR,Mississippi Co. Det. Ctr.,155,Local,,,,,12/31/2013
AR,Mississippi County Work Release Center,126,State,727 North County Road 599,Luxora,72538,Fulton,6/30/2012
AR,Montgomery Co. Jail,8,Local,,,,,12/31/2013
AR,Nevada Co. Jail,10,Local,,,,,12/31/2013
AR,North Central Unit,576,State,10 Prison Circle,Calico Rock,72519,,6/30/2012
AR,Northeast Arkansas Community Correction Center,238,State,1351 Cyro Rd,Osceola,72370,Mississippi,6/30/2012
AR,Northwest Arkansas Work Release Center,41,State,210 Spring Street,Springdale,72764,,6/30/2012
AR,Omega Technical Violator Center,286,State,104 Walco Lane,Malvern,72104,Hot Spring,6/30/2012
AR,Osceola City Jail,17,Local,,,,,12/31/2013
AR,Ouachita Co. Jail,135,Local,,,,,12/31/2013
AR,Ouachita River Unit,"1,669",State,100 Walco Lane,Malvern,72104,Hot Spring,6/30/2012
AR,Perry County Detention Center,40,Local,,,,,12/31/2013
AR,Pike Co. Jail,24,Local,,,,,12/31/2013
AR,Pine Bluff Complex,441,State,890 Free Line Drive,Pine Bluff,71603,Jefferson,6/30/2012
AR,Poinsett Co. Det. Ctr.,85,Local,,,,,12/31/2013
AR,Polk Co. Jail,42,Local,,,,,12/31/2013
AR,Pope Co. Det. Ctr.,164,Local,,,,,12/31/2013
AR,Prairie Co. Jail,24,Local,,,,,12/31/2013
AR,Pulaski County Regional Detention Facility,"1,197",Local,,,,,12/31/2013
AR,Randall L. Williams Correctional Facility,542,State,7206 West 7Th Street,Pine Bluff,71603,Jefferson,6/30/2012
AR,Randolph County Law Enforcement Detention Center,34,Local,,,,,12/31/2013
AR,Saline Co. Det. Fac.,183,Local,,,,,12/31/2013
AR,Scott Co. Jail,209,Local,,,,,12/31/2013
AR,Searcy Co. Jail,14,Local,,,,,12/31/2013
AR,Sebastian Co. Adult Det. Ctr.,365,Local,,,,,12/31/2013
AR,Sevier Co. Jail,41,Local,,,,,12/31/2013
AR,Sharp Co. Det. Ctr.,36,Local,,,,,12/31/2013
AR,Sheridan City Det. Ctr.,83,Local,,,,,12/31/2013
AR,Southeast Arkansas Community Correction Center,292,State,7301 West 13Th Ave.,Pine Bluff,71602,Jefferson,6/30/2012
AR,Southwest Arkansas Community Correction Center,407,State,506 Walnut Street,Texarkana,71854,Miller,6/30/2012
AR,Springdale City Jail,20,Local,,,,,12/31/2013
AR,St. Francis Co. Jail,71,Local,,,,,12/31/2013
AR,Stone Co. Det. Fac.,18,Local,,,,,12/31/2013
AR,Texarkana Regional Correctional Center,128,State,305 East 5Th Street,Texarkana,71854,Miller,6/30/2012
AR,Tucker Unit,868,State,2400 State Farm Road,Tucker,72168,Jefferson,6/30/2012
AR,Van Buren Co. Det. Ctr.,45,Local,,,,,12/31/2013
AR,Varner Supermax Unit,494,State,320 Highway 388 East,Gould,71643,Lincoln,6/30/2012
AR,Varner Unit,"1,176",State,320 Highway 388 East,Gould,71643,Lincoln,6/30/2012
AR,Washington Co. Det. Ctr.,526,Local,,,,,12/31/2013
AR,White Co. Det. Ctr.,245,Local,,,,,12/31/2013
AR,Woodruff Co. Jail,20,Local,,,,,12/31/2013
AR,Wrightsville Unit,867,State,8400 Highway 386 East,Wrightsville,72183,Pulaski,6/30/2012
AR,Yell Co. Jail - Danville,13,Local,,,,,12/31/2013
AR,Yell Co. Jail - Dardanelle,11,Local,,,,,12/31/2013
AZ,Ak-Chin Tribal Police And Detention Center,12,Indian Country,,,,,6/30/2016
AZ,Apache Co. Jail,78,Local,,,,,12/31/2013
AZ,ASP - Central Arizona Correctional Facility,"1,286",Private,1401 E. Diversion Dam Rd,Florence,85132,Pinal,6/30/2012
AZ,ASP -Florence West,701,Private,915 East Diversion Dam Road,Florence,85132,Pinal,6/30/2012
AZ,ASP -Kingman Cerbat Unit,"1,923",Private,4626 W. English Drive,Golden Valley,86414,,6/30/2012
AZ,ASP -Kingman Hualapai Unit,"1,511",Private,4626 W. English Drive,Golden Valley,86414,,6/30/2012
AZ,ASP -Phoenix West,475,Private,3402 West Cocopah,Phoenix,85009,Maricopa,6/30/2012
AZ,Aspc - Lewis,"5,346",State,26700 South Highway 85,Buckeye,85326,Maricopa,6/30/2012
AZ,Aspc - Perryville,"3,403",State,2014 N. Citrus Road,Goodyear,85395,Maricopa,6/30/2012
AZ,Aspc-Douglas,"1,953",State,6911 North Bdi Boulevard,Douglas,85607,Cochise,6/30/2012
AZ,Aspc-Douglas Papago Unit,257,State,25 East 16Th Street,Douglas,85607,Cochise,6/30/2012
AZ,Aspc-Eyman,"5,103",State,4374 East Butte Avenue,Florence,85132,Pinal,6/30/2012
AZ,Aspc-Florence,"3,629",State,1305 East Butte Avenue,Florence,85132,Pinal,6/30/2012
AZ,Aspc-Florence Globe,293,State,1000 Fairgrounds Road,Globe,85501,Gila,6/30/2012
AZ,Aspc-Florence Picacho Unit,214,State,25230 Picacho Blvd,Picacho,85241,,6/30/2012
AZ,Aspc-Phoenix,574,State,2500 E. Van Buren Street,Phoenix,85008,Maricopa,6/30/2012
AZ,Aspc-Safford,878,State,896 South Cook Road,Safford,85546,Graham,6/30/2012
AZ,Aspc-Safford Fort Grant,680,State,15500 S. Fort Grant Road,Safford,85643,,6/30/2012
AZ,Aspc-Tucson,"5,170",State,10000 South Wilmot,Tucson,85734,Pima,6/30/2012
AZ,Aspc-Tucson Southern Arizona Correctional Release Center(Sacrc),140,State,1275 W. Star Pass Blvd.,Tucson,85734,Pima,6/30/2012
AZ,Aspc-Winslow,"1,239",State,2100 South Hwy 87,Winslow,86047,Navajo,6/30/2012
AZ,Aspc-Winslow Apache Unit,327,State,38322 Us Hwy 180,St. Johns,85936,Apache,6/30/2012
AZ,Aspc-Yuma,"4,298",State,7125 East Juan Sanchez Blvd,San Luis,85349,Yuma,6/30/2012
AZ,Avondale City Jail,21,Local,,,,,12/31/2013
AZ,Behavioral Systems Southwest,60,Private,950 East Diversion Dam Road,Florence,85232,,6/30/2012
AZ,"Behavioral Systems Southwest, Inc. - Tucson Rrc",49,Private,6420 South Park Avenue,Tucson,85706,Pima,6/30/2012
AZ,Bssw- CSC Mint,116,Private,2846 E. Roosevelt Road,Phoenix,85008,Maricopa,6/30/2012
AZ,Cochise Co. Jail,202,Local,,,,,12/31/2013
AZ,Coconino Co. Jail,465,Local,,,,,12/31/2013
AZ,Colorado River Indian Tribes Adult Detention Center,28,Indian Country,,,,,6/30/2016
AZ,Dismas CCC - Tucson,40,Private,3443 S. Richey Blvd,Tucson,85713,Pima,6/30/2012
AZ,Fort Mcdowell Police Department And Holding Facility,1,Indian Country,,,,,6/30/2016
AZ,Fort Mohave Tribal Police Department And Holding Facility,12,Indian Country,,,,,6/30/2016
AZ,Gila Co. Globe Jail,150,Local,,,,,12/31/2013
AZ,Gila Co. Payson Jail,9,Local,,,,,12/31/2013
AZ,Gila River Department of Rehabilitation And Supervision-Adult,76,Indian Country,,,,,6/30/2016
AZ,Gila River Department of Rehabilitation And Supervision-Juvenile,8,Indian Country,,,,,6/30/2016
AZ,Graham Co. Det. Ctr.,111,Local,,,,,12/31/2013
AZ,Greenlee Co. Corr. Fac.,26,Local,,,,,12/31/2013
AZ,Hualapai Adult Detention Center,20,Indian Country,,,,,6/30/2016
AZ,Hualapai Juvenile Detention And Rehabilitation Center,4,Indian Country,,,,,6/30/2016
AZ,La Palma Correctional Center - CCA,"2,982",Private,5501 North La Palma Road,Eloy,85131,Pinal,6/30/2012
AZ,La Paz County Adult Detention Facility,144,Local,,,,,12/31/2013
AZ,Marana Community Correctional Treatment Facility,477,Private,12610 W Silverbell Road,Marana,85653,Pima,6/30/2012
AZ,Maricopa County Jail System,"8,099",Local,,,,,12/31/2013
AZ,Mohave County Adult Detention Facility,533,Local,,,,,12/31/2013
AZ,Navajo Co. Det. Ctr.,279,Local,,,,,12/31/2013
AZ,Navajo Department of Corrections-Chinle,52,Indian Country,,,,,6/30/2016
AZ,Navajo Department of Corrections-Kayenta Police Department And Ho,7,Indian Country,,,,,6/30/2016
AZ,Navajo Department of Corrections-Tuba City,47,Indian Country,,,,,6/30/2016
AZ,Navajo Department of Corrections-Window Rock,51,Indian Country,,,,,6/30/2016
AZ,New Beginnings Treatment Center,67,Private,2445 N Oracle Rd,Tucson,85705,Pima,6/30/2012
AZ,Pascua Yaqui Police Department And Holding Facility,3,Indian Country,,,,,6/30/2016
AZ,Phoenix - Camp,306,Federal,37900 N 45Th Avenue,Phoenix,85086,Maricopa,6/30/2012
AZ,Phoenix FCI,"1,098",Federal,37900 N 45Th Ave,Phoenix,85086,Maricopa,6/30/2012
AZ,Phoenix FCI,988,Federal,37900 N 45Th Ave,Phoenix,85086,Maricopa,4/2/2020
AZ,Phoenix-Camp,269,Federal,37900 N 45Th Ave,Phoenix,85086,Maricopa,4/2/2020
AZ,Pima County Adult Detention Complex,"2,018",Local,,,,,12/31/2013
AZ,Pinal Co. Jail,"1,121",Local,,,,,12/31/2013
AZ,Red Rock Correctional Center - CCA,"1,469",Private,1750 East Arica Road,Eloy,85131,Pinal,6/30/2012
AZ,Safford FCI,848,Federal,1529 West Highway 366,Safford,85546,Graham,4/2/2020
AZ,Safford FCI,"1,212",Federal,1529 West Highway 366,Safford,85546,Graham,6/30/2012
AZ,Saguaro Correctional Center - CCA,"1,626",Private,1250 East Arica Road,Eloy,85131,Pinal,6/30/2012
AZ,Salt River Pima-Maricopa Department of Corrections,72,Indian Country,,,,,6/30/2016
AZ,San Carlos Department of Corrections And Rehabilitation-Adult Det,106,Indian Country,,,,,6/30/2016
AZ,San Carlos Department of Corrections And Rehabilitation-Juvenile,3,Indian Country,,,,,6/30/2016
AZ,Supai Law Enforcement And Holding Facility,5,Indian Country,,,,,6/30/2016
AZ,Tohono O'odham Adult Detention Center,150,Indian Country,,,,,6/30/2016
AZ,Tohono O'odham Juvenile Detention Center/F,N/A,Indian Country,,,,,6/30/2016
AZ,Tuba City Juvenile Detention Center,1,Indian Country,,,,,6/30/2016
AZ,Tucson FCI,762,Federal,8901 S. Wilmot Road,Tucson,85706,Pima,6/30/2012
AZ,Tucson FCI,433,Federal,8901 S. Wilmot Road,Tucscon,85756,Pima,4/2/2020
AZ,Tucson USP,"1,596",Federal,9300 South Wilmot Road,Tucson,85706,Pima,6/30/2012
AZ,Tucson USP,"1,360",Federal,9300 South Wilmot Road,Tucson,85756,Pima,4/2/2020
AZ,Tucson USP - Camp,139,Federal,8901 S. Wilmot Road,Tucson,85706,Pima,6/30/2012
AZ,Tucson-Camp,154,Federal,9300 South Wilmot Road,Tucson,85756,Pima,4/2/2020
AZ,White Mountain Apache Detention Center,84,Indian Country,,,,,6/30/2016
AZ,Yapavai Co. Camp Verde Facility,555,Local,,,,,12/31/2013
AZ,Yuma Co. Det. Ctr.,544,Local,,,,,12/31/2013
CA,Acton Conservation Camp,79,State,8800 Soledad Canyon Rd,Action,93510,Los Angeles,6/30/2012
CA,Adult Pretrial Facility,376,Local,,,,,12/31/2013
CA,Alameda Co. - Glenn Dyer Detention Facility,424,Local,,,,,12/31/2013
CA,Alameda County Santa Rita Jail: Rehabilitation Facility,"2,853",Local,,,,,12/31/2013
CA,Alder Conservation Camp,100,State,1400 Alder Camp Rd,Klamath,95548,Del Norte,6/30/2012
CA,"Alhambra City Jail-Corr. Systems, Inc.",5,Local,,,,,12/31/2013
CA,Amador Co. Jail,94,Local,,,,,12/31/2013
CA,Antelope Conservation Camp,132,State,711-045 Center-Road,Susanville,96130,Lassen,6/30/2012
CA,Atwater - Camp,148,Federal,1 Federal Way,Atwater,95301,Merced,6/30/2012
CA,Atwater USP,"1,367",Federal,1 Federal Way,Atwater,95301,Merced,6/30/2012
CA,Atwater USP,985,Federal,1 Federal Way,Atwater,95301,Merced,4/2/2020
CA,Atwater-Camp,128,Federal,1 Federal Way,Atwater,95301,Merced,4/2/2020
CA,Avenal State Prison,"4,707",State,1 Kings Way,Avenal,93204,Kings,6/30/2012
CA,Baseline Conservation Camp,117,State,16809 Peoria Flat Road,Jamestown,95327,Tuolumne,6/30/2012
CA,Bautista Conservation Camp,109,State,33015 Bautista Canyon Road,Hemet,92544,Riverside,6/30/2012
CA,Ben Lomon Conservation Camp,93,State,13575 Empire Grade Road,Santa Cruz,95060,Santa Cruz,6/30/2012
CA,Bob Wiley Detention Facility,705,Local,,,,,12/31/2013
CA,Butte Co. Jail,594,Local,,,,,12/31/2013
CA,Calaveras Co. Jail,71,Local,,,,,12/31/2013
CA,California Correctional Center,"2,662",State,711-045 Center Road,Susanville,96130,Lassen,6/30/2012
CA,California Correctional Institution,"4,642",State,24900 Hwy 202,Tehachapi,93561,Kern,6/30/2012
CA,California Institution For Men,"5,176",State,14901 Central Avenue,Chino,91710,San Bernardino,6/30/2012
CA,California Institution For Women,"1,258",State,16756 Chino-Corona Road,Corona,92880,Riverside,6/30/2012
CA,California Medical Facility,"2,387",State,1600 California Drive,Vacaville,95696,Solano,6/30/2012
CA,California Mens Colony,"5,597",State,Highway 1,San Luis Obispo,93409,San Luis Obispo,6/30/2012
CA,California Rehabilitation Center,"3,709",State,5Th Street & Western,Norco,29860,,6/30/2012
CA,"California State Prison, Sacramento","2,733",State,300 Prison Road,Represa,95671,Sacramento,6/30/2012
CA,"California State Prison, Solano","4,289",State,2100 Peabody Road,Vacaville,95687,Solano,6/30/2012
CA,California Substance ATF - Corcoran,"5,566",State,900 Quebec Avenue,Corcoran,93212,Kings,6/30/2012
CA,Calipatria State Prison,"3,874",State,7018 Blair Road,Calipatria,92233,Imperial,6/30/2012
CA,Centinela State Priosn,"3,750",State,2302 Brown Road,Imperial,92251,Imperial,6/30/2012
CA,Central California Women's Facility,"2,724",State,23370 Road 22,Chowchilla,93610,Madera,6/30/2012
CA,Chamberlain Creek Conservation Camp,100,State,15800 Hwy 20,Fort Bragg,95437,Mendocino,6/30/2012
CA,Chuckawalla Valley State Prison,"2,541",State,19025 Wiley's Well Rd,Blythe,92225,Riverside,6/30/2012
CA,Colusa Co. Jail,69,Local,,,,,12/31/2013
CA,Concoran State Prison,"4,686",State,4001 King Avenue,Corcoran,93212,Kings,6/30/2012
CA,Contra Costa County Main Detention Center,634,Local,,,,,12/31/2013
CA,Contra Costa County Marsh Creek Detention And Rehab Facility,68,Local,,,,,12/31/2013
CA,Contra Costa West County Detention Facility,796,Local,,,,,12/31/2013
CA,Correctional Alternatives Inc.,285,Local,,,,,12/31/2013
CA,"Correctional Alternatives, Inc",112,Private,2727 Boston Avenue,San Diego,92113,San Diego,6/30/2012
CA,Correctional Training Facility,"5,640",State,Highway 101 North,Soledad,93960,Monterey,6/30/2012
CA,Cuesta Conservation Camp,40,State,635 N Santa Rosa St,San Luis Obispo,93405,San Luis Obispo,6/30/2012
CA,Custody Alternative Facility,N/A,Local,,,,,12/31/2013
CA,Deadwood Conservation Camp,79,State,17148 Mc Adams Creek Road,Fort Jones,96032,Siskiyou,6/30/2012
CA,Del Norte Co. Jail,90,Local,,,,,12/31/2013
CA,Delta Conservation Camp,113,State,6246 Lambie Road,Suisun City,94585,Solano,6/30/2012
CA,Deuel Vocational Institution,"2,579",State,23500 Kasson Road,Tracy,95304,San Joaquin,6/30/2012
CA,Devil's Garden Conservation Camp,105,State,2300 County Rd 74,Alturas,96101,Modoc,6/30/2012
CA,Dublin - Camp,314,Federal,5701 8Th St - Camp Parks,Dublin,94568,Alameda,6/30/2012
CA,Dublin FCI,993,Federal,5701 8Th St - Camp Parks,Dublin,94568,Alameda,6/30/2012
CA,Dublin FCI,"1,008",Federal,5701 8Th St - Camp Parks,Dublin,94568,Alameda,4/2/2020
CA,Dublin-Camp,183,Federal,5701 8Th St - Camp Parks,Dublin,94568,Alameda,4/2/2020
CA,Eel River Conservation Camp,118,State,3850 Redwood Dr,Redway,95560,Humboldt,6/30/2012
CA,El Dorado Co. - South Lake Tahoe Jail,112,Local,,,,,12/31/2013
CA,El Dorado Co. Jail,259,Local,,,,,12/31/2013
CA,El Monte Center- Cornell Corrections,61,Private,11750 Ramona Blvd,El Monte,91732,Los Angeles,6/30/2012
CA,Elmwood Complex,"2,567",Local,,,,,12/31/2013
CA,Family Foundations Program - Fresno,63,Private,2855 West Whitesbridge Avenue,Fresno,93706,Fresno,6/30/2012
CA,Female Rehabilitative Correctional Community Center (Frccc),63,Private,1932 Jessie Street,Bakersfield,93305,Kern,6/30/2012
CA,Fenner Canyon Conservation Camp,123,State,Forest Service Road 4N55,Valyermo,93563,Los Angeles,6/30/2012
CA,Folsom State Prison,"2,922",State,300 Prison Road,Represa,95671,Sacramento,6/30/2012
CA,Francisquito Conservation Camp,80,State,35100 N San Francisco Canyon Rd,Santa Clarita,91390,Los Angeles,6/30/2012
CA,Fresno County Jail,"3,017",Local,,,,,12/31/2013
CA,Gabilan Conservation Camp,123,State,Route 1,Soledad,94694,,6/30/2012
CA,Garden Grove Residential Re-Entry Center,47,Private,11112 Barclay Dr.,Garden Grove,92841,Orange,6/30/2012
CA,Gateways Rrc,35,Private,1801 Lakeshore Drive,Los Angeles,90026,Los Angeles,6/30/2012
CA,Glendale City Jail,16,Local,,,,,12/31/2013
CA,Glenn Co. Jail,107,Local,,,,,12/31/2013
CA,Golden State Modified Community Correctional Facility - Geo,616,Private,611 Frontage Road,Mcfarland,93250,Kern,6/30/2012
CA,Growlerberg Conservation Camp,115,State,5440 Longview Lane,Georgetown,95634,El Dorado,6/30/2012
CA,Herlong - Camp,143,Federal,741-925 Access Road A-25,Herlong,96113,Lassen,6/30/2012
CA,Herlong FCI,"1,631",Federal,741-925 Access Road A-25,Herlong,96113,Lassen,6/30/2012
CA,Herlong FCI,966,Federal,741-925 Access Road A-25,Herlong,96113,Lassen,4/2/2020
CA,Herlong-Camp,70,Federal,741-925 Access Road A-25,Herlong,96113,Lassen,4/2/2020
CA,High Desert State Prison,"3,743",State,475-750 Rice Canyon Road,Susanville,96130,Lassen,6/30/2012
CA,High Rock Conservation Camp,97,State,2332 Ave Of The Giants,Weott,95571,Humboldt,6/30/2012
CA,Humboldt County Correctional Facility,371,Local,,,,,12/31/2013
CA,Imperial County Jail,534,Local,,,,,12/31/2013
CA,Intermountain Conservation Camp,86,State,651025 Foothill Road,Bieber,96009,Lassen,6/30/2012
CA,Inyo Co. Jail,73,Local,,,,,12/31/2013
CA,Ironwood State Prison,"3,361",State,19005 Wiley's Well Road,Blythe,92226,Riverside,6/30/2012
CA,Ishi Conservation Camp,103,State,30500 Plum Creek Road,Paynes Creek,96075,Tehama,6/30/2012
CA,John Latorraca Correctional Center,488,Local,,,,,12/31/2013
CA,Julius Klein Conservation Camp,107,State,East Fork Road,Azusa,91702,Los Angeles,6/30/2012
CA,Kern County Central Receiving Facility,155,Local,,,,,12/31/2013
CA,Kern County Lerdo Maximum-Medium,377,Local,,,,,12/31/2013
CA,Kern County Lerdo Minimum Security Facility,781,Local,,,,,12/31/2013
CA,Kern County Lerdo Pre-Trial Facility,"1,209",Local,,,,,12/31/2013
CA,Kern Valley State Prison,"4,201",State,3000 West Cecil Avenue,Delano,93216,,6/30/2012
CA,Kings Co. Jail,454,Local,,,,,12/31/2013
CA,Kings County Branch Jail,98,Local,,,,,12/31/2013
CA,Konocti Conservation Camp,108,State,10344 State Hwy 29,Lower Lake,96130,Lassen,6/30/2012
CA,La CIma Corectional Camp,81,State,15108 Sunrise Highway,Julian,92036,San Diego,6/30/2012
CA,Lake Co. Hill Rd. Corr. Fac.,313,Local,,,,,12/31/2013
CA,Lassen Co. Jail,126,Local,,,,,12/31/2013
CA,Lompoc FCI,"1,481",Federal,3600 Guard Road,Lompoc,93436,Santa Barbara,6/30/2012
CA,Lompoc FCI,"1,270",Federal,3600 Guard Road,Lompoc,93436,Santa Barbara,4/2/2020
CA,Lompoc USP,"1,620",Federal,3901 Klein Blvd,Lompoc,93436,Santa Barbara,6/30/2012
CA,Lompoc USP,975,Federal,3901 Klein Blvd,Lompoc,93436,Santa Barbara,4/2/2020
CA,Lompoc USP - Camp,518,Federal,3901 Klein Blvd,Lompoc,93436,Santa Barbara,6/30/2012
CA,Lompoc USP-Camp,360,Federal,3901 Klein Blvd,Lompoc,93436,Santa Barbara,4/2/2020
CA,Lompoc USP-Camp N,162,Federal,3901 Klein Blvd,Lompoc,93436,Santa Barbara,4/2/2020
CA,Long Beach City Jail,105,Local,,,,,12/31/2013
CA,Los Angeles County - Century Regional Detention Facility,"2,106",Local,,,,,12/31/2013
CA,Los Angeles County - Inmate Reception Center,319,Local,,,,,12/31/2013
CA,Los Angeles County - Mens Central Jail,"4,688",Local,,,,,12/31/2013
CA,Los Angeles County - North County Correctional Facility,"3,880",Local,,,,,12/31/2013
CA,Los Angeles County - Twin Towers Correctional Facility,"3,935",Local,,,,,12/31/2013
CA,Los Angeles County Pitchess Detention Center - East,799,Local,,,,,12/31/2013
CA,Los Angeles County State Prison,"3,915",State,44750 60Th Street West,Lancaster,93536,Los Angeles,6/30/2012
CA,Los Angeles Mdc,589,Federal,535 N Alameda Street,Los Angeles,90012,Los Angeles,4/2/2020
CA,Malibu Conversation Camp,77,State,1250 S Encinal Canyon Rd,Malibu,90265,Los Angeles,6/30/2012
CA,Marin Co. Jail,287,Local,,,,,12/31/2013
CA,Mariposa Co. Jail,50,Local,,,,,12/31/2013
CA,MCCain Valley Conservation Camp,94,State,2550 Mccain Valley Rd,Boulevard,91905,San Diego,6/30/2012
CA,Men's Correctional Facility,293,Local,,,,,12/31/2013
CA,Men's Facility,"1,396",Local,,,,,12/31/2013
CA,Mendocino Co. Jail,237,Local,,,,,12/31/2013
CA,Mendota - Camp,122,Federal,33500 West California Avenue,Mendota,93640,Fresno,6/30/2012
CA,Mendota FCI,380,Federal,33500 West California Avenue,Mendota,93640,Fresno,6/30/2012
CA,Mendota FCI,697,Federal,33500 West California Avenue,Mendota,93640,Fresno,4/2/2020
CA,Mendota-Camp,101,Federal,33500 West California Avenue,Mendota,93640,Fresno,4/2/2020
CA,Merced Co. Jail,170,Local,,,,,12/31/2013
CA,Miramonte Conservation Camp,75,State,49039 Orchard Drive,Miramonte,93641,Fresno,6/30/2012
CA,Modoc Co. Det. Ctr.,27,Local,,,,,12/31/2013
CA,Mono Co. Jail,38,Local,,,,,12/31/2013
CA,Monroe Detention Complex,450,Local,,,,,12/31/2013
CA,"Montebello City Jail - Geo Group, Inc.",5,Local,,,,,12/31/2013
CA,Monterey County Jail,"1,100",Local,,,,,12/31/2013
CA,Monterey Park City Jail,4,Local,,,,,12/31/2013
CA,Mountain Home Conservation Camp,96,State,45260 Bear Creek Road,Springville,93265,Tulare,6/30/2012
CA,Mt Bullion Correctional Camp,92,State,5730 Mount Bullion Access Rd,Mariposa,95338,Mariposa,6/30/2012
CA,Mt Gleason Conservation Camp,88,State,12653 North Little Tujunga Canyon,Sylmar,91342,Los Angeles,6/30/2012
CA,Mule Creek State Prison,"3,076",State,4001 Hwy 104,Ione,95640,Amador,6/30/2012
CA,Napa Co. Jail,248,Local,,,,,12/31/2013
CA,Nevada Co. - Truckee Jail,4,Local,,,,,12/31/2013
CA,Nevada Co. - Wayne Brown Corr. Fac.,222,Local,,,,,12/31/2013
CA,North Kern State Prison,"4,790",State,2737 W Cecil Avenue,Delano,93216,,6/30/2012
CA,Oak Glen Conservation Camp,140,State,41100 Pinebench Rd,Yucaipa,92399,San Bernardino,6/30/2012
CA,Oakland Center- Cornell Corrections,60,Private,205 Macarthur Boulevard,Oakland,94610,Alameda,6/30/2012
CA,Orange County Jails - Intake/Release Center,760,Local,,,,,12/31/2013
CA,Orange County James Musick Facility,"1,244",Local,,,,,12/31/2013
CA,Orange County Theo Lacy Facility,"3,266",Local,,,,,12/31/2013
CA,Owens Valley Conservation Camp,121,State,2781 Round Valley Road,Bishop,93514,,6/30/2012
CA,Parlin Fork Conservation Camp,98,State,23000 Hwy 20,Fort Bragg,95437,Mendocino,6/30/2012
CA,Pelican Bay State Prison,"3,181",State,5905 Lake Earl Drive,Crescent City,95532,Del Norte,6/30/2012
CA,Pilot Rock Conservation Camp,74,State,California 138,Hesperia,92325,San Bernardino,6/30/2012
CA,Pitchess Detention Center - South,"1,460",Local,,,,,12/31/2013
CA,Pitchess Detention Center- North,"1,464",Local,,,,,12/31/2013
CA,Placer Co. Jail,630,Local,,,,,12/31/2013
CA,Pleasant Valley State Prison,"3,811",State,24863 W Jayne Avenue,Coalinga,93210,Fresno,6/30/2012
CA,Plumas Co. Sheriffs Corr. Ctr.,41,Local,,,,,12/31/2013
CA,Prado Conservation Camp,89,State,14467 Central Ave,Chino,91710,San Bernardino,6/30/2012
CA,Pretrial Detention Facility (Ptdf),808,Local,,,,,12/31/2013
CA,Prototypes,14,Private,845 East Arrow Highway,Pomona,91767,Los Angeles,6/30/2012
CA,Puerta La Cruz Conservation Camp,89,State,32363 Highway 79,Warmer Springs,92086,San Diego,6/30/2012
CA,R. J. Donovan Correctional Facility,"3,549",State,480 Alta Road,San Diego,92179,San Diego,6/30/2012
CA,Rainbow Conservation Camp,76,State,8215 Rainbow Heights Rd,Fallbrook,92028,San Diego,6/30/2012
CA,Rio Cosumnes Correctional Center (Rccc),"2,039",Local,,,,,12/31/2013
CA,Riverside County - Robert Presley Detention Center,834,Local,,,,,12/31/2013
CA,Riverside County Blythe Jail,109,Local,,,,,12/31/2013
CA,Riverside County Correctional Facility,"1,459",Local,,,,,12/31/2013
CA,Riverside County Indio Jail,372,Local,,,,,12/31/2013
CA,Riverside County S.W. Detention Center,"1,123",Local,,,,,12/31/2013
CA,Sacramento County Main Jail,"2,093",Local,,,,,12/31/2013
CA,Salinas Valley State Prison,"3,579",State,31625 Highway 101,Soledad,93960,Monterey,6/30/2012
CA,Salt Creek Conservation Camp,121,State,10655 Round Valley Rd,Paskenta,96074,Tehama,6/30/2012
CA,San Benito Co. Jail,118,Local,,,,,12/31/2013
CA,San Diego County Central Detention Facility,899,Local,,,,,12/31/2013
CA,San Diego County Detention Facility 8,243,Local,,,,,12/31/2013
CA,San Diego County East Mesa Reentry Facility,519,Local,,,,,12/31/2013
CA,San Diego County George F. Bailey Detention Facility,"1,739",Local,,,,,12/31/2013
CA,San Diego County Las Colinas Womens Detention Facility,823,Local,,,,,12/31/2013
CA,San Diego County South Bay Detention Facility,474,Local,,,,,12/31/2013
CA,San Diego County Vista Detention Facility,831,Local,,,,,12/31/2013
CA,San Diego MCC,884,Federal,808 Union Street,San Diego,92101,San Diego,4/2/2020
CA,San Francisco Jail #5,640,Local,,,,,12/31/2013
CA,San Francisco Jail No. 2,261,Local,,,,,12/31/2013
CA,San Francisco Jail No. 4,285,Local,,,,,12/31/2013
CA,San Joaquin County Jail,"1,350",Local,,,,,12/31/2013
CA,San Luis Obispo Co. Jail,690,Local,,,,,12/31/2013
CA,San Mateo County Maguire Correctional Facility,877,Local,,,,,12/31/2013
CA,San Mateo County Minimum Security Facility For Men,35,Local,,,,,12/31/2013
CA,San Mateo County Women's Transitional Facility (Minimum Security),11,Local,,,,,12/31/2013
CA,San Mateo Womens Correctional Center,124,Local,,,,,12/31/2013
CA,San Quentin State Prison,"3,807",State,1 Main Street,San Quentin,94964,Marin,6/30/2012
CA,Santa Ana Jail,449,Local,,,,,12/31/2013
CA,Santa Barbara County Jails,"1,249",Local,,,,,12/31/2013
CA,Santa Clara County Jail,"1,439",Local,,,,,12/31/2013
CA,Santa Cruz Co. - Rountree Lane Med. Sec. Fac.,99,Local,,,,,12/31/2013
CA,Santa Cruz Co. Main Jail And Womens Facility,446,Local,,,,,12/31/2013
CA,Seal Beach Detention Facility,6,Local,,,,,12/31/2013
CA,Shasta Co. Jail,322,Local,,,,,12/31/2013
CA,Sierra Co. Jail,5,Local,,,,,12/31/2013
CA,Sierra Conservation Center,"2,529",State,5100 O'byrnes Ferry Rd,Jamestown,95327,Tuolumne,6/30/2012
CA,Siskiyou Co. Jail,91,Local,,,,,12/31/2013
CA,Solano Co. - Justice Center Detention Facility,618,Local,,,,,12/31/2013
CA,Solano County Sentenced Detention Facility,307,Local,,,,,12/31/2013
CA,Sonoma County Main Jail,752,Local,,,,,12/31/2013
CA,Sonoma County North Detention Facility,333,Local,,,,,12/31/2013
CA,Stanislaus County Jail,365,Local,,,,,12/31/2013
CA,Stanislaus County Public Safety Center,514,Local,,,,,12/31/2013
CA,Sugar Pine Conservation Camp,119,State,15905 Sugar Pine Camp Rd,Bella Vista,96008,Shasta,6/30/2012
CA,Sutter Co. Jail,259,Local,,,,,12/31/2013
CA,Taft - Camp,568,Private,1500 Cadet Road,Taft,93268,Kern,6/30/2012
CA,Taft CI,"1,773",Private,1500 Cadet Road,Taft,93268,Kern,6/30/2012
CA,Taft CI,707,Private,1500 Cadet Road,Taft,93268,Kern,4/2/2020
CA,Taft-Camp,197,Private,1500 Cadet Road,Taft,93268,Kern,4/2/2020
CA,Taylor Street Center & Cdc - Geo Group,213,Private,111 Taylor Street,San Francisco,94102,San Francisco,6/30/2012
CA,Tehama Co. Jail,186,Local,,,,,12/31/2013
CA,Terminal Island FCI,"1,155",Federal,1299 Seaside Avenue,San Pedro,90731,Los Angeles,6/30/2012
CA,Terminal Island FCI,"1,088",Federal,1299 Seaside Avenue,San Pedro,90731,Los Angeles,4/2/2020
CA,Trinity Co. Jail,49,Local,,,,,12/31/2013
CA,Trinity River Conservation Camp,127,State,3325 Pettijohn Rd,Lewiston,96052,Trinity,6/30/2012
CA,Tulare County Main Jail,266,Local,,,,,12/31/2013
CA,Tuolumne Co. Jail,145,Local,,,,,12/31/2013
CA,Unit 2,239,Local,,,,,12/31/2013
CA,Vallecito Conservation Camp,93,State,3225 Six Mile Road,Angels Camp,95222,Calaveras,6/30/2012
CA,Valley State Prison For Women,"2,171",State,21633 Avenue 24,Chowchilla,93610,Madera,6/30/2012
CA,Valley View Conservation Camp,110,State,3339 County Road 307,Elk Creek,95939,Glenn,6/30/2012
CA,Ventura Co. - Work Furlough & Work Release Fac.,68,Local,,,,,12/31/2013
CA,Ventura County East Valley Jail,16,Local,,,,,12/31/2013
CA,Ventura County Jail - Todd Road,796,Local,,,,,12/31/2013
CA,Victorville Med I FCI,"1,666",Federal,13777 Air Expressway Blvd,Victorville,92394,San Bernardino,6/30/2012
CA,Victorville Med I FCI,"1,292",Federal,13777 Air Expressway Blvd,Victorville,92394,San Bernardino,4/2/2020
CA,Victorville Med Ii - Camp,311,Federal,13777 Air Expressway Blvd,Victorville,92394,San Bernardino,6/30/2012
CA,Victorville Med Ii FCI,"1,672",Federal,13777 Air Expressway Blvd,Victorville,92394,San Bernardino,6/30/2012
CA,Victorville Med Ii FCI,"1,052",Federal,13777 Air Expressway Blvd,Victorville,92394,San Bernardino,4/2/2020
CA,Victorville Med Ii-Camp,323,Federal,13777 Air Expressway Blvd,Victorville,92394,San Bernardino,4/2/2020
CA,Victorville USP,"1,409",Federal,13777 Air Expressway Blvd,Victorville,92394,San Bernardino,6/30/2012
CA,Victorville USP,"1,331",Federal,13777 Air Expressway Blvd,Victorville,92394,San Bernardino,4/2/2020
CA,Vinewood CCC,60,Private,5520 Harold Way,Los Angeles,90028,Los Angeles,6/30/2012
CA,Wasco State Prison-Reception Center,"5,196",State,701 Scofield Avenue,Wasco,93280,Kern,6/30/2012
CA,Washington Ridge Camp,94,State,11425 Conservation Camp Rd,Nevada City,95959,Nevada,6/30/2012
CA,Whittier Police Jail,7,Local,,,,,12/31/2013
CA,Women's Facility,362,Local,,,,,12/31/2013
CA,Yuba Co. Jail,410,Local,,,,,12/31/2013
CO,Adams County Detention Facility,"1,046",Local,,,,,12/31/2013
CO,Advantage Treatment Center,25,Joint Stat,22101 Hwy 61,Sterling,80751,Logan,6/30/2012
CO,Alamosa Co. Detention Center,90,Local,,,,,12/31/2013
CO,Arapahoe Community Treatment Center,79,Private,3265 West Girard Avenue,Englewood,80110,Arapahoe,6/30/2012
CO,Arapahoe County Residential Center,77,Private,2135 West Chenango Avenue,Littleton,80120,Arapahoe,6/30/2012
CO,Arapahoe County Sheriff's office Dentention Facility,"1,076",Local,,,,,12/31/2013
CO,Archeluta Co. Jail,23,Local,,,,,12/31/2013
CO,Arkansas Valley Correctional Facility,"1,006",State,12750 Highway 96,Crowley,81034,Crowley,6/30/2012
CO,Arrowhead Correctional Center,518,State,E Us Highway 50 & Evans Boulevard,Canon City,81212,Fremont,6/30/2012
CO,Bent Co. Jail,31,Local,,,,,12/31/2013
CO,Bent County Correctional Facility-CCA,"1,374",Private,11560 County Road Ff 75,Las Animas,81054,Bent,6/30/2012
CO,Boulder Co. Jail,475,Local,,,,,12/31/2013
CO,Boulder Community Treatment Center,13,Private,1770 21St St,Boulder,80302,Boulder,6/30/2012
CO,Broomfield Detention Center,61,Local,,,,,12/31/2013
CO,Buena Vista Correctional Facility,921,State,15125 Hwy 24 & 285,Buena Vista,81211,Chaffee,6/30/2012
CO,Buena Vista Minimum Center,300,State,15125 Hwy 24 & 285,Buena Vista,81211,Chaffee,6/30/2012
CO,Centennial Community Transition Center,66,Private,14485 East Fremont Avenue,Englewood,80112,,6/30/2012
CO,Centennial Correctional Facility,437,State,E Us Highway 50 & Evans Boulevard,Canon City,81215,Fremont,6/30/2012
CO,Chaffee Co. Jail,73,Local,,,,,12/31/2013
CO,Cheyenne Mountain Re-Entry Center,579,Private,2925 East Las Vegas Street,Colorado Springs,80906,El Paso,6/30/2012
CO,Chief Ignacio Justice Center Adult Detention,41,Indian Country,,,,,6/30/2016
CO,Chief Ignacio Justice Center Juvenile Detention,4,Indian Country,,,,,6/30/2016
CO,Clear Creek Co. Jail,47,Local,,,,,12/31/2013
CO,Cmi Columbine Facility,47,Private,4280 Columbine St,Denver,80216,,6/30/2012
CO,Cmi Dahlia,67,Private,4511 East 46Th Avenue,Denver,80216,,6/30/2012
CO,Cmi Fox Facility,22,Private,570 West 44Th Avenue,Denver,80216,,6/30/2012
CO,Cmi Ulster,69,Private,3955 Ulster Street,Denver,80216,,6/30/2012
CO,Colorado Correctional Center,150,State,15445 South Golden Road,Golden,80401,Jefferson,6/30/2012
CO,Colorado State Penitentiary,752,State,E Us Highway 50 & Evans Boulevard,Canon City,81215,Fremont,6/30/2012
CO,Colorado Territorial Correctional Facility,877,State,275 West Us Highway 50,Canon City,81215,Fremont,6/30/2012
CO,Comcor Transition,123,Local,,,,,12/31/2013
CO,Comcor Work Release & Diversion,128,Local,,,,,12/31/2013
CO,Comcor Work Release And Training,74,Local,,,,,12/31/2013
CO,"Comcor, Inc.",178,Private,3615 Roberts Road,Colorado Springs,80907,El Paso,6/30/2012
CO,Community Alternatives of El Paso County,211,Private,2945 East Las Vegas Street,Colorado Springs,80906,El Paso,6/30/2012
CO,"Community Correctional Service, Inc (Ccsi)",75,Private,1901 N. Hudson,Pueblo,81001,Pueblo,6/30/2012
CO,Conejos Co. Jail,23,Local,,,,,12/31/2013
CO,"Correctional Alternative Placement Services, Inc",18,Private,445 Ranney Street,Craig,81625,Moffat,6/30/2012
CO,Costilla Co. Jail,15,Local,,,,,12/31/2013
CO,Crowley Co. Jail,5,Local,,,,,12/31/2013
CO,Crowley County Correctional Facility- CSC,"1,257",Private,6564 Highway 96,Olney Springs,81062,Crowley,6/30/2012
CO,Custer County Jail,5,Local,,,,,12/31/2013
CO,Delta Co. Jail,44,Local,,,,,12/31/2013
CO,Delta Correctional Center,474,State,4102 Sawmill Mesa Road,Delta,81416,Delta,6/30/2012
CO,Denver County Jail,831,Local,,,,,12/31/2013
CO,Denver Downtown Detention Center,"1,434",Local,,,,,12/31/2013
CO,Denver Reception & Diagnostic Center,538,State,10900 Smith Road,Denver,80239,Denver,6/30/2012
CO,Denver Women's Correctional Facility,966,State,3600 Havana,Denver,80239,Denver,6/30/2012
CO,Douglas Co. Det. Fac.,236,Local,,,,,12/31/2013
CO,Eagle Co. Corr. Fac.,80,Local,,,,,12/31/2013
CO,El Paso County Criminal Justice Center,"1,485",Local,,,,,12/31/2013
CO,Elbert Co. Jail,21,Local,,,,,12/31/2013
CO,Englewood - Camp,152,Federal,9595 West Quincy Avenue,Littleton,80123,,6/30/2012
CO,Englewood FCI,"1,002",Federal,9595 West Quincy Avenue,Littleton,80123,,6/30/2012
CO,Englewood FCI,"1,003",Federal,9595 West Quincy Avenue,Littleton,80123,,4/2/2020
CO,Englewood-Camp,122,Federal,9595 West Quincy Avenue,Littleton,80123,,4/2/2020
CO,Florence Admax USP,424,Federal,5880 Hwy 67 South,Florence,81226,Fremont,6/30/2012
CO,Florence Admax USP,378,Federal,5880 Hwy 67 South,Florence,81226,Fremont,4/2/2020
CO,Florence FCI,"1,110",Federal,5880 Hwy 67 South,Florence,81226,Fremont,6/30/2012
CO,Florence FCI,999,Federal,5880 Hwy 67 South,Florence,81226,Fremont,4/2/2020
CO,Florence FCI-Camp,400,Federal,5880 Hwy 67 South,Florence,81226,Fremont,4/2/2020
CO,Florence High USP,578,Federal,5880 Hwy 67 South,Florence,81226,Fremont,6/30/2012
CO,Florence High USP,761,Federal,5880 Hwy 67 S,Florence,81226,Fremont,4/2/2020
CO,Florence USP - Camp,553,Federal,5880 Hwy 67 South,Florence,81226,Fremont,6/30/2012
CO,Four Mile Correctional Center,521,State,E Us Highway 50 & Evans Boulevard,Canon City,81212,Fremont,6/30/2012
CO,Fremont Co. Jail,192,Local,,,,,12/31/2013
CO,Fremont Correctional Facility,"1,637",State,E Us Highway 50 & Evans Boulevard,Canon City,81215,Fremont,6/30/2012
CO,Garfield Co. Jail,99,Local,,,,,12/31/2013
CO,Garfield County Community Corrections,24,Local,0224 County Road 333A,Rifle,81650,Garfield,6/30/2012
CO,Gilpin Co. Jail,45,Local,,,,,12/31/2013
CO,Grand Co. Jail,25,Local,,,,,12/31/2013
CO,Gunnison Co. Jail,18,Local,,,,,12/31/2013
CO,Hilltop House,17,Private,1050 Avenida Del Sol,Durango,81301,La Plata,6/30/2012
CO,Hudson Correctional Facility,"1,025",Private,3001 North Juniper Street,Hudson,80642,,6/30/2012
CO,Huerfano Co. Jail,29,Local,,,,,12/31/2013
CO,Independence House Pecos,51,Private,4101 Pecos Street,Denver,80211,Denver,6/30/2012
CO,Independence House - Fillmore,28,Private,1479 Fillmore Street,Denver,80206,Denver,6/30/2012
CO,Intervention Community Corrections Services,126,Private,1101 H. Street,Greeley,80631,Weld,6/30/2012
CO,Intervention Community Corrections Services - Jeffco,9,Private,1651 Kendall Street,Lakewood,80214,Jefferson,6/30/2012
CO,Intervention Community Corrections Services - West,6,Private,11500 West Security Ave,Lakewood,80215,Jefferson,6/30/2012
CO,Jackson Co. Jail,4,Local,,,,,12/31/2013
CO,Jefferson County Jail,"1,141",Local,,,,,12/31/2013
CO,Kit Carson Co. Jail,27,Local,,,,,12/31/2013
CO,Kit Carson County Correctional Center-CCA,734,Private,49777 County Road V,Burlington,80807,Kit Carson,6/30/2012
CO,La Plata Co. Jail,114,Local,,,,,12/31/2013
CO,La Vista Correctional Facility,546,State,1401 W. 17Th Street,Pueblo,81003,Pueblo,6/30/2012
CO,Lake Co. Jail,5,Local,,,,,12/31/2013
CO,Larimer County Jail,447,Local,,,,,12/31/2013
CO,Larimer County Residential Center,122,Local,2255 Midpoint Dr,Ft.Collins,80525,Larimer,6/30/2012
CO,Las Animas Co. Jail,34,Local,,,,,12/31/2013
CO,Limon Correction Facility,947,State,49030 State Highway 71,Limon,80826,Lincoln,6/30/2012
CO,Lincoln Co. Jail,32,Local,,,,,12/31/2013
CO,Logan Co. Det. Ctr.,105,Local,,,,,12/31/2013
CO,Longmont Community Treatment Center,15,Private,236 Main St,Longmont,80501,Boulder,6/30/2012
CO,Mesa County Community Corrections,46,Local,559 Pitkin Ave,Grand Junction,81501,Mesa,6/30/2012
CO,Mesa County Community Corrections,156,Local,,,,,12/31/2013
CO,Mesa County Detention Facility,360,Local,,,,,12/31/2013
CO,Mesa County Work Release Facility,55,Local,,,,,12/31/2013
CO,Minnequa Community Corrections,34,Private,2415 Lake Avenue,Pueblo,81004,Pueblo,6/30/2012
CO,Moffat Co. Jail,43,Local,,,,,12/31/2013
CO,Montrose Co. Jail,75,Local,,,,,12/31/2013
CO,Morgan Co. Det.,77,Local,,,,,12/31/2013
CO,Park Co. Jail,110,Local,,,,,12/31/2013
CO,Peer I Community Corrections,40,Private,3712 W. Princeton Cir,Denver,80236,,6/30/2012
CO,Phoenix Center,135,Private,8031 Highway I-76,Henderson,80640,Adams,6/30/2012
CO,Pitkin Co. Jail,16,Local,,,,,12/31/2013
CO,Prowers Co. Jail,46,Local,,,,,12/31/2013
CO,Rifle Correctional Center,192,State,0200 County Road 219,Rifle,81650,Garfield,6/30/2012
CO,Rio Blanco Co. Jail,11,Local,,,,,12/31/2013
CO,Rio Grande Co. Jail,29,Local,,,,,12/31/2013
CO,Routt Co. Jail,21,Local,,,,,12/31/2013
CO,Saguache Co. Jail,16,Local,,,,,12/31/2013
CO,San Carlos Correctional Facility,252,State,1410 West 13Th Street,Pueblo,81003,Pueblo,6/30/2012
CO,San Luis Valley Community Corrections Center,78,Private,2017 Lava Lane,Alamosa,81101,Alamosa,6/30/2012
CO,San Miguel County Jail,9,Local,,,,,12/31/2013
CO,Sedgwick Co. Jail,2,Local,,,,,12/31/2013
CO,Skyline Correctional Center,237,State,E Us Highway 50 & Evans Boulevard,Canon City,81212,Fremont,6/30/2012
CO,Southern Ute Police Department And Adult Detention Center,17,Indian Country,,,,,6/30/2016
CO,Sterling Correctional Facility,"2,415",State,12101 Highway 61,Sterling,80751,Logan,6/30/2012
CO,Summit Co. Jail,37,Local,,,,,12/31/2013
CO,Teller Co. Jail,40,Local,,,,,12/31/2013
CO,The Haven,6,Private,3630 W. Princeton Cir.,Denver,80236,,6/30/2012
CO,Therapeutic Community of Southern Co,20,Private,509 E. 13Th Street,Pueblo,81001,Pueblo,6/30/2012
CO,Time To Change - Adams,37,Private,1450 E62Nd Ave,Denver,80216,,6/30/2012
CO,Time To Change Commerce City,87,Private,4901 Krameria St,Commerce City,80022,Adams,6/30/2012
CO,Tooley Hall,34,Private,4280 Kearney Street,Denver,80216,,6/30/2012
CO,Trinidad Correctional Facility,404,State,21000 Highway 350 East,Trinidad,81059,,6/30/2012
CO,Washington Co. Jail,166,Local,,,,,12/31/2013
CO,Weld Co. Jail,760,Local,,,,,12/31/2013
CO,Williams Street Center (Wsc/Dart),62,Private,1763 Williams Street,Denver,80218,Denver,6/30/2012
CO,Youthful offender System (Yos),258,State,1300 West 13Th Street,Pueblo,81003,Pueblo,6/30/2012
CO,Yuma Co. Jail,29,Local,,,,,12/31/2013
CT,Berman Treatment Center,22,Private,1095 Blue Hills Aveune,Hartford,06002,Hartford,6/30/2012
CT,Bishop House,45,Private,31 Bishop Street,Waterbury,06704,New Haven,6/30/2012
CT,Bridgeport Correctional Center,865,State,1106 N Avenue,Bridgeport,06604,Fairfield,6/30/2012
CT,Brooklyn Bridge,35,Private,76 Hartford Rd,Brooklyn,06234,Windham,6/30/2012
CT,Brooklyn Correctional Institution,452,State,59 Hartford Road,Brooklyn,06234,Windham,6/30/2012
CT,Central Avenue House,38,Private,24 Central Avenue,Waterbury,06702,New Haven,6/30/2012
CT,Chase Center,35,Private,21 Cliff Street,Waterbury,06710,New Haven,6/30/2012
CT,Cheney House,40,Private,155 Wethersfield Avenue,Hartford,06114,Hartford,6/30/2012
CT,Cheshire Correctional Center,"1,471",State,900 Highland Avenue,Cheshire,06410,New Haven,6/30/2012
CT,Cochegan House,13,Private,976 Norwich-New London Turnpike,Uncasville,06382,New London,6/30/2012
CT,Community Partners In Action - Men's Work Release,20,Private,121 Washington Street,Hartford,06106,Hartford,6/30/2012
CT,Connection House,10,Private,167 Liberty Street,Middletown,06457,Middlesex,6/30/2012
CT,Corrigan-Radgowski Correctional Center,"1,556",State,986 Norwich-New London Tpke,Uncasville,06382,New London,6/30/2012
CT,CPA Hartford - Cssd Aic,57,Private,119-121 Washington Street,Hartford,06106,Hartford,6/30/2012
CT,CTRennaissance - Drug Treatment,10,Private,31 Wolcott Street,Waterbury,06702,New Haven,6/30/2012
CT,Danbury - Camp,217,Federal,Route 37,Danbury,06811,Fairfield,6/30/2012
CT,Danbury FCI,"1,205",Federal,Route 37,Danbury,06811,Fairfield,6/30/2012
CT,Danbury FCI,746,Federal,Route 37,Danbury,06811,Fairfield,4/2/2020
CT,Danbury-Camp,159,Federal,Route 37,Danbury,06811,Fairfield,4/2/2020
CT,Danbury-Fsl F,170,Federal,Route 37,Danbury,06811,Fairfield,4/2/2020
CT,Drapelick Center,29,Private,1095 Bklue Hills Avenue,Bloomfield,06002,Hartford,6/30/2012
CT,Eddy Center,18,Private,1 Labella Circle,Middletown,06457,Middlesex,6/30/2012
CT,Enfield Correctional Institution,724,State,289 Shaker Rd,Enfield,06082,Hartford,6/30/2012
CT,Enterprise House,6,Private,500-532 West Avenue,Bridgeport,06604,Fairfield,6/30/2012
CT,Fellowship House,10,Private,466 Long Hill Road,Groton,06340,New London,6/30/2012
CT,Garner Correctional Institution,648,State,50 Nunnawauk Road,Newtown,06470,Fairfield,6/30/2012
CT,Hartford Correctional Center,"1,064",State,177 Weston Street,Hartford,06120,Hartford,6/30/2012
CT,Hartford House,14,Private,10 Irving Street,Hartford,06112,Hartford,6/30/2012
CT,Isaiah House,43,Private,"112, 120 And 341 Clinton Street",Bridgeport,06605,Fairfield,6/30/2012
CT,January Center,10,Private,984 Norwich-New London Turnpike,Montville,06382,New London,6/30/2012
CT,Macdougall-Walker Corr Institution,"1,505",State,1153 East Street S.,Suffield,06080,Hartford,6/30/2012
CT,Maple Street House,62,Private,565-585 Maple Street,Bridgeport,06608,Fairfield,6/30/2012
CT,Mary Magdalene House,15,Private,407 Clinton Aveune,Bridgeport,06605,Fairfield,6/30/2012
CT,Medical-Surgical Ward Univ. of CT,5,State,263 Farmington Avenue,Farmington,06030,Hartford,6/30/2012
CT,Miracle House,15,Private,214 Beechwood Avenue,Bridgeport,06604,Fairfield,6/30/2012
CT,Morris House,15,Private,26 Elm Street,Waterbury,06702,New Haven,6/30/2012
CT,Morris Therapeutic Shelter,4,Private,142 Griggs Street,Waterbury,06704,New Haven,6/30/2012
CT,Neon Men's Work Release,26,Private,100 South Main Street,Norwalk,06854,Fairfield,6/30/2012
CT,Neon Waterbury Women/Children,20,Private,690 East Main Street,Waterbury,06702,New Haven,6/30/2012
CT,New Haven Correctional Center,814,State,245 Walley Avenue,New Haven,06511,New Haven,6/30/2012
CT,Next Step Cottage,25,Private,215 Valley Street,Willimantic,06226,Windham,6/30/2012
CT,Niantic Annex,562,State,201 West Street,Niantic,06357,New London,6/30/2012
CT,Northern Correctional Institution,256,State,287 Bilton Road,Somers,06071,Tolland,6/30/2012
CT,Open Hearth - Men's Work Release,39,Private,437 Sheldon Street,Hartford,06106,Hartford,6/30/2012
CT,Osborn Correctional Institution,"1,917",State,355 Bilton Rd,Somers,06071,Tolland,6/30/2012
CT,Quinlan Cottage,18,Private,8 Lewis Street,Norwalk,06851,Fairfield,6/30/2012
CT,Robinson Correctional Institution,"1,459",State,285 Shaker Rd,Enfield,06082,Hartford,6/30/2012
CT,Roger Sherman House,44,Private,48 Howe Street,New Haven,06511,New Haven,6/30/2012
CT,Rogers House,13,Private,900 Watertown Avenue,Waterbury,06708,New Haven,6/30/2012
CT,Rsd,46,Private,425 Grant Street,Bridgeport,06610,Fairfield,6/30/2012
CT,Sierra Center & Work Release,19,Private,48 Howe Street #4,New Haven,06511,New Haven,6/30/2012
CT,Silliman House,20,Private,199 Retreat Avenue,Hartford,06106,Hartford,6/30/2012
CT,Stein House,15,Private,140 Sergeant Street,Hartford,06105,Hartford,6/30/2012
CT,Walter Brooks House,56,Private,8 Baldwin Street,New Haven,06519,New Haven,6/30/2012
CT,Warner House,9,Private,58 High Street,Torrington,06790,Litchfield,6/30/2012
CT,Watkinson House,20,Private,136 Collins Street,Hartford,06105,Hartford,6/30/2012
CT,Willard-Cybulski Correctional Institution,"1,138",State,391 Shaker Road,Enfield,06082,Hartford,6/30/2012
CT,York Correctional Institution,"1,067",State,201 W Main Street,Niantic,06357,New London,6/30/2012
DE,Central Violation of Probation Center,236,State,875 Smyrna Landing Road,Smyrna,19977,,6/30/2012
DE,Delores J Baylor Womens Correctional Institution,418,State,660 Baylor Blvd,New Castle,19720,New Castle,6/30/2012
DE,Hazel D. Plant Women's Treatment Facility,79,State,620 Baylor Boulevard,New Castle,19720,New Castle,6/30/2012
DE,Howard R. Young Correctional Institution,"1,554",State,1301 E 12Th Street,Wilmington,19802,New Castle,6/30/2012
DE,James T. Vaughn Correctional Center,"2,448",State,1181 Paddock Rd,Smyrna,19977,,6/30/2012
DE,Morris Community Correction Center,127,State,300 Water St,Dover,19901,Kent,6/30/2012
DE,Plummer Community Correction Center,178,State,38 Todds Lane,Wilmington,19802,New Castle,6/30/2012
DE,Sussex Boot Camp,53,State,23203 Dupont Blvd,Georgetown,19947,Sussex,6/30/2012
DE,Sussex Correctional Institution,"1,031",State,23203 Dupont Blvd,Georgetown,19947,Sussex,6/30/2012
DE,Sussex Violation of Probation Center,258,State,23207 Dupont Blvd.,Georgetown,19947,Sussex,6/30/2012
DE,Sussex Work Release Center,127,State,23207 Dupont Blvd,Georgetown,19947,Sussex,6/30/2012
DE,Webb Community Correction Center,57,State,200 Greenbank Rd,Wilmington,19808,New Castle,6/30/2012
FL,Alachua County Jail,955,Local,,,,,12/31/2013
FL,Alachua County Work Release,48,Local,,,,,12/31/2013
FL,Apalachee Correctional Institution East,"1,204",State,35 Apalachee Drive,Sneads,32460,Jackson,6/30/2012
FL,Apalachee West Unit,891,State,52 W Unit Drive,Sneads,32460,Jackson,6/30/2012
FL,Arcadia Road Prison,96,State,2961 Nw County Road #661,Arcadia,34266,De Soto,6/30/2012
FL,Atlantic Work Release Center,43,State,263 Fairgrounds Road,West Palm Beach,33411,Palm Beach,6/30/2012
FL,Avon Park Correctional Inst Work Camp,511,State,Cr 64 East,Avon Park,33826,,6/30/2012
FL,Avon Park Correctional Institution,976,State,Cr 64 East,Avon Park,33826,,6/30/2012
FL,Baker Correctional Institution,"1,222",State,20706 Us Hwy 90 West,Sanderson,32087,Baker,6/30/2012
FL,Baker Correctional Institution Work Camp,284,State,20706 U.S. HIGHWAY 90 WEST,Sanderson,32087,Baker,6/30/2012
FL,Baker County Detention Center,307,Local,,,,,12/31/2013
FL,Bartow Work Release Center,74,State,550 N. Restwood Ave.,Bartow,33830,Polk,6/30/2012
FL,Bay City Work Camp,276,State,1001 HIGHWAY 98 WEST,Apalachicola,32320,Franklin,6/30/2012
FL,Bay Correctional Institution-CCA,977,Private,5400 Bayline Dr,Panama City,32404,Bay,6/30/2012
FL,Bay County Jail Facility,889,Local,,,,,12/31/2013
FL,Berrydale Forestry Camp,193,State,6920 Hwy 4,Jay,32565,Santa Rosa,6/30/2012
FL,Big Pine Key Road Prison,64,State,P.O. Box 430509,Big Pine Key,33043,Monroe,6/30/2012
FL,Blackwater River Correctional Facility,"1,996",Private,5914 Jeff Ates Road,Milton,32583,Santa Rosa,6/30/2012
FL,Bradenton Transition Center,110,Private,2104 63Rd Avenue East,Bradenton,34203,Manatee,6/30/2012
FL,Bradford Co. Jail,137,Local,,,,,12/31/2013
FL,Brevard Work Camp,265,State,855 Camp Road,Cocoa,32927,Brevard,6/30/2012
FL,Bridges of Jacksonville Work Release Center,133,Private,5110 12Th Street,Jacksonville,32209,Duval,6/30/2012
FL,Bridges of Orlando,146,Private,2007 North Mercy Drive,Orlando,32831,Orange,6/30/2012
FL,Bridges of Pompano - Turning Point Wrc,81,Private,400 F Sw 2Nd Street,Pompano Beach,33060,Broward,6/30/2012
FL,Broward County Jails,"4,610",Local,,,,,12/31/2013
FL,Broward Transitional Ctr.,544,Local,,,,,12/31/2013
FL,Calhoun Co. Jail,55,Local,,,,,12/31/2013
FL,Calhoun Correctional Inst,"1,440",State,19562 Se Institution Drive,Blountstown,32424,Calhoun,6/30/2012
FL,Calhoun Work Camp,284,State,19564 INST. DRIVE,Blountstown,32424,Calhoun,6/30/2012
FL,Central Booking And Detention (Cbd),21,Local,,,,,12/31/2013
FL,Central County Jail,721,Local,,,,,12/31/2013
FL,Central Florida Reception Center East,"1,086",State,7000 H.C. Kelley Rd.,Orlando,32831,Orange,6/30/2012
FL,Central Florida Reception Center Main,"1,448",State,7000 H C Kelley Road,Orlando,32831,Orange,6/30/2012
FL,Central Florida Reception Center South,93,State,7000 H.C. Kelley Rd.,Orlando,32831,Orange,6/30/2012
FL,Century Correctional Institution,"1,454",State,400 Tedder Road,Century,32535,Escambia,6/30/2012
FL,Century Work Camp,269,State,400 Tedder Road,Century,32535,Escambia,6/30/2012
FL,Charlotte Co. Jail,667,Local,,,,,12/31/2013
FL,Charlotte Correctional Institution,"1,278",State,33123 Oil Well Road,Punta Goda,33955,,6/30/2012
FL,Citrus Co. Det. Fac. - CCA,578,Local,,,,,12/31/2013
FL,Clay Co. Jail,435,Local,,,,,12/31/2013
FL,Cocoa Work Release Center,73,State,585 Camp Road,Cocoa,32927,Brevard,6/30/2012
FL,Coleman I USP,"1,468",Federal,846 Ne 54Th Terrace,Coleman,33521,Sumter,6/30/2012
FL,Coleman I USP,"1,091",Federal,846 Ne 54Th Terrace,Sumterville,33521,Sumter,4/2/2020
FL,Coleman Ii USP,"1,526",Federal,846 Ne 54Th Terrace,Coleman,33521,Sumter,6/30/2012
FL,Coleman Ii USP,"1,072",Federal,846 Ne 54Th Terrace,Sumterville,33521,Sumter,4/2/2020
FL,Coleman Low FCI,"1,847",Federal,846 Ne 54Th Terrace,Coleman,33521,Sumter,6/30/2012
FL,Coleman Low FCI,"2,094",Federal,846 Ne 54Th Terrace,Sumterville,33521,Sumter,4/2/2020
FL,Coleman Low FCI-Camp,348,Federal,846 Ne 54Th Terrace,Sumterville,33521,Sumter,4/2/2020
FL,Coleman Med FCI,"1,702",Federal,846 Ne 54Th Terrace,Coleman,33521,Sumter,6/30/2012
FL,Coleman Med FCI,"1,531",Federal,846 Ne 54Th Terrace,Sumterville,33521,Sumter,4/2/2020
FL,Coleman Med FCI - Camp,629,Federal,846 Ne 54Th Terrace,Coleman,33521,Sumter,6/30/2012
FL,Columbia Annex,"1,494",State,216 Se Corrections Way,Lake City,32025,Columbia,6/30/2012
FL,Columbia Co. Det. Facility,204,Local,,,,,12/31/2013
FL,Columbia Correctional Institution,"1,327",State,216 Se Corrections Way,Lake City,32025,Columbia,6/30/2012
FL,Community Transition Center,603,Local,,,,,12/31/2013
FL,Cross City Correctional Inst Work Camp,278,State,315 N.E. 255Th Street,Cross City,32628,Dixie,6/30/2012
FL,Cross City Correctional Institution,"1,030",State,568 Ne 255Th Street,Cross City,32628,Dixie,6/30/2012
FL,Dade Correctional Institution,"1,558",State,19000 Sw 377Th Street,Florida City,33034,Miami-Dade,6/30/2012
FL,Daytona Beach Work Release Center,63,State,3601 U.S. Highway 92,Daytona Beach,32124,Volusia,6/30/2012
FL,De Soto Co. Jail,172,Local,,,,,12/31/2013
FL,Desoto Annex,283,State,13617 SE HWY 70,Arcadia,34266,De Soto,6/30/2012
FL,Desoto Correctional Institution,"1,479",State,13617 SE HIGHWAY 70,"Arcadia, Fl",34266,De Soto,6/30/2012
FL,Dinsmore Work Release Center,131,State,13200 Old Kings Road,Jacksonville,32219,Duval,6/30/2012
FL,"Dismas House Charities, Inc",74,Private,141 Nw 1St Avenue,Dania,33004,Broward,6/30/2012
FL,Dixie Co. Jail,83,Local,,,,,12/31/2013
FL,Escambia County Main Jail,"1,375",Local,,,,,12/31/2013
FL,Escambia County Road Prison,160,Local,,,,,12/31/2013
FL,Everglades Correctional Institution,"1,576",State,1599 Sw 187Th Ave,Miami,33194,Miami-Dade,6/30/2012
FL,Flagler Co. - Inmate Fac.,130,Local,,,,,12/31/2013
FL,Florida State Prison Main,"1,271",State,7819 Nw 228Th Street,Raiford,32026,Bradford,6/30/2012
FL,Florida State Prison West,856,State,7819 N.W. 228TH STREET,Raiford,32026,Bradford,6/30/2012
FL,Franklin Co. Jail,65,Local,,,,,12/31/2013
FL,Franklin Correctional Institution,"1,447",State,1760 Highway 67N,Carrabelle,32322,Franklin,6/30/2012
FL,Ft. Myers Work Camp,115,State,2575 Ortiz Ave.,Ft. Myers,33905,Lee,6/30/2012
FL,Ft. Pierce Work Release Center,80,State,1203 Bell Avenue,Fort Pierce,34982,St Lucie,6/30/2012
FL,Gadsden Correctional Facility,"1,524",Private,6044 Greensboro Hwy,Qunicy,32351,Gadsden,6/30/2012
FL,Gainesville Correctional Inst Work Camp,243,State,1000 Ne 55Th Blvd.,Gainesville,32609,Alachua,6/30/2012
FL,Gilchrist Co. Jail,40,Local,,,,,12/31/2013
FL,Glades Co. Jail,361,Local,,,,,12/31/2013
FL,Glades Work Camp,287,State,2600 State Road 15,Belle Glade,33430,Palm Beach,6/30/2012
FL,Graceville Correctional Facility,"1,864",Private,5168 Ezell Road,Graceville,32440,,6/30/2012
FL,Graceville Work Camp,283,State,5230 Ezell Street,Graceville,32440,,6/30/2012
FL,Gulf Correctional Institution,"1,678",State,500 Ike Steele Road,Wewahitchka,32465,Gulf,6/30/2012
FL,Gulf Correctional Institution- Annex,"1,431",State,699 Ike Steele Road,Wewahitchka,32465,Gulf,6/30/2012
FL,Gulf Forestry Camp,291,State,3222 Doc Whitfield Rd.,White City,32465,Gulf,6/30/2012
FL,Hamilton Annex,"1,425",State,11419 SW 46TH ST,Jasper,32052,Hamilton,6/30/2012
FL,Hamilton Co. Jail,49,Local,,,,,12/31/2013
FL,Hamilton Correctional Institution,"1,260",State,10650 Sw 46Th Street,Jasper,32052,Hamilton,6/30/2012
FL,Hardee Co. Jail,97,Local,,,,,12/31/2013
FL,Hardee Correctional Institution,"1,607",State,6901 State Rd 62,Bowling Green,33834,Hardee,6/30/2012
FL,Hardee Correctional Institution Work Camp,286,State,6899 S.R. 62,Bowling Green,33834,Hardee,6/30/2012
FL,Hendry Co. Jail,180,Local,,,,,12/31/2013
FL,Hernando Correctional Institution,450,State,16415 Springhill Drive,Brooksville,34604,Hernando,6/30/2012
FL,Hernando County Detention Center,522,Local,,,,,12/31/2013
FL,Highlands Co. Sheriff's office Detention Facility,405,Local,,,,,12/31/2013
FL,Hillsborough Co CSC,140,Private,4102 W Hillsborough Ave,Tampa,,,6/30/2012
FL,Hillsborough County Falkenburg Road Jail,"2,090",Local,,,,,12/31/2013
FL,Hillsborough County Orient Road Jail,581,Local,,,,,12/31/2013
FL,Hollywood Work Release Center,114,State,8501 W. Cypress Drive,Pembroke Pines,33025,Broward,6/30/2012
FL,Holmes Co. Jail And Work Camp,80,Local,,,,,12/31/2013
FL,Holmes Correctional Institution,"1,254",State,3142 Thomas Drive,Bonifay,32425,,6/30/2012
FL,Holmes Work Camp,328,State,3182 Thomas Drive,Bonifay,32425,,6/30/2012
FL,Homestead Correctional Institution,730,State,19000 Sw 377Th Street,Florida City,33034,Miami-Dade,6/30/2012
FL,Indian River Co. Jail,464,Local,,,,,12/31/2013
FL,Jackson Co. Corr. Fac.,221,Local,,,,,12/31/2013
FL,Jackson Correctional Institution,"1,446",State,5563 10Th Street,Malone,32445,Jackson,6/30/2012
FL,Jackson Work Camp,278,State,5607 10Th Street,Malone,32445,Jackson,6/30/2012
FL,Jacksonville Community Service Center,58,Private,2020 Dahlia Street,Jacksonville,32254,Duval,6/30/2012
FL,Jefferson Correctional Center,"1,106",State,1050 Big Joe Road,Monticello,32344,Jefferson,6/30/2012
FL,Jefferson County Jail,37,Local,,,,,12/31/2013
FL,John E. Goode Pretrial Detention Facility,"2,530",Local,,,,,12/31/2013
FL,John E. Polk Correctional Facility,798,Local,,,,,12/31/2013
FL,Keeton Corrections Inc,29,Private,225 Brent Lane,Penascola,32503,Escambia,6/30/2012
FL,Keeton Corrections Inc,35,Private,3838 Ne 41St Street,Ocala,34479,Marion,6/30/2012
FL,Kissimmee Work Release Center,146,State,2925 Michigan Avenue,Kissimmee,34744,Osceola,6/30/2012
FL,Lafayette Co. Jail,20,Local,,,,,12/31/2013
FL,Lake City Correctional Facility,888,Private,7906 E Us Hwy 90,Lake City,32055,Columbia,6/30/2012
FL,Lake City Work Release Center,142,State,Lake Jeffrey Road 1620,Lake City,32055,Columbia,6/30/2012
FL,Lake Correctional Institution,"1,080",State,19225 U. S. Hwy 27,Clermont,34715,Lake,6/30/2012
FL,Lake County Jail,810,Local,,,,,12/31/2013
FL,Lancaster Correctional Inst Work Camp,276,State,3449 SW SR 26,Trenton,32693,,6/30/2012
FL,Lancaster Correctional Institution,604,State,3449 Sw State Rd 26,Trenton,32693,,6/30/2012
FL,Largo Residential Re-Entry Center,252,Private,16432 Us 19 North,Clearwater,33764,Pinellas,6/30/2012
FL,Largo Road Prison,66,State,5201 Ulmerton Road,Clearwater,33760,Pinellas,6/30/2012
FL,Lawtey Correctional Institution,860,State,7819 NW 228TH ST,Raiford,32026,Bradford,6/30/2012
FL,Lee County Community Programs Unit,245,Local,,,,,12/31/2013
FL,Lee County Core Facility,"1,038",Local,,,,,12/31/2013
FL,Lee County Jail,356,Local,,,,,12/31/2013
FL,Leon County Detention Facility,965,Local,,,,,12/31/2013
FL,Levy Co. Jail,135,Local,,,,,12/31/2013
FL,Liberty Co. Jail,51,Local,,,,,12/31/2013
FL,Liberty Correctional Institution,"1,425",State,11064 Nw Dempsey Barron Road,Bristol,32321,Liberty,6/30/2012
FL,Liberty Work Camp,273,State,Liberty County Rd 1641,Bristol,32321,Liberty,6/30/2012
FL,Lowell Annex,"1,429",State,11120 Nw Gainesville Road,Ocala,34482,Marion,6/30/2012
FL,Lowell Correctional Institution,"1,251",State,11120 Nw Gainsville Rd,Ocala,34482,Marion,6/30/2012
FL,Lowell Recept Center,659,State,3700 Nw 111Th Place,Ocala,34482,Marion,6/30/2012
FL,Lowell Work Camp,304,State,11120 Nw Gainesville Road,Ocala,34482,Marion,6/30/2012
FL,Loxahatchee Road Prison,90,State,230 Sunshine Road,West Palm Beach,33411,Palm Beach,6/30/2012
FL,Madison Co. Jail,48,Local,,,,,12/31/2013
FL,Madison Correctional Institution,"1,289",State,382 Sw Mci Way,Madison,32340,Madison,6/30/2012
FL,Madison Work Camp,294,State,382 Sw Mci Way,Madison,32340,Madison,6/30/2012
FL,Manatee County Jail,888,Local,,,,,12/31/2013
FL,Marianna - Camp,384,Federal,3625 Fci Road,Marianna,32446,Jackson,6/30/2012
FL,Marianna FCI,"1,225",Federal,3625 Fci Road,Marianna,32446,Jackson,6/30/2012
FL,Marianna-Camp,113,Federal,3625 Fci Road,Marianna,32446,Jackson,4/2/2020
FL,Marion Correctional Institution,"1,346",State,3269 Nw 105Th Street,Lowell,32663,Marion,6/30/2012
FL,Marion County Jail,"1,479",Local,,,,,12/31/2013
FL,Marion Work Camp,259,State,3269 Nw 105Th. Street,Lowell,32663,Marion,6/30/2012
FL,Martin Co. Jail,542,Local,,,,,12/31/2013
FL,Martin Correctional Institution,"1,303",State,1150 Sw Allapattah Road,Indiantown,34956,Martin,6/30/2012
FL,Martin Work Camp,201,State,100 Sw Allapattah Rd,Indiantown,34956,Martin,6/30/2012
FL,Mayo Correctional Inst Work Camp,308,State,8976 West U.S. 27,Mayo,32066,Lafayette,6/30/2012
FL,Mayo Correctional Institution Annex,"1,459",State,8784 Us Hwy 27 W,Mayo,32066,Lafayette,6/30/2012
FL,Metro West Detention Center,"2,109",Local,,,,,12/31/2013
FL,Miami FCI,"1,059",Federal,15801 S.W. 137Th Avenue,Miami,33177,Miami-Dade,6/30/2012
FL,Miami FCI,859,Federal,15801 S.W. 137Th Avenue,Miami,33177,Miami-Dade,4/2/2020
FL,Miami FCI - Camp,400,Federal,15801 S.W. 137Th Avenue,Miami,33177,Miami-Dade,6/30/2012
FL,Miami FCI-Camp,324,Federal,15801 S.W. 137Th Avenue,Miami,33177,Miami-Dade,4/2/2020
FL,Miami FDC,"1,020",Federal,33 Ne 4Th Street,Miami,33132,Miami-Dade,4/2/2020
FL,Miami North Work Release Center,174,State,7090 Northwest 41St Street,Miami,33166,Miami-Dade,6/30/2012
FL,Miami-Dade County Boot Camp,61,Local,,,,,12/31/2013
FL,Monroe County Detention Center,441,Local,,,,,12/31/2013
FL,Monroe County Detention Center Marathon,43,Local,,,,,12/31/2013
FL,Monroe County Detention Center Plantation Key,37,Local,,,,,12/31/2013
FL,Montgomery Correctional Center,253,Local,,,,,12/31/2013
FL,Moore Haven C.F.,977,Private,1282 East State Rd. 78,Moore Haven,33471,,6/30/2012
FL,Naples Jail Center,900,Local,,,,,12/31/2013
FL,Nassau Co. Det. Fac.,227,Local,,,,,12/31/2013
FL,Northwest Florida Reception Center Annex,911,State,4455 SAM MITCHELL ROAD,Chipley,32428,Washington,6/30/2012
FL,Northwest Florida Reception Center Main Unit,"1,361",State,4455 SAM MITCHELL DRIVE,Chipley,32428,Washington,6/30/2012
FL,Okaloosa Co. Jail,581,Local,,,,,12/31/2013
FL,Okaloosa Correctional Institution,944,State,3189 Colonel Greg Malloy Road,Crestview,32539,Okaloosa,6/30/2012
FL,Okaloosa Work Camp,271,State,3189 Colonel Greg Malloy Road,Crestview,32539,Okaloosa,6/30/2012
FL,Okeechobee Co. Jail,245,Local,,,,,12/31/2013
FL,Okeechobee Correctional Institution,"1,754",State,3420 Ne 168Th Street,Okeechobee,34972,Okeechobee,6/30/2012
FL,Opa Locka Work Release Center,112,State,5400 Nw 135 St.,Opa Locka,33054,Miami-Dade,6/30/2012
FL,Orange County Corrections Department,"2,923",Local,,,,,12/31/2013
FL,Orange County Work Release Center,130,Local,,,,,12/31/2013
FL,Orlando Transition Center,125,Private,2025 North Mercy Drive,Orlando,32808,Orange,6/30/2012
FL,Orlando Work Release Center,82,State,7300 Laurel Hill Road,Orlando,32818,Orange,6/30/2012
FL,Palm Beach County Main Detention Center,"1,805",Local,,,,,12/31/2013
FL,Palm Beach County West Detention Center,510,Local,,,,,12/31/2013
FL,Panama City Work Release Center,69,State,3608 HIGHWAY 390,Panama City,32405,Bay,6/30/2012
FL,Pasco County Land O' Lakes Detention Facility,"1,486",Local,,,,,12/31/2013
FL,Pensacola FPC,776,Federal,110 Raby Ave,Pensacola,32509,Escambia,6/30/2012
FL,Pensacola FPC,566,Federal,110 Raby Ave,Pensacola,32509,Escambia,4/2/2020
FL,Pensacola Work Release Center,82,State,"3050 N ""L"" Street",Pensacola,32501,Escambia,6/30/2012
FL,Pinellas County Jail,"2,864",Local,,,,,12/31/2013
FL,Pinellas Work Release Center,44,State,5205 Ulmerton Road,Clearwater,33760,Pinellas,6/30/2012
FL,Polk Correctional Institution,"1,202",State,10800 Evans Road,Polk City,33868,Polk,6/30/2012
FL,Polk Work Camp,283,State,10800 Evans Road,Polk City,33868,Polk,6/30/2012
FL,Pompano Transition Center,169,Private,5600 N.W. 9Th Avenue,Ft. Lauderdale,33309,Broward,6/30/2012
FL,Pre-Trial Detention Center,"1,260",Local,,,,,12/31/2013
FL,Putnam Co. Jail,316,Local,,,,,12/31/2013
FL,Putnam Correctional,477,State,128 YELVINGTON ROAD,East Palatka,32131,Putnam,6/30/2012
FL,Quincy Annex,419,State,2225 Pat Thomas Parkway,Qunicy,32351,Gadsden,6/30/2012
FL,R.M.C Work Camp,415,State,8035 S. County Road 231,Lake Butler,32054,Union,6/30/2012
FL,R.M.C.- West Unit,741,State,8183 Sw 152Nd Loop,Lake Butler,32054,Union,6/30/2012
FL,Re-Entry of Ocala Work Release Center,99,Private,2006 Ne 8Th Road,Ocala,34470,Marion,6/30/2012
FL,Reality House,108,Private,1341 Indian Lake Road,Daytona Beach,32124,Volusia,6/30/2012
FL,Reception Medical Center,"1,384",State,7765 South County Road 231,Lake Butler,32054,Union,6/30/2012
FL,Riverside House,71,Private,968 Nw 2Nd Street,Miami,33128,Miami-Dade,6/30/2012
FL,Sago Palm Re-Entry,363,State,500 Bay Bottom Road,Pahokee,33476,Palm Beach,6/30/2012
FL,Salvation Army - Ft. Myers,38,Private,2400 Edison Avenue,Ft Myers,33902,Lee,6/30/2012
FL,Salvation Army Residential Re-Entry Center,66,Private,1577 North Military Trail,West Palm Beach,33409,Palm Beach,6/30/2012
FL,Santa Fe Work Release Center,140,State,2901 N.E. 39Th Avenue,Gainesville,32602,,6/30/2012
FL,Santa Rosa Annex,"1,284",State,5850 E. Milton Road,Milton,32583,Santa Rosa,6/30/2012
FL,Santa Rosa Co. Jail,547,Local,,,,,12/31/2013
FL,Santa Rosa Correctional Institution,"1,456",State,5850 E Milton Road,Milton,32583,Santa Rosa,6/30/2012
FL,Sarasota Co. Jail,942,Local,,,,,12/31/2013
FL,Shisa - West,30,Private,418 W Virginia Street,Tallahassee,32301,Leon,6/30/2012
FL,Shisa East,15,Private,2830 Park Street,Jacksonville,32205,Duval,6/30/2012
FL,South Bay Correctional Facility,"1,889",Private,600 Us Hwy 27 S,South Bay,33493,Palm Beach,6/30/2012
FL,South County Jail,"1,634",Local,,,,,12/31/2013
FL,South Florida Reception Center,"1,048",State,1400 Nw 41Th Street,Doral,33178,Miami-Dade,6/30/2012
FL,South Florida Reception Center South Unit,477,State,13910 Nw 41St Street,Doral,33178,Miami-Dade,6/30/2012
FL,"Spectrum Programs, Inc",74,Private,101 Nw 59Th Street,Miami,33127,Miami-Dade,6/30/2012
FL,St. Johns Co. Jail,411,Local,,,,,12/31/2013
FL,St. Johns County Sheriff's office Work Release Center,50,Local,,,,,12/31/2013
FL,St. Lucie County Main Jail,"1,213",Local,,,,,12/31/2013
FL,St. Petersburg Work Release Center,141,State,4237 8Th Ave.South,St.Petersburg,33711,Pinellas,6/30/2012
FL,Sumter B.T.U.,49,State,9544 County Road 476B,Bushnell,33513,Sumter,6/30/2012
FL,Sumter Co. Det. Ctr.,196,Local,,,,,12/31/2013
FL,Sumter Correctional Institution,"1,324",State,9544 Country Rd 476B,Bushnell,33513,Sumter,6/30/2012
FL,Sumter Work Camp,268,State,9544 County Road 476B,Bushnell,33513,Sumter,6/30/2012
FL,Suncoast Work Release Center,150,Private,10596 Grandy Boulevard,St. Petersburg,33702,Pinellas,6/30/2012
FL,Suwanee Co. Jail,166,Local,,,,,12/31/2013
FL,Suwannee Annex,"1,415",State,5964 U.S. Highway 90,Live Oak,32060,Suwannee,6/30/2012
FL,Suwannee Correctional Institution,980,State,5964 U.S. Highway 90,Live Oak,32060,Suwannee,6/30/2012
FL,Suwannee Work Camp,431,State,5964 U.S. Highway 90,Live Oak,32060,Suwannee,6/30/2012
FL,Tallahassee FCI,"1,101",Federal,"501 Capital Circle, Ne",Tallahassee,32301,Leon,6/30/2012
FL,Tallahassee FCI,915,Federal,"501 Capital Circle, Ne",Tallahassee,32301,Leon,4/2/2020
FL,Tallahassee Work Release,110,State,2616A Springhill Road,Tallahassee,32310,Leon,6/30/2012
FL,Tarpon Springs Work Release Center,80,State,566 Brady Road,Tarpon Springs,34689,Pinellas,6/30/2012
FL,Taylor Annex,"1,519",State,8501 HAMPTON SPRINGS ROAD,Perry,32348,Taylor,6/30/2012
FL,Taylor Co. Jail,100,Local,,,,,12/31/2013
FL,Taylor Correctional Institution,"1,409",State,8501 HAMPTON SPRINGS ROAD,Perry,33248,,6/30/2012
FL,Taylor Work Camp,428,State,8501 Hampton Springs Road,Perry,32348,Taylor,6/30/2012
FL,Tomoka Correctional Institution,"1,273",State,3950 Tiger Bay Road,Daytona Beach,32124,Volusia,6/30/2012
FL,Tomoka Correctional Institution Work Camp,273,State,3950 Tiger Bay Road,Daytona Beach,32124,Volusia,6/30/2012
FL,Training & Treatment Center,620,Local,,,,,12/31/2013
FL,Transition House Inc. Kiss,138,Private,900 East Vine Street,Kissimmee,34744,Osceola,6/30/2012
FL,Turner Guilford Knight Correctional Center,640,Local,,,,,12/31/2013
FL,Union Co. Jail,21,Local,,,,,12/31/2013
FL,Union Correctional Institution,"1,952",State,7819 Nw 228Th Street,Raiford,32026,Bradford,6/30/2012
FL,Volusia County Branch Jail,974,Local,,,,,12/31/2013
FL,Volusia County Correctional Facility,510,Local,,,,,12/31/2013
FL,Wakulla Annex,"1,564",State,110 Melaleuca Drive,Crawfordville,32327,Wakulla,6/30/2012
FL,Wakulla Co. Jail,192,Local,,,,,12/31/2013
FL,Wakulla Correctional Institution,"1,344",State,110 Melaleuca Drive,Crawfordville,32327,Wakulla,6/30/2012
FL,Wakulla Work Camp,429,State,110 Melaleuca Drive,Crawfordville,32327,Wakulla,6/30/2012
FL,Walton Co. Jail,210,Local,,,,,12/31/2013
FL,Walton Correctional Institution,"1,242",State,691 Insitution Raod,Defuniak Springs,32433,Walton,6/30/2012
FL,Walton Work Camp,288,State,301 Institution Road,Defuniak Spring,32433,Walton,6/30/2012
FL,Washington Co. Jail,83,Local,,,,,12/31/2013
FL,West Palm Beach Work Release Center,144,State,461 W. Fairgrounds Road,West Palm Beach,33411,Palm Beach,6/30/2012
FL,Zephyrhills Correctional Institution,674,State,2739 Gall Blvd,Zephyrhills,33541,Pasco,6/30/2012
GA,Albany Transitional Center,148,State,304 North Washington Street,Albany,31701,Dougherty,6/30/2012
GA,Appling Integrated- Treatment Center,58,State,252 West Park Drive,Baxley,31513,Appling,6/30/2012
GA,Appling Co. Jail,67,Local,,,,,12/31/2013
GA,Arrendale Probation Substance Abuse Center,192,State,2023 Gainesville Highway South,Alto,30510,,6/30/2012
GA,Athens-Clark County Correctional Institution,110,Local,2825 County Farm Road,Athens,30605,Clarke,6/30/2012
GA,Athens-Clarke County Correctional Institution,104,Local,,,,,12/31/2013
GA,Atlanta - Camp,561,Federal,601 Mcdonough Blvd Se,Atlanta,30315,Fulton,6/30/2012
GA,Atlanta City Detention Center,557,Local,,,,,12/31/2013
GA,Atlanta Transitional Center,251,State,"322 Ponce De Leon Avenue, Ne",Atlanta,30308,Fulton,6/30/2012
GA,Atlanta USP,"1,889",Federal,601 Mcdonough Blvd Se,Atlanta,30315,Fulton,6/30/2012
GA,Atlanta USP,"1,911",Federal,601 Mcdonough Blvd Se,Atlanta,30315,Fulton,4/2/2020
GA,Atlanta-Camp,148,Federal,601 Mcdonough Blvd Se,Atlanta,30315,Fulton,4/2/2020
GA,Augusta State Medical Prison,"1,313",State,3001 Gordon Highway,Grovetown,30813,Columbia,6/30/2012
GA,Augusta Transitional Center,200,State,601 Taylor Street,Augusta,30901,Richmond,6/30/2012
GA,Autry State Prison,"1,722",State,3178 Mt Zion Church Road,Pelham,31779,,6/30/2012
GA,Bacon Co. Jail,61,Local,,,,,12/31/2013
GA,Bacon Probation Dentention Center,232,State,165 East Eastside Industrial Boulevard,Alma,31510,Bacon,6/30/2012
GA,Bainbridge Probation Substance Abuse Center,392,State,235 State Hospital Road,Bainbridge,39817,Decatur,6/30/2012
GA,Baldwin Co. Jail,190,Local,,,,,12/31/2013
GA,Baldwin State Prison,923,State,Laying Farm Road,Hardwick,31034,Baldwin,6/30/2012
GA,Banks Co. Jail,40,Local,,,,,12/31/2013
GA,Barrow County Detention Center,229,Local,,,,,12/31/2013
GA,Bartow Co. Jail,575,Local,,,,,12/31/2013
GA,Berrien Co. Jail,68,Local,,,,,12/31/2013
GA,Bibb Co. Law Enforcement Ctr.,909,Local,,,,,12/31/2013
GA,Bleckley County Jail,57,Local,,,,,12/31/2013
GA,Bleckley Probation Dentention Center,238,State,179 Jac Arts Road,Cochran,31014,,6/30/2012
GA,Bobby Whitworth Parole Center,30,State,414 Valley Hart Road,Hartwell,30643,Hart,6/30/2012
GA,Brantley Co. Jail,85,Local,,,,,12/31/2013
GA,Brooks Co. Jail,79,Local,,,,,12/31/2013
GA,Bryan Co. Jail,50,Local,,,,,12/31/2013
GA,Bulloch Co. Jail,278,Local,,,,,12/31/2013
GA,Bulloch County Correctional Institution,130,Local,,,,,12/31/2013
GA,Bulloch County Prison,140,Local,17301 Us Highway 301 North,Statesboro,30458,Bulloch,6/30/2012
GA,Burke Co. Jail,94,Local,,,,,12/31/2013
GA,Burruss Correctional Training Center,687,State,1000 Indian Springs Drive,Forsyth,31029,Monroe,6/30/2012
GA,Butts Co. Det. Ctr.,104,Local,,,,,12/31/2013
GA,Calhoun Co. Jail,15,Local,,,,,12/31/2013
GA,Calhoun State Prison,"1,662",State,27823 Main Street,Morgan,39866,Calhoun,6/30/2012
GA,Camden Co. Public Safety Fac.,115,Local,,,,,12/31/2013
GA,Candler Co. Jail,25,Local,,,,,12/31/2013
GA,Carlton Colwell Probation Dentention Center,265,State,189 Beasley Street,Blairsville,30512,Union,6/30/2012
GA,Carroll Co. Jail,449,Local,,,,,12/31/2013
GA,Carroll County Prison,235,Local,96 Horsley Mill Road,Carrollton,30117,Carroll,6/30/2012
GA,Carroll County Prison,214,Local,,,,,12/31/2013
GA,Catoosa Co. Jail,185,Local,,,,,12/31/2013
GA,Cecil A. Moore Law Enforcement Ctr.,35,Local,,,,,12/31/2013
GA,Central State Prison,"1,118",State,4600 Fulton Mill Road,Macon,31208,Bibb,6/30/2012
GA,Charles B. Webster Detention Center,817,Local,,,,,12/31/2013
GA,Chatham County Adult Detention Center,"1,524",Local,,,,,12/31/2013
GA,Chattooga Co. Jail,50,Local,,,,,12/31/2013
GA,Cherokee Co. Jail,563,Local,,,,,12/31/2013
GA,City of Acworth Detention Center,19,Local,,,,,12/31/2013
GA,Clarke Co. Jail,468,Local,,,,,12/31/2013
GA,Claxton City Jail,2,Local,,,,,12/31/2013
GA,Clayton County Correctional Institution,237,Local,11420 S.L.R. Boulevard,Lovejoy,30250,Clayton,6/30/2012
GA,Clayton County Correctional Institution,230,Local,,,,,12/31/2013
GA,Clayton County Jail,"1,283",Local,,,,,12/31/2013
GA,Clayton Transitional Center,354,State,242 Falcon Drive,Forest Park,30297,Clayton,6/30/2012
GA,Clinch Co. Jail,9,Local,,,,,12/31/2013
GA,Coastal State Prison,"1,428",State,200 Gulfstream Road,Garden City,31418,Chatham,6/30/2012
GA,Coastal Transitional Center,255,State,309 Stiles Avenue,Savannah,31405,Chatham,6/30/2012
GA,Cobb County Sheriffs office Jail & Prison Unit,"1,632",Local,,,,,12/31/2013
GA,Coffee Co. Jail,194,Local,,,,,12/31/2013
GA,Coffee Correctional Facility,"2,648",Private,1153 North Liberty Street,Nicholls,31554,,6/30/2012
GA,Colquitt County Prison,174,Local,2000 County Farm Road,Moultrie,31768,Colquitt,6/30/2012
GA,Colquitt County Prison,182,Local,,,,,12/31/2013
GA,Columbia Co. Det. Ctr.,254,Local,,,,,12/31/2013
GA,Columbus Transitional Center,179,State,3900 Schatulga Road,Columbus,31908,Muscogee,6/30/2012
GA,Cook Co. Jail,95,Local,,,,,12/31/2013
GA,Coweta County Jail,335,Local,,,,,12/31/2013
GA,Coweta County Prison,202,Local,101 Selt Road,Newnan,30263,Coweta,6/30/2012
GA,Coweta County Prison,200,Local,,,,,12/31/2013
GA,Crawford Co. Jail,14,Local,,,,,12/31/2013
GA,Crisp Co. Jail,133,Local,,,,,12/31/2013
GA,CSC - Dismas House of Atlanta West,161,Private,300 Wendell Court,Atlanta,30336,Fulton,6/30/2012
GA,Cuthbert City Jail,6,Local,,,,,12/31/2013
GA,D. Ray James Corr Facl CI,"2,498",Private,Highway 252 East,Folkston,31537,Charlton,6/30/2012
GA,D. Ray James Corr Facl CI,"1,702",Private,Highway 252 East,Folkston,31537,Charlton,4/2/2020
GA,Dade Co. Jail,45,Local,,,,,12/31/2013
GA,Dawson Co. Jail,152,Local,,,,,12/31/2013
GA,Decatur Co. Jail,43,Local,,,,,12/31/2013
GA,Decatur Coounty Prison,226,Local,1153 Airport Road,Bainbridge,39817,Decatur,6/30/2012
GA,Decatur County Prison,280,Local,,,,,12/31/2013
GA,Dekalb County Jail,"2,380",Local,,,,,12/31/2013
GA,Dismas House of Macon,155,Private,744 2Nd Street,Macon,31201,Bibb,6/30/2012
GA,Dodge State Prison,"1,220",State,2971 Old Bethel Road,Chester,31012,,6/30/2012
GA,Dooly County Justice Center,42,Local,,,,,12/31/2013
GA,Dooly State Prison,"1,693",State,1412 Plunkett Road,Unadilla,31091,,6/30/2012
GA,Dougherty Co. Jail,767,Local,,,,,12/31/2013
GA,Douglas Co. Jail,719,Local,,,,,12/31/2013
GA,Early Co. Jail,43,Local,,,,,12/31/2013
GA,East Point City Jail,40,Local,,,,,12/31/2013
GA,Effingham Co. Jail,120,Local,,,,,12/31/2013
GA,Effingham County Prison,219,Local,321 Highway 119 South,Springfield,31329,Effingham,6/30/2012
GA,Effingham County Prison,180,Local,,,,,12/31/2013
GA,Emanuel Probation Detention Ctr,369,State,121 Casa Drive,Twin City,30471,,6/30/2012
GA,Emanuel Women's Facility,568,State,714 Gumlog Road,Swainsboro,30401,Emanuel,6/30/2012
GA,Evans Co. Jail,20,Local,,,,,12/31/2013
GA,Fannin Co. Jail,55,Local,,,,,12/31/2013
GA,Fayette Co. Jail,260,Local,,,,,12/31/2013
GA,Floyd Co. Prison,414,Local,,,,,12/31/2013
GA,Floyd County Prison,342,Local,"329 Black Bluff Road, Sw",Rome,30161,Floyd,6/30/2012
GA,Floyd County Work Release Center,82,Local,,,,,12/31/2013
GA,Forsyth Co. Jail,189,Local,,,,,12/31/2013
GA,Franklin Co. Detention Center,75,Local,,,,,12/31/2013
GA,Georgia Diagnostic And Classification State Prison,"2,296",State,"2979 Hwy 36, West",Jackson,30233,,6/30/2012
GA,Georgia State Prison,"1,445",State,300 1St Avenue South,Reidsville,30453,Tattnall,6/30/2012
GA,Gilmer Co. Jail,102,Local,,,,,12/31/2013
GA,Glynn Co. Det. Ctr,389,Local,,,,,12/31/2013
GA,Gordon City Jail,2,Local,,,,,12/31/2013
GA,Gordon County Sheriff's office,288,Local,,,,,12/31/2013
GA,Greene Co. Law Enforcement Ctr.,46,Local,,,,,12/31/2013
GA,Grovetown City Jail,8,Local,,,,,12/31/2013
GA,Gwinnett Co. Department of Correction - Comprehensive Correctiona,370,Local,,,,,12/31/2013
GA,Gwinnett County Jail,"2,180",Local,,,,,12/31/2013
GA,Gwinnett County Prison,128,Local,750 High Hope Road,Lawrenceville,30043,Gwinnett,6/30/2012
GA,Hall County Correctional Institution,217,Local,,,,,12/31/2013
GA,Hall County Detention Center,733,Local,,,,,12/31/2013
GA,Hall County Prison,161,Local,1694 Barber Road,Gainesville,30507,Hall,6/30/2012
GA,Hancock Co. Jail,39,Local,,,,,12/31/2013
GA,Hancock State Prison,"1,270",State,701 Prison Boulvard,Sparta,31087,Hancock,6/30/2012
GA,Haralson Co. Jail,91,Local,,,,,12/31/2013
GA,Harris Co. Jail,73,Local,,,,,12/31/2013
GA,Harris Co. Prison,114,Local,,,,,12/31/2013
GA,Harris County Prison,118,Local,9982 Georgia Highway 116,Hamilton,31811,Harris,6/30/2012
GA,Hart Co. Jail,45,Local,,,,,12/31/2013
GA,Hays State Prison,"1,674",State,777 Underwood Road,Trion,30753,,6/30/2012
GA,Heard Co. Jail,47,Local,,,,,12/31/2013
GA,Helms Facility,36,State,1275 Constitution Road,Atlanta,30316,,6/30/2012
GA,Henry Co. Jail,569,Local,,,,,12/31/2013
GA,Houston Co. Jail,450,Local,,,,,12/31/2013
GA,Irwin County Detention Center,803,Local,,,,,12/31/2013
GA,Jackson City Jail,2,Local,,,,,12/31/2013
GA,Jackson County Detention Center,120,Local,,,,,12/31/2013
GA,Jackson County Prison,148,Local,255 Curtis Spence Drive,Jefferson,30549,Jackson,6/30/2012
GA,Jackson County Prison,150,Local,,,,,12/31/2013
GA,Jasper Co. Jail,33,Local,,,,,12/31/2013
GA,Jeff Davis Co. Jail,80,Local,,,,,12/31/2013
GA,Jefferson Co. Jail,105,Local,,,,,12/31/2013
GA,Jefferson County Prison,180,Local,,,,,12/31/2013
GA,Jefferson County Prison,187,Local,1159 Clarks Mill Road,Louisville,30434,,6/30/2012
GA,Jenkins Co. Jail,14,Local,,,,,12/31/2013
GA,Jenkins Correctional Center,"1,136",Local,,,,,12/31/2013
GA,Jenkins Correctional Facility,"1,124",Private,34404 Kent Farm Dr.,Millen,30442,Jenkins,6/30/2012
GA,Jesup - Camp,157,Federal,2600 Highway 301 South,Jesup,31599,Wayne,6/30/2012
GA,Jesup FCI,"1,109",Federal,2600 Highway 301 South,Jesup,31599,Wayne,6/30/2012
GA,Jesup FCI,932,Federal,2600 Highway 301 South,Jesup,31599,Wayne,4/2/2020
GA,Jesup Fsl,624,Federal,2600 Highway 301 South,Jesup,31599,Wayne,6/30/2012
GA,Jesup-Camp,164,Federal,2600 Highway 301 South,Jesup,31599,Wayne,4/2/2020
GA,Jesup-Fsl,463,Federal,2600 Highway 301 South,Jesup,31599,Wayne,4/2/2020
GA,Johnson Co. Jail,32,Local,,,,,12/31/2013
GA,Johnson State Prison,"1,591",State,290 Donovan-Harrison Road,Wrightsville,31096,Johnson,6/30/2012
GA,Jones Co. Jail,125,Local,,,,,12/31/2013
GA,Kennesaw City Jail,20,Local,,,,,12/31/2013
GA,Lagrange Transitional Center,179,State,100 Jim Hester Road,Lagrange,30241,Troup,6/30/2012
GA,Lamar Co. Jail,65,Local,,,,,12/31/2013
GA,Laurens Co. Jail,221,Local,,,,,12/31/2013
GA,Lee Arrendale State Prison,"1,495",State,2023 Gainesville Highway South,Alto,30510,,6/30/2012
GA,Lee Arrendale Transitional Center,108,State,2023 Old Gainesville Highway South,Alto,30510,,6/30/2012
GA,Lee Co. Jail,74,Local,,,,,12/31/2013
GA,Lee State Prison,743,State,153 Pinewood Drive,Leesburg,31763,Lee,6/30/2012
GA,Liberty Co. Jail,218,Local,,,,,12/31/2013
GA,Long Unit,227,State,1434 Us Highway 84 East,Ludowici,31316,Long,6/30/2012
GA,Lowndes Co. Jail,630,Local,,,,,12/31/2013
GA,Lumpkin Co. Jail,147,Local,,,,,12/31/2013
GA,Macon Co. Jail,28,Local,,,,,12/31/2013
GA,Macon State Prison,"1,769",State,2728 Hwy 49 South,Oglethorpe,31068,Macon,6/30/2012
GA,Macon Transition Center,232,State,1303 Constitution Road,Atlanta,30316,,6/30/2012
GA,"Madison Co, Jail",89,Local,,,,,12/31/2013
GA,Manchester City Jail,9,Local,,,,,12/31/2013
GA,Marion Co. Jail,22,Local,,,,,12/31/2013
GA,Mcduffie Co. Jail,97,Local,,,,,12/31/2013
GA,Mcever Probation Detention Center,234,State,2100 Kings Chapel Road,Perry,31069,Houston,6/30/2012
GA,Mcintosh Co. Jail,86,Local,,,,,12/31/2013
GA,Mcrae CI,"1,749",Private,112 Jim Hammock Drive,Mcrae,31055,Telfair,6/30/2012
GA,Mcrae CI,"1,493",Private,112 Jim Hammock Drive,Mcrae Helena,31055,Telfair,4/2/2020
GA,Meriwether Co. Det. Ctr.,85,Local,,,,,12/31/2013
GA,Metro Transitional Center,232,State,1303 Constitution Rd,Atlanta,30316,,6/30/2012
GA,Metro Women's Transitional Center,232,State,1303 Constitution Road,Atlanta,30316,,6/30/2012
GA,Milledgeville City Jail,4,Local,,,,,12/31/2013
GA,Mitchell County Justice Center,77,Local,,,,,12/31/2013
GA,Mitchell County Prison,86,Local,4838 Highway 37 East,Camilla,31730,Mitchell,6/30/2012
GA,Mitchell County Prison,92,Local,,,,,12/31/2013
GA,Mize Street Detention Center,36,Local,,,,,12/31/2013
GA,Monroe Co. Jail,191,Local,,,,,12/31/2013
GA,Montgomery State Prison,415,State,650 Mt. Vernon/Alston Road,Mt. Vernon,30445,Montgomery,6/30/2012
GA,Morgan Co. Det. Ctr.,68,Local,,,,,12/31/2013
GA,Murray County Sheriffs office,105,Local,,,,,12/31/2013
GA,Muscogee Co. Prison,530,Local,,,,,12/31/2013
GA,Muscogee County Jail,"1,132",Local,,,,,12/31/2013
GA,Muscogee County Prison,529,State,7175 Sacerdote Lane,Columbus,31908,Muscogee,6/30/2012
GA,Newton Co. Jail,484,Local,,,,,12/31/2013
GA,Northwest Residential Substance Abuse Center,200,State,97 Kevin Lane,Rock Spring,30739,,6/30/2012
GA,Oconee Co. Jail,40,Local,,,,,12/31/2013
GA,Paulding Co. Det. Ctr.,213,Local,,,,,12/31/2013
GA,Paulding Probation Dentention Center,260,State,"1295 Industrial Boulevard, N",Dallas,30132,Paulding,6/30/2012
GA,Peach Co. Law Enforcement Ctr.,60,Local,,,,,12/31/2013
GA,Pelham Municipal Jail,34,Local,,,,,12/31/2013
GA,Phillips State Prison,"1,149",State,2989 West Rock Quarry Road,Buford,30519,,6/30/2012
GA,Phillips Transitional Center,292,State,2989 West Rock Quarry Road,Buford,30519,,6/30/2012
GA,Pickens Co. Jail,80,Local,,,,,12/31/2013
GA,Pierce Co. Jail,64,Local,,,,,12/31/2013
GA,Pike Co. Jail,25,Local,,,,,12/31/2013
GA,Polk Co. Jail,186,Local,,,,,12/31/2013
GA,Pulaski Co. Jail,29,Local,,,,,12/31/2013
GA,Pulaski State Prison,"1,182",State,"Route 2, Upper River Road",Hawkinsville,31036,,6/30/2012
GA,Putnam Co. Jail,89,Local,,,,,12/31/2013
GA,Rabun Co. Jail,67,Local,,,,,12/31/2013
GA,Randolph Co. Jail,25,Local,,,,,12/31/2013
GA,Richmond Co. Corr. Inst.,211,Local,,,,,12/31/2013
GA,Richmond County Prison,213,Local,2314 Tobacco Road,Augusta,30906,Richmond,6/30/2012
GA,Riverbend Correctional Facility,"1,506",Private,196 Laying Farm Rd,Milledgeville,31061,Baldwin,6/30/2012
GA,Robert Patten Probation Detention Center,252,State,27 South 10Th Street,Lakeland,31635,Lanier,6/30/2012
GA,Rogers State Prison,"1,500",State,1978 Georgia Highway 147,Reidsville,30453,Tattnall,6/30/2012
GA,Roswell City Jail,11,Local,,,,,12/31/2013
GA,Rutledge State Prison,626,State,7175 Manor Road,Columbus,31908,Muscogee,6/30/2012
GA,Screven Co. Jail,51,Local,,,,,12/31/2013
GA,Screven County Prison,145,Local,859 Rockyford Road,Sylvania,30467,Screven,6/30/2012
GA,Seminole Co. Jail,51,Local,,,,,12/31/2013
GA,Smith State Prison,"1,614",State,9676 Highway 301 North,Glennville,30427,,6/30/2012
GA,Smith Transitional Center,204,State,8631 Highway 301 North,Claxton,30417,Evans,6/30/2012
GA,Smyrna City Jail,17,Local,,,,,12/31/2013
GA,Spalding Co. Jail,353,Local,,,,,12/31/2013
GA,Spalding County Correctional Institution,378,Local,,,,,12/31/2013
GA,Spalding County Prison,380,Local,295 Justice Boulevard,Griffin,30224,,6/30/2012
GA,Stephens Co. Jail,135,Local,,,,,12/31/2013
GA,Sumter Co. Jail,150,Local,,,,,12/31/2013
GA,Sumter County Correctional Institute,340,Local,,,,,12/31/2013
GA,Sumter County Prison,342,Local,346 Mcmath Mill Road,Americus,31709,Sumter,6/30/2012
GA,Tattnall Co. Jail,90,Local,,,,,12/31/2013
GA,Taylor Co. Jail,44,Local,,,,,12/31/2013
GA,Telfair Co. Jail,21,Local,,,,,12/31/2013
GA,Telfair State Prison,"1,428",State,210 Longbridge Road,Helena,31037,,6/30/2012
GA,Terrell Co. Jail,31,Local,,,,,12/31/2013
GA,Terrell County Prison,129,Local,3110 Albany Highway,Dawson,39842,Terrell,6/30/2012
GA,Thomas Co. Jail,173,Local,,,,,12/31/2013
GA,Thomas County Prison,177,Local,324 County Farm Road,Thomasville,31757,Thomas,6/30/2012
GA,Thomas County Prison,187,Local,,,,,12/31/2013
GA,Tift Co. Jail,184,Local,,,,,12/31/2013
GA,Toombs Co. Jail,91,Local,,,,,12/31/2013
GA,Towns Co. Det. Ctr.,28,Local,,,,,12/31/2013
GA,Treutlen Co. Jail,22,Local,,,,,12/31/2013
GA,Treutlen Probation Dentention Center,295,State,401 Cascade Circle,Soperton,30457,Treutlen,6/30/2012
GA,Troup Co. Jail,419,Local,,,,,12/31/2013
GA,Troup County Prison,266,Local,2508 Hamilton Road,Lagrange,30240,Troup,6/30/2012
GA,Troup County Prison,332,Local,,,,,12/31/2013
GA,Troup County Work Release Program,43,Local,,,,,12/31/2013
GA,Turner Co. Jail,41,Local,,,,,12/31/2013
GA,Turner Pre-Release Center,220,State,514 South Railroad Avenue,Sycamore,31790,Turner,6/30/2012
GA,Union Co. Jail,62,Local,,,,,12/31/2013
GA,Upson Co. Jail,115,Local,,,,,12/31/2013
GA,Valdosta Annex,90,State,3259 Valtech Road,Valdosta,31603,Lowndes,6/30/2012
GA,Valdosta State Prison,"1,410",State,3259 Valtech Road,Valdosta,31603,Lowndes,6/30/2012
GA,Valdosta Transitional Center,100,Local,363 Gil Harbin Industrial Boulevard,Valdosta,31601,Lowndes,6/30/2012
GA,Walker Co. Jail,201,Local,,,,,12/31/2013
GA,Walker State Prison,382,State,97 Kevin Lane,Rock Spring,30739,,6/30/2012
GA,Walton Co. Jail,400,Local,,,,,12/31/2013
GA,Ware Co. Jail,341,Local,,,,,12/31/2013
GA,Ware State Prison,"1,560",State,3620 North Harris Road,Waycross,31501,Ware,6/30/2012
GA,Washington Co. Jail,86,Local,,,,,12/31/2013
GA,Washington State Prison,"1,543",State,13262 Highway 24 East,Davisboro,31018,Washington,6/30/2012
GA,Wayne Co. Jail,156,Local,,,,,12/31/2013
GA,West Central Integrated Treatment Facility,104,State,1070 County Farm Road,Zebulon,30295,Pike,6/30/2012
GA,Wheeler Correctional Facility,"2,702",Private,195 North Broad Street,Alamo,30411,,6/30/2012
GA,White Co. Jail,92,Local,,,,,12/31/2013
GA,Whitfield Co. Jail,455,Local,,,,,12/31/2013
GA,Wilcox Co. Jail,26,Local,,,,,12/31/2013
GA,Wilcox State Prison,"1,871",State,470 South Broad Street,Abbeville,31001,Wilcox,6/30/2012
GA,Wilkinson Co. Jail,28,Local,,,,,12/31/2013
GA,Women's Probation Dentention Center,236,State,8662 U.S. Hwy 301 North,Claxton,30417,Evans,6/30/2012
GA,Worth Co. Jail,47,Local,,,,,12/31/2013
HI,Halawa Correctional Facility,"1,035",State,99-902 Moanalua Hwy,Aiea,96701,Honolulu,6/30/2012
HI,Hawaii Community Correctional Center,561,State,60 Punahele Street,Hilo,96720,Hawaii,6/30/2012
HI,Honolulu FDC,436,Federal,351 Elliott St,Honolulu,96819,Honolulu,4/2/2020
HI,Kauai Community Correctional Center,208,State,3-5351 Kuhio Hwy,Lihue,96766,Kauai,6/30/2012
HI,Maui Community Correctional Center,381,State,600 Waiale Drive,Wailuku,96793,Maui,6/30/2012
HI,Oahu Community Correctional Center,"1,592",State,2199 Kamehameha Hwy,Honolulu,96819,Honolulu,6/30/2012
HI,T. J. Mahoney & Associates - Halfway House,27,Joint Stat,524 Kaaahi Street,Honolulu,96817,Honolulu,6/30/2012
HI,Waiawa Correctional Facility,290,State,94-560 Kamehameha Hwy,Waipahu,96782,Honolulu,6/30/2012
HI,Women's Community Correctional Center,329,State,42 477 Kalanianaole Hwy,Kailua,96734,Honolulu,6/30/2012
IA,Adair County Jail,3,Local,,,,,12/31/2013
IA,Adams Co. Jail,17,Local,,,,,12/31/2013
IA,Allamakee Co. Jail,6,Local,,,,,12/31/2013
IA,Anamosa State Penitentiary,"1,090",State,406 N High Street,Anamosa,52205,Jones,6/30/2012
IA,Appanoose Co. Jail,23,Local,,,,,12/31/2013
IA,Beje Clark Residential Center,62,State,818 15Th Street Sw,Mason City,50402,Cerro Gordo,6/30/2012
IA,Benton Co. Jail,10,Local,,,,,12/31/2013
IA,Black Hawk Co. Jail,263,Local,,,,,12/31/2013
IA,Bremer Co. Jail,29,Local,,,,,12/31/2013
IA,Buchanan Co. Jail,21,Local,,,,,12/31/2013
IA,Buena Vista Co. Jail,26,Local,,,,,12/31/2013
IA,Burlington Residential Facility,71,State,835 Valley Road,Burlington,52601,Des Moines,6/30/2012
IA,Butler Co. Jail,12,Local,,,,,12/31/2013
IA,"C.H., Incorporated",85,Private,1310 South 17Th Street,Council Bluffs,51501,Pottawattamie,6/30/2012
IA,Carroll Co. Jail,7,Local,,,,,12/31/2013
IA,Cass Co. Corr. Fac.,16,Local,,,,,12/31/2013
IA,Cedar Co. Sheriffs office,19,Local,,,,,12/31/2013
IA,Cerro Gordo County Law Enforcement Center,74,Local,,,,,12/31/2013
IA,Cherokee Co. Jail,10,Local,,,,,12/31/2013
IA,Chickasaw Co. Jail,4,Local,,,,,12/31/2013
IA,Clarinda Correctional Facility,826,State,2000 N. 16Th Street,Clarinda,51632,Page,6/30/2012
IA,Clarinda Correctional Facility Lodge,132,State,2000 N. 16Th,Clarinda,51632,Page,6/30/2012
IA,Clarke Co. Jail,17,Local,,,,,12/31/2013
IA,Clay Co. Jail,9,Local,,,,,12/31/2013
IA,Clayton Co. Jail,14,Local,,,,,12/31/2013
IA,Clinton Co. Jail,43,Local,,,,,12/31/2013
IA,Correctional Release Center,341,State,"307 South 60Th Avenue, W.",Newton,50208,Jasper,6/30/2012
IA,Council Bluffs Residential Facility,83,State,900 Ninth Avenue,Council Bluffs,51501,Pottawattamie,6/30/2012
IA,Council Bluffs Women's Residential Facility,26,State,1102 9Th Street,Council Bluffs,51501,Pottawattamie,6/30/2012
IA,Crawford Co. Jail,9,Local,,,,,12/31/2013
IA,Curt Forbes Residential Center,56,State,111 N Sherman Avenue,Ames,50010,Story,6/30/2012
IA,Dallas Co. Corr. Fac.,20,Local,,,,,12/31/2013
IA,Davenport Residential Facility,74,State,1330 W 3Rd Street,Davenport,52802,Scott,6/30/2012
IA,Davenport Work Release Center,97,State,605 Main Street,Davenport,52802,Scott,6/30/2012
IA,Davis Co. Jail,7,Local,,,,,12/31/2013
IA,Decatur Co. Jail,3,Local,,,,,12/31/2013
IA,Delaware Co. Jail,6,Local,,,,,12/31/2013
IA,Des Moines Co. Jail,54,Local,,,,,12/31/2013
IA,Des Moines Women's Residential Facility,62,State,1917 Hickman Road,Des Moines,50314,Polk,6/30/2012
IA,Dickinson Co. Jail,13,Local,,,,,12/31/2013
IA,Dubuque Co. Jail,122,Local,,,,,12/31/2013
IA,Dubuque Residential Facility,128,State,1494 Elm Street,Dubuque,52001,Dubuque,6/30/2012
IA,Emmet Co. Jail,2,Local,,,,,12/31/2013
IA,Fayette Co. Jail,30,Local,,,,,12/31/2013
IA,Floyd Co. Jail,6,Local,,,,,12/31/2013
IA,Fort Des Moines Community Corrections Facility - Bldg 68,89,State,68 Thayer Street,Des Moines,50315,Polk,6/30/2012
IA,Fort Des Moines Community Corrections Facility - Bridges Unit,35,State,65 Gruber Street,Des Moines,50314,Polk,6/30/2012
IA,Fort Des Moines Community Corrections Facility - Honors Unit,52,State,65 Gruber Street,Des Moines,50315,Polk,6/30/2012
IA,Fort Des Moines Residential Facility - Bldg 70,160,State,70 Thayer Street,Des Moines,50315,Polk,6/30/2012
IA,Fort Dodge Correctional Facility,"1,137",State,1550 L Street,Ford Dodge,50501,Webster,6/30/2012
IA,Fort Dodge Residential Center,61,State,311 1St Avenue S,Fort Dodge,50501,Webster,6/30/2012
IA,Fremont Co. Jail,4,Local,,,,,12/31/2013
IA,Gerald R. Hinzman Residential Facility,87,State,1051 29Th Avenue Sw,Cedar Rapids,52404,Linn,6/30/2012
IA,Greene Co. Jail,7,Local,,,,,12/31/2013
IA,Grundy County Jail,5,Local,,,,,12/31/2013
IA,Guthrie Co. Jail,9,Local,,,,,12/31/2013
IA,Hamilton County Jail,10,Local,,,,,12/31/2013
IA,Hancock Co. Jail,6,Local,,,,,12/31/2013
IA,Hardin Co. Jail,45,Local,,,,,12/31/2013
IA,Harrison Co. Jail,8,Local,,,,,12/31/2013
IA,Henry Co. Jail,16,Local,,,,,12/31/2013
IA,Hope House Residential Facility,51,State,2501 Holiday Road,Coralville,52241,Johnson,6/30/2012
IA,Howard Co. Jail,3,Local,,,,,12/31/2013
IA,Humboldt Co. Jail,4,Local,,,,,12/31/2013
IA,Ida Co. Jail,7,Local,,,,,12/31/2013
IA,Iowa Co. Jail,22,Local,,,,,12/31/2013
IA,Iowa Correctional Institute For Women,548,State,300 Elm Avenue Sw,Mitchellville,50169,,6/30/2012
IA,Iowa Medical & Classification Center,954,State,2700 Coral Ridge Ave.,Coralville,52241,Johnson,6/30/2012
IA,Iowa State Penitentiary,972,State,3 John Bennett Drive,Fort Madison,52627,Lee,6/30/2012
IA,Jackson Co. Det. Ctr.,8,Local,,,,,12/31/2013
IA,Jasper Co. Jail,29,Local,,,,,12/31/2013
IA,Jefferson Co. Jail,13,Local,,,,,12/31/2013
IA,Jones Co. Jail,13,Local,,,,,12/31/2013
IA,Keokuk Co. Jail,2,Local,,,,,12/31/2013
IA,Kossuth Co. Jail,11,Local,,,,,12/31/2013
IA,Larry A Nelson Center,88,State,1001 29Th Ave Sw,Cedar Rapids,52404,Linn,6/30/2012
IA,Lee Co. Jail,54,Local,,,,,12/31/2013
IA,Linn Co. Corr. Ctr.,344,Local,,,,,12/31/2013
IA,Louisa County Jail,13,Local,,,,,12/31/2013
IA,Luster Heights,85,State,4841 Luster Heights Rd,Harper's Ferry,52146,Allamakee,6/30/2012
IA,Lyon Co. Jail,10,Local,,,,,12/31/2013
IA,Madison Co. Jail,8,Local,,,,,12/31/2013
IA,Mahaska Co. Jail,21,Local,,,,,12/31/2013
IA,Marion Co. Jail,36,Local,,,,,12/31/2013
IA,Marshalltown Residential Facility,54,State,1401 S 17Th Avenue,Mashalltown,50158,Marshall,6/30/2012
IA,Mills Co. Jail,10,Local,,,,,12/31/2013
IA,Mitchell Co. Jail,3,Local,,,,,12/31/2013
IA,Monona Co. Jail,14,Local,,,,,12/31/2013
IA,Monroe Co. Jail,8,Local,,,,,12/31/2013
IA,Montgomery Co. Jail,4,Local,,,,,12/31/2013
IA,Mount Pleasant Correctional Facility,843,State,1200 E. Washington Street,Mount Pleasant,52641,Henry,6/30/2012
IA,Mount Pleasant Women's Unit,74,State,1200 E. Washington Street,Mount Pleasant,52641,Henry,6/30/2012
IA,Muscatine Co. Jail,187,Local,,,,,12/31/2013
IA,Newton Correctional Facility,846,State,307 S. 60Th Avenue W.,Newton,50208,Jasper,6/30/2012
IA,North Central Correctional Facility,485,State,313 Lanedale,Rockwell City,50579,Calhoun,6/30/2012
IA,Obrien Co. Jail,34,Local,,,,,12/31/2013
IA,Osceola Co. Jail,3,Local,,,,,12/31/2013
IA,Ottumwa Residential Facility,48,State,245 Osage Drive,Ottumwa,52501,Wapello,6/30/2012
IA,Page Co. Jail,8,Local,,,,,12/31/2013
IA,Palo Alto Co. Jail,5,Local,,,,,12/31/2013
IA,Plymouth Co. Jail,30,Local,,,,,12/31/2013
IA,Pocahontas Co. Jail,5,Local,,,,,12/31/2013
IA,Polk Co. Jail,943,Local,,,,,12/31/2013
IA,Pottawattamie County Jail,212,Local,,,,,12/31/2013
IA,Poweshiek Co. Jail,23,Local,,,,,12/31/2013
IA,Ringgold Co. Jail,13,Local,,,,,12/31/2013
IA,Sac Co. Jail,4,Local,,,,,12/31/2013
IA,Scott Co. Jail & Annex,320,Local,,,,,12/31/2013
IA,Shelby Co. Jail,8,Local,,,,,12/31/2013
IA,Sheldon Residential Facility,22,State,720 Western Avenue,Sheldon,51201,,6/30/2012
IA,Sioux City Residential Facility,62,State,515 Water Street,Sioux City,51103,Woodbury,6/30/2012
IA,Sioux Co. Jail,34,Local,,,,,12/31/2013
IA,Story Co. Jail,72,Local,,,,,12/31/2013
IA,Tama Co. Jail,15,Local,,,,,12/31/2013
IA,Taylor Co. Jail,4,Local,,,,,12/31/2013
IA,Union Co. Jail,9,Local,,,,,12/31/2013
IA,Van Buren Co. Jail,5,Local,,,,,12/31/2013
IA,Wapello Co. Jail,77,Local,,,,,12/31/2013
IA,Warren Co. Jail,22,Local,,,,,12/31/2013
IA,Washington County Jail,28,Local,,,,,12/31/2013
IA,Waterloo Residential Facility,230,State,314 E 6Th Street,Waterloo,50703,Black Hawk,6/30/2012
IA,Wayne Co. Jail,20,Local,,,,,12/31/2013
IA,Webster Co. Jail,49,Local,,,,,12/31/2013
IA,West Union Residential Facility,49,State,500 S Pine Street,West Union,52175,Fayette,6/30/2012
IA,Winnebago Co. Jail,5,Local,,,,,12/31/2013
IA,Winneshiek Co. Jail,9,Local,,,,,12/31/2013
IA,Woodbury Co. Jail,249,Local,,,,,12/31/2013
IA,Worth Co. Jail,4,Local,,,,,12/31/2013
IA,Wright Co. Jail,12,Local,,,,,12/31/2013
ID,Ada Co. Jail,830,Local,,,,,12/31/2013
ID,Adams Co. Jail,24,Local,,,,,12/31/2013
ID,Bannock Co. Jail,240,Local,,,,,12/31/2013
ID,Benewah Co. Jail,10,Local,,,,,12/31/2013
ID,Bingham Co. Jail,102,Local,,,,,12/31/2013
ID,Blaine Co. Jail,46,Local,,,,,12/31/2013
ID,Bonner Co. Jail,85,Local,,,,,12/31/2013
ID,Bonneville Co. Jail,365,Local,,,,,12/31/2013
ID,Boundary Co. Det. Fac.,20,Local,,,,,12/31/2013
ID,Butte County Jail,5,Local,,,,,12/31/2013
ID,Canyon Co. Jail,389,Local,,,,,12/31/2013
ID,Caribou Co. Jail,35,Local,,,,,12/31/2013
ID,Clark Co. Jail,N/A,Local,,,,,12/31/2013
ID,Clearwater Co. Jail,22,Local,,,,,12/31/2013
ID,Correctional Alternative Placement Program,360,State,15505 S Pleasant Valley Road,Kuna,83634,Ada,6/30/2012
ID,Custer Co. Jail,4,Local,,,,,12/31/2013
ID,East Boise Community Work Center,97,State,2366 Old Penitentiary Rd.,Boise,83712,Ada,6/30/2012
ID,Elmore Co. Jail,92,Local,,,,,12/31/2013
ID,Fremont Co. Law Enf. Ctr.,9,Local,,,,,12/31/2013
ID,Gem Co. Jail,32,Local,,,,,12/31/2013
ID,Gooding Co. Jail,31,Local,,,,,12/31/2013
ID,Idaho Co. Jail,14,Local,,,,,12/31/2013
ID,Idaho Correctional Center,"2,064",Private,14601 Pleasant Valley Road,Kuna,83634,Ada,6/30/2012
ID,Idaho Correctional Institution - Orofino,536,State,381 West Hospital Drive,Orofino,83544,Clearwater,6/30/2012
ID,Idaho Falls Community Work Center,84,State,3955 Bombardier Avenue,Idaho Falls,83402,Bonneville,6/30/2012
ID,Idaho Maximum Security Institution,395,State,13400 Pleasant Valley Road,Kuna,83634,Ada,6/30/2012
ID,Idaho State Correctional Institution,"1,644",State,13500 S Pleasant Valley Road,Kuna,83634,Ada,6/30/2012
ID,James R. Munn Detention Facility,177,Local,,,,,12/31/2013
ID,Jefferson Co. Jail,46,Local,,,,,12/31/2013
ID,Jerome Co. Jail,49,Local,,,,,12/31/2013
ID,Kootenai Co. Jail,295,Local,,,,,12/31/2013
ID,Latah Co. Jail,36,Local,,,,,12/31/2013
ID,Lemhi Co. Jail,8,Local,,,,,12/31/2013
ID,Lewis Co. Jail,9,Local,,,,,12/31/2013
ID,Madison Co. Crim. Justice Ctr.,85,Local,,,,,12/31/2013
ID,Mini-Cassia Crim. Justice Ctr.,152,Local,,,,,12/31/2013
ID,Nampa Community Work Center,85,State,1640 11Th Avenue North,Nampa,83687,Canyon,6/30/2012
ID,Nez Perce Co. Adult Detention Center,117,Local,,,,,12/31/2013
ID,North Idaho Correctional Institution,409,State,236 Radar Road,Cottonwood,83522,Idaho,6/30/2012
ID,Owyhee Co. Jail,40,Local,,,,,12/31/2013
ID,Payette Co. Jail,59,Local,,,,,12/31/2013
ID,Pocatello Women's Corr Center,310,State,1451 Fore Road,Pocatello,83204,Bannock,6/30/2012
ID,Port of Hope Coerur D'arlene Res,38,Private,218 North 23Rd Street,Coeur D'arlene,83814,Kootenai,6/30/2012
ID,Port of Hope Nampa Residential,15,Private,508 E Florida Ave,Nampa,83686,Canyon,6/30/2012
ID,Power Co. Jail,22,Local,,,,,12/31/2013
ID,Shoshone Bannock Tribal Corrections,65,Indian Country,,,,,6/30/2016
ID,Shoshone Co. Jail,31,Local,,,,,12/31/2013
ID,South Boise Women's Correctional Center,279,State,13200 South Pleasant Valley Road,Kuna,83634,Ada,6/30/2012
ID,South Idaho Correctional Institution,560,State,13900 Pleasant Valley Road,Kuna,83634,Ada,6/30/2012
ID,South Idaho Correctional Institution Community Work Center,99,State,14195 Pleasant Valley Road,Kuna,83634,Ada,6/30/2012
ID,St. Anthony Work Camp,237,State,125 N 8Th Street West,St. Anthony,83445,Fremont,6/30/2012
ID,Valley Co. Jail,26,Local,,,,,12/31/2013
ID,Washington Co. Jail,28,Local,,,,,12/31/2013
IL,Adams Co. Jail,76,Local,,,,,12/31/2013
IL,Big Muddy River Correctional Center,"1,893",State,251 N Illinois Hwy 37,Ina,62846,Jefferson,6/30/2012
IL,Bond Co. Jail,24,Local,,,,,12/31/2013
IL,Boone Co. Jail,99,Local,,,,,12/31/2013
IL,Bureau Co. Jail,27,Local,,,,,12/31/2013
IL,Carroll Co. Jail,16,Local,,,,,12/31/2013
IL,Centralia Correctional Center,"1,537",State,9330 Shattuc Road,Centralia,62801,,6/30/2012
IL,Champaign Co. Jail,212,Local,,,,,12/31/2013
IL,Chicago MCC,646,Federal,71 West Van Buren Street,Chicago,60605,Cook,4/2/2020
IL,Christian Co. Jail,54,Local,,,,,12/31/2013
IL,Clark Co. Jail,20,Local,,,,,12/31/2013
IL,Clay Co. Jail,12,Local,,,,,12/31/2013
IL,Clayton Work Camp,143,State,207 W. Morgan Street,Clayton,62324,Adams,6/30/2012
IL,Clinton Co. Jail,66,Local,,,,,12/31/2013
IL,Coles Co. Jail,103,Local,,,,,12/31/2013
IL,Cook County Jail,"10,565",Local,,,,,12/31/2013
IL,Crawford Co. Jail,41,Local,,,,,12/31/2013
IL,Crossroads Adult Transitional Center,318,Private,3210 W. Arthington,Chicago,60624,Cook,6/30/2012
IL,Cumberland County Jail,10,Local,,,,,12/31/2013
IL,Danville Correctional Center,"1,803",State,3820 East Main Street,Danville,61834,Vermilion,6/30/2012
IL,De Kalb Co. Jail,134,Local,,,,,12/31/2013
IL,Decatur Adult Transitional Center,101,State,2175 E Pershing Road,Decatur,62526,Macon,6/30/2012
IL,Decatur Correctional Center,683,State,2310 E Mound Road,Decatur,62526,Macon,6/30/2012
IL,Dewitt Co. Jail,71,Local,,,,,12/31/2013
IL,Dixon Correctional Center,"2,282",State,2600 N Brinton Avenue,Dixon,61021,,6/30/2012
IL,Dixon Springs Impact Incarseration Program,263,State,"R. R. 2, Box 500",Golconda,62938,Pope,6/30/2012
IL,Douglas Co. Jail,14,Local,,,,,12/31/2013
IL,Dupage Co. Jail,750,Local,,,,,12/31/2013
IL,Duquoin Impact Incarseration Program,194,State,"275 Agriland Acres, R.R. 1",Duquoin,62832,Perry,6/30/2012
IL,Dwight Correctional Center,982,State,23813 E. 3200 North Road,Dwight,60420,Livingston,6/30/2012
IL,East Moline Correctional Center,"1,182",State,100 Hillcrest Road,East Moline,61244,Rock Island,6/30/2012
IL,East Moline Work Camp,116,State,100 Hillcrest Road,East Moline,61244,Rock Island,6/30/2012
IL,Edgar Co. Jail,28,Local,,,,,12/31/2013
IL,Effingham Co. Jail,45,Local,,,,,12/31/2013
IL,Family Guidance Center At Triangle Center,30,Private,120 North 11Th Street,Springfield,62703,Sangamon,6/30/2012
IL,Fayette Co. Jail,37,Local,,,,,12/31/2013
IL,Ford Co. Corr. Fac.,40,Local,,,,,12/31/2013
IL,Fox Valley Adult Transition Center,119,State,1329 North Lake Street,Aurora,60506,Kane,6/30/2012
IL,Franklin Co. Jail,95,Local,,,,,12/31/2013
IL,Fulton Co. Jail,76,Local,,,,,12/31/2013
IL,Graham Correctional Center,"1,780",State,12078 Illinois Route 185,Hillsboro,62049,Montgomery,6/30/2012
IL,Greene Co. Jail,8,Local,,,,,12/31/2013
IL,Greene County Work Camp,190,State,Us 67 South,Roodhouse,62082,,6/30/2012
IL,Greenville - Camp,323,Federal,100 U.S. Hwy 40,Greenville,62246,Bond,6/30/2012
IL,Greenville FCI,"1,181",Federal,100 U.S. Hwy 40,Greenville,62246,Bond,6/30/2012
IL,Greenville FCI,"1,065",Federal,100 U.S. Hwy 40,Greenville,62246,Bond,4/2/2020
IL,Greenville-Camp,316,Federal,100 U.S. Hwy 40,Greenville,62246,Bond,4/2/2020
IL,Grundy Co. Jail,50,Local,,,,,12/31/2013
IL,Hancock Co. Jail,19,Local,,,,,12/31/2013
IL,Hardin Co. Jail,5,Local,,,,,12/31/2013
IL,Hardin County Work Camp,191,State,"Box 99, Route 1",Cave-In-Rock,62919,Hardin,6/30/2012
IL,Henderson Co. Jail,7,Local,,,,,12/31/2013
IL,Henry Co. Jail,100,Local,,,,,12/31/2013
IL,Hill Correctional Center,"1,807",State,600 South Linwood Road,Galesburg,61401,Knox,6/30/2012
IL,Illinois River Correctional Center,"2,052",State,"1300 W Locust Street, Route 9 West",Canton,61520,Fulton,6/30/2012
IL,Iroquois Co. Jail,19,Local,,,,,12/31/2013
IL,Jackson Co. Jail,154,Local,,,,,12/31/2013
IL,Jacksonville Correctional Center,"1,001",State,2268 East Morton Ave,Jacksonville,62650,Morgan,6/30/2012
IL,Jasper Co. Jail,8,Local,,,,,12/31/2013
IL,Jefferson Co. Justice Ctr.,74,Local,,,,,12/31/2013
IL,Jersey Co. Jail,29,Local,,,,,12/31/2013
IL,Jo Daviess Co. Jail,15,Local,,,,,12/31/2013
IL,Kane County Adult Justice Center,644,Local,,,,,12/31/2013
IL,Kankakee Co. - Jerome Combs Det. Ctr.,455,Local,,,,,12/31/2013
IL,Kankakee Detention Center,207,Local,,,,,12/31/2013
IL,Kendall Co. Jail,100,Local,,,,,12/31/2013
IL,Knox Co. Jail,118,Local,,,,,12/31/2013
IL,La Salle Co. Jail,160,Local,,,,,12/31/2013
IL,Lake Co. Jail,634,Local,,,,,12/31/2013
IL,Lawrence Co. Jail,31,Local,,,,,12/31/2013
IL,Lawrence Correctional Center,"2,286",State,10940 Lawrence Road,Sumner,62466,Lawrence,6/30/2012
IL,Lee Co. Jail,46,Local,,,,,12/31/2013
IL,Lincoln Correctional Center,999,State,1098 1350Th Street,Lincoln,62656,Logan,6/30/2012
IL,Livingston Co. Jail,113,Local,,,,,12/31/2013
IL,Logan Co. Jail Safety Complex,34,Local,,,,,12/31/2013
IL,Logan Correctional Center,"1,905",State,1096 1350Th Street,Lincoln,62656,Logan,6/30/2012
IL,Macon Co. Jail,338,Local,,,,,12/31/2013
IL,Macoupin Co. Jail,46,Local,,,,,12/31/2013
IL,Madison Co. Jail,280,Local,,,,,12/31/2013
IL,Marion - Camp,349,Federal,4500 Prison Road,Marion,62959,Williamson,6/30/2012
IL,Marion Co. Jail,88,Local,,,,,12/31/2013
IL,Marion USP,"1,056",Federal,4500 Prison Road,Marion,62959,Williamson,6/30/2012
IL,Marion USP,"1,144",Federal,4500 Prison Road,Marion,62959,Williamson,4/2/2020
IL,Marion-Camp,232,Federal,4500 Prison Road,Marion,62959,Williamson,4/2/2020
IL,Marshall Co. Jail,9,Local,,,,,12/31/2013
IL,Mason Co. Jail,47,Local,,,,,12/31/2013
IL,Massac Co. Jail,55,Local,,,,,12/31/2013
IL,Mcdonough Co. Jail,40,Local,,,,,12/31/2013
IL,Mchenry Co. Jail,408,Local,,,,,12/31/2013
IL,Mclean Co. Jail,237,Local,,,,,12/31/2013
IL,Menard Co. Jail,20,Local,,,,,12/31/2013
IL,Menard Correctional Center,"3,573",State,711 Kaskaskia Street,Menard,62259,Randolph,6/30/2012
IL,Mercer Co. Jail,70,Local,,,,,12/31/2013
IL,Montgomery Co. Jail,32,Local,,,,,12/31/2013
IL,Morgan Co. Jail,28,Local,,,,,12/31/2013
IL,Moultrie Co. Det. Ctr.,28,Local,,,,,12/31/2013
IL,North Lawndale Adult Transition Center,199,Private,2839 West Fillmore,Chicago,60612,Cook,6/30/2012
IL,Ogle Co. Jail,87,Local,,,,,12/31/2013
IL,Pekin - Camp,321,Federal,2600 S Second Street,Pekin,61554,Tazewell,6/30/2012
IL,Pekin FCI,"1,214",Federal,2600 S. Second St.,Pekin,61554,Tazewell,6/30/2012
IL,Pekin FCI,"1,048",Federal,2600 S. Second St.,Pekin,61554,Tazewell,4/2/2020
IL,Pekin-Camp F,269,Federal,2600 S. Second St.,Pekin,61554,Tazewell,4/2/2020
IL,Peoria Adult Transitional Center,228,State,607-613 Main Street,Peoria,61602,Peoria,6/30/2012
IL,Peoria Co. Jail,519,Local,,,,,12/31/2013
IL,Perry Co. Jail,44,Local,,,,,12/31/2013
IL,Piatt Co. Jail,49,Local,,,,,12/31/2013
IL,Pike Co. Jail,41,Local,,,,,12/31/2013
IL,Pinckneyville Correctional Center,"2,208",State,5835 State Route 154,Pinckneyville,62274,Perry,6/30/2012
IL,Pittsfield Work Camp,389,State,23540 365Th Street,Pittsfield,62363,Pike,6/30/2012
IL,Pontiac Correctional Center,"1,817",State,700 W Lincoln Street,Pontiac,61764,Livingston,6/30/2012
IL,Prairie Center,15,Private,122 W Hill Street,Champaign,61820,Champaign,6/30/2012
IL,Putnam Co. Jail,2,Local,,,,,12/31/2013
IL,Randolph Co. Jail,18,Local,,,,,12/31/2013
IL,Residents In Transition,18,Private,711 North East Monroe,Peoria,61603,Peoria,6/30/2012
IL,Richland Co. Jail,28,Local,,,,,12/31/2013
IL,Robinson Correction Center,"1,211",State,13423 E 1150Th Avenue,Robinson,62454,Crawford,6/30/2012
IL,Rock Island Co. Jail,247,Local,,,,,12/31/2013
IL,Saline Co. Law Enf. And Det. Ctr.,85,Local,,,,,12/31/2013
IL,Salvation Army Freedom Center,192,Private,105 Ashland Ave,Chicago,60607,Cook,6/30/2012
IL,Sangamon Co. Jail,334,Local,,,,,12/31/2013
IL,Schuyler Co. Jail,13,Local,,,,,12/31/2013
IL,Shawnee Correctional Center,"1,805",State,6665 Rt. 146 East,Vienna,62995,Johnson,6/30/2012
IL,Shelby Co. Jail,16,Local,,,,,12/31/2013
IL,Sheridan Correctional Center,"1,648",State,4017 E. 2603Rd Road,Sheridan,60551,La Salle,6/30/2012
IL,Southern Illinois Adult Transitional Center,60,State,805 W. Freeman,Carbondale,62901,Jackson,6/30/2012
IL,Southwestern Illinois Corr Center,609,State,950 Kingshighway Street,Caller Serv. 50 East St. Louis,62203,St Clair,6/30/2012
IL,Southwestern Illinois Work Camp,90,State,950 Kingshighway Street,East St. Louis,62203,St Clair,6/30/2012
IL,St. Clair Co. Jail,468,Local,,,,,12/31/2013
IL,Stark Co. Jail,6,Local,,,,,12/31/2013
IL,Stateville Correctional Center,"3,707",State,16830 South Rt. 53,Joilet,60434,Will,6/30/2012
IL,Stephenson Co. Jail,115,Local,,,,,12/31/2013
IL,Tamms Correctional Center,170,State,8500 Supermax Road,Tamms,62988,Alexander,6/30/2012
IL,Tamms Mimimum Security Unit,194,State,8500 Supermax Rd,Tamms,62988,Alexander,6/30/2012
IL,Taylorville Correctional Center,"1,188",State,"Rt. 29 South,",Taylorville,62568,Christian,6/30/2012
IL,Tazewell Co. Jail,158,Local,,,,,12/31/2013
IL,The H Group - Marion Street Campus,54,Private,1307 W Main St.,Marion,62959,Williamson,6/30/2012
IL,Thomson Admin USP,995,Federal,1100 One Mile Road,Thomson,61285,Carroll,4/2/2020
IL,Thomson Ausp-Camp,91,Federal,1100 One Mile Road,Thomson,61285,Carroll,4/2/2020
IL,Tri-Co. Detention Justice Ctr-Corr. Serv.,191,Local,,,,,12/31/2013
IL,Triangle Center Mint Porgrams,50,Private,120 North 11Th Street,Springfield,62703,Sangamon,6/30/2012
IL,Vandalia Correctional Center,"1,246",State,Rt. 51 North,Vandalia,62471,Fayette,6/30/2012
IL,Vandalia Work Camp,393,State,Rt. 51 North,Vandalia,62471,Fayette,6/30/2012
IL,Vermillion Co. Jail,212,Local,,,,,12/31/2013
IL,Vienna Correctional Center,"1,623",State,6695 State Rt. 146E,Vienna,62995,Johnson,6/30/2012
IL,Wabash Co. Jail,13,Local,,,,,12/31/2013
IL,Warren Co. Jail,20,Local,,,,,12/31/2013
IL,Washington Co. Jail,22,Local,,,,,12/31/2013
IL,Wayne Co. Jail,13,Local,,,,,12/31/2013
IL,Western Illinois Correctional Center,"1,910",State,2500 Rt. 99 South,Mt. Sterling,62353,Brown,6/30/2012
IL,Westside Adult Transitional Center,189,State,121 N. Campbell,Chicago,60612,Cook,6/30/2012
IL,Whiteside Co. Jail,104,Local,,,,,12/31/2013
IL,Will Co. Adult Det. Fac.,893,Local,,,,,12/31/2013
IL,Williamson Co. Jail,103,Local,,,,,12/31/2013
IL,Winnebago Co. Jail,959,Local,,,,,12/31/2013
IL,Womens Treatment Center,7,Private,140 North Ashland Avenue,Chicago,60607,Cook,6/30/2012
IL,Woodford Co. Jail,42,Local,,,,,12/31/2013
IN,Adams Co. Jail,63,Local,,,,,12/31/2013
IN,Allen Co. Jail,709,Local,,,,,12/31/2013
IN,Bartholomew Co. Jail,156,Local,,,,,12/31/2013
IN,Benton Co. Jail,21,Local,,,,,12/31/2013
IN,Blackford Co. Jail,60,Local,,,,,12/31/2013
IN,Boone Co. Jail,150,Local,,,,,12/31/2013
IN,Branchville Correctional Facility,"1,482",State,21390 Old State Rd 37,Branchville,47514,Perry,6/30/2012
IN,Brown County Sheriff's office,36,Local,,,,,12/31/2013
IN,Carroll Co. Jail,48,Local,,,,,12/31/2013
IN,Cass Co. Jail,150,Local,,,,,12/31/2013
IN,Chain O'lakes Correctional Facility,154,State,3516 E 75 S,Albion,46701,Noble,6/30/2012
IN,Clark Co. Jail,563,Local,,,,,12/31/2013
IN,Clay Co. Jail,93,Local,,,,,12/31/2013
IN,Clinton Co. Jail,138,Local,,,,,12/31/2013
IN,Correctional Industrial Facility,"1,424",State,5124 W Reformatory Rd,Pendleton,46064,Madison,6/30/2012
IN,Craine House Work Release,4,Private,3535 North Pennsylvania,Indianapolis,46208,Marion,6/30/2012
IN,Crawford Co. Jail,63,Local,,,,,12/31/2013
IN,Daviess Co. Jail,151,Local,,,,,12/31/2013
IN,Dearborn Co. Jail,258,Local,,,,,12/31/2013
IN,Decatur Co. Jail,73,Local,,,,,12/31/2013
IN,Dekalb Co. Jail,69,Local,,,,,12/31/2013
IN,Delaware Co. Justice Ctr.,342,Local,,,,,12/31/2013
IN,Dubois Co. Jail,64,Local,,,,,12/31/2013
IN,Edinburgh Correctional Facility,253,State,23Rd & Schoolhouse Rd,Edinburgh,46124,,6/30/2012
IN,Elkhart County Correctional Complex,685,Local,,,,,12/31/2013
IN,Fayette Co. Jail,115,Local,,,,,12/31/2013
IN,Fountain Co. Jail,20,Local,,,,,12/31/2013
IN,Franklin Co. Sec. Ctr.,58,Local,,,,,12/31/2013
IN,Fulton Co. Jail,84,Local,,,,,12/31/2013
IN,Gibson Co. Jail,104,Local,,,,,12/31/2013
IN,Grant County Security Complex,240,Local,,,,,12/31/2013
IN,Greene Co. Jail,66,Local,,,,,12/31/2013
IN,Hamilton Co. Jail,266,Local,,,,,12/31/2013
IN,Hancock Co. Jail,149,Local,,,,,12/31/2013
IN,Harrison Co. Jail,170,Local,,,,,12/31/2013
IN,Hendricks Co. Jail,219,Local,,,,,12/31/2013
IN,Henry Co. Jail,134,Local,,,,,12/31/2013
IN,Henryville Correctional Facility,197,State,1504 Schlamn Lake,Henryville,47126,Clark,6/30/2012
IN,Huntington Co. Jail,88,Local,,,,,12/31/2013
IN,Indiana State Prison,"2,104",State,1 Park Row,Michigan City,46360,La Porte,6/30/2012
IN,Indiana Women's Prison,616,State,2596 Girl's School Rd,Indianapolis,46214,Marion,6/30/2012
IN,Indianapolis Reentry Educational Facility,404,State,401 North Randolph Street,Indianapolis,46201,Marion,6/30/2012
IN,Indianapolis Work Release (Liberty Hall),202,Private,675 East Washington Street,Indianapolis,46184,Johnson,6/30/2012
IN,Jackson Co. Jail,235,Local,,,,,12/31/2013
IN,Jasper Co. Jail,70,Local,,,,,12/31/2013
IN,Jay Co. Jail,85,Local,,,,,12/31/2013
IN,Jefferson Co. Jail,122,Local,,,,,12/31/2013
IN,Jennings Co. Jail,118,Local,,,,,12/31/2013
IN,Johnson Co. Jail,309,Local,,,,,12/31/2013
IN,Knox Co. Jail,185,Local,,,,,12/31/2013
IN,Kosciusko Co. Jail,260,Local,,,,,12/31/2013
IN,La Grange Co. Jail,92,Local,,,,,12/31/2013
IN,La Porte Co. Jail,389,Local,,,,,12/31/2013
IN,Lake Co. Jail,864,Local,,,,,12/31/2013
IN,Lawrence Co. Jail,133,Local,,,,,12/31/2013
IN,Madison Co. Det. Ctr.,255,Local,,,,,12/31/2013
IN,Madison Correctional Facility,597,State,800 Msh Bus Stop Dr,Madison,47250,Jefferson,6/30/2012
IN,Marion Co. Jail,"1,016",Local,,,,,12/31/2013
IN,Marion Co. Jail Ii,"1,025",Local,,,,,12/31/2013
IN,Marion County Re-Entry (Duvall Center),26,Private,1855 Ludlow Avenue,Indianapolis,46201,Marion,6/30/2012
IN,Marshall Co. Jail,100,Local,,,,,12/31/2013
IN,Martin Security Center,46,Local,,,,,12/31/2013
IN,Miami Co. Jail,123,Local,,,,,12/31/2013
IN,Miami Correctional Facility,"3,189",State,3038 W 850 S,Bunker Hill,46914,Miami,6/30/2012
IN,Monroe Co. Jail,250,Local,,,,,12/31/2013
IN,Montgomery Co. Jail,206,Local,,,,,12/31/2013
IN,Morgan Co. Jail,320,Local,,,,,12/31/2013
IN,New Castle Correctional Facility,"3,118",State,1000 Van Nuys Rd,New Castle,47362,Henry,6/30/2012
IN,Newton Co. Jail,61,Local,,,,,12/31/2013
IN,Noble Co. Jail,150,Local,,,,,12/31/2013
IN,Orange Co. Jail,33,Local,,,,,12/31/2013
IN,Owen Co. Jail,60,Local,,,,,12/31/2013
IN,Pact-Bradley House,51,Private,132 E 6Th Street,Michigan City,46360,La Porte,6/30/2012
IN,Parke Co. Jail,54,Local,,,,,12/31/2013
IN,Pendleton Correctional Facility,"1,845",State,4490 W Reformatory Rd,Pendleton,46064,Madison,6/30/2012
IN,Perry Co. Jail,35,Local,,,,,12/31/2013
IN,Pike Co. Law Enf. Ctr.,35,Local,,,,,12/31/2013
IN,Plainfield Correctional Facility,"1,667",State,727 Moon Road,Plainsfield,46168,Hendricks,6/30/2012
IN,Plainfield Short Term offender Program (Stop) Facility,519,State,501 W. Main Street,Plainsfield,46168,Hendricks,6/30/2012
IN,Posey Co. Jail,56,Local,,,,,12/31/2013
IN,Pulaski Co. Jail,65,Local,,,,,12/31/2013
IN,Putnam Co. Jail,129,Local,,,,,12/31/2013
IN,Putnamville Correctional Facility,"2,499",State,1946 W Us Hwy 40,Greencastle,46135,Putnam,6/30/2012
IN,Randolph Co. Jail,70,Local,,,,,12/31/2013
IN,Reception-Diagnostic Center,670,State,737 Moon Road,Plainsfield,46168,Hendricks,6/30/2012
IN,Ripley Co. Jail,73,Local,,,,,12/31/2013
IN,Rockville Correctional Facility,"1,137",State,811 W 50 N,Rockville,47872,Parke,6/30/2012
IN,Rush Co. Jail,42,Local,,,,,12/31/2013
IN,Scott Co. Jail,110,Local,,,,,12/31/2013
IN,Shelby Co. Jail,170,Local,,,,,12/31/2013
IN,South Bend Community Reentry Center,106,State,2421 S Michigan Street,South Bend,46614,St Joseph,6/30/2012
IN,Spencer Co. Jail,45,Local,,,,,12/31/2013
IN,Starke Co. Jail,84,Local,,,,,12/31/2013
IN,Steuben Co. Jail,117,Local,,,,,12/31/2013
IN,Sullivan Co. Jail,57,Local,,,,,12/31/2013
IN,Switzerland County Jail,25,Local,,,,,12/31/2013
IN,Terre Haute - Camp,473,Federal,4200 Bureau Road North,Terre Haute,47808,,6/30/2012
IN,Terre Haute FCI,"1,168",Federal,4200 Bureau Road North,Terre Haute,47808,,6/30/2012
IN,Terre Haute FCI,976,Federal,4200 Bureau Road North,Terre Haute,47808,,4/2/2020
IN,Terre Haute FCI-Camp,319,Federal,4200 Bureau Road North,Terre Haute,47808,,4/2/2020
IN,Terre Haute USP,"1,541",Federal,4700 Bureau Road South,Terre Haute,47802,Vigo,6/30/2012
IN,Terre Haute USP,"1,323",Federal,4700 Bureau Road South,Terre Haute,47802,Vigo,4/2/2020
IN,Tippecanoe Co. Jail,346,Local,,,,,12/31/2013
IN,Tipton Co. Jail,29,Local,,,,,12/31/2013
IN,Union Co. Jail,20,Local,,,,,12/31/2013
IN,Vanderburgh Co. Jail,537,Local,,,,,12/31/2013
IN,Vermillion Co. Jail,66,Local,,,,,12/31/2013
IN,Voa Evansville Work Release (Hope Hall),36,Private,811 E Franklin Street,Evansville,47711,Vanderburgh,6/30/2012
IN,Wabash County Sheriff's Department,91,Local,,,,,12/31/2013
IN,Wabash Valley Corr Facility,"2,030",State,6908 S Old Us Hwy 41,Carlisle,47838,Sullivan,6/30/2012
IN,Warren Co. Jail,23,Local,,,,,12/31/2013
IN,Warrick Co. Jail,65,Local,,,,,12/31/2013
IN,Wayne Co. Jail,292,Local,,,,,12/31/2013
IN,Wells Co. Jail,92,Local,,,,,12/31/2013
IN,Westville Correctional Facility,"3,392",State,5501 S 1100 West,Westville,46391,,6/30/2012
IN,White Co. Jail,110,Local,,,,,12/31/2013
IN,Whitley Co. Jail,126,Local,,,,,12/31/2013
KS,Anderson County Jail,32,Local,,,,,12/31/2013
KS,Atchison Co. Jail,66,Local,,,,,12/31/2013
KS,Barber Co. Jail,4,Local,,,,,12/31/2013
KS,Barton Co. Jail,93,Local,,,,,12/31/2013
KS,Brown County Jail,24,Local,,,,,12/31/2013
KS,Butler Co. Jail,200,Local,,,,,12/31/2013
KS,Chase Co. Jail,110,Local,,,,,12/31/2013
KS,Chautauqua Co. Jail,9,Local,,,,,12/31/2013
KS,Cherokee Co. Jail,71,Local,,,,,12/31/2013
KS,Clark Co. Jail,2,Local,,,,,12/31/2013
KS,Clay Co. Jail,7,Local,,,,,12/31/2013
KS,Cloud Co. Jail,27,Local,,,,,12/31/2013
KS,Coffey Co. Jail,13,Local,,,,,12/31/2013
KS,Cowley Co. Jail,94,Local,,,,,12/31/2013
KS,Crawford Co. Jail,78,Local,,,,,12/31/2013
KS,Decatur Co. Jail,5,Local,,,,,12/31/2013
KS,Dickinson Co. Jail,26,Local,,,,,12/31/2013
KS,Doniphan Co. Jail,17,Local,,,,,12/31/2013
KS,Douglas Co. Jail,141,Local,,,,,12/31/2013
KS,Edwards Co. Jail,4,Local,,,,,12/31/2013
KS,El Dorado Correctional Facility,"1,352",State,1737 Se Us Hwy 54,El Dorado,67042,Butler,6/30/2012
KS,Elk Co. Jail,2,Local,,,,,12/31/2013
KS,Ellis Co. Jail,61,Local,,,,,12/31/2013
KS,Ellsworth Co. Law Enforcement Ctr.,14,Local,,,,,12/31/2013
KS,Ellsworth Correctional Facility,"1,869",State,1607 State Street,Ellsworth,67439,Ellsworth,6/30/2012
KS,Finney Co. Jail,98,Local,,,,,12/31/2013
KS,Ford Co. Jail,119,Local,,,,,12/31/2013
KS,Franklin Co. Jail,50,Local,,,,,12/31/2013
KS,Geary County Detention Center,112,Local,,,,,12/31/2013
KS,Graham Co. Jail,9,Local,,,,,12/31/2013
KS,Grant Co. Jail,27,Local,,,,,12/31/2013
KS,Greeley County Jail,2,Local,,,,,12/31/2013
KS,"Grossman Center - Geo Group, Inc",85,Private,4715 Brewer Place,Leavenworth,66048,Leavenworth,6/30/2012
KS,Hamilton Co. Jail,6,Local,,,,,12/31/2013
KS,Harper Co. Jail,18,Local,,,,,12/31/2013
KS,Harvey Co. Jail,110,Local,,,,,12/31/2013
KS,Haskell Co. Jail,5,Local,,,,,12/31/2013
KS,Hodgeman County Jail,3,Local,,,,,12/31/2013
KS,Hutchinson Correctional Facility,"1,869",Joint Stat,500 Reformatory Rd,Hutchinson,67501,Reno,6/30/2012
KS,Jackson County Sheriff's office Jail Division,59,Local,,,,,12/31/2013
KS,Jefferson Co. Jail,29,Local,,,,,12/31/2013
KS,Jewell Co. Jail,4,Local,,,,,12/31/2013
KS,Kearny Co. Jail,4,Local,,,,,12/31/2013
KS,Kingman Co. Jail,11,Local,,,,,12/31/2013
KS,Kiowa County Jail,20,Local,,,,,12/31/2013
KS,Labette Co. Jail,47,Local,,,,,12/31/2013
KS,Lane Co. Jail,2,Local,,,,,12/31/2013
KS,Lansing Correctional Facility,"2,403",State,301 East Kansas Street,Lansing,66043,Leavenworth,6/30/2012
KS,Larned Correct Mental Health Facility,434,State,1318 Ks Highway 264,Larned,67550,Pawnee,6/30/2012
KS,Leavenworth - Camp,476,Federal,1300 Metropolitan,Leavenworth,66048,Leavenworth,6/30/2012
KS,Leavenworth County Jail,126,Local,,,,,12/31/2013
KS,Leavenworth Detention Center,922,Local,,,,,12/31/2013
KS,Leavenworth USP,"1,851",Federal,1300 Metropolitan,Leavenworth,66048,Leavenworth,6/30/2012
KS,Leavenworth USP,"1,404",Federal,1300 Metropolitan,Leavenworth,66048,Leavenworth,4/2/2020
KS,Leavenworth-Camp,349,Federal,1300 Metropolitan,Leavenworth,66048,Leavenworth,4/2/2020
KS,Lincoln Co. Jail,8,Local,,,,,12/31/2013
KS,Linn Co. Jail,17,Local,,,,,12/31/2013
KS,Lyon Co. Jail,121,Local,,,,,12/31/2013
KS,Marion Co. Jail,8,Local,,,,,12/31/2013
KS,Marshall Co. Jail,21,Local,,,,,12/31/2013
KS,Mcpherson Co. Jail,27,Local,,,,,12/31/2013
KS,Meade Co. Jail,34,Local,,,,,12/31/2013
KS,Miami Co. Jail,35,Local,,,,,12/31/2013
KS,Mirror Incorporate - Wichita,50,Private,236 South Pattie,Wichita,67211,Sedgwick,6/30/2012
KS,"Mirror, Incorporated - Newton Residential Facility",30,Private,P.O. Box 711,Newton,67114,Harvey,6/30/2012
KS,Mitchell County Jail,28,Local,,,,,12/31/2013
KS,Montgomery Co. Jail,147,Local,,,,,12/31/2013
KS,Morris Co. Jail,6,Local,,,,,12/31/2013
KS,Morton Co. Jail,8,Local,,,,,12/31/2013
KS,Nemaha Co. Jail,12,Local,,,,,12/31/2013
KS,Neosho Co. Jail,36,Local,,,,,12/31/2013
KS,Ness Co. Jail,3,Local,,,,,12/31/2013
KS,New Century Adult Detention Center,650,Local,,,,,12/31/2013
KS,Norton Co. Jail,3,Local,,,,,12/31/2013
KS,Norton Correctional Facility,842,State,E Highway 36,Norton,67654,Norton,6/30/2012
KS,Osage Co. Jail,21,Local,,,,,12/31/2013
KS,Osborne Co. Jail,5,Local,,,,,12/31/2013
KS,Ottawa Co. Det. Ctr.,13,Local,,,,,12/31/2013
KS,Pawnee Co. Jail,9,Local,,,,,12/31/2013
KS,Phillips Co. Jail,4,Local,,,,,12/31/2013
KS,Pottawatomie Co. Jail,21,Local,,,,,12/31/2013
KS,Pratt Co. Jail,25,Local,,,,,12/31/2013
KS,Rawlins County Jail,6,Local,,,,,12/31/2013
KS,Reno Co. Jail,77,Local,,,,,12/31/2013
KS,Reno Co. Jail Annex,36,Local,,,,,12/31/2013
KS,Republic Co. Jail,4,Local,,,,,12/31/2013
KS,Rice Co. Jail,33,Local,,,,,12/31/2013
KS,Riley Co. Jail,76,Local,,,,,12/31/2013
KS,Rooks Co. Jail,7,Local,,,,,12/31/2013
KS,Russell Co. Jail,19,Local,,,,,12/31/2013
KS,Saline Co. Jail,218,Local,,,,,12/31/2013
KS,Scott Co. Jail,16,Local,,,,,12/31/2013
KS,Sedgwick County Jail And Work Release,"1,199",Local,,,,,12/31/2013
KS,Seward Co. Jail,74,Local,,,,,12/31/2013
KS,Shawnee County Adult Detention Center & Annex,525,Local,,,,,12/31/2013
KS,Sheridan Co. Sheriffs Dept.,1,Local,,,,,12/31/2013
KS,Sherman Co. Jail,20,Local,,,,,12/31/2013
KS,Smith Co. Jail,4,Local,,,,,12/31/2013
KS,Southeast Kansas Regional Correctional Center,45,Local,,,,,12/31/2013
KS,Stanton Co. Law Enforcement Ctr.,3,Local,,,,,12/31/2013
KS,Stevens Co. Jail,6,Local,,,,,12/31/2013
KS,Sumner Co. Jail,151,Local,,,,,12/31/2013
KS,Thomas Co. Jail,18,Local,,,,,12/31/2013
KS,Topeka Correctional Facility,681,State,815 Se Rice Road,Topeka,66607,Shawnee,6/30/2012
KS,Trego Co. Jail,12,Local,,,,,12/31/2013
KS,Wabaunsee Co. Jail,5,Local,,,,,12/31/2013
KS,Wallace County Jail,3,Local,,,,,12/31/2013
KS,Washington County Law Enforcement Center,7,Local,,,,,12/31/2013
KS,Wichita Work Release Facility,248,State,401 S. Emporia Street,Wichita,67202,Sedgwick,6/30/2012
KS,Wilson Co. Jail,37,Local,,,,,12/31/2013
KS,Winfield Correctional Facility,545,State,1806 Pinecrest Circle,Winfield,67156,Cowley,6/30/2012
KS,Woodson Co. Jail,2,Local,,,,,12/31/2013
KS,Wyandotte Co. Jail,351,Local,,,,,12/31/2013
KY,Adair County Regional Jail,41,Local,,,,,12/31/2013
KY,Adair County Restricted Custody Center,30,Local,,,,,12/31/2013
KY,Allen County Jail,69,Local,,,,,12/31/2013
KY,Ashland - Camp,311,Federal,St. Route 716,Ashland,41105,Boyd,6/30/2012
KY,Ashland FCI,"1,280",Federal,St. Route 716,Ashland,41105,Boyd,6/30/2012
KY,Ashland FCI,"1,055",Federal,St. Route 716,Ashland,41105,Boyd,4/2/2020
KY,Ashland-Camp,177,Federal,St. Route 716,Ashland,41105,Boyd,4/2/2020
KY,Ballard County Detention Center,44,Local,,,,,12/31/2013
KY,Barren County Detention Center,182,Local,,,,,12/31/2013
KY,Bell County Forestry Camp,294,State,560 Correctional Drive,Pineville,40977,Bell,6/30/2012
KY,Bell County Detention Center,73,Local,,,,,12/31/2013
KY,Big Sandy - Camp,131,Federal,1197 Airport Road,Inez,41224,Martin,6/30/2012
KY,Big Sandy Regional Detention Center,215,Local,,,,,12/31/2013
KY,Big Sandy USP,"1,403",Federal,1197 Airport Road,Inez,41224,Martin,6/30/2012
KY,Big Sandy USP,"1,261",Federal,1197 Airport Road,Inez,41224,Martin,4/2/2020
KY,Big Sandy-Camp,72,Federal,1197 Airport Road,Inez,41224,Martin,4/2/2020
KY,Blackburn Correctional Complex,589,State,3111 Spurr Road,Lexington,40511,Fayette,6/30/2012
KY,Boone Co. Jail,417,Local,,,,,12/31/2013
KY,Boone Co. Jail Workcamp,66,Local,,,,,12/31/2013
KY,Bourbon County Jail,115,Local,,,,,12/31/2013
KY,Boyd County Detention Center,248,Local,,,,,12/31/2013
KY,Boyle County Detention Center,288,Local,,,,,12/31/2013
KY,Breckinridge County Detention Center,190,Local,,,,,12/31/2013
KY,Bullitt County Detention Center,269,Local,,,,,12/31/2013
KY,Butler County Jail,40,Local,,,,,12/31/2013
KY,Calloway Co. Jail Workhouse,32,Local,,,,,12/31/2013
KY,Calloway County Jail,129,Local,,,,,12/31/2013
KY,Campbell County Detention Center,601,Local,,,,,12/31/2013
KY,Carroll County Detention Center,128,Local,,,,,12/31/2013
KY,Carter County Detention Center,197,Local,,,,,12/31/2013
KY,Casey County Detention Center,205,Local,,,,,12/31/2013
KY,Christian County Jail,606,Local,,,,,12/31/2013
KY,Clark County Detention Center,127,Local,,,,,12/31/2013
KY,Clay County Detention Center,203,Local,,,,,12/31/2013
KY,Clinton County Jail,2,Local,,,,,12/31/2013
KY,Crittenden County Detention Center,116,Local,,,,,12/31/2013
KY,Cts - Russell,230,Private,1407 West Jefferson Street,Louisville,40203,Jefferson,6/30/2012
KY,Daviess County Detention Center,622,Local,,,,,12/31/2013
KY,Dismas Charities - Diersen,73,Private,128 West Oaks Street,Louisville,40210,Jefferson,6/30/2012
KY,Dismas Charities - Lexington,45,Private,909 Georgetown Street,Lexington,40511,Fayette,6/30/2012
KY,Dismas Charities - Louisville,7,Private,124 West Oak Street,Louisville,40203,Jefferson,6/30/2012
KY,Dismas Charities - Portland,194,Private,1501 Lytle Street,Louisville,40203,Jefferson,6/30/2012
KY,Dismas Charities - St. Ann's,1,Private,1515 Algonquin Parkway,Louisville,40210,Jefferson,6/30/2012
KY,Dismas Charities - St. Patrick's,36,Private,1301 West Market Street,Louisville,40203,Jefferson,6/30/2012
KY,Dismas Charities Owensboro,36,Private,615 Carlton Drive,Owensboro,42303,Daviess,6/30/2012
KY,Eastern Kentucky Correctional Complex,"1,692",State,200 Road To Justice,West Liberty,41472,Morgan,6/30/2012
KY,Estill County Jail,22,Local,,,,,12/31/2013
KY,Floyd County Detention Center,143,Local,,,,,12/31/2013
KY,Franklin County Regional Jail,277,Local,,,,,12/31/2013
KY,Graves Co. Restricted Custody Ctr.,42,Local,,,,,12/31/2013
KY,Graves County Jail,56,Local,,,,,12/31/2013
KY,Grayson County Detention Center,545,Local,,,,,12/31/2013
KY,Green River Correctional Complex,964,State,1200 River Road,Central City,42330,Muhlenberg,6/30/2012
KY,Greenup County Detention Center,120,Local,,,,,12/31/2013
KY,Hardin County Detention Center,506,Local,,,,,12/31/2013
KY,Harlan County Detention Center,189,Local,,,,,12/31/2013
KY,Hart County Jail,142,Local,,,,,12/31/2013
KY,Henderson County Detention Center,533,Local,,,,,12/31/2013
KY,Herman Ford Detention Center,134,Local,,,,,12/31/2013
KY,Hickman County Detention Center,50,Local,,,,,12/31/2013
KY,Jackson County Dentention Center,75,Local,,,,,12/31/2013
KY,"Jail Complex, Community Corrections, & Hall of Justice","1,816",Local,,,,,12/31/2013
KY,Jessamine County Detention Center,165,Local,,,,,12/31/2013
KY,Keeton Corrections - Paducah,59,Private,621 South 7Th Street,Paducah,42002,McCracken,6/30/2012
KY,Kenton County Detention Center,610,Local,,,,,12/31/2013
KY,Kentucky Correctional Institution For Women,682,State,3000 Ash Avenue,Pewee Valley,40056,Oldham,6/30/2012
KY,Kentucky State Penitentiary,865,State,266 Water Street,Eddyville,42038,Lyon,6/30/2012
KY,Kentucky State Reformatory,"1,941",State,3001 West Highway 146,Lagrange,40032,Oldham,6/30/2012
KY,Larue County Detention Center,116,Local,,,,,12/31/2013
KY,Laurel Co. Jail,361,Local,,,,,12/31/2013
KY,Letcher Co. Jail,65,Local,,,,,12/31/2013
KY,Lewis Co. Jail,64,Local,,,,,12/31/2013
KY,Lexington - Camp,346,Federal,3301 Leestown Road,Lexington,40511,Fayette,6/30/2012
KY,Lexington FMC,"1,973",Federal,3301 Leestown Road,Lexington,40511,Fayette,6/30/2012
KY,Lexington FMC,"1,276",Federal,3301 Leestown Road,Lexington,40511,Fayette,4/2/2020
KY,Lexington-Camp,217,Federal,3301 Leestown Road,Lexington,40511,Fayette,4/2/2020
KY,Lexington-Fayette County Jail Detention Division,"1,252",Local,,,,,12/31/2013
KY,Lincoln County Jail,105,Local,,,,,12/31/2013
KY,Little Sandy Correctional Complex,"1,005",State,505 Prison Connector Road,Sandy Hook,41171,Elliott,6/30/2012
KY,Logan County Detention Center,109,Local,,,,,12/31/2013
KY,Luther Luckett Correctional Complex,"1,077",State,Dawkins Road Box 6,Lagrange,40031,Oldham,6/30/2012
KY,Madison County Detention Center,274,Local,,,,,12/31/2013
KY,Manchester - Camp,500,Federal,805 Fox Hollow Road,Manchester,40962,Clay,6/30/2012
KY,Manchester FCI,"1,109",Federal,805 Fox Hollow Road,Manchester,40962,Clay,6/30/2012
KY,Manchester FCI,933,Federal,805 Fox Hollow Road,Manchester,40962,Clay,4/2/2020
KY,Manchester-Camp,126,Federal,805 Fox Hollow Road,Manchester,40962,Clay,4/2/2020
KY,Marion Adjustment Center,818,Private,95 Raywick Road,St. Mary,40063,Marion,6/30/2012
KY,Marion County Detention Center,287,Local,,,,,12/31/2013
KY,Mason County Detention Center,145,Local,,,,,12/31/2013
KY,MCCracken County Annex Jail,33,Local,,,,,12/31/2013
KY,MCCracken County Regional Jail,380,Local,,,,,12/31/2013
KY,MCCreary - Camp,135,Federal,330 Federal Way,Pine Knot,42635,McCreary,6/30/2012
KY,MCCreary USP,"1,420",Federal,330 Federal Way,Pine Knot,42635,McCreary,6/30/2012
KY,MCCreary USP,"1,326",Federal,330 Federal Way,Pine Knot,42635,McCreary,4/2/2020
KY,MCCreary-Camp,137,Federal,330 Federal Way,Pine Knot,42635,McCreary,4/2/2020
KY,Meade County Detention Center,145,Local,,,,,12/31/2013
KY,Monroe County Jail,20,Local,,,,,12/31/2013
KY,Montgomery County Regional Jail,185,Local,,,,,12/31/2013
KY,Muhlenberg County Detention Center,247,Local,,,,,12/31/2013
KY,Nelson County Jail,108,Local,,,,,12/31/2013
KY,Northpoint Training Center,765,State,710 Walter Reed Road,Burgin,40310,Mercer,6/30/2012
KY,Ohio County Detention Center,62,Local,,,,,12/31/2013
KY,Pike County Detention Center,310,Local,,,,,12/31/2013
KY,Powell Co. Jail,125,Local,,,,,12/31/2013
KY,Pulaski County Detention Center,235,Local,,,,,12/31/2013
KY,Rockcastle County Detention Center,84,Local,,,,,12/31/2013
KY,Roederer Correctional Complex,"1,064",State,4000 Morgan School Road,Lagrange,40031,Oldham,6/30/2012
KY,Rowan County Detention Center,106,Local,,,,,12/31/2013
KY,Russell County Detention Center,106,Local,,,,,12/31/2013
KY,Scott County Detention Center,93,Local,,,,,12/31/2013
KY,Simpson Co. Jail,233,Local,,,,,12/31/2013
KY,Taylor County Detention Center,235,Local,,,,,12/31/2013
KY,Todd County Detention Center,109,Local,,,,,12/31/2013
KY,"Transitions, Inc - Ashland",24,Private,465 29Th Street,Ashland,41101,,6/30/2012
KY,"Transitions, Inc - Two Rivers",67,Private,423 Greenup Street,Covington,41011,Kenton,6/30/2012
KY,"Transitions, Inc - York Street",8,Private,601 York Street,Newport,41071,Campbell,6/30/2012
KY,Union Co. Jail,51,Local,,,,,12/31/2013
KY,Warren County Regional Jail,484,Local,,,,,12/31/2013
KY,Wayne County Detention Center,201,Local,,,,,12/31/2013
KY,Webster County Detention Center,270,Local,,,,,12/31/2013
KY,Western Kentucky Correctional Complex,674,State,374 New Bethel Church Road,Fredonia,42411,,6/30/2012
KY,Whitley County Jail,224,Local,,,,,12/31/2013
KY,Woodford County Detention Center,92,Local,,,,,12/31/2013
LA,Allen Correctional Center - Geo Group,"1,471",Private,3751 Lauderdale Woodyard Road,Kinder,70648,,6/30/2012
LA,Allen Parish Jail,35,Local,,,,,12/31/2013
LA,Amite City Jail,12,Local,,,,,12/31/2013
LA,Ascension Correctional Center,485,Local,,,,,12/31/2013
LA,Assumption Parish Detention Center,64,Local,,,,,12/31/2013
LA,Avoyelles Correctional Center,"1,564",State,1630 Prison Road,Cottonport,71327,Avoyelles,6/30/2012
LA,Avoyelles Parish Bunkie - DC2,313,Local,,,,,12/31/2013
LA,Avoyelles Parish Womens Correctional Center-DC3,204,Local,,,,,12/31/2013
LA,Avoyelles Simmesort Correctional Center,173,Local,819 Martin Luther King Drive,Simmsport,71369,Avoyelles,6/30/2012
LA,Avoyelles Simmesport Correctional Center-DC4,247,Local,,,,,12/31/2013
LA,B. B. Rayburn Correctional Center,"1,156",State,27268 Highway 21,Angie,70426,Washington,6/30/2012
LA,Basile City Jail,3,Local,,,,,12/31/2013
LA,Bayou Dorcheat Correction Center & Webster Parish Jail,424,Local,,,,,12/31/2013
LA,Bienville Parish Jail,47,Local,,,,,12/31/2013
LA,Bogalusa City Jail,26,Local,,,,,12/31/2013
LA,Bossier City Jail,52,Local,,,,,12/31/2013
LA,Bossier Parish Maximum Security Facility,225,Local,,,,,12/31/2013
LA,Bossier Parish Minimum Security,223,Local,,,,,12/31/2013
LA,Bossier Parish Work Release Facility,94,Local,,,,,12/31/2013
LA,Bossier Sheriff Correctional Facility,577,Local,,,,,12/31/2013
LA,Bossier Twp,100,Local,204 Burt Blvd.,Benton,71006,Bossier,6/30/2012
LA,C. Paul Phelps Correctional Center,939,State,14925 Highway 27,Dequincy,70633,,6/30/2012
LA,Caddo Parish Correctional Center,"1,035",Local,,,,,12/31/2013
LA,Caddo Parish Work Release Center,188,Local,,,,,12/31/2013
LA,Caddo Twp,196,Private,501 Texas St. Room 101,Shreveport,71101,Caddo,6/30/2012
LA,Calcasieu Parish Correctional Center,533,Local,,,,,12/31/2013
LA,Calcasieu Sheriff's Prison,664,Local,,,,,12/31/2013
LA,Caldwell Parish Detention Center Lcs,248,Private,701 Hwy. 845,Greyson,71435,Caldwell,6/30/2012
LA,Caldwell Parish Jail,45,Local,,,,,12/31/2013
LA,Cameron Parish Jail,18,Local,,,,,12/31/2013
LA,Catahoula Corr. Ctr.,745,Local,,,,,12/31/2013
LA,Catahoula Correctional Center - Lasalle,458,Private,499 Old Columbia Road,Harrisonburg,71340,Catahoula,6/30/2012
LA,Catahoula Parish Jail,20,Local,,,,,12/31/2013
LA,CInc Men (St. Martin Deporres),156,Local,1101 Canvasback Street,Lake Charles,70615,Calcasieu,6/30/2012
LA,CInc Women (Cedarwood),34,Local,1101 Canvasback Street,Lake Charles,70615,Calcasieu,6/30/2012
LA,City of Faith Monroe - Federal,45,Private,1408 Jackson Street,Monroe,71202,Ouachita,6/30/2012
LA,City of Faith Monroe - State (Twp),105,Private,1814 Jackson Street,Monroe,71202,Ouachita,6/30/2012
LA,Claiborne Parish Detention Center,567,Local,,,,,12/31/2013
LA,Claiborne Parish Detention Center - Lasalle,501,Private,1415 Hwy 520,Homer,71040,Claiborne,6/30/2012
LA,Concordia Parish Jail,35,Local,,,,,12/31/2013
LA,Concordia Parish River Correctional Facility,600,Local,,,,,12/31/2013
LA,David Wade Correctional Center,"1,070",State,670 Bell Hill Road,Homer,71040,Claiborne,6/30/2012
LA,De Quincy City Jail,10,Local,,,,,12/31/2013
LA,De Soto Parish Detention Center,118,Local,,,,,12/31/2013
LA,Dixon Correctional Institute,"1,600",State,5568 Highway 68,Jackson,70748,,6/30/2012
LA,East Baton Rouge Prison,"1,650",Local,,,,,12/31/2013
LA,East Baton Rouge Twp,238,Private,2867 General Issac Smith Avenue,Baton Rouge,70807,East Baton Rouge,6/30/2012
LA,East Feliciana Contract Twp,73,Private,12306 Haynes Street,Clinton,70722,East Feliciana,6/30/2012
LA,Ecumenical House,35,Private,6753 Cezanne Avenue,Baton Rouge,70806,East Baton Rouge,6/30/2012
LA,Elayn Hunt Correctional Center,"2,108",State,6925 Highway 74,St. Gabriel,70776,Iberville,6/30/2012
LA,Eunice City Jail,50,Local,,,,,12/31/2013
LA,Franklin Parish Detention Center,796,Local,,,,,12/31/2013
LA,Grant Parish Jail,95,Local,,,,,12/31/2013
LA,Hammond City Jail,16,Local,,,,,12/31/2013
LA,Iberia Parish Jail,520,Local,,,,,12/31/2013
LA,Iberia Twp,156,Private,3701 Broken Arrow Road,New Iberia,70772,Iberville,6/30/2012
LA,Iberville Parish Jail,98,Local,,,,,12/31/2013
LA,J. Levy Dababie Correctional Center,314,State,1453 15Th Street,Pineville,71360,Rapides,6/30/2012
LA,Jackson Parish Correctional Center - Lasalle,982,Private,327 Industrial Dr.,Jonesboro,71251,Jackson,6/30/2012
LA,Jackson Parish Correctional Facility,"1,030",Local,,,,,12/31/2013
LA,Jefferson Davis Parish Jail,63,Local,,,,,12/31/2013
LA,Jefferson Parish Jail,945,Local,,,,,12/31/2013
LA,Jennings City Jail,10,Local,,,,,12/31/2013
LA,La Salle Parish Jail,16,Local,,,,,12/31/2013
LA,Lafayette Parish Correctional Center,825,Local,,,,,12/31/2013
LA,Lasalle Correctional Center - Lasalle,717,Private,15976 Highway 165,Olla,71465,,6/30/2012
LA,Leesville City Jail,18,Local,,,,,12/31/2013
LA,Lincoln Parish Det. Ctr.,193,Local,,,,,12/31/2013
LA,Livingston Parish Detention Center,544,Local,,,,,12/31/2013
LA,Louisiana Correctional Institution For Women,"1,087",State,7205 Highway 74,St. Gabriel,70776,Iberville,6/30/2012
LA,Louisiana State Penitentiary,"5,296",State,17544 Tunica Trace,Angola,70712,West Feliciana,6/30/2012
LA,Madison (Louisiana Transition Center For Women),533,Local,1005 West Green Street,Tallulah,71282,Madison,6/30/2012
LA,Madison Parish Jail,34,Local,,,,,12/31/2013
LA,Mamou City Jail,6,Local,,,,,12/31/2013
LA,Marksville Detention Center-DC1,438,Local,,,,,12/31/2013
LA,Morehouse Parish Det. Ctr.,264,Local,,,,,12/31/2013
LA,Morehouse Parish Jail/Annex,163,Local,,,,,12/31/2013
LA,Morgan City Jail,71,Local,,,,,12/31/2013
LA,Natchitoches Det. Ctr.,480,Local,,,,,12/31/2013
LA,Nelson Coleman Correctional Center,472,Local,,,,,12/31/2013
LA,Oakdale City Jail,10,Local,,,,,12/31/2013
LA,Oakdale FCI,"1,725",Federal,1507 East Whatley Road,Oakdale,71463,,6/30/2012
LA,Oakdale I FCI,971,Federal,1507 East Whatley Road,Oakdale,71463,,4/2/2020
LA,Oakdale Ii FCI,760,Federal,2105 East Whatley Road,Oakdale,71463,,4/2/2020
LA,Oakdale Ii FCI-Camp,140,Federal,2105 East Whatley Road,Oakdale,71463,,4/2/2020
LA,Opelousas City Jail,22,Local,,,,,12/31/2013
LA,Orleans Parish Prison,"2,468",Local,,,,,12/31/2013
LA,Orleans Parish Prison Twp,122,Local,225 South Broad Street,New Orleans,70119,Orleans,6/30/2012
LA,Ouachita Parish Corr. Center,"1,050",Local,,,,,12/31/2013
LA,Ouachita Parish Transitional Work Program,171,Local,,,,,12/31/2013
LA,Parish Prison Maximum Security,14,Local,,,,,12/31/2013
LA,Patterson City Jail,22,Local,,,,,12/31/2013
LA,Pine Prairie Detention Center - Lcs,379,Private,1133 Hampton Dupre Road,Pine Prairie,70576,Evangeline,6/30/2012
LA,Pointe Coupee Parish Det. Ctr.,150,Local,,,,,12/31/2013
LA,Pointe Coupee Parish Twp,55,Private,"10933 Cajun Ii Road, Hwy 981",New Roads,70760,Pointe Coupee,6/30/2012
LA,Pollock Camp,270,Federal,1000 Airbase Road,Pollock,71467,Grant,6/30/2012
LA,Pollock Med FCI,"1,640",Federal,1000 Airbase Road,Pollock,71467,Grant,6/30/2012
LA,Pollock Med FCI,"1,455",Federal,1000 Airbase Road,Pollock,71467,Grant,4/2/2020
LA,Pollock USP,"1,290",Federal,1000 Airbase Road,Pollock,71467,Grant,6/30/2012
LA,Pollock USP,"1,145",Federal,1000 Airbase Road,Pollock,71467,Grant,4/2/2020
LA,Pollock-Camp,155,Federal,1000 Airbase Road,Pollock,71467,Grant,4/2/2020
LA,Rayne City Jail,12,Local,,,,,12/31/2013
LA,Red River Parish Jail,49,Local,,,,,12/31/2013
LA,Richland Parish Det. Ctr.,727,Local,,,,,12/31/2013
LA,Richwood Correctional Center,"1,088",Local,,,,,12/31/2013
LA,Richwood Correctional Center - Lasalle,990,Private,180 Pine Bayou Circle,Richwood,71202,Ouachita,6/30/2012
LA,River Correctional Center - Lasalle,602,Private,26362 Highway 15,Ferriday,71334,Concordia,6/30/2012
LA,Sabine Parish Detention Center,113,Local,,,,,12/31/2013
LA,Sabine Parish Women's Jail,16,Local,,,,,12/31/2013
LA,Shreveport City Jail,125,Local,,,,,12/31/2013
LA,Slidell City Jail,23,Local,,,,,12/31/2013
LA,St. Benard Parish Prison,283,Local,,,,,12/31/2013
LA,St. Helena Parish Jail,56,Local,,,,,12/31/2013
LA,St. James Parish Jail,74,Local,,,,,12/31/2013
LA,St. John Parish Corr. Ctr.,206,Local,,,,,12/31/2013
LA,St. Landry Parish Jail,230,Local,,,,,12/31/2013
LA,St. Martin Parish Corr. Ctr. Jail 1,261,Local,,,,,12/31/2013
LA,St. Mary Parish Law Enf. Ctr.,320,Local,,,,,12/31/2013
LA,St. Tammany Contract Twp,67,Private,141 Production Dr,Slidell,70459,St Tammany,6/30/2012
LA,St. Tammany Inhouse Twp,26,Local,141 Production Dr,Slidell,70459,St Tammany,6/30/2012
LA,St. Tammany Northshore Twp,208,Local,141 Production Dr,Slidell,70459,St Tammany,6/30/2012
LA,St. Tammany Parish Jail,"1,012",Local,,,,,12/31/2013
LA,St. Tammany Twp Trustees For St. Tammany So,26,Local,1101 Champagne Street,Slidell,70459,St Tammany,6/30/2012
LA,State Police Inmate Barracks,157,State,1400 W. Irene Road,Zachary,70791,East Baton Rouge,6/30/2012
LA,Sulphur City Jail,13,Local,,,,,12/31/2013
LA,Terrebonne Parish Jail,635,Local,,,,,12/31/2013
LA,Union Parish Det. Ctr.,330,Local,,,,,12/31/2013
LA,Vermillion Parish Law Enf. Ctr.,142,Local,,,,,12/31/2013
LA,Vernon Parish Corr. Fac.,220,Local,,,,,12/31/2013
LA,Washington Parish Jail,160,Local,,,,,12/31/2013
LA,Welsh City Jail,4,Local,,,,,12/31/2013
LA,West Baton Rouge Contract Twp,181,Private,1155 Northwest Drive,Port Allen,70767,West Baton Rouge,6/30/2012
LA,West Baton Rouge Parish Jail,238,Local,,,,,12/31/2013
LA,West Baton Rouge Sheriff's Twp,56,Local,1155 Northwest Drive,Port Allen,70767,West Baton Rouge,6/30/2012
LA,West Baton Rouge Work Release,244,Local,,,,,12/31/2013
LA,West Carroll Detention Center - Emerald,453,Private,180 Capital Bank Drive,Epps,71237,,6/30/2012
LA,West Carroll Parish Jail,24,Local,,,,,12/31/2013
LA,West Feliciana Contract Twp,59,Private,9943 West Feliciana Parkway,St. Francisville,70775,West Feliciana,6/30/2012
LA,West Feliciana Parish Jail,33,Local,,,,,12/31/2013
LA,West Feliciana Twp,143,Private,9943 West Feliciana Parkway,St. Francisville,70775,West Feliciana,6/30/2012
LA,West Monroe Corr. Ctr.,20,Local,,,,,12/31/2013
LA,Winn Correctional Center - CCA,"1,474",Private,180 Cca Blvd.,Atlanta,71483,Winn,6/30/2012
LA,Winn Parish Jail,46,Local,,,,,12/31/2013
MA,Bay State Correctional Center,329,State,28 Clark Street,Norfolk,02324,Plymouth,6/30/2012
MA,Berkshire Co. Jail & House of Corr.,262,Local,,,,,12/31/2013
MA,Boston Pre Release Center,198,State,430 Canterbury Street,Roslindale,02131,Suffolk,6/30/2012
MA,Bridgewater State Hospital,358,State,20 Administration Road,Bridgewater,02324,Plymouth,6/30/2012
MA,"Bristol County House of Corrections, Jail, & Female Facility","1,333",Local,,,,,12/31/2013
MA,Community Resources For Justice- Brooke House,17,Private,107 Park Drive,Borston,02215,Suffolk,6/30/2012
MA,Coolidge House,88,Private,307 Huntington Avenue,Boston,02115,Suffolk,6/30/2012
MA,Devens Camp,135,Federal,42 Patton Road,Ayer,01432,Middlesex,6/30/2012
MA,Devens FMC,"1,038",Federal,42 Patton Road,Ayer,01432,Middlesex,6/30/2012
MA,Devens FMC,921,Federal Medical Center,42 Patton Road,Ayer,01432,Middlesex,4/2/2020
MA,Devens-Camp,107,Federal Medical Center,42 Patton Road,Ayer,01432,Middlesex,4/2/2020
MA,Essex Co. Women In Transition,23,Local,,,,,12/31/2013
MA,Essex County Correctional Facility,"1,213",Local,,,,,12/31/2013
MA,Franklin Co. Jail & House of Corr.,242,Local,,,,,12/31/2013
MA,Hampden County Correctional Center,903,Local,,,,,12/31/2013
MA,Hampden County Pre-Release Center,169,Local,,,,,12/31/2013
MA,Hampden County Western Massachusetts Alcohol Center,162,Local,,,,,12/31/2013
MA,Hampshire Co. Jail & House of Corr.,257,Local,,,,,12/31/2013
MA,Lawrence Correctional Alternative Center,285,Local,,,,,12/31/2013
MA,Lemuel Shattuck Hospital Correctional Unit,16,State,180 Morton St,Jamaica Plain,02130,Suffolk,6/30/2012
MA,Massachusetts Treatment Center,609,State,30 Administration Road,Bridgewater,02324,Plymouth,6/30/2012
MA,Massachusetts Alcohol And Substance Abuse Center,167,State,2 Administration Rd,Bridgewater,02324,Plymouth,6/30/2012
MA,Massachusetts Correctional Inst - Cedar Junction,869,State,2405 Main Street,South Walpole,02071,Norfolk,6/30/2012
MA,Massachusetts Correctional Inst - Concord,"1,344",State,965 Elm Street,Concord,01742,Middlesex,6/30/2012
MA,Massachusetts Correctional Inst - Framingham,665,State,99 Loring Drive,Framingham,01701,Middlesex,6/30/2012
MA,Massachusetts Correctional Inst - Norfolk,"1,500",State,2 Clark Street,Norfolk,02056,Norfolk,6/30/2012
MA,Massachusetts Correctional Inst - Plymouth,207,State,1 Bumps Pond Road,Plymouth,02360,Plymouth,6/30/2012
MA,Massachusetts Correctional Inst - Shirley,"1,205",State,Harvard Road,Shirley,01464,Middlesex,6/30/2012
MA,Massachusetts Correctional Inst Shirley Minimum,325,State,Harvard Road,Shirley,01464,Middlesex,6/30/2012
MA,Middlesex Co. Jail & House of Corr.,900,Local,,,,,12/31/2013
MA,Norfolk Sheriffs office,614,Local,,,,,12/31/2013
MA,North Central Correctional Inst At Gardner,"1,012",State,500 Colony Road,Gardner,01440,Worcester,6/30/2012
MA,Northeastern Correctional Center,265,State,Barretts Mill Road,West Concord,01742,Middlesex,6/30/2012
MA,Old Colony Correctional Center,942,State,1 Administration Road,Bridgewater,02324,Plymouth,6/30/2012
MA,Plymouth County House of Corrections & Jail,"1,236",Local,,,,,12/31/2013
MA,Pondville Correctional Center,196,State,Industries Drive,Norfolk,02056,Norfolk,6/30/2012
MA,South Bay House of Correction,"1,140",Local,,,,,12/31/2013
MA,South Middlesex Correctional Center,144,State,135 Western Ave,Framingham,01701,Middlesex,6/30/2012
MA,Souza Baranowski Correctional Center,"1,360",State,Harvard Road,Shirley,01464,Middlesex,6/30/2012
MA,Spectrum Women And Children Program,7,Private,153 Oak Street,Westboro,01581,Worcester,6/30/2012
MA,Suffolk Co. Jail,667,Local,,,,,12/31/2013
MA,Western Massachusetts Women's Regional Correctional Center: Women,151,Local,,,,,12/31/2013
MA,Worcester County Jail & House of Corrections,870,Local,,,,,12/31/2013
MD,Allegany Co. Det. Ctr.,153,Local,,,,,12/31/2013
MD,Anne Arundel County: Ordnance Road Correctional Center,312,Local,,,,,12/31/2013
MD,Anne Arundel County: The Jennifer Road Detention Center,452,Local,,,,,12/31/2013
MD,Baltimore Central Booking And Intake Center,887,Local,,,,,12/31/2013
MD,Baltimore City Correctional Center,486,State,901 Greenmount Avenue,Baltimore,21202,Baltimore City,6/30/2012
MD,Baltimore City Detention Center,"2,590",Local,,,,,12/31/2013
MD,Baltimore County Detention Center,"1,184",Local,,,,,12/31/2013
MD,Baltimore Pre-Release Unit,187,State,926 Greenmount Avenue,Baltimore,21202,Baltimore City,6/30/2012
MD,Brockbridge Correctional Facility,644,State,7930 Brock Bridge Road,Jessup,20794,,6/30/2012
MD,Calvert Co. Det.Ctr.,249,Local,,,,,12/31/2013
MD,Caroline Co. Jail,116,Local,,,,,12/31/2013
MD,Carroll Co. Det. Ctr.,243,Local,,,,,12/31/2013
MD,Cecil County Community Corrections Center,37,Local,,,,,12/31/2013
MD,Cecil County Detention Center,215,Local,,,,,12/31/2013
MD,Central Md Correctional Facility,477,State,7301 Buttercup Road,Sykesville,21784,,6/30/2012
MD,Charles Co. Detention Center,374,Local,,,,,12/31/2013
MD,Chesapeake Detention Facility,456,State,401 E. Madison Street,Baltimore,21202,Baltimore City,6/30/2012
MD,Cumberland Camp,302,Federal,14601 Burbridge Rd Se,Cumberland,21502,Allegany,6/30/2012
MD,Cumberland FCI,"1,178",Federal,14601 Burbridge Rd Se,Cumberland,21502,Allegany,6/30/2012
MD,Cumberland FCI,"1,030",Federal,14601 Burbridge Rd Se,Cumberland,21502,Allegany,4/2/2020
MD,Cumberland-Camp,247,Federal,14601 Burbridge Rd Se,Cumberland,21502,Allegany,4/2/2020
MD,Dorchester Co. Det. Ctr.,144,Local,,,,,12/31/2013
MD,Eastern Correctional Institution,"2,631",State,30420 Revells Neck Road,Westover,21890,Somerset,6/30/2012
MD,Eastern Correctional Institution-Annex,585,State,30430 Revells Neck Road,Westover,21890,Somerset,6/30/2012
MD,Eastern Pre-Release Unit,161,State,700 Flat Iron Square Road,Church Hill,21623,Queen Annes,6/30/2012
MD,Frederick Co. Adult Det. Ctr.,350,Local,,,,,12/31/2013
MD,Garrett Co. Jail,60,Local,,,,,12/31/2013
MD,Harford Co. Det. Ctr.,422,Local,,,,,12/31/2013
MD,Howard Co. Det. Ctr.,352,Local,,,,,12/31/2013
MD,Jessup Correctional Institution,"1,800",State,7800 House Of Correction Rd,Jessup,20794,,6/30/2012
MD,Jessup Pre-Release Unit,567,State,2000 Toulson Road,Jessup,20794,,6/30/2012
MD,Kent Co. Det. Ctr.,69,Local,,,,,12/31/2013
MD,Maryland Correctional Inst - Hagerstown,"2,005",State,18601 Roxbury Road,Hagerstown,21746,Washington,6/30/2012
MD,Maryland Correctional Institution - Jessup,"1,027",State,7804 Maryland House Of Correction Road,Jessup,20794,,6/30/2012
MD,Maryland Correctional Institution For Women,802,State,7943 Brockridge Road,Jessup,20794,,6/30/2012
MD,Maryland Correctional Training Center,"2,470",State,18800 Roxbury Road,Hagerstown,21746,Washington,6/30/2012
MD,"Maryland Reception, Diagnostic & Class Ctr",763,State,550 E. Madison Street,Baltimore,21202,Baltimore City,6/30/2012
MD,Metropolitan Transition Center,638,State,954 Forrest Street,Baltimore,21202,Baltimore City,6/30/2012
MD,Montgomery Co. Corr. Facililty,767,Local,,,,,12/31/2013
MD,North Branch Correctional Institution,"1,419",State,"14100 Mcmullen Highway, Sw",Cumberland,21502,Allegany,6/30/2012
MD,Patuxent Institution,967,State,7555 Waterloo Road,Jessup,20794,,6/30/2012
MD,Poplar Hill Pre-Release Unit,149,State,20490 Nanticoke Road,Quantico,21856,Wicomico,6/30/2012
MD,Prince Georges County Correctional Center,"1,273",Local,,,,,12/31/2013
MD,Queen Annes Co. Det. Ctr.,116,Local,,,,,12/31/2013
MD,Roxbury Correctional Institution,"1,639",State,18701 Roxbury Road,Hagerstown,21746,Washington,6/30/2012
MD,Somerset Co. Det. Ctr.,87,Local,,,,,12/31/2013
MD,Southern Maryland Pre-Release Unit,158,State,14320 Oaks Road,Charlotte Hall,20622,,6/30/2012
MD,St. Marys Co. Det. Ctr.,238,Local,,,,,12/31/2013
MD,Talbot Co. Jail,80,Local,,,,,12/31/2013
MD,"Threshold, Inc",28,Private,1702 St. Paul Street,Baltimore,21202,Baltimore City,6/30/2012
MD,Volunteers of America - Residential Re-Entry Center,60,Private,5000 E. Monument Street,Baltimore,21205,Baltimore City,6/30/2012
MD,Washington Co. Det. Ctr.,365,Local,,,,,12/31/2013
MD,Western Correctional Institution,"1,638",State,"13800 Mcmullen Highway, Sw",Cumberland,21502,Allegany,6/30/2012
MD,Wicomico Co. Det. Ctr.,400,Local,,,,,12/31/2013
MD,Worcester Co. Jail,335,Local,,,,,12/31/2013
ME,Androscoggin Co. Jail,149,Local,,,,,12/31/2013
ME,Aroostook Co. Jail,73,Local,,,,,12/31/2013
ME,Bolduc Correctional Facility,232,State,516 Cushing Road,Warren,04864,Knox,6/30/2012
ME,Central Maine Pre Release Center,63,State,87 Winthrop Street,Hallowell,04347,Kennebec,6/30/2012
ME,Charleston Correctional Facility,151,State,"Rte 15, 1202 Dover Road",Charleston,04422,Penobscot,6/30/2012
ME,Downeast Correctional Facility,149,State,64 Base Road,Machiasport,04655,Washington,6/30/2012
ME,Hancock Co. Jail,30,Local,,,,,12/31/2013
ME,Kennebec Co. Jail,153,Local,,,,,12/31/2013
ME,Knox Co. Jail,70,Local,,,,,12/31/2013
ME,Maine Coastal Regional Reentry Center,26,Local,,,,,12/31/2013
ME,Maine Correctional Center,704,State,17 Mallison Falls Road,Windham,04062,Cumberland,6/30/2012
ME,Maine State Prison - Warren,821,State,807 Cushing Road,Warren,04864,Knox,6/30/2012
ME,Penobscot Co. Jail,162,Local,,,,,12/31/2013
ME,Pharos House,20,Private,5 Grant St,Portland,04101,Cumberland,6/30/2012
ME,Piscataquis Co. Jail,33,Local,,,,,12/31/2013
ME,Somerset Co. Jail,162,Local,,,,,12/31/2013
ME,Southern Maine Women's Re-Entry Center,13,State,"106 Hogan Road, Ste 8",Bangor,04401,Penobscot,6/30/2012
ME,Two Bridges Regional Jail,177,Local,,,,,12/31/2013
ME,Washington Co. Jail,38,Local,,,,,12/31/2013
MI,Alcona Co. Jail,19,Local,,,,,12/31/2013
MI,Alger Co. Jail,19,Local,,,,,12/31/2013
MI,Alger Correctional Facility,873,State,N6141 Industrial Park Drive,Munising,49862,Alger,6/30/2012
MI,Allegan Co. Jail,174,Local,,,,,12/31/2013
MI,Alpena Co. Jail,47,Local,,,,,12/31/2013
MI,Andrew C. Baird Detention Facility,"2,258",Local,,,,,12/31/2013
MI,Antrim Co. Jail,43,Local,,,,,12/31/2013
MI,Arenac Co. Jail,47,Local,,,,,12/31/2013
MI,Baraga Correctional Facility,856,State,13924 Wadaga Road,Baraga,49908,Baraga,6/30/2012
MI,Barry Co. Jail,104,Local,,,,,12/31/2013
MI,Bay Co. Law Enforcement Ctr.,229,Local,,,,,12/31/2013
MI,Bellamy Creek Correctional Facility,"1,854",State,1727 West Bluewater Highway,Ionia,48846,Ionia,6/30/2012
MI,Benzie Co. Jail,39,Local,,,,,12/31/2013
MI,Berrien Co. Jail,355,Local,,,,,12/31/2013
MI,Branch Co. Jail,134,Local,,,,,12/31/2013
MI,Calhoun Co. Jail,521,Local,,,,,12/31/2013
MI,Carson City Correctional Facility,"2,506",State,10274 Boyer Road,Carson City,48811,,6/30/2012
MI,Cass Co. Jail,122,Local,,,,,12/31/2013
MI,Central Michigan Correctional Facility,"2,543",State,320 North Hubbard,St. Louis,48880,,6/30/2012
MI,Chanter Rd. Corr. Facility,215,Local,,,,,12/31/2013
MI,Charles Egeler Reception & Guidance Center,"1,424",State,3855 Cooper Street,Jackson,49201,Jackson,6/30/2012
MI,Charlevoix Co. Jail,17,Local,,,,,12/31/2013
MI,Cheboygan Co. Jail,77,Local,,,,,12/31/2013
MI,Chippewa Co. Jail,126,Local,,,,,12/31/2013
MI,Chippewa Correctional Facility,"2,319",State,4269 West M-80,Kincheloe,49784,,6/30/2012
MI,Clare Co. Jail,178,Local,,,,,12/31/2013
MI,Clinton Co. Jail,210,Local,,,,,12/31/2013
MI,Community Alternatives Program - Cherry Street Health Svcs,27,Private,"801 College, Se",Grand Rapids,49507,Kent,6/30/2012
MI,Community Treatment Center- East,105,Private,11105 East Jefferson Ave,Detroit,48214,Wayne,6/30/2012
MI,Cooper Street Correctional Facility,"1,740",State,3100 Cooper Street,Jackson,49201,Jackson,6/30/2012
MI,Crawford Co. Jail,38,Local,,,,,12/31/2013
MI,Ctc West,48,Private,15380 Monica Street,Detroit,48238,Wayne,6/30/2012
MI,Dickinson Co. Jail,76,Local,,,,,12/31/2013
MI,Earnest C. Brooks Correctional Facility,"1,228",State,2500 South Sheridan Drive,Muskegon Heights,49444,Muskegon,6/30/2012
MI,East Annex,354,Local,,,,,12/31/2013
MI,Eaton Co. Jail,240,Local,,,,,12/31/2013
MI,Emmet Co. Jail,83,Local,,,,,12/31/2013
MI,Flat Rock Jail,2,Local,,,,,12/31/2013
MI,G. Robert Cotton Correctional Facility,"1,937",State,3500 North Elm Road,Jackson,49201,Jackson,6/30/2012
MI,Genesis Residential Reentry Center,42,Private,3875 Lillibridge,Detroit,48214,Wayne,6/30/2012
MI,Genessee Co. Jail,556,Local,,,,,12/31/2013
MI,Gladwin Co. Jail,79,Local,,,,,12/31/2013
MI,Gogebic Co. Jail,28,Local,,,,,12/31/2013
MI,Grand Traverse Co. Jail,164,Local,,,,,12/31/2013
MI,Gratiot Co. Correctional Facility,56,Local,,,,,12/31/2013
MI,Great Lakes Recovery Center,10,Private,241 Wright Street,Marquette,49855,Marquette,6/30/2012
MI,Gus Harrison Correctional Facility,"2,328",State,2727 East Beecher Street,Adrian,49221,Lenawee,6/30/2012
MI,"Heartline, Inc",16,Private,8201 Sylvester Street,Detroit,48214,Wayne,6/30/2012
MI,Hillsdale Co. Jail,53,Local,,,,,12/31/2013
MI,Houghton Co. Jail,35,Local,,,,,12/31/2013
MI,Houghton Co. Work Camp Branch Jail,11,Local,,,,,12/31/2013
MI,Huron Co. Jail,62,Local,,,,,12/31/2013
MI,Huron Valley Correctional Facility - Women,"1,947",State,3201 Bemis Road,Ypsilanti,48197,Washtenaw,6/30/2012
MI,Ingham Co. Jail,606,Local,,,,,12/31/2013
MI,Intensive Reentry Program- Males And Females,254,State,3100 Cooper Street,Jackson,49201,Jackson,6/30/2012
MI,Ionia Co. Jail,149,Local,,,,,12/31/2013
MI,Ionia Correctional Facility,673,State,1576 West Bluewater Highway,Ionia,48846,Ionia,6/30/2012
MI,Iosco Co. Jail,67,Local,,,,,12/31/2013
MI,Iron Co. Jail,45,Local,,,,,12/31/2013
MI,Isabella County Jail,205,Local,,,,,12/31/2013
MI,Jackson Co. Jail,188,Local,,,,,12/31/2013
MI,Kalamazoo Co. Jail,405,Local,,,,,12/31/2013
MI,Kalkaska Co. Corr. Facility,52,Local,,,,,12/31/2013
MI,Kent County Correctional Facility & Community Reentry Center,"1,119",Local,,,,,12/31/2013
MI,Keweenaw Co. Jail,2,Local,,,,,12/31/2013
MI,Kinross Correctional Facility,"1,877",State,16770 South Watertower Drive,Kincheloe,49788,Chippewa,6/30/2012
MI,Lac Vieux Desert Police Department Adult And Juvenile Holding Fac,N/A,Indian Country,,,,,6/30/2016
MI,Lake Co. Jail,35,Local,,,,,12/31/2013
MI,Lakeland Correctional Facility,"1,445",State,141 First Street,Coldwater,49036,Branch,6/30/2012
MI,Lapeer Co. Jail,110,Local,,,,,12/31/2013
MI,Leelanau Co. Jail,24,Local,,,,,12/31/2013
MI,Lenawee Co. Jail,262,Local,,,,,12/31/2013
MI,Livingston Co. Jail,251,Local,,,,,12/31/2013
MI,Mackinac Co. Jail,18,Local,,,,,12/31/2013
MI,Macomb Correctional Facility,"1,355",State,34625 26 Mile Road,New Haven,48048,Macomb,6/30/2012
MI,Manistee Co. Jail,50,Local,,,,,12/31/2013
MI,Marquette Branch Prison,"1,127",State,1960 U.S. Highway 41 South,Marquette,49855,Marquette,6/30/2012
MI,Marquette Co. Jail,101,Local,,,,,12/31/2013
MI,Mason Co. Jail,71,Local,,,,,12/31/2013
MI,Mecosta Co. Jail,81,Local,,,,,12/31/2013
MI,Menominee Co. Jail,35,Local,,,,,12/31/2013
MI,Michigan Reformatory,"1,288",State,1342 West Main,Ionia,48846,Ionia,6/30/2012
MI,Midland Co. Jail,265,Local,,,,,12/31/2013
MI,Milan FCI,"1,585",Federal,4004 East Arkona Road,Milan,48160,,6/30/2012
MI,Milan FCI,"1,459",Federal,4004 East Arkona Road,Milan,48160,,4/2/2020
MI,Missaukee Co. Jail,32,Local,,,,,12/31/2013
MI,Monroe Co. Jail,194,Local,,,,,12/31/2013
MI,Monroe County Dormitory,137,Local,,,,,12/31/2013
MI,Montcalm Co. Jail,173,Local,,,,,12/31/2013
MI,Montmorency Co. Jail,11,Local,,,,,12/31/2013
MI,Muskegon Co. Jail,403,Local,,,,,12/31/2013
MI,Newaygo Co. Jail,250,Local,,,,,12/31/2013
MI,Newberry Correctional Facility,"1,076",State,30001 Newberry Avenue,Newberry,49868,Luce,6/30/2012
MI,North Lake CI,"1,182",Private,1805 West 32Nd Street,Baldwin,49304,Lake,4/2/2020
MI,Oakland County Law Enforcement Complex,"1,177",Local,,,,,12/31/2013
MI,Oaks Correctional Facility,"1,111",State,1500 Caberfae Highway,Manistee,49660,Manistee,6/30/2012
MI,Oceana Co. Jail,49,Local,,,,,12/31/2013
MI,Ogemaw County Correction Facility,112,Local,,,,,12/31/2013
MI,Ojibway Correctional Facility,"1,169",State,North 5705 Ojibway Road,Marenisco,49947,,6/30/2012
MI,Ontonagon Co. Jail,3,Local,,,,,12/31/2013
MI,Osceola Co. Jail,69,Local,,,,,12/31/2013
MI,Ottawa Co. Jail,338,Local,,,,,12/31/2013
MI,Parnall Correctional Facility,"1,678",State,1780 East Parnall,Jackson,49201,Jackson,6/30/2012
MI,Presque Isle Co. Jail,28,Local,,,,,12/31/2013
MI,Pugsley Correctional Facility,"1,326",State,7401 East Walton Road,Kingsley,49649,Grand Traverse,6/30/2012
MI,Richard A. Handlon Correctional Facility,"1,262",State,1728 Bluewater Highway,Ionia,48846,Ionia,6/30/2012
MI,Roscommon County Sheriffs office,66,Local,,,,,12/31/2013
MI,Ryan Correctional Facility,"1,030",State,17600 Ryan Road,Detroit,48212,Wayne,6/30/2012
MI,Saginaw Co. Jail,524,Local,,,,,12/31/2013
MI,Saginaw Correctional Facility,"1,465",State,9625 Pierce Road,Freeland,48623,,6/30/2012
MI,Sanilac Co. Jail,120,Local,,,,,12/31/2013
MI,Sault Ste. Marie Tribal Youth Facility,12,Indian Country,,,,,6/30/2016
MI,Schoolcraft Co. Jail,15,Local,,,,,12/31/2013
MI,Shiawassee Co. Jail,137,Local,,,,,12/31/2013
MI,Special Alternative Incarceration Facility,175,State,18901 Waterloo Road,Chelsea,48118,Washtenaw,6/30/2012
MI,St. Clair County Jail,498,Local,,,,,12/31/2013
MI,St. Joseph Co. Jail,155,Local,,,,,12/31/2013
MI,St. Louis Correctional Facility,"1,143",State,8585 North Croswell Road,St. Louis,48880,,6/30/2012
MI,Thumb Correctional Facility,871,State,3225 John Conley Drive,Lapeer,48446,Lapeer,6/30/2012
MI,Tuscola Co. Jail,75,Local,,,,,12/31/2013
MI,Van Buren Co. Jail,150,Local,,,,,12/31/2013
MI,Washtenaw Co. Jail,377,Local,,,,,12/31/2013
MI,West Shoreline Correctional Facility,"1,276",State,2500 South Sheridan Drive,Muskegon Heights,49444,Muskegon,6/30/2012
MI,Wexford Co. Jail,41,Local,,,,,12/31/2013
MI,Woodland Center Correctional Facility,271,State,9036 East M-36,Whitmore Lake,48189,,6/30/2012
MN,Aitkin Co. Jail,55,Local,,,,,12/31/2013
MN,Anoka Co. Jail,221,Local,,,,,12/31/2013
MN,Anoka Co. Work Release,90,Local,,,,,12/31/2013
MN,Becker County Jail,68,Local,,,,,12/31/2013
MN,Beltrami Co. Jail,98,Local,,,,,12/31/2013
MN,Benton Co. Jail,67,Local,,,,,12/31/2013
MN,Bethel Work Release Program,41,Private,23 Mesaba Avenue,Duluth,55806,St Louis,6/30/2012
MN,Blue Earth Co. Jail,97,Local,,,,,12/31/2013
MN,Brown Co. Jail,25,Local,,,,,12/31/2013
MN,Carlton Co. Jail,39,Local,,,,,12/31/2013
MN,Carver Co. Jail,69,Local,,,,,12/31/2013
MN,Cass County Detention Center,20,Local,,,,,12/31/2013
MN,Chippewa Co. Jail,12,Local,,,,,12/31/2013
MN,Chisago Co. Jail,43,Local,,,,,12/31/2013
MN,Clay Co. Jail,68,Local,,,,,12/31/2013
MN,Clearwater Co. Jail,28,Local,,,,,12/31/2013
MN,Cook County Jail,4,Local,,,,,12/31/2013
MN,Cottonwood Co. Jail,12,Local,,,,,12/31/2013
MN,Crow Wing Co. Jail,165,Local,,,,,12/31/2013
MN,Dakota Co. Jail,209,Local,,,,,12/31/2013
MN,Damascus Way - Golden Valley,16,Private,5730 Olson Memorial Hwy,Golden Valley,55422,Hennepin,6/30/2012
MN,Damascus Way - Rochester,16,Private,1449 Fourth Avenue Se,Rochester,55904,Olmsted,6/30/2012
MN,Douglas Co. Jail,77,Local,,,,,12/31/2013
MN,Duluth FPC,879,Federal,4464 Ralston Drive,Duluth,55811,St Louis,6/30/2012
MN,Duluth FPC,461,Federal,4464 Ralston Drive,Duluth,55811,St Louis,4/2/2020
MN,Faribault Co. Jail,30,Local,,,,,12/31/2013
MN,Fillmore Co. Jail,13,Local,,,,,12/31/2013
MN,Freeborn Co. Jail,97,Local,,,,,12/31/2013
MN,Goodhue County Adult Detention Center,60,Local,,,,,12/31/2013
MN,Hennepin Co. Adult Det. Ctr.,708,Local,,,,,12/31/2013
MN,Hennepin Co. Workhouse,416,Local,,,,,12/31/2013
MN,Hennepin County Adult Corrections Facility,459,Private,1145 Shenandoah Lane,Plymouth,55447,Hennepin,6/30/2012
MN,Houston Co. Jail,22,Local,,,,,12/31/2013
MN,Hubbard Co. Jail,45,Local,,,,,12/31/2013
MN,Isanti Co. Jail,55,Local,,,,,12/31/2013
MN,Itasca Co. Jail,82,Local,,,,,12/31/2013
MN,Jackson Co. Jail,8,Local,,,,,12/31/2013
MN,Kanabec Co. Jail,49,Local,,,,,12/31/2013
MN,Kandiyohi Co. Jail,82,Local,,,,,12/31/2013
MN,Kittson County Jail,2,Local,,,,,12/31/2013
MN,Koochiching Co. Law Enforcement Ctr.,12,Local,,,,,12/31/2013
MN,Lac Qui Parle Co. Jail,4,Local,,,,,12/31/2013
MN,Lake County Jail,15,Local,,,,,12/31/2013
MN,Lake of The Woods Co. Jail,6,Local,,,,,12/31/2013
MN,Le Sueur Co. Jail,15,Local,,,,,12/31/2013
MN,Lincoln Co. Jail,4,Local,,,,,12/31/2013
MN,Lyon County Jail,44,Local,,,,,12/31/2013
MN,Marshall Co. Law Enforcement Ctr.,3,Local,,,,,12/31/2013
MN,Martin Co. Jail,19,Local,,,,,12/31/2013
MN,Mcf-Moose Lake,"1,028",State,1000 Lakeshore Drive,Moose Lake,55767,,6/30/2012
MN,Mcf-Togo,30,State,62741 Co Rd.551,Togo,55723,,6/30/2012
MN,Mcf-Willow River - Challenge Incarceration,172,State,86032 County Highway 61,Willow River,55795,Pine,6/30/2012
MN,Mcleod Co. Jail,30,Local,,,,,12/31/2013
MN,Meeker Co. Jail,22,Local,,,,,12/31/2013
MN,Mille Lacs Co. Jail,88,Local,,,,,12/31/2013
MN,Minnesota Correctional Fac - Oak Park Heights,434,State,5329 Osgood Avenue North,Stillwater,55082,Washington,6/30/2012
MN,Minnesota Correctional Facility - Lino Lakes,"1,313",State,7525 4Th Avenue,Lino Lakes,55014,Anoka,6/30/2012
MN,Minnesota Correctional Facility - Red Wing,43,State,1079 Hwy 292,Red Wing,55066,Goodhue,6/30/2012
MN,Minnesota Correctional Facility - Rush City,981,State,7600 525Th Street,Rush City,55069,,6/30/2012
MN,Minnesota Correctional Facility - Shakopee,606,State,1010 W 6Th Avenue,Shakopee,55379,Scott,6/30/2012
MN,Minnesota Correctional Facility - St. Cloud,"1,034",State,2305 Minnesota Blvd Se,St Cloud,56304,,6/30/2012
MN,Minnesota Correctional Facility - Stillwater,"1,616",State,970 Pickett Street North,Bayport,55003,Washington,6/30/2012
MN,Minnesota Correctional Facility-Faribault,"1,993",State,1101 Linden Lane,Faribault,55021,Rice,6/30/2012
MN,Morrison Co. Jail,42,Local,,,,,12/31/2013
MN,Mower Co. Jail,60,Local,,,,,12/31/2013
MN,Nicollet Co. Jail,20,Local,,,,,12/31/2013
MN,Nobles Co. Jail,39,Local,,,,,12/31/2013
MN,Northeast Regional Corrections Center,112,Local,,,,,12/31/2013
MN,Northwest Regional Corr. Ctr.,142,Local,,,,,12/31/2013
MN,Olmsted County Adult Detention Center,115,Local,,,,,12/31/2013
MN,Olmsted County Work Release Facility,31,Local,,,,,12/31/2013
MN,Otter Tail Co. Det. Facility,70,Local,,,,,12/31/2013
MN,Pennington Co. Law Enf. Ctr.,39,Local,,,,,12/31/2013
MN,Pine Co. Jail,75,Local,,,,,12/31/2013
MN,Pipestone Co. Jail,8,Local,,,,,12/31/2013
MN,Ramsey County Adult Detention Center,345,Local,,,,,12/31/2013
MN,Ramsey County Correctional Facility,342,Local,,,,,12/31/2013
MN,Red Lake Tribal Justice Center Adult Detention,39,Indian Country,,,,,6/30/2016
MN,Red Lake Tribal Justice Juvenile Detention,N/A,Indian Country,,,,,6/30/2016
MN,Redwood Co. Jail,14,Local,,,,,12/31/2013
MN,Renville County Jail,56,Local,,,,,12/31/2013
MN,Rice Co. Jail,38,Local,,,,,12/31/2013
MN,Rochester FMC,981,Federal,2110 East Center Street,Rochester,55904,Olmsted,6/30/2012
MN,Rochester FMC,706,Federal,2110 East Center Street,Rochester,55904,Olmsted,4/2/2020
MN,Roseau Co. Jail,24,Local,,,,,12/31/2013
MN,Rs Eden - Ashland,30,Private,532 Ashland Avenue,St. Paul,55102,Ramsey,6/30/2012
MN,Rs Eden - Metro,21,Private,444 West Lynnhurst Avenue,St. Paul,55104,Ramsey,6/30/2012
MN,Rs Eden - West,31,Private,855 7Th Street West,St. Paul,55102,Ramsey,6/30/2012
MN,Sandstone FCI,"1,263",Federal,2300 County Rd 29,Sandstone,55072,,6/30/2012
MN,Sandstone FCI,"1,145",Federal,2300 County Rd 29,Sandstone,55072,,4/2/2020
MN,Scott Co. Jail,122,Local,,,,,12/31/2013
MN,Sherburne County Jail,509,Local,,,,,12/31/2013
MN,Sibley Co. Jail,12,Local,,,,,12/31/2013
MN,St. Louis Co. Jail,155,Local,,,,,12/31/2013
MN,Stearns Co. Jail,138,Local,,,,,12/31/2013
MN,Steele Co. Jail,99,Local,,,,,12/31/2013
MN,Swift Co. Jail,5,Local,,,,,12/31/2013
MN,Todd Co. Det. Ctr.,21,Local,,,,,12/31/2013
MN,Volunteers of America,54,Private,1771 Kent Street,Roseville,55113,Ramsey,6/30/2012
MN,Volunteers of America (Male),64,Private,1771 Kent Street,Roseville,55113,Ramsey,6/30/2012
MN,Volunteers of America Residential Re-Entry Center (Minneapolis),45,Local,,,,,12/31/2013
MN,Volunteers of America Residential Re-Entry Center (Roseville),55,Local,,,,,12/31/2013
MN,Wabasha County Jail,30,Local,,,,,12/31/2013
MN,Wadena County Jail,22,Local,,,,,12/31/2013
MN,Waseca Co. Jail,14,Local,,,,,12/31/2013
MN,Waseca FCI,"1,064",Federal,"1000 University Dr, Sw",Waseca,56093,Waseca,6/30/2012
MN,Waseca FCI,692,Federal,"1000 University Dr, Sw",Waseca,56093,Waseca,4/2/2020
MN,Washington County Jail,172,Local,,,,,12/31/2013
MN,Watonwan Co. Jail,14,Local,,,,,12/31/2013
MN,Wilkin County Jail,11,Local,,,,,12/31/2013
MN,Winona Co. Law Enf. Ctr.,63,Local,,,,,12/31/2013
MN,Wright Co. Jail,144,Local,,,,,12/31/2013
MN,Yellow Medicine County Jail,23,Local,,,,,12/31/2013
MO,Adair County Jail,44,Local,,,,,12/31/2013
MO,Algoa Correction Center,"1,503",State,8501 No More Victims Road,Jefferson City,65101,Cole,6/30/2012
MO,Alpha House,55,Private,2300 E. Division Street,Springfield,65803,Greene,6/30/2012
MO,Andrew County Sheriffs office And Jail,27,Local,,,,,12/31/2013
MO,Arnold Municipal City Jail,9,Local,,,,,12/31/2013
MO,Atchison County Jail,3,Local,,,,,12/31/2013
MO,Audrain County Jail,86,Local,,,,,12/31/2013
MO,Aurora City Jail,2,Local,,,,,12/31/2013
MO,Barton County Jail,15,Local,,,,,12/31/2013
MO,Bates County Sheriff & Jail,100,Local,,,,,12/31/2013
MO,Belton City Jail,20,Local,,,,,12/31/2013
MO,Benton County Jail,27,Local,,,,,12/31/2013
MO,Bollinger County Jail,22,Local,,,,,12/31/2013
MO,Boone County Jail,196,Local,,,,,12/31/2013
MO,Boonville Treatment Center,"1,244",State,1216 E Morgan Street,Boonville,65233,Cooper,6/30/2012
MO,Buchanan County Law Enforcement Center,219,Local,,,,,12/31/2013
MO,Caldwell County Jail,108,Local,,,,,12/31/2013
MO,Callaway County Jail,85,Local,,,,,12/31/2013
MO,Camden County Jail,109,Local,,,,,12/31/2013
MO,Cape Girardeau County Jail,211,Local,,,,,12/31/2013
MO,Carthage City Jail,3,Local,,,,,12/31/2013
MO,Cass County Jail,101,Local,,,,,12/31/2013
MO,Cedar County Jail,14,Local,,,,,12/31/2013
MO,Chariton County Jail,19,Local,,,,,12/31/2013
MO,Chillicothe Correctional Center,"1,072",State,3151 Litton Road,Chillicothe,64601,Livingston,6/30/2012
MO,Christian County Jail,115,Local,,,,,12/31/2013
MO,City of Jennings Dept. of Corrections,78,Local,,,,,12/31/2013
MO,Clark County Jail,14,Local,,,,,12/31/2013
MO,Clay County Detention Center,331,Local,,,,,12/31/2013
MO,Clinton County Jail,19,Local,,,,,12/31/2013
MO,Cole County Jail,136,Local,,,,,12/31/2013
MO,Cooper County Detention Center,33,Local,,,,,12/31/2013
MO,Crawford County Jail,87,Local,,,,,12/31/2013
MO,Cremer Therapeutic Community Center,169,State,689 State Road O,Fulton,65251,Callaway,6/30/2012
MO,Crossroads Correctional Center,"1,470",State,115 East Pence Road,Cameron,64429,,6/30/2012
MO,Dade County Jail,10,Local,,,,,12/31/2013
MO,Daviess-Dekalb Regional Jail,157,Local,,,,,12/31/2013
MO,Dent County Jail,31,Local,,,,,12/31/2013
MO,Dismas House of Saint Louis,175,Private,5025 Cote Brillainte,Saint Louis,63113,St Louis City,6/30/2012
MO,Doniphan City Jail,22,Local,,,,,12/31/2013
MO,Douglas County Jail,24,Local,,,,,12/31/2013
MO,Dunklin County Jail,155,Local,,,,,12/31/2013
MO,Eastern Reception Diagnostic & Corr Ctr,"2,852",State,2727 Highway K,Bonne Terre,63628,St Francois,6/30/2012
MO,Farmington Correctional Center,"2,595",State,1012 West Columbia Street,Farmington,63640,St Francois,6/30/2012
MO,Ferguson City Jail,15,Local,,,,,12/31/2013
MO,Franklin County Jail,125,Local,,,,,12/31/2013
MO,Fulton Reception & Diagnostic Center,"1,553",State,12393 Highway O,Fulton,65251,Callaway,6/30/2012
MO,Grandview City Jail,11,Local,,,,,12/31/2013
MO,Greene County Jail,566,Local,,,,,12/31/2013
MO,Grundy County Detention Center,23,Local,,,,,12/31/2013
MO,Harrison County Jail,15,Local,,,,,12/31/2013
MO,Henry County Jail,81,Local,,,,,12/31/2013
MO,Hickory County Jail,5,Local,,,,,12/31/2013
MO,Holt County Jail,11,Local,,,,,12/31/2013
MO,Howard County Jail,11,Local,,,,,12/31/2013
MO,Howell County Detention Center,56,Local,,,,,12/31/2013
MO,Iron County Jail,17,Local,,,,,12/31/2013
MO,Jackson County Detention Center,703,Local,,,,,12/31/2013
MO,Jasper County Jail,187,Local,,,,,12/31/2013
MO,Jefferson City Correctional Center,"1,969",State,8200 No More Victims Road,Jefferson City,65101,Cole,6/30/2012
MO,Jefferson County Jail,275,Local,,,,,12/31/2013
MO,Johnson County Jail,179,Local,,,,,12/31/2013
MO,Joplin City Jail,62,Local,,,,,12/31/2013
MO,Laclede County Jail,127,Local,,,,,12/31/2013
MO,Lafayette County Jail,108,Local,,,,,12/31/2013
MO,Lawrence County Jail,41,Local,,,,,12/31/2013
MO,Lewis County Jail,11,Local,,,,,12/31/2013
MO,Lincoln County Jail,121,Local,,,,,12/31/2013
MO,Macon County Jail,28,Local,,,,,12/31/2013
MO,Marion County Jail,92,Local,,,,,12/31/2013
MO,Maryville Treatment Center,518,State,30227 Us Highway 136,Maryville,64468,Nodaway,6/30/2012
MO,Mcdonald County Jail,34,Local,,,,,12/31/2013
MO,Mercer County Jail,6,Local,,,,,12/31/2013
MO,Mers/Mo Goodwill,27,Private,1727 Locust St.,St. Louis,63103,St Louis City,6/30/2012
MO,Miller County Adult Detention Center,94,Local,,,,,12/31/2013
MO,Mississippi County Detention Center,61,Local,,,,,12/31/2013
MO,Missouri Eastern Correctional Center,"1,087",State,18701 Us Highway 66,Pacific,63069,,6/30/2012
MO,Moberly Correctional Center,"1,771",State,5201 South Morley,Moberly,65270,Randolph,6/30/2012
MO,Moniteau County Jail,31,Local,,,,,12/31/2013
MO,Monroe County Jail,11,Local,,,,,12/31/2013
MO,Montgomery County Jail,43,Local,,,,,12/31/2013
MO,Morgan County Jail,90,Local,,,,,12/31/2013
MO,New Madrid County Jail,34,Local,,,,,12/31/2013
MO,Newton County Jail,85,Local,,,,,12/31/2013
MO,Nodaway County Jail,22,Local,,,,,12/31/2013
MO,Northeast Correctional Center,"2,092",State,13698 Airport Road,Bowling Green,63334,Pike,6/30/2012
MO,Oregon County Jail,6,Local,,,,,12/31/2013
MO,Osage County Jail,12,Local,,,,,12/31/2013
MO,Ozark Correctional Center,645,State,929 Honor Camp Lane,Fordland,65652,,6/30/2012
MO,Ozark County Jail,19,Local,,,,,12/31/2013
MO,Pemiscot County Jail,83,Local,,,,,12/31/2013
MO,Perry County Jail,26,Local,,,,,12/31/2013
MO,Pettis County Jail,143,Local,,,,,12/31/2013
MO,Phelps County Jail,143,Local,,,,,12/31/2013
MO,Pike County Jail,47,Local,,,,,12/31/2013
MO,Platte County Jail,131,Local,,,,,12/31/2013
MO,Polk County Jail,37,Local,,,,,12/31/2013
MO,Potosi Correctional Center,897,State,11593 State Highway O,Mineral Point,63660,Washington,6/30/2012
MO,Pulaski County Jail,52,Local,,,,,12/31/2013
MO,Putnam County Jail,4,Local,,,,,12/31/2013
MO,Randolph County Jail,87,Local,,,,,12/31/2013
MO,Ray County Jail,60,Local,,,,,12/31/2013
MO,Regional Correctional Center,149,Local,,,,,12/31/2013
MO,Reynolds County Jail,9,Local,,,,,12/31/2013
MO,Saline County Jail,84,Local,,,,,12/31/2013
MO,Schuyler County Jail,3,Local,,,,,12/31/2013
MO,Scotland County Jail,4,Local,,,,,12/31/2013
MO,Scott City Jail,3,Local,,,,,12/31/2013
MO,Scott County Jail,90,Local,,,,,12/31/2013
MO,Shannon County Jail,8,Local,,,,,12/31/2013
MO,Shelby County Jail,9,Local,,,,,12/31/2013
MO,South Central Correctional Center,"1,600",State,255 West Highway 32,Licking,65542,Texas,6/30/2012
MO,Southeast Correctional Center,"1,625",State,300 East Pedro Simmons,Charleston,63834,Mississippi,6/30/2012
MO,Southeast Missouri Behavioral Health - Aquinas Center,70,Private,5536 E Highway 32,Farmington,23640,,6/30/2012
MO,Springfield Usmcfp,"1,154",Federal,1900 W. Sunshine St,Springfield,65807,Greene,6/30/2012
MO,Springfield Usmcfp,978,Federal,1900 W. Sunshine St,Springfield,65807,Greene,4/2/2020
MO,St. Charles County Jail,382,Local,,,,,12/31/2013
MO,St. Clair County Jail,145,Local,,,,,12/31/2013
MO,St. Francois County Jail,219,Local,,,,,12/31/2013
MO,St. Louis City Justice Center,697,Local,,,,,12/31/2013
MO,St. Louis County - Department of Justice Services,"1,331",Local,,,,,12/31/2013
MO,St. Louis Medium Security Institution,"1,033",Local,,,,,12/31/2013
MO,Stone County Law Enforcement Center,41,Local,,,,,12/31/2013
MO,Sullivan County Jail,1,Local,,,,,12/31/2013
MO,Taney County Jail,177,Local,,,,,12/31/2013
MO,Texas County Jail,51,Local,,,,,12/31/2013
MO,Tipton Correctional Center,"1,056",State,619 North Osage Avenue,Tipton,65081,,6/30/2012
MO,Vernon County Jail,103,Local,,,,,12/31/2013
MO,Warren County Jail,112,Local,,,,,12/31/2013
MO,Washington County Jail,48,Local,,,,,12/31/2013
MO,Wayne County Jail,60,Local,,,,,12/31/2013
MO,Webster County Sheriff's office,31,Local,,,,,12/31/2013
MO,West Plains City Jail,2,Local,,,,,12/31/2013
MO,Western Missouri Correctional Center,"1,950",State,609 East Pence Road,Cameron,64429,,6/30/2012
MO,Western Reception Diagnostic & Corr Ctr,"2,056",State,3401 Faraon,St Joseph,64506,Buchanan,6/30/2012
MO,Women's Eastern Reception And Diagnostic Correctional Center,"1,624",State,1101 E Hwy 54,Vandalia,63382,,6/30/2012
MO,Wright County Jail,28,Local,,,,,12/31/2013
MS,Adams Co. Jail,65,Local,,,,,12/31/2013
MS,Adams County Correctional Center CI,"2,414",Private,20 Hobo Fork Road,Natchez,39120,Adams,6/30/2012
MS,Alcorn County Community Work Center,91,State,2407 Norman Road,Corinth,38834,Alcorn,6/30/2012
MS,Alcorn County Regional Correctional Facility,297,Local,2839 South Harper Road,Corinth,38834,Alcorn,6/30/2012
MS,Amite Co. Jail,40,Local,,,,,12/31/2013
MS,Attala Co. Jail,22,Local,,,,,12/31/2013
MS,Bannum Place of Jackson,37,Private,1031 Wholesale Row,Jackson,39201,Hinds,6/30/2012
MS,Benton Co. Jail,22,Local,,,,,12/31/2013
MS,Bolivar County Community Work Center,76,State,604 Highway 8,Rosedale,38769,Bolivar,6/30/2012
MS,Bolivar County Correctional Facility,369,Local,2793 Highway 8 West,Cleveland,38732,Bolivar,6/30/2012
MS,Bolivar County Regional Correctional Facility,478,Local,,,,,12/31/2013
MS,Calhoun Co. Jail,36,Local,,,,,12/31/2013
MS,Carroll/Montgomery Regional Corr Facility,279,Local,33714 Highway 35,Vaiden,39176,,6/30/2012
MS,Carroll/Montgomery Regional Correctional Facility,334,Local,,,,,12/31/2013
MS,Central Mississippi Correctional Facility,"3,201",State,3794 Highway 468,Pearl,39208,Rankin,6/30/2012
MS,Chickasaw Co. Jail,92,Local,,,,,12/31/2013
MS,Chickasaw County Regional Correctional Facility,299,Local,,,,,12/31/2013
MS,Chickasaw Regional Correctional Facility,300,Local,120 Lancaster Circle,Houston,38851,Chickasaw,6/30/2012
MS,Choctaw Co. Jail,16,Local,,,,,12/31/2013
MS,Choctaw Justice Complex Adult Detention,21,Indian Country,,,,,6/30/2016
MS,Choctaw Justice Complex Juvenile Detention,9,Indian Country,,,,,6/30/2016
MS,Clay Co. Jail,125,Local,,,,,12/31/2013
MS,Coahoma Co. Jail,102,Local,,,,,12/31/2013
MS,Collins City Jail,5,Local,,,,,12/31/2013
MS,Desoto Co. Jail,333,Local,,,,,12/31/2013
MS,East Mississippi Correctional Facility,"1,360",Private,10641 Highway 80 West,Meridian,39307,Lauderdale,6/30/2012
MS,Flowood Restitution Center,46,State,1632 Highway 80 East,Flowood,39232,Rankin,6/30/2012
MS,Forrest County Community Work Center,85,State,112 Alcorn Avenue,Hattiesburg,39401,,6/30/2012
MS,George County Community Work Center,88,State,156 Industrial Park Road,Lucedale,39452,,6/30/2012
MS,George/Greene County Correctional Facility,279,Local,154 Industrial Park Road,Lucedale,39452,,6/30/2012
MS,Greene Co. Jail,16,Local,,,,,12/31/2013
MS,Greenwood Restitution Center,5,State,308 Highway 7 North Rear,Greenwood,38930,Leflore,6/30/2012
MS,Hancock County Jail,175,Local,,,,,12/31/2013
MS,Harrison County Adult Detention Center,758,Local,,,,,12/31/2013
MS,Harrison County Community Work Center,80,State,3820 8Th Avenue,Gulfport,39501,Harrison,6/30/2012
MS,Harrison County Work Release Center,92,Local,,,,,12/31/2013
MS,Hattiesburg Community Correctional Center - Dismas Charities,40,Private,5209 Hwy 42 Bypass,Hattiesburg,39401,,6/30/2012
MS,"Hinds County Detention Center, Jail, And Penal Farm",821,Local,,,,,12/31/2013
MS,Hinds County Restitution Center,2,State,429 South Gallatin Street,Jackson,39203,Hinds,6/30/2012
MS,Holmes-Humphreys Regional Corr. Fac.,319,Local,,,,,12/31/2013
MS,Holmes/Humphreys County Correctional Facility,279,Local,23234 Highway 12 East,Lexington,39095,Holmes,6/30/2012
MS,Humphreys Co. Jail,24,Local,,,,,12/31/2013
MS,Issaquena County Correctional Facility,274,Local,22746 Highway 1 South,Mayersville,39113,Issaquena,6/30/2012
MS,Issaquena County Correctional Facility,319,Local,,,,,12/31/2013
MS,Issaquena County Jail,7,Local,,,,,12/31/2013
MS,Itawamba Co. Jail,27,Local,,,,,12/31/2013
MS,Jackson Co. Jail,396,Local,,,,,12/31/2013
MS,Jackson County Community Work Center,75,State,1717 Kenneth Avenue,Pascagoula,39567,Jackson,6/30/2012
MS,Jasper County Jail,23,Local,,,,,12/31/2013
MS,Jefferson County Community Work Center,80,State,101 Corrections Road,Fayette,39069,Jefferson,6/30/2012
MS,Jefferson Davis County Jail,29,Local,,,,,12/31/2013
MS,Jefferson-Franklin Correctional Facility,321,Local,,,,,12/31/2013
MS,Jefferson/Franklin County Correctional Facility,278,Local,279 Highway 33,Fayette,39069,Jefferson,6/30/2012
MS,Kemper-Neshoba Co. Regional Corr. Fac.,421,Local,,,,,12/31/2013
MS,Kemper/Neshoba County Correctional Facility,339,Local,374 Stennis Industrial Park,Dekalb,39328,Kemper,6/30/2012
MS,Lafayette Co. Jail,168,Local,,,,,12/31/2013
MS,Lamar County Jail,135,Local,,,,,12/31/2013
MS,Lauderdale County Jail And Honor Farm,333,Local,,,,,12/31/2013
MS,Lawrence County Jail,25,Local,,,,,12/31/2013
MS,Leake Co. Corr. Fac.,385,Local,,,,,12/31/2013
MS,Leake County Correctional Facility,280,Local,399 C.O. Brooks Street,Carthage,39051,Leake,6/30/2012
MS,Leeflore County Community Work Center,83,State,3400 Baldwin County Road,Greenwood,38930,Leflore,6/30/2012
MS,Leflore County Jail,110,Local,,,,,12/31/2013
MS,Lincoln Co. Jail,79,Local,,,,,12/31/2013
MS,Lowndes County Jail,249,Local,,,,,12/31/2013
MS,Madison County Community Work Center,99,State,140 Corrections Drive,Madison,39046,Madison,6/30/2012
MS,Madison County Detention Center,343,Local,,,,,12/31/2013
MS,Marion-Walthall County Regional Corrrectional Facility,455,Local,,,,,12/31/2013
MS,Marion/Walthall County Correctional Facility,280,Local,503 South Main Street`,Columbia,39429,Marion,6/30/2012
MS,Marrion County Women's Facility,98,Local,,,,,12/31/2013
MS,Marshall County Correctional Facility,998,Private,833 West Street,Holly Springs,38635,Marshall,6/30/2012
MS,Mississippi State Penitentiary,"3,273",State,Highway 49 West,Parchman,38738,,6/30/2012
MS,Monroe Co. Jail,111,Local,,,,,12/31/2013
MS,Natchez City Jail,22,Local,,,,,12/31/2013
MS,Newton Co. Jail,35,Local,,,,,12/31/2013
MS,Noxubee County Community Work Center,80,State,110 Industrial Park Road,Macon,39341,Noxubee,6/30/2012
MS,Oktibbeha Co. Jail (New Jail),59,Local,,,,,12/31/2013
MS,Oktibbeha Co. Jail (Old Jail),22,Local,,,,,12/31/2013
MS,Pascagoula Restitution Center,4,State,1721 East Kenneth Avenue,Pascagoula,39568,,6/30/2012
MS,Pearl River Co. Jail,311,Local,,,,,12/31/2013
MS,Perry Co. Jail,28,Local,,,,,12/31/2013
MS,Picayune City Jail,28,Local,,,,,12/31/2013
MS,Pike Co. Jail,188,Local,,,,,12/31/2013
MS,Pike County Community Work Center,93,State,2015 Jesse Hall Road,Magnolia,39652,,6/30/2012
MS,Pontotoc Co. Jail,67,Local,,,,,12/31/2013
MS,Prentiss Co. Jail,71,Local,,,,,12/31/2013
MS,Quitman Co. Jail,18,Local,,,,,12/31/2013
MS,Quitman County Community Work Center,89,State,201 Camp B Road,Lambert,38643,Quitman,6/30/2012
MS,Rankin Co. Jail,360,Local,,,,,12/31/2013
MS,Rankin County Community Work Center,239,State,1632 Highway 80 East,Flowood,39232,Rankin,6/30/2012
MS,Scott Co. Jail,107,Local,,,,,12/31/2013
MS,Simpson County Adult Detention Center,151,Local,,,,,12/31/2013
MS,Simpson County Community Work Center,99,State,714 Wood Road,Magee,39111,,6/30/2012
MS,Smith Co. Jail,38,Local,,,,,12/31/2013
MS,South Mississippi Correctional Institution,"3,191",State,22689 Highway 63,Leakesville,39451,Greene,6/30/2012
MS,Stone County Correctional Facility,435,Local,,,,,12/31/2013
MS,Stone County Correctional Facility,280,Local,1420 Industrial Park Road,Wiggins,39577,,6/30/2012
MS,Sunflower Co. Jail,39,Local,,,,,12/31/2013
MS,Tallahatchie County Correctional Facility - CCA,"2,504",Private,415 Us Highway 49 North,Tutwiler,38963,,6/30/2012
MS,Tate Co. Jail,87,Local,,,,,12/31/2013
MS,Tippah Co. Jail,38,Local,,,,,12/31/2013
MS,Tishomingo County Jail,86,Local,,,,,12/31/2013
MS,Tunica County Detention Center,68,Local,,,,,12/31/2013
MS,Union Co. Jail,76,Local,,,,,12/31/2013
MS,Walnut Grove Youth Correctional Facility,"1,048",Private,1650 Highway 492,Walnut Grove,39189,,6/30/2012
MS,Walthall Co. Jail,15,Local,,,,,12/31/2013
MS,Warren County Jail,117,Local,,,,,12/31/2013
MS,Washington County Community Work Center,84,State,1398 North Beauchamp Ext.,Greenville,38703,Washington,6/30/2012
MS,Washington County Regional Corr Facility,239,Local,60 Stokes King Road,Greenville,38701,Washington,6/30/2012
MS,Wayne Co. Jail,76,Local,,,,,12/31/2013
MS,Webster Co. Jail,10,Local,,,,,12/31/2013
MS,Wilkinson Co. Jail,18,Local,,,,,12/31/2013
MS,Wilkinson County Community Work Center,80,State,84 Prison Lane,Woodville,39669,Wilkinson,6/30/2012
MS,Wilkinson County Correctional Center,902,Private,2999 Highway 61 North,Woodville,39669,Wilkinson,6/30/2012
MS,Winston/Choctaw County Regional Corr. Fac.,320,Local,,,,,12/31/2013
MS,Winston/Choctaw Regional Correctional Facility,279,Local,2460 Highway 25 North,Louisville,39339,Winston,6/30/2012
MS,Yalobusha Co. Jail,23,Local,,,,,12/31/2013
MS,Yazoo City Camp,146,Federal,2225 Haley Barbour Parkway,Yazoo City,39194,Yazoo,6/30/2012
MS,Yazoo City FCI,"1,874",Federal,2225 Haley Barbour Parkway,Yazoo City,39194,Yazoo,6/30/2012
MS,Yazoo City FCI,"1,841",Federal,2225 Haley Barbour Parkway,Yazoo City,39194,Yazoo,4/2/2020
MS,Yazoo City FCI-Camp,161,Federal,2225 Haley Barbour Parkway,Yazoo City,39194,Yazoo,4/2/2020
MS,Yazoo City Med FCI,"1,634",Federal,2225 Haley Barbour Parkway,Yazoo City,39194,Yazoo,6/30/2012
MS,Yazoo City Med FCI,"1,393",Federal,2225 Haley Barbour Parkway,Yazoo City,39194,Yazoo,4/2/2020
MS,Yazoo City USP,543,Federal,2225 Haley Barbour Parkway,Yazoo City,39194,Yazoo,4/2/2020
MS,Yazoo County Community Work Center,91,State,625 West Jefferson Street,Yazoo City,39194,Yazoo,6/30/2012
MS,Yazoo County Regional Correctional Facility,299,Local,154 Roosevelt Hudson Drive,Yazoo City,39194,Yazoo,6/30/2012
MS,Yazoo County Regional Correctional Facility,300,Local,,,,,12/31/2013
MT,Alternatives Inc. - Alpha House,205,Private,3109 1St Avenue N,Billings,59103,Yellowstone,6/30/2012
MT,Beaverhead County Jail,8,Local,,,,,12/31/2013
MT,Big Horn County Jail,37,Local,,,,,12/31/2013
MT,Blackfeet Adult Detention Center,58,Indian Country,,,,,6/30/2016
MT,Broadwater County Detention Center,32,Local,,,,,12/31/2013
MT,Butte Pre-Release Center Inc.,56,Local,471 East Mercury,Butte,59701,Silver Bow,6/30/2012
MT,Butte-Silver Bow Co. Det. Ctr.,76,Local,,,,,12/31/2013
MT,Cascade County Regional Adult Detention Center,147,Local,3800 Ulm North Frontage Road,Great Falls,59405,Cascade,6/30/2012
MT,Cascade County Regional Jail,362,Local,,,,,12/31/2013
MT,Crossroads Correctional Center,621,Local,,,,,12/31/2013
MT,Crossroads Correctional Center - CCA,547,Private,75 Heath Road,Shelby,59474,Toole,6/30/2012
MT,Dawson County Detention Center,140,Local,440 Colorado Blvd.,Glendive,59330,Dawson,6/30/2012
MT,Dawson County Jail,172,Local,,,,,12/31/2013
MT,Deer Lodge Co. Jail,24,Local,,,,,12/31/2013
MT,Fallon County Jail,6,Local,,,,,12/31/2013
MT,Flathead Adult Detention Center,11,Indian Country,,,,,6/30/2016
MT,Flathead County Detention Center,99,Local,,,,,12/31/2013
MT,Fort Belknap Adult Detention Center,21,Indian Country,,,,,6/30/2016
MT,Fort Peck Indian Youth Service Center,21,Indian Country,,,,,6/30/2016
MT,Fort Peck Police Department And Adult Detention Center,71,Indian Country,,,,,6/30/2016
MT,Fort Peck Transitional Living Unit,N/A,Indian Country,,,,,6/30/2016
MT,Gallatin County Detention Center,143,Local,,,,,12/31/2013
MT,Gallatin County Reentry Program,8,Local,675 S. 16Th Ave,Bozeman,59715,Gallatin,6/30/2012
MT,Glacier County Detention Center,16,Local,,,,,12/31/2013
MT,Granite County Jail,1,Local,,,,,12/31/2013
MT,Great Falls Pre-Release,66,Local,1019 15Th Street N,Great Falls,59401,Cascade,6/30/2012
MT,Helena Pre-Release Center,26,Private,805 Collen Street,Helena,59101,Yellowstone,6/30/2012
MT,Hill County Jail,50,Local,,,,,12/31/2013
MT,Jefferson County Jail,17,Local,,,,,12/31/2013
MT,Lake County Jail,47,Local,,,,,12/31/2013
MT,Lewis And Clark County Jail,71,Local,,,,,12/31/2013
MT,Liberty County Jail,2,Local,,,,,12/31/2013
MT,Lincoln County Jail,21,Local,,,,,12/31/2013
MT,Mineral County Jail,10,Local,,,,,12/31/2013
MT,"Missoula Correctional Services, Inc.",38,Private,2350 Mullan Road,Missoula,59808,Missoula,6/30/2012
MT,Missoula County Detention Facility,367,Local,,,,,12/31/2013
MT,Montana State Prison,"1,456",State,400 Conley Lake Road,Deer Lodge,59722,Powell,6/30/2012
MT,Montana Women's Prison,192,State,701 S 27Th Street,Billings,59101,Yellowstone,6/30/2012
MT,Musselshell County Jail,6,Local,,,,,12/31/2013
MT,Northern Cheyenne Adult Detention Center,35,Indian Country,,,,,6/30/2016
MT,Northern Cheyenne Youth Service Center,22,Indian Country,,,,,6/30/2016
MT,Park County Jail,15,Local,,,,,12/31/2013
MT,Passages,65,Local,1001 South 27Th Street,Billings,59101,Yellowstone,6/30/2012
MT,Phillips County Jail,2,Local,,,,,12/31/2013
MT,Pondera Co. Jail,6,Local,,,,,12/31/2013
MT,Powder River Co. Jail,1,Local,,,,,12/31/2013
MT,Powell Co. Jail,8,Local,,,,,12/31/2013
MT,Ravalli Co. Adult Det. Ctr.,48,Local,,,,,12/31/2013
MT,Richland Co. Jail,13,Local,,,,,12/31/2013
MT,Rocky Boy Adult Detention Center,61,Indian Country,,,,,6/30/2016
MT,Roosevelt Co. Jail,14,Local,,,,,12/31/2013
MT,Rosebud Co. Jail,28,Local,,,,,12/31/2013
MT,Sanders Co. Jail,1,Local,,,,,12/31/2013
MT,Sheridan Co. Jail,1,Local,,,,,12/31/2013
MT,Toole Co. Jail,6,Local,,,,,12/31/2013
MT,Treasure State Correctional Training Center,50,State,1100 Conley Lake Road,Deer Lodge,59722,Powell,6/30/2012
MT,Valley Co. Jail,20,Local,,,,,12/31/2013
MT,Watch West,110,Private,700 Little Street,Warm Springs,59711,,6/30/2012
MT,Watch East,53,Private,700 Little Street,Glendive,59330,Dawson,6/30/2012
MT,Wheatland Co. Jail,N/A,Local,,,,,12/31/2013
MT,Yellowstone Co. Det. Fac.,448,Local,,,,,12/31/2013
NC,Alamance County Jail,461,Local,,,,,12/31/2013
NC,Albemarle Correctional Institution,847,State,44150 Airport Road,New London,28127,,6/30/2012
NC,Albemarle District Jail,139,Local,,,,,12/31/2013
NC,Alexander Correctional Institution,"1,065",State,633 Old Landfill Rd.,Taylorsville,28681,Alexander,6/30/2012
NC,Alexander County Jail,77,Local,,,,,12/31/2013
NC,Alleghany County Jail,27,Local,,,,,12/31/2013
NC,Anson County Jail,47,Local,,,,,12/31/2013
NC,Ashe County Jail,160,Local,,,,,12/31/2013
NC,Avery County Jail,36,Local,,,,,12/31/2013
NC,Avery/Mitchell Correctional Institution,847,State,600 Amity Park Road,Spruce Pine,28777,,6/30/2012
NC,Bannum Place of Fayetteville,30,Private,952 Bragg Blvd,Fayetteville,28301,Cumberland,6/30/2012
NC,Bannum Place of Wilimington,19,Private,716 Princess St,Wilmington,28401,New Hanover,6/30/2012
NC,Beaufort County Detention Center,87,Local,,,,,12/31/2013
NC,Bertie Correctional Institution,832,State,218 Cooper Hill Rd.,Windsor,27983,Bertie,6/30/2012
NC,Bertie-Martin Regional Jail,83,Local,,,,,12/31/2013
NC,Bladen Correctional Center,156,State,5853 Us 701 N,Elizabethtown,28337,Bladen,6/30/2012
NC,Bladen County Jail,74,Local,,,,,12/31/2013
NC,Brown Creek Correctional Institution,"1,214",State,248 Prison Camp Road,Polkton,28135,Anson,6/30/2012
NC,Brunswick County Jail,302,Local,,,,,12/31/2013
NC,Buncombe Correctional Center,176,State,2995 Riverside Drive,"Asheville,",28804,Buncombe,6/30/2012
NC,Buncombe County Detention Facility,459,Local,,,,,12/31/2013
NC,Burke/Catawba Detention Facility,178,Local,,,,,12/31/2013
NC,Butner Camp,312,Federal,Old Nc Hwy 75,Butner,27509,Granville,6/30/2012
NC,Butner FMC,950,Federal,Old N. Carolina Hwy 75,Butner,27509,Granville,6/30/2012
NC,Butner FMC,935,Federal Medical Center,Old N. Carolina Hwy 75,Butner,27509,Granville,4/2/2020
NC,Butner Low FCI,"1,297",Federal,Old Nc Hwy 75,Butner,27509,Granville,6/30/2012
NC,Butner Low FCI,"1,294",Federal,Old Nc Hwy 75,Butner,27509,Granville,4/2/2020
NC,Butner Med I FCI,718,Federal,Old Nc Hwy 75,Butner,27509,Granville,6/30/2012
NC,Butner Med I FCI,651,Federal,Old Nc Hwy 75,Butner,27509,Granville,4/2/2020
NC,Butner Med Ii FCI,"1,688",Federal,Old Nc Hwy 75,Butner,27509,Granville,6/30/2012
NC,Butner Med Ii FCI,"1,544",Federal,Old Nc Hwy 75,Butner,27509,Granville,4/2/2020
NC,Butner-Camp,279,Federal,Old Nc Hwy 75,Butner,27509,Granville,4/2/2020
NC,Cabarrus County Jail,371,Local,,,,,12/31/2013
NC,Caldwell Correctional Center,253,State,480 Pleasant Hill Road,Lenoir,28645,Caldwell,6/30/2012
NC,Caledonia Correctional Institution,558,State,2787 Caledonia Drive,Tillery,27887,Halifax,6/30/2012
NC,Carteret Correctional Center,293,State,1084 Orange Street,Newport,28570,Carteret,6/30/2012
NC,Carteret County Jail,148,Local,,,,,12/31/2013
NC,Caswell Correctional Center,476,State,444 County Home Rd,Blanch,27212,Caswell,6/30/2012
NC,Caswell County Jail,3,Local,,,,,12/31/2013
NC,Catawba Correctional Center,205,State,1347 Prison Camp Road,Newton,28658,Catawba,6/30/2012
NC,Catawba County Detention Facility,214,Local,,,,,12/31/2013
NC,Cavalcorp Comm Sanction Center,51,Private,312 Tryon Road,Raleigh,27603,Wake,6/30/2012
NC,Center For Community Transitions-Women,30,Private,904 Pecan Avenue,Charlotte,28205,Mecklenburg,6/30/2012
NC,Central Prison,848,State,1300 Western Blvd,Raleigh,27606,Wake,6/30/2012
NC,Chatham County Jail,45,Local,,,,,12/31/2013
NC,Cherokee County Jail,109,Local,,,,,12/31/2013
NC,Chowan County Jail,23,Local,,,,,12/31/2013
NC,Clay County Jail,29,Local,,,,,12/31/2013
NC,Cleveland County Detention Center,275,Local,,,,,12/31/2013
NC,Columbus Correctional Center,688,State,1255 Prison Camp Road,Whiteville,28472,Columbus,6/30/2012
NC,Columbus County Detention Center,151,Local,,,,,12/31/2013
NC,Craggy Correctional Center,397,State,2992 Riverside Dr.,Asheville,28804,Buncombe,6/30/2012
NC,Craven Correctional Institution,732,State,600 Alligator Road,Vanceboro,28586,,6/30/2012
NC,Craven County Jail,262,Local,,,,,12/31/2013
NC,Cumberland County Jail,686,Local,,,,,12/31/2013
NC,Currituck County Jail,32,Local,,,,,12/31/2013
NC,Dan River Prison Work Farm,557,State,981 Murray Road,Yanceyville,27379,Caswell,6/30/2012
NC,Dare County Detention Center,85,Local,,,,,12/31/2013
NC,Davidson Correctional Center,254,State,1400 Thomason St,Lexington,27292,Davidson,6/30/2012
NC,Davie Detention Center,49,Local,,,,,12/31/2013
NC,Dismas Charities CCC,40,Private,307 N. Church Street,Greensboro,27401,Guilford,6/30/2012
NC,Duplin Correctional Center,321,State,364 Hwy 11 South & 903,Kenansville,28349,Duplin,6/30/2012
NC,Duplin County Jail,139,Local,,,,,12/31/2013
NC,Durham County Jail,498,Local,,,,,12/31/2013
NC,Eastern Correctional Institution,465,State,2821 Hwy 903 N,Maury,28554,Greene,6/30/2012
NC,Edgecombe County Detention Center & Annex,195,Local,,,,,12/31/2013
NC,Foothills Correctional Institution,711,State,5150 Western Ave,Morganton,28655,Burke,6/30/2012
NC,Forsyth Correctional Center,246,State,307 Craft Drive,Winston-Salem,27105,Forsyth,6/30/2012
NC,Forsyth County Jail,717,Local,,,,,12/31/2013
NC,Fountain Correctional Center For Women,357,State,300 Fountain School Road,Rocky Mount,27804,Nash,6/30/2012
NC,Franklin Correctional Center,472,State,5918 Nc Highway 39 South,Bunn,27508,Franklin,6/30/2012
NC,Franklin County Detention Center,176,Local,,,,,12/31/2013
NC,Gaston Correctional Center,237,State,520 Justice Court,Dallas,28034,Gaston,6/30/2012
NC,Gaston County Jail/Annex,477,Local,,,,,12/31/2013
NC,Granville County Jail,93,Local,,,,,12/31/2013
NC,Greene Correctional Center,636,State,2699 Hwy 903 N,Maury,28554,Greene,6/30/2012
NC,Greene County Jail,74,Local,,,,,12/31/2013
NC,Guilford County High Point Detention Facility,262,Local,,,,,12/31/2013
NC,Guilford County Jail,624,Local,,,,,12/31/2013
NC,Halifax County Jail,102,Local,,,,,12/31/2013
NC,Harnett Correctional Institution,974,State,1210 E Mcneil Street,Lillington,27546,Harnett,6/30/2012
NC,Harnett County Jail,207,Local,,,,,12/31/2013
NC,Haywood County Jail,114,Local,,,,,12/31/2013
NC,Henderson County Jail,159,Local,,,,,12/31/2013
NC,Hertford County Jail,87,Local,,,,,12/31/2013
NC,Hoke Correctional Institution,549,State,243 Old Highway 211,Raeford,28376,Hoke,6/30/2012
NC,Hoke County Jail,163,Local,,,,,12/31/2013
NC,Hyde Correctional Institution,639,State,620 Prison Road,Swan Quarter,27885,Hyde,6/30/2012
NC,Iredell County Jail,285,Local,,,,,12/31/2013
NC,Jackson County Detention Center,55,Local,,,,,12/31/2013
NC,Johnston Correctional Center,637,State,2465 Us Hwy 70 W,Smithfield,27577,Johnston,6/30/2012
NC,Johnston County Jail,180,Local,,,,,12/31/2013
NC,Jones County Jail,27,Local,,,,,12/31/2013
NC,Lanesboro Correctional Institution,948,State,552 Prison Camp Road,Polkton,28135,Anson,6/30/2012
NC,Lee County Jail,95,Local,,,,,12/31/2013
NC,Lenoir County Jail,236,Local,,,,,12/31/2013
NC,Lincoln Correctional Center,229,State,464 Roper Drive,Lincolnton,28092,Lincoln,6/30/2012
NC,Lincoln County Jail,139,Local,,,,,12/31/2013
NC,Lumberton Correctional Institution,769,State,75 Legend Road,Lumberton,28358,Robeson,6/30/2012
NC,Macon County Jail,42,Local,,,,,12/31/2013
NC,Madison County Detention Facility,76,Local,,,,,12/31/2013
NC,Marion Correctional Institution,789,State,355 Old Glenwood Road,Marion,28752,McDowell,6/30/2012
NC,Maury Correctional Institution,882,State,2568 Moore Rouse Rd,Hookerton,28538,,6/30/2012
NC,Mcdowell County Jail,150,Local,,,,,12/31/2013
NC,Mcleod Comprehensive Saction Center,70,Private,309 Remount Road,Charlotte,28203,Mecklenburg,6/30/2012
NC,Mecklenburg County Jail,42,Local,,,,,12/31/2013
NC,Mecklenburg County Jail North,"1,909",Local,,,,,12/31/2013
NC,Mecklenburg County Work Release Facility,30,Local,,,,,12/31/2013
NC,Montgomery County Jail,73,Local,,,,,12/31/2013
NC,Moore County Dentention Center,126,Local,,,,,12/31/2013
NC,Morrison Correctional Institution,654,State,1573 Mcdonald Church Road,Hoffman,28347,Richmond,6/30/2012
NC,Mountain View Correctional Facility,895,State,545 Amity Park Road,Spruce Pine,28777,,6/30/2012
NC,Nash Correctional Institution,969,State,2869 Us 64 Alt,Nashville,27856,Nash,6/30/2012
NC,Neuse Correctional Institution,638,State,701 Stevens Mill Road,Goldsboro,27533,Wayne,6/30/2012
NC,New Hanover Correctional Center,398,State,330 Division Drive,Wilmington,28402,New Hanover,6/30/2012
NC,New Hanover Detention Facility,556,Local,,,,,12/31/2013
NC,North Corolina Correctional Inst For Women,"1,149",State,1034 Bragg Street,Raleigh,27699,Wake,6/30/2012
NC,North Piedmont Correctional Ctr For Women,136,State,1420 Raleigh Road,Lexington,27292,Davidson,6/30/2012
NC,Northampton County Jail,56,Local,,,,,12/31/2013
NC,Odom Correctional Institution,390,State,485 Odom Prsion Road,Jackson,27845,Northampton,6/30/2012
NC,Onslow County Detention Center,293,Local,,,,,12/31/2013
NC,Orange Correctional Center,194,State,2110 Clarence Walters Rd,Hillsborough,27278,Orange,6/30/2012
NC,Orange County Jail,130,Local,,,,,12/31/2013
NC,Pamlico Correctional Facility,562,State,601 N Third Street,Bayboro,28515,Pamlico,6/30/2012
NC,Pamlico County Detention Facility,88,Local,,,,,12/31/2013
NC,Pasquotank Correctional Institution,807,State,527 Commerce Dr,Elizabeth City,27906,Pasquotank,6/30/2012
NC,Pender Correctional Institution,754,State,906 Penderlea Hwy,Burgaw,28425,Pender,6/30/2012
NC,Person County Jail,138,Local,,,,,12/31/2013
NC,Piedmont Correctional Institution,913,State,1245 Camp Road,Salisbury,28147,Rowan,6/30/2012
NC,Pitt County Detention Center,496,Local,,,,,12/31/2013
NC,Polk Correction Institution,857,State,1001 Veazey Road,Butner,27509,Granville,6/30/2012
NC,Polk County Jail,28,Local,,,,,12/31/2013
NC,Raleigh Correctional Center For Women,163,State,1201 S. State Street,Raleigh,27699,Wake,6/30/2012
NC,Randolph Correctional Center,211,State,2760 Us Hwy 220 Bus,Asheboro,27203,Randolph,6/30/2012
NC,Randolph County Jail,204,Local,,,,,12/31/2013
NC,Richmond County Jail,83,Local,,,,,12/31/2013
NC,Rivers CI,"1,421",Private,145 Parker`S Fishery Rd,Winton,27986,Hertford,6/30/2012
NC,Rivers CI,"1,220",Private,145 Parker`S Fishery Rd,Winton,27986,Hertford,4/2/2020
NC,Robeson Correctional Center,274,State,803 Nc Highway 711,Lumberton,28359,Robeson,6/30/2012
NC,Robeson County Jail,367,Local,,,,,12/31/2013
NC,Rockingham County Jail,163,Local,,,,,12/31/2013
NC,Rowan County Annex,99,Local,,,,,12/31/2013
NC,Rowan County Jail,235,Local,,,,,12/31/2013
NC,Rutherford Correctional Center,206,State,901 Ledbetter Rd,Spindale,28160,Rutherford,6/30/2012
NC,Rutherford County Jail,203,Local,,,,,12/31/2013
NC,Salvation Army CCC,35,Private,204 Hollywood Street,Asheville,28801,Buncombe,6/30/2012
NC,Salvation Army CCC,35,Private,204 Hollywood Street,Asheville,28801,Buncombe,6/30/2012
NC,Sampson Correctional Institution,446,State,700 Northwest Blvd Hwy 421 N,Clinton,28329,Sampson,6/30/2012
NC,Sampson County Law Enforcement Center,214,Local,,,,,12/31/2013
NC,Sanford Correctional Center,276,State,417 Advancement Center Road,Sanfrod,27330,Lee,6/30/2012
NC,Scotland Correctional Institution,"1,539",State,22385 Mcgrit's Bridge Road,Laurinburg,28353,Scotland,6/30/2012
NC,Scotland County Jail,109,Local,,,,,12/31/2013
NC,Southern Correctional Institution,676,State,272 Glen Road,Troy,27371,Montgomery,6/30/2012
NC,Stanly County Detention Center,78,Local,,,,,12/31/2013
NC,Stokes County Jail,58,Local,,,,,12/31/2013
NC,Surry County Jail,125,Local,,,,,12/31/2013
NC,Swain County Jail,105,Local,,,,,12/31/2013
NC,Swannanoa Correctional Center For Women,266,State,55 Lake Eden Road,Black Mountain,28711,Buncombe,6/30/2012
NC,Tabor Correctional Institution,"1,478",State,4600 Swamp Fox Hwy West,Tabor City,28463,Columbus,6/30/2012
NC,Tillery Correctional Center,417,State,1984 Caledonia Drive State Road 1141,Tillery,27887,Halifax,6/30/2012
NC,Transylvania County Jail,69,Local,,,,,12/31/2013
NC,Troy House,16,Private,1101 North Mangum Street,Durham,27701,Durham,6/30/2012
NC,Tyrrell Prison Work Farm,479,State,620 Snell Road,Columbia,27925,Tyrrell,6/30/2012
NC,Union County Jail,230,Local,,,,,12/31/2013
NC,Vance County Jail,156,Local,,,,,12/31/2013
NC,Wake Correctional Center,409,State,1000 Rock Quarry Rd,Raleigh,27699,Wake,6/30/2012
NC,Wake County Detention Center,"1,016",Local,,,,,12/31/2013
NC,Wake County Jail,298,Local,,,,,12/31/2013
NC,Warren Correctional Institution,944,State,379 Collins Road,Manson,27553,,6/30/2012
NC,Warren County Jail,29,Local,,,,,12/31/2013
NC,Washington County Jail,30,Local,,,,,12/31/2013
NC,Watauga County Jail,77,Local,,,,,12/31/2013
NC,Wayne Correctional Center,423,State,700 Stevens Mill Rd,Goldsboro,27533,Wayne,6/30/2012
NC,Wayne County Jail,214,Local,,,,,12/31/2013
NC,Western Youth Institution,441,State,5155 Western Ave,Morganton,28655,Burke,6/30/2012
NC,Wilkes Correctional Center,181,State,404 Statesville Rd,North Wilkesboro,28659,Wilkes,6/30/2012
NC,Wilkes County Detention Center,97,Local,,,,,12/31/2013
NC,Wilkes County Female Detention Center,22,Local,,,,,12/31/2013
NC,Wilson County Jail,200,Local,,,,,12/31/2013
NC,Yadkin County Jail,33,Local,,,,,12/31/2013
NC,Yancey County Jail,31,Local,,,,,12/31/2013
ND,Adams County Jail,2,Local,,,,,12/31/2013
ND,Barnes County Correctional Facility,21,Local,,,,,12/31/2013
ND,Bismarck Transition Center,118,Private,2001 Lee Ave,Bismarck,58504,Burleigh,6/30/2012
ND,Bottineau County Jail,5,Local,,,,,12/31/2013
ND,Burleigh County Detention Center,169,Local,,,,,12/31/2013
ND,Cavalier County Jail,1,Local,,,,,12/31/2013
ND,Centre Fargo,108,Private,123 15Th Street North,Fargo,58102,Cass,6/30/2012
ND,Centre Inc. Grand Forks,14,Private,201 S. 4Th Street,Grand Forks,58201,Grand Forks,6/30/2012
ND,Centre Inc. Mandan,75,Private,100 6Th Ave Se,Mandan,58554,Morton,6/30/2012
ND,Dakota Women's Correctional & Rehab Center,128,Local,440 Mckenzie Street,New England,58647,,6/30/2012
ND,Dickinson Adult Detention Center,78,Local,,,,,12/31/2013
ND,Fort Totten Law Enforcement And Adult Detention Center,48,Indian Country,,,,,6/30/2016
ND,Gerald Tex Fox Justice Center Adult Detention,40,Indian Country,,,,,6/30/2016
ND,Gerald Tex Fox Justice Center Juvenile Detention,2,Indian Country,,,,,6/30/2016
ND,Grand Forks County Correctional Center,179,Local,,,,,12/31/2013
ND,Heart of America Corrections And Treatment Center,105,Local,,,,,12/31/2013
ND,James River Correctional Center,413,State,2521 Circle Drive,Jamestown,58401,Stutsman,6/30/2012
ND,Lake Region Correctional Center,85,Local,,,,,12/31/2013
ND,Lake Region Re-Entry Center,21,Local,225 Walnut Street,Devils Lake,58301,Ramsey,6/30/2012
ND,Mckenzie County Jail,5,Local,,,,,12/31/2013
ND,Mclean County Jail,25,Local,,,,,12/31/2013
ND,Mercer County Jail,17,Local,,,,,12/31/2013
ND,Missouri River Correctional Center,148,State,1800 48Th Avenue S.W.,Bismarck,58506,Burleigh,6/30/2012
ND,Morton County Correctional Center,50,Local,,,,,12/31/2013
ND,Mountrail County Jail,3,Local,,,,,12/31/2013
ND,North Dakota State Penitentiary,516,State,3100 Railroad Avenue,Bismarck,58506,Burleigh,6/30/2012
ND,Pembina County Jail,8,Local,,,,,12/31/2013
ND,Richland County Jail,14,Local,,,,,12/31/2013
ND,Rolette County Jail,15,Local,,,,,12/31/2013
ND,Standing Rock Law Enforcement And Adult Detention Center,45,Indian Country,,,,,6/30/2016
ND,Standing Rock Youth Services Center,10,Indian Country,,,,,6/30/2016
ND,Stutsman County Correctional Center,69,Local,,,,,12/31/2013
ND,Swmcc Work Release,63,Local,66 W 12Th St,Dickinson,58601,Stark,6/30/2012
ND,Tompkins Rehab & Corrections Center,57,Private,2504 Circle Drive,Jamestown,58401,Stutsman,6/30/2012
ND,Traill County Jail,3,Local,,,,,12/31/2013
ND,Turtle Mountain Law Enforcement Adult Detention,53,Indian Country,,,,,6/30/2016
ND,Walsh County Jail,20,Local,,,,,12/31/2013
ND,Ward County Jail,96,Local,,,,,12/31/2013
ND,Williams County Correctional Center,118,Local,,,,,12/31/2013
NE,Adams Co. Jail,32,Local,,,,,12/31/2013
NE,Antelope Co. Jail,6,Local,,,,,12/31/2013
NE,Boone Co. Jail,1,Local,,,,,12/31/2013
NE,Box Butte Co. Jail,12,Local,,,,,12/31/2013
NE,Brown Co. Jail,1,Local,,,,,12/31/2013
NE,Buffalo Co. Jail,106,Local,,,,,12/31/2013
NE,Butler Co. Detention,23,Local,,,,,12/31/2013
NE,Cass County Detention Facility,78,Local,,,,,12/31/2013
NE,Cedar Co. Jail,4,Local,,,,,12/31/2013
NE,Chase County Jail,3,Local,,,,,12/31/2013
NE,Cherry County Justice Center,7,Local,,,,,12/31/2013
NE,Cheyenne Co. Jail,19,Local,,,,,12/31/2013
NE,Clay Co. Jail,5,Local,,,,,12/31/2013
NE,Community Correctional Center - Lincoln,336,State,2720 W Van Dorn Srteet,Lincoln,68522,Lancaster,6/30/2012
NE,Community Corrections Center - Omaha,159,State,2320 Avenue J,Omaha,68110,Douglas,6/30/2012
NE,Custer Co. Jail,10,Local,,,,,12/31/2013
NE,Dakota Co. Jail,108,Local,,,,,12/31/2013
NE,Dawes Co. Jail,9,Local,,,,,12/31/2013
NE,Dawson Co. Jail,89,Local,,,,,12/31/2013
NE,Diagnostic & Evaluation Center,468,State,3220 West Van Dorn,Lincoln,68522,Lancaster,6/30/2012
NE,Dixon Co. Jail,6,Local,,,,,12/31/2013
NE,Douglas Department of Corrections,"1,203",Local,,,,,12/31/2013
NE,Dundy Co. Jail,2,Local,,,,,12/31/2013
NE,Fillmore Co. Jail,4,Local,,,,,12/31/2013
NE,Franklin County Jail,2,Local,,,,,12/31/2013
NE,Frontier Co. Jail,3,Local,,,,,12/31/2013
NE,Furnas Co. Jail,1,Local,,,,,12/31/2013
NE,Gage Co. Jail,24,Local,,,,,12/31/2013
NE,Hall County Department of Corrections,178,Local,,,,,12/31/2013
NE,Hamilton Co. Jail,8,Local,,,,,12/31/2013
NE,Harlan Co. Jail,1,Local,,,,,12/31/2013
NE,Hitchcock Co. Jail,4,Local,,,,,12/31/2013
NE,Holt Co. Jail,9,Local,,,,,12/31/2013
NE,Jefferson Co. Jail,13,Local,,,,,12/31/2013
NE,Johnson Co. Jail,4,Local,,,,,12/31/2013
NE,Kearney Co. Jail,3,Local,,,,,12/31/2013
NE,Keith Co. Jail,11,Local,,,,,12/31/2013
NE,Kimball Co. Jail,10,Local,,,,,12/31/2013
NE,Knox Co. Jail,6,Local,,,,,12/31/2013
NE,Lancaster County Jail Complex,568,Local,,,,,12/31/2013
NE,Lincoln Correctional Center,502,State,3216 West Van Dorn Street,Lincoln,68522,Lancaster,6/30/2012
NE,Lincoln County Detention Center,108,Local,,,,,12/31/2013
NE,Madison Co. Jail,81,Local,,,,,12/31/2013
NE,Merrick Co. Jail,10,Local,,,,,12/31/2013
NE,Morrill Co. Jail,5,Local,,,,,12/31/2013
NE,Nebraska Correctional Center For Women,250,State,1107 Recharge Road,York,68467,York,6/30/2012
NE,Nebraska Correctional Center For Youth,65,State,2610 North 20Th Street East,Omaha,98110,Kitsap,6/30/2012
NE,Nebraska State Penitentiary,"1,242",State,4201 S. 14Th Street,Lincoln,68502,Lancaster,6/30/2012
NE,Nemaha Co. Jail,7,Local,,,,,12/31/2013
NE,Omaha Correctional Center,563,State,2323 Avenue J,Omaha,68110,Douglas,6/30/2012
NE,Omaha Tribal Police Department And Adult Detention/F,N/A,Indian Country,,,,,6/30/2016
NE,Otoe Co. Jail,18,Local,,,,,12/31/2013
NE,Phelps Co. Corr.,32,Local,,,,,12/31/2013
NE,Pierce Co. Jail,10,Local,,,,,12/31/2013
NE,Platte Co. Det. Fac.,79,Local,,,,,12/31/2013
NE,Polk Co. Jail,1,Local,,,,,12/31/2013
NE,Rock Co. Jail,4,Local,,,,,12/31/2013
NE,Saline Co. Jail,77,Local,,,,,12/31/2013
NE,Sarpy Co. Jail,133,Local,,,,,12/31/2013
NE,Saunders Co. Jail,119,Local,,,,,12/31/2013
NE,Scotts Bluff Co.Detention Center,161,Local,,,,,12/31/2013
NE,Seward Co. Jail,19,Local,,,,,12/31/2013
NE,Sheridan County Jail,15,Local,,,,,12/31/2013
NE,Tecumseh State Correctional Institution,923,State,2725 N Highway 50,Tecumseh,68450,Johnson,6/30/2012
NE,Thayer Co. Jail,5,Local,,,,,12/31/2013
NE,Thurston Co. Jail,13,Local,,,,,12/31/2013
NE,Valley Co. Jail,7,Local,,,,,12/31/2013
NE,Washington Co. Jail,25,Local,,,,,12/31/2013
NE,Webster Co. Jail,5,Local,,,,,12/31/2013
NE,Work Ethic Camp - MCCook,148,State,2309 N Highway 83,Mccook,69001,Red Willow,6/30/2012
NE,York Co. Jail,23,Local,,,,,12/31/2013
NH,Belknap Co. Jail & House of Corr.,110,Local,,,,,12/31/2013
NH,Berlin FCI,662,Federal,1 Success Loop Road,Berlin,03570,Coos,4/2/2020
NH,Berlin-Camp,56,Federal,1 Success Loop Road,Berlin,03570,Coos,4/2/2020
NH,Calumet Transitional Housing Unit,72,State,126 Lowell Street,Manchester,03104,Hillsborough,6/30/2012
NH,Carroll Co. House of Corr.,56,Local,,,,,12/31/2013
NH,Cheshire Co. House of Corr.,158,Local,,,,,12/31/2013
NH,Coos Co. Corr. Fac.,37,Local,,,,,12/31/2013
NH,Corrections Transitional Work Unit,156,State,281 North State Street,Concord,03301,Merrimack,6/30/2012
NH,Grafton Co. Jail,163,Local,,,,,12/31/2013
NH,Hillsborough County Department Correction,523,Local,,,,,12/31/2013
NH,Merrimack Co. House of Corr.,183,Local,,,,,12/31/2013
NH,New Hampshire State Prison For Men,"1,439",State,281 North State Street,Concord,,,6/30/2012
NH,New Hampshire State Prison For Women,122,State,317 Mast Road,Goffstown,03045,Hillsborough,6/30/2012
NH,North End Transitional Housing Unit,48,State,281 North State Street,Concord,03301,Merrimack,6/30/2012
NH,Northern New Hampshire Correctional Facility,624,State,138 East Milan Road,Berlin,03570,Coos,6/30/2012
NH,Rockingham County Department of Corrections,355,Local,,,,,12/31/2013
NH,Secure Psychiatric Unit,59,State,281 North State Street,Concord,03301,Merrimack,6/30/2012
NH,Shea Farm House,41,State,60 Iron Works Road,Concord,03302,Merrimack,6/30/2012
NH,Strafford County Jail,345,Local,,,,,12/31/2013
NH,Sullivan House of Correction,82,Local,,,,,12/31/2013
NJ,Adult Diagnostic & Treatment Center,640,State,8 Production Way,Avenel,07001,Middlesex,6/30/2012
NJ,Albert Wagner Youth Correctional Facility,"1,022",State,Po Box 500,Bordentown,08505,Burlington,6/30/2012
NJ,Atlantic County Justice Facility,800,Local,,,,,12/31/2013
NJ,Ballington House (Voa/N),30,Private,421 Westminster Avenue,Elizabeth,07208,Union,6/30/2012
NJ,Bayside State Prison,"2,198",State,4293 Route 47,Leesburg,08327,Cumberland,6/30/2012
NJ,Bayside State Prison Ancora Unit,350,State,202 Spring Road,Hammonton,08037,,6/30/2012
NJ,Bayside State Prison Minimum Unit,709,State,P. O. Box F2,Leesburg,08327,Cumberland,6/30/2012
NJ,Bergen Co. Jail,852,Local,,,,,12/31/2013
NJ,Bo Robinson Education & Training Center,403,Private,377 Enterprise Way,Trenton,08638,Mercer,6/30/2012
NJ,"Burlington Co. Det. Ctr., Corr. Ctr. & Work Release",526,Local,,,,,12/31/2013
NJ,Camden County Correctional Facility,"1,497",Local,,,,,12/31/2013
NJ,Cape May Co. Corr. Ctr.,245,Local,,,,,12/31/2013
NJ,"Central Medical Unit, 5Th Floor Security Unit, St. Francis Medica",8,State,601 Hamilton Avenue,Trenton,08629,Mercer,6/30/2012
NJ,Central Reception & Assignment Facility,651,State,Stuyvesant Avenue,West Trenton,08628,Mercer,6/30/2012
NJ,Clinton House (Njac),41,Private,21 N Clinton Avenue,Trenton,08609,Mercer,6/30/2012
NJ,Cumberland Co. Jail,592,Local,,,,,12/31/2013
NJ,East Jersey State Prison,"1,361",State,1100 Rahway Avenue,Avenel,07001,Middlesex,6/30/2012
NJ,Edna Mahan Correctional Facility For Women,752,State,30 County Route 513,Clinton,08809,Hunterdon,6/30/2012
NJ,Essex County Correctional Facility,"3,391",Local,,,,,12/31/2013
NJ,Fairton Camp,124,Federal,655 Fairton-Millville Road,Fairton,08320,Cumberland,6/30/2012
NJ,Fairton FCI,"1,405",Federal,655 Fairton-Millville Road,Fairton,08320,Cumberland,6/30/2012
NJ,Fairton FCI,"1,002",Federal,655 Fairton-Millville Road,Fairton,08320,Cumberland,4/2/2020
NJ,Fairton-Camp,118,Federal,655 Fairton-Millville Road,Fairton,08320,Cumberland,4/2/2020
NJ,Fenwick House (Njac),48,Private,369-371 Market Street,Patterson,07501,Passaic,6/30/2012
NJ,Field House (Voa/N),30,Private,45 Lenox Avenue,East Orange,07018,Essex,6/30/2012
NJ,Fletcher House (Voa/Dv),83,Private,517 Penn Street,Camden,08102,Camden,6/30/2012
NJ,Fort Dix Camp,434,Federal,5756 Hartford & Pointville Road,Fort Dix,08640,Burlington,6/30/2012
NJ,Fort Dix FCI,"4,231",Federal,5756 Hartford & Pointville Rd,Fort Dix,08640,Burlington,6/30/2012
NJ,Fort Dix FCI,"2,752",Federal,5756 Hartford & Pointville Rd,Joint Base Mdl,08640,Burlington,4/2/2020
NJ,Fort Dix-Camp,245,Federal,5756 Hartford & Pointville Rd,Joint Base Mdl,08640,Burlington,4/2/2020
NJ,Garden State Youth Correctioal Facility,"1,789",State,Highbridge Road,Yardville,08620,,6/30/2012
NJ,Garrett House-Voa/Dv,48,Private,509 Cooper Street,Camden,08102,Camden,6/30/2012
NJ,Gloucester County Jail,358,Local,,,,,12/31/2013
NJ,Hope Hall (Voa/Dv),167,Private,676 Fairview Street,Camden,08104,Camden,6/30/2012
NJ,Hudson County Correctional Facility,"1,806",Local,,,,,12/31/2013
NJ,Hunterdon Co. Jail,88,Local,,,,,12/31/2013
NJ,Jones Farm,280,State,721 Bear Tavern Road,West Trenton,08625,,6/30/2012
NJ,Kintock Bridgeton I & Ii,363,Private,4 S Industrial Blvd,Bridgeton,08302,Cumberland,6/30/2012
NJ,Kintock Male Work Release Bldg 1,188,Private,50 Fenwick Street,Newark,07114,Essex,6/30/2012
NJ,Kintock Newark Female Treatment,27,Private,50 Fenwick Street,Newark,07114,Essex,6/30/2012
NJ,Kintock Newark Male Treatment,111,Private,50 Fenwick Street,Newark,07114,Essex,6/30/2012
NJ,Mercer Co. Corr. Ctr.,811,Local,,,,,12/31/2013
NJ,Mid-State Correctional Facility,694,State,Po Box 866,Wrightstown,08562,Burlington,6/30/2012
NJ,Middlesex County Adult Correctional Center,909,Local,,,,,12/31/2013
NJ,Monmouth County Correctional Institution,835,Local,,,,,12/31/2013
NJ,Morris Co. Corr. Fac.,331,Local,,,,,12/31/2013
NJ,Mountainview Youth Correctional Facility,"1,013",State,31 Petticoat Lane,Annandale,08801,Hunterdon,6/30/2012
NJ,New Jersey State Prison,"1,871",State,Third & Federal Streets,Trenton,08625,,6/30/2012
NJ,Northern State Prison,"2,458",State,168 Frontage Road,Newark,07114,Essex,6/30/2012
NJ,Ocean Co. Jail,664,Local,,,,,12/31/2013
NJ,Passaic County Jail,"1,039",Local,,,,,12/31/2013
NJ,Salem Co. Corr. Fac.,343,Local,,,,,12/31/2013
NJ,Somerset County Jail,216,Local,,,,,12/31/2013
NJ,South Woods State Prison,"3,379",State,215 S Burlington Road,Bridgeton,08302,Cumberland,6/30/2012
NJ,Southern State Correctional Facility,"2,329",State,4295 Route 47,Delmont,08314,,6/30/2012
NJ,Special Treatment Unit,468,State,1491 Rahway Avenue,Avenel,07001,Middlesex,6/30/2012
NJ,Sussex Co. - Keogh Dwyer Corr. Fac.,177,Local,,,,,12/31/2013
NJ,Talbot Hall (Ehca),489,Private,100-140 Lincoln Hwy,Kearny,07032,Hudson,6/30/2012
NJ,The Harbor (Ehca),251,Private,300 Frelinghuysen Avenue,Newark,07114,Essex,6/30/2012
NJ,Tully House (Echa),337,Private,28 Peerless Place,Newark,07114,Essex,6/30/2012
NJ,Union County Jail,795,Local,,,,,12/31/2013
NJ,Warren Co. Corr. Ctr.,123,Local,,,,,12/31/2013
NM,Acoma Tribal Police And Holding Facility,14,Indian Country,,,,,6/30/2016
NM,Artesia City Jail,8,Local,,,,,12/31/2013
NM,Catron Co. Det. Ctr.,5,Local,,,,,12/31/2013
NM,Central New Mexico Correctional Facility,614,State,3201 Highway 314 S.W.,Los Lunas,87031,Valencia,6/30/2012
NM,Central New Mexico Correctional Facility Level I,249,State,3201 Highway 314 Sw,Los Lunas,87031,Valencia,6/30/2012
NM,Central New Mexico Correctional Facility Level Ii,280,State,1525 Morris Road,Los Lunas,87031,Valencia,6/30/2012
NM,Chaves Co. Det. Ctr.,277,Local,,,,,12/31/2013
NM,CIbola County CI,"1,171",Private,2000 Cibola Loop,Milan,87021,Cibola,6/30/2012
NM,Curry County Adult Detention Center,239,Local,,,,,12/31/2013
NM,"Dismas Charities, CSC - Albuquerque",106,Private,"2331 Menaul Blvd, Ne",Albuquerque,87107,Bernalillo,6/30/2012
NM,"Dismas Charities, CSC - Las Cruces",73,Private,1595 W Picacho,Las Cruces,88005,Dona Ana,6/30/2012
NM,Dona Ana Co. Det. Ctr.,666,Local,,,,,12/31/2013
NM,Eddy Co. Det. Ctr.,260,Local,,,,,12/31/2013
NM,Grant County Detention Center,73,Local,,,,,12/31/2013
NM,Guadalupe Co. Jail,9,Local,,,,,12/31/2013
NM,Guadalupe County Corr Facility-The Geo Group,583,Private,"South Hwy, 54, Exit 3B",Santa Rosa,88435,Guadalupe,6/30/2012
NM,Hobbs City Det. Ctr.,42,Local,,,,,12/31/2013
NM,Jal City Jail,1,Local,,,,,12/31/2013
NM,Jicarilla Department of Corrections-Adult And Juvenile,40,Indian Country,,,,,6/30/2016
NM,Laguna Detention Facility,38,Indian Country,,,,,6/30/2016
NM,Lea Co. Det. Ctr.,368,Local,,,,,12/31/2013
NM,Lea County Correctional Fac-Wackenhut,"1,171",Private,6900 W Millen Drive,Hobbas,88244,Lea,6/30/2012
NM,Lincoln County Detention Center,127,Local,,,,,12/31/2013
NM,Los Alamos Co. Det. Ctr.,23,Local,,,,,12/31/2013
NM,Luna Co. Det. Ctr.,335,Local,,,,,12/31/2013
NM,Mckinley Co. Adult Det. Ctr.,325,Local,,,,,12/31/2013
NM,Navajo Department of Corrections-Crownpoint,10,Indian Country,,,,,6/30/2016
NM,Navajo Department of Corrections-Crownpoint Juvenile,N/A,Indian Country,,,,,6/30/2016
NM,Navajo Department of Corrections-Shiprock Police Department And A,29,Indian Country,,,,,6/30/2016
NM,New Mexico Women's Correctional Fac - CCA,596,Private,1700 E Old Hwy 66,Grants,87020,Cibola,6/30/2012
NM,Northeast New Mexico Detention Facility,13,Local,,,,,12/31/2013
NM,Northeast New Mexico Detention Facility,609,Private,185 Dr. Michael Jenkins Road,Clayton,88415,Union,6/30/2012
NM,Otero Co. Det. Ctr.,262,Local,,,,,12/31/2013
NM,Penitentiary of New Mexico Level Ii,273,State,P. O. Box 1059,Santa Fe,87504,Santa Fe,6/30/2012
NM,"Penitentiary of New Mexico Level Iv, V",279,State,P. O. Box 1059,Santa Fe,87504,Santa Fe,6/30/2012
NM,Penitentiary of New Mexico Level Vi,284,State,P. O. Box 1059,Santa Fe,87504,Santa Fe,6/30/2012
NM,Quay Co. Det. Ctr.,50,Local,,,,,12/31/2013
NM,Ramah Navajo Police Department And Detention Center,1,Indian Country,,,,,6/30/2016
NM,Rio Arriba Co. Det. Ctr.,146,Local,,,,,12/31/2013
NM,Roosevelt Co. Det. Ctr.,96,Local,,,,,12/31/2013
NM,Roswell Correctional Center,338,State,578 W Chickasaw Road,Hagerman,88232,Chaves,6/30/2012
NM,San Juan Co. Adult Det. Ctr.,607,Local,,,,,12/31/2013
NM,San Juan Pueblo Police Department Holding Facility,3,Indian Country,,,,,6/30/2016
NM,San Miguel Co. Det. Ctr.,115,Local,,,,,12/31/2013
NM,Sandoval Co. Det. Ctr.,267,Local,,,,,12/31/2013
NM,Santa Fe Co. Adult Corr. Fac.,539,Local,,,,,12/31/2013
NM,Sierra Co. Det. Ctr.,53,Local,,,,,12/31/2013
NM,Socorro Co. Det. Ctr.,48,Local,,,,,12/31/2013
NM,Southern New Mexico Correctional Facility,460,State,1983 Joe R. Silva Blvd,Las Cruces,88004,Dona Ana,6/30/2012
NM,Southern New Mexico Correctional Facility Level Ii,281,State,1983 Joe R. Silva Boulevard,Las Cruces,88004,Dona Ana,6/30/2012
NM,Springer Correctional Center,244,State,201 Highway 468,Springer,87747,Colfax,6/30/2012
NM,Taos County Adult Detention Center,81,Local,,,,,12/31/2013
NM,Taos Tribal Police Department And Detention,N/A,Indian Country,,,,,6/30/2016
NM,Torrance Co. Det. Fac.,897,Local,,,,,12/31/2013
NM,Valencia County Adult Detention Ctr.,218,Local,,,,,12/31/2013
NM,Vigil-Maldonado Detention Center,49,Local,,,,,12/31/2013
NM,Western New Mexico Corrrections Facility,382,State,P.O. Drawer 250,Grants,87020,Cibola,6/30/2012
NM,Zuni Adult Detention Center,56,Indian Country,,,,,6/30/2016
NM,Zuni Juvenile Detention Center,N/A,Indian Country,,,,,6/30/2016
NV,Carlin Conservation Camp,127,State,124 Suzie Creek Road,Carlin,89822,Elko,6/30/2012
NV,Carson City Sheriffs Det. Ctr.,178,Local,,,,,12/31/2013
NV,Casa Grande Transitional Housing,257,State,3955 W Russell Road,Las Vegas,89118,Clark,6/30/2012
NV,Churchill Co. Jail,44,Local,,,,,12/31/2013
NV,Clark County Detention Center,"3,832",Local,,,,,12/31/2013
NV,Douglas Co. Jail - Lake,1,Local,,,,,12/31/2013
NV,Douglas Co. Jail - Valley,63,Local,,,,,12/31/2013
NV,Eastern Nevada Law Enforcement Adult Detention Facility,11,Indian Country,,,,,6/30/2016
NV,Elko Co. Jail,120,Local,,,,,12/31/2013
NV,Ely Conservation Camp,123,State,Horse & Cattle Camp Road,Ely,89301,White Pine,6/30/2012
NV,Ely State Prison,"1,030",State,4569 North State Rt. 490,Ely,89301,White Pine,6/30/2012
NV,Esmeralda Co. Jail,20,Local,,,,,12/31/2013
NV,Eureka Co. Jail,3,Local,,,,,12/31/2013
NV,Florence MCClure Women's Correctional Center,755,State,4370 Smiley Road,North Las Vegas,89115,Clark,6/30/2012
NV,Henderson Det. Ctr.,470,Local,,,,,12/31/2013
NV,High Desert State Prison,"3,145",State,22010 Cold Creek Road,Indian Springs,89070,,6/30/2012
NV,Humboldt Conservation Camp,113,State,8105 Conversation Road,Winnemucca,89446,,6/30/2012
NV,Humboldt County Detention Center,53,Local,,,,,12/31/2013
NV,Jean Conservation Camp,160,State,3 Prison Road,Jean,89019,Clark,6/30/2012
NV,Lander Co. Jail,10,Local,,,,,12/31/2013
NV,Las Vegas Community Correctional Center - Geo Group,100,Private,2901 Industrial Road,Las Vegas,89109,Clark,6/30/2012
NV,Las Vegas Det. Ctr.,663,Local,,,,,12/31/2013
NV,Lincoln Co. Det. Ctr.,96,Local,,,,,12/31/2013
NV,Lovelock Correctional Center,"1,643",State,1200 Prison Road,Lovelock,89419,Pershing,6/30/2012
NV,Lyon Co. Jail,71,Local,,,,,12/31/2013
NV,Mineral Co. Det. Fac.,21,Local,,,,,12/31/2013
NV,Northern Nevada Correctional Center,"1,466",State,1721 E Snyder Ave,Carson City,89701,Carson City,6/30/2012
NV,Northern Nevada Restitution Center,96,State,2595 E 2Nd Street,Reno,89502,Washoe,6/30/2012
NV,Pahrump Detention Center,123,Local,,,,,12/31/2013
NV,Pioche Conservation Camp,169,State,1 Hardtimes Road,Pioche,89043,Lincoln,6/30/2012
NV,Southern Desert Correctional Center,"2,034",State,20825 Cold Creek Road,Indian Springs,89070,,6/30/2012
NV,Stewart Conservation Camp,353,State,1721 E Snyder Ave,Carson City,89702,Carson City,6/30/2012
NV,Storey Co. Jail,7,Local,,,,,12/31/2013
NV,Three Lakes Valley Conservation Camp,182,State,20825 Cold Creek Road,Indian Springs,89070,,6/30/2012
NV,Three Lakes Vally Boot Camp,58,State,20825 Cold Creek Road,Indian Springs,89070,,6/30/2012
NV,Tonopah Conservation Camp,134,State,100 Conversation Road,Tonopah,89049,Nye,6/30/2012
NV,Tonopah Detention Facility,25,Local,,,,,12/31/2013
NV,Warm Springs Correctional Center,542,State,3301 E 5Th Street,Carson City,89701,Carson City,6/30/2012
NV,Washoe County Detention Center,"1,080",Local,,,,,12/31/2013
NV,Wells Conservation Camp,137,State,Hc 67-50,Wells,89835,Elko,6/30/2012
NV,White Pine Co. Jail,22,Local,,,,,12/31/2013
NY,Adirondack Correctional Facility,358,State,196 Ray Brook Road,Raybrook,12977,Essex,6/30/2012
NY,Albany Co. Corr. Fac.,774,Local,,,,,12/31/2013
NY,Albion Correctional Facility,879,State,3595 State School Road,Albion,14411,Orleans,6/30/2012
NY,Allegany Co. Jail,129,Local,,,,,12/31/2013
NY,Altona Correctional Facility,414,State,555 Devils Den Road,Altona,12910,Clinton,6/30/2012
NY,Attica Correctional Facility,"2,149",State,639 Exchange Street,Attica,14011,,6/30/2012
NY,Auburn Correctional Facility,"1,654",State,135 State Street,Auburn,13024,Cayuga,6/30/2012
NY,Bare Hill Correctional Facility,"1,668",State,181 Brand Road,Malone,12953,Franklin,6/30/2012
NY,Bayview Correctional Facility,165,State,550 West 20Th Street,New York,10011,New York,6/30/2012
NY,Beacon Correctional Facility,112,State,50 Camp Beacon Road,Beacon,12508,Dutchess,6/30/2012
NY,Bedford Hills Correctional Facility,758,State,247 Harris Road,Bedford Hills,10507,Westchester,6/30/2012
NY,Bellevue Hospital Prison Ward,68,Local,,,,,12/31/2013
NY,Bronx Comm Corr,150,Private,2534 Creston Ave,Bronx,10468,Bronx,6/30/2012
NY,Brooklyn Detention Complex,634,Local,,,,,12/31/2013
NY,Brooklyn Mdc,"1,734",Federal,80 29Th Street,Brooklyn,11232,Kings,4/2/2020
NY,Broome Co. Sheriffs Corr. Fac.,506,Local,,,,,12/31/2013
NY,Buffalo Halfway House,44,Private,115 Glenwood Ave,Buffalo,14209,Erie,6/30/2012
NY,Butler Correctional Facility,207,State,14001 Westbury Cutoff Rd.,Red Creek,13143,,6/30/2012
NY,Cape Vincent Correctional Facility,868,State,36560 State Route 12E,Cape Vincent,13618,Jefferson,6/30/2012
NY,Cattaraugus Co. Jail,129,Local,,,,,12/31/2013
NY,Cayuga Co. Jail,191,Local,,,,,12/31/2013
NY,Cayuga Correctional Facility,"1,046",State,2202 State Route 38A,Moravia,13118,Cayuga,6/30/2012
NY,Chateaugay Correctional Treatment Facility,204,State,7874 State Route 11,Chateaugay,12920,Franklin,6/30/2012
NY,Chautauqua Co. Jail,279,Local,,,,,12/31/2013
NY,Chenango Co. Jail,118,Local,,,,,12/31/2013
NY,Clinton Co. Jail,205,Local,,,,,12/31/2013
NY,Clinton Correctional Facilty,"2,795",State,1156 Rt. 374,Dannemora,12929,Clinton,6/30/2012
NY,Collins Correctional Facility,"1,070",State,Middle Road,Collins,14034,Erie,6/30/2012
NY,Columbia Co. Jail,105,Local,,,,,12/31/2013
NY,Cortland Co. Corr. Fac.,73,Local,,,,,12/31/2013
NY,Coxsackie Correctional Facility,"1,024",State,11260 Route 9W,Coxsackie,12051,Greene,6/30/2012
NY,Delaware Co. Jail,80,Local,,,,,12/31/2013
NY,Downstate Correctional Facility,"1,200",State,121 Red Schoolhouse Road,Fishkill,12524,Dutchess,6/30/2012
NY,Dutchess Co. Jail,278,Local,,,,,12/31/2013
NY,Eastern Ny Correctional Facility,970,State,30 Institution Road,Napanoch,12458,,6/30/2012
NY,Edgecombe Correctional Facility,107,State,611 Edgecombe Avenue,New York,10032,New York,6/30/2012
NY,Elmhurst Hospital Prison Ward,12,Local,,,,,12/31/2013
NY,Elmira Correctional Facility,"1,767",State,1879 Davis Street,Elmira,14901,Chemung,6/30/2012
NY,Essex County Correctional Facility,85,Local,,,,,12/31/2013
NY,Fishkill Correctional Facilty,"1,663",State,18 Strack Drive,Beacon,12508,Dutchess,6/30/2012
NY,Five Points Correctional Facility,"1,397",State,6600 State Route 96,Romulus,14541,Seneca,6/30/2012
NY,Franklin Co. Jail,121,Local,,,,,12/31/2013
NY,Franklin Correctional Facility,"1,708",State,62 Bare Hill Road,Malone,12953,Franklin,6/30/2012
NY,Fulton Co. Jail,111,Local,,,,,12/31/2013
NY,Genesee Co. Jail,70,Local,,,,,12/31/2013
NY,Gouverneur Correctional Facility,983,State,112 Scotch Settlement Road,Gouverneur,13642,St Lawrence,6/30/2012
NY,Gowanda Correctional Facility,"1,503",State,South Road,Gowanda,14070,,6/30/2012
NY,Great Meadow Correctional Facility,"1,634",State,11739 State Route 22,Comstock,12821,Washington,6/30/2012
NY,Green Haven Correctional Facility,"2,018",State,594 Route 216,Stormville,12582,Dutchess,6/30/2012
NY,Greene Co. Jail,46,Local,,,,,12/31/2013
NY,Greene Correctional Facility,"1,776",State,165 Plank Road,Coxsackie,12051,Greene,6/30/2012
NY,Groveland Correctional Facility,"1,063",State,7000 Sonyea Road,Sonyea,14556,Livingston,6/30/2012
NY,Hale Creek Asa Treatment Center,326,State,279 Maloney Road,Johnstown,12095,Fulton,6/30/2012
NY,Hamilton Co. Jail,4,Local,,,,,12/31/2013
NY,Herkimer Co. Corr. Fac.,26,Local,,,,,12/31/2013
NY,Hudson Correctional Facility,400,State,50 East Court Street,Hudson,12534,Columbia,6/30/2012
NY,Jefferson Co. Corr. Fac.,135,Local,,,,,12/31/2013
NY,Lakeview Shock Incarceration Cf,928,State,9300 Lake Avenue,Brocton,14716,Chautauqua,6/30/2012
NY,Lewis Co. Jail,34,Local,,,,,12/31/2013
NY,Lincoln Correctional Facility,142,State,31-33 West 110Th Street,New York,10026,New York,6/30/2012
NY,Livingston Co. Jail,129,Local,,,,,12/31/2013
NY,Livingston Correctional Facility,836,State,7005 Sonyea Road,Sonyea,14556,Livingston,6/30/2012
NY,Madison Co. Jail,87,Local,,,,,12/31/2013
NY,Manhattan Detention Center,745,Local,,,,,12/31/2013
NY,Marcy Correctional Facility,"1,184",State,9000 Old River Rd.,Marcy,13403,Oneida,6/30/2012
NY,Mid State Correctional Facility,"1,593",State,9005 Old River Road,Marcy,13403,Oneida,6/30/2012
NY,Mohawk Correctional Facility,"1,421",State,6514 Rt. 26,Rome,13440,Oneida,6/30/2012
NY,Monroe County Jail,"1,369",Local,,,,,12/31/2013
NY,Monterey Shock Incarceration Facility,204,State,2150 Evergreen Hill Road,Beaver Damns,14812,,6/30/2012
NY,Montgomery Co. Jail,181,Local,,,,,12/31/2013
NY,Moriah Shock Incarceration Correctional Facility,183,State,75 Burt Hart Lane,Mineville,12956,Essex,6/30/2012
NY,Mt. Mcgregor Correctional Facility,413,State,1000 Mt. Mcgregor Road,Wilton,12831,Saratoga,6/30/2012
NY,Nassau County Correctional Center,"1,254",Local,,,,,12/31/2013
NY,New York City - West Facility,45,Local,,,,,12/31/2013
NY,New York City Anna M. Kross Center,"2,221",Local,,,,,12/31/2013
NY,New York City Eric M. Taylor Center,"1,357",Local,,,,,12/31/2013
NY,New York City George Motchan Center,"1,600",Local,,,,,12/31/2013
NY,New York City George R. Vierno Center,921,Local,,,,,12/31/2013
NY,New York City Obcc-Nic,"1,530",Local,,,,,12/31/2013
NY,New York City Rose M. Singer Center,784,Local,,,,,12/31/2013
NY,New York MCC,738,Federal,150 Park Row,New York,10007,New York,4/2/2020
NY,Niagara County Correctional Facility,440,Local,,,,,12/31/2013
NY,Ogdensburg Correctional Facility,373,State,One Correction Way,Ogdensburg,13669,St Lawrence,6/30/2012
NY,Oneida Co. Corr. Fac.,420,Local,,,,,12/31/2013
NY,Onondaga Co. Dept. of Corr.,536,Local,,,,,12/31/2013
NY,Onondaga County Justice Center,626,Local,,,,,12/31/2013
NY,Ontario Co. Jail,222,Local,,,,,12/31/2013
NY,Orange Co. Jail,590,Local,,,,,12/31/2013
NY,Orleans Co. Jail,68,Local,,,,,12/31/2013
NY,Orleans Correctional Facility,986,State,3595 Gaines Basin Road,Albion,14411,Orleans,6/30/2012
NY,Oswego Co. Corr. Fac.,153,Local,,,,,12/31/2013
NY,Otisville Camp,126,Federal,Two Mile Drive,Otisville,10963,Orange,6/30/2012
NY,Otisville Correctional Facility,593,State,57 Sanitorium Road,Otisville,10963,Orange,6/30/2012
NY,Otisville FCI,"1,116",Federal,Two Mile Drive,Otisville,10963,Orange,6/30/2012
NY,Otisville FCI,562,Federal,Two Mile Drive,Otisville,10963,Orange,4/2/2020
NY,Otisville-Camp,118,Federal,Two Mile Drive,Otisville,10963,Orange,4/2/2020
NY,Otsego County Jail,70,Local,,,,,12/31/2013
NY,Putnam County Correctional Facility,116,Local,,,,,12/31/2013
NY,Queensboro Correctional Facility,203,State,47-04 Van Dam Street,Long Island City,11101,Queens,6/30/2012
NY,Ray Brook FCI,"1,194",Federal,128 Ray Brook Road,Ray Brook,12977,Essex,6/30/2012
NY,Ray Brook FCI,606,Federal,128 Ray Brook Road,Ray Brook,12977,Essex,4/2/2020
NY,Rensselaer County Jail,281,Local,,,,,12/31/2013
NY,Riverview Correctional Facility,856,State,1110 Tibbits Drive,Ogdensburg,13669,St Lawrence,6/30/2012
NY,Robert N. Davoren Center Complex,980,Local,,,,,12/31/2013
NY,Rochester Correctional Facility,73,State,470 Ford Street,Rochester,14608,Monroe,6/30/2012
NY,Rockland County Correctional Center,241,Local,,,,,12/31/2013
NY,Saratoga County Correctional Facility,187,Local,,,,,12/31/2013
NY,Schenectady County Jail,330,Local,,,,,12/31/2013
NY,Schuyler County Jail,25,Local,,,,,12/31/2013
NY,Seneca County Law Enforcement Center,79,Local,,,,,12/31/2013
NY,Shawangunk Correctional Facility,528,State,200 Quick Road,Wallkill,12589,,6/30/2012
NY,Sing Sing Correctional Facility,"1,662",State,354 Hunter Street,Ossining,10562,Westchester,6/30/2012
NY,Southport Correctional Facility,878,State,236 Bob Masia Drive,Pine City,14871,,6/30/2012
NY,St. Lawrence County Jail,162,Local,,,,,12/31/2013
NY,Steuben County Jail,189,Local,,,,,12/31/2013
NY,Suffolk County Correctional Facility,903,Local,,,,,12/31/2013
NY,Suffolk County Correctional Facility - Yaphank,662,Local,,,,,12/31/2013
NY,Sullivan Correctional Facility,500,State,325 Riverside Drive,Fallsburg,12733,Sullivan,6/30/2012
NY,Sullivan County Jail,170,Local,,,,,12/31/2013
NY,Syracuse Pavillion,36,Private,701 Erie Blvd East,Syracuse,13210,Onondaga,6/30/2012
NY,Taconic Correctional Facility,315,State,250 Harris Road,Bedford Hills,10507,Westchester,6/30/2012
NY,Tioga County Jail,86,Local,,,,,12/31/2013
NY,Tompkins County Jail,70,Local,,,,,12/31/2013
NY,Ulster Correctional Facility,843,State,750 Berme Road,Napanoch,12458,,6/30/2012
NY,Ulster County Jail,341,Local,,,,,12/31/2013
NY,Upstate Correctional Facility,"1,284",State,309 Bare Hill Road,Malone,12953,Franklin,6/30/2012
NY,Vernon C. Bain Center,791,Local,,,,,12/31/2013
NY,Volunteers of America - Binghamton Residential Re-Entry Center,8,Private,295 Clinton Street,Binghamton,13905,Broome,6/30/2012
NY,Volunteers of America - Rochester,40,Private,175 Ward Street,Rochester,14605,Monroe,6/30/2012
NY,Walkill Correctional Facility,571,State,50 Mckendrick Road,Wallkill,12589,,6/30/2012
NY,Warren County Correctional Facility,114,Local,,,,,12/31/2013
NY,Washington Correctional Facility,773,State,72 Lock Eleven Lane,Comstock,12821,Washington,6/30/2012
NY,Washington County Correctional Facility,119,Local,,,,,12/31/2013
NY,Watertown Correctional Facility,594,State,23147 Swan Road,Watertown,13601,Jefferson,6/30/2012
NY,Wayne County Jail,108,Local,,,,,12/31/2013
NY,Wende Correctional Facility,891,State,3040 Wende Road,Alden,14004,,6/30/2012
NY,Westchester Department of Correction,"1,332",Local,,,,,12/31/2013
NY,Willard Drug Treatment Center,783,State,7116 County Route 132,Willard,14588,Seneca,6/30/2012
NY,Woodbourne Correctional Facility,826,State,99 Prison Road,Woodbourne,12788,Sullivan,6/30/2012
NY,Wyoming Correctional Facility,"1,621",State,3203 Dunbar Road,Attiva,14011,,6/30/2012
NY,Wyoming County Jail,61,Local,,,,,12/31/2013
NY,Yates County Jail,51,Local,,,,,12/31/2013
OH,Adams County Jail,59,Local,,,,,12/31/2013
OH,Allen Correctional Institution,"1,612",State,2338 N W St,Lima,45801,Allen,6/30/2012
OH,Allen County Jail,233,Local,,,,,12/31/2013
OH,Alvis House Cope Center Dayton,21,Private,42 Arnold Place,Dayton,45402,Montgomery,6/30/2012
OH,Alvis House Ohio Link - Toledo,30,Private,2012 Madison Ave,Toledo,43604,Lucas,6/30/2012
OH,Ashland County Jail,100,Local,,,,,12/31/2013
OH,Ashtabula County Jail,141,Local,,,,,12/31/2013
OH,Auglaize County Jail,53,Local,,,,,12/31/2013
OH,Beachwood City Jail,4,Local,,,,,12/31/2013
OH,Bedford Police Department Jail,6,Local,,,,,12/31/2013
OH,Belmont Correctional Institution,"2,682",State,68518 Bannock Road,St Clairsville,43950,Belmont,6/30/2012
OH,Belmont County Jail,104,Local,,,,,12/31/2013
OH,Brooklyn City Jail,8,Local,,,,,12/31/2013
OH,Brown County Jail,75,Local,,,,,12/31/2013
OH,Butler County Correctional Center,822,Local,,,,,12/31/2013
OH,Carroll County Jail,21,Local,,,,,12/31/2013
OH,Chillicothe Correctional Institution,"1,701",State,15802 State Route 104 N,Chillicothe,45601,Ross,6/30/2012
OH,Clark County Jail,208,Local,,,,,12/31/2013
OH,Clermont County Jail,335,Local,,,,,12/31/2013
OH,Cleveland House of Correction,193,Local,,,,,12/31/2013
OH,Clinton County Jail,72,Local,,,,,12/31/2013
OH,Columbiana County Jail - Cec,129,Local,,,,,12/31/2013
OH,Community Assessment & Treatment Services,120,Local,8415 Broadway Ave,Cleveland,44127,Cuyahoga,6/30/2012
OH,Community Transitions Center,63,Private,151 E Hubert Avenue,Lancaster,43130,Fairfield,6/30/2012
OH,Community Treatment & Correction Center,40,Private,1432 Tuscarawas Street East,Canton,44707,Stark,6/30/2012
OH,Correction Center of Northwest Ohio,563,Local,,,,,12/31/2013
OH,Correctional Reception Center,"1,701",State,11271 State Route 762,Orient,43146,,6/30/2012
OH,Coshocton County Jail,62,Local,,,,,12/31/2013
OH,Crawford County Jail,114,Local,,,,,12/31/2013
OH,Cuyahoga County Correctional Center,"1,897",Local,,,,,12/31/2013
OH,Darke County Jail,39,Local,,,,,12/31/2013
OH,Dayton Correctional Institution,860,State,4104 Germantown St,Dayton,45417,Montgomery,6/30/2012
OH,Delaware County Jail,241,Local,,,,,12/31/2013
OH,East Cleveland City Jail,15,Local,,,,,12/31/2013
OH,Elkton FCI,"2,119",Federal,8730 Scroggs Road,Elkton,44432,Columbiana,6/30/2012
OH,Elkton FCI,"2,035",Federal,8730 Scroggs Road,Lisbon,44432,Columbiana,4/2/2020
OH,Elkton Fsl,464,Federal,8730 Scroggs Road,Elkton,44432,Columbiana,6/30/2012
OH,Elkton-Fsl,421,Federal,8730 Scroggs Road,Lisbon,44432,Columbiana,4/2/2020
OH,Erie County Jail,110,Local,,,,,12/31/2013
OH,Euclid City Jail,3,Local,,,,,12/31/2013
OH,Fairfield County Jail Complex,267,Local,,,,,12/31/2013
OH,Fayette County Jail,60,Local,,,,,12/31/2013
OH,Franklin Co. Community Based Correctional Facility,202,Local,,,,,12/31/2013
OH,Franklin County Correctional Center,"1,771",Local,,,,,12/31/2013
OH,Franklin County Correctional Center Ii,84,Local,,,,,12/31/2013
OH,Franklin Medical Center,523,State,1800 Harmon Avenue,Columbus,43223,Franklin,6/30/2012
OH,Gallia County Jail,18,Local,,,,,12/31/2013
OH,Gallia County Work Release Center,6,Local,,,,,12/31/2013
OH,Garfield Heights City Jail,7,Local,,,,,12/31/2013
OH,Geauga County Jail,121,Local,,,,,12/31/2013
OH,Glenwood Jail Facility,45,Local,,,,,12/31/2013
OH,Grafton Correctional Institution,"1,886",State,2500 South Avon Belden Road,Grafton,44044,Lorain,6/30/2012
OH,Greene County Adult Detention Center,101,Local,,,,,12/31/2013
OH,Greene County Jail,137,Local,,,,,12/31/2013
OH,Guernsey County Jail,76,Local,,,,,12/31/2013
OH,Hamilton County Justice Center,"1,252",Local,,,,,12/31/2013
OH,Hamilton County Reading Road Facility,156,Local,,,,,12/31/2013
OH,Hamilton County Turning Point Facility,49,Local,,,,,12/31/2013
OH,Hancock County Justice Center,93,Local,,,,,12/31/2013
OH,Harrison County Jail,8,Local,,,,,12/31/2013
OH,Highland County Jail,65,Local,,,,,12/31/2013
OH,Highland Heights Police Department,2,Local,,,,,12/31/2013
OH,Hocking Correctional Facility,451,State,16759 Snake Hollow Road,Nelsonville,45764,,6/30/2012
OH,Holmes County Jail,30,Local,,,,,12/31/2013
OH,Huron County Jail,104,Local,,,,,12/31/2013
OH,Jackson County Correctional Facility,50,Local,,,,,12/31/2013
OH,Jefferson County Jail,95,Local,,,,,12/31/2013
OH,Knox County Jail,58,Local,,,,,12/31/2013
OH,Lake County Adult Detention Maximum Security,384,Local,,,,,12/31/2013
OH,Lake Erie Correctional Institution,"1,757",Private,501 Thompson Road,Conneaut,44030,Ashtabula,6/30/2012
OH,Lakewood City Jail,5,Local,,,,,12/31/2013
OH,Lawrence County Jail,65,Local,,,,,12/31/2013
OH,Lebanon Correctional Institution,"2,585",State,3791 State Route 63,Lebanon,45036,Warren,6/30/2012
OH,Licking County Jail,182,Local,,,,,12/31/2013
OH,Logan County Jail,73,Local,,,,,12/31/2013
OH,London Correctional Institution,"2,249",State,1580 State Route 56,London,43140,Madison,6/30/2012
OH,Lorain Correctional Institution,"1,428",State,2075 South Avon Belden Road,Grafton,44044,Lorain,6/30/2012
OH,Lorain County Jail,418,Local,,,,,12/31/2013
OH,Lucas County Correctional Center,439,Local,,,,,12/31/2013
OH,Madison Correctional Institution,"2,310",State,1851 State Route 56,London,43140,Madison,6/30/2012
OH,Mahoning County Justice Center,507,Local,,,,,12/31/2013
OH,Manfield Volunteers of America,107,State,290 N Main Street,Mansfield,44902,Richland,6/30/2012
OH,Mansfield Correctional Institution,"2,477",State,1150 N Main Street,Mansfied,44901,Richland,6/30/2012
OH,Maple Heights City Jail,12,Local,,,,,12/31/2013
OH,Marion Correctional Institution,"2,570",State,970 Marion-Williamsport Road,Marion,43302,Marion,6/30/2012
OH,Mayfield Heights City Jail,3,Local,,,,,12/31/2013
OH,Medina County Jail,203,Local,,,,,12/31/2013
OH,Mercer County Jail,55,Local,,,,,12/31/2013
OH,Miami County Incarceration Facility,42,Local,,,,,12/31/2013
OH,Miami County Jail,77,Local,,,,,12/31/2013
OH,Middleburg City Jail,3,Local,,,,,12/31/2013
OH,Middletown City Jail,55,Local,,,,,12/31/2013
OH,Monroe County Jail,N/A,Local,,,,,12/31/2013
OH,Montgomery County Jail,841,Local,,,,,12/31/2013
OH,Morrow County Correctional Facility,86,Local,,,,,12/31/2013
OH,Multi County Correctional Ctr,165,Local,,,,,12/31/2013
OH,Muskingham County Jail,166,Local,,,,,12/31/2013
OH,Noble Correctional Institution,"2,390",State,15708 Mcconnelsville Road,Caldwell,43724,Noble,6/30/2012
OH,Noble County Jail,20,Local,,,,,12/31/2013
OH,North Central Correctional Complex,"2,664",Private,670 Marion-Williamsport Road,Marion,43302,Marion,6/30/2012
OH,North Olmsted City Jail,2,Local,,,,,12/31/2013
OH,North Royalton City Jail,9,Local,,,,,12/31/2013
OH,Northeast Ohio Corr Ctr CI,"1,506",Private,2240 Hubbard Rd.,Youngstown,44505,,6/30/2012
OH,Northeast Pre-Release Center,533,State,2675 E 30Th Street,Cleveland,44115,Cuyahoga,6/30/2012
OH,Ohio Reformatory For Women,"2,316",State,1479 Collins Avenue,Marysville,43040,Union,6/30/2012
OH,Ohio State Penitentiary,602,State,878 Coitsville-Hubbard Rd,Youngstown,44505,,6/30/2012
OH,Oriana House Community Corrections & Transitional Center,190,Private,1829 East 55T Street,Cleveland,44103,Cuyahoga,6/30/2012
OH,Oriana House Rip/Gwj,229,Private,40 East Glenwood Ave,Akron,44304,Summit,6/30/2012
OH,Oriana House Tmrc,122,Private,55 E Glenwood Ave,Akron,44304,Summit,6/30/2012
OH,Ottawa County Detention Facility,89,Local,,,,,12/31/2013
OH,Parma Detention Center,22,Local,,,,,12/31/2013
OH,Pickaway Correctional Institution,"2,186",State,11781 State Route 762,Orient,43146,,6/30/2012
OH,Pickaway County Jail,125,Local,,,,,12/31/2013
OH,Preble County Jail,65,Local,,,,,12/31/2013
OH,Putnam County Jail,53,Local,,,,,12/31/2013
OH,Rcc Center,217,Local,,,,,12/31/2013
OH,Residential Corrections Center,56,Private,222 Power Street,Akron,44304,Summit,6/30/2012
OH,Richland Correctional Institution,"2,538",State,1001 Olivesburg Road,Mansfied,44905,Richland,6/30/2012
OH,Richland County Jail,231,Local,,,,,12/31/2013
OH,Richmond Heights City Jail,6,Local,,,,,12/31/2013
OH,Ross Correctional Institution,"2,191",State,16149 State Route 104,Chillicothe,45601,Ross,6/30/2012
OH,Ross County Jail,162,Local,,,,,12/31/2013
OH,Salvation Army - Harbor Light,206,Private,170 Prospect Ave,Cleveland,,,6/30/2012
OH,Sandusky County Jail,73,Local,,,,,12/31/2013
OH,Scioto County Jail,164,Local,,,,,12/31/2013
OH,Secure Transitional offender Program,42,Local,1945 S Gettysburg Ave,Dayton,45417,Montgomery,6/30/2012
OH,Seneca County Sheriffs office,148,Local,,,,,12/31/2013
OH,Shaker Heights Jail,8,Local,,,,,12/31/2013
OH,Shelby County Jail,100,Local,,,,,12/31/2013
OH,Solon Detention Facility,20,Local,,,,,12/31/2013
OH,South Euclid City Jail,3,Local,,,,,12/31/2013
OH,Southeastern Correctional Institution,"1,549",State,5900 B.I.S. Road,Lancaster,43130,Fairfield,6/30/2012
OH,Southeastern Ohio Regional Jail,188,Local,,,,,12/31/2013
OH,Southern Ohio Correctional Facility,"1,256",State,1724 St. Rt. 728,Lucasville,45699,Scioto,6/30/2012
OH,Special Housing Adjustment Residential Program,10,Private,55 E. Glenwood Avenue,Akron,44304,Summit,6/30/2012
OH,Stark County Jail,429,Local,,,,,12/31/2013
OH,Strongsville City Jail,4,Local,,,,,12/31/2013
OH,Struthers City Jail,3,Local,,,,,12/31/2013
OH,Summit County Jail,254,Local,,,,,12/31/2013
OH,Talbert House Pathways For Women,60,Private,1616 Harrison Ave,Cincinnati,45214,Hamilton,6/30/2012
OH,Talbert House Serenity Hall,35,Private,439 South Second Street,Hamilton,45011,Butler,6/30/2012
OH,Talbert House- Cornerstone,52,Private,2216 Vine St.,Cincinnati,45219,Hamilton,6/30/2012
OH,Talbert House- Spring Grove Center,83,Private,3129 Spring Groove Ave,Cincinnati,45225,Hamilton,6/30/2012
OH,Toledo Correctional Institution,"1,446",State,2001 East Central Avenue,Toledo,43608,Lucas,6/30/2012
OH,Tri-County Regional Jail,161,Local,,,,,12/31/2013
OH,Trumbull Correctional Institution,"1,069",State,5701 Burnett Road,Leavittsburg,44430,Trumbull,6/30/2012
OH,Trumbull County Jail,303,Local,,,,,12/31/2013
OH,Tuscarawas County Jail,102,Local,,,,,12/31/2013
OH,University Heights City Jail,2,Local,,,,,12/31/2013
OH,Volunteers of America Northwest Ohio,150,Private,1201 Champlain Street,Toledo,43604,Lucas,6/30/2012
OH,Volunteers of America of Greater Ohio - Dayton,95,Joint Stat,1931 S. Gettysburg,Dayton,45408,,6/30/2012
OH,Warren Correctional Institution,"1,423",State,5787 State Route 63,Lebanon,45036,Warren,6/30/2012
OH,Warren County Jail,276,Local,,,,,12/31/2013
OH,Washington County Jail,101,Local,,,,,12/31/2013
OH,Wayne County Jail,112,Local,,,,,12/31/2013
OH,Westlake City Jail,6,Local,,,,,12/31/2013
OH,Wood County Justice Center,138,Local,,,,,12/31/2013
OH,Wyandot County Jail,21,Local,,,,,12/31/2013
OH,Zanesville City Jail,49,Local,,,,,12/31/2013
OK,Alfalfa County Jail,8,Local,,,,,12/31/2013
OK,Altus Work Center,109,State,301 W Broadway,Altus,73521,Jackson,6/30/2012
OK,Ardmore Community Work Center,97,State,316 Grumman,Ardmore,73401,Carter,6/30/2012
OK,Atoka County Jail,57,Local,,,,,12/31/2013
OK,Avalon Correctional Center,227,Private,302 W Archer Street,Tulsa,74103,Tulsa,6/30/2012
OK,Beaver Work Center,44,State,215 Avenue E.,Beaver,73932,Beaver,6/30/2012
OK,Beaver County Jail,26,Local,,,,,12/31/2013
OK,Beckham County Jail,100,Local,,,,,12/31/2013
OK,Blaine County Jail,36,Local,,,,,12/31/2013
OK,"Bridgeway, Inc",89,Private,620 W Grand St,Ponca City,74601,Kay,6/30/2012
OK,Bristow Police Department,3,Local,,,,,12/31/2013
OK,Broken Arrow City Jail,15,Local,,,,,12/31/2013
OK,Bryan County Jail,127,Local,,,,,12/31/2013
OK,Caddo County Jail,115,Local,,,,,12/31/2013
OK,Canadian County Jail,184,Local,,,,,12/31/2013
OK,Carnegie City Jail,3,Local,,,,,12/31/2013
OK,Carter County Community Work Center,97,State,5268 Sant Fe Road,Wilson,73463,,6/30/2012
OK,Carter County Jail,188,Local,,,,,12/31/2013
OK,Carver Transitional Center,198,Private,400 S. May Avenue,Oklahoma City,73108,Oklahoma,6/30/2012
OK,Catalyst Behavioral Services Cameo,39,Private,415 Nw 8Th Street,Oklahoma,73102,Oklahoma,6/30/2012
OK,Catalyst Behavioral Services Ivanhoe,89,Private,415 Nw 8Th Street,Oklahoma City,73102,Oklahoma,6/30/2012
OK,Catalyst Enid Halfway House,60,Private,1824 South Van Burden Street,Enid,73703,Garfield,6/30/2012
OK,"Center Point, Inc. Okc",168,Private,5245 S I-35 Service Rd.,Oklahoma City,73129,Oklahoma,6/30/2012
OK,"Center Point, Inc. Osage County",44,Private,1755 W 53Rd St. N,Tulsa,74126,,6/30/2012
OK,"Center Point, Inc. Tulsa",31,Private,3637 N. Lewis,Tulsa,74110,Tulsa,6/30/2012
OK,Charles Bill Johnson Correctional Center,581,State,1856 E Flynn St,Alva,73717,Woods,6/30/2012
OK,Checotah City Jail,1,Local,,,,,12/31/2013
OK,Cherokee County Jail,141,Local,,,,,12/31/2013
OK,CImarron Correctional Facility - CCA,658,Private,3200 S Kings Hwy,Cushing,74023,,6/30/2012
OK,CImarron County Jail,6,Local,,,,,12/31/2013
OK,Clara Waters Community Corrections,285,State,9901 N I-35 Service Road,Oklahoma City,73131,Oklahoma,6/30/2012
OK,Cleveland County Detention Center,453,Local,,,,,12/31/2013
OK,Clinton City Jail,5,Local,,,,,12/31/2013
OK,Coal County Jail,15,Local,,,,,12/31/2013
OK,Comanche County Detention Center,292,Local,,,,,12/31/2013
OK,Cotton County Jail,45,Local,,,,,12/31/2013
OK,Craig County Jail,73,Local,,,,,12/31/2013
OK,Creek County Jail,286,Local,,,,,12/31/2013
OK,Custer County Jail,142,Local,,,,,12/31/2013
OK,David L. Moss Criminal Justice Center,"1,777",Local,,,,,12/31/2013
OK,Davis Community Work Center,81,State,3297 N 369 Road,Holdenville,74848,Hughes,6/30/2012
OK,Davis Correctional Facility - CCA,"1,610",Private,6888 East 133Rd Road,Holdenville,74848,Hughes,6/30/2012
OK,Delaware County Jail,89,Local,,,,,12/31/2013
OK,Dewey County Jail,42,Local,,,,,12/31/2013
OK,Dick Conner Correctional Center,"1,195",State,129 Conner Road,Hominy,74035,Osage,6/30/2012
OK,Eddie Warrior Correctional Center,757,State,400 Oak Street,Taft,74463,Muskogee,6/30/2012
OK,El Reno FCI,"1,019",Federal,4205 Highway 66 West,El Reno,73036,Canadian,6/30/2012
OK,El Reno FCI,972,Federal,4205 Highway 66 West,El Reno,73036,Canadian,4/2/2020
OK,El Reno-Camp,259,Federal,4205 Highway 66 West,El Reno,73036,Canadian,6/30/2012
OK,El Reno-Camp,247,Federal,4205 Highway 66 West,El Reno,73036,Canadian,4/2/2020
OK,Elk City Community Work Center,90,State,1309 Airport Industrial Road,Elk City,73648,,6/30/2012
OK,Elk City Jail,12,Local,,,,,12/31/2013
OK,Ellis County Jail,8,Local,,,,,12/31/2013
OK,Enid Community Corrections Center,49,State,2020 E. Maine Avenue,Enid,73701,Garfield,6/30/2012
OK,Frederick Community Work Center,105,State,"18205 County Road, Ns 215",Frederick,73542,Tillman,6/30/2012
OK,Garfield County Jail,240,Local,,,,,12/31/2013
OK,Garvin County Jail,82,Local,,,,,12/31/2013
OK,Grant County Jail,25,Local,,,,,12/31/2013
OK,Great Plains CI,"1,745",Private,700 Sugar Creek Drive,Hinton,73047,,4/2/2020
OK,Harmon County Jail,15,Local,,,,,12/31/2013
OK,Harper County Jail,7,Local,,,,,12/31/2013
OK,Haskell County Jail,62,Local,,,,,12/31/2013
OK,Hillside Community Corrections Center,232,State,3300 Martin Luther King Avenue,Oklahoma City,73111,Oklahoma,6/30/2012
OK,Hillside Community Corrections Center,88,State,3200 Nw 39Th Street,Oklahoma City,73112,Oklahoma,6/30/2012
OK,Hobart Community Work Center,83,State,311 S Washington Street,Hobart,73651,Kiowa,6/30/2012
OK,Hollis Community Work Center,98,State,105 W Jones Street,Hollis,73550,Harmon,6/30/2012
OK,Howard Mcleod Correctional Center,616,State,1970 E Whippoorwill Lane,Atoka,74525,Atoka,6/30/2012
OK,Hughes County Jail,45,Local,,,,,12/31/2013
OK,Idabel City Jail,7,Local,,,,,12/31/2013
OK,Idabel Community Work Center,82,State,1800 W Martin Luther King St.,Idabel,74745,McCurtain,6/30/2012
OK,Jackie Brannon Correctional Center,730,State,900 N West Street,Mcalester,74502,,6/30/2012
OK,James Crabtree Correctional Center,806,State,3Rd And Murray,Helena,73741,Alfalfa,6/30/2012
OK,Jefferson County Jail,103,Local,,,,,12/31/2013
OK,Jess Dunn Correctional Center,982,State,601 South 124Th Street West,Taft,74463,Muskogee,6/30/2012
OK,Jim E Hamilton Correctional Center,701,State,53468 Mineral Springs Road,Hodgen,74939,Le Flore,6/30/2012
OK,John Lilley Correctional Center,824,State,105150 N. 3670 Road,Boley,74829,Okfuskee,6/30/2012
OK,Johnston County Jail,41,Local,,,,,12/31/2013
OK,Joseph Harp Correctional Center,"1,373",State,16161 Moffat Road,Lexington,73051,Cleveland,6/30/2012
OK,Kingfisher County Jail,38,Local,,,,,12/31/2013
OK,Kiowa County Jail,30,Local,,,,,12/31/2013
OK,Latimer County Jail,26,Local,,,,,12/31/2013
OK,Lawton City Jail,66,Local,,,,,12/31/2013
OK,Lawton Community Corrections Center,151,State,605 Sw Coombs Rd,Lawton,73501,Comanche,6/30/2012
OK,Lawton Correctional Facility,"2,502",Private,8607 Se Flower Mound Road,Lawton,73501,Comanche,6/30/2012
OK,Le Flore County Jail,180,Local,,,,,12/31/2013
OK,Lexington Assessment & Reception Center,"1,415",State,15151 Highway 39,Lexington,73051,Cleveland,6/30/2012
OK,Lincoln County Jail,95,Local,,,,,12/31/2013
OK,Logan County Jail,154,Local,,,,,12/31/2013
OK,Love County Jail,933,Local,,,,,12/31/2013
OK,Mabel Bassett Correctional Center,"1,030",State,29501 Kickapoo Road,Mcloud,74851,,6/30/2012
OK,Mack H. Alford Correctional Center,534,State,1151 North Highway 69,Stringtown,74569,Atoka,6/30/2012
OK,Madill Work Center,97,State,210 S. 11Th Street,Madill,73446,Marshall,6/30/2012
OK,Major County Jail,12,Local,,,,,12/31/2013
OK,Mangum Community Work Center,91,State,215 E Lincoln,Mangum,73554,Greer,6/30/2012
OK,Marshall County Jail,55,Local,,,,,12/31/2013
OK,MCClain County Jail,65,Local,,,,,12/31/2013
OK,MCCurtain County Jail,128,Local,,,,,12/31/2013
OK,Midwest City Jail,43,Local,,,,,12/31/2013
OK,Muldrow City Jail,2,Local,,,,,12/31/2013
OK,Murray County Jail,36,Local,,,,,12/31/2013
OK,Muskogee County/City Detention Center,314,Local,,,,,12/31/2013
OK,Noble County Jail,31,Local,,,,,12/31/2013
OK,North Fork Correctional Facility - CCA,"2,329",Private,1605 East Main,Sayre,73662,Beckham,6/30/2012
OK,Northeast Oklahoma Correctional Center,500,State,442606 E. 250 Road,Vinita,74301,,6/30/2012
OK,Nowata County Jail,56,Local,,,,,12/31/2013
OK,Okfuskee County Jail,34,Local,,,,,12/31/2013
OK,Oklahoma City Community Correctional Center,218,State,315 W I-44 Service Road,Oklahoma City,73118,Oklahoma,6/30/2012
OK,Oklahoma City Ftc,"1,357",Federal,7410 S. Macarthur Blvd,Oklahoma City,73169,,6/30/2012
OK,Oklahoma City Ftc,"1,362",Federal,7410 S. Macarthur Blvd,Oklahoma City,73169,,4/2/2020
OK,Oklahoma Halfway House,44,Private,517 Sw 2Nd Street,Oklahoma City,73109,Oklahoma,6/30/2012
OK,Oklahoma State Penitentiary,930,State,Corner Of West And Stonewall,Mcalester,74502,,6/30/2012
OK,Oklahoma State Reformatory,770,State,1700 East First Street,Granite,73547,Greer,6/30/2012
OK,Okmulgee County Jail,262,Local,,,,,12/31/2013
OK,Ottawa County Jail,135,Local,,,,,12/31/2013
OK,Pawnee County Jail,55,Local,,,,,12/31/2013
OK,Payne County Jail,187,Local,,,,,12/31/2013
OK,Ponca City Jail,6,Local,,,,,12/31/2013
OK,Pottawatomie Co. Public Safety Center Trust,331,Local,,,,,12/31/2013
OK,Pushmataha County Jail,17,Local,,,,,12/31/2013
OK,Roger Mills County Jail,25,Local,,,,,12/31/2013
OK,Rogers County Jail,179,Local,,,,,12/31/2013
OK,Roland City Jail,2,Local,,,,,12/31/2013
OK,Sac And Fox Juvenile Detention Center,13,Indian Country,,,,,6/30/2016
OK,Sayre Work Center,63,State,1107 North Broadway Street,Sayre,73662,Beckham,6/30/2012
OK,Seminole County Jail,161,Local,,,,,12/31/2013
OK,Sequoyah County Jail,98,Local,,,,,12/31/2013
OK,Stephens County Jail,181,Local,,,,,12/31/2013
OK,Texas County Detention Center,60,Local,,,,,12/31/2013
OK,Tillman County Jail And Annex,89,Local,,,,,12/31/2013
OK,Turley Correctional Center,135,Private,6101 N Cincinnati Avenue,Tulsa,74126,,6/30/2012
OK,Union City Community Center,212,State,700 N State Hwy 81,Union City,73090,Canadian,6/30/2012
OK,Wagoner County Jail,96,Local,,,,,12/31/2013
OK,Walters Work Center,81,State,602 Sw Highland Avenue,Walters,73572,Cotton,6/30/2012
OK,Washington County Jail,203,Local,,,,,12/31/2013
OK,Washita County Jail,55,Local,,,,,12/31/2013
OK,Waurika Community Work Center,56,State,107 West Anderson,Waurika,73573,Jefferson,6/30/2012
OK,Weatherford City Jail,3,Local,,,,,12/31/2013
OK,William Key Correctional Center,"1,081",State,One William S Key Blvd,Fort Supply,73841,Woodward,6/30/2012
OK,Woods County Jail,20,Local,,,,,12/31/2013
OK,Woodward County Jail,104,Local,,,,,12/31/2013
OK,Yukon City Jail,4,Local,,,,,12/31/2013
OR,Baker County Jail,36,Local,,,,,12/31/2013
OR,Benton County Jail,28,Local,,,,,12/31/2013
OR,Clackamas County Community Corrections Center,69,Local,,,,,12/31/2013
OR,Clackamas County Community Corrections Womens Center,29,Local,,,,,12/31/2013
OR,Clackamas County Jail,485,Local,,,,,12/31/2013
OR,Clatsop County Corrections Facility,64,Local,,,,,12/31/2013
OR,Coffee Creek Correctional Facility,554,State,24499 Sw Grahams Ferry Road,Wilsonville,97070,Clackamas,6/30/2012
OR,Coffee Creek Correctional Minimum,583,State,24499 Sw Grahams Ferry Road,Wilsonville,97070,Clackamas,6/30/2012
OR,Coffee Creek Intate Center,467,State,24499 Sw Grahams Ferry Road,Wilsonville,97070,Clackamas,6/30/2012
OR,Columbia County Jail,99,Local,,,,,12/31/2013
OR,Columbia River Correctional Institution,568,State,9111 Ne Sunderland Avenue,Portland,97211,Multnomah,6/30/2012
OR,Coos County Jail,86,Local,,,,,12/31/2013
OR,Cottage Grove City Jail,3,Local,,,,,12/31/2013
OR,Crook County Jail,15,Local,,,,,12/31/2013
OR,Curry County Jail,35,Local,,,,,12/31/2013
OR,Deer Ridge Correctional Minimum,768,State,3920 East Ashwood Road,Madras,97741,Jefferson,6/30/2012
OR,Deschutes County Correctional Facility,210,Local,,,,,12/31/2013
OR,Douglas County Corrections,228,Local,,,,,12/31/2013
OR,Eastern Oregon Correctional Institution,"1,657",State,2500 Westgate,Pendleton,97801,Umatilla,6/30/2012
OR,Grant County Jail,19,Local,,,,,12/31/2013
OR,Harney County Jail,15,Local,,,,,12/31/2013
OR,Jackson County Jail,234,Local,,,,,12/31/2013
OR,Jefferson County Jail,96,Local,,,,,12/31/2013
OR,Josephine County Adult Jail,112,Local,,,,,12/31/2013
OR,Junction City Jail,3,Local,,,,,12/31/2013
OR,Klamath County Jail,121,Local,,,,,12/31/2013
OR,Lake County Jail,9,Local,,,,,12/31/2013
OR,Lane County Adult Corrections Division,301,Local,,,,,12/31/2013
OR,Lincoln County Jail,161,Local,,,,,12/31/2013
OR,Linn County Jail,166,Local,,,,,12/31/2013
OR,Marion County Jail,396,Local,,,,,12/31/2013
OR,Marion County Work Center,144,Local,,,,,12/31/2013
OR,Mill Creek Correctional Facility,289,State,5465 Turner Road Se,Salem,97317,Marion,6/30/2012
OR,Multnomah County Detention Center,412,Local,,,,,12/31/2013
OR,Multnomah County Inverness Jail,820,Local,,,,,12/31/2013
OR,Northern Oregon Regional Corrections Facility,109,Local,,,,,12/31/2013
OR,Oregon State Correctional Institution,840,State,3405 Deer Park Dr Se,Salem,97310,Marion,6/30/2012
OR,Oregon State Penitentiary - Main,"2,091",State,2605 State Street,Salem,97310,Marion,6/30/2012
OR,Polk County Jail,125,Local,,,,,12/31/2013
OR,Powder River Correctional Facility,278,State,3600 13Th Street,Baker City,97814,Baker,6/30/2012
OR,Reedsport City Jail,N/A,Local,,,,,12/31/2013
OR,Santiam Correctional Institution,438,State,4005 Aumsville Highway Se,Salem,97317,Marion,6/30/2012
OR,Sheridan FCI,"1,276",Federal,27072 Ballston Road,Sheridan,97378,,6/30/2012
OR,Sheridan FCI,"1,269",Federal,27072 Ballston Road,Sheridan,97378,,4/2/2020
OR,Sheridan-Camp,471,Federal,27072 Ballston Road,Sheridan,97378,,6/30/2012
OR,Sheridan-Camp,535,Federal,27072 Ballston Road,Sheridan,97378,,4/2/2020
OR,Shutter Creek Correctional Institution,290,State,95200 Shutter's Landing Lane,North Bend,97459,Coos,6/30/2012
OR,Snake River Correctional Institution,"2,870",State,777 Stanton Blvd,Ontario,97914,Malheur,6/30/2012
OR,Snake River Correctional Minimum,193,State,777 Stanton Blvd,Ontario,97914,Malheur,6/30/2012
OR,South Fork Forest Camp,199,State,48300 Wilson River Highway,Tillamook,97141,Tillamook,6/30/2012
OR,Tillamook County Jail,98,Local,,,,,12/31/2013
OR,Two Rivers Correctional Institution,"1,574",State,82911 Beach Access Road,Umatilla,97882,Umatilla,6/30/2012
OR,Two Rivers Correctional Minimum,127,State,82911 Beach Access Road,Umatilla,97882,Umatilla,6/30/2012
OR,Umatilla County Jail,147,Local,,,,,12/31/2013
OR,Union County Correctional Facility,37,Local,,,,,12/31/2013
OR,Warm Springs Police Department And Adult Detention Center,36,Indian Country,,,,,6/30/2016
OR,Warner Creek Correctional Facility,397,State,20654 Rabbit Hill Road,Lakeview,97630,Lake,6/30/2012
OR,Washington County Jail,603,Local,,,,,12/31/2013
OR,Yamhill County Correctional Facility,163,Local,,,,,12/31/2013
PA,Adams Co. Adult Corr. Complex,294,Local,,,,,12/31/2013
PA,Adappt Treatment Services (218),70,Private,417-419 Walnut Street,Reading,19601,Berks,6/30/2012
PA,Alle- Kiski Pavilion (315),42,Private,1704 Fourth Avenue,Arnold,15068,,6/30/2012
PA,Allegheny County Treatment Alternative,47,Local,,,,,12/31/2013
PA,Allentown Center (202),48,State,608-610 Hamilton Mall,Allentown,18101,Lehigh,6/30/2012
PA,Allenwood Low FCI,"1,460",Federal,"Rt 15,2 Miles N Of Allenwood",White Deer,17887,Union,6/30/2012
PA,Allenwood Low FCI,"1,214",Federal,"Rt 15,2 Miles N Of Allenwood",Allenwood,17810,,4/2/2020
PA,Allenwood Med FCI,"1,344",Federal,"Rt 15, 2 Mi N Of Allenwood",White Deer,17810,,6/30/2012
PA,Allenwood Med FCI,"1,234",Federal,"Rt 15, 2 Mi N Of Allenwood",White Deer,17810,,4/2/2020
PA,Allenwood USP,"1,021",Federal,"Rt 15,2 Miles N Of Allenwood",Allenwood,17810,,6/30/2012
PA,Allenwood USP,653,Federal,"Rt 15,2 Miles N Of Allenwood",Allenwood,17810,,4/2/2020
PA,Armstrong Co. Jail,136,Local,,,,,12/31/2013
PA,Atkins House (206),7,Private,307 East King Street,York,17403,York,6/30/2012
PA,Bedford Co. Corr. Fac.,142,Local,,,,,12/31/2013
PA,Berks Co. Re-Entry (297),13,Local,1287 County Welfare Rd,Leesport,19533,Berks,6/30/2012
PA,Berks County Prison,"1,163",Local,,,,,12/31/2013
PA,Blair Co. Prison,286,Local,,,,,12/31/2013
PA,Bradford Co. Corr. Fac.,186,Local,,,,,12/31/2013
PA,Bucks Co. Correctional Facility,795,Local,,,,,12/31/2013
PA,Butler Co. Prison,368,Local,,,,,12/31/2013
PA,Cambria Co. Prison,487,Local,,,,,12/31/2013
PA,Canaan USP,"1,334",Federal,3057 Easton Turnpike,Waymart,18472,Wayne,6/30/2012
PA,Canaan USP,"1,198",Federal,3057 Eric J. Williams Memorial Drive,Waymart,18472,Wayne,4/2/2020
PA,Canaan-Camp,157,Federal,3057 Easton Turnpike,Waymart,18472,Wayne,6/30/2012
PA,Canaan-Camp,123,Federal,3057 Eric J. Williams Memorial Drive,Waymart,18472,Wayne,4/2/2020
PA,Capitol Pavilion Community Correction Center,35,Private,2012 North Forth Street,Harrisburg,17102,Dauphin,6/30/2012
PA,Carbon Co. Corr. Fac.,190,Local,,,,,12/31/2013
PA,Catholic Social Services,N/A,Private,409 Olive Street,Scranton,18509,Lackawanna,6/30/2012
PA,Centre Co. Corr. Fac.,262,Local,,,,,12/31/2013
PA,Chester Co. Prison,951,Local,,,,,12/31/2013
PA,Clarion County Correctional Facility,91,Local,,,,,12/31/2013
PA,Clearfield Co. Prison,149,Local,,,,,12/31/2013
PA,Clinton Co. Corr. Fac.,239,Local,,,,,12/31/2013
PA,Columbia Co. Prison,230,Local,,,,,12/31/2013
PA,Columbia Co. Re-Entry (294),10,Local,721 Iron St,Bloomsburg,17815,Columbia,6/30/2012
PA,Community Corrections Center,255,Local,,,,,12/31/2013
PA,Crawford Co. Corr. Fac,199,Local,,,,,12/31/2013
PA,Cumberland Co. Prison,389,Local,,,,,12/31/2013
PA,Dauphin Co. Prison,"1,226",Local,,,,,12/31/2013
PA,Drc (116),106,Private,3200 Henry Avenue,Philadelphia,19129,Philadelphia,6/30/2012
PA,Elk Co. Prison,67,Local,,,,,12/31/2013
PA,Erie Center (304),69,State,137 W 2Nd Street,Erie,16507,Erie,6/30/2012
PA,Erie Co. Prison,666,Local,,,,,12/31/2013
PA,Fayette Co. Prison,262,Local,,,,,12/31/2013
PA,Franklin Co. Jail,426,Local,,,,,12/31/2013
PA,Franklin Co. Re-Entry (292),3,Local,1804 Opportunity Ave,Chambersburg,17201,Franklin,6/30/2012
PA,Gateway- Braddock (321),33,Private,426 George Street,Braddock,15104,Allegheny,6/30/2012
PA,Gateway- Erie (322),9,Private,1928 Wagner Road,Erie,16510,Erie,6/30/2012
PA,Gateway- Sheffield Towers (324),8,Private,100 Superior Ave,Aliquippa,15001,Beaver,6/30/2012
PA,Gaudenzia - Siena House (225),22,Private,2101 N. Cameron Street,Harrisburg,17110,Dauphin,6/30/2012
PA,Gaudenzia Crossroads Hall- Erie (309),15,Private,414 West 5Th Street,Erie,16507,Erie,6/30/2012
PA,Gaudenzia- Concept 90 (227),9,Private,124 E. Azalea Drive,Harrisburg,17110,Dauphin,6/30/2012
PA,Gaudenzia- First (126),13,Private,1306 Spring Garden St,Philadelphia,19123,Philadelphia,6/30/2012
PA,Gaudenzia- Philly House (133),46,Private,2100 W Venango St,Philadelphia,19140,Philadelphia,6/30/2012
PA,Gaudenzia- West Chester (106),5,Private,1030 S. Concord Rd,West Chester,19382,Chester,6/30/2012
PA,George W. Hill Corr. Facility,"1,986",Local,,,,,12/31/2013
PA,Greene Co. Prison,93,Local,,,,,12/31/2013
PA,Hannah House (114),13,Private,2831 North Hutchinson Street,Philadelphia,19133,Philadelphia,6/30/2012
PA,Harrisburg Center (203),109,State,27 N Cameron Street,Harrisburg,17101,Dauphin,6/30/2012
PA,Hazleton Treatment Ctr (229),60,Private,145 West Broad Street,Hazleton,18201,Luzerne,6/30/2012
PA,Huntingdon Co. Jail,45,Local,,,,,12/31/2013
PA,Indiana Co. Jail,191,Local,,,,,12/31/2013
PA,Jefferson Co. Jail,130,Local,,,,,12/31/2013
PA,Johnstown Center (325),52,State,301 Washington Street,Johnstown,15901,Cambria,6/30/2012
PA,Joseph Coleman Ctr (131),123,Private,3950 D St,Philadelphia,19124,Philadelphia,6/30/2012
PA,Keenan House (220),2,Private,18-22 South Sixth Street,Allentown,18101,Lehigh,6/30/2012
PA,Keystone Correctional (234),61,Private,7201 Allentown Boulevard,Harrisburg,17112,Dauphin,6/30/2012
PA,Kintock - Erie Avenue (136),173,Private,301 East Erie Avenue,Philadelphia,19124,Philadelphia,6/30/2012
PA,Lackawanna County Prison And Work Release,946,Local,,,,,12/31/2013
PA,Lancaster County Prison,"1,023",Local,,,,,12/31/2013
PA,Lawrence Co. Corr. Fac.,272,Local,,,,,12/31/2013
PA,Lebanon Co. Corr. Fac.,475,Local,,,,,12/31/2013
PA,Lehigh Co. Re-Entry (295),12,Local,38 North 4Th St,Allentown,18102,Lehigh,6/30/2012
PA,Lehigh County Prison,"1,045",Local,,,,,12/31/2013
PA,Lewisburg USP,"1,384",Federal,2400 Robert F. Miller Drive,Lewisburg,17837,Union,6/30/2012
PA,Lewisburg USP,179,Federal,2400 Robert F. Miller Drive,Lewisburg,17837,Union,4/2/2020
PA,Lewisburg-Camp,565,Federal,2400 Robert F Miller Drive,Lewisburg,17837,Union,6/30/2012
PA,Lewisburg-Camp,363,Federal,2400 Robert F. Miller Drive,Lewisburg,17837,Union,4/2/2020
PA,Liberty Management (119),62,Private,1007 West Lehigh Avenue,Philadelphia,19133,Philadelphia,6/30/2012
PA,Liberty Management- Pheonix (141),1,Private,1019 West Lehigh Avenue,Philadelphia,19133,Philadelphia,6/30/2012
PA,Loretto FCI,"1,334",Federal,772 Saint Joseph St.,Loretto,15940,Cambria,6/30/2012
PA,Loretto FCI,905,Federal,772 Saint Joseph St.,Loretto,15940,Cambria,4/2/2020
PA,Loretto-Camp,167,Federal,772 Saint Joseph Street,Loretto,15940,Cambria,6/30/2012
PA,Loretto-Camp,76,Federal,772 Saint Joseph St.,Loretto,15940,Cambria,4/2/2020
PA,Luzerne (135),17,Private,600 East Luzerne Street,Philadelphia,19124,Philadelphia,6/30/2012
PA,Lycoming Co. Pre-Release Ctr.,74,Local,,,,,12/31/2013
PA,Lycoming Co. Prison,296,Local,,,,,12/31/2013
PA,Lycoming House (127),44,Private,1712 Point Breeze Avenue,Philadelphia,19145,Philadelphia,6/30/2012
PA,Mckean Co. Jail,78,Local,,,,,12/31/2013
PA,Mckean FCI,"1,266",Federal,6975 Route 59,Lewis Run,16738,McKean,6/30/2012
PA,Mckean FCI,643,Federal,6975 Route 59,Lewis Run,16738,McKean,4/2/2020
PA,Mckean-Camp,336,Federal,6975 Route 59,Lewis Run,16738,McKean,6/30/2012
PA,Mckean-Camp,204,Federal,6975 Route 59,Lewis Run,16738,McKean,4/2/2020
PA,Mens/Womens Community Corrections Centers,294,Local,,,,,12/31/2013
PA,Mercer Co. Jail,268,Local,,,,,12/31/2013
PA,Mifflin Co. Corr. Fac.,119,Local,,,,,12/31/2013
PA,Minsec - Chester (117),75,Private,201 East 12Th Street,Chester,19013,Delaware,6/30/2012
PA,Minsec-Broad Street (109),63,Private,918 North Broad Street,Philadelphia,19130,Philadelphia,6/30/2012
PA,Minsec-Oxford (129),89,Private,1917-23 West Oxford Street,Philadelphia,19121,Philadelphia,6/30/2012
PA,Minsec-Scranton (228),10,Private,537-539 Linden St,Scranton,18503,Lackawanna,6/30/2012
PA,Monroe Co. Corr. Fac.,395,Local,,,,,12/31/2013
PA,Montgomery County Prison Correctional Facility,"1,940",Local,,,,,12/31/2013
PA,Montour Co. Prison,30,Local,,,,,12/31/2013
PA,Moshannon Valley CI,"1,493",Private,555 Geo Drive,Philipsburg,16866,,6/30/2012
PA,Moshannon Valley CI,"1,767",Private,555 Geo Drive,Philipsburg,16866,,4/2/2020
PA,New Destiny (230),4,Private,91 Broad St.,Ashland,17921,Schuylkill,6/30/2012
PA,Northampton Co. Prison,743,Local,,,,,12/31/2013
PA,Northumberland Co. Prison,271,Local,,,,,12/31/2013
PA,Penn Pavilion (313),56,Private,701 Penn Avenue,New Brighton,15066,Beaver,6/30/2012
PA,Perry Co. Prison,111,Local,,,,,12/31/2013
PA,Philadelphia CCC #4 (104),32,State,1628-1630 N 15Th Street,Philadelphia,19121,Philadelphia,6/30/2012
PA,Philadelphia CCC #2 (102),41,State,407 N 8Th Street,Philadelphia,19123,Philadelphia,6/30/2012
PA,Philadelphia CCC #3 (103),19,State,219 E High Street,Philadelphia,19144,Philadelphia,6/30/2012
PA,Philadelphia FDC,"1,027",Federal,700 Arch Street,Philadelphia,19106,Philadelphia,4/2/2020
PA,Philadelphia Industrial Correctional Center,"1,070",Local,8301 State Road,Philadelphia,19136,Philadelphia,6/30/2012
PA,Philadelphia Prison System Facilities,"8,930",Local,,,,,12/31/2013
PA,Pike County Correctional Facility,312,Local,,,,,12/31/2013
PA,Pittsburgh CCC (303),41,State,535 South Aiken Avenue,Pittsburgh,15232,Allegheny,6/30/2012
PA,Potter Co. Jail,45,Local,,,,,12/31/2013
PA,Progress Center (326),18,State,179 Progress Drive,Waynesburg,15370,Greene,6/30/2012
PA,Promise Place (235),6,Private,381 S. Second St,Steelton,17113,Dauphin,6/30/2012
PA,Quehanna Boot Camp,489,State,4395 Quehanna Hwy,Karthaus,16845,,6/30/2012
PA,Renewal # 1 (317),39,Private,339 Boulevard Of The Allies,Pittsburgh,15222,Allegheny,6/30/2012
PA,Renewal Inc.,360,Local,,,,,12/31/2013
PA,Renewal Inc.,214,Local,,,,,12/31/2013
PA,Renewal#2 (327),51,Private,704 2Nd Ave,Pittsburgh,15219,Allegheny,6/30/2012
PA,Riverside Center (319),101,State,"3001 Beaver Avenue, Ste. B",Pittsburgh,15233,Allegheny,6/30/2012
PA,Schuylkill Co. Prison,303,Local,,,,,12/31/2013
PA,Schuylkill FCI,"1,338",Federal,Interstate 81 & 901 W,Minersville,17954,Schuylkill,6/30/2012
PA,Schuylkill FCI,962,Federal,Interstate 81 & 901 W,Minersville,17954,Schuylkill,4/2/2020
PA,Schuylkill-Camp,334,Federal,Interstate 81 & Rt 901 W,Minersville,17954,Schuylkill,6/30/2012
PA,Schuylkill-Camp,207,Federal,Interstate 81 & 901 W,Minersville,17954,Schuylkill,4/2/2020
PA,Sci Albion,"2,327",State,10745 Route 18,Albion,16475,Erie,6/30/2012
PA,Sci Cambridge Springs,"1,009",State,451 Fullerton Ave,Cambridge Springs,16403,Crawford,6/30/2012
PA,Sci Camp Hill,"3,633",State,2500 Lisburn Road,Camp Hill,17001,Cumberland,6/30/2012
PA,Sci Chester,"1,275",State,500 E. 4Th Street,Chester,19013,Delaware,6/30/2012
PA,Sci Coal Township,"2,308",State,1 Kelly Drive,Coal Township,17866,Northumberland,6/30/2012
PA,Sci Cresson,"1,478",State,301 Corrections Road,Cresson,16699,,6/30/2012
PA,Sci Dallas,"2,101",State,1000 Follies Road,Dallas,18612,Luzerne,6/30/2012
PA,Sci Fayette,"2,060",State,50 Overlook Drive,Labelle,15450,Fayette,6/30/2012
PA,Sci Forest,"2,287",State,286 Woodland Drive,Marienville,16239,Forest,6/30/2012
PA,Sci Frackville,"1,160",State,1111 Altamont Blvd,Frackville,17931,Schuylkill,6/30/2012
PA,Sci Graterford,"3,446",State,"P.O.Box 246, Route 29",Graterford,19426,Montgomery,6/30/2012
PA,Sci Greene,"1,734",State,169 Progress Drive,Waynesburg,15370,Greene,6/30/2012
PA,Sci Greensburg,"1,021",State,165 Sci Lane,Greensburg,15601,Westmoreland,6/30/2012
PA,Sci Houtzdale,"2,564",State,209 Institution Drive,Houtzdale,16698,,6/30/2012
PA,Sci Huntingdon,"2,142",State,1100 Pike Street,Huntingdon,16654,Huntingdon,6/30/2012
PA,Sci Laurel Highlands,"1,417",State,5706 Glades Pike,Somerset,15501,Somerset,6/30/2012
PA,Sci Mahanoy,"2,383",State,301 Morea Road,Frackville,17932,Schuylkill,6/30/2012
PA,Sci Mercer,"1,472",State,801 Butler Pike,Mercer,16137,Mercer,6/30/2012
PA,Sci Muncy,"1,459",State,Box 180 Route 405,Muncy,17756,,6/30/2012
PA,Sci Pine Grove,916,State,189 Fyock Road,Indiana,15701,Indiana,6/30/2012
PA,Sci Pittsburgh,"1,590",State,3001 Beaver Avenue,Pittsburgh,15233,Allegheny,6/30/2012
PA,Sci Retreat,"1,136",State,660 State Route 11,Hunlock Creek,18621,Luzerne,6/30/2012
PA,Sci Rockview,"2,457",State,1 Rockview Place,Bellefonte,16823,Centre,6/30/2012
PA,Sci Smithfield,"1,378",State,1120 Pike Street,Huntingdon,16652,Huntingdon,6/30/2012
PA,Sci Somerset,"2,290",State,1590 Walters Mill Road,Somerset,15510,Somerset,6/30/2012
PA,Sci Waymart,"1,310",State,P.O.Box 256 Route 6,Waymart,18472,Wayne,6/30/2012
PA,Scranton Cath Soc Svcs (219),12,Private,409-411 Olive St,Scranton,18509,Lackawanna,6/30/2012
PA,Scranton Center (201),29,State,240 Adams Avenue,Scranton,18503,Lackawanna,6/30/2012
PA,Self Help Mvmt (124),20,Private,2600 Southamptom Rd,Philadelphia,19116,Philadelphia,6/30/2012
PA,Sharon Center (305),24,State,300 W State Street,Sharon,16146,Mercer,6/30/2012
PA,Snyder Co. Prison,98,Local,,,,,12/31/2013
PA,Somerset Co. Jail,98,Local,,,,,12/31/2013
PA,Susquehanna Co. Corr. Fac.,57,Local,,,,,12/31/2013
PA,The Program Center,31,Local,,,,,12/31/2013
PA,Tioga Co. Prison,109,Local,,,,,12/31/2013
PA,Transitional Living Ctr (209),24,Private,900 W. Third St,Williamsport,17701,Lycoming,6/30/2012
PA,Union Co. Prison,35,Local,,,,,12/31/2013
PA,Venango Co. Prison,143,Local,,,,,12/31/2013
PA,Warren Co. Prison,126,Local,,,,,12/31/2013
PA,Washington Co. Corr. Fac.,380,Local,,,,,12/31/2013
PA,Wayne Co. Corr. Fac.,127,Local,,,,,12/31/2013
PA,Wernersville Center #18 (233),77,State,165 Main Street,Wernersville,19565,Berks,6/30/2012
PA,Wernersville Center #27 (232),80,State,165 Main Street,Wernersville,19565,Berks,6/30/2012
PA,Wernersville Center #30 (231),38,State,165 Main Street,Wernersville,19565,Berks,6/30/2012
PA,Wernersville Community Corrections Center Bldg #18,165,State,165 Main Street,Wernersville,19565,Berks,6/30/2012
PA,Westmoreland Co. Prison,595,Local,,,,,12/31/2013
PA,Wyoming Co. Corr. Fac.,70,Local,,,,,12/31/2013
PA,York Center (204),34,State,317 West Market Street,York,17401,York,6/30/2012
PA,York Co. Re-Entry (299),13,Local,3400 Concord Rd,York,17402,York,6/30/2012
PA,York County Prison,"2,387",Local,,,,,12/31/2013
PA,Youth Build (223),34,Private,200 S Duke St,York,17401,York,6/30/2012
RI,Anthony P Travisono Intake Service Center,"1,012",State,Slate Hill Rd,Cranston,02920,Providence,6/30/2012
RI,High Security Center,95,State,54 Power Road,Cranston,02920,Providence,6/30/2012
RI,John Moran Medium Security Facility,"1,018",State,9 West Road,Cranston,02920,Providence,6/30/2012
RI,Maximum Security Facility,433,State,1375 Pontiac Ave,Cranston,02920,Providence,6/30/2012
RI,Minimum Security Facility,450,State,16 Howard Avenue,Cranston,02920,Providence,6/30/2012
RI,Women's Facility I,113,State,13 Fleming Rd,Cranston,02920,Providence,6/30/2012
RI,Women's Facility Ii,54,State,15 Fleming Rd,Cranston,02920,Providence,6/30/2012
SC,Abbeville Co. Det. Ctr.,52,Local,,,,,12/31/2013
SC,Abbeville County Prison,23,Local,,,,,12/31/2013
SC,Aiken Co. Det. Ctr.,325,Local,,,,,12/31/2013
SC,Allendale Correctional Institution,"1,268",State,1057 Revolutionary Trail,Fairfax,29827,Allendale,6/30/2012
SC,Allendale County Detention Center,37,Local,,,,,12/31/2013
SC,Alvin S. Glenn Detention Center,"1,028",Local,,,,,12/31/2013
SC,Anderson Co. Det. Ctr.,357,Local,,,,,12/31/2013
SC,Bamberg County Detention Center,46,Local,,,,,12/31/2013
SC,Barnwell Co. Det. Ctr.,68,Local,,,,,12/31/2013
SC,Beaufort Co. Det. Ctr.,209,Local,,,,,12/31/2013
SC,Bennettsville FCI,"1,695",Federal,696 Muckerman Road,Bennettsville,29512,Marlboro,6/30/2012
SC,Bennettsville FCI,"1,244",Federal,696 Muckerman Road,Bennettsville,29512,Marlboro,4/2/2020
SC,Bennettsville-Camp,158,Federal,696 Muckerman Road,Bennettsville,29512,Marlboro,6/30/2012
SC,Bennettsville-Camp,108,Federal,696 Muckerman Road,Bennettsville,29512,Marlboro,4/2/2020
SC,Berkeley Co. Det. Ctr.,368,Local,,,,,12/31/2013
SC,Broad River Correctional Institution,"1,123",State,4460 Broad River Road,Columbia,29210,,6/30/2012
SC,Campbell Pre-Release Center,237,State,4530 Broad River Road,Columbia,29210,,6/30/2012
SC,Catawba Pre-Release Center,147,State,1030 Milling Road,Rock Hill,29730,York,6/30/2012
SC,CCC Alston Wilkes Society - Columbia,45,Private,1218 Bull Street,Columbia,29601,Greenville,6/30/2012
SC,CCC Alston Wilkes Society - Florence,26,Private,441 W Cheves Street,Florence,29501,,6/30/2012
SC,CCC Alston Wilkes Society - North Charleston,38,Private,3290 A Meeting Street,N. Charleston,29405,Charleston,6/30/2012
SC,Cherokee Co. Det. Ctr.,201,Local,,,,,12/31/2013
SC,Chester County Detention Center And Prison Camp,46,Local,,,,,12/31/2013
SC,Chesterfield County Detention Center And Work Camp,106,Local,,,,,12/31/2013
SC,City of Anderson Det. Ctr.,116,Local,,,,,12/31/2013
SC,Clarendon Co. Det. Ctr.,57,Local,,,,,12/31/2013
SC,Coastal Pre-Release Center,120,State,3765 Leeds Avenue,Charleston,29405,Charleston,6/30/2012
SC,Colleton Co. Det. Ctr.,139,Local,,,,,12/31/2013
SC,Darlington Co. Det. Ctr.,162,Local,,,,,12/31/2013
SC,Dillon Co. Det. Ctr.,115,Local,,,,,12/31/2013
SC,Dorchester Co. Det. Ctr.,196,Local,,,,,12/31/2013
SC,Edgefield Co. Det. Ctr.,51,Local,,,,,12/31/2013
SC,Edgefield FCI,"1,706",Federal,501 Gary Hill Road,Edgefield,29824,Edgefield,6/30/2012
SC,Edgefield FCI,"1,181",Federal,501 Gary Hill Road,Edgefield,29824,Edgefield,4/2/2020
SC,Edgefield-Camp,562,Federal,501 Gary Hill Road,Edgefield,29824,Edgefield,6/30/2012
SC,Edgefield-Camp,419,Federal,501 Gary Hill Road,Edgefield,29824,Edgefield,4/2/2020
SC,Estill FCI,971,Federal,100 Prison Road,Estill,29918,Hampton,4/2/2020
SC,Estill FCI,"1,131",Federal,100 Prison Road,Estill,29918,Hampton,6/30/2012
SC,Estill-Camp,290,Federal,100 Prison Road,Estill,29918,Hampton,6/30/2012
SC,Estill-Camp,221,Federal,100 Prison Road,Estill,29918,Hampton,4/2/2020
SC,Evans Correctional Institution,"1,499",State,610 Highway 9 West,Bennettsville,29512,Marlboro,6/30/2012
SC,Fairfield Co. Det. Ctr.,70,Local,,,,,12/31/2013
SC,Florence Co. Det. Ctr.,311,Local,,,,,12/31/2013
SC,Georgetown Co. Det. Ctr.,221,Local,,,,,12/31/2013
SC,Goodman Correctional Institution,302,State,4456 Broad River Road,Columbia,29210,,6/30/2012
SC,Graham (Camille Griffin ) Correctional Inst,500,State,4450 Broad River Road,Columbia,29210,,6/30/2012
SC,Greenville County Detention Center,"1,252",Local,,,,,12/31/2013
SC,Greenwood County Detention Center,199,Local,,,,,12/31/2013
SC,Hampton Co. Det. Ctr.,36,Local,,,,,12/31/2013
SC,J. Reuben Long Det. Ctr. - Horry Co.,661,Local,,,,,12/31/2013
SC,Jasper Co. Det. Ctr.,75,Local,,,,,12/31/2013
SC,Kershaw Co. Det. Ctr.,146,Local,,,,,12/31/2013
SC,Kershaw Correctional Institution,"1,474",State,4848 Goldmine Hwy,Kershaw,29067,,6/30/2012
SC,Kirkland Reception & Evaluation Center,"1,956",State,4344 Broad River Road,Columbia,29210,,6/30/2012
SC,Lancaster Co. Det. Ctr.,125,Local,,,,,12/31/2013
SC,Laurens Co. Det. Ctr.,264,Local,,,,,12/31/2013
SC,Leath Correctional Institution,527,State,2809 Airport Road,Greenwood,29649,Greenwood,6/30/2012
SC,Lee Correctional Institution,"1,746",State,990 Wisacky Hwy,Bishopville,29010,Lee,6/30/2012
SC,Lexington Co. Det. Ctr.,687,Local,,,,,12/31/2013
SC,Lieber Correctional Institution,"1,415",State,136 Wilborn Avenue,Ridgeville,29472,,6/30/2012
SC,Livesay Correctional Institution,601,State,104 Broadcast Drive,Spartanburg,29303,Spartanburg,6/30/2012
SC,Lower Savannah Pre-Release Center,196,State,361 Wire Rd,Aiken,29801,Aiken,6/30/2012
SC,Macdougall Correctional Institution,534,State,1516 Old Gilliard Road,Ridgeville,29472,,6/30/2012
SC,Manning Correctional Institution,438,State,502 Beckman Drive,Columbia,29203,Richland,6/30/2012
SC,Marion County Detention Center,70,Local,,,,,12/31/2013
SC,Marion County Prison Camp,20,Local,,,,,12/31/2013
SC,Marlboro County Detention Facility,61,Local,,,,,12/31/2013
SC,MCCormick Correctional Institution,"1,252",State,386 Redemption Way,Mccormick,29899,McCormick,6/30/2012
SC,MCCormick County Detention Center,19,Local,,,,,12/31/2013
SC,Newberry Co. Det. Ctr.,94,Local,,,,,12/31/2013
SC,Oconee Co. Det. Ctr.,140,Local,,,,,12/31/2013
SC,Orangeburg County Det. Ctr.,236,Local,,,,,12/31/2013
SC,Palmer Pre-Release Center,211,State,2012 Pisgah Road,Florence,29501,,6/30/2012
SC,Perry Correctional Institution,943,State,430 Oaklawn Road,Pelzer,29669,,6/30/2012
SC,Pickens Co. Det. Ctr.,175,Local,,,,,12/31/2013
SC,Pickens Co. Prison,84,Local,,,,,12/31/2013
SC,Ridgeland Correctional Institution,"1,190",State,5 Correctional Rd,Ridgeland,29936,Jasper,6/30/2012
SC,Saluda County Jail,48,Local,,,,,12/31/2013
SC,Sheriff Al Cannon Detention Center,"1,250",Local,,,,,12/31/2013
SC,Spartanburg Co. Det. Fac.,753,Local,,,,,12/31/2013
SC,Stevenson Correctional Institution,207,State,4546 Broad River Road,Columbia,29210,,6/30/2012
SC,Sumter-Lee Regional Det. Ctr.,338,Local,,,,,12/31/2013
SC,Trenton Correctional Institution,502,State,84 Greenhouse Road,Trenton,29847,,6/30/2012
SC,Turbeville Correctional Facility,"1,191",State,1578 Clarence Coker Hwy,Tuberville,29162,Clarendon,6/30/2012
SC,Tyger River Correctional Institution,"1,283",State,100-200 Prison Road,Enoree,29355,,6/30/2012
SC,Union Co. Det. Ctr.,25,Local,,,,,12/31/2013
SC,Union Co. Jail,65,Local,,,,,12/31/2013
SC,Walden Correctional Institution,392,State,4340 Broad River Road,Columbia,29210,,6/30/2012
SC,Wateree River Correctional Institution,863,State,Highway 261,Rembert,29128,,6/30/2012
SC,Williamsburg FCI,"1,704",Federal,8301 Highway 521,Salters,29590,Williamsburg,6/30/2012
SC,Williamsburg FCI,"1,190",Federal,8301 Highway 521,Salters,29590,Williamsburg,4/2/2020
SC,Williamsburg-Camp,152,Federal,8301 Highway 521,Salters,29590,Williamsburg,6/30/2012
SC,Williamsburg-Camp,134,Federal,8301 Highway 521,Salters,29590,Williamsburg,4/2/2020
SC,York County Detention Center,359,Local,,,,,12/31/2013
SC,York County Prison,106,Local,,,,,12/31/2013
SD,Beadle County Regional Corrections Center,24,Local,,,,,12/31/2013
SD,Bon Homme Co. Jail,2,Local,,,,,12/31/2013
SD,Brookings Co. Det. Ctr.,20,Local,,,,,12/31/2013
SD,Brown Co. Jail,37,Local,,,,,12/31/2013
SD,Brule Co. Jail,17,Local,,,,,12/31/2013
SD,Charles Mix Co. Jail,42,Local,,,,,12/31/2013
SD,Cheyenne River Sioux Adult Detention Center,10,Indian Country,,,,,6/30/2016
SD,Cheyenne River Sioux Juvenile Detention Center,2,Indian Country,,,,,6/30/2016
SD,Clay Co. Jail,14,Local,,,,,12/31/2013
SD,Codington Co. Det. Ctr.,58,Local,,,,,12/31/2013
SD,Community Alternatives of Black Hills,50,Private,5025 Highway 79 South,Rapid City,57709,Pennington,6/30/2012
SD,Dakota Counseling Institute - Stepping Stones,43,Private,910 West Havens Avenue,Sd,57301,Davison,6/30/2012
SD,Davison Co. Jail,41,Local,,,,,12/31/2013
SD,Day Co. Jail,5,Local,,,,,12/31/2013
SD,Dewey Co. Jail,N/A,Local,,,,,12/31/2013
SD,Edmunds Co. Jail,3,Local,,,,,12/31/2013
SD,Fall River Co. Jail,18,Local,,,,,12/31/2013
SD,Faulk Co. Jail,4,Local,,,,,12/31/2013
SD,Glory House of Sioux Falls,55,Private,4000 S West Avenue,Sioux Falls,57109,Minnehaha,6/30/2012
SD,Glory House Sands Freedom Center,16,Private,3930 S. West,Sioux Falls,57109,Minnehaha,6/30/2012
SD,Grant Co. - Milbank Det. Ctr.,6,Local,,,,,12/31/2013
SD,Hughes County Jail,124,Local,,,,,12/31/2013
SD,Jameson Annex,796,State,1600 North Drive,Sioux Falls,57117,,6/30/2012
SD,Ki Yuksa O'tipi Reintegration Center/F,N/A,Indian Country,,,,,6/30/2016
SD,Lake Co. Jail,14,Local,,,,,12/31/2013
SD,Lawrence Co. Jail,29,Local,,,,,12/31/2013
SD,Lower Brule Justice Center-Adult Detention,45,Indian Country,,,,,6/30/2016
SD,Marshall Co. Jail,3,Local,,,,,12/31/2013
SD,Meade Co. Jail,65,Local,,,,,12/31/2013
SD,Medicine Root Detention Center/F,N/A,Indian Country,,,,,6/30/2016
SD,Mike Durfee State Prison,"1,227",State,1412 Wood Street,Springfield,57062,Bon Homme,6/30/2012
SD,Minnehaha Co. Jail,545,Local,,,,,12/31/2013
SD,Oglala Sioux Tribal offenders Facility/F,N/A,Indian Country,,,,,6/30/2016
SD,Pennington Co. Jail,525,Local,,,,,12/31/2013
SD,Rapid City Minimum Unit,191,State,2725 Creek Drive,Rapid City,57703,Pennington,6/30/2012
SD,Roberts Co. Jail,40,Local,,,,,12/31/2013
SD,Rosebud Sioux Tribal Police Department And Adult Detention,88,Indian Country,,,,,6/30/2016
SD,Rosebud Sioux Wanbli Wiconi Tipi Juvenile Detention,14,Indian Country,,,,,6/30/2016
SD,Sisseton-Wahpeton Law Enforcement Adult Detention Center,15,Indian Country,,,,,6/30/2016
SD,South Dakota State Penitentiary,683,State,1600 North Drive,Sioux Falls,57117,,6/30/2012
SD,South Dakota Women's Prison,359,State,3200 E Hwy 34,Pierre,57501,Hughes,6/30/2012
SD,Union Co. Jail,28,Local,,,,,12/31/2013
SD,Walworth Co. Jail,17,Local,,,,,12/31/2013
SD,Winner City Jail,94,Local,,,,,12/31/2013
SD,Yankton County Jail,70,Local,,,,,12/31/2013
SD,Yankton FPC,853,Federal,1016 Douglas Avenue,Yankton,57078,Yankton,6/30/2012
SD,Yankton FPC,484,Federal,1016 Douglas Avenue,Yankton,57078,Yankton,4/2/2020
SD,Yankton Minimum Unit,273,State,178 Mickelson Drive,Yankton,57078,Yankton,6/30/2012
TN,Anderson Co. Det. Fac.,329,Local,,,,,12/31/2013
TN,Bedford Co. Jail,132,Local,,,,,12/31/2013
TN,Bedford County Workhouse,80,Local,,,,,12/31/2013
TN,Benton Co. Jail,65,Local,,,,,12/31/2013
TN,Bledsoe Co. Jail,94,Local,,,,,12/31/2013
TN,Blount Co. Det. Fac.,507,Local,,,,,12/31/2013
TN,Bradley Co. Jail,447,Local,,,,,12/31/2013
TN,Campbell Co. Jail,140,Local,,,,,12/31/2013
TN,Cannon Co. Jail,54,Local,,,,,12/31/2013
TN,Carroll Co. Jail,119,Local,,,,,12/31/2013
TN,Charles B. Bass Correctional Complex,669,State,7177 Cockrill Bend Blvd,Nashville,37243,Davidson,6/30/2012
TN,Cheatham Co. Jail,112,Local,,,,,12/31/2013
TN,Chester Co. Jail,64,Local,,,,,12/31/2013
TN,Clairborne Co. Jail,234,Local,,,,,12/31/2013
TN,Clay Co. Jail,25,Local,,,,,12/31/2013
TN,Cocke Co. Jail,139,Local,,,,,12/31/2013
TN,Crockett Co. Jail,62,Local,,,,,12/31/2013
TN,Cumberland Co. Jail,210,Local,,,,,12/31/2013
TN,Decatur Co. Jail,37,Local,,,,,12/31/2013
TN,Dekalb Co. Jail,106,Local,,,,,12/31/2013
TN,Dickson Co. Jail,303,Local,,,,,12/31/2013
TN,Diersen Charties Memphis,125,Private,1629 Winchester Road,Memphis,38116,Shelby,6/30/2012
TN,Diersen Nashville,58,Private,808 Lea Street,Nashville,37203,Davidson,6/30/2012
TN,Dyer Co. Jail,196,Local,,,,,12/31/2013
TN,Fayette Co. Jail,115,Local,,,,,12/31/2013
TN,Fentress Co. Jail,52,Local,,,,,12/31/2013
TN,Franklin Co. Jail,133,Local,,,,,12/31/2013
TN,Gibson Co. Jail,190,Local,,,,,12/31/2013
TN,Giles Co. Jail,154,Local,,,,,12/31/2013
TN,Grainger Co. Jail,94,Local,,,,,12/31/2013
TN,Green Work House,150,Local,,,,,12/31/2013
TN,Greene Co. Det. Ctr.,217,Local,,,,,12/31/2013
TN,Grundy Co. Jail,57,Local,,,,,12/31/2013
TN,Hamblen Co. Jail,300,Local,,,,,12/31/2013
TN,Hamilton Co. Jail,546,Local,,,,,12/31/2013
TN,Hancock Co. Jail,94,Local,,,,,12/31/2013
TN,Hardeman Co. Jail,97,Local,,,,,12/31/2013
TN,Hardeman County Correctional Center-CCA,"1,994",Private,2520 Union Springs Road,Whiteville,38075,,6/30/2012
TN,Hawkins Co. Jail,238,Local,,,,,12/31/2013
TN,Haywood County Jail,122,Local,,,,,12/31/2013
TN,Henderson Co. Jail,186,Local,,,,,12/31/2013
TN,Henry Co. Corr. Fac.,170,Local,,,,,12/31/2013
TN,Hickman Co. Jail,129,Local,,,,,12/31/2013
TN,Houston Co. Jail,30,Local,,,,,12/31/2013
TN,Humphreys Co. Jail,62,Local,,,,,12/31/2013
TN,Jackson Co. Jail,108,Local,,,,,12/31/2013
TN,Jefferson County Justice Center,230,Local,,,,,12/31/2013
TN,Jefferson County Sheriffs Department Workhouse,40,Local,,,,,12/31/2013
TN,Johnson City Jail,88,Local,,,,,12/31/2013
TN,Johnson Co. Jail,135,Local,,,,,12/31/2013
TN,Knox Co. Jail,166,Local,,,,,12/31/2013
TN,Knox Co. Sheriff's Det. Fac.,876,Local,,,,,12/31/2013
TN,Knox County Work Release Center,58,Local,,,,,12/31/2013
TN,Lauderdale Co. Jail,141,Local,,,,,12/31/2013
TN,Lawrence Co. Jail,240,Local,,,,,12/31/2013
TN,Lincoln Co. Jail,118,Local,,,,,12/31/2013
TN,Lois M. Deberry Special Needs Facility,735,State,7575 Cockrill Bend Blvd,Nashville,37243,Davidson,6/30/2012
TN,Loudon Co. Jail,136,Local,,,,,12/31/2013
TN,Macon Co. Jail,144,Local,,,,,12/31/2013
TN,Madison Co. Jail,350,Local,,,,,12/31/2013
TN,Madison County Penal Farm,75,Local,,,,,12/31/2013
TN,Marion Co. Jail,131,Local,,,,,12/31/2013
TN,Mark Luttrell Correctional Center,423,State,6000 State Road,Memphis,38134,Shelby,6/30/2012
TN,Marshall Co. Jail,170,Local,,,,,12/31/2013
TN,Maury Co. Jail,342,Local,,,,,12/31/2013
TN,Mcminn Co. Justice Center,273,Local,,,,,12/31/2013
TN,Mcnairy Co. Jail,81,Local,,,,,12/31/2013
TN,Meigs County Jail,69,Local,,,,,12/31/2013
TN,Memphis Camp,328,Federal,1101 John A Denie Road,Memphis,38134,Shelby,6/30/2012
TN,Memphis FCI,"1,167",Federal,1101 John A Denie Road,Memphis,38134,Shelby,6/30/2012
TN,Memphis FCI,"1,106",Federal,1101 John A Denie Road,Memphis,38134,Shelby,4/2/2020
TN,Memphis-Camp,190,Federal,1101 John A Denie Road,Memphis,38134,Shelby,4/2/2020
TN,Metro-Davidson County Detention Facility - CCA,"1,131",Local,,,,,12/31/2013
TN,Midway Rehabilitation Center - Alchoholism Services of Knoxville,56,Private,1515 E Magnolia Avenue,Knoxville,37917,Knox,6/30/2012
TN,Monroe Co. Jail,179,Local,,,,,12/31/2013
TN,Montgomery County Jail,449,Local,,,,,12/31/2013
TN,Montgomery County Workhouse,72,Local,,,,,12/31/2013
TN,Moore Co. Jail,19,Local,,,,,12/31/2013
TN,Morgan Co. Jail,63,Local,,,,,12/31/2013
TN,Morgan County Correctional Complex,"2,457",State,541 Wayne Cotton Morgan Drive,Wartburg,37887,Morgan,6/30/2012
TN,Northeast Correctional Complex,"1,802",State,5249 Highway 67 West,Mountain City,37683,Johnson,6/30/2012
TN,Northeast Correctional Complex - Annex,468,State,188 Old Railroad Grade Rd,Roan Mountain,37687,Carter,6/30/2012
TN,Northwest Correctional Complex,"2,384",State,960 State Road 212,Tiptonville,38079,Lake,6/30/2012
TN,Obion Co. Jail,135,Local,,,,,12/31/2013
TN,Overton Co. Jail,144,Local,,,,,12/31/2013
TN,Perry Co. Jail,40,Local,,,,,12/31/2013
TN,Polk Co. Jail,125,Local,,,,,12/31/2013
TN,Putnam Co. Jail,227,Local,,,,,12/31/2013
TN,Rhea Co. Jail,147,Local,,,,,12/31/2013
TN,Riverbend Maximum Security Institution,708,State,7475 Cockrill Bend Blvd,Nashville,37243,Davidson,6/30/2012
TN,Roane Co. Det. Fac.,170,Local,,,,,12/31/2013
TN,Robertson Co. Det. Fac.,468,Local,,,,,12/31/2013
TN,Rutherford Co. Adult Det. Ctr.,816,Local,,,,,12/31/2013
TN,Rutherford County Correctional Work Center,179,Local,,,,,12/31/2013
TN,Scott Co. Corr. Fac.,111,Local,,,,,12/31/2013
TN,Sequatchie Co. Justice Ctr.,115,Local,,,,,12/31/2013
TN,Sevier County Jail & Minimum Security Facility,507,Local,,,,,12/31/2013
TN,Shelby County Adult offender Center,"2,300",Local,,,,,12/31/2013
TN,Shelby County Justice Center,"2,384",Local,,,,,12/31/2013
TN,Silverdale Correction Facility - CCA,926,Local,,,,,12/31/2013
TN,Smith County Sheriff's office And Jail,119,Local,,,,,12/31/2013
TN,South Central Correctional Center,"1,657",Private,555 Forest Avenue,Clifton,38425,,6/30/2012
TN,Southeastern Tennessee State Regional Correctional Facility,937,State,1045 Horsehead Road,Pikeville,37367,,6/30/2012
TN,Stewart Co. Jail,21,Local,,,,,12/31/2013
TN,Sullivan Co. Jail,602,Local,,,,,12/31/2013
TN,Sumner Co. Jail,623,Local,,,,,12/31/2013
TN,Tennessee Prison For Women,797,State,3881 Stewarts Lane,Nashville,37243,Davidson,6/30/2012
TN,The Next Door,30,Private,101 Moccassin Bend Blvd,Chattanooga,37405,Hamilton,6/30/2012
TN,The Salvation Army Residential Reentry Center,83,Private,800 Mccallie Avenue,Chattanooga,37403,Hamilton,6/30/2012
TN,Tipton Co. Jail,152,Local,,,,,12/31/2013
TN,Trousdale Co. Jail,44,Local,,,,,12/31/2013
TN,Turney Center Industrial Complex,"1,560",State,1499 R.W. Moore Memorial Highway,Only,37140,Hickman,6/30/2012
TN,Turney Center Industrial Complex - Annex,448,State,245 Carroll Road,Clifton,38425,,6/30/2012
TN,Unicoi Co. Jail,58,Local,,,,,12/31/2013
TN,Unicoi County Annex,35,Local,,,,,12/31/2013
TN,Union Co. Jail,87,Local,,,,,12/31/2013
TN,Van Buren County Jail,35,Local,,,,,12/31/2013
TN,Warren Co. Jail,273,Local,,,,,12/31/2013
TN,Washington Co. Det. Ctr.,584,Local,,,,,12/31/2013
TN,Wayne County Jail,117,Local,,,,,12/31/2013
TN,Weakley Countyjail,104,Local,,,,,12/31/2013
TN,West Tennessee Det. Fac. - CCA,283,Local,,,,,12/31/2013
TN,West Tennessee State Penitentiary,"2,538",State,480 Green Chapel Road,Henning,38041,Lauderdale,6/30/2012
TN,White Co. Jail,195,Local,,,,,12/31/2013
TN,Whiteville Correctional Facility - CCA,"1,522",Private,1440 Union Springs Road,Whiteville,38075,,6/30/2012
TN,Williamson Co. Jail,360,Local,,,,,12/31/2013
TN,Wilson Co. Jail,292,Local,,,,,12/31/2013
TX,"A.M. ""Mac"" Stringfellow Unit","1,191",State,1200 Fm 655,Rosharon,77583,,6/30/2012
TX,"Abode Treatment, Inc.",65,Private,723 South Peak Street,Dallas,75223,Dallas,6/30/2012
TX,"Abode Treatment, Inc.",189,Private,701 South Cherry Lane,White Settlement,76108,,6/30/2012
TX,"Abundance Living, Inc.",40,Private,8512 1/2 Wheatley Street,Houston,77088,Harris,6/30/2012
TX,Alfred D. Hughes Unit,"2,951",State,3201 Fm 929,Gatesville,76597,Coryell,6/30/2012
TX,Allan B. Polunsky Unit,"2,962",State,3872 Fm 350 S,Livingston,77351,Polk,6/30/2012
TX,Amarillo Transitional Treatment Center,35,Private,9300 Se Third Avenue,Amarillo,79118,Randall,6/30/2012
TX,Andrews Co. Jail,22,Local,,,,,12/31/2013
TX,Angelina County Jail,235,Local,,,,,12/31/2013
TX,Aransas Co. Jail,195,Local,,,,,12/31/2013
TX,Archer Co. Jail,26,Local,,,,,12/31/2013
TX,Armstrong Co. Jail,3,Local,,,,,12/31/2013
TX,Atascosa Co. Jail,114,Local,,,,,12/31/2013
TX,Austin Co. Jail,50,Local,,,,,12/31/2013
TX,Austin Transitional Center,93,Private,3154 East Hwy 71,Del Valle,78617,,6/30/2012
TX,Avenue J Volunteers of America,89,Private,2710 Avenue J,Ft. Worth,76105,Tarrant,6/30/2012
TX,Bailey Co. Sheriffs office,41,Local,,,,,12/31/2013
TX,Bandera Co. Jail,54,Local,,,,,12/31/2013
TX,Barry B. Telford Unit,"2,797",State,3899 State Hwy 98,New Boston,75570,Bowie,6/30/2012
TX,Bartlett State Jail,"1,042",Private,1018 Arnold Drive,Bartlett,76511,,6/30/2012
TX,Bastrop Co. Jail,276,Local,,,,,12/31/2013
TX,Bastrop FCI,"1,215",Federal,1341 Highway 95 North,Bastrop,78602,Bastrop,6/30/2012
TX,Bastrop FCI,"1,219",Federal,1341 Highway 95 North,Bastrop,78602,Bastrop,4/2/2020
TX,Bastrop-Camp,183,Federal,1341 Highway 95 North,Bastrop,78602,Bastrop,6/30/2012
TX,Bastrop-Camp,179,Federal,1341 Highway 95 North,Bastrop,78602,Bastrop,4/2/2020
TX,Baten Intermediate Sanction Facility,353,State,1995 Helton Road,Pampa,79065,Gray,6/30/2012
TX,Bay Area Recovery Center,26,Private,2523 44Th Street,Dickinson,77539,Galveston,6/30/2012
TX,Baytown City Jail,50,Local,,,,,12/31/2013
TX,Beauford H. Jester I Substance Abuse Felony Punishment Facility,310,State,1 Jester Road,Richmond,77406,Fort Bend,6/30/2012
TX,Beauford H. Jester Iii Unit,"1,038",State,3 Jester Road,Richmond,77406,Fort Bend,6/30/2012
TX,Beauford H. Jester Iv Unit,487,State,4 Jester Road,Richmond,77406,Fort Bend,6/30/2012
TX,Beaumont Center,177,Private,2495 Gulf Street,Beaumont,77703,Jefferson,6/30/2012
TX,Beaumont Low FCI,"2,000",Federal,5560 Knauth Rd,Beamont,77705,Jefferson,6/30/2012
TX,Beaumont Low FCI,"1,584",Federal,5560 Knauth Road,Beaumont,77705,Jefferson,4/2/2020
TX,Beaumont Low FCI-Camp,566,Federal,5560 Knauth Road,Beaumont,77705,Jefferson,4/2/2020
TX,Beaumont Med FCI,"1,560",Federal,5830 Knauth Rd,Beaumont,77705,Jefferson,6/30/2012
TX,Beaumont Med FCI,"1,633",Federal,5830 Knauth Road,Beaumont,77705,Jefferson,4/2/2020
TX,Beaumont USP,"1,479",Federal,6200 Knauth Rd,Beaumont,77705,Jefferson,6/30/2012
TX,Beaumont USP,"1,128",Federal,6200 Knauth Road,Beaumont,77705,Jefferson,4/2/2020
TX,Beaumont USP-Camp,547,Federal,6200 Knauth Rd,Beaumont,77705,Jefferson,6/30/2012
TX,Bee Co. Jail,98,Local,,,,,12/31/2013
TX,Bell County Jails,645,Local,,,,,12/31/2013
TX,Bexar County Adult Detention Center,"3,750",Local,,,,,12/31/2013
TX,Big Spring CI,"3,504",Private,1701 Apron Drive,Big Spring,79720,Howard,6/30/2012
TX,Big Spring CI,"1,565",Private,1701 Apron Drive,Big Spring,79720,Howard,4/2/2020
TX,Big Spring CI Fl,"1,736",Private,2001 Rickabaugh Drive,Big Spring,79720,Howard,4/2/2020
TX,Big Spring FCI,"1,608",Federal,1900 Simler Avenue,Big Spring,79720,Howard,6/30/2012
TX,Big Spring FCI,"1,021",Federal,1900 Simler Ave,Big Spring,79720,Howard,4/2/2020
TX,Big Spring-Camp,205,Federal,1900 Simler Ave,Big Spring,79720,Howard,6/30/2012
TX,Big Spring-Camp,175,Federal,1900 Simler Ave,Big Spring,79720,Howard,4/2/2020
TX,Billy Moore Correctional Center,497,Private,8500 North Fm 3053,Overton,75684,,6/30/2012
TX,Blanco Co. Jail,24,Local,,,,,12/31/2013
TX,Bosque Co. Jail,29,Local,,,,,12/31/2013
TX,Bowie Corrections Center And Bi State Jail,427,Local,,,,,12/31/2013
TX,Bradshaw State Jail,"1,966",Private,3900 West Loop 571 North,Henderson,75653,,6/30/2012
TX,Brazoria Co. Detention Ctr.,744,Local,,,,,12/31/2013
TX,Brazos Co. Det. Ctr.,592,Local,,,,,12/31/2013
TX,Brazos Valley Council On Alcohol & Substance Abuse,129,Private,405 West 28Th Street,Bryan,77803,Brazos,6/30/2012
TX,Brewster Co. Jail,41,Local,,,,,12/31/2013
TX,Bridgeport Correctional Center,519,Private,4000 N 10Th Street,Bridgeport,76426,Wise,6/30/2012
TX,Bridgeport Pre-Parole Transfer Facilty,200,Private,222 Lake Road,Bridgeport,76426,Wise,6/30/2012
TX,Brooks Co. Jail,25,Local,,,,,12/31/2013
TX,Brooks County Detention Center,586,Local,,,,,12/31/2013
TX,Brown Co. Jail,155,Local,,,,,12/31/2013
TX,Bryan FPC,910,Federal,1100 Ursuline Avenue,Bryan,77803,Brazos,6/30/2012
TX,Bryan FPC,909,Federal,1100 Ursuline Avenue,Bryan,77803,Brazos,4/2/2020
TX,Burleson Co. Jail,50,Local,,,,,12/31/2013
TX,Buster Cole State Jail,817,State,3801 Silo Road,Bonham,75418,Fannin,6/30/2012
TX,Caldwell Co. Jail,212,Local,,,,,12/31/2013
TX,Calhoun County Adult Detention Center,56,Local,,,,,12/31/2013
TX,Callahan Co. Jail,6,Local,,,,,12/31/2013
TX,Cameron County Jails,"1,373",Local,,,,,12/31/2013
TX,Camp Co. Jail,26,Local,,,,,12/31/2013
TX,Carol S. Vance Unit,307,State,2 Jester Road,Richmond,77406,Fort Bend,6/30/2012
TX,Carole S. Young Medical Facility,401,State,5509 Attwater Ave,Dickinson,77539,Galveston,6/30/2012
TX,Carson Co. Jail,25,Local,,,,,12/31/2013
TX,Carswell FMC,"1,397",Federal,Naval Air Station - J St Bldg 3000 Room 1G015,Fort Worth,76127,Tarrant,6/30/2012
TX,Carswell FMC,"1,315",Federal,Naval Air Station,Fort Worth,76127,Tarrant,4/2/2020
TX,Carswell-Camp,295,Federal,Naval Air Station - J St Bldg 3000 Room 1G015,Fort Worth,76127,Tarrant,6/30/2012
TX,Carswell-Camp,349,Federal,Naval Air Station,Fort Worth,76127,Tarrant,4/2/2020
TX,Cass Co. Jail,86,Local,,,,,12/31/2013
TX,CCC Dismas Charities,100,Private,709 E. 49Th St,Lubbock,79404,Lubbock,6/30/2012
TX,"Centex Alcohol Rehabilitation Center, Inc.",56,Private,2500 S. General Bruce Drive,Temple,76504,Bell,6/30/2012
TX,Chambers Co. Jail,98,Local,,,,,12/31/2013
TX,Charles T. Terrell Unit,"1,582",State,1300 Fm 655,Rosharon,77583,,6/30/2012
TX,"Cheyenne Center, Inc.",260,Private,10525 Eastex Freeway,Houston,77093,Harris,6/30/2012
TX,Childress Co. Jail,50,Local,,,,,12/31/2013
TX,Choice Moore Transfer Facility,"1,120",State,1700 N Fm 87,Bonham,75418,Fannin,6/30/2012
TX,Christina Melton Crain Unit,"1,984",State,1401 State School Road,Gatesville,76599,Coryell,6/30/2012
TX,Clarence N. Stevenson Unit,"1,369",State,1525 Fm 766,Cuero,77002,Harris,6/30/2012
TX,Clay Co. Jail,20,Local,,,,,12/31/2013
TX,Clemens Unit,"1,153",State,11034 S Hwy 36,Brazoria,77422,Brazoria,6/30/2012
TX,Cleveland Correctional Center,520,Private,901 East 5Th Street,Cleveland,77327,Liberty,6/30/2012
TX,"Clover House, Inc.",30,Private,700 North Dixie,Odessa,79761,Ector,6/30/2012
TX,"Clover House, Inc.",15,Private,823 Idlewood,Odessa,79761,Ector,6/30/2012
TX,"Clover House, Inc.",72,Private,300 North Jackson,Odessa,79761,Ector,6/30/2012
TX,Clyde M. Johnston Substance Abuse Felony Punishment Facility,540,State,703 Airport Road,Winnsboro,77406,Fort Bend,6/30/2012
TX,Cochran Co. Jail,3,Local,,,,,12/31/2013
TX,Coleman Co. Jail,7,Local,,,,,12/31/2013
TX,Collin Co. Det. Fac.,930,Local,,,,,12/31/2013
TX,Collingsworth Co. Jail,10,Local,,,,,12/31/2013
TX,Colorado Co. Jail,50,Local,,,,,12/31/2013
TX,Comal Co. Jail,256,Local,,,,,12/31/2013
TX,Comanche Co. Law Enforcement Ctr.,65,Local,,,,,12/31/2013
TX,Coryell Co. Jail,77,Local,,,,,12/31/2013
TX,Cotulla Transfer Facility,572,State,610 Fm 624,Cotulla,78014,La Salle,6/30/2012
TX,County Rehabilitation Center,28,Private,12133 Cr 46,Tyler,75704,Smith,6/30/2012
TX,Crane Co. Jail,12,Local,,,,,12/31/2013
TX,Crosby Co. Jail,8,Local,,,,,12/31/2013
TX,Crosspoint CSC,125,Private,420 Baltimore St.,San Antonio,78215,Bexar,6/30/2012
TX,Culberson Co. Jail,10,Local,,,,,12/31/2013
TX,Dalby CI,"1,915",Private,805 N Avenuef,Post,79356,Garza,6/30/2012
TX,Dalby CI,"1,668",Private,805 North Avenue F,Post,79356,Garza,4/2/2020
TX,Dalhart Unit,"1,368",State,11950 Fm 998,Dalhart,79022,,6/30/2012
TX,Dallam-Hartley County Jail,30,Local,,,,,12/31/2013
TX,Dallas Transitional Center,206,Private,899 North Stemmons Freeway,Dallas,75207,Dallas,6/30/2012
TX,Daniel Webster Wallace Unit,"1,398",State,1675 S. Fm 3525,Colorado City,79512,Mitchell,6/30/2012
TX,Darrington Unit,"1,827",State,59 Darrington Road,Rosharon,77583,,6/30/2012
TX,Dawson Co. Jail,39,Local,,,,,12/31/2013
TX,Dawson State Jail,"2,200",Private,106 West Commerce Street,Dallas,75265,,6/30/2012
TX,Deaf Smith Co. Jail,71,Local,,,,,12/31/2013
TX,Delta Co. Jail,17,Local,,,,,12/31/2013
TX,Dempsie Henley State Jail,551,State,7581 Hwy 321,Dayton,77535,,6/30/2012
TX,Denton County Jail,"1,147",Local,,,,,12/31/2013
TX,Dewitt Co. Jail,115,Local,,,,,12/31/2013
TX,Diboll Correctional Center,518,Private,1604 S 1St Street,Diboll,75941,Angelina,6/30/2012
TX,Dick Ware Transfer Facility,867,Private,1681 South Fm 3525,Colorado City,79512,Mitchell,6/30/2012
TX,Dickens Co. Jail,3,Local,,,,,12/31/2013
TX,Dimmit Co. Jail,66,Local,,,,,12/31/2013
TX,"Dismas Charities, CSC - El Paso",135,Private,7011 Alameda Avenue,El Paso,79915,El Paso,6/30/2012
TX,"Dismas Charities, CSC - Laredo",95,Private,6752 Gilbert Road,Laredo,78041,Webb,6/30/2012
TX,"Dismas Charities, CSC - Midland",98,Private,24 Industrial Loop,Midland,79701,Midland,6/30/2012
TX,Dolph Briscoe Unit,"1,342",State,1459 West Hwy 85,Dilley,78017,Frio,6/30/2012
TX,Donley Co. Jail,10,Local,,,,,12/31/2013
TX,Dr. Lane Murray Unit,"1,296",State,1916 N Hwy 36 Bypass,Gatesville,76596,Coryell,6/30/2012
TX,Duval Co. Jail,28,Local,,,,,12/31/2013
TX,"E.P. Horizon Mgt., Llc",20,Private,"1700 N. Horizon Blvd., Dorm F",Horizon City,79927,El Paso,6/30/2012
TX,East Texas Multi-Use Facility,900,Private,900 Industrial Drive,Henderson,75653,,6/30/2012
TX,Eastham Unit,"2,441",State,2665 Prison Road #1,Lovelady,75851,Houston,6/30/2012
TX,Ector County Law Enforcement Center,572,Local,,,,,12/31/2013
TX,Eden CI,"1,557",Private,702 East Broadway,Eden,76837,Concho,6/30/2012
TX,Edwards Co. Jail,8,Local,,,,,12/31/2013
TX,El Paso County Detention Facility - Annex,"1,395",Local,,,,,12/31/2013
TX,El Paso County Detention Facility - Downtown Jail,880,Local,,,,,12/31/2013
TX,El Paso Transitional Center (South),158,Private,1650 Horizon Blvd,El Paso,79928,El Paso,6/30/2012
TX,El Paso Transitional Center (North),203,Private,1700 Horizon Blvd.,"El Paso,",79928,El Paso,6/30/2012
TX,Ellen Halbert Substance Abuse Felony Punishment Facility,557,State,800 Ellen Halbert Drive,Burnet,78611,Burnet,6/30/2012
TX,Ellis Co. Jail,393,Local,,,,,12/31/2013
TX,Erath Co. Jail,72,Local,,,,,12/31/2013
TX,Euless City Jail,22,Local,,,,,12/31/2013
TX,Fabian Dale Dominguez State Jail,"2,048",State,6535 Cagnon Road,San Antonio,78252,Bexar,6/30/2012
TX,Falls Co. Det. Ctr,33,Local,,,,,12/31/2013
TX,Fannin Co. Jail,499,Local,,,,,12/31/2013
TX,Fayette Co. Justice Ctr.,27,Local,,,,,12/31/2013
TX,Fisher Co. Jail,7,Local,,,,,12/31/2013
TX,Formby State Jail,"1,037",State,998 County Road Aa,Plainview,79072,Hale,6/30/2012
TX,Fort Bend Co. Jail,837,Local,,,,,12/31/2013
TX,Fort Stockton Transfer Facility,576,State,1536 Ih 10 East,Fort Stockton,79735,Pecos,6/30/2012
TX,Fort Worth Administrative,"1,546",Federal Medical Center,3150 Horton Road,Fort Worth,76119,Tarrant,4/2/2020
TX,Fort Worth FCI,"1,867",Federal,3150 Horton Road,Fort Worth,76119,Tarrant,6/30/2012
TX,Fort Worth Transitional Center,209,Private,600 North Henderson,Fort Worth,76107,Tarrant,6/30/2012
TX,Franklin Co. Jail,34,Local,,,,,12/31/2013
TX,Freeport City Jail,7,Local,,,,,12/31/2013
TX,Freestone Co. Jail,56,Local,,,,,12/31/2013
TX,French Robertson Unit,"2,919",State,12071 Fm 3522,Abilene,79601,,6/30/2012
TX,Gaines Co. Law Enforcment Ctr.,21,Local,,,,,12/31/2013
TX,Galveston Co. Jail,892,Local,,,,,12/31/2013
TX,Garland County Detention Center,35,Local,,,,,12/31/2013
TX,Garza Co. Jail,71,Local,,,,,12/31/2013
TX,Garza East Transfer Facility,"2,236",State,4304 Hwy 202,Beeville,78102,Bee,6/30/2012
TX,Garza West Transfer Facility,"2,071",State,4250 Hwy 202,Beeville,78102,Bee,6/30/2012
TX,George Beto Unit,"3,340",State,1391 Fm 3328,Tennessee Colony,75880,Anderson,6/30/2012
TX,Gib Lewis Unit,"2,201",State,777 Fm 3497,Woodville,75990,Tyler,6/30/2012
TX,Gillespie Co. Jail,10,Local,,,,,12/31/2013
TX,Glen Ray Goodman Transfer Facility,557,State,349 Private Road 8430,Jasper,75951,Jasper,6/30/2012
TX,Glossbrenner Substance Abuse Felony Punishment Facility,443,State,5100 South Fm 1329,San Diego,78384,,6/30/2012
TX,Goliad Co. Jail,25,Local,,,,,12/31/2013
TX,Gonzales Co. Jail,93,Local,,,,,12/31/2013
TX,Grand Prairie City Jail,70,Local,,,,,12/31/2013
TX,Gray Co. Jail,55,Local,,,,,12/31/2013
TX,Grayson Co. Jail,379,Local,,,,,12/31/2013
TX,Gregg Co. Jail,762,Local,,,,,12/31/2013
TX,Grimes Co. Jail,72,Local,,,,,12/31/2013
TX,Guadalupe Co. Det. Ctr.,310,Local,,,,,12/31/2013
TX,H.H. Coffield Unit,"4,056",State,2661 Fm 2054,Tennessee Colony,75884,Anderson,6/30/2012
TX,Hale Co. Law Enforcement Ctr.,95,Local,,,,,12/31/2013
TX,Hall Co. Jail,5,Local,,,,,12/31/2013
TX,Hamilton Co. Jail,12,Local,,,,,12/31/2013
TX,Hansford Co. Jail,3,Local,,,,,12/31/2013
TX,Hardeman Co. Jail,8,Local,,,,,12/31/2013
TX,Hardin Co. Jail,127,Local,,,,,12/31/2013
TX,Harris County Jail,"3,958",Local,,,,,12/31/2013
TX,Harris County Jail - Minimum Security,723,Local,,,,,12/31/2013
TX,Harris County Jail -Detention Center,"4,003",Local,,,,,12/31/2013
TX,Harris County Jail Annex,117,Local,,,,,12/31/2013
TX,Harrison County Jail And Annex,312,Local,,,,,12/31/2013
TX,Hays Co. Jail,272,Local,,,,,12/31/2013
TX,Hemphill Co. Jail,6,Local,,,,,12/31/2013
TX,Henderson Co. Jail,345,Local,,,,,12/31/2013
TX,Hidalgo County Adult Detention Center,"1,097",Local,,,,,12/31/2013
TX,Hill Co. Law Enforcement Ctr.,139,Local,,,,,12/31/2013
TX,Hilltop Unit,528,State,1500 State School Road,Gatesville,76598,Coryell,6/30/2012
TX,Hockley Co. Jail,75,Local,,,,,12/31/2013
TX,Hood Co. Jail,146,Local,,,,,12/31/2013
TX,Hopkins County Jail,94,Local,,,,,12/31/2013
TX,Hospital Galveston,100,State,809 Harborside Drive,Galveston,77555,Galveston,6/30/2012
TX,Houston Co. Jail,92,Local,,,,,12/31/2013
TX,Houston FDC,724,Federal,1200 Texas Avenue,Houston,77002,Harris,4/2/2020
TX,Howard Co. Jail,58,Local,,,,,12/31/2013
TX,Hudspeth Co. Jail,77,Local,,,,,12/31/2013
TX,Hunt Co. Criminal Justice Ctr.,333,Local,,,,,12/31/2013
TX,Huntsville Unit,"1,336",State,815 12Th Street,Huntsville,77348,,6/30/2012
TX,Hurst City Jail,21,Local,,,,,12/31/2013
TX,Hutchins State Jail,"2,019",State,1500 E Langdon Road,Dallas,75241,Dallas,6/30/2012
TX,Hutchinson Co. Jail,60,Local,,,,,12/31/2013
TX,Iah Secure Adult Detention Facility,591,Local,,,,,12/31/2013
TX,Irving City Jail,31,Local,,,,,12/31/2013
TX,J. B. Wheeler State Jail,506,State,986 County Road Aa,Plainview,79072,Hale,6/30/2012
TX,J.W. Hamilton Pre-Release Facility,837,State,200 Lee Morrison Lane,Bryan,77807,Brazos,6/30/2012
TX,Jack Co. Jail,14,Local,,,,,12/31/2013
TX,Jack Harwell Detention Center - Lasalle,501,Local,,,,,12/31/2013
TX,Jackson Co. Jail,62,Local,,,,,12/31/2013
TX,James (Jay) H. Byrd Unit,"1,108",State,21 Fm 247,Huntsville,77320,Walker,6/30/2012
TX,James Lynaugh Unit,"1,401",State,1098 South Hwy 2037,Fort Stockton,79735,Pecos,6/30/2012
TX,James V. Allred Unit,"3,630",State,2101 Fm 369 North,Iowa Park,76367,Wichita,6/30/2012
TX,Jasper Co. Law Enforcement Ctr.,94,Local,,,,,12/31/2013
TX,Jefferson County Detention Center,785,Local,,,,,12/31/2013
TX,Jefferson County Downtown Detention Center - La Salle,129,Local,,,,,12/31/2013
TX,Jerry H. Hodge Developmentally Disabled Program,908,State,379 Fm 2972,Rusk,75785,Cherokee,6/30/2012
TX,Jim Ferguson Unit,"2,336",State,12120 Savage Drive,Midway,75852,,6/30/2012
TX,Jim Rudd Transfer Facility,529,State,2004 Lamesa Hwy,Brownfield,79316,Terry,6/30/2012
TX,Jim Wells Co. Jail,61,Local,,,,,12/31/2013
TX,Joe F. Gurney Transfer Facility,"1,899",State,1385 Fm 3328,Tennessee Colony,75803,Anderson,6/30/2012
TX,Joe Kegans State Jail,644,State,707 Top Street,Houston,77002,Harris,6/30/2012
TX,Joe Ney State Jail,550,State,114 Private Road 4303,Hondo,78861,Medina,6/30/2012
TX,John B. Connally Unit,"2,450",State,899 Fm 632,Kenedy,78119,,6/30/2012
TX,John M. Wynne Unit,"2,603",State,810 Fm 2821,Huntsville,77349,,6/30/2012
TX,John Middleton Transfer Facility,"1,975",State,13055 Fm 3522,Abilene,79601,,6/30/2012
TX,John Montford Psychiatric Facility,"1,023",State,8602 Peach Street,Lubbock,79404,Lubbock,6/30/2012
TX,John R. Lindsey State Jail,"1,029",Private,1620 Fm 3344,Jacksboro,76458,Jack,6/30/2012
TX,Johnson Co. Jail,640,Local,,,,,12/31/2013
TX,Jones Co. Jail,35,Local,,,,,12/31/2013
TX,Kaufman Co. Jail,324,Local,,,,,12/31/2013
TX,Kemah City Jail,2,Local,,,,,12/31/2013
TX,Kendall Co. Jail,46,Local,,,,,12/31/2013
TX,Kerr Co. Jail,134,Local,,,,,12/31/2013
TX,Kimble Co. Jail,11,Local,,,,,12/31/2013
TX,Kinney Co. Jail,28,Local,,,,,12/31/2013
TX,Knox Co. Jail,9,Local,,,,,12/31/2013
TX,Kyle Correctional Center,519,Private,23001 Ih-35,Kyle,78640,Hays,6/30/2012
TX,L.V. Hightower Unit,"1,367",State,902 Fm 686,Dayton,77535,,6/30/2012
TX,La Tuna FCI,"1,332",Federal,8500 Doniphan Road,Anthony,79821,El Paso,6/30/2012
TX,La Tuna FCI,642,Federal,8500 Doniphan Road,Anthony,79821,El Paso,4/2/2020
TX,La Tuna-Camp,332,Federal,8500 Doniphan Road,Anthony,79821,El Paso,6/30/2012
TX,La Tuna-Camp,225,Federal,8500 Doniphan Road,Anthony,79821,El Paso,4/2/2020
TX,La Tuna-Fsl,97,Federal,8500 Doniphan Road,Anthony,79821,El Paso,6/30/2012
TX,Lamar Co. Jail,152,Local,,,,,12/31/2013
TX,Lampasas Co. Jail,27,Local,,,,,12/31/2013
TX,Land Manor / Franklin House,23,Private,1635 Avenue A,"Beaumont,",77701,Jefferson,6/30/2012
TX,"Land Manor, Inc.",64,Private,1765/1785 Washington Blvd.,Beaumont,77705,Jefferson,6/30/2012
TX,Larry Gist State Jail,"2,027",State,3295 Fm 3514,Beaumont,77705,Jefferson,6/30/2012
TX,Lavaca Co. Jail,29,Local,,,,,12/31/2013
TX,Lee Co. Jail,44,Local,,,,,12/31/2013
TX,Leidel Comprehensive Sanction Center,230,Private,1819 Commerce St,Houston,77002,Harris,6/30/2012
TX,Leon Co. Jail,30,Local,,,,,12/31/2013
TX,Lew Sterrett North Tower,"2,900",Local,,,,,12/31/2013
TX,Lew Sterrett West Tower,"1,100",Local,,,,,12/31/2013
TX,Liberty Co. Jail- Community Education Center,228,Local,,,,,12/31/2013
TX,"Liberty Lodge, Inc.",47,Private,160 Fm 2507,Alice,78332,Jim Wells,6/30/2012
TX,Limestone Co. Jail,142,Local,,,,,12/31/2013
TX,Limestone Detention Center,"1,025",Private,910 N Tyus Road,Groesbeck,76642,Limestone,6/30/2012
TX,Linda Woodman State Jail,761,State,1210 Coryell City Road,Gatesville,76528,Coryell,6/30/2012
TX,Lipscomb Co. Jail,3,Local,,,,,12/31/2013
TX,Live Oak Co. Jail,49,Local,,,,,12/31/2013
TX,Llano Co. Jail,50,Local,,,,,12/31/2013
TX,Lockhart Unit/Work Program,998,Private,1400 Industrial Blvd.,Lockhart,78644,Caldwell,6/30/2012
TX,Lon Evans Corrections Center,164,Local,,,,,12/31/2013
TX,Louis C. Powledge Unit,"1,124",State,1400 Fm 3452,Palestine,75803,Anderson,6/30/2012
TX,Lubbock Dentention Center,"1,228",Local,,,,,12/31/2013
TX,Lubbock Regional Mhmr Center,65,Private,1601 Vanda Avenue,Lubbock,79404,Lubbock,6/30/2012
TX,Lucile Plane State Jail,"1,953",State,904 Fm 686,Dayton,77535,,6/30/2012
TX,Lynn Co. Jail,15,Local,,,,,12/31/2013
TX,Madison Co. Jail,36,Local,,,,,12/31/2013
TX,Manuel A. Segovia Pre-Release Facility,"1,170",State,1201 El Cibolo Road,Edinburg,78542,Hidalgo,6/30/2012
TX,Marion Co. Jail,33,Local,,,,,12/31/2013
TX,Mark W. Michael Unit,"3,245",State,2664 Fm 2054,Tennessee Colony,75886,Anderson,6/30/2012
TX,Mark W. Stiles Unit,"2,924",State,3060 Fm 3514,Beaumont,77705,Jefferson,6/30/2012
TX,Marlin Transfer Facility,586,State,2893 State Highway 6,Marlin,76661,Falls,6/30/2012
TX,Martin Co. Jail,7,Local,,,,,12/31/2013
TX,Mason Co. Jail,N/A,Local,,,,,12/31/2013
TX,Matagorda Co. Jail,131,Local,,,,,12/31/2013
TX,MCCulloch Co. Jail,21,Local,,,,,12/31/2013
TX,Mclennan Co. Jail,859,Local,,,,,12/31/2013
TX,Medina Co. Jail,76,Local,,,,,12/31/2013
TX,Menard Co. Jail,5,Local,,,,,12/31/2013
TX,Mid-Valley House - Geo Group,138,Private,402 W Chapin Road,Edinburg,78541,Hidalgo,6/30/2012
TX,Midland Co. Central Jail,366,Local,,,,,12/31/2013
TX,Milam Co. Jail,105,Local,,,,,12/31/2013
TX,Mills Co. Jail,4,Local,,,,,12/31/2013
TX,Mineral Wells Pre-Parole Transfer Facility,"2,043",Private,759 Heintzelman Rd,Mineral Wells,76067,Palo Pinto,6/30/2012
TX,Mitchell Co. Jail,16,Local,,,,,12/31/2013
TX,Montague Co. Jail,63,Local,,,,,12/31/2013
TX,Montgomery County Jail,"1,140",Local,,,,,12/31/2013
TX,Moore Co. Jail,39,Local,,,,,12/31/2013
TX,Morris Co. Jail,27,Local,,,,,12/31/2013
TX,Mountain View Unit,614,State,2305 Ransom Road,Gatesville,76528,Coryell,6/30/2012
TX,Nacogdoches Co. Jail,220,Local,,,,,12/31/2013
TX,Nathaniel J. Neal Unit,"1,716",State,9055 Spur 591,Amarillo,79107,Potter,6/30/2012
TX,Navarro Co. Justice Center,211,Local,,,,,12/31/2013
TX,Newton Co. Jail,11,Local,,,,,12/31/2013
TX,Nolan Co. Jail,43,Local,,,,,12/31/2013
TX,Nueces Co. Jail,985,Local,,,,,12/31/2013
TX,O.B. Ellis Unit,"2,454",State,1697 Fm 980,Huntsville,77343,,6/30/2012
TX,O.L. Luther Unit,"1,251",State,1800 Luther Drive,Navasota,77868,,6/30/2012
TX,Ochiltree Co. Jail,25,Local,,,,,12/31/2013
TX,Oldham Co. Jail,2,Local,,,,,12/31/2013
TX,Orange Co. Jail,181,Local,,,,,12/31/2013
TX,Palo Pinto Co. Law Enforcement Ctr.,97,Local,,,,,12/31/2013
TX,Pam Lychner State Jail,"2,110",State,2350 Atascocita Road,Humble,77396,Harris,6/30/2012
TX,Panola Co. Jail,56,Local,,,,,12/31/2013
TX,Parker Co. Jail,425,Local,,,,,12/31/2013
TX,Parmer Co. Jail,32,Local,,,,,12/31/2013
TX,Pecos Co. Jail,27,Local,,,,,12/31/2013
TX,Polk Co. Jail,159,Local,,,,,12/31/2013
TX,Potter Co. Det. Ctr.,490,Local,,,,,12/31/2013
TX,Presidio County Jail,73,Local,,,,,12/31/2013
TX,Preston E. Smith Unit,"2,143",State,1313 County Road 19,Lamesa,79331,Dawson,6/30/2012
TX,Price Daniel Unit,"1,368",State,938 South Fm 1673,Snyder,79549,Scurry,6/30/2012
TX,Rains Co. Law Enforcement Ctr.,22,Local,,,,,12/31/2013
TX,Randall Co. Jail,362,Local,,,,,12/31/2013
TX,Reality House - Geo Group,73,Private,5965 N. Expressway 77/83,Brownsville,78520,Cameron,6/30/2012
TX,"Reality Ranch, Llc",60,Private,1515 /1602 N. Tancahua,Corpus Christi,78401,Nueces,6/30/2012
TX,Red River Co. Law Enforcement Ctr.,31,Local,,,,,12/31/2013
TX,Reeves CI,"1,635",Private,98 West County Road #204,Pecos,79772,Reeves,4/2/2020
TX,Reeves Co. Jail,61,Local,,,,,12/31/2013
TX,Reeves County Detention Center I & Ii,"2,405",Private,98 West County Road 204,Pecos,79772,Reeves,6/30/2012
TX,Reeves County Detention Center Iii,"1,355",Private,100 West County Road 204,Pecos,79772,Reeves,6/30/2012
TX,Reeves DC,"1,268",Private,100 County Road # 204,Pecos,79772,Reeves,4/2/2020
TX,Refugio Co. Jail,38,Local,,,,,12/31/2013
TX,Reverend C.A. Holliday Transfer Facility,"2,041",State,295 Ih 45 North,Huntsville,77320,Walker,6/30/2012
TX,Reynoldo V. Lopez State Jail,973,State,1203 El Cibolo Road,"Edinburg,",78542,Hidalgo,6/30/2012
TX,Richard P. Leblanc Pre-Release Facility,"1,027",State,3695 Fm 3514,Beaumont,77705,Jefferson,6/30/2012
TX,Robertson Co. Jail,28,Local,,,,,12/31/2013
TX,Rogelio Sanchez State Jail,923,State,3901 State Jail Road,El Paso,79938,El Paso,6/30/2012
TX,Rolling Plains Detention Center,479,Local,,,,,12/31/2013
TX,Rosenberg City Jail,6,Local,,,,,12/31/2013
TX,Ruben M. Torres Unit,"1,362",State,125 Private Road 4303,Hondo,78861,Medina,6/30/2012
TX,Rufe Jordan Unit,980,State,1992 Helton Road,Pampa,79065,Gray,6/30/2012
TX,Rufus H. Duncan Unit,481,State,1502 S 1St Street,Diboll,75941,Angelina,6/30/2012
TX,Runnels Co. Jail,42,Local,,,,,12/31/2013
TX,Rusk County Justice Center,89,Local,,,,,12/31/2013
TX,Sabine Co. Jail,16,Local,,,,,12/31/2013
TX,Salvation Army,212,Private,5302 Harry Hines Blvd.,Dallas,75235,Dallas,6/30/2012
TX,Salvation Army CSC,62,Private,500 S. Fourth Street,Waco,76703,McLennan,6/30/2012
TX,San Augustine Co. Jail,20,Local,,,,,12/31/2013
TX,San Jacinto Co. Jail,61,Local,,,,,12/31/2013
TX,San Patricio Co. Jail,204,Local,,,,,12/31/2013
TX,San Saba Co. Jail,5,Local,,,,,12/31/2013
TX,San Saba Transfer Facility,571,State,206 South Wallace Creek Road,San Saba,76877,San Saba,6/30/2012
TX,"Sanders ""Sandy"" Estes Unit","1,037",Private,1100 Hwy 1807,Venus,76084,,6/30/2012
TX,Schleicher Co. Jail,9,Local,,,,,12/31/2013
TX,Scurry Co. Jail,47,Local,,,,,12/31/2013
TX,Seagoville FCI,"1,799",Federal,2113 North Hwy 175,Seagoville,75159,,6/30/2012
TX,Seagoville FCI,"1,808",Federal,2113 North Hwy 175,Seagoville,75159,,4/2/2020
TX,Seagoville-Camp,172,Federal,2113 North Hwy 175,Seagonville,75159,,6/30/2012
TX,Seagoville-Camp,168,Federal,2113 North Hwy 175,Seagoville,75159,,4/2/2020
TX,Shackleford Co. Jail,16,Local,,,,,12/31/2013
TX,Shelby Co. Jail,55,Local,,,,,12/31/2013
TX,Sherman Co. Jail,2,Local,,,,,12/31/2013
TX,Skyview Psychiatric Facility,503,State,379 Fm 2972,Rusk,75785,Cherokee,6/30/2012
TX,Somervell Co. Jail,40,Local,,,,,12/31/2013
TX,South Texas ISF,436,Private,1511 Preston Road,Houston,77002,Harris,6/30/2012
TX,Southeast Texas Transitional Center,468,Private,10950 Old Beaumont Hwy,Houston,77078,Harris,6/30/2012
TX,Starr Co. Jail,248,Local,,,,,12/31/2013
TX,Stonewall Co. Jail,2,Local,,,,,12/31/2013
TX,Sutton Co. Jail,7,Local,,,,,12/31/2013
TX,Suzanne Kays South Tower,"1,700",Local,,,,,12/31/2013
TX,Swisher Co. Jail,14,Local,,,,,12/31/2013
TX,T.L. Roach Unit,"1,502",State,15845 Fm 164,Childress,79201,Childress,6/30/2012
TX,T.L. Timmons Law Enforcement Ctr.,43,Local,,,,,12/31/2013
TX,Tarrant County - Cold Springs Unit,215,Local,,,,,12/31/2013
TX,Tarrant County - Correctional Center,"1,663",Local,,,,,12/31/2013
TX,Tarrant County - Green Bay Maximum Security Facility,"1,092",Local,,,,,12/31/2013
TX,Taylor Co. Jail,531,Local,,,,,12/31/2013
TX,Terrell Co. Jail,2,Local,,,,,12/31/2013
TX,Terry Co. Jail,77,Local,,,,,12/31/2013
TX,Texarkana FCI,"1,209",Federal,4001 Leopard Drive,Texarkana,75501,Bowie,6/30/2012
TX,Texarkana FCI,901,Federal,4001 Leopard Drive,Texarkana,75501,Bowie,4/2/2020
TX,Texarkana-Camp,290,Federal,4001 Leapard Drive,Texarkana,75501,Bowie,6/30/2012
TX,Texarkana-Camp,303,Federal,4001 Leopard Drive,Texarkana,75501,Bowie,4/2/2020
TX,Thomas Goree Unit,"1,095",State,7405 Hwy 75 South,Huntsville,77344,,6/30/2012
TX,Thomas R. Havins Pre-Release Facility,584,State,500 Fm 45 East,Brownwood,76801,Brown,6/30/2012
TX,Three Rivers FCI,"1,158",Federal,Us Highway 72 West,Three Rivers,78071,Live Oak,6/30/2012
TX,Three Rivers FCI,"1,021",Federal,Us Highway 72 West,Three Rivers,78071,Live Oak,4/2/2020
TX,Three Rivers-Camp,360,Federal,Us Highway 72 West,Three Rivers,78071,Live Oak,6/30/2012
TX,Three Rivers-Camp,249,Federal,Us Highway 72 West,Three Rivers,78071,Live Oak,4/2/2020
TX,Titus Co. Jail,119,Local,,,,,12/31/2013
TX,Tom Bowles Detention Center,102,Local,,,,,12/31/2013
TX,Tom Green Co. Jail,422,Local,,,,,12/31/2013
TX,Travis County Correctional Complex,"2,345",Local,,,,,12/31/2013
TX,Travis County State Jail,"1,046",State,8101 Fm 969,Austin,78724,Travis,6/30/2012
TX,Treatment Associates,68,Private,107 Cozzi Circle,Victoria,77901,Victoria,6/30/2012
TX,Trinity Co. Jail,7,Local,,,,,12/31/2013
TX,Tulia Transfer Facility,576,State,4000 Hwy 86 W,Tulia,79088,Swisher,6/30/2012
TX,Tyler Co. Jail,35,Local,,,,,12/31/2013
TX,Upton Co. Jail,47,Local,,,,,12/31/2013
TX,Uvalde Co. Jail,129,Local,,,,,12/31/2013
TX,Val Verde Correctional Facility,"1,364",Local,,,,,12/31/2013
TX,Van Zandt Co. Jail,158,Local,,,,,12/31/2013
TX,Victoria Co. Jail,353,Local,,,,,12/31/2013
TX,Volunteers of America,114,Private,800 West Wintergreen Road,Hutchins,75141,Dallas,6/30/2012
TX,Volunteers of America,23,Private,5630 Lavendar Street,Houston,77026,Harris,6/30/2012
TX,Volunteers of America,55,Private,4700 S. Riverside,Fort Worth,76112,Tarrant,6/30/2012
TX,W.F. Ramsey Unit,"1,686",State,1100 Fm 655,Rosharon,77583,,6/30/2012
TX,"W.J. ""Jim"" Estelle Unit","3,102",State,264 Fm 3478,"Huntsville,",77320,Walker,6/30/2012
TX,Walker Co. Jail,63,Local,,,,,12/31/2013
TX,Walker Sayle Substance Abuse Felony Punishment Facility,593,State,4176 Fm 1800,Breckenridge,76424,Stephens,6/30/2012
TX,Wallace Pack Unit,"1,464",State,2400 Wallace Pack Road,Navasota,77868,,6/30/2012
TX,Waller Co. Jail,80,Local,,,,,12/31/2013
TX,Ward Co. Jail,59,Local,,,,,12/31/2013
TX,Washington Co. Jail,81,Local,,,,,12/31/2013
TX,Wayne Scott Unit,"1,027",State,6999 Retrieve Drive,Angleton,77515,Brazoria,6/30/2012
TX,Webb Co. Jail,495,Local,,,,,12/31/2013
TX,West Texas ISF,271,Private,2002 Lamesa Hwy,Brownfield,79316,Terry,6/30/2012
TX,Wharton Co. Jail,130,Local,,,,,12/31/2013
TX,Wheeler Co. Jail,3,Local,,,,,12/31/2013
TX,Wichita Co. Jail,459,Local,,,,,12/31/2013
TX,Willacy CI,"1,814",Private,1800 Industrial Drive,Raymondville,78580,Willacy,6/30/2012
TX,Willacy Co. Jail,62,Local,,,,,12/31/2013
TX,Willacy County State Jail,"1,067",Private,1695 S Buffalo Drive,Raymondville,78580,Willacy,6/30/2012
TX,William G. MCConnell Unit,"2,929",State,3001 S Emily Drive,Beeville,78102,Bee,6/30/2012
TX,William P. Clements Unit,"3,525",State,9601 Spur 591,Amarillo,79107,Potter,6/30/2012
TX,William P. Hobby Unit,"1,338",State,742 Fm 712,Marlin,76661,Falls,6/30/2012
TX,William R. Boyd Unit,"1,331",State,200 Spur 113,Teague,75860,Freestone,6/30/2012
TX,Williamson Co. Jail,603,Local,,,,,12/31/2013
TX,Winkler Co. Jail,90,Local,,,,,12/31/2013
TX,Wise Co. Jail,170,Local,,,,,12/31/2013
TX,Wood Co. Jail,106,Local,,,,,12/31/2013
TX,Yoakum County Law Enforcement Center,15,Local,,,,,12/31/2013
TX,Young County Jail,80,Local,,,,,12/31/2013
TX,Zapata Co. Jail,19,Local,,,,,12/31/2013
TX,Zapata Co. Regional Jail,137,Local,,,,,12/31/2013
TX,Zavala Co. Jail,64,Local,,,,,12/31/2013
UT,Beaver Co. Corr. Fac.,382,Local,,,,,12/31/2013
UT,Bonneville Community Correctional Center,42,State,1141 S 2475 W,Salt Lake City,84104,Salt Lake,6/30/2012
UT,Box Elder Co. Jail,129,Local,,,,,12/31/2013
UT,Cache Co. Jail,258,Local,,,,,12/31/2013
UT,Carbon Co. Jail,98,Local,,,,,12/31/2013
UT,Daggett Co. Jail,75,Local,,,,,12/31/2013
UT,Davis Co. Jail,688,Local,,,,,12/31/2013
UT,Draper State Prison,"3,751",State,P.O. Box 250,Draper,84020,Salt Lake,6/30/2012
UT,Duchesne Co. Jail,176,Local,,,,,12/31/2013
UT,Emery Co. Jail,40,Local,,,,,12/31/2013
UT,Fremont Correctional Center,51,State,2588 W 2365 S,Salt Lake City,84119,Salt Lake,6/30/2012
UT,Garfield Co. Jail,105,Local,,,,,12/31/2013
UT,Grand Co. Jail,35,Local,,,,,12/31/2013
UT,Gunnison Prison,"1,508",State,255 East 300 North,Gunnison,84634,Sanpete,6/30/2012
UT,Iron Co. Jail,169,Local,,,,,12/31/2013
UT,Juab Co. Jail,38,Local,,,,,12/31/2013
UT,Kane Co. Jail,164,Local,,,,,12/31/2013
UT,Northern Utah Community Correctional Center,138,State,2445 S Water Tower Way,Ogden,84401,Weber,6/30/2012
UT,Orange Street Community Correctional Center,57,State,80 South Orange Street,Salt Lake City,84116,Salt Lake,6/30/2012
UT,Rich Co. Jail,1,Local,,,,,12/31/2013
UT,Salt Lake City Center,85,Private,1585 West 2100 South,Salt Lake City,84119,Salt Lake,6/30/2012
UT,Salt Lake County Jail,"2,036",Local,,,,,12/31/2013
UT,San Juan Co. Jail,92,Local,,,,,12/31/2013
UT,Sanpete County Sheriff's Complex,91,Local,,,,,12/31/2013
UT,Sevier Co. Jail,111,Local,,,,,12/31/2013
UT,Summit Co. Jail,74,Local,,,,,12/31/2013
UT,Tooele County Detention Center,136,Local,,,,,12/31/2013
UT,Uintah Co. Jail,157,Local,,,,,12/31/2013
UT,Utah Co. Jail,887,Local,,,,,12/31/2013
UT,Wasatch Co. Jail,84,Local,,,,,12/31/2013
UT,Washington Co. Jail,420,Local,,,,,12/31/2013
VA,Accomack Co. Jail,97,Local,,,,,12/31/2013
VA,Albemarle Charlottesville Regional Jail,475,Local,,,,,12/31/2013
VA,Appalachian Detention Center,105,State,924 Clifton Road,Honaker,24260,,6/30/2012
VA,Arlington Co. Det. Fac.,494,Local,,,,,12/31/2013
VA,Augusta Correctional Facility,"1,146",State,1821 Estaline Valley Road,Craigsville,24430,Augusta,6/30/2012
VA,Baskerville Correctional Center,485,State,4150 Hayes Mill Road,Bakersville,23915,Mecklenburg,6/30/2012
VA,Bland Correctional Center,631,State,256 Bland Farm Road,Bland,24315,Bland,6/30/2012
VA,Blue Ridge Regional Jail Authority - Amherst County Adult Detenti,342,Local,,,,,12/31/2013
VA,Blue Ridge Regional Jail Authority - Bedford Adult Det. Ctr.,89,Local,,,,,12/31/2013
VA,Blue Ridge Regional Jail Authority - Campbell Co. Adult Det. Ctr.,119,Local,,,,,12/31/2013
VA,Blue Ridge Regional Jail Authority - Halifax County Adult Detenti,134,Local,,,,,12/31/2013
VA,Blue Ridge Regional Jail Authority - Lynchburg Adult Det. Ctr.,493,Local,,,,,12/31/2013
VA,Botetourt County Jail,113,Local,,,,,12/31/2013
VA,Bristol City Jail,154,Local,,,,,12/31/2013
VA,Brunswick Work Center,177,State,1147 Planters Road,Lawrenceville,23868,Brunswick,6/30/2012
VA,Buckingham Correctional Center,"1,083",State,1349 Correctional Center Road Route 20N,Dillwyn,23936,Buckingham,6/30/2012
VA,Caroline Correctional Center,138,State,31285 Camp Road,Hanover,23069,,6/30/2012
VA,Central Virgina Correctional Unit #13,265,State,6900 Courthouse Road,Chestfield,23832,Chesterfield,6/30/2012
VA,Central Virginia Regional Jail,377,Local,,,,,12/31/2013
VA,Charlotte Co. Jail,58,Local,,,,,12/31/2013
VA,Chesapeake City Jail,"1,144",Local,,,,,12/31/2013
VA,Chesterfield Co. Jail,308,Local,,,,,12/31/2013
VA,Chesterfield Women's Detention Center,42,State,7000 Courthouse Road,Chesterfield,23832,Chesterfield,6/30/2012
VA,Chesterfield Women's Diverson Center,58,State,7000 Courthouse Road,Chesterfield,23832,Chesterfield,6/30/2012
VA,City of Petersburg City Jail/Jail Annex,210,Local,,,,,12/31/2013
VA,Coffeewood Correctional Center,"1,059",State,12352 Coffeewood Drive,Mitchells,22729,Culpeper,6/30/2012
VA,Cold Springs Correctional Unit,115,State,221 Spitler Circle,Greenville,24440,Augusta,6/30/2012
VA,Cold Springs Work Center,147,State,192 Spitler Circle,Greenville,24440,Augusta,6/30/2012
VA,Culpeper Co. Jail,88,Local,,,,,12/31/2013
VA,Danville Adult Detention Center,155,Local,,,,,12/31/2013
VA,Danvillle City Jail,312,Local,,,,,12/31/2013
VA,Deep Meadow Correctional Center,746,State,3500 Woods Way,State Farm,23160,,6/30/2012
VA,Deerfield Correctional Center,"1,062",State,21360 Deerfield Drive,Capron,23829,Southampton,6/30/2012
VA,Deerfield Work Center For Men,190,State,15172 Old Belfield Road,Capron,23829,Southampton,6/30/2012
VA,Deerfield Work Center For Women,169,State,15080 Old Belfield Road,Capron,23829,Southampton,6/30/2012
VA,Dillwyn Correctional Center,990,State,1522 Prison Road,Dillwyn,23936,Buckingham,6/30/2012
VA,Eastern Shore Regional Jail,94,Local,,,,,12/31/2013
VA,Fairfax County Adult Detention Center,"1,220",Local,,,,,12/31/2013
VA,Fauquier Co. Adult Det. Ctr.,106,Local,,,,,12/31/2013
VA,Fluvanna Correctional Center,"1,240",State,144 Prison Lane Rt. 250 West,Troy,22974,,6/30/2012
VA,Franklin Co. Jail,62,Local,,,,,12/31/2013
VA,Gloucester Co. Jail,93,Local,,,,,12/31/2013
VA,Green Rock Correctional Center,"1,021",State,475 Green Rock Lane,Chatham,24531,Pittsylvania,6/30/2012
VA,Greensville Correctional Center,"2,670",State,901 Corrections Way,Jarratt,23870,Greensville,6/30/2012
VA,Greensville Work Center,293,State,901 Corrections Way,Jarratt,23870,Greensville,6/30/2012
VA,Halifax Correctional Unit,171,State,1200 Farm Road,South Boston,24592,Halifax,6/30/2012
VA,Hampton City Jail,410,Local,,,,,12/31/2013
VA,Hampton Roads Regional Jail,908,Local,,,,,12/31/2013
VA,Harrisonburg Men's Diversion Center,103,State,6624 Beard Woods Lane,Harrisburg,22802,,6/30/2012
VA,Haynesville Correctional Center,"1,018",State,650 Barn-Field Road,Haynesville,22472,Richmond,6/30/2012
VA,Haynesville Correctional Unit #17,114,State,363 Camp Seventeen Road,Haynesville,22472,Richmond,6/30/2012
VA,Henrico Co. Regional Jail East - New Kent County,519,Local,,,,,12/31/2013
VA,Henrico County Jail West,658,Local,,,,,12/31/2013
VA,Henry Co. Jail,160,Local,,,,,12/31/2013
VA,Indian Creek Correctional Center,"1,012",State,801 Sanderson Road,Chesapeake,23328,Chesapeake City,6/30/2012
VA,James River Work Center,279,State,1954 State Farm Rd,State Farm,23160,,6/30/2012
VA,Keen Mountain Correctional Center,907,State,State Route 629,Oakwood,24631,Buchanan,6/30/2012
VA,Lancaster Co. Corr. Ctr.,29,Local,,,,,12/31/2013
VA,Lawrenceville Correctional Center,"1,569",Private,1607 Planters Road,Lawrenceville,23868,Brunswick,6/30/2012
VA,Lee USP,"1,465",Federal,Lee County Industrial Park - Hickory Flats Road,Pennington Gap,24277,Lee,6/30/2012
VA,Lee USP,"1,303",Federal,Lee County Industrial Park,Pennington Gap,24277,Lee,4/2/2020
VA,Lee USP-Camp,142,Federal,Lee County Industrial Park - Hickory Flats Road,Pennington Gap,24277,Lee,6/30/2012
VA,Lee USP-Camp,74,Federal,Lee County Industrial Park,Pennington Gap,24277,Lee,4/2/2020
VA,Loudoun Co. Adult Det. Ctr.,368,Local,,,,,12/31/2013
VA,Lunenburg Correctional Center,"1,042",State,690 Falls Rd,Victoria,23974,Lunenburg,6/30/2012
VA,Marion Correctional Treatment Center,177,State,110 Wright Street,Marion,24354,Smyth,6/30/2012
VA,Martinsville City Jail,47,Local,,,,,12/31/2013
VA,Martinsville City Jail Annex,36,Local,,,,,12/31/2013
VA,Medical College of Virginia,15,State,401 N 12Th Street,Richmond,23298,Richmond City,6/30/2012
VA,Meherrin River Regional Jail,379,Local,,,,,12/31/2013
VA,Meherrin River Regional Jail - Boydton Satellite Facility,44,Local,,,,,12/31/2013
VA,Middle Peninsula Regional Security Ctr.,203,Local,,,,,12/31/2013
VA,Middle River Regional Jail,531,Local,,,,,12/31/2013
VA,Montgomery Co. Jail,92,Local,,,,,12/31/2013
VA,New River Valley Regional Jail,930,Local,,,,,12/31/2013
VA,Newport News City Farm,165,Local,,,,,12/31/2013
VA,Newport News City Jail,528,Local,,,,,12/31/2013
VA,Norfolk City Jail,"1,423",Local,,,,,12/31/2013
VA,Northern Neck Regional Jail,390,Local,,,,,12/31/2013
VA,Northwestern Regional Adult Det. Ctr.,556,Local,,,,,12/31/2013
VA,Nottoway Correctional Center,"1,196",State,2892 Schutt Road,Burkeville,23922,,6/30/2012
VA,Nottoway Work Center,189,State,P. O. Box 488,Burkville,23922,,6/30/2012
VA,Page Co. Jail,83,Local,,,,,12/31/2013
VA,Pamunkey Regional Jail,441,Local,,,,,12/31/2013
VA,Patrick Co. Jail,74,Local,,,,,12/31/2013
VA,Patrick Henry Correctional Unit,131,State,18155 A.L. Philpott Highway,Ridgeway,24148,Henry,6/30/2012
VA,Petersburg FCI,"1,278",Federal,1100 River Road,Hopewell,23860,,6/30/2012
VA,Petersburg FCI,873,Federal,1100 River Road,Hopewell,23860,,4/2/2020
VA,Petersburg FCI-Camp,269,Federal,1100 River Road,Hopewell,23860,,4/2/2020
VA,Petersburg Med FCI,"1,792",Federal,1060 River Road,Hopewell,23860,,6/30/2012
VA,Petersburg Med FCI,"1,545",Federal,1060 River Road,Hopewell,23860,,4/2/2020
VA,Petersburg-Camp,348,Federal,1100 River Road,Hopewell,23860,,6/30/2012
VA,Peumansend Creek Regional Jail,295,Local,,,,,12/31/2013
VA,Piedmont Regional Jail,537,Local,,,,,12/31/2013
VA,Pittsylvania Co. Jail,111,Local,,,,,12/31/2013
VA,Pocahontas State Correctional Center,"1,027",State,317 Old River Road,Pocahontas,24635,Tazewell,6/30/2012
VA,Portsmouth City Jail,416,Local,,,,,12/31/2013
VA,Powhatan Correctional Center,803,State,3600 Woods Way,State Farm,23160,,6/30/2012
VA,Powhaton Reception & Classification,411,State,3600 Woods Way,State Farm,23160,,6/30/2012
VA,Prince William - Manassas Regional Adult Det. Ctr.,981,Local,,,,,12/31/2013
VA,Rappahannock Co. Jail,23,Local,,,,,12/31/2013
VA,Red Onion State Prison,697,State,10800 H. Jack Rose Highway,Pound,24279,Wise,6/30/2012
VA,Rehabilitation Services 1,36,Private,300 West 20Th Street,Norfolk,23517,Norfolk City,6/30/2012
VA,Richmond City Jail,"1,267",Local,,,,,12/31/2013
VA,Riverside Regional Jail,"1,408",Local,,,,,12/31/2013
VA,Roanoke City Jail,663,Local,,,,,12/31/2013
VA,Roanoke Co./Salem Jail,139,Local,,,,,12/31/2013
VA,Rockbridge Regional Jail,106,Local,,,,,12/31/2013
VA,Rockingham-Harrisonburg Regional Jail,333,Local,,,,,12/31/2013
VA,Rustburg Correctional,138,State,479 Camp Nine Road,Rustburg,24588,Campbell,6/30/2012
VA,Shenandoah Co. Jail,100,Local,,,,,12/31/2013
VA,Southampton Co. Jail,107,Local,,,,,12/31/2013
VA,Southhampton Men's Detention Center,106,State,14380 Terrapin Drive,Capron,23829,Southampton,6/30/2012
VA,Southwest Virginia Regional Authority: Duffield,535,Local,,,,,12/31/2013
VA,Southwest Virginia Regional Jail Authority - Abingdon,688,Local,,,,,12/31/2013
VA,Southwest Virginia Regional Jail Authority: Haysi,265,Local,,,,,12/31/2013
VA,Southwest Virginia Regional Jail Authority: Tazewell,237,Local,,,,,12/31/2013
VA,St. Brides Correctional Center,"1,190",State,701 Sanderson Road,Chesapeake,23328,Chesapeake City,6/30/2012
VA,Stafford Men's Diverson Center,94,State,384 Eskimo Road,Stafford,22554,Stafford,6/30/2012
VA,Sussex Co. Jail,56,Local,,,,,12/31/2013
VA,Sussex I State Prison,"1,100",State,24414 Mussel White Drive,Waverly,23891,Sussex,6/30/2012
VA,Sussex Ii State Prison,"1,263",State,24427 Musselwhite Drive,Waverly,23891,Sussex,6/30/2012
VA,Virginia Beach Municipal Correctional Center,"1,284",Local,,,,,12/31/2013
VA,Virginia Correctional Center For Women,564,State,2841 River Road,Goochland,23063,Goochland,6/30/2012
VA,Virginia Peninsula Regional Jail,440,Local,,,,,12/31/2013
VA,Wallens Ridge State Prison,"1,001",State,272 Dogwood Dr,Big Stone Gap,24219,,6/30/2012
VA,Warren Co. Jail,172,Local,,,,,12/31/2013
VA,Western Tidewater Regional Jail,715,Local,,,,,12/31/2013
VA,Western Virginia Regional Jail,775,Local,,,,,12/31/2013
VA,White Post Diverson Center,120,State,201 Ray Of Hope Lane,White Post,22663,,6/30/2012
VA,William G. Truesdale Adult Detention Center,419,Local,,,,,12/31/2013
VA,Wise Correctional Unit,104,State,3703 Dungannon Road,Coeburn,24230,,6/30/2012
VT,Caledonia Community Work Camp,105,State,1266 Us Route 5,St. Johnsbury,05819,Caledonia,6/30/2012
VT,Chittenden Regional Correctional Facility,146,State,7 Farrell Street,South Burlington,05403,Chittenden,6/30/2012
VT,Marble Valley Regional Correctional Facility,144,State,167 State Street,Rutland,05701,Rutland,6/30/2012
VT,Northeast Regional Correctional Facility,146,State,1270 Us Route 5,St. Johnsbury,05819,Caledonia,6/30/2012
VT,Northern State Correctional Facility,413,State,2559 Glen Road,Newport,05851,Caledonia,6/30/2012
VT,Northwest State Correctional Facility,205,State,3649 Lower Newton Road,Swanton,05488,Franklin,6/30/2012
VT,Southeast State Work Camp,96,State,546 State Farm Road,Windsor,05089,Windsor,6/30/2012
VT,Southern State Correctional Facility,340,State,700 Charleston Road,Springfield,05156,Windsor,6/30/2012
WA,Aberdeen City Jail,22,Local,,,,,12/31/2013
WA,Adams Co. Jail,19,Local,,,,,12/31/2013
WA,Airway Heights Correctional Center,"2,166",State,11919 W. Sprague Ave,Airway Heights,99001,Spokane,6/30/2012
WA,Anthanum Work Release,58,State,2009 S 64Th Street,Yakima,98903,Yakima,6/30/2012
WA,Asotin Co. Jail,50,Local,,,,,12/31/2013
WA,Bellingham Work Release,23,State,1127 N Garden,Bellingham,98225,Whatcom,6/30/2012
WA,Benton Co. Jail,567,Local,,,,,12/31/2013
WA,Bishop Lewis Work Release,60,State,703 8Th Ave,Seattle,98104,King,6/30/2012
WA,Brownstone Work Release,64,State,223 S Browne,Spokane,99201,Spokane,6/30/2012
WA,Cedar Creek Correctional Center,475,State,12200 Bordeaux Rd,Littlerock,98556,Thurston,6/30/2012
WA,Chehalis Tribal Jail,5,Indian Country,,,,,6/30/2016
WA,Chelan Co. Regional Justice Ctr.,221,Local,,,,,12/31/2013
WA,City of Kent Corr. Fac.,119,Local,,,,,12/31/2013
WA,Clallam Bay Correctional Center,896,State,1830 Eagle Crest Way,Clallam Bay,98326,Clallam,6/30/2012
WA,Clallam Co. Corr. Fac.,123,Local,,,,,12/31/2013
WA,Clark County Jail And Work Center,722,Local,,,,,12/31/2013
WA,Clark County Work Release,24,State,5197 Nw Lowwer River Road,Vancouver,98660,Clark,6/30/2012
WA,Columbia Co. Jail,7,Local,,,,,12/31/2013
WA,Colville Tribal Correctional Facility,36,Indian Country,,,,,6/30/2016
WA,Cowlitz Co. Jail Annex,271,Local,,,,,12/31/2013
WA,Coyote Ridge Corrections Center,"2,531",State,1301 N Ephrata Ave,Connell,99326,Franklin,6/30/2012
WA,Elanor Chase House Work Release,16,State,427 W 7Th Ave,Spokane,99204,Spokane,6/30/2012
WA,Enumclaw City Jail,17,Local,,,,,12/31/2013
WA,Ferry Co. Jail,30,Local,,,,,12/31/2013
WA,Fife City Jail,27,Local,,,,,12/31/2013
WA,Forks Police Department,36,Local,,,,,12/31/2013
WA,Franklin Co. Jail,171,Local,,,,,12/31/2013
WA,Garfield Co. Jail,7,Local,,,,,12/31/2013
WA,Geiger Corr. Ctr.,273,Local,,,,,12/31/2013
WA,Grandview City Jail,9,Local,,,,,12/31/2013
WA,Grant Co. Jail,159,Local,,,,,12/31/2013
WA,Grant Co. Work Release Ctr.,49,Local,,,,,12/31/2013
WA,Grays Harbor Co. Jail,137,Local,,,,,12/31/2013
WA,Helen B Ratcliff Work Release,41,State,1531 13Th Ave S,Seattle,98144,King,6/30/2012
WA,Hoquiam City Jail,18,Local,,,,,12/31/2013
WA,Island County Jail,54,Local,,,,,12/31/2013
WA,Issaquah City Jail,67,Local,,,,,12/31/2013
WA,Jefferson Co. Jail,46,Local,,,,,12/31/2013
WA,King County Correctional Facility,"1,910",Local,,,,,12/31/2013
WA,Kirkland City Jail,12,Local,,,,,12/31/2013
WA,Kitsap Co. Sheriff's office Jail,428,Local,,,,,12/31/2013
WA,Kittitas Co. Corr. Ctr.,99,Local,,,,,12/31/2013
WA,Klickitat Co. Sheriffs office Jail,38,Local,,,,,12/31/2013
WA,Larch Correctional Center,473,State,15314 Ne Dole Valley Road,Yacolt,98675,Clark,6/30/2012
WA,Lewis Co. Jail,203,Local,,,,,12/31/2013
WA,Lincoln Co. Jail,22,Local,,,,,12/31/2013
WA,Longview Work Release,59,State,1821 1St Ave,Longview,98632,Cowlitz,6/30/2012
WA,Lynnwood City Jail,40,Local,,,,,12/31/2013
WA,Madison Inn Work Release,23,State,102 21St Ave E,Seattle,98112,King,6/30/2012
WA,Makah Public Safety-Adult Detention,4,Indian Country,,,,,6/30/2016
WA,Marysville City Jail,83,Local,,,,,12/31/2013
WA,Mason Co. Jail,115,Local,,,,,12/31/2013
WA,Mission Creek Corrections Center For Women,296,State,3420 Ne Sand Hill Road,Belfair,98528,Mason,6/30/2012
WA,Monroe Correctional Complex,"2,453",State,16700 177Th Avenue Se,Monroe,98272,Snohomish,6/30/2012
WA,Nisqually Adult Corrections,311,Indian Country,,,,,6/30/2016
WA,Oak Harbor Jail,7,Local,,,,,12/31/2013
WA,Okanogan Co. Corr. Ctr.,172,Local,,,,,12/31/2013
WA,Olympia City Jail,24,Local,,,,,12/31/2013
WA,Olympia Work Release Center,21,State,1800 11Th S.W.,Olympia,98504,,6/30/2012
WA,Olympic Correctional Center,359,State,11235 Hoh Mainline,Forks,98331,,6/30/2012
WA,Pacific Co. Jail,42,Local,,,,,12/31/2013
WA,Pend Oreille Co. Corr. Fac.,30,Local,,,,,12/31/2013
WA,Peninsula Work Release,58,State,1340 Lloyd Parkway,Port Orchard,98367,Kitsap,6/30/2012
WA,Pioneer Fellowship House,60,Private,220 11Th Ave,Seattle,98122,King,6/30/2012
WA,Progress House Work Release,70,State,5601 6Th Ave,Tacoma,98406,Pierce,6/30/2012
WA,Puyallup City Jail,49,Local,,,,,12/31/2013
WA,Puyallup Tribal Law Enforcement And Adult Detention,7,Indian Country,,,,,6/30/2016
WA,Quinault Nation Police Department And Holding Facility,11,Indian Country,,,,,6/30/2016
WA,Rap/Lincoln Park Release,42,State,3704-06 S Yakima,Tacoma,98418,Pierce,6/30/2012
WA,Reynolds Work Release,89,State,410 4Th Ave,Seattle,98104,King,6/30/2012
WA,Seatac FDC,678,Federal,2425 South 200Th Street,Seattle,98198,King,4/2/2020
WA,Skagit Co. Jail,218,Local,,,,,12/31/2013
WA,Skamania Co. Jail,28,Local,,,,,12/31/2013
WA,Snohomish County Sheriff's office: Corrections Bureau,"1,170",Local,,,,,12/31/2013
WA,South Correctional Entity,428,Local,,,,,12/31/2013
WA,Spokane Adult Detention Center,7,Indian Country,,,,,6/30/2016
WA,Spokane Co. Jail,721,Local,,,,,12/31/2013
WA,Stafford Creek Correctional Center,"1,945",State,191 Constantine Way,Aberdeen,98520,Grays Harbor,6/30/2012
WA,Stevens Co. Jail,40,Local,,,,,12/31/2013
WA,Sunnyside City Jail,50,Local,,,,,12/31/2013
WA,Tacoma Progress House,23,Private,1119 S Altheimer St,Tacoma,98405,Pierce,6/30/2012
WA,Tacoma Residential Reentry Center - Pioneer Human Services,29,Private,922 South J Street,Tacoma,98405,Pierce,6/30/2012
WA,Thurston Co. Sheriffs office Corr. Fac.,394,Local,,,,,12/31/2013
WA,Toppenish City Jail,27,Local,,,,,12/31/2013
WA,Tri CIties Work Release,30,State,524 E Bruneau,Kennewick,99336,Benton,6/30/2012
WA,Wahkiakum Co. Jail,10,Local,,,,,12/31/2013
WA,Walla Walla Co. Jail,73,Local,,,,,12/31/2013
WA,Wapato City Jail,61,Local,,,,,12/31/2013
WA,Washington Correctional Center,"1,600",State,W 2321 Dayton Airport Rd,Shelton,98584,Mason,6/30/2012
WA,Washington Correctional Center For Women,845,State,9601 Bujacich Road Nw,Gig Harbor,98332,Pierce,6/30/2012
WA,Washington State Penitentiary,"2,153",State,1313 N 13Th Avenue,Walla Walla,99362,Walla Walla,6/30/2012
WA,Whatcom Co. Jail,258,Local,,,,,12/31/2013
WA,Whatcom County Sheriff's office Jail Work Center,126,Local,,,,,12/31/2013
WA,Whitman Co. Jail,35,Local,,,,,12/31/2013
WA,Yakima City Jail,65,Local,,,,,12/31/2013
WA,Yakima Co. Doc - Main Jail,721,Local,,,,,12/31/2013
WI,Adams Co. Jail,60,Local,,,,,12/31/2013
WI,Alternative Program,100,Private,203 W Sunny Lane Road,Janesville,53546,Rock,6/30/2012
WI,Arc Fond Du Lac,14,Private,"27 E. 3Rd St., #208",Fond Du Lac,54935,Fond du Lac,6/30/2012
WI,Arc House,15,Private,202 N. Paterson Street,Madison,53703,Dane,6/30/2012
WI,Arc House/Dayton Facility,8,Private,2009 E Dayton Street,Madison,53704,Dane,6/30/2012
WI,Arc Maternal & Infant Program,12,Private,4202 Monona Dr,Madison,53716,Dane,6/30/2012
WI,Barron Co. Jail,130,Local,,,,,12/31/2013
WI,Bayfield Co. Jail,31,Local,,,,,12/31/2013
WI,Black River Correctional Center,109,State,W6898 E. Staffon Rd,Black River Falls,54615,Jackson,6/30/2012
WI,Brown Co. Jail,795,Local,,,,,12/31/2013
WI,Buffalo Co. Jail,14,Local,,,,,12/31/2013
WI,Burnett Co. Jail,49,Local,,,,,12/31/2013
WI,Calumet Co. Jail,40,Local,,,,,12/31/2013
WI,Chippewa Co. Jail,126,Local,,,,,12/31/2013
WI,Chippewa Valley Correctional Treatment Fac,457,State,2909 E Park Avenue,Chippewa Falls,54729,Chippewa,6/30/2012
WI,Clark Co. Jail,53,Local,,,,,12/31/2013
WI,Columbia Co. Jail,149,Local,,,,,12/31/2013
WI,Columbia Correctional Institution,830,State,2925 Columbia Drive,Portage,53901,Columbia,6/30/2012
WI,Crawford Co. Jail,22,Local,,,,,12/31/2013
WI,Dane County Jail System,748,Local,,,,,12/31/2013
WI,Dodge Co. Det. Fac.,387,Local,,,,,12/31/2013
WI,Dodge Correctional Institution,"1,572",State,1 W. Lincoln Street,Waupun,53963,,6/30/2012
WI,Door Co. Jail,66,Local,,,,,12/31/2013
WI,Drug Abuse Correctional Center,286,State,4280 North Sherman Road,Winnebago,54985,Winnebago,6/30/2012
WI,Dunn Co. Jail,76,Local,,,,,12/31/2013
WI,Eau Claire Co. Jail,225,Local,,,,,12/31/2013
WI,Felmers Chaney Correctional Center,99,State,2825 Norht 30Th Street,Milwaukee,53210,Milwaukee,6/30/2012
WI,Flambeau Correctional Center,90,State,N671 County Rd M,Hawkins,54530,,6/30/2012
WI,Florence County Jail,10,Local,,,,,12/31/2013
WI,Fond Du Lac Co. Jail,252,Local,,,,,12/31/2013
WI,Forest Co. Jail,60,Local,,,,,12/31/2013
WI,Fox Lake Correctional Institution,"1,340",State,W10237 Lake Emily Rd,Fox Lake,53933,Dodge,6/30/2012
WI,Gordon Correctional Center,95,State,10401 East County Road G,Gordon,54838,,6/30/2012
WI,Grant Co. Jail,53,Local,,,,,12/31/2013
WI,Green Bay Correctional Institution,"1,090",State,2833 Riverside Drive,Green Bay,54301,Brown,6/30/2012
WI,Green Co. Jail,52,Local,,,,,12/31/2013
WI,Green Lake County Correctional Facility,56,Local,,,,,12/31/2013
WI,Iowa Co. Jail,38,Local,,,,,12/31/2013
WI,Iron Co. Jail,8,Local,,,,,12/31/2013
WI,Jackson Co. Jail,44,Local,,,,,12/31/2013
WI,Jackson Correctional Institution,967,State,N6500 Haipek Rd.,Black River Falls,54615,Jackson,6/30/2012
WI,Jefferson Co. Jail,147,Local,,,,,12/31/2013
WI,John C Burke Correctional Center,244,State,900 South Madison St,Waupun,53963,,6/30/2012
WI,Juneau Co. Jail,62,Local,,,,,12/31/2013
WI,Kenosha Co. Jail - Pre-Trial Det. Fac.,248,Local,,,,,12/31/2013
WI,Kenosha Correctional Center,115,State,6353 14Th Avenue,Kenosha,53143,Kenosha,6/30/2012
WI,Kenosha County Detention Facility,577,Local,,,,,12/31/2013
WI,Kettle Moraine Correctional Institution,"1,167",State,W9071 Forest Drive,Glenbeulah,53023,Sheboygan,6/30/2012
WI,Kewaunee Co. Jail,16,Local,,,,,12/31/2013
WI,La Crosse Co. Jail,201,Local,,,,,12/31/2013
WI,Lafayette Co. Jail,18,Local,,,,,12/31/2013
WI,Langlade Co. Jail,64,Local,,,,,12/31/2013
WI,Lincoln Co. Jail,137,Local,,,,,12/31/2013
WI,Manitowoc Co. Jail,138,Local,,,,,12/31/2013
WI,Marathon Co. Jail - Adult Det.,300,Local,,,,,12/31/2013
WI,Marinette Co. Jail,134,Local,,,,,12/31/2013
WI,Marquette Co. Jail,37,Local,,,,,12/31/2013
WI,Marshall E. Sherrer Correctional Center,57,State,1318 North 14Th Street,Milwaukee,53205,Milwaukee,6/30/2012
WI,Mcnaughton Correctional Center,103,State,8500 Rainbow Road,Lake Tomahawk,54539,Oneida,6/30/2012
WI,Menominee Tribal Detention Facility,29,Indian Country,,,,,6/30/2016
WI,Milwaukee County Jail (Mcj),881,Local,,,,,12/31/2013
WI,Milwaukee House of Correction,"1,658",Local,,,,,12/31/2013
WI,Milwaukee Secure Detention Facility,919,State,1015 N 10Th Street,Milwaukee,53205,Milwaukee,6/30/2012
WI,Milwaukee Women's Correctional Center,104,State,615 West Keefe Avenue,Milwaukee,53212,Milwaukee,6/30/2012
WI,Monroe Co. Jail,57,Local,,,,,12/31/2013
WI,New Lisbon Correctional Institution,"1,018",State,2000 Progress Road,New Lisbon,53950,Juneau,6/30/2012
WI,Oakhill Correctional Institution,674,State,5212 County Highway M,Fitchburg,53575,Dane,6/30/2012
WI,Octonto Co. Jail,53,Local,,,,,12/31/2013
WI,Oneida Co. Jail,81,Local,,,,,12/31/2013
WI,Oregon Correctional Center,112,State,5140 Highway M,Oregon,53575,Dane,6/30/2012
WI,Oshkosh Correctional Institution,"2,043",State,1730 West Snell Road,Oshkosh,54903,Winnebago,6/30/2012
WI,Outagamie Co. Jail,358,Local,,,,,12/31/2013
WI,Oxford FCI,"1,050",Federal,County Road G & Elk Avenue,Oxford,53952,,6/30/2012
WI,Oxford FCI,910,Federal,County Road G & Elk Avenue,Oxford,53952,,4/2/2020
WI,Oxford-Camp,203,Federal,County Road G & Elk Avenue,Oxford,53952,,6/30/2012
WI,Oxford-Camp,103,Federal,County Road G & Elk Avenue,Oxford,53952,,4/2/2020
WI,Ozaukee Co. Jail,159,Local,,,,,12/31/2013
WI,Parsons House,42,Private,2930 N. 25Th St,Milwaukee,53206,Milwaukee,6/30/2012
WI,Pepin Co. Jail,18,Local,,,,,12/31/2013
WI,Polk Co. Jail,79,Local,,,,,12/31/2013
WI,Portage Co. Jail,73,Local,,,,,12/31/2013
WI,Prairie Du Chien Correctional Facility,512,State,500 E Parrish Street,Prairie Du Chien,53821,Crawford,6/30/2012
WI,Price Co. Jail,20,Local,,,,,12/31/2013
WI,Racine Correctional Institution,"1,559",State,2019 Wisconsin Street,Sturtevant,53177,Racine,6/30/2012
WI,Racine Youthful offender Correctional Facility,450,State,1501 Albert Street,Racine,53404,Racine,6/30/2012
WI,Redgranite Correctional Institution,"1,015",State,1006 County Road Ee,Redgranite,54970,Waushara,6/30/2012
WI,Richland Co. Jail,30,Local,,,,,12/31/2013
WI,Robert E Ellsworth Correctional Center,348,State,21425 A Spring Street,Union Grove,53182,,6/30/2012
WI,Rock Co. Jail,510,Local,,,,,12/31/2013
WI,Rusk Co. Jail,41,Local,,,,,12/31/2013
WI,Sanger Bowers Correctional Center,118,State,N8375 County Line Road,Oneida,54155,,6/30/2012
WI,Sauk Co. Jail,180,Local,,,,,12/31/2013
WI,Sawyer Co. Jail,73,Local,,,,,12/31/2013
WI,Schwert House,15,Private,3501 Kipling Drive,Madison,53703,Dane,6/30/2012
WI,Shawano Co. Jail,179,Local,,,,,12/31/2013
WI,Shawano County Work Release Center,58,Local,,,,,12/31/2013
WI,Sheboygan Co. Det. Ctr.,234,Local,,,,,12/31/2013
WI,St. Croix Co. Jail,74,Local,,,,,12/31/2013
WI,St. Croix Correctional Center,126,State,1859 North 4Th Street,New Richmond,54017,St Croix,6/30/2012
WI,Stanley Correctional Institution,"1,531",State,100 Corrections Drive,Stanley,54768,,6/30/2012
WI,Sturtevant Transitional Facility,254,State,9351 Rayne Road,Sturtevant,53177,Racine,6/30/2012
WI,Taycheedah Correctional Institution,708,State,751 County Road K,Fond Du Lac,54936,Fond du Lac,6/30/2012
WI,Taylor Co. Jail,40,Local,,,,,12/31/2013
WI,Thompson Correctional Center,125,State,434 State Farm Road,Deerfield,53531,Dane,6/30/2012
WI,Trempealeau Co. Jail,30,Local,,,,,12/31/2013
WI,Vernon Co. Det. Ctr.,73,Local,,,,,12/31/2013
WI,Vilas Co. Jail,73,Local,,,,,12/31/2013
WI,Walworth Co. Jail,297,Local,,,,,12/31/2013
WI,Washburn Co. Jail,19,Local,,,,,12/31/2013
WI,Washington Co. Jail,252,Local,,,,,12/31/2013
WI,Waukesha County Jail And Huber Facility,550,Local,,,,,12/31/2013
WI,Waupaca Co. Jail,135,Local,,,,,12/31/2013
WI,Waupun Correctional Institution,"1,244",State,200 S. Madison St,Waupun,53963,,6/30/2012
WI,Waushara Co. Jail,80,Local,,,,,12/31/2013
WI,Winnebago Co. Jail,299,Local,,,,,12/31/2013
WI,Winnebago Correctional Center,251,State,4300 Sherman Road,Winnebago,54985,Winnebago,6/30/2012
WI,Wisconsin Resource Center,361,State,1505 North Drive,Boscobel,53805,,6/30/2012
WI,Wisconsin Secure Program Facility,492,State,1101 Morrison Drive,Boscobel,53805,,6/30/2012
WI,Wood Co. Jail,182,Local,,,,,12/31/2013
WV,Alderson FPC,853,Federal,Glen Ray Rd. Box A,Alderson,24910,,4/2/2020
WV,Alderson FPC,"1,191",Federal,Glen Ray Rd. Box A,Alderson,24910,,6/30/2012
WV,Anthony Correctional Center,220,State,313 Anthony Center Drive,White Sulphur Springs,24986,Greenbrier,6/30/2012
WV,Bannum Place of Clarksburg,30,Private,260 Monticello Road,Clarksburg,26301,Harrison,6/30/2012
WV,Beckley Correctional Center,66,State,111 S. Eisenhower Drive,Beckley,25801,Raleigh,6/30/2012
WV,Beckley FCI,"1,672",Federal,1600 Industrial Road,Beaver,25813,Raleigh,6/30/2012
WV,Beckley FCI,"1,560",Federal,1600 Industrial Road,Beaver,25813,Raleigh,4/2/2020
WV,Beckley-Camp,434,Federal,1600 Industrial Road,Beaver,25813,Raleigh,6/30/2012
WV,Beckley-Camp,99,Federal,1600 Industrial Road,Beaver,25813,Raleigh,4/2/2020
WV,Bluefield City Jail,5,Local,,,,,12/31/2013
WV,Central Regional Jail,311,Local,,,,,12/31/2013
WV,Charleston Work Release Center,65,State,607 Brooks Street,Charleston,25301,Kanawha,6/30/2012
WV,Denmar Correctional Center,216,State,Hc64 Box 125,Hillsboro,24946,Pocahontas,6/30/2012
WV,Eastern Regional Jail,481,Local,,,,,12/31/2013
WV,Gilmer FCI,"1,721",Federal,201 Fci Lane,Glenville,26351,Gilmer,6/30/2012
WV,Gilmer FCI,"1,414",Federal,201 Fci Lane,Glenville,26351,Gilmer,4/2/2020
WV,Gilmer-Camp,159,Federal,201 Fci Lane,Glenville,26351,Gilmer,6/30/2012
WV,Gilmer-Camp,65,Federal,201 Fci Lane,Glenville,26351,Gilmer,4/2/2020
WV,Greenbrier Birthing Center - Mint,12,Private,Denmar Road,Hillsboro,24946,Pocahontas,6/30/2012
WV,Hazelton FCI,"1,324",Federal,1640 Sky View Drive,"Bruceton Mills, Wv",26525,Preston,4/2/2020
WV,Hazelton FCI-Female,522,Federal,1640 Sky View Drive,"Bruceton Mills, Wv",26525,Preston,4/2/2020
WV,Hazelton USP,"1,479",Federal,1640 Sky View Drive,Bruceton Mills,26525,Preston,6/30/2012
WV,Hazelton USP,"1,303",Federal,1640 Sky View Drive,"Bruceton Mills, Wv",26525,Preston,4/2/2020
WV,Hazelton-Camp,152,Federal,1640 Sky View Drive,Bruceton Mills,26525,Preston,6/30/2012
WV,Hazelton-Camp,74,Federal,1640 Sky View Drive,"Bruceton Mills, Wv",26525,Preston,4/2/2020
WV,Hazelton-Female,692,Federal,1640 Sky View Drive,Bruceton Mills,26525,Preston,6/30/2012
WV,Huntington Work Release Center,66,State,1236 5Th Ave,Huntington,25701,,6/30/2012
WV,Huttonsville Correctional Center,"1,135",State,Route 250 South,Huttonsville,26273,,6/30/2012
WV,Huttonsville Work Camp,48,State,Route 250 South,Huttonsville,26273,,6/30/2012
WV,Lakin Correctional Center,439,State,11264 Ohio River Road,West Columbia,25287,Mason,6/30/2012
WV,Martinsburg Correctional Center,115,State,38 Grapevine Road,Martinsburg,25405,Berkeley,6/30/2012
WV,Mcdowell County Correctional Center,447,Local,795 Virginia Avenue,Welch,24801,McDowell,6/30/2012
WV,Mcdowell FCI,"1,678",Federal,101 Federal Drive,Welch,24801,McDowell,6/30/2012
WV,Mcdowell FCI,"1,107",Federal,101 Federal Drive,Welch,24801,McDowell,4/2/2020
WV,Mcdowell-Camp,128,Federal,101 Federal Drive,Welch,24801,McDowell,6/30/2012
WV,Mcdowell-Camp,47,Federal,101 Federal Drive,Welch,24801,McDowell,4/2/2020
WV,Morgantown FCI,"1,141",Federal,"446 Greenbag Road, Route 857",Morgantown,26501,Monongalia,6/30/2012
WV,Morgantown FCI,676,Federal,"446 Greenbag Road, Route 857",Morgantown,26501,Monongalia,4/2/2020
WV,Mount Olive Correctional Complex,"1,030",State,1 Mountain Side Way,Mt. Olive,25185,Fayette,6/30/2012
WV,North Central Regional Jail,544,Local,,,,,12/31/2013
WV,Northern Correctional Facility,251,State,112 Northern Regional Correctional Drive,Moundsville,26041,Marshall,6/30/2012
WV,Northern Regional Jail,270,Local,,,,,12/31/2013
WV,Ohio County Correctional Complex,66,State,1501 Eoff Street,Wheeling,26003,,6/30/2012
WV,Potomac Highlands Regional Jail,273,Local,,,,,12/31/2013
WV,Pruntytown Correctional Center,369,State,Route 4 Box 49A,Grafton,26354,Taylor,6/30/2012
WV,Slayton Work Camp,43,State,1 Mountain Side Way,Mt. Olive,25185,Fayette,6/30/2012
WV,South Central Regional Jail,428,Local,,,,,12/31/2013
WV,Southern Regional Jail,570,Local,,,,,12/31/2013
WV,Southwestern Regional Jail,467,Local,,,,,12/31/2013
WV,St. Mary's Correctional Center,552,State,2880 N Pleasants Highway,St. Marys,26170,Pleasants,6/30/2012
WV,Tygart Valley Regional Jail,503,Local,,,,,12/31/2013
WV,Western Regional Jail,614,Local,,,,,12/31/2013
WY,Albany Co. Det. Ctr.,44,Local,,,,,12/31/2013
WY,Big Horn County Jail,61,Local,,,,,12/31/2013
WY,Campbell Co. Det. Ctr.,137,Local,,,,,12/31/2013
WY,Carbon Co. Jail,52,Local,,,,,12/31/2013
WY,Casper Re-Entry Center,270,Private,10007 Landmark Lane,Casper,82604,Natrona,6/30/2012
WY,Cheyenne Transition Center,48,Private,322 West 17Th Street,Cheyenne,82717,,6/30/2012
WY,Community Education Centers,138,Private,10007 Land Mark Lane,Casper,82604,Natrona,6/30/2012
WY,Converse Co. Jail,37,Local,,,,,12/31/2013
WY,Crook Co. Jail,11,Local,,,,,12/31/2013
WY,Fremont Co. Corr. Fac.,165,Local,,,,,12/31/2013
WY,Goshen Co. Det. Ctr.,32,Local,,,,,12/31/2013
WY,Hot Springs Co. Det. Ctr.,15,Local,,,,,12/31/2013
WY,Johnson Co. Jail,33,Local,,,,,12/31/2013
WY,Laramie Co. Det. Fac.,242,Local,,,,,12/31/2013
WY,Lincoln Co. Jail,19,Local,,,,,12/31/2013
WY,Natrona County Detention Center,280,Local,,,,,12/31/2013
WY,Niobrara County Criminal Justice Facility,5,Local,,,,,12/31/2013
WY,Park Co. Det. Ctr.,59,Local,,,,,12/31/2013
WY,Platte Co. Det. Ctr.,42,Local,,,,,12/31/2013
WY,Sheridan County Detention Center,90,Local,,,,,12/31/2013
WY,Sublette Co. Det. Ctr.,16,Local,,,,,12/31/2013
WY,Sweetwater Co. Det. Ctr.,133,Local,,,,,12/31/2013
WY,Teton Co. Det. Ctr.,23,Local,,,,,12/31/2013
WY,Uinta Co. Det. Ctr.,53,Local,,,,,12/31/2013
WY,Volunteers of America Northern Rockies,44,Private,1299 Raymond Ave,Gillette,82717,,6/30/2012
WY,Washakie Co. Det. Ctr.,28,Local,,,,,12/31/2013
WY,Weston Co. Jail,5,Local,,,,,12/31/2013
WY,Wind River Adult Detention Center,33,Indian Country,,,,,6/30/2016
WY,Wyoming Conservation Boot Camp,56,State,40 Pippen Road,Newcastle,82701,Weston,6/30/2012
WY,Wyoming Honor Conservation Camp,146,State,40 Pippen Road,Newcastle,82701,Weston,6/30/2012
WY,Wyoming Honor Farm,155,State,40 Honor Farm Road,Riverton,82501,Fremont,6/30/2012
WY,Wyoming Medium Correctional Institution,644,State,7076 Road 55F,Torrington,82240,Goshen,6/30/2012
WY,Wyoming State Penitentiary,686,State,2900 S. Higley Road,Rawlins,82301,Carbon,6/30/2012
WY,Wyoming Women's Center,221,State,1000 West Griffith,Lusk,82225,Niobrara,6/30/2012
